t_s,H_m,H_boundary_m
0.00000000,23.036370911,23.033428949
0.00004395,23.036665107,23.033486510
0.00008789,23.036882396,23.033544363
0.00013184,23.037045147,23.033602524
0.00017578,23.037169418,23.033661009
0.00021973,23.037266728,23.033719826
0.00026367,23.037345329,23.033778985
0.00030762,23.037411124,23.033838492
0.00035156,23.037468326,23.033898354
0.00039551,23.037519933,23.033958576
0.00043945,23.037568070,23.034019161
0.00048340,23.037614233,23.034080115
0.00052734,23.037659470,23.034141441
0.00057129,23.037704506,23.034203143
0.00061523,23.037749833,23.034265224
0.00065918,23.037795781,23.034327688
0.00070312,23.037842563,23.034390539
0.00074707,23.037890307,23.034453779
0.00079102,23.037939085,23.034517411
0.00083496,23.037988929,23.034581441
0.00087891,23.038039843,23.034645869
0.00092285,23.038091812,23.034710701
0.00096680,23.038144811,23.034775940
0.00101074,23.038198806,23.034841588
0.00105469,23.038253760,23.034907650
0.00109863,23.038309634,23.034974128
0.00114258,23.038366392,23.035041027
0.00118652,23.038423995,23.035108349
0.00123047,23.038482407,23.035176099
0.00127441,23.038541596,23.035244280
0.00131836,23.038601532,23.035312896
0.00136230,23.038662186,23.035381950
0.00140625,23.038723532,23.035451446
0.00145020,23.038785548,23.035521388
0.00149414,23.038848213,23.035591780
0.00153809,23.038911510,23.035662626
0.00158203,23.038975421,23.035733929
0.00162598,23.039039934,23.035805693
0.00166992,23.039105035,23.035877923
0.00171387,23.039170715,23.035950622
0.00175781,23.039236963,23.036023795
0.00180176,23.039303772,23.036097445
0.00184570,23.039371136,23.036171578
0.00188965,23.039439049,23.036246196
0.00193359,23.039507507,23.036321304
0.00197754,23.039576506,23.036396907
0.00202148,23.039646043,23.036473009
0.00206543,23.039716116,23.036549614
0.00210938,23.039786723,23.036626727
0.00215332,23.039857864,23.036704352
0.00219727,23.039929537,23.036782494
0.00224121,23.040001744,23.036861158
0.00228516,23.040074483,23.036940347
0.00232910,23.040147756,23.037020067
0.00237305,23.040221563,23.037100323
0.00241699,23.040295907,23.037181119
0.00246094,23.040370787,23.037262460
0.00250488,23.040446206,23.037344351
0.00254883,23.040522166,23.037426797
0.00259277,23.040598669,23.037509803
0.00263672,23.040675718,23.037593374
0.00268066,23.040753313,23.037677516
0.00272461,23.040831460,23.037762233
0.00276855,23.040910159,23.037847531
0.00281250,23.040989415,23.037933415
0.00285645,23.041069229,23.038019890
0.00290039,23.041149607,23.038106963
0.00294434,23.041230550,23.038194637
0.00298828,23.041312062,23.038282920
0.00303223,23.041394148,23.038371816
0.00307617,23.041476810,23.038461332
0.00312012,23.041560053,23.038551472
0.00316406,23.041643881,23.038642243
0.00320801,23.041728298,23.038733652
0.00325195,23.041813308,23.038825703
0.00329590,23.041898916,23.038918402
0.00333984,23.041985126,23.039011757
0.00338379,23.042071943,23.039105773
0.00342773,23.042159372,23.039200456
0.00347168,23.042247417,23.039295812
0.00351562,23.042336083,23.039391849
0.00355957,23.042425377,23.039488573
0.00360352,23.042515302,23.039585989
0.00364746,23.042605864,23.039684105
0.00369141,23.042697068,23.039782928
0.00373535,23.042788921,23.039882464
0.00377930,23.042881427,23.039982720
0.00382324,23.042974593,23.040083703
0.00386719,23.043068424,23.040185420
0.00391113,23.043162926,23.040287878
0.00395508,23.043258106,23.040391085
0.00399902,23.043353968,23.040495048
0.00404297,23.043450521,23.040599774
0.00408691,23.043547769,23.040705271
0.00413086,23.043645719,23.040811546
0.00417480,23.043744378,23.040918607
0.00421875,23.043843753,23.041026461
0.00426270,23.043943849,23.041135117
0.00430664,23.044044675,23.041244583
0.00435059,23.044146236,23.041354866
0.00439453,23.044248541,23.041465975
0.00443848,23.044351595,23.041577918
0.00448242,23.044455406,23.041690703
0.00452637,23.044559982,23.041804339
0.00457031,23.044665329,23.041918834
0.00461426,23.044771456,23.042034198
0.00465820,23.044878370,23.042150438
0.00470215,23.044986078,23.042267564
0.00474609,23.045094589,23.042385585
0.00479004,23.045203910,23.042504510
0.00483398,23.045314050,23.042624348
0.00487793,23.045425015,23.042745109
0.00492188,23.045536816,23.042866802
0.00496582,23.045649459,23.042989436
0.00500977,23.045762954,23.043113022
0.00505371,23.045877309,23.043237569
0.00509766,23.045992532,23.043363087
0.00514160,23.046108633,23.043489587
0.00518555,23.046225620,23.043617078
0.00522949,23.046343502,23.043745571
0.00527344,23.046462289,23.043875077
0.00531738,23.046581989,23.044005606
0.00536133,23.046702612,23.044137169
0.00540527,23.046824168,23.044269777
0.00544922,23.046946666,23.044403441
0.00549316,23.047070115,23.044538173
0.00553711,23.047194526,23.044673983
0.00558105,23.047319909,23.044810883
0.00562500,23.047446274,23.044948885
0.00566895,23.047573631,23.045088001
0.00571289,23.047701990,23.045228243
0.00575684,23.047831362,23.045369622
0.00580078,23.047961758,23.045512152
0.00584473,23.048093188,23.045655845
0.00588867,23.048225664,23.045800713
0.00593262,23.048359196,23.045946769
0.00597656,23.048493796,23.046094027
0.00602051,23.048629475,23.046242500
0.00606445,23.048766245,23.046392200
0.00610840,23.048904118,23.046543142
0.00615234,23.049043104,23.046695339
0.00619629,23.049183217,23.046848805
0.00624023,23.049324469,23.047003555
0.00628418,23.049466872,23.047159602
0.00632812,23.049610438,23.047316962
0.00637207,23.049755180,23.047475649
0.00641602,23.049901112,23.047635678
0.00645996,23.050048245,23.047797063
0.00650391,23.050196594,23.047959822
0.00654785,23.050346172,23.048123968
0.00659180,23.050496992,23.048289518
0.00663574,23.050649068,23.048456489
0.00667969,23.050802414,23.048624895
0.00672363,23.050957045,23.048794755
0.00676758,23.051112975,23.048966084
0.00681152,23.051270218,23.049138899
0.00685547,23.051428789,23.049313218
0.00689941,23.051588703,23.049489059
0.00694336,23.051749975,23.049666438
0.00698730,23.051912622,23.049845375
0.00703125,23.052076657,23.050025886
0.00707520,23.052242098,23.050207992
0.00711914,23.052408961,23.050391710
0.00716309,23.052577261,23.050577060
0.00720703,23.052747015,23.050764061
0.00725098,23.052918241,23.050952732
0.00729492,23.053090955,23.051143094
0.00733887,23.053265174,23.051335168
0.00738281,23.053440916,23.051528972
0.00742676,23.053618200,23.051724529
0.00747070,23.053797042,23.051921860
0.00751465,23.053977461,23.052120985
0.00755859,23.054159476,23.052321928
0.00760254,23.054343106,23.052524709
0.00764648,23.054528370,23.052729352
0.00769043,23.054715287,23.052935879
0.00773437,23.054903877,23.053144314
0.00777832,23.055094161,23.053354680
0.00782227,23.055286157,23.053567001
0.00786621,23.055479888,23.053781301
0.00791016,23.055675374,23.053997605
0.00795410,23.055872637,23.054215939
0.00799805,23.056071697,23.054436326
0.00804199,23.056272577,23.054658794
0.00808594,23.056475299,23.054883369
0.00812988,23.056679886,23.055110076
0.00817383,23.056886361,23.055338944
0.00821777,23.057094746,23.055570000
0.00826172,23.057305066,23.055803272
0.00830566,23.057517345,23.056038787
0.00834961,23.057731607,23.056276576
0.00839355,23.057947877,23.056516667
0.00843750,23.058166179,23.056759091
0.00848145,23.058386540,23.057003876
0.00852539,23.058608986,23.057251055
0.00856934,23.058833543,23.057500659
0.00861328,23.059060238,23.057752719
0.00865723,23.059289097,23.058007267
0.00870117,23.059520150,23.058264337
0.00874512,23.059753423,23.058523962
0.00878906,23.059988945,23.058786176
0.00883301,23.060226746,23.059051013
0.00887695,23.060466854,23.059318508
0.00892090,23.060709301,23.059588697
0.00896484,23.060954115,23.059861617
0.00900879,23.061201329,23.060137304
0.00905273,23.061450974,23.060415796
0.00909668,23.061703081,23.060697131
0.00914062,23.061957684,23.060981347
0.00918457,23.062214815,23.061268485
0.00922852,23.062474507,23.061558584
0.00927246,23.062736796,23.061851685
0.00931641,23.063001716,23.062147830
0.00936035,23.063269301,23.062447061
0.00940430,23.063539589,23.062749421
0.00944824,23.063812615,23.063054953
0.00949219,23.064088417,23.063363703
0.00953613,23.064367032,23.063675715
0.00958008,23.064648499,23.063991036
0.00962402,23.064932857,23.064309713
0.00966797,23.065220145,23.064631792
0.00971191,23.065510405,23.064957324
0.00975586,23.065803677,23.065286357
0.00979980,23.066100002,23.065618942
0.00984375,23.066399425,23.065955129
0.00988770,23.066701987,23.066294972
0.00993164,23.067007734,23.066638523
0.00997559,23.067316709,23.066985836
0.01001953,23.067628959,23.067336967
0.01006348,23.067944530,23.067691972
0.01010742,23.068263469,23.068050907
0.01015137,23.068585824,23.068413831
0.01019531,23.068911645,23.068780804
0.01023926,23.069240981,23.069151885
0.01028320,23.069573883,23.069527136
0.01032715,23.069910402,23.069906620
0.01037109,23.070250593,23.070290401
0.01041504,23.070594507,23.070678544
0.01045898,23.070942199,23.071071114
0.01050293,23.071293726,23.071468180
0.01054687,23.071649143,23.071869810
0.01059082,23.072008509,23.072276075
0.01063477,23.072371882,23.072687046
0.01067871,23.072739322,23.073102797
0.01072266,23.073110890,23.073523400
0.01076660,23.073486647,23.073948932
0.01081055,23.073866658,23.074379471
0.01085449,23.074250987,23.074815095
0.01089844,23.074639699,23.075255885
0.01094238,23.075032862,23.075701922
0.01098633,23.075430543,23.076153289
0.01103027,23.075832812,23.076610073
0.01107422,23.076239740,23.077072360
0.01111816,23.076651400,23.077540239
0.01116211,23.077067864,23.078013800
0.01120605,23.077489209,23.078493135
0.01125000,23.077915510,23.078978339
0.01129395,23.078346846,23.079469508
0.01133789,23.078783296,23.079966739
0.01138184,23.079224942,23.080470134
0.01142578,23.079671866,23.080979793
0.01146973,23.080124154,23.081495822
0.01151367,23.080581890,23.082018327
0.01155762,23.081045163,23.082547417
0.01160156,23.081514064,23.083083202
0.01164551,23.081988682,23.083625796
0.01168945,23.082469113,23.084175315
0.01173340,23.082955450,23.084731876
0.01177734,23.083447792,23.085295601
0.01182129,23.083946237,23.085866613
0.01186523,23.084450888,23.086445038
0.01190918,23.084961847,23.087031005
0.01195313,23.085479220,23.087624645
0.01199707,23.086003115,23.088226093
0.01204102,23.086533642,23.088835486
0.01208496,23.087070914,23.089452964
0.01212891,23.087615046,23.090078671
0.01217285,23.088166154,23.090712753
0.01221680,23.088724359,23.091355362
0.01226074,23.089289783,23.092006649
0.01230469,23.089862552,23.092666772
0.01234863,23.090442792,23.093335891
0.01239258,23.091030636,23.094014171
0.01243652,23.091626215,23.094701778
0.01248047,23.092229667,23.095398885
0.01252441,23.092841131,23.096105667
0.01256836,23.093460750,23.096822304
0.01261230,23.094088669,23.097548979
0.01265625,23.094725038,23.098285881
0.01270020,23.095370008,23.099033203
0.01274414,23.096023735,23.099791141
0.01278809,23.096686380,23.100559897
0.01283203,23.097358104,23.101339678
0.01287598,23.098039075,23.102130696
0.01291992,23.098729464,23.102933166
0.01296387,23.099429444,23.103747311
0.01300781,23.100139195,23.104573359
0.01305176,23.100858898,23.105411542
0.01309570,23.101588742,23.106262098
0.01313965,23.102328918,23.107125271
0.01318359,23.103079622,23.108001314
0.01322754,23.103841055,23.108890481
0.01327148,23.104613421,23.109793037
0.01331543,23.105396932,23.110709251
0.01335937,23.106191804,23.111639399
0.01340332,23.106998256,23.112583765
0.01344727,23.107816516,23.113542640
0.01349121,23.108646815,23.114516323
0.01353516,23.109489390,23.115505119
0.01357910,23.110344485,23.116509342
0.01362305,23.111212350,23.117529314
0.01366699,23.112093239,23.118565366
0.01371094,23.112987416,23.119617837
0.01375488,23.113895149,23.120687075
0.01379883,23.114816712,23.121773439
0.01384277,23.115752391,23.122877294
0.01388672,23.116702473,23.123999017
0.01393066,23.117667256,23.125138997
0.01397461,23.118647046,23.126297630
0.01401855,23.119642155,23.127475325
0.01406250,23.120652905,23.128672501
0.01410645,23.121679625,23.129889591
0.01415039,23.122722654,23.131127037
0.01419434,23.123782340,23.132385295
0.01423828,23.124859038,23.133664833
0.01428223,23.125953116,23.134966134
0.01432617,23.127064950,23.136289692
0.01437012,23.128194926,23.137636018
0.01441406,23.129343442,23.139005635
0.01445801,23.130510905,23.140399082
0.01450195,23.131697736,23.141816915
0.01454590,23.132904364,23.143259705
0.01458984,23.134131233,23.144728040
0.01463379,23.135378799,23.146222525
0.01467773,23.136647530,23.147743784
0.01472168,23.137937908,23.149292458
0.01476562,23.139250428,23.150869210
0.01480957,23.140585600,23.152474720
0.01485352,23.141943950,23.154109691
0.01489746,23.143326016,23.155774846
0.01494141,23.144732355,23.157470931
0.01498535,23.146163539,23.159198716
0.01502930,23.147620156,23.160958993
0.01507324,23.149102814,23.162752581
0.01511719,23.150612137,23.164580323
0.01516113,23.152148769,23.166443089
0.01520508,23.153713372,23.168341780
0.01524902,23.155306632,23.170277321
0.01529297,23.156929252,23.172250671
0.01533691,23.158581958,23.174262818
0.01538086,23.160265500,23.176314784
0.01542480,23.161980649,23.178407623
0.01546875,23.163728203,23.180542425
0.01551270,23.165508984,23.182720318
0.01555664,23.167323839,23.184942464
0.01560059,23.169173645,23.187210069
0.01564453,23.171059304,23.189524377
0.01568848,23.172981751,23.191886676
0.01573242,23.174941949,23.194298299
0.01577637,23.176940893,23.196760624
0.01582031,23.178979613,23.199275079
0.01586426,23.181059170,23.201843141
0.01590820,23.183180665,23.204466341
0.01595215,23.185345232,23.207146263
0.01599609,23.187554046,23.209884550
0.01604004,23.189808323,23.212682904
0.01608398,23.192109319,23.215543090
0.01612793,23.194458336,23.218466935
0.01617187,23.196856718,23.221456339
0.01621582,23.199305861,23.224513268
0.01625977,23.201807208,23.227639765
0.01630371,23.204362253,23.230837951
0.01634766,23.206972547,23.234110025
0.01639160,23.209639693,23.237458275
0.01643555,23.212365356,23.240885074
0.01647949,23.215151261,23.244392890
0.01652344,23.217999198,23.247984288
0.01656738,23.220911023,23.251661935
0.01661133,23.223888663,23.255428603
0.01665527,23.226934116,23.259287180
0.01669922,23.230049459,23.263240667
0.01674316,23.233236848,23.267292190
0.01678711,23.236498522,23.271445006
0.01683105,23.239836808,23.275702504
0.01687500,23.243254128,23.280068219
0.01691895,23.246752995,23.284545833
0.01696289,23.250336026,23.289139188
0.01700684,23.254005944,23.293852289
0.01705078,23.257765581,23.298689316
0.01709473,23.261617888,23.303654633
0.01713867,23.265565936,23.308752796
0.01718262,23.269612925,23.313988564
0.01722656,23.273762190,23.319366909
0.01727051,23.278017207,23.324893032
0.01731445,23.282381602,23.330572368
0.01735840,23.286859157,23.336410606
0.01740234,23.291453818,23.342413698
0.01744629,23.296169706,23.348587878
0.01749023,23.301011124,23.354939673
0.01753418,23.305982568,23.361475924
0.01757812,23.311088735,23.368203805
0.01762207,23.316334540,23.375130836
0.01766602,23.321725119,23.382264909
0.01770996,23.327265849,23.389614311
0.01775391,23.332962360,23.397187742
0.01779785,23.338820545,23.404994343
0.01784180,23.344846580,23.413043727
0.01788574,23.351046938,23.421345998
0.01792969,23.357428407,23.429911795
0.01797363,23.363998107,23.438752312
0.01801758,23.370763514,23.447879343
0.01806152,23.377732474,23.457305317
0.01810547,23.384913233,23.467043340
0.01814941,23.392314458,23.477107237
0.01819336,23.399945261,23.487511602
0.01823730,23.407815231,23.498271850
0.01828125,23.415934463,23.509404269
0.01832520,23.424313585,23.520926086
0.01836914,23.432963802,23.532855523
0.01841309,23.441896923,23.545211876
0.01845703,23.451125411,23.558015583
0.01850098,23.460662417,23.571288310
0.01854492,23.470521834,23.585053041
0.01858887,23.480718340,23.599334167
0.01863281,23.491267459,23.614157599
0.01867676,23.502185617,23.629550876
0.01872070,23.513490203,23.645543289
0.01876465,23.525199640,23.662166016
0.01880859,23.537333459,23.679452270
0.01885254,23.549912379,23.697437453
0.01889648,23.562958396,23.716159336
0.01894043,23.576494874,23.735658243
0.01898437,23.590546653,23.755977266
0.01902832,23.605140160,23.777162486
0.01907227,23.620303529,23.799263226
0.01911621,23.636066737,23.822332324
0.01916016,23.652461749,23.846426434
0.01920410,23.669522678,23.871606357
0.01924805,23.687285958,23.897937403
0.01929199,23.705790538,23.925489796
0.01933594,23.725078086,23.954339115
0.01937988,23.745193224,23.984566782
0.01942383,23.766183777,24.016260608
0.01946777,23.788101054,24.049515389
0.01951172,23.811000150,24.084433574
0.01955566,23.834940287,24.121126005
0.01959961,23.859985185,24.159712738
0.01964355,23.886203475,24.200323958
0.01968750,23.913669153,24.243101005
0.01973145,23.942462090,24.288197512
0.01977539,23.972668588,24.335780681
0.01981934,24.004382010,24.386032719
0.01986328,24.037703470,24.439152435
0.01990723,24.072742610,24.495357048
0.01995117,24.109618464,24.554884217
0.01999512,24.148460427,24.617994327
0.02003906,24.189409336,24.684973069
0.02008301,24.232618683,24.756134365
0.02012695,24.278255985,24.831823673
0.02017090,24.326504311,24.912421741
0.02021484,24.377564020,24.998348870
0.02025879,24.431654708,25.090069769
0.02030273,24.489017418,25.188099085
0.02034668,24.549917138,25.293007728
0.02039062,24.614645639,25.405430094
0.02043457,24.683524696,25.526072348
0.02047852,24.756909756,25.655721925
0.02052246,24.835194116,25.795258446
0.02056641,24.918813700,25.945666288
0.02061035,25.008252518,26.108049060
0.02065430,25.104048917,26.283646314
0.02069824,25.206802757,26.473852844
0.02074219,25.317183659,26.680241008
0.02078613,25.435940477,26.904586554
0.02083008,25.563912233,27.148898534
0.02087402,25.702040703,27.415453944
0.02091797,25.851384963,27.706837850
0.02096191,26.013138175,28.025989855
0.02100586,26.188646999,28.376257828
0.02104980,26.379434021,28.761459987
0.02109375,26.587223674,29.185956426
0.02113770,26.813972174,29.654731319
0.02118164,27.061902049,30.173486973
0.02122559,27.333541909,30.748750901
0.02126953,27.631772116,31.387996862
0.02131348,27.959877069,32.099780505
0.02135742,28.321604781,32.893889704
0.02140137,28.721234389,33.781508805
0.02144531,29.163652077,34.775394860
0.02148926,29.654435698,35.890062276
0.02153320,30.199948010,37.141970323
0.02157715,30.807437949,38.549705472
0.02162109,31.485148692,40.134147842
0.02166504,32.242430404,41.918608295
0.02170898,33.089854575,43.928920390
0.02175293,34.039325706,46.193469997
0.02179688,35.104184991,48.743145654
0.02184082,36.299299657,51.611195201
0.02188477,37.641130964,54.832979447
0.02192871,39.147773751,58.445621439
0.02197266,40.838961045,62.487559796
0.02201660,42.736028669,65.186691590
0.02206055,44.689760365,65.052753836
0.02210449,46.429821000,64.931816306
0.02214844,47.991099356,64.835320039
0.02219238,49.401454863,64.768794448
0.02223633,50.683151184,64.733711427
0.02228027,51.854011959,64.728865235
0.02232422,52.928350058,64.751387560
0.02236816,53.917712391,64.797483058
0.02241211,54.831474710,64.862951833
0.02245605,55.677314630,64.943550575
0.02250000,56.461586041,65.035232562
0.02254395,57.189613874,65.134297697
0.02258789,57.865924798,65.237476637
0.02263184,58.494426560,65.341967533
0.02267578,59.078546373,65.445439538
0.02271973,59.621336810,65.546013827
0.02276367,60.125556096,65.642230190
0.02280762,60.593728360,65.733005211
0.02285156,61.028188340,65.817586403
0.02289551,61.431114149,65.895505427
0.02293945,61.804550962,65.966532586
0.02298340,62.150427918,66.030634020
0.02302734,62.470570015,66.087932508
0.02307129,62.766706400,66.138672355
0.02311523,63.040476131,66.183188545
0.02315918,63.293432222,66.221880150
0.02320312,63.527044599,66.255187791
0.02324707,63.742702401,66.283574901
0.02329102,63.941715970,66.307512451
0.02333496,64.125318725,66.327466770
0.02337891,64.294669102,66.343890110
0.02342285,64.450852617,66.357213568
0.02346680,64.594884115,66.367842044
0.02351074,64.727710219,66.376150890
0.02355469,64.850211965,66.382483980
0.02359863,64.963207606,66.387152914
0.02364258,65.067455557,66.390437139
0.02368652,65.163657435,66.392584774
0.02373047,65.252461170,66.393813968
0.02377441,65.334464140,66.394314637
0.02381836,65.410216305,66.394250463
0.02386230,65.480223301,66.393761038
0.02390625,65.544949468,66.392964087
0.02395020,65.604820796,66.391957690
0.02399414,65.660227763,66.390822453
0.02403809,65.711528048,66.389623599
0.02408203,65.759049115,66.388412933
0.02412598,65.803090659,66.387230680
0.02416992,65.843926903,66.386107173
0.02421387,65.881808746,66.385064392
0.02425781,65.916965774,66.384117341
0.02430176,65.949608111,66.383275281
0.02434570,65.979928147,66.382542820
0.02438965,66.008102114,66.381920859
0.02443359,66.034291539,66.381407412
0.02447754,66.058644580,66.380998312
0.02452148,66.081297228,66.380687800
0.02456543,66.102374425,66.380469030
0.02460937,66.121991055,66.380334471
0.02465332,66.140252862,66.380276247
0.02469727,66.157257269,66.380286401
0.02474121,66.173094123,66.380357105
0.02478516,66.187846369,66.380480815
0.02482910,66.201590653,66.380650390
0.02487305,66.214397870,66.380859172
0.02491699,66.226333655,66.381101037
0.02496094,66.237458830,66.381370420
0.02500488,66.247829801,66.381662326
0.02504883,66.257498920,66.381972320
0.02509277,66.266514810,66.382296509
0.02513672,66.274922663,66.382631515
0.02518066,66.282764501,66.382974441
0.02522461,66.290079423,66.383322832
0.02526855,66.296903822,66.383674640
0.02531250,66.303271583,66.384028178
0.02535645,66.309214268,66.384382085
0.02540039,66.314761282,66.384735283
0.02544434,66.319940025,66.385086945
0.02548828,66.324776028,66.385436454
0.02553223,66.329293089,66.385783378
0.02557617,66.333513386,66.386127436
0.02562012,66.337457589,66.386468473
0.02566406,66.341144959,66.386806436
0.02570801,66.344593446,66.387141354
0.02575195,66.347819775,66.387473320
0.02579590,66.350839523,66.387802473
0.02583984,66.353667203,66.388128986
0.02588379,66.356316329,66.388453058
0.02592773,66.358799483,66.388774897
0.02597168,66.361128377,66.389094718
0.02601563,66.363313914,66.389412738
0.02605957,66.365366237,66.389729166
0.02610352,66.367294782,66.390044203
0.02614746,66.369108326,66.390358037
0.02619141,66.370815034,66.390670843
0.02623535,66.372422492,66.390982784
0.02627930,66.373937756,66.391294003
0.02632324,66.375367383,66.391604632
0.02636719,66.376717466,66.391914784
0.02641113,66.377993666,66.392224561
0.02645508,66.379201242,66.392534048
0.02649902,66.380345081,66.392843321
0.02654297,66.381429719,66.393152440
0.02658691,66.382459370,66.393461458
0.02663086,66.383437950,66.393770415
0.02667480,66.384369090,66.394079345
0.02671875,66.385256166,66.394388274
0.02676270,66.386102312,66.394697220
0.02680664,66.386910435,66.395006197
0.02685059,66.387683237,66.395315213
0.02689453,66.388423225,66.395624274
0.02693848,66.389132729,66.395933381
0.02698242,66.389813910,66.396242534
0.02702637,66.390468776,66.396551728
0.02707031,66.391099191,66.396860961
0.02711426,66.391706885,66.397170225
0.02715820,66.392293467,66.397479516
0.02720215,66.392860429,66.397788826
0.02724609,66.393409157,66.398098149
0.02729004,66.393940940,66.398407477
0.02733398,66.394456974,66.398716805
0.02737793,66.394958369,66.399026125
0.02742187,66.395446158,66.399335431
0.02746582,66.395921300,66.399644719
0.02750977,66.396384686,66.399953984
0.02755371,66.396837143,66.400263220
0.02759766,66.397279442,66.400572424
0.02764160,66.397712296,66.400881592
0.02768555,66.398136369,66.401190722
0.02772949,66.398552280,66.401499811
0.02777344,66.398960602,66.401808856
0.02781738,66.399361867,66.402117857
0.02786133,66.399756572,66.402426813
0.02790527,66.400145177,66.402735721
0.02794922,66.400528109,66.403044582
0.02799316,66.400905768,66.403353394
0.02803711,66.401278522,66.403662159
0.02808105,66.401646715,66.403970876
0.02812500,66.402010667,66.404279545
0.02816895,66.402370676,66.404588166
0.02821289,66.402727016,66.404896740
0.02825684,66.403079944,66.405205268
0.02830078,66.403429700,66.405513749
0.02834473,66.403776505,66.405822185
0.02838867,66.404120564,66.406130576
0.02843262,66.404462070,66.406438923
0.02847656,66.404801201,66.406747226
0.02852051,66.405138121,66.407055487
0.02856445,66.405472985,66.407363705
0.02860840,66.405805936,66.407671881
0.02865234,66.406137107,66.407980017
0.02869629,66.406466620,66.408288112
0.02874023,66.406794592,66.408596167
0.02878418,66.407121128,66.408904183
0.02882812,66.407446328,66.409212161
0.02887207,66.407770284,66.409520099
0.02891602,66.408093081,66.409828000
0.02895996,66.408414800,66.410135864
0.02900391,66.408735514,66.410443691
0.02904785,66.409055291,66.410751481
0.02909180,66.409374197,66.411059235
0.02913574,66.409692290,66.411366953
0.02917969,66.410009625,66.411674635
0.02922363,66.410326255,66.411982282
0.02926758,66.410642225,66.412289895
0.02931152,66.410957582,66.412597472
0.02935547,66.411272366,66.412905016
0.02939941,66.411586615,66.413212525
0.02944336,66.411900365,66.413520001
0.02948730,66.412213649,66.413827443
0.02953125,66.412526498,66.414134851
0.02957520,66.412838940,66.414442227
0.02961914,66.413151003,66.414749570
0.02966309,66.413462710,66.415056881
0.02970703,66.413774086,66.415364159
0.02975098,66.414085150,66.415671405
0.02979492,66.414395923,66.415978619
0.02983887,66.414706424,66.416285801
0.02988281,66.415016670,66.416592953
0.02992676,66.415326676,66.416900073
0.02997070,66.415636458,66.417207162
0.03001465,66.415946030,66.417514220
0.03005859,66.416255404,66.417821247
0.03010254,66.416564592,66.418128245
0.03014648,66.416873605,66.418435212
0.03019043,66.417182454,66.418742149
0.03023437,66.417491149,66.419049057
0.03027832,66.417799698,66.419355935
0.03032227,66.418108110,66.419662783
0.03036621,66.418416392,66.419969603
0.03041016,66.418724552,66.420276394
0.03045410,66.419032596,66.420583156
0.03049805,66.419340531,66.420889889
0.03054199,66.419648363,66.421196594
0.03058594,66.419956097,66.421503271
0.03062988,66.420263738,66.421809920
0.03067383,66.420571291,66.422116542
0.03071777,66.420878760,66.422423136
0.03076172,66.421186149,66.422729702
0.03080566,66.421493462,66.423036241
0.03084961,66.421800703,66.423342753
0.03089355,66.422107876,66.423649239
0.03093750,66.422414982,66.423955697
0.03098145,66.422722025,66.424262130
0.03102539,66.423029008,66.424568535
0.03106934,66.423335933,66.424874915
0.03111328,66.423642803,66.425181269
0.03115723,66.423949619,66.425487597
0.03120117,66.424256385,66.425793899
0.03124512,66.424563101,66.426100176
0.03128906,66.424869769,66.426406427
0.03133301,66.425176392,66.426712654
0.03137695,66.425482971,66.427018855
0.03142090,66.425789506,66.427325031
0.03146484,66.426096001,66.427631183
0.03150879,66.426402455,66.427937311
0.03155273,66.426708870,66.428243413
0.03159668,66.427015247,66.428549492
0.03164062,66.427321588,66.428855547
0.03168457,66.427627893,66.429161577
0.03172852,66.427934163,66.429467584
0.03177246,66.428240399,66.429773567
0.03181641,66.428546602,66.430079527
0.03186035,66.428852773,66.430385463
0.03190430,66.429158912,66.430691376
0.03194824,66.429465020,66.430997266
0.03199219,66.429771098,66.431303133
0.03203613,66.430077146,66.431608977
0.03208008,66.430383165,66.431914799
0.03212402,66.430689155,66.432220598
0.03216797,66.430995118,66.432526374
0.03221191,66.431301052,66.432832128
0.03225586,66.431606960,66.433137860
0.03229980,66.431912841,66.433443570
0.03234375,66.432218696,66.433749258
0.03238770,66.432524524,66.434054925
0.03243164,66.432830327,66.434360569
0.03247559,66.433136106,66.434666193
0.03251953,66.433441859,66.434971794
0.03256348,66.433747588,66.435277375
0.03260742,66.434053292,66.435582934
0.03265137,66.434358973,66.435888472
0.03269531,66.434664630,66.436193989
0.03273926,66.434970263,66.436499486
0.03278320,66.435275874,66.436804961
0.03282715,66.435581461,66.437110416
0.03287109,66.435887026,66.437415851
0.03291504,66.436192569,66.437721265
0.03295898,66.436498089,66.438026659
0.03300293,66.436803587,66.438332033
0.03304687,66.437109064,66.438637387
0.03309082,66.437414519,66.438942720
0.03313477,66.437719952,66.439248034
0.03317871,66.438025365,66.439553329
0.03322266,66.438330756,66.439858603
0.03326660,66.438636126,66.440163858
0.03331055,66.438941476,66.440469094
0.03335449,66.439246805,66.440774310
0.03339844,66.439552114,66.441079507
0.03344238,66.439857402,66.441384685
0.03348633,66.440162670,66.441689845
0.03353027,66.440467919,66.441994985
0.03357422,66.440773147,66.442300106
0.03361816,66.441078356,66.442605208
0.03366211,66.441383545,66.442910292
0.03370605,66.441688715,66.443215358
0.03375000,66.441993865,66.443520405
0.03379395,66.442298996,66.443825433
0.03383789,66.442604108,66.444130444
0.03388184,66.442909202,66.444435436
0.03392578,66.443214276,66.444740410
0.03396973,66.443519332,66.445045366
0.03401367,66.443824369,66.445350304
0.03405762,66.444129387,66.445655225
0.03410156,66.444434387,66.445960128
0.03414551,66.444739369,66.446265013
0.03418945,66.445044333,66.446569880
0.03423340,66.445349278,66.446874731
0.03427734,66.445654206,66.447179563
0.03432129,66.445959115,66.447484379
0.03436523,66.446264007,66.447789177
0.03440918,66.446568881,66.448093958
0.03445313,66.446873738,66.448398722
0.03449707,66.447178577,66.448703470
0.03454102,66.447483398,66.449008200
0.03458496,66.447788203,66.449312913
0.03462891,66.448092990,66.449617610
0.03467285,66.448397760,66.449922290
0.03471680,66.448702513,66.450226954
0.03476074,66.449007248,66.450531601
0.03480469,66.449311967,66.450836232
0.03484863,66.449616669,66.451140846
0.03489258,66.449921355,66.451445444
0.03493652,66.450226024,66.451750026
0.03498047,66.450530676,66.452054592
0.03502441,66.450835312,66.452359142
0.03506836,66.451139931,66.452663676
0.03511230,66.451444534,66.452968194
0.03515625,66.451749121,66.453272696
0.03520020,66.452053691,66.453577183
0.03524414,66.452358246,66.453881654
0.03528809,66.452662784,66.454186109
0.03533203,66.452967307,66.454490549
0.03537598,66.453271814,66.454794973
0.03541992,66.453576305,66.455099382
0.03546387,66.453880780,66.455403775
0.03550781,66.454185239,66.455708154
0.03555176,66.454489683,66.456012517
0.03559570,66.454794112,66.456316865
0.03563965,66.455098525,66.456621198
0.03568359,66.455402922,66.456925516
0.03572754,66.455707305,66.457229819
0.03577148,66.456011672,66.457534107
0.03581543,66.456316024,66.457838380
0.03585937,66.456620361,66.458142639
0.03590332,66.456924683,66.458446883
0.03594727,66.457228990,66.458751112
0.03599121,66.457533282,66.459055327
0.03603516,66.457837559,66.459359528
0.03607910,66.458141821,66.459663714
0.03612305,66.458446069,66.459967885
0.03616699,66.458750302,66.460272043
0.03621094,66.459054521,66.460576186
0.03625488,66.459358725,66.460880315
0.03629883,66.459662914,66.461184430
0.03634277,66.459967090,66.461488530
0.03638672,66.460271251,66.461792617
0.03643066,66.460575397,66.462096690
0.03647461,66.460879530,66.462400749
0.03651855,66.461183648,66.462704794
0.03656250,66.461487752,66.463008825
0.03660645,66.461791842,66.463312843
0.03665039,66.462095918,66.463616847
0.03669434,66.462399980,66.463920837
0.03673828,66.462704029,66.464224814
0.03678223,66.463008063,66.464528777
0.03682617,66.463312084,66.464832727
0.03687012,66.463616091,66.465136663
0.03691406,66.463920085,66.465440586
0.03695801,66.464224065,66.465744496
0.03700195,66.464528031,66.466048392
0.03704590,66.464831984,66.466352276
0.03708984,66.465135923,66.466656146
0.03713379,66.465439849,66.466960003
0.03717773,66.465743762,66.467263847
0.03722168,66.466047662,66.467567678
0.03726562,66.466351548,66.467871496
0.03730957,66.466655421,66.468175301
0.03735352,66.466959281,66.468479094
0.03739746,66.467263128,66.468782873
0.03744141,66.467566962,66.469086640
0.03748535,66.467870783,66.469390394
0.03752930,66.468174590,66.469694135
0.03757324,66.468478386,66.469997864
0.03761719,66.468782168,66.470301580
0.03766113,66.469085937,66.470605284
0.03770508,66.469389694,66.470908975
0.03774902,66.469693438,66.471212654
0.03779297,66.469997169,66.471516320
0.03783691,66.470300888,66.471819974
0.03788086,66.470604594,66.472123615
0.03792480,66.470908288,66.472427244
0.03796875,66.471211969,66.472730861
0.03801270,66.471515638,66.473034466
0.03805664,66.471819294,66.473338059
0.03810059,66.472122938,66.473641639
0.03814453,66.472426570,66.473945208
0.03818848,66.472730189,66.474248764
0.03823242,66.473033796,66.474552308
0.03827637,66.473337391,66.474855840
0.03832031,66.473640974,66.475159361
0.03836426,66.473944544,66.475462869
0.03840820,66.474248103,66.475766365
0.03845215,66.474551649,66.476069850
0.03849609,66.474855184,66.476373323
0.03854004,66.475158706,66.476676784
0.03858398,66.475462216,66.476980233
0.03862793,66.475765715,66.477283671
0.03867188,66.476069202,66.477587096
0.03871582,66.476372676,66.477890510
0.03875977,66.476676139,66.478193913
0.03880371,66.476979590,66.478497304
0.03884766,66.477283030,66.478800683
0.03889160,66.477586457,66.479104050
0.03893555,66.477889873,66.479407406
0.03897949,66.478193278,66.479710751
0.03902344,66.478496670,66.480014084
0.03906738,66.478800051,66.480317405
0.03911133,66.479103420,66.480620715
0.03915527,66.479406778,66.480924014
0.03919922,66.479710124,66.481227301
0.03924316,66.480013458,66.481530577
0.03928711,66.480316781,66.481833841
0.03933105,66.480620093,66.482137094
0.03937500,66.480923393,66.482440336
0.03941895,66.481226681,66.482743566
0.03946289,66.481529958,66.483046785
0.03950684,66.481833224,66.483349992
0.03955078,66.482136478,66.483653188
0.03959473,66.482439721,66.483956373
0.03963867,66.482742952,66.484259547
0.03968262,66.483046172,66.484562709
0.03972656,66.483349380,66.484865860
0.03977051,66.483652578,66.485168999
0.03981445,66.483955763,66.485472127
0.03985840,66.484258938,66.485775244
0.03990234,66.484562100,66.486078350
0.03994629,66.484865252,66.486381444
0.03999023,66.485168392,66.486684527
0.04003418,66.485471521,66.486987598
0.04007812,66.485774638,66.487290659
0.04012207,66.486077744,66.487593708
0.04016602,66.486380839,66.487896745
0.04020996,66.486683922,66.488199771
0.04025391,66.486986994,66.488502786
0.04029785,66.487290054,66.488805789
0.04034180,66.487593103,66.489108781
0.04038574,66.487896141,66.489411761
0.04042969,66.488199167,66.489714730
0.04047363,66.488502181,66.490017687
0.04051758,66.488805184,66.490320633
0.04056152,66.489108176,66.490623567
0.04060547,66.489411156,66.490926490
0.04064941,66.489714124,66.491229401
0.04069336,66.490017081,66.491532300
0.04073730,66.490320026,66.491835188
0.04078125,66.490622959,66.492138063
0.04082520,66.490925881,66.492440927
0.04086914,66.491228791,66.492743779
0.04091309,66.491531689,66.493046619
0.04095703,66.491834575,66.493349447
0.04100098,66.492137450,66.493652263
0.04104492,66.492440312,66.493955067
0.04108887,66.492743163,66.494257859
0.04113281,66.493046001,66.494560639
0.04117676,66.493348827,66.494863406
0.04122070,66.493651641,66.495166161
0.04126465,66.493954443,66.495468903
0.04130859,66.494257233,66.495771633
0.04135254,66.494560010,66.496074350
0.04139648,66.494862775,66.496377054
0.04144043,66.495165527,66.496679746
0.04148437,66.495468267,66.496982425
0.04152832,66.495770993,66.497285090
0.04157227,66.496073707,66.497587743
0.04161621,66.496376409,66.497890382
0.04166016,66.496679097,66.498193008
0.04170410,66.496981772,66.498495621
0.04174805,66.497284434,66.498798220
0.04179199,66.497587083,66.499100805
0.04183594,66.497889718,66.499403377
0.04187988,66.498192340,66.499705934
0.04192383,66.498494948,66.500008478
0.04196777,66.498797542,66.500311007
0.04201172,66.499100123,66.500613521
0.04205566,66.499402689,66.500916022
0.04209961,66.499705241,66.501218507
0.04214355,66.500007779,66.501520978
0.04218750,66.500310302,66.501823433
0.04223145,66.500612811,66.502125873
0.04227539,66.500915305,66.502428298
0.04231934,66.501217784,66.502730707
0.04236328,66.501520248,66.503033100
0.04240723,66.501822696,66.503335477
0.04245117,66.502125129,66.503637838
0.04249512,66.502427547,66.503940183
0.04253906,66.502729948,66.504242511
0.04258301,66.503032334,66.504544822
0.04262695,66.503334703,66.504847116
0.04267090,66.503637055,66.505149392
0.04271484,66.503939391,66.505451651
0.04275879,66.504241709,66.505753891
0.04280273,66.504544011,66.506056114
0.04284668,66.504846295,66.506358318
0.04289063,66.505148561,66.506660504
0.04293457,66.505450810,66.506962670
0.04297852,66.505753040,66.507264817
0.04302246,66.506055252,66.507566945
0.04306641,66.506357444,66.507869052
0.04311035,66.506659618,66.508171140
0.04315430,66.506961772,66.508473206
0.04319824,66.507263907,66.508775252
0.04324219,66.507566022,66.509077276
0.04328613,66.507868116,66.509379279
0.04333008,66.508170190,66.509681259
0.04337402,66.508472242,66.509983218
0.04341797,66.508774274,66.510285153
0.04346191,66.509076283,66.510587065
0.04350586,66.509378271,66.510888954
0.04354980,66.509680236,66.511190818
0.04359375,66.509982178,66.511492658
0.04363770,66.510284096,66.511794473
0.04368164,66.510585992,66.512096263
0.04372559,66.510887863,66.512398027
0.04376953,66.511189709,66.512699764
0.04381348,66.511491531,66.513001475
0.04385742,66.511793327,66.513303158
0.04390137,66.512095097,66.513604813
0.04394531,66.512396841,66.513906440
0.04398926,66.512698558,66.514208038
0.04403320,66.513000247,66.514509607
0.04407715,66.513301909,66.514811145
0.04412109,66.513603542,66.515112653
0.04416504,66.513905146,66.515414130
0.04420898,66.514206721,66.515715575
0.04425293,66.514508266,66.516016987
0.04429687,66.514809780,66.516318366
0.04434082,66.515111263,66.516619712
0.04438477,66.515412714,66.516921023
0.04442871,66.515714132,66.517222299
0.04447266,66.516015518,66.517523539
0.04451660,66.516316870,66.517824743
0.04456055,66.516618187,66.518125909
0.04460449,66.516919469,66.518427038
0.04464844,66.517220716,66.518728128
0.04469238,66.517521926,66.519029178
0.04473633,66.517823098,66.519330188
0.04478027,66.518124233,66.519631157
0.04482422,66.518425329,66.519932084
0.04486816,66.518726386,66.520232968
0.04491211,66.519027403,66.520533809
0.04495605,66.519328378,66.520834605
0.04500000,66.519629312,66.521135356
0.04504395,66.519930202,66.521436060
0.04508789,66.520231050,66.521736717
0.04513184,66.520531852,66.522037326
0.04517578,66.520832610,66.522337886
0.04521973,66.521133321,66.522638396
0.04526367,66.521433985,66.522938854
0.04530762,66.521734601,66.523239260
0.04535156,66.522035168,66.523539613
0.04539551,66.522335685,66.523839912
0.04543945,66.522636151,66.524140155
0.04548340,66.522936564,66.524440342
0.04552734,66.523236925,66.524740471
0.04557129,66.523537231,66.525040541
0.04561523,66.523837483,66.525340552
0.04565918,66.524137677,66.525640501
0.04570312,66.524437815,66.525940387
0.04574707,66.524737893,66.526240211
0.04579102,66.525037912,66.526539969
0.04583496,66.525337870,66.526839661
0.04587891,66.525637766,66.527139285
0.04592285,66.525937598,66.527438841
0.04596680,66.526237365,66.527738326
0.04601074,66.526537067,66.528037740
0.04605469,66.526836701,66.528337081
0.04609863,66.527136267,66.528636347
0.04614258,66.527435762,66.528935538
0.04618652,66.527735187,66.529234651
0.04623047,66.528034539,66.529533686
0.04627441,66.528333816,66.529832640
0.04631836,66.528633018,66.530131512
0.04636230,66.528932143,66.530430300
0.04640625,66.529231189,66.530729004
0.04645020,66.529530156,66.531027620
0.04649414,66.529829041,66.531326149
0.04653809,66.530127842,66.531624587
0.04658203,66.530426559,66.531922933
0.04662598,66.530725190,66.532221186
0.04666992,66.531023732,66.532519343
0.04671387,66.531322185,66.532817404
0.04675781,66.531620546,66.533115365
0.04680176,66.531918815,66.533413225
0.04684570,66.532216988,66.533710983
0.04688965,66.532515065,66.534008636
0.04693359,66.532813043,66.534306183
0.04697754,66.533110921,66.534603621
0.04702148,66.533408696,66.534900949
0.04706543,66.533706368,66.535198164
0.04710937,66.534003934,66.535495264
0.04715332,66.534301391,66.535792248
0.04719727,66.534598739,66.536089113
0.04724121,66.534895975,66.536385856
0.04728516,66.535193096,66.536682477
0.04732910,66.535490102,66.536978972
0.04737305,66.535786989,66.537275340
0.04741699,66.536083756,66.537571578
0.04746094,66.536380401,66.537867683
0.04750488,66.536676921,66.538163654
0.04754883,66.536973314,66.538459488
0.04759277,66.537269577,66.538755182
0.04763672,66.537565710,66.539050735
0.04768066,66.537861708,66.539346144
0.04772461,66.538157571,66.539641405
0.04776855,66.538453295,66.539936518
0.04781250,66.538748877,66.540231478
0.04785645,66.539044317,66.540526284
0.04790039,66.539339611,66.540820933
0.04794434,66.539634756,66.541115422
0.04798828,66.539929750,66.541409749
0.04803223,66.540224591,66.541703910
0.04807617,66.540519275,66.541997903
0.04812012,66.540813801,66.542291726
0.04816406,66.541108165,66.542585374
0.04820801,66.541402365,66.542878846
0.04825195,66.541696398,66.543172139
0.04829590,66.541990261,66.543465249
0.04833984,66.542283951,66.543758173
0.04838379,66.542577467,66.544050909
0.04842773,66.542870803,66.544343454
0.04847168,66.543163959,66.544635804
0.04851562,66.543456930,66.544927956
0.04855957,66.543749714,66.545219907
0.04860352,66.544042307,66.545511653
0.04864746,66.544334708,66.545803193
0.04869141,66.544626911,66.546094521
0.04873535,66.544918915,66.546385636
0.04877930,66.545210716,66.546676533
0.04882324,66.545502312,66.546967209
0.04886719,66.545793697,66.547257661
0.04891113,66.546084871,66.547547885
0.04895508,66.546375828,66.547837878
0.04899902,66.546666566,66.548127637
0.04904297,66.546957081,66.548417157
0.04908691,66.547247370,66.548706434
0.04913086,66.547537430,66.548995466
0.04917480,66.547827256,66.549284249
0.04921875,66.548116846,66.549572779
0.04926270,66.548406195,66.549861051
0.04930664,66.548695300,66.550149063
0.04935059,66.548984157,66.550436810
0.04939453,66.549272764,66.550724289
0.04943848,66.549561115,66.551011495
0.04948242,66.549849207,66.551298425
0.04952637,66.550137036,66.551585074
0.04957031,66.550424599,66.551871439
0.04961426,66.550711891,66.552157515
0.04965820,66.550998909,66.552443298
0.04970215,66.551285648,66.552728784
0.04974609,66.551572104,66.553013970
0.04979004,66.551858274,66.553298849
0.04983398,66.552144154,66.553583419
0.04987793,66.552429738,66.553867674
0.04992187,66.552715024,66.554151612
0.04996582,66.553000006,66.554435226
0.05000977,66.553284680,66.554718512
0.05005371,66.553569043,66.555001467
0.05009766,66.553853090,66.555284085
0.05014160,66.554136815,66.555566362
0.05018555,66.554420216,66.555848294
0.05022949,66.554703287,66.556129875
0.05027344,66.554986024,66.556411100
0.05031738,66.555268423,66.556691966
0.05036133,66.555550478,66.556972467
0.05040527,66.555832185,66.557252598
0.05044922,66.556113539,66.557532355
0.05049316,66.556394537,66.557811732
0.05053711,66.556675172,66.558090725
0.05058105,66.556955440,66.558369329
0.05062500,66.557235336,66.558647538
0.05066895,66.557514856,66.558925347
0.05071289,66.557793994,66.559202751
0.05075684,66.558072745,66.559479746
0.05080078,66.558351105,66.559756325
0.05084473,66.558629067,66.560032483
0.05088867,66.558906628,66.560308215
0.05093262,66.559183782,66.560583517
0.05097656,66.559460523,66.560858381
0.05102051,66.559736847,66.561132803
0.05106445,66.560012748,66.561406778
0.05110840,66.560288221,66.561680299
0.05115234,66.560563260,66.561953361
0.05119629,66.560837860,66.562225959
0.05124023,66.561112016,66.562498086
0.05128418,66.561385721,66.562769737
0.05132812,66.561658971,66.563040906
0.05137207,66.561931760,66.563311588
0.05141602,66.562204081,66.563581776
0.05145996,66.562475930,66.563851464
0.05150391,66.562747300,66.564120647
0.05154785,66.563018186,66.564389318
0.05159180,66.563288582,66.564657471
0.05163574,66.563558482,66.564925101
0.05167969,66.563827880,66.565192200
0.05172363,66.564096770,66.565458763
0.05176758,66.564365145,66.565724784
0.05181152,66.564633001,66.565990255
0.05185547,66.564900330,66.566255171
0.05189941,66.565167126,66.566519526
0.05194336,66.565433384,66.566783312
0.05198730,66.565699096,66.567046523
0.05203125,66.565964257,66.567309152
0.05207520,66.566228860,66.567571193
0.05211914,66.566492899,66.567832640
0.05216309,66.566756366,66.568093485
0.05220703,66.567019256,66.568353721
0.05225098,66.567281562,66.568613341
0.05229492,66.567543277,66.568872340
0.05233887,66.567804394,66.569130709
0.05238281,66.568064907,66.569388441
0.05242676,66.568324808,66.569645530
0.05247070,66.568584092,66.569901968
0.05251465,66.568842750,66.570157748
0.05255859,66.569100775,66.570412862
0.05260254,66.569358162,66.570667304
0.05264648,66.569614902,66.570921066
0.05269043,66.569870988,66.571174140
0.05273438,66.570126413,66.571426518
0.05277832,66.570381170,66.571678194
0.05282227,66.570635251,66.571929159
0.05286621,66.570888649,66.572179406
0.05291016,66.571141355,66.572428926
0.05295410,66.571393364,66.572677713
0.05299805,66.571644666,66.572925757
0.05304199,66.571895255,66.573173051
0.05308594,66.572145122,66.573419586
0.05312988,66.572394259,66.573665355
0.05317383,66.572642659,66.573910349
0.05321777,66.572890313,66.574154560
0.05326172,66.573137213,66.574397979
0.05330566,66.573383352,66.574640597
0.05334961,66.573628720,66.574882407
0.05339355,66.573873310,66.575123399
0.05343750,66.574117113,66.575363565
0.05348145,66.574360120,66.575602896
0.05352539,66.574602323,66.575841382
0.05356934,66.574843714,66.576079015
0.05361328,66.575084283,66.576315785
0.05365723,66.575324021,66.576551683
0.05370117,66.575562920,66.576786701
0.05374512,66.575800970,66.577020827
0.05378906,66.576038163,66.577254054
0.05383301,66.576274489,66.577486370
0.05387695,66.576509939,66.577717767
0.05392090,66.576744503,66.577948234
0.05396484,66.576978172,66.578177761
0.05400879,66.577210935,66.578406338
0.05405273,66.577442784,66.578633956
0.05409668,66.577673708,66.578860602
0.05414062,66.577903698,66.579086268
0.05418457,66.578132743,66.579310942
0.05422852,66.578360832,66.579534614
0.05427246,66.578587956,66.579757272
0.05431641,66.578814104,66.579978905
0.05436035,66.579039265,66.580199503
0.05440430,66.579263429,66.580419053
0.05444824,66.579486584,66.580637545
0.05449219,66.579708719,66.580854966
0.05453613,66.579929824,66.581071305
0.05458008,66.580149886,66.581286549
0.05462402,66.580368895,66.581500687
0.05466797,66.580586838,66.581713706
0.05471191,66.580803703,66.581925593
0.05475586,66.581019479,66.582136336
0.05479980,66.581234154,66.582345921
0.05484375,66.581447714,66.582554336
0.05488770,66.581660147,66.582761567
0.05493164,66.581871440,66.582967600
0.05497559,66.582081581,66.583172421
0.05501953,66.582290556,66.583376017
0.05506348,66.582498352,66.583578373
0.05510742,66.582704954,66.583779474
0.05515137,66.582910350,66.583979306
0.05519531,66.583114524,66.584177853
0.05523926,66.583317463,66.584375100
0.05528320,66.583519152,66.584571032
0.05532715,66.583719575,66.584765631
0.05537109,66.583918718,66.584958883
0.05541504,66.584116566,66.585150770
0.05545898,66.584313102,66.585341276
0.05550293,66.584508310,66.585530383
0.05554687,66.584702174,66.585718073
0.05559082,66.584894677,66.585904329
0.05563477,66.585085803,66.586089132
0.05567871,66.585275533,66.586272463
0.05572266,66.585463851,66.586454304
0.05576660,66.585650738,66.586634634
0.05581055,66.585836175,66.586813433
0.05585449,66.586020143,66.586990682
0.05589844,66.586202624,66.587166358
0.05594238,66.586383598,66.587340442
0.05598633,66.586563043,66.587512910
0.05603027,66.586740941,66.587683740
0.05607422,66.586917269,66.587852909
0.05611816,66.587092006,66.588020395
0.05616211,66.587265130,66.588186171
0.05620605,66.587436618,66.588350215
0.05625000,66.587606448,66.588512500
0.05629395,66.587774594,66.588673000
0.05633789,66.587941034,66.588831689
0.05638184,66.588105742,66.588988540
0.05642578,66.588268692,66.589143523
0.05646973,66.588429858,66.589296612
0.05651367,66.588589213,66.589447775
0.05655762,66.588746730,66.589596982
0.05660156,66.588902380,66.589744203
0.05664551,66.589056135,66.589889405
0.05668945,66.589207964,66.590032554
0.05673340,66.589357836,66.590173619
0.05677734,66.589505720,66.590312562
0.05682129,66.589651584,66.590449348
0.05686523,66.589795394,66.590583942
0.05690918,66.589937116,66.590716303
0.05695313,66.590076715,66.590846394
0.05699707,66.590214154,66.590974174
0.05704102,66.590349396,66.591099602
0.05708496,66.590482403,66.591222634
0.05712891,66.590613136,66.591343228
0.05717285,66.590741552,66.591461337
0.05721680,66.590867611,66.591576915
0.05726074,66.590991270,66.591689914
0.05730469,66.591112484,66.591800284
0.05734863,66.591231206,66.591907975
0.05739258,66.591347391,66.592012932
0.05743652,66.591460989,66.592115103
0.05748047,66.591571950,66.592214430
0.05752441,66.591680222,66.592310857
0.05756836,66.591785753,66.592404322
0.05761230,66.591888486,66.592494765
0.05765625,66.591988365,66.592582122
0.05770020,66.592085333,66.592666327
0.05774414,66.592179327,66.592747313
0.05778809,66.592270286,66.592825010
0.05783203,66.592358146,66.592899344
0.05787598,66.592442841,66.592970243
0.05791992,66.592524300,66.593037628
0.05796387,66.592602455,66.593101420
0.05800781,66.592677232,66.593161537
0.05805176,66.592748555,66.593217895
0.05809570,66.592816346,66.593270404
0.05813965,66.592880526,66.593318976
0.05818359,66.592941010,66.593363515
0.05822754,66.592997714,66.593403926
0.05827148,66.593050547,66.593440109
0.05831543,66.593099420,66.593471960
0.05835937,66.593144237,66.593499373
0.05840332,66.593184901,66.593522237
0.05844727,66.593221310,66.593540439
0.05849121,66.593253360,66.593553860
0.05853516,66.593280943,66.593562380
0.05857910,66.593303949,66.593565872
0.05862305,66.593322261,66.593564207
0.05866699,66.593335761,66.593557250
0.05871094,66.593344326,66.593544863
0.05875488,66.593347829,66.593526901
0.05879883,66.593346139,66.593503218
0.05884277,66.593339120,66.593473659
0.05888672,66.593326632,66.593438067
0.05893066,66.593308530,66.593396277
0.05897461,66.593284664,66.593348122
0.05901855,66.593254881,66.593293425
0.05906250,66.593219020,66.593232008
0.05910645,66.593176915,66.593163683
0.05915039,66.593128397,66.593088257
0.05919434,66.593073290,66.593005531
0.05923828,66.593011410,66.592915301
0.05928223,66.592942571,66.592817353
0.05932617,66.592866577,66.592711467
0.05937012,66.592783228,66.592597418
0.05941406,66.592692316,66.592474970
0.05945801,66.592593627,66.592343882
0.05950195,66.592486940,66.592203904
0.05954590,66.592372027,66.592054778
0.05958984,66.592248651,66.591896237
0.05963379,66.592116568,66.591728006
0.05967773,66.591975526,66.591549801
0.05972168,66.591825266,66.591361329
0.05976562,66.591665520,66.591162286
0.05980957,66.591496009,66.590952360
0.05985352,66.591316448,66.590731228
0.05989746,66.591126541,66.590498557
0.05994141,66.590925984,66.590254003
0.05998535,66.590714461,66.589997211
0.06002930,66.590491648,66.589727816
0.06007324,66.590257210,66.589445439
0.06011719,66.590010801,66.589149690
0.06016113,66.589752064,66.588840168
0.06020508,66.589480630,66.588516458
0.06024902,66.589196120,66.588178132
0.06029297,66.588898142,66.587824748
0.06033691,66.588586292,66.587455853
0.06038086,66.588260152,66.587070977
0.06042480,66.587919293,66.586669635
0.06046875,66.587563273,66.586251331
0.06051270,66.587191633,66.585815550
0.06055664,66.586803902,66.585361762
0.06060059,66.586399596,66.584889422
0.06064453,66.585978214,66.584397967
0.06068848,66.585539239,66.583886818
0.06073242,66.585082140,66.583355378
0.06077637,66.584606369,66.582803033
0.06082031,66.584111363,66.582229148
0.06086426,66.583596540,66.581633073
0.06090820,66.583061301,66.581014135
0.06095215,66.582505029,66.580371642
0.06099609,66.581927090,66.579704885
0.06104004,66.581326829,66.579013129
0.06108398,66.580703575,66.578295620
0.06112793,66.580056633,66.577551584
0.06117188,66.579385290,66.576780221
0.06121582,66.578688813,66.575980710
0.06125977,66.577966446,66.575152206
0.06130371,66.577217412,66.574293840
0.06134766,66.576440911,66.573404718
0.06139160,66.575636122,66.572483921
0.06143555,66.574802197,66.571530505
0.06147949,66.573938267,66.570543497
0.06152344,66.573043438,66.569521899
0.06156738,66.572116790,66.568464684
0.06161133,66.571157377,66.567370799
0.06165527,66.570164227,66.566239160
0.06169922,66.569136343,66.565068652
0.06174316,66.568072697,66.563858133
0.06178711,66.566972235,66.562606428
0.06183105,66.565833873,66.561312330
0.06187500,66.564656500,66.559974602
0.06191895,66.563438971,66.558591972
0.06196289,66.562180114,66.557163134
0.06200684,66.560878722,66.555686749
0.06205078,66.559533560,66.554161442
0.06209473,66.558143357,66.552585802
0.06213867,66.556706809,66.550958382
0.06218262,66.555222579,66.549277697
0.06222656,66.553689295,66.547542225
0.06227051,66.552105547,66.545750404
0.06231445,66.550469893,66.543900632
0.06235840,66.548780849,66.541991268
0.06240234,66.547036898,66.540020630
0.06244629,66.545236480,66.537986992
0.06249023,66.543377999,66.535888587
0.06253418,66.541459818,66.533723603
0.06257812,66.539480258,66.531490186
0.06262207,66.537437601,66.529186434
0.06266602,66.535330083,66.526810401
0.06270996,66.533155900,66.524360094
0.06275391,66.530913203,66.521833471
0.06279785,66.528600097,66.519228442
0.06284180,66.526214643,66.516542870
0.06288574,66.523754855,66.513774563
0.06292969,66.521218701,66.510921283
0.06297363,66.518604098,66.507980737
0.06301758,66.515908918,66.504950581
0.06306152,66.513130980,66.501828415
0.06310547,66.510268054,66.498611788
0.06314941,66.507317859,66.495298190
0.06319336,66.504278061,66.491885058
0.06323730,66.501146274,66.488369770
0.06328125,66.497920056,66.484749647
0.06332520,66.494596913,66.481021950
0.06336914,66.491174294,66.477183881
0.06341309,66.487649590,66.473232582
0.06345703,66.484020138,66.469165134
0.06350098,66.480283215,66.464978553
0.06354492,66.476436039,66.460669795
0.06358887,66.472475768,66.456235750
0.06363281,66.468399500,66.451673243
0.06367676,66.464204271,66.446979035
0.06372070,66.459887054,66.442149819
0.06376465,66.455444760,66.437182221
0.06380859,66.450874235,66.432072797
0.06385254,66.446172260,66.426818037
0.06389648,66.441335550,66.421414358
0.06394043,66.436360755,66.415858107
0.06398437,66.431244455,66.410145561
0.06402832,66.425983164,66.404272922
0.06407227,66.420573324,66.398236319
0.06411621,66.415011310,66.392031809
0.06416016,66.409293425,66.385655372
0.06420410,66.403415900,66.379102911
0.06424805,66.397374894,66.372370257
0.06429199,66.391166492,66.365453159
0.06433594,66.384786707,66.358347290
0.06437988,66.378231474,66.351048245
0.06442383,66.371496657,66.343551537
0.06446777,66.364578039,66.335852601
0.06451172,66.357471330,66.327946789
0.06455566,66.350172159,66.319829374
0.06459961,66.342676078,66.311495544
0.06464355,66.334978560,66.302940406
0.06468750,66.327074998,66.294158981
0.06473145,66.318960703,66.285146208
0.06477539,66.310630909,66.275896939
0.06481934,66.302080762,66.266405943
0.06486328,66.293305331,66.256667900
0.06490723,66.284299598,66.246677406
0.06495117,66.275058463,66.236428968
0.06499512,66.265576743,66.225917006
0.06503906,66.255849167,66.215135852
0.06508301,66.245870381,66.204079748
0.06512695,66.235634945,66.192742849
0.06517090,66.225137331,66.181119220
0.06521484,66.214371925,66.169202834
0.06525879,66.203333026,66.156987576
0.06530273,66.192014845,66.144467239
0.06534668,66.180411505,66.131635527
0.06539062,66.168517039,66.118486050
0.06543457,66.156325393,66.105012328
0.06547852,66.143830423,66.091207790
0.06552246,66.131025895,66.077065772
0.06556641,66.117905485,66.062579517
0.06561035,66.104462780,66.047742179
0.06565430,66.090691275,66.032546816
0.06569824,66.076584377,66.016986395
0.06574219,66.062135399,66.001053792
0.06578613,66.047337566,65.984741788
0.06583008,66.032184010,65.968043074
0.06587402,66.016667774,65.950950247
0.06591797,66.000781809,65.933455811
0.06596191,65.984518974,65.915552181
0.06600586,65.967872038,65.897231677
0.06604980,65.950833679,65.878486529
0.06609375,65.933396484,65.859308875
0.06613770,65.915552950,65.839690761
0.06618164,65.897295482,65.819624143
0.06622559,65.878616396,65.799100887
0.06626953,65.859507917,65.778112768
0.06631348,65.839962181,65.756651473
0.06635742,65.819971234,65.734708597
0.06640137,65.799527034,65.712275648
0.06644531,65.778621448,65.689344048
0.06648926,65.757246258,65.665905128
0.06653320,65.735393155,65.641950135
0.06657715,65.713053745,65.617470230
0.06662109,65.690219546,65.592456486
0.06666504,65.666881991,65.566899895
0.06670898,65.643032428,65.540791364
0.06675293,65.618662119,65.514121718
0.06679687,65.593762242,65.486881698
0.06684082,65.568323895,65.459061968
0.06688477,65.542338088,65.430653109
0.06692871,65.515795756,65.401645627
0.06697266,65.488687749,65.372029947
0.06701660,65.461004840,65.341796420
0.06706055,65.432737722,65.310935321
0.06710449,65.403877011,65.279436853
0.06714844,65.374413248,65.247291144
0.06719238,65.344336897,65.214488254
0.06723633,65.313638349,65.181018170
0.06728027,65.282307923,65.146870815
0.06732422,65.250335866,65.112036044
0.06736816,65.217712354,65.076503644
0.06741211,65.184427498,65.040263344
0.06745605,65.150471337,65.003304807
0.06750000,65.115833849,64.965617639
0.06754395,65.080504945,64.927191386
0.06758789,65.044474474,64.888015541
0.06763184,65.007732225,64.848079538
0.06767578,64.970267927,64.807372762
0.06771973,64.932071254,64.765884546
0.06776367,64.893131821,64.723604177
0.06780762,64.853439192,64.680520893
0.06785156,64.812982878,64.636623889
0.06789551,64.771752341,64.591902317
0.06793945,64.729736993,64.546345292
0.06798340,64.686926203,64.499941889
0.06802734,64.643309294,64.452681148
0.06807129,64.598875550,64.404552078
0.06811523,64.553614212,64.355543657
0.06815918,64.507514488,64.305644834
0.06820313,64.460565547,64.254844533
0.06824707,64.412756528,64.203131657
0.06829102,64.364076540,64.150495088
0.06833496,64.314514662,64.096923688
0.06837891,64.264059950,64.042406309
0.06842285,64.212701435,63.986931786
0.06846680,64.160428131,63.930488949
0.06851074,64.107229030,63.873066618
0.06855469,64.053093113,63.814653612
0.06859863,63.998009346,63.755238748
0.06864258,63.941966686,63.694810845
0.06868652,63.884954085,63.633358729
0.06873047,63.826960487,63.570871233
0.06877441,63.767974838,63.507337201
0.06881836,63.707986086,63.442745492
0.06886230,63.646983181,63.377084982
0.06890625,63.584955082,63.310344570
0.06895020,63.521890759,63.242513175
0.06899414,63.457779195,63.173579748
0.06903809,63.392609388,63.103533265
0.06908203,63.326370360,63.032362741
0.06912598,63.259051151,62.960057225
0.06916992,63.190640831,62.886605807
0.06921387,63.121128497,62.811997621
0.06925781,63.050503278,62.736221849
0.06930176,62.978754341,62.659267721
0.06934570,62.905870891,62.581124524
0.06938965,62.831842173,62.501781602
0.06943359,62.756657482,62.421228360
0.06947754,62.680306158,62.339454266
0.06952148,62.602777596,62.256448858
0.06956543,62.524061246,62.172201745
0.06960938,62.444146617,62.086702612
0.06965332,62.363023281,61.999941221
0.06969727,62.280680876,61.911907420
0.06974121,62.197109109,61.822591138
0.06978516,62.112297761,61.731982399
0.06982910,62.026236689,61.640071316
0.06987305,61.938915832,61.546848102
0.06991699,61.850325210,61.452303068
0.06996094,61.760454932,61.356426632
0.07000488,61.669295197,61.259209318
0.07004883,61.576836299,61.160641763
0.07009277,61.483068629,61.060714716
0.07013672,61.387982681,60.959419049
0.07018066,61.291569053,60.856745753
0.07022461,61.193818452,60.752685948
0.07026855,61.094721696,60.647230882
0.07031250,60.994269722,60.540371936
0.07035645,60.892453583,60.432100630
0.07040039,60.789264457,60.322408623
0.07044434,60.684693648,60.211287717
0.07048828,60.578732589,60.098729865
0.07053223,60.471372849,59.984727169
0.07057617,60.362606132,59.869271886
0.07062012,60.252424283,59.752356431
0.07066406,60.140819293,59.633973383
0.07070801,60.027783299,59.514115484
0.07075195,59.913308590,59.392775645
0.07079590,59.797387608,59.269946951
0.07083984,59.680012956,59.145622661
0.07088379,59.561177395,59.019796212
0.07092773,59.440873854,58.892461226
0.07097168,59.319095429,58.763611509
0.07101562,59.195835386,58.633241055
0.07105957,59.071087170,58.501344051
0.07110352,58.944844399,58.367914880
0.07114746,58.817100876,58.232948123
0.07119141,58.687850588,58.096438561
0.07123535,58.557087709,57.958381180
0.07127930,58.424806605,57.818771176
0.07132324,58.291001834,57.677603953
0.07136719,58.155668155,57.534875130
0.07141113,58.018800523,57.390580540
0.07145508,57.880394098,57.244716239
0.07149902,57.740444247,57.097278501
0.07154297,57.598946543,56.948263827
0.07158691,57.455896776,56.797668946
0.07163086,57.311290944,56.645490815
0.07167480,57.165125268,56.491726625
0.07171875,57.017396186,56.336373801
0.07176270,56.868100360,56.179430006
0.07180664,56.717234676,56.020893142
0.07185059,56.564796249,55.860761355
0.07189453,56.410782424,55.699033035
0.07193848,56.255190779,55.535706816
0.07198242,56.098019126,55.370781583
0.07202637,55.939265516,55.204256472
0.07207031,55.778928238,55.036130871
0.07211426,55.617005823,54.866404422
0.07215820,55.453497047,54.695077024
0.07220215,55.288400931,54.522148834
0.07224609,55.121716744,54.347620270
0.07229004,54.953444006,54.171492010
0.07233398,54.783582485,53.993764995
0.07237793,54.612132207,53.814440432
0.07242187,54.439093451,53.633519793
0.07246582,54.264466751,53.451004816
0.07250977,54.088252902,53.266897509
0.07255371,53.910452957,53.081200150
0.07259766,53.731068231,52.893915285
0.07264160,53.550100301,52.705045734
0.07268555,53.367551008,52.514594588
0.07272949,53.183422457,52.322565213
0.07277344,52.997717020,52.128961247
0.07281738,52.810437335,51.933786603
0.07286133,52.621586308,51.737045470
0.07290527,52.431167114,51.538742313
0.07294922,52.239183197,51.338881872
0.07299316,52.045638272,51.137469163
0.07303711,51.850536323,50.934509480
0.07308105,51.653881607,50.730008393
0.07312500,51.455678652,50.523971748
0.07316895,51.255932257,50.316405669
0.07321289,51.054647496,50.107316556
0.07325684,50.851829711,49.896711084
0.07330078,50.647484520,49.684596206
0.07334473,50.441617813,49.470979149
0.07338867,50.234235752,49.255867417
0.07343262,50.025344770,49.039268785
0.07347656,49.814951575,48.821191307
0.07352051,49.603063142,48.601643304
0.07356445,49.389686722,48.380633374
0.07360840,49.174829835,48.158170385
0.07365234,48.958500268,47.934263473
0.07369629,48.740706083,47.708922046
0.07374023,48.521455606,47.482155779
0.07378418,48.300757433,47.253974613
0.07382812,48.078620426,47.024388755
0.07387207,47.855053714,46.793408675
0.07391602,47.630066687,46.561045105
0.07395996,47.403669003,46.327309039
0.07400391,47.175870580,46.092211729
0.07404785,46.946681596,45.855764685
0.07409180,46.716112490,45.617979669
0.07413574,46.484173956,45.378868701
0.07417969,46.250876948,45.138444047
0.07422363,46.016232671,44.896718227
0.07426758,45.780252584,44.653704004
0.07431152,45.542948396,44.409414386
0.07435547,45.304332066,44.163862626
0.07439941,45.064415798,43.917062212
0.07444336,44.823212042,43.669026873
0.07448730,44.580733489,43.419770571
0.07453125,44.336993071,43.169307498
0.07457520,44.092003958,42.917652079
0.07461914,43.845779555,42.664818961
0.07466309,43.598333497,42.410823016
0.07470703,43.349679655,42.155679337
0.07475098,43.099832121,41.899403233
0.07479492,42.848805216,41.642010228
0.07483887,42.596613482,41.383516055
0.07488281,42.343271680,41.123936657
0.07492676,42.088794786,40.863288179
0.07497070,41.833197991,40.601586969
0.07501465,41.576496694,40.338849571
0.07505859,41.318706502,40.075092722
0.07510254,41.059843226,39.810333352
0.07514648,40.799922877,39.544588575
0.07519043,40.538961662,39.277875690
0.07523437,40.276975982,39.010212174
0.07527832,40.013982430,38.741615678
0.07532227,39.749997783,38.472104029
0.07536621,39.485039002,38.201695216
0.07541016,39.219123228,37.930407396
0.07545410,38.952267778,37.658258883
0.07549805,38.684490138,37.385268148
0.07554199,38.415807966,37.111453814
0.07558594,38.146239082,36.836834649
0.07562988,37.875801466,36.561429565
0.07567383,37.604513257,36.285257615
0.07571777,37.332392743,36.008337984
0.07576172,37.059458364,35.730689988
0.07580566,36.785728701,35.452333070
0.07584961,36.511222477,35.173286793
0.07589355,36.235958551,34.893570839
0.07593750,35.959955914,34.613205000
0.07598145,35.683233683,34.332209179
0.07602539,35.405811101,34.050603382
0.07606934,35.127707527,33.768407713
0.07611328,34.848942438,33.485642372
0.07615723,34.569535418,33.202327649
0.07620117,34.289506160,32.918483919
0.07624512,34.008874457,32.634131639
0.07628906,33.727660198,32.349291341
0.07633301,33.445883368,32.063983629
0.07637695,33.163564036,31.778229174
0.07642090,32.880722359,31.492048711
0.07646484,32.597378569,31.205463029
0.07650879,32.313552976,30.918492975
0.07655273,32.029265957,30.631159440
0.07659668,31.744537957,30.343483361
0.07664063,31.459389482,30.055485712
0.07668457,31.173841091,29.767187504
0.07672852,30.887913399,29.478609776
0.07677246,30.601627066,29.189773592
0.07681641,30.315002794,28.900700035
0.07686035,30.028061325,28.611410207
0.07690430,29.740823432,28.321925216
0.07694824,29.453309918,28.032266181
0.07699219,29.165541610,27.742454220
0.07703613,28.877539355,27.452510447
0.07708008,28.589324015,27.162455972
0.07712402,28.300916460,26.872311888
0.07716797,28.012337571,26.582099275
0.07721191,27.723608224,26.291839189
0.07725586,27.434749296,26.001552662
0.07729980,27.145781655,25.711260695
0.07734375,26.856726157,25.420984252
0.07738770,26.567603640,25.130744260
0.07743164,26.278434923,24.840561601
0.07747559,25.989240796,24.550457109
0.07751953,25.700042022,24.260451565
0.07756348,25.410859327,23.970565693
0.07760742,25.121713399,23.680820156
0.07765137,24.832624884,23.391235550
0.07769531,24.543614378,23.101832403
0.07773926,24.254702426,22.812631168
0.07778320,23.965909517,22.523652219
0.07782715,23.677256079,22.234915848
0.07787109,23.388762476,21.946442262
0.07791504,23.100449003,21.658251574
0.07795898,22.812335880,21.370363805
0.07800293,22.524443254,21.082798878
0.07804688,22.236791187,20.795576612
0.07809082,21.949399658,20.508716718
0.07813477,21.662288555,20.222238802
0.07817871,21.375477676,19.936162350
0.07822266,21.088986718,19.650506736
0.07826660,20.802835281,19.365291207
0.07831055,20.517042859,19.080534891
0.07835449,20.231628835,18.796256782
0.07839844,19.946612485,18.512475746
0.07844238,19.662012965,18.229210511
0.07848633,19.377849315,17.946479669
0.07853027,19.094140448,17.664301665
0.07857422,18.810905155,17.382694804
0.07861816,18.528162094,17.101677239
0.07866211,18.245929793,16.821266972
0.07870605,17.964226640,16.541481849
0.07875000,17.683070885,16.262339561
0.07879395,17.402480635,15.983857634
0.07883789,17.122473850,15.706053433
0.07888184,16.843068342,15.428944156
0.07892578,16.564281770,15.152546829
0.07896973,16.286131637,14.876878309
0.07901367,16.008635288,14.601955277
0.07905762,15.731809908,14.327794234
0.07910156,15.455672517,14.054411505
0.07914551,15.180239967,13.781823230
0.07918945,14.905528945,13.510045364
0.07923340,14.631555960,13.239093676
0.07927734,14.358337352,12.968983745
0.07932129,14.085889281,12.699730957
0.07936523,13.814227727,12.431350507
0.07940918,13.543368490,12.163857391
0.07945312,13.273327186,11.897266410
0.07949707,13.004119243,11.631592163
0.07954102,12.735759901,11.366849047
0.07958496,12.468264210,11.103051258
0.07962891,12.201647027,10.840212786
0.07967285,11.935923015,10.578347412
0.07971680,11.671106639,10.317468711
0.07976074,11.407212168,10.057590048
0.07980469,11.144253668,9.798724575
0.07984863,10.882245006,9.540885233
0.07989258,10.621199843,9.284084748
0.07993652,10.361131638,9.028335631
0.07998047,10.102053640,8.773650177
0.08002441,9.843978893,8.520040463
0.08006836,9.586920230,8.267518347
0.08011230,9.330890275,8.016095468
0.08015625,9.075901439,7.765783245
0.08020020,8.821965920,7.516592875
0.08024414,8.569095703,7.268535333
0.08028809,8.317302556,7.021621373
0.08033203,8.066598033,6.775861523
0.08037598,7.816993470,6.531266088
0.08041992,7.568499986,6.287845151
0.08046387,7.321128481,6.045608566
0.08050781,7.074889635,5.804565965
0.08055176,6.829793910,5.564726754
0.08059570,6.585851546,5.326100111
0.08063965,6.343072562,5.088694992
0.08068359,6.101466758,4.852520123
0.08072754,5.861043709,4.617584008
0.08077148,5.621812771,4.383894920
0.08081543,5.383783075,4.151460911
0.08085937,5.146963532,3.920289804
0.08090332,4.911362827,3.690389197
0.08094727,4.676989427,3.461766463
0.08099121,4.443851573,3.234428750
0.08103516,4.211957284,3.008382981
0.08107910,3.981314356,2.783635855
0.08112305,3.751930365,2.560193847
0.08116699,3.523812663,2.338063208
0.08121094,3.296968379,2.117249968
0.08125488,3.071404424,1.897759932
0.08129883,2.847127485,1.679598688
0.08134277,2.624144030,1.462771600
0.08138672,2.402460305,1.247283814
0.08143066,2.182082339,1.033140255
0.08147461,1.963015941,0.820345632
0.08151855,1.745266700,0.608904437
0.08156250,1.528839991,0.398820945
0.08160645,1.313740970,0.190099217
0.08165039,1.099974577,-0.017256902
0.08169434,0.887545538,-0.223243777
0.08173828,0.676458364,-0.427857986
0.08178223,0.466717354,-0.631096317
0.08182617,0.258326592,-0.832955767
0.08187012,0.051289956,-1.033433542
0.08191406,-0.154388891,-1.232527051
0.08195801,-0.358706491,-1.430233911
0.08200195,-0.561659597,-1.626551942
0.08204590,-0.763245165,-1.821479165
0.08208984,-0.963460358,-2.015013801
0.08213379,-1.162302543,-2.207154272
0.08217773,-1.359769289,-2.397899195
0.08222168,-1.555858364,-2.587247385
0.08226562,-1.750567738,-2.775197849
0.08230957,-1.943895579,-2.961749787
0.08235352,-2.135840249,-3.146902589
0.08239746,-2.326400308,-3.330655836
0.08244141,-2.515574509,-3.513009294
0.08248535,-2.703361793,-3.693962913
0.08252930,-2.889761296,-3.873516830
0.08257324,-3.074772340,-4.051671360
0.08261719,-3.258394434,-4.228427000
0.08266113,-3.440627272,-4.403784422
0.08270508,-3.621470730,-4.577744477
0.08274902,-3.800924868,-4.750308187
0.08279297,-3.978989923,-4.921476745
0.08283691,-4.155666311,-5.091251518
0.08288086,-4.330954624,-5.259634035
0.08292480,-4.504855626,-5.426625995
0.08296875,-4.677370255,-5.592229258
0.08301270,-4.848499618,-5.756445846
0.08305664,-5.018244990,-5.919277939
0.08310059,-5.186607812,-6.080727877
0.08314453,-5.353589690,-6.240798152
0.08318848,-5.519192390,-6.399491410
0.08323242,-5.683417839,-6.556810448
0.08327637,-5.846268122,-6.712758209
0.08332031,-6.007745479,-6.867337785
0.08336426,-6.167852305,-7.020552410
0.08340820,-6.326591144,-7.172405460
0.08345215,-6.483964691,-7.322900452
0.08349609,-6.639975788,-7.472041038
0.08354004,-6.794627421,-7.619831005
0.08358398,-6.947922721,-7.766274275
0.08362793,-7.099864958,-7.911374898
0.08367187,-7.250457540,-8.055137053
0.08371582,-7.399704013,-8.197565044
0.08375977,-7.547608055,-8.338663300
0.08380371,-7.694173476,-8.478436370
0.08384766,-7.839404219,-8.616888923
0.08389160,-7.983304349,-8.754025743
0.08393555,-8.125878060,-8.889851729
0.08397949,-8.267129667,-9.024371894
0.08402344,-8.407063607,-9.157591358
0.08406738,-8.545684433,-9.289515349
0.08411133,-8.682996818,-9.420149202
0.08415527,-8.819005544,-9.549498354
0.08419922,-8.953715509,-9.677568340
0.08424316,-9.087131718,-9.804364797
0.08428711,-8.849063046,-9.559697219
0.08433105,-8.876212651,-9.584517644
0.08437500,-8.898552644,-9.604825341
0.08441895,-8.917294979,-9.621970324
0.08446289,-8.933272762,-9.636896426
0.08450684,-8.946918069,-9.650121058
0.08455078,-8.958713911,-9.661312500
0.08459473,-8.969016718,-9.670890878
0.08463867,-8.978095757,-9.679168931
0.08468262,-8.986158554,-9.686383963
0.08472656,-8.993367831,-9.692719251
0.08477051,-8.999853111,-9.698318725
0.08481445,-9.005718851,-9.703297245
0.08485840,-9.011050284,-9.707747893
0.08490234,-9.015917662,-9.711747213
0.08494629,-9.020379318,-9.715358699
0.08499023,-9.024484123,-9.718633893
0.08503418,-9.028273353,-9.721615110
0.08507812,-9.031782123,-9.724337456
0.08512207,-9.035040503,-9.726830334
0.08516602,-9.038074399,-9.729118592
0.08520996,-9.040906255,-9.731223401
0.08525391,-9.043555612,-9.733162934
0.08529785,-9.046039567,-9.734952896
0.08534180,-9.048373142,-9.736606949
0.08538574,-9.050569594,-9.738137045
0.08542969,-9.052640663,-9.739553703
0.08547363,-9.054596787,-9.740866226
0.08551758,-9.056447276,-9.742082886
0.08556152,-9.058200462,-9.743211080
0.08560547,-9.059863822,-9.744257447
0.08564941,-9.061444089,-9.745227986
0.08569336,-9.062947337,-9.746128134
0.08573730,-9.064379066,-9.746962845
0.08578125,-9.065744262,-9.747736642
0.08582520,-9.067047460,-9.748453663
0.08586914,-9.068292792,-9.749117702
0.08591309,-9.069484032,-9.749732237
0.08595703,-9.070624630,-9.750300468
0.08600098,-9.071717751,-9.750825331
0.08604492,-9.072766301,-9.751309531
0.08608887,-9.073772954,-9.751755555
0.08613281,-9.074740174,-9.752165695
0.08617676,-9.075670234,-9.752542064
0.08622070,-9.076565238,-9.752886609
0.08626465,-9.077427132,-9.753201128
0.08630859,-9.078257721,-9.753487282
0.08635254,-9.079058681,-9.753746608
0.08639648,-9.079831571,-9.753980525
0.08644043,-9.080577842,-9.754190353
0.08648438,-9.081298846,-9.754377312
0.08652832,-9.081995845,-9.754542540
0.08657227,-9.082670019,-9.754687092
0.08661621,-9.083322471,-9.754811955
0.08666016,-9.083954236,-9.754918048
0.08670410,-9.084566281,-9.755006232
0.08674805,-9.085159515,-9.755077313
0.08679199,-9.085734794,-9.755132049
0.08683594,-9.086292920,-9.755171152
0.08687988,-9.086834648,-9.755195296
0.08692383,-9.087360692,-9.755205113
0.08696777,-9.087871723,-9.755201205
0.08701172,-9.088368375,-9.755184140
0.08705566,-9.088851245,-9.755154458
0.08709961,-9.089320900,-9.755112673
0.08714355,-9.089777876,-9.755059271
0.08718750,-9.090222678,-9.754994719
0.08723145,-9.090655787,-9.754919459
0.08727539,-9.091077658,-9.754833913
0.08731934,-9.091488722,-9.754738485
0.08736328,-9.091889391,-9.754633560
0.08740723,-9.092280053,-9.754519506
0.08745117,-9.092661079,-9.754396675
0.08749512,-9.093032822,-9.754265404
0.08753906,-9.093395615,-9.754126013
0.08758301,-9.093749779,-9.753978811
0.08762695,-9.094095618,-9.753824091
0.08767090,-9.094433423,-9.753662136
0.08771484,-9.094763469,-9.753493214
0.08775879,-9.095086022,-9.753317583
0.08780273,-9.095401334,-9.753135490
0.08784668,-9.095709646,-9.752947171
0.08789062,-9.096011189,-9.752752851
0.08793457,-9.096306183,-9.752552748
0.08797852,-9.096594839,-9.752347069
0.08802246,-9.096877360,-9.752136012
0.08806641,-9.097153940,-9.751919767
0.08811035,-9.097424762,-9.751698517
0.08815430,-9.097690007,-9.751472436
0.08819824,-9.097949844,-9.751241693
0.08824219,-9.098204437,-9.751006449
0.08828613,-9.098453943,-9.750766859
0.08833008,-9.098698514,-9.750523070
0.08837402,-9.098938294,-9.750275227
0.08841797,-9.099173423,-9.750023466
0.08846191,-9.099404036,-9.749767921
0.08850586,-9.099630260,-9.749508719
0.08854980,-9.099852220,-9.749245983
0.08859375,-9.100070035,-9.748979832
0.08863770,-9.100283822,-9.748710381
0.08868164,-9.100493690,-9.748437739
0.08872559,-9.100699746,-9.748162016
0.08876953,-9.100902093,-9.747883313
0.08881348,-9.101100832,-9.747601732
0.08885742,-9.101296056,-9.747317369
0.08890137,-9.101487859,-9.747030319
0.08894531,-9.101676331,-9.746740672
0.08898926,-9.101861556,-9.746448517
0.08903320,-9.102043619,-9.746153940
0.08907715,-9.102222600,-9.745857023
0.08912109,-9.102398576,-9.745557848
0.08916504,-9.102571623,-9.745256492
0.08920898,-9.102741813,-9.744953031
0.08925293,-9.102909216,-9.744647539
0.08929687,-9.103073901,-9.744340087
0.08934082,-9.103235933,-9.744030745
0.08938477,-9.103395375,-9.743719579
0.08942871,-9.103552290,-9.743406656
0.08947266,-9.103706738,-9.743092037
0.08951660,-9.103858775,-9.742775785
0.08956055,-9.104008458,-9.742457959
0.08960449,-9.104155842,-9.742138617
0.08964844,-9.104300978,-9.741817815
0.08969238,-9.104443919,-9.741495606
0.08973633,-9.104584713,-9.741172044
0.08978027,-9.104723409,-9.740847179
0.08982422,-9.104860054,-9.740521060
0.08986816,-9.104994692,-9.740193737
0.08991211,-9.105127367,-9.739865254
0.08995605,-9.105258122,-9.739535656
0.09000000,-9.105387000,-9.739204988
0.09004395,-9.105514039,-9.738873291
0.09008789,-9.105639279,-9.738540606
0.09013184,-9.105762758,-9.738206973
0.09017578,-9.105884513,-9.737872429
0.09021973,-9.106004580,-9.737537012
0.09026367,-9.106122993,-9.737200758
0.09030762,-9.106239788,-9.736863701
0.09035156,-9.106354996,-9.736525876
0.09039551,-9.106468650,-9.736187314
0.09043945,-9.106580782,-9.735848049
0.09048340,-9.106691421,-9.735508110
0.09052734,-9.106800598,-9.735167528
0.09057129,-9.106908341,-9.734826330
0.09061523,-9.107014678,-9.734484547
0.09065918,-9.107119637,-9.734142204
0.09070312,-9.107223245,-9.733799329
0.09074707,-9.107325527,-9.733455947
0.09079102,-9.107426508,-9.733112084
0.09083496,-9.107526215,-9.732767764
0.09087891,-9.107624669,-9.732423011
0.09092285,-9.107721896,-9.732077848
0.09096680,-9.107817918,-9.731732297
0.09101074,-9.107912757,-9.731386382
0.09105469,-9.108006435,-9.731040123
0.09109863,-9.108098973,-9.730693542
0.09114258,-9.108190392,-9.730346659
0.09118652,-9.108280713,-9.729999494
0.09123047,-9.108369954,-9.729652067
0.09127441,-9.108458136,-9.729304398
0.09131836,-9.108545276,-9.728956505
0.09136230,-9.108631394,-9.728608407
0.09140625,-9.108716507,-9.728260121
0.09145020,-9.108800634,-9.727911666
0.09149414,-9.108883790,-9.727563059
0.09153809,-9.108965993,-9.727214318
0.09158203,-9.109047259,-9.726865458
0.09162598,-9.109127604,-9.726516497
0.09166992,-9.109207044,-9.726167450
0.09171387,-9.109285594,-9.725818333
0.09175781,-9.109363269,-9.725469163
0.09180176,-9.109440083,-9.725119953
0.09184570,-9.109516051,-9.724770720
0.09188965,-9.109591187,-9.724421478
0.09193359,-9.109665504,-9.724072241
0.09197754,-9.109739016,-9.723723024
0.09202148,-9.109811735,-9.723373840
0.09206543,-9.109883675,-9.723024703
0.09210937,-9.109954849,-9.722675626
0.09215332,-9.110025267,-9.722326623
0.09219727,-9.110094943,-9.721977706
0.09224121,-9.110163888,-9.721628888
0.09228516,-9.110232113,-9.721280181
0.09232910,-9.110299630,-9.720931597
0.09237305,-9.110366450,-9.720583147
0.09241699,-9.110432584,-9.720234844
0.09246094,-9.110498042,-9.719886699
0.09250488,-9.110562834,-9.719538722
0.09254883,-9.110626971,-9.719190924
0.09259277,-9.110690463,-9.718843316
0.09263672,-9.110753319,-9.718495907
0.09268066,-9.110815548,-9.718148708
0.09272461,-9.110877161,-9.717801729
0.09276855,-9.110938167,-9.717454978
0.09281250,-9.110998574,-9.717108465
0.09285645,-9.111058391,-9.716762199
0.09290039,-9.111117627,-9.716416188
0.09294434,-9.111176290,-9.716070441
0.09298828,-9.111234389,-9.715724966
0.09303223,-9.111291931,-9.715379771
0.09307617,-9.111348926,-9.715034863
0.09312012,-9.111405380,-9.714690250
0.09316406,-9.111461301,-9.714345940
0.09320801,-9.111516697,-9.714001939
0.09325195,-9.111571575,-9.713658253
0.09329590,-9.111625943,-9.713314890
0.09333984,-9.111679807,-9.712971856
0.09338379,-9.111733176,-9.712629157
0.09342773,-9.111786054,-9.712286799
0.09347168,-9.111838450,-9.711944788
0.09351562,-9.111890370,-9.711603128
0.09355957,-9.111941820,-9.711261826
0.09360352,-9.111992807,-9.710920887
0.09364746,-9.112043336,-9.710580315
0.09369141,-9.112093415,-9.710240116
0.09373535,-9.112143050,-9.709900294
0.09377930,-9.112192245,-9.709560854
0.09382324,-9.112241007,-9.709221800
0.09386719,-9.112289342,-9.708883136
0.09391113,-9.112337256,-9.708544866
0.09395508,-9.112384753,-9.708206994
0.09399902,-9.112431839,-9.707869525
0.09404297,-9.112478521,-9.707532460
0.09408691,-9.112524802,-9.707195805
0.09413086,-9.112570688,-9.706859563
0.09417480,-9.112616184,-9.706523736
0.09421875,-9.112661295,-9.706188328
0.09426270,-9.112706026,-9.705853343
0.09430664,-9.112750382,-9.705518782
0.09435059,-9.112794368,-9.705184650
0.09439453,-9.112837987,-9.704850948
0.09443848,-9.112881246,-9.704517680
0.09448242,-9.112924148,-9.704184848
0.09452637,-9.112966697,-9.703852454
0.09457031,-9.113008898,-9.703520502
0.09461426,-9.113050756,-9.703188994
0.09465820,-9.113092274,-9.702857931
0.09470215,-9.113133457,-9.702527317
0.09474609,-9.113174309,-9.702197153
0.09479004,-9.113214833,-9.701867442
0.09483398,-9.113255034,-9.701538186
0.09487793,-9.113294916,-9.701209387
0.09492188,-9.113334482,-9.700881047
0.09496582,-9.113373737,-9.700553168
0.09500977,-9.113412683,-9.700225752
0.09505371,-9.113451324,-9.699898801
0.09509766,-9.113489665,-9.699572317
0.09514160,-9.113527708,-9.699246301
0.09518555,-9.113565458,-9.698920756
0.09522949,-9.113602917,-9.698595683
0.09527344,-9.113640089,-9.698271084
0.09531738,-9.113676977,-9.697946961
0.09536133,-9.113713584,-9.697623315
0.09540527,-9.113749914,-9.697300149
0.09544922,-9.113785970,-9.696977464
0.09549316,-9.113821755,-9.696655261
0.09553711,-9.113857272,-9.696333543
0.09558105,-9.113892524,-9.696012310
0.09562500,-9.113927514,-9.695691566
0.09566895,-9.113962245,-9.695371310
0.09571289,-9.113996720,-9.695051545
0.09575684,-9.114030942,-9.694732272
0.09580078,-9.114064913,-9.694413494
0.09584473,-9.114098636,-9.694095211
0.09588867,-9.114132115,-9.693777425
0.09593262,-9.114165351,-9.693460137
0.09597656,-9.114198347,-9.693143350
0.09602051,-9.114231107,-9.692827064
0.09606445,-9.114263631,-9.692511282
0.09610840,-9.114295924,-9.692196004
0.09615234,-9.114327988,-9.691881233
0.09619629,-9.114359824,-9.691566969
0.09624023,-9.114391436,-9.691253215
0.09628418,-9.114422826,-9.690939971
0.09632813,-9.114453995,-9.690627240
0.09637207,-9.114484948,-9.690315022
0.09641602,-9.114515685,-9.690003319
0.09645996,-9.114546209,-9.689692132
0.09650391,-9.114576522,-9.689381464
0.09654785,-9.114606627,-9.689071315
0.09659180,-9.114636526,-9.688761686
0.09663574,-9.114666220,-9.688452580
0.09667969,-9.114695712,-9.688143997
0.09672363,-9.114725004,-9.687835939
0.09676758,-9.114754098,-9.687528407
0.09681152,-9.114782996,-9.687221402
0.09685547,-9.114811701,-9.686914926
0.09689941,-9.114840213,-9.686608980
0.09694336,-9.114868535,-9.686303565
0.09698730,-9.114896669,-9.685998683
0.09703125,-9.114924617,-9.685694334
0.09707520,-9.114952380,-9.685390520
0.09711914,-9.114979961,-9.685087241
0.09716309,-9.115007361,-9.684784500
0.09720703,-9.115034582,-9.684482296
0.09725098,-9.115061626,-9.684180631
0.09729492,-9.115088494,-9.683879507
0.09733887,-9.115115189,-9.683578923
0.09738281,-9.115141712,-9.683278881
0.09742676,-9.115168064,-9.682979382
0.09747070,-9.115194248,-9.682680426
0.09751465,-9.115220265,-9.682382015
0.09755859,-9.115246116,-9.682084149
0.09760254,-9.115271803,-9.681786829
0.09764648,-9.115297329,-9.681490055
0.09769043,-9.115322693,-9.681193829
0.09773437,-9.115347898,-9.680898150
0.09777832,-9.115372946,-9.680603019
0.09782227,-9.115397837,-9.680308438
0.09786621,-9.115422574,-9.680014405
0.09791016,-9.115447157,-9.679720923
0.09795410,-9.115471589,-9.679427990
0.09799805,-9.115495870,-9.679135607
0.09804199,-9.115520003,-9.678843775
0.09808594,-9.115543987,-9.678552494
0.09812988,-9.115567826,-9.678261764
0.09817383,-9.115591520,-9.677971585
0.09821777,-9.115615070,-9.677681957
0.09826172,-9.115638478,-9.677392881
0.09830566,-9.115661744,-9.677104355
0.09834961,-9.115684872,-9.676816381
0.09839355,-9.115707861,-9.676528958
0.09843750,-9.115730712,-9.676242086
0.09848145,-9.115753428,-9.675955764
0.09852539,-9.115776010,-9.675669993
0.09856934,-9.115798458,-9.675384771
0.09861328,-9.115820773,-9.675100100
0.09865723,-9.115842958,-9.674815978
0.09870117,-9.115865013,-9.674532405
0.09874512,-9.115886939,-9.674249381
0.09878906,-9.115908737,-9.673966905
0.09883301,-9.115930409,-9.673684976
0.09887695,-9.115951955,-9.673403594
0.09892090,-9.115973378,-9.673122758
0.09896484,-9.115994677,-9.672842468
0.09900879,-9.116015854,-9.672562723
0.09905273,-9.116036910,-9.672283523
0.09909668,-9.116057846,-9.672004866
0.09914062,-9.116078663,-9.671726751
0.09918457,-9.116099362,-9.671449178
0.09922852,-9.116119945,-9.671172147
0.09927246,-9.116140411,-9.670895655
0.09931641,-9.116160763,-9.670619703
0.09936035,-9.116181000,-9.670344289
0.09940430,-9.116201125,-9.670069413
0.09944824,-9.116221137,-9.669795073
0.09949219,-9.116241039,-9.669521268
0.09953613,-9.116260830,-9.669247997
0.09958008,-9.116280513,-9.668975260
0.09962402,-9.116300087,-9.668703055
0.09966797,-9.116319553,-9.668431381
0.09971191,-9.116338914,-9.668160237
0.09975586,-9.116358168,-9.667889622
0.09979980,-9.116377318,-9.667619534
0.09984375,-9.116396364,-9.667349973
0.09988770,-9.116415307,-9.667080937
0.09993164,-9.116434148,-9.666812426
0.09997559,-9.116452887,-9.666544437
0.10001953,-9.116471526,-9.666276970
0.10006348,-9.116490066,-9.666010024
0.10010742,-9.116508506,-9.665743597
0.10015137,-9.116526849,-9.665477688
0.10019531,-9.116545094,-9.665212296
0.10023926,-9.116563243,-9.664947419
0.10028320,-9.116581296,-9.664683057
0.10032715,-9.116599254,-9.664419208
0.10037109,-9.116617118,-9.664155870
0.10041504,-9.116634889,-9.663893043
0.10045898,-9.116652566,-9.663630726
0.10050293,-9.116670152,-9.663368916
0.10054687,-9.116687647,-9.663107613
0.10059082,-9.116705051,-9.662846816
0.10063477,-9.116722366,-9.662586522
0.10067871,-9.116739591,-9.662326732
0.10072266,-9.116756728,-9.662067443
0.10076660,-9.116773777,-9.661808655
0.10081055,-9.116790740,-9.661550366
0.10085449,-9.116807615,-9.661292575
0.10089844,-9.116824406,-9.661035280
0.10094238,-9.116841111,-9.660778481
0.10098633,-9.116857732,-9.660522176
0.10103027,-9.116874269,-9.660266364
0.10107422,-9.116890723,-9.660011044
0.10111816,-9.116907095,-9.659756214
0.10116211,-9.116923385,-9.659501874
0.10120605,-9.116939594,-9.659248022
0.10125000,-9.116955722,-9.658994656
0.10129395,-9.116971770,-9.658741777
0.10133789,-9.116987739,-9.658489382
0.10138184,-9.117003629,-9.658237470
0.10142578,-9.117019441,-9.657986041
0.10146973,-9.117035176,-9.657735093
0.10151367,-9.117050833,-9.657484625
0.10155762,-9.117066414,-9.657234636
0.10160156,-9.117081920,-9.656985125
0.10164551,-9.117097349,-9.656736090
0.10168945,-9.117112705,-9.656487531
0.10173340,-9.117127986,-9.656239447
0.10177734,-9.117143193,-9.655991836
0.10182129,-9.117158327,-9.655744697
0.10186523,-9.117173389,-9.655498030
0.10190918,-9.117188379,-9.655251834
0.10195312,-9.117203297,-9.655006106
0.10199707,-9.117218144,-9.654760847
0.10204102,-9.117232921,-9.654516056
0.10208496,-9.117247628,-9.654271731
0.10212891,-9.117262265,-9.654027871
0.10217285,-9.117276834,-9.653784476
0.10221680,-9.117291333,-9.653541544
0.10226074,-9.117305765,-9.653299075
0.10230469,-9.117320130,-9.653057067
0.10234863,-9.117334427,-9.652815521
0.10239258,-9.117348658,-9.652574434
0.10243652,-9.117362823,-9.652333806
0.10248047,-9.117376923,-9.652093637
0.10252441,-9.117390957,-9.651853925
0.10256836,-9.117404927,-9.651614669
0.10261230,-9.117418832,-9.651375869
0.10265625,-9.117432674,-9.651137523
0.10270020,-9.117446452,-9.650899632
0.10274414,-9.117460167,-9.650662194
0.10278809,-9.117473820,-9.650425208
0.10283203,-9.117487411,-9.650188674
0.10287598,-9.117500941,-9.649952591
0.10291992,-9.117514409,-9.649716958
0.10296387,-9.117527817,-9.649481774
0.10300781,-9.117541164,-9.649247039
0.10305176,-9.117554451,-9.649012752
0.10309570,-9.117567679,-9.648778912
0.10313965,-9.117580848,-9.648545518
0.10318359,-9.117593958,-9.648312570
0.10322754,-9.117607010,-9.648080068
0.10327148,-9.117620004,-9.647848010
0.10331543,-9.117632941,-9.647616395
0.10335937,-9.117645820,-9.647385224
0.10340332,-9.117658643,-9.647154495
0.10344727,-9.117671410,-9.646924209
0.10349121,-9.117684120,-9.646694363
0.10353516,-9.117696775,-9.646464958
0.10357910,-9.117709375,-9.646235993
0.10362305,-9.117721920,-9.646007467
0.10366699,-9.117734410,-9.645779380
0.10371094,-9.117746846,-9.645551731
0.10375488,-9.117759229,-9.645324519
0.10379883,-9.117771558,-9.645097745
0.10384277,-9.117783834,-9.644871407
0.10388672,-9.117796058,-9.644645504
0.10393066,-9.117808229,-9.644420037
0.10397461,-9.117820348,-9.644195005
0.10401855,-9.117832416,-9.643970407
0.10406250,-9.117844432,-9.643746242
0.10410645,-9.117856397,-9.643522510
0.10415039,-9.117868311,-9.643299210
0.10419434,-9.117880176,-9.643076343
0.10423828,-9.117891990,-9.642853906
0.10428223,-9.117903754,-9.642631901
0.10432617,-9.117915469,-9.642410325
0.10437012,-9.117927135,-9.642189179
0.10441406,-9.117938753,-9.641968463
0.10445801,-9.117950322,-9.641748174
0.10450195,-9.117961842,-9.641528314
0.10454590,-9.117973315,-9.641308881
0.10458984,-9.117984741,-9.641089875
0.10463379,-9.117996119,-9.640871295
0.10467773,-9.118007451,-9.640653141
0.10472168,-9.118018735,-9.640435412
0.10476563,-9.118029974,-9.640218107
0.10480957,-9.118041166,-9.640001227
0.10485352,-9.118052313,-9.639784770
0.10489746,-9.118063414,-9.639568735
0.10494141,-9.118074470,-9.639353123
0.10498535,-9.118085482,-9.639137933
0.10502930,-9.118096448,-9.638923163
0.10507324,-9.118107371,-9.638708814
0.10511719,-9.118118249,-9.638494885
0.10516113,-9.118129084,-9.638281375
0.10520508,-9.118139875,-9.638068284
0.10524902,-9.118150622,-9.637855610
0.10529297,-9.118161327,-9.637643354
0.10533691,-9.118171989,-9.637431514
0.10538086,-9.118182609,-9.637220091
0.10542480,-9.118193186,-9.637009082
0.10546875,-9.118203722,-9.636798488
0.10551270,-9.118214216,-9.636588309
0.10555664,-9.118224668,-9.636378542
0.10560059,-9.118235080,-9.636169188
0.10564453,-9.118245450,-9.635960246
0.10568848,-9.118255780,-9.635751715
0.10573242,-9.118266069,-9.635543594
0.10577637,-9.118276318,-9.635335883
0.10582031,-9.118286527,-9.635128581
0.10586426,-9.118296696,-9.634921687
0.10590820,-9.118306826,-9.634715200
0.10595215,-9.118316917,-9.634509120
0.10599609,-9.118326969,-9.634303446
0.10604004,-9.118336982,-9.634098176
0.10608398,-9.118346956,-9.633893311
0.10612793,-9.118356892,-9.633688850
0.10617187,-9.118366790,-9.633484791
0.10621582,-9.118376651,-9.633281133
0.10625977,-9.118386473,-9.633077877
0.10630371,-9.118396258,-9.632875021
0.10634766,-9.118406006,-9.632672564
0.10639160,-9.118415717,-9.632470505
0.10643555,-9.118425391,-9.632268843
0.10647949,-9.118435029,-9.632067579
0.10652344,-9.118444630,-9.631866709
0.10656738,-9.118454195,-9.631666235
0.10661133,-9.118463724,-9.631466154
0.10665527,-9.118473218,-9.631266467
0.10669922,-9.118482676,-9.631067171
0.10674316,-9.118492099,-9.630868266
0.10678711,-9.118501486,-9.630669752
0.10683105,-9.118510839,-9.630471626
0.10687500,-9.118520157,-9.630273889
0.10691895,-9.118529441,-9.630076539
0.10696289,-9.118538690,-9.629879575
0.10700684,-9.118547905,-9.629682996
0.10705078,-9.118557086,-9.629486802
0.10709473,-9.118566234,-9.629290991
0.10713867,-9.118575347,-9.629095562
0.10718262,-9.118584428,-9.628900515
0.10722656,-9.118593476,-9.628705847
0.10727051,-9.118602490,-9.628511559
0.10731445,-9.118611472,-9.628317650
0.10735840,-9.118620421,-9.628124117
0.10740234,-9.118629337,-9.627930960
0.10744629,-9.118638222,-9.627738179
0.10749023,-9.118647074,-9.627545772
0.10753418,-9.118655895,-9.627353737
0.10757812,-9.118664683,-9.627162075
0.10762207,-9.118673441,-9.626970784
0.10766602,-9.118682167,-9.626779862
0.10770996,-9.118690861,-9.626589310
0.10775391,-9.118699525,-9.626399125
0.10779785,-9.118708158,-9.626209307
0.10784180,-9.118716760,-9.626019854
0.10788574,-9.118725332,-9.625830766
0.10792969,-9.118733873,-9.625642042
0.10797363,-9.118742384,-9.625453680
0.10801758,-9.118750866,-9.625265679
0.10806152,-9.118759317,-9.625078039
0.10810547,-9.118767739,-9.624890757
0.10814941,-9.118776131,-9.624703834
0.10819336,-9.118784493,-9.624517269
0.10823730,-9.118792827,-9.624331059
0.10828125,-9.118801131,-9.624145204
0.10832520,-9.118809407,-9.623959703
0.10836914,-9.118817654,-9.623774555
0.10841309,-9.118825872,-9.623589758
0.10845703,-9.118834062,-9.623405312
0.10850098,-9.118842224,-9.623221216
0.10854492,-9.118850357,-9.623037468
0.10858887,-9.118858463,-9.622854068
0.10863281,-9.118866540,-9.622671014
0.10867676,-9.118874590,-9.622488306
0.10872070,-9.118882613,-9.622305942
0.10876465,-9.118890608,-9.622123921
0.10880859,-9.118898576,-9.621942242
0.10885254,-9.118906516,-9.621760905
0.10889648,-9.118914430,-9.621579908
0.10894043,-9.118922317,-9.621399249
0.10898437,-9.118930177,-9.621218929
0.10902832,-9.118938011,-9.621038946
0.10907227,-9.118945818,-9.620859299
0.10911621,-9.118953599,-9.620679986
0.10916016,-9.118961354,-9.620501008
0.10920410,-9.118969083,-9.620322363
0.10924805,-9.118976786,-9.620144049
0.10929199,-9.118984463,-9.619966066
0.10933594,-9.118992115,-9.619788413
0.10937988,-9.118999741,-9.619611090
0.10942383,-9.119007342,-9.619434093
0.10946777,-9.119014917,-9.619257424
0.10951172,-9.119022468,-9.619081081
0.10955566,-9.119029994,-9.618905063
0.10959961,-9.119037495,-9.618729368
0.10964355,-9.119044971,-9.618553997
0.10968750,-9.119052422,-9.618378947
0.10973145,-9.119059849,-9.618204219
0.10977539,-9.119067252,-9.618029811
0.10981934,-9.119074631,-9.617855722
0.10986328,-9.119081985,-9.617681951
0.10990723,-9.119089316,-9.617508497
0.10995117,-9.119096623,-9.617335359
0.10999512,-9.119103906,-9.617162537
0.11003906,-9.119111165,-9.616990030
0.11008301,-9.119118401,-9.616817836
0.11012695,-9.119125614,-9.616645954
0.11017090,-9.119132803,-9.616474385
0.11021484,-9.119139969,-9.616303126
0.11025879,-9.119147112,-9.616132177
0.11030273,-9.119154233,-9.615961537
0.11034668,-9.119161330,-9.615791205
0.11039062,-9.119168405,-9.615621180
0.11043457,-9.119175457,-9.615451462
0.11047852,-9.119182487,-9.615282050
0.11052246,-9.119189494,-9.615112942
0.11056641,-9.119196480,-9.614944137
0.11061035,-9.119203443,-9.614775636
0.11065430,-9.119210384,-9.614607437
0.11069824,-9.119217303,-9.614439539
0.11074219,-9.119224200,-9.614271942
0.11078613,-9.119231076,-9.614104644
0.11083008,-9.119237930,-9.613937645
0.11087402,-9.119244763,-9.613770944
0.11091797,-9.119251574,-9.613604540
0.11096191,-9.119258364,-9.613438432
0.11100586,-9.119265133,-9.613272620
0.11104980,-9.119271880,-9.613107102
0.11109375,-9.119278607,-9.612941879
0.11113770,-9.119285313,-9.612776948
0.11118164,-9.119291998,-9.612612310
0.11122559,-9.119298663,-9.612447964
0.11126953,-9.119305306,-9.612283908
0.11131348,-9.119311930,-9.612120143
0.11135742,-9.119318533,-9.611956666
0.11140137,-9.119325115,-9.611793479
0.11144531,-9.119331678,-9.611630579
0.11148926,-9.119338220,-9.611467966
0.11153320,-9.119344743,-9.611305639
0.11157715,-9.119351245,-9.611143598
0.11162109,-9.119357728,-9.610981842
0.11166504,-9.119364191,-9.610820369
0.11170898,-9.119370634,-9.610659180
0.11175293,-9.119377058,-9.610498274
0.11179687,-9.119383462,-9.610337649
0.11184082,-9.119389848,-9.610177306
0.11188477,-9.119396213,-9.610017243
0.11192871,-9.119402560,-9.609857460
0.11197266,-9.119408888,-9.609697956
0.11201660,-9.119415196,-9.609538731
0.11206055,-9.119421486,-9.609379783
0.11210449,-9.119427757,-9.609221112
0.11214844,-9.119434009,-9.609062717
0.11219238,-9.119440242,-9.608904598
0.11223633,-9.119446457,-9.608746754
0.11228027,-9.119452654,-9.608589184
0.11232422,-9.119458832,-9.608431887
0.11236816,-9.119464991,-9.608274863
0.11241211,-9.119471133,-9.608118112
0.11245605,-9.119477256,-9.607961632
0.11250000,-9.119483362,-9.607805423
0.11254395,-9.119489449,-9.607649484
0.11258789,-9.119495519,-9.607493815
0.11263184,-9.119501570,-9.607338414
0.11267578,-9.119507604,-9.607183282
0.11271973,-9.119513621,-9.607028417
0.11276367,-9.119519619,-9.606873819
0.11280762,-9.119525601,-9.606719488
0.11285156,-9.119531564,-9.606565421
0.11289551,-9.119537511,-9.606411620
0.11293945,-9.119543440,-9.606258083
0.11298340,-9.119549352,-9.606104810
0.11302734,-9.119555247,-9.605951800
0.11307129,-9.119561125,-9.605799052
0.11311523,-9.119566986,-9.605646566
0.11315918,-9.119572831,-9.605494340
0.11320313,-9.119578658,-9.605342375
0.11324707,-9.119584469,-9.605190670
0.11329102,-9.119590263,-9.605039224
0.11333496,-9.119596040,-9.604888036
0.11337891,-9.119601801,-9.604737107
0.11342285,-9.119607546,-9.604586434
0.11346680,-9.119613274,-9.604436018
0.11351074,-9.119618986,-9.604285858
0.11355469,-9.119624681,-9.604135952
0.11359863,-9.119630361,-9.603986302
0.11364258,-9.119636025,-9.603836905
0.11368652,-9.119641672,-9.603687762
0.11373047,-9.119647304,-9.603538871
0.11377441,-9.119652919,-9.603390232
0.11381836,-9.119658519,-9.603241845
0.11386230,-9.119664103,-9.603093708
0.11390625,-9.119669672,-9.602945821
0.11395020,-9.119675225,-9.602798184
0.11399414,-9.119680762,-9.602650795
0.11403809,-9.119686284,-9.602503655
0.11408203,-9.119691791,-9.602356761
0.11412598,-9.119697282,-9.602210114
0.11416992,-9.119702758,-9.602063714
0.11421387,-9.119708219,-9.601917558
0.11425781,-9.119713665,-9.601771648
0.11430176,-9.119719096,-9.601625981
0.11434570,-9.119724511,-9.601480558
0.11438965,-9.119729912,-9.601335377
0.11443359,-9.119735298,-9.601190438
0.11447754,-9.119740669,-9.601045741
0.11452148,-9.119746025,-9.600901284
0.11456543,-9.119751367,-9.600757066
0.11460937,-9.119756694,-9.600613089
0.11465332,-9.119762007,-9.600469349
0.11469727,-9.119767305,-9.600325847
0.11474121,-9.119772588,-9.600182582
0.11478516,-9.119777858,-9.600039554
0.11482910,-9.119783113,-9.599896761
0.11487305,-9.119788353,-9.599754203
0.11491699,-9.119793580,-9.599611879
0.11496094,-9.119798792,-9.599469788
0.11500488,-9.119803991,-9.599327930
0.11504883,-9.119809175,-9.599186304
0.11509277,-9.119814345,-9.599044909
0.11513672,-9.119819502,-9.598903745
0.11518066,-9.119824644,-9.598762810
0.11522461,-9.119829773,-9.598622104
0.11526855,-9.119834888,-9.598481625
0.11531250,-9.119839990,-9.598341374
0.11535645,-9.119845078,-9.598201350
0.11540039,-9.119850152,-9.598061551
0.11544434,-9.119855213,-9.597921977
0.11548828,-9.119860260,-9.597782627
0.11553223,-9.119865294,-9.597643500
0.11557617,-9.119870315,-9.597504596
0.11562012,-9.119875322,-9.597365913
0.11566406,-9.119880316,-9.597227450
0.11570801,-9.119885297,-9.597089208
0.11575195,-9.119890265,-9.596951184
0.11579590,-9.119895220,-9.596813379
0.11583984,-9.119900162,-9.596675791
0.11588379,-9.119905091,-9.596538419
0.11592773,-9.119910007,-9.596401262
0.11597168,-9.119914910,-9.596264320
0.11601562,-9.119919800,-9.596127592
0.11605957,-9.119924678,-9.595991076
0.11610352,-9.119929543,-9.595854772
0.11614746,-9.119934395,-9.595718679
0.11619141,-9.119939235,-9.595582796
0.11623535,-9.119944062,-9.595447121
0.11627930,-9.119948876,-9.595311654
0.11632324,-9.119953678,-9.595176394
0.11636719,-9.119958468,-9.595041340
0.11641113,-9.119963246,-9.594906491
0.11645508,-9.119968011,-9.594771846
0.11649902,-9.119972764,-9.594637404
0.11654297,-9.119977504,-9.594503163
0.11658691,-9.119982233,-9.594369123
0.11663086,-9.119986949,-9.594235283
0.11667480,-9.119991654,-9.594101641
0.11671875,-9.119996346,-9.593968196
0.11676270,-9.120001027,-9.593834948
0.11680664,-9.120005695,-9.593701895
0.11685059,-9.120010352,-9.593569036
0.11689453,-9.120014997,-9.593436371
0.11693848,-9.120019630,-9.593303896
0.11698242,-9.120024251,-9.593171613
0.11702637,-9.120028861,-9.593039518
0.11707031,-9.120033459,-9.592907612
0.11711426,-9.120038045,-9.592775893
0.11715820,-9.120042620,-9.592644360
0.11720215,-9.120047184,-9.592513010
0.11724609,-9.120051735,-9.592381844
0.11729004,-9.120056276,-9.592250860
0.11733398,-9.120060805,-9.592120057
0.11737793,-9.120065323,-9.591989432
0.11742187,-9.120069830,-9.591858986
0.11746582,-9.120074325,-9.591728716
0.11750977,-9.120078809,-9.591598621
0.11755371,-9.120083282,-9.591468699
0.11759766,-9.120087744,-9.591338950
0.11764160,-9.120092195,-9.591209372
0.11768555,-9.120096635,-9.591079963
0.11772949,-9.120101063,-9.590950722
0.11777344,-9.120105481,-9.590821647
0.11781738,-9.120109888,-9.590692737
0.11786133,-9.120114284,-9.590563991
0.11790527,-9.120118670,-9.590435405
0.11794922,-9.120123044,-9.590306980
0.11799316,-9.120127408,-9.590178714
0.11803711,-9.120131761,-9.590050604
0.11808105,-9.120136104,-9.589922649
0.11812500,-9.120140436,-9.589794847
0.11816895,-9.120144757,-9.589667196
0.11821289,-9.120149068,-9.589539696
0.11825684,-9.120153368,-9.589412343
0.11830078,-9.120157658,-9.589285136
0.11834473,-9.120161937,-9.589158073
0.11838867,-9.120166206,-9.589031152
0.11843262,-9.120170465,-9.588904371
0.11847656,-9.120174713,-9.588777728
0.11852051,-9.120178951,-9.588651221
0.11856445,-9.120183179,-9.588524847
0.11860840,-9.120187397,-9.588398606
0.11865234,-9.120191604,-9.588272493
0.11869629,-9.120195802,-9.588146508
0.11874023,-9.120199989,-9.588020647
0.11878418,-9.120204166,-9.587894909
0.11882812,-9.120208333,-9.587769290
0.11887207,-9.120212491,-9.587643789
0.11891602,-9.120216638,-9.587518403
0.11895996,-9.120220776,-9.587393128
0.11900391,-9.120224903,-9.587267963
0.11904785,-9.120229021,-9.587142905
0.11909180,-9.120233129,-9.587017950
0.11913574,-9.120237227,-9.586893097
0.11917969,-9.120241316,-9.586768341
0.11922363,-9.120245395,-9.586643679
0.11926758,-9.120249464,-9.586519110
0.11931152,-9.120253524,-9.586394629
0.11935547,-9.120257574,-9.586270233
0.11939941,-9.120261614,-9.586145918
0.11944336,-9.120265645,-9.586021682
0.11948730,-9.120269667,-9.585897520
0.11953125,-9.120273679,-9.585773429
0.11957520,-9.120277681,-9.585649406
0.11961914,-9.120281674,-9.585525445
0.11966309,-9.120285658,-9.585401544
0.11970703,-9.120289633,-9.585277699
0.11975098,-9.120293598,-9.585153904
0.11979492,-9.120297554,-9.585030157
0.11983887,-9.120301501,-9.584906451
0.11988281,-9.120305439,-9.584782784
0.11992676,-9.120309367,-9.584659150
0.11997070,-9.120313286,-9.584535545
0.12001465,-9.120317197,-9.584411963
0.12005859,-9.120321098,-9.584288400
0.12010254,-9.120324990,-9.584164851
0.12014648,-9.120328873,-9.584041310
0.12019043,-9.120332747,-9.583917772
0.12023437,-9.120336613,-9.583794231
0.12027832,-9.120340469,-9.583670682
0.12032227,-9.120344316,-9.583547118
0.12036621,-9.120348155,-9.583423534
0.12041016,-9.120351985,-9.583299924
0.12045410,-9.120355806,-9.583176280
0.12049805,-9.120359618,-9.583052596
0.12054199,-9.120363421,-9.582928866
0.12058594,-9.120367216,-9.582805082
0.12062988,-9.120371002,-9.582681237
0.12067383,-9.120374780,-9.582557323
0.12071777,-9.120378549,-9.582433333
0.12076172,-9.120382309,-9.582309258
0.12080566,-9.120386061,-9.582185091
0.12084961,-9.120389804,-9.582060822
0.12089355,-9.120393538,-9.581936444
0.12093750,-9.120397264,-9.581811945
0.12098145,-9.120400982,-9.581687318
0.12102539,-9.120404691,-9.581562553
0.12106934,-9.120408392,-9.581437638
0.12111328,-9.120412085,-9.581312564
0.12115723,-9.120415769,-9.581187319
0.12120117,-9.120419445,-9.581061893
0.12124512,-9.120423112,-9.580936274
0.12128906,-9.120426771,-9.580810449
0.12133301,-9.120430422,-9.580684407
0.12137695,-9.120434065,-9.580558134
0.12142090,-9.120437699,-9.580431618
0.12146484,-9.120441326,-9.580304843
0.12150879,-9.120444944,-9.580177797
0.12155273,-9.120448554,-9.580050465
0.12159668,-9.120452156,-9.579922831
0.12164063,-9.120455750,-9.579794879
0.12168457,-9.120459336,-9.579666595
0.12172852,-9.120462913,-9.579537960
0.12177246,-9.120466483,-9.579408959
0.12181641,-9.120470045,-9.579279573
0.12186035,-9.120473598,-9.579149784
0.12190430,-9.120477144,-9.579019573
0.12194824,-9.120480682,-9.578888923
0.12199219,-9.120484212,-9.578757811
0.12203613,-9.120487734,-9.578626219
0.12208008,-9.120491248,-9.578494126
0.12212402,-9.120494755,-9.578361510
0.12216797,-9.120498253,-9.578228348
0.12221191,-9.120501744,-9.578094620
0.12225586,-9.120505227,-9.577960301
0.12229980,-9.120508702,-9.577825367
0.12234375,-9.120512169,-9.577689795
0.12238770,-9.120515629,-9.577553559
0.12243164,-9.120519081,-9.577416634
0.12247559,-9.120522525,-9.577278993
0.12251953,-9.120525962,-9.577140610
0.12256348,-9.120529391,-9.577001456
0.12260742,-9.120532812,-9.576861504
0.12265137,-9.120536226,-9.576720724
0.12269531,-9.120539632,-9.576579086
0.12273926,-9.120543030,-9.576436559
0.12278320,-9.120546421,-9.576293112
0.12282715,-9.120549804,-9.576148712
0.12287109,-9.120553180,-9.576003325
0.12291504,-9.120556548,-9.575856918
0.12295898,-9.120559909,-9.575709454
0.12300293,-9.120563262,-9.575560897
0.12304688,-9.120566608,-9.575411210
0.12309082,-9.120569946,-9.575260352
0.12313477,-9.120573277,-9.575108285
0.12317871,-9.120576600,-9.574954967
0.12322266,-9.120579916,-9.574800355
0.12326660,-9.120583224,-9.574644405
0.12331055,-9.120586525,-9.574487071
0.12335449,-9.120589819,-9.574328307
0.12339844,-9.120593105,-9.574168063
0.12344238,-9.120596383,-9.574006291
0.12348633,-9.120599655,-9.573842938
0.12353027,-9.120602919,-9.573677950
0.12357422,-9.120606175,-9.573511273
0.12361816,-9.120609425,-9.573342850
0.12366211,-9.120612666,-9.573172622
0.12370605,-9.120615901,-9.573000528
0.12375000,-9.120619128,-9.572826507
0.12379395,-9.120622348,-9.572650494
0.12383789,-9.120625560,-9.572472423
0.12388184,-9.120628766,-9.572292226
0.12392578,-9.120631964,-9.572109833
0.12396973,-9.120635154,-9.571925171
0.12401367,-9.120638337,-9.571738168
0.12405762,-9.120641513,-9.571548748
0.12410156,-9.120644682,-9.571356831
0.12414551,-9.120647843,-9.571162340
0.12418945,-9.120650997,-9.570965191
0.12423340,-9.120654144,-9.570765301
0.12427734,-9.120657283,-9.570562585
0.12432129,-9.120660415,-9.570356954
0.12436523,-9.120663539,-9.570148320
0.12440918,-9.120666657,-9.569936590
0.12445312,-9.120669767,-9.569721673
0.12449707,-9.120672869,-9.569503472
0.12454102,-9.120675965,-9.569281891
0.12458496,-9.120679053,-9.569056831
0.12462891,-9.120682133,-9.568828193
0.12467285,-9.120685206,-9.568595873
0.12471680,-9.120688272,-9.568359769
0.12476074,-9.120691331,-9.568119776
0.12480469,-9.120694382,-9.567875785
0.12484863,-9.120697425,-9.567627689
0.12489258,-9.120700462,-9.567375377
0.12493652,-9.120703490,-9.567118736
0.12498047,-9.120706512,-9.566857653
0.12502441,-9.120709526,-9.566592009
0.12506836,-9.120712532,-9.566321687
0.12511230,-9.120715531,-9.566046564
0.12515625,-9.120718522,-9.565766516
0.12520020,-9.120721506,-9.565481413
0.12524414,-9.120724483,-9.565191123
0.12528809,-9.120727452,-9.564895511
0.12533203,-9.120730413,-9.564594435
0.12537598,-9.120733366,-9.564287749
0.12541992,-9.120736312,-9.563975301
0.12546387,-9.120739251,-9.563656932
0.12550781,-9.120742182,-9.563332479
0.12555176,-9.120745105,-9.563001768
0.12559570,-9.120748020,-9.562664621
0.12563965,-9.120750927,-9.562320850
0.12568359,-9.120753827,-9.561970257
0.12572754,-9.120756719,-9.561612639
0.12577148,-9.120759603,-9.561247780
0.12581543,-9.120762479,-9.560875456
0.12585937,-9.120765347,-9.560495433
0.12590332,-9.120768207,-9.560107465
0.12594727,-9.120771060,-9.559711297
0.12599121,-9.120773904,-9.559306664
0.12603516,-9.120776740,-9.558893289
0.12607910,-9.120779568,-9.558470886
0.12612305,-9.120782387,-9.558039155
0.12616699,-9.120785199,-9.557597789
0.12621094,-9.120788002,-9.557146469
0.12625488,-9.120790797,-9.556684865
0.12629883,-9.120793583,-9.556212638
0.12634277,-9.120796361,-9.555729440
0.12638672,-9.120799130,-9.555234912
0.12643066,-9.120801890,-9.554728688
0.12647461,-9.120804642,-9.554210391
0.12651855,-9.120807385,-9.553679637
0.12656250,-9.120810119,-9.553136037
0.12660645,-9.120812845,-9.552579191
0.12665039,-9.120815561,-9.552008696
0.12669434,-9.120818268,-9.551424141
0.12673828,-9.120820966,-9.550825110
0.12678223,-9.120823655,-9.550211186
0.12682617,-9.120826334,-9.549581943
0.12687012,-9.120829004,-9.548936956
0.12691406,-9.120831664,-9.548275796
0.12695801,-9.120834315,-9.547598032
0.12700195,-9.120836956,-9.546903233
0.12704590,-9.120839587,-9.546190968
0.12708984,-9.120842208,-9.545460805
0.12713379,-9.120844819,-9.544712314
0.12717773,-9.120847420,-9.543945067
0.12722168,-9.120850011,-9.543158640
0.12726562,-9.120852591,-9.542352609
0.12730957,-9.120855161,-9.541526557
0.12735352,-9.120857720,-9.540680070
0.12739746,-9.120860268,-9.539812740
0.12744141,-9.120862806,-9.538924164
0.12748535,-9.120865333,-9.538013946
0.12752930,-9.120867849,-9.537081698
0.12757324,-9.120870353,-9.536127037
0.12761719,-9.120872846,-9.535149589
0.12766113,-9.120875328,-9.534148988
0.12770508,-9.120877798,-9.533124874
0.12774902,-9.120880257,-9.532076895
0.12779297,-9.120882704,-9.531004704
0.12783691,-9.120885139,-9.529907961
0.12788086,-9.120887561,-9.528786324
0.12792480,-9.120889972,-9.527639455
0.12796875,-9.120892370,-9.526467013
0.12801270,-9.120894756,-9.525268650
0.12805664,-9.120897130,-9.524044011
0.12810059,-9.120899490,-9.522792727
0.12814453,-9.120901838,-9.521514413
0.12818848,-9.120904173,-9.520208665
0.12823242,-9.120906494,-9.518875055
0.12827637,-9.120908803,-9.517513126
0.12832031,-9.120911097,-9.516122392
0.12836426,-9.120913379,-9.514702333
0.12840820,-9.120915646,-9.513252389
0.12845215,-9.120917900,-9.511771965
0.12849609,-9.120920139,-9.510260421
0.12854004,-9.120922364,-9.508717077
0.12858398,-9.120924575,-9.507141206
0.12862793,-9.120926771,-9.505532038
0.12867187,-9.120928952,-9.503888760
0.12871582,-9.120931118,-9.502210514
0.12875977,-9.120933269,-9.500496397
0.12880371,-9.120935404,-9.498745469
0.12884766,-9.120937524,-9.496956746
0.12889160,-9.120939627,-9.495129210
0.12893555,-9.120941714,-9.493261809
0.12897949,-9.120943785,-9.491353456
0.12902344,-9.120945839,-9.489403040
0.12906738,-9.120947876,-9.487409424
0.12911133,-9.120949896,-9.485371450
0.12915527,-9.120951899,-9.483287944
0.12919922,-9.120953883,-9.481157720
0.12924316,-9.120955849,-9.478979581
0.12928711,-9.120957797,-9.476752329
0.12933105,-9.120959727,-9.474474762
0.12937500,-9.120961637,-9.472145685
0.12941895,-9.120963528,-9.469763907
0.12946289,-9.120965399,-9.467328252
0.12950684,-9.120967250,-9.464837555
0.12955078,-9.120969082,-9.462290674
0.12959473,-9.120970892,-9.459686486
0.12963867,-9.120972681,-9.457023893
0.12968262,-9.120974450,-9.454301826
0.12972656,-9.120976196,-9.451519246
0.12977051,-9.120977921,-9.448675148
0.12981445,-9.120979623,-9.445768560
0.12985840,-9.120981303,-9.442798551
0.12990234,-9.120982960,-9.439764225
0.12994629,-9.120984593,-9.436664729
0.12999023,-9.120986203,-9.433499253
0.13003418,-9.120987788,-9.430267026
0.13007812,-9.120989349,-9.426967325
0.13012207,-9.120990886,-9.423599468
0.13016602,-9.120992397,-9.420162821
0.13020996,-9.120993883,-9.416656793
0.13025391,-9.120995343,-9.413080839
0.13029785,-9.120996776,-9.409434459
0.13034180,-9.120998184,-9.405717199
0.13038574,-9.120999564,-9.401928648
0.13042969,-9.121000917,-9.398068438
0.13047363,-9.121002242,-9.394136247
0.13051758,-9.121003539,-9.390131794
0.13056152,-9.121004808,-9.386054838
0.13060547,-9.121006049,-9.381905180
0.13064941,-9.121007260,-9.377682661
0.13069336,-9.121008442,-9.373387156
0.13073730,-9.121009594,-9.369018578
0.13078125,-9.121010716,-9.364576874
0.13082520,-9.121011808,-9.360062022
0.13086914,-9.121012868,-9.355474027
0.13091309,-9.121013898,-9.350812913
0.13095703,-9.121014896,-9.346078706
0.13100098,-9.121015862,-9.341271395
0.13104492,-9.121016796,-9.336390885
0.13108887,-9.121017698,-9.331436937
0.13113281,-9.121018566,-9.326409099
0.13117676,-9.121019401,-9.321306636
0.13122070,-9.121020203,-9.316128458
0.13126465,-9.121020969,-9.310873059
0.13130859,-9.121021701,-9.305538460
0.13135254,-9.121022398,-9.300122161
0.13139648,-9.121023058,-9.294621113
0.13144043,-9.121023681,-9.289031693
0.13148437,-9.121024267,-9.283349701
0.13152832,-9.121024815,-9.277570368
0.13157227,-9.121025323,-9.271688371
0.13161621,-9.121025791,-9.265697872
0.13166016,-9.121026218,-9.259592551
0.13170410,-9.121026603,-9.253365665
0.13174805,-9.121026945,-9.247010096
0.13179199,-9.121027242,-9.240518422
0.13183594,-9.121027494,-9.233882982
0.13187988,-9.121027698,-9.227095941
0.13192383,-9.121027855,-9.220149366
0.13196777,-9.121027962,-9.213035294
0.13201172,-9.121028018,-9.205745800
0.13205566,-9.121028021,-9.198273067
0.13209961,-9.121027971,-9.190609443
0.13214355,-9.121027865,-9.182747507
0.13218750,-9.121027702,-9.174680122
0.13223145,-9.121027480,-9.166400480
0.13227539,-9.121027198,-9.157902155
0.13231934,-9.121026855,-9.149179136
0.13236328,-9.121026448,-9.140225865
0.13240723,-9.121025977,-9.131037263
0.13245117,-9.121025438,-9.121608754
0.13249512,-9.121024832,-9.111936283
0.13253906,-9.121024156,-9.102016329
0.13258301,-9.121023408,-9.091845914
0.13262695,-9.121022587,-9.081422606
0.13267090,-9.121021691,-9.070744517
0.13271484,-9.121020719,-9.059810303
0.13275879,-9.121019669,-9.048619153
0.13280273,-9.121018539,-9.037170778
0.13284668,-9.121017329,-9.025465402
0.13289062,-9.121016035,-9.013503740
0.13293457,-9.121014658,-9.001286986
0.13297852,-9.121013194,-8.988816789
0.13302246,-9.121011644,-8.976095232
0.13306641,-9.121010004,-8.963124813
0.13311035,-9.121008275,-8.949908419
0.13315430,-9.121006453,-8.936449302
0.13319824,-9.121004538,-8.922751056
0.13324219,-9.121002529,-8.908817589
0.13328613,-9.121000424,-8.894653103
0.13333008,-9.120998221,-8.880262066
0.13337402,-9.120995919,-8.865649187
0.13341797,-9.120993517,-8.850819393
0.13346191,-9.120991014,-8.835777806
0.13350586,-9.120988407,-8.820529718
0.13354980,-9.120985697,-8.805080567
0.13359375,-9.120982880,-8.789435916
0.13363770,-9.120979957,-8.773601431
0.13368164,-9.120976926,-8.757582859
0.13372559,-9.120973785,-8.741386004
0.13376953,-9.120970533,-8.725016707
0.13381348,-9.120967169,-8.708480822
0.13385742,-9.120963692,-8.691784190
0.13390137,-9.120960100,-8.674932609
0.13394531,-9.120956392,-8.657931801
0.13398926,-9.120952567,-8.640787353
0.13403320,-9.120948623,-8.623504637
0.13407715,-9.120944559,-8.606088623
0.13412109,-9.120940373,-8.588543333
0.13416504,-9.120936063,-8.570865530
0.13420898,-9.120931625,-8.553042418
0.13425293,-9.120927056,-8.535050652
0.13429687,-9.120922350,-8.516856369
0.13434082,-9.120917502,-8.498415978
0.13438477,-9.120912506,-8.479677475
0.13442871,-9.120907353,-8.460582098
0.13447266,-9.120902036,-8.441066145
0.13451660,-9.120896547,-8.421062854
0.13456055,-9.120890875,-8.400504223
0.13460449,-9.120885012,-8.379322731
0.13464844,-9.120878948,-8.357452879
0.13469238,-9.120872672,-8.334832551
0.13473633,-9.120866173,-8.311404163
0.13478027,-9.120859441,-8.287115597
0.13482422,-9.120852466,-8.261920929
0.13486816,-9.120845235,-8.235780964
0.13491211,-9.120837739,-8.208663581
0.13495605,-9.120829966,-8.180543916
0.13500000,-9.120821906,-8.151404396
0.13504395,-9.120813548,-8.121234650
0.13508789,-9.120804882,-8.090031308
0.13513184,-9.120795896,-8.057797711
0.13517578,-9.120786580,-8.024543550
0.13521973,-9.120776924,-7.990284447
0.13526367,-9.120766918,-7.955041499
0.13530762,-9.120756552,-7.918840789
0.13535156,-9.120745816,-7.881712883
0.13539551,-9.120734700,-7.843692322
0.13543945,-9.120723193,-7.804817109
0.13548340,-9.120711287,-7.765128215
0.13552734,-9.120698972,-7.724669096
0.13557129,-9.120686238,-7.683485223
0.13561523,-9.120673074,-7.641623650
0.13565918,-9.120659473,-7.599132591
0.13570313,-9.120645423,-7.556061045
0.13574707,-9.120630915,-7.512458430
0.13579102,-9.120615939,-7.468374261
0.13583496,-9.120600484,-7.423857856
0.13587891,-9.120584542,-7.378958066
0.13592285,-9.120568100,-7.333723040
0.13596680,-9.120551150,-7.288200015
0.13601074,-9.120533679,-7.242435134
0.13605469,-9.120515677,-7.196473288
0.13609863,-9.120497133,-7.150357983
0.13614258,-9.120478034,-7.104131231
0.13618652,-9.120458369,-7.057833457
0.13623047,-9.120438125,-7.011503426
0.13627441,-9.120417291,-6.965178190
0.13631836,-9.120395851,-6.918893049
0.13636230,-9.120373793,-6.872681523
0.13640625,-9.120351103,-6.826575336
0.13645020,-9.120327766,-6.780604416
0.13649414,-9.120303766,-6.734796893
0.13653809,-9.120279087,-6.689179113
0.13658203,-9.120253714,-6.643775654
0.13662598,-9.120227629,-6.598609339
0.13666992,-9.120200813,-6.553701256
0.13671387,-9.120173249,-6.509070770
0.13675781,-9.120144916,-6.464735535
0.13680176,-9.120115794,-6.420711484
0.13684570,-9.120085862,-6.377012807
0.13688965,-9.120055096,-6.333651896
0.13693359,-9.120023474,-6.290639232
0.13697754,-9.119990971,-6.247983197
0.13702148,-9.119957559,-6.205689737
0.13706543,-9.119923212,-6.163761758
0.13710938,-9.119887899,-6.122198030
0.13715332,-9.119851588,-6.080991002
0.13719727,-9.119814242,-6.040122023
0.13724121,-9.119775814,-5.999548982
0.13728516,-9.119736215,-5.959163781
0.13732910,-9.119695107,-5.918516230
0.13737305,-9.119652161,-5.875064783
0.13741699,-9.119607059,-5.826817342
0.13746094,-9.119559489,-5.772279105
0.13750488,-9.119509152,-5.710395053
0.13754883,-9.119455749,-5.640491331
0.13759277,-9.119398988,-5.562218323
0.13763672,-9.119338574,-5.475497136
0.13768066,-9.119274210,-5.380470508
0.13772461,-9.119205590,-5.277458619
0.13776855,-9.119132398,-5.166919931
0.13781250,-9.119054302,-5.049416973
0.13785645,-9.118970951,-4.925586801
0.13790039,-9.118881968,-4.796115828
0.13794434,-9.118786949,-4.661718618
0.13798828,-9.118685453,-4.523120263
0.13803223,-9.118576999,-4.381041944
0.13807617,-9.118461058,-4.236189298
0.13812012,-9.118337042,-4.089243234
0.13816406,-9.118204300,-3.940852868
0.13820801,-9.118062104,-3.791630280
0.13825195,-9.117909638,-3.642146821
0.13829590,-9.117745980,-3.492930722
0.13833984,-9.117570090,-3.344465796
0.13838379,-9.117380782,-3.197191038
0.13842773,-9.117176706,-3.051500965
0.13847168,-9.116956312,-2.907746531
0.13851563,-9.116717811,-2.766236514
0.13855957,-9.116459134,-2.627239242
0.13860352,-9.116177869,-2.490984586
0.13864746,-9.115871191,-2.357666113
0.13869141,-9.115535765,-2.227443351
0.13873535,-9.115167634,-2.100444091
0.13877930,-9.114762060,-1.976766671
0.13882324,-9.114313327,-1.856482206
0.13886719,-9.113814474,-1.739636690
0.13891113,-9.113256936,-1.626252951
0.13895508,-9.112630059,-1.516332380
0.13899902,-9.111920421,-1.409856361
0.13904297,-9.111110870,-1.306787321
0.13908691,-9.110179137,-1.207069223
0.13913086,-9.109095773,-1.110627269
0.13917480,-9.107821007,-1.017366408
0.13921875,-9.106299785,-0.927167907
0.13926270,-9.104453660,-0.839882665
0.13930664,-9.102166894,-0.755318640
0.13935059,-9.099261302,-0.673216954
0.13939453,-9.095447597,-0.593204428
0.13943848,-9.090222799,-0.514692205
0.13948242,-9.082628253,-0.436635079
0.13952637,-9.070582559,-0.356866041
0.13957031,-9.048557617,-0.269774770
0.13961426,-8.995405250,-0.154138951
0.13965820,-8.686508807,0.214711944
0.13970215,-6.840503908,2.118127733
0.13974609,-4.977253445,4.043109963
0.13979004,-3.112616079,5.962189910
0.13983398,-1.259589656,7.854517304
0.13987793,0.571245895,9.704506773
0.13992188,2.371354830,11.500754543
0.13996582,4.133929500,13.235170692
0.14000977,5.853622446,14.902283611
0.14005371,7.526318958,16.498682283
0.14009766,9.148943689,18.022568989
0.14014160,10.719296036,19.473400631
0.14018555,12.235909873,20.851601224
0.14022949,13.697933929,22.158331631
0.14027344,15.105029732,23.395305350
0.14031738,16.457284495,24.564641398
0.14036133,17.755136747,25.668747074
0.14040527,18.999312850,26.710224818
0.14044922,20.190772824,27.691798487
0.14049316,21.330664124,28.616255299
0.14053711,22.420282260,29.486400394
0.14058105,23.461037252,30.305021569
0.14062500,24.454425127,31.074862217
0.14066895,25.402003718,31.798600843
0.14071289,26.305372188,32.478835895
0.14075684,27.166153743,33.118074830
0.14080078,27.985981092,33.718726594
0.14084473,28.766484283,34.283096805
0.14088867,29.509280571,34.813385102
0.14093262,30.215966049,35.311684188
0.14097656,30.888108788,35.779980220
0.14102051,31.527243285,36.220154238
0.14106445,32.134866028,36.633984391
0.14110840,32.712432028,37.023148772
0.14115234,33.261352175,37.389228695
0.14119629,33.782991304,37.733712299
0.14124023,34.278666867,38.057998361
0.14128418,34.749648118,38.363400243
0.14132812,35.197155742,38.651149904
0.14137207,35.622361843,38.922401928
0.14141602,36.026390254,39.178237519
0.14145996,36.410317102,39.419668429
0.14150391,36.775171583,39.647640801
0.14154785,37.121936919,39.863038901
0.14159180,37.451551454,40.066688728
0.14163574,37.764909862,40.259361478
0.14167969,38.062864439,40.441776881
0.14172363,38.346226465,40.614606378
0.14176758,38.615767609,40.778476153
0.14181152,38.872221362,40.933970015
0.14185547,39.116284486,41.081632128
0.14189941,39.348618472,41.221969600
0.14194336,39.569850983,41.355454919
0.14198730,39.780577287,41.482528255
0.14203125,39.981361671,41.603599628
0.14207520,40.172738824,41.719050940
0.14211914,40.355215184,41.829237887
0.14216309,40.529270264,41.934491747
0.14220703,40.695357918,42.035121058
0.14225098,40.853907588,42.131413184
0.14229492,41.005325494,42.223635781
0.14233887,41.149995785,42.312038165
0.14238281,41.288281650,42.396852585
0.14242676,41.420526379,42.478295417
0.14247070,41.547054386,42.556568270
0.14251465,41.668172183,42.631859017
0.14255859,41.784169318,42.704342758
0.14260254,41.895319262,42.774182715
0.14264648,42.001880266,42.841531059
0.14269043,42.104096169,42.906529686
0.14273437,42.202197175,42.969310938
0.14277832,42.296400582,43.029998267
0.14282227,42.386911491,43.088706857
0.14286621,42.473923463,43.145544203
0.14291016,42.557619155,43.200610645
0.14295410,42.638170920,43.253999866
0.14299805,42.715741372,43.305799357
0.14304199,42.790483931,43.356090845
0.14308594,42.862543333,43.404950693
0.14312988,42.932056110,43.452450273
0.14317383,42.999151059,43.498656311
0.14321777,43.063949666,43.543631206
0.14326172,43.126566527,43.587433329
0.14330566,43.187109731,43.630117304
0.14334961,43.245681234,43.671734262
0.14339355,43.302377204,43.712332081
0.14343750,43.357288351,43.751955613
0.14348145,43.410500241,43.790646888
0.14352539,43.462093591,43.828445309
0.14356934,43.512144543,43.865387831
0.14361328,43.560724932,43.901509131
0.14365723,43.607902533,43.936841759
0.14370117,43.653741294,43.971416287
0.14374512,43.698301560,44.005261444
0.14378906,43.741640282,44.038404238
0.14383301,43.783811212,44.070870077
0.14387695,43.824865093,44.102682878
0.14392090,43.864849832,44.133865164
0.14396484,43.903810666,44.164438164
0.14400879,43.941790321,44.194421897
0.14405273,43.978829157,44.223835256
0.14409668,44.014965308,44.252696084
0.14414062,44.050234812,44.281021245
0.14418457,44.084671737,44.308826690
0.14422852,44.118308294,44.336127517
0.14427246,44.151174949,44.362938031
0.14431641,44.183300527,44.389271797
0.14436035,44.214712307,44.415141688
0.14440430,44.245436115,44.440559932
0.14444824,44.275496410,44.465538157
0.14449219,44.304916364,44.490087427
0.14453613,44.333717940,44.514218285
0.14458008,44.361921965,44.537940780
0.14462402,44.389548194,44.561264507
0.14466797,44.416615377,44.584198634
0.14471191,44.443141315,44.606751928
0.14475586,44.469142922,44.628932784
0.14479980,44.494636273,44.650749248
0.14484375,44.519636656,44.672209040
0.14488770,44.544158617,44.693319572
0.14493164,44.568216006,44.714087974
0.14497559,44.591822018,44.734521107
0.14501953,44.614989231,44.754625578
0.14506348,44.637729642,44.774407764
0.14510742,44.660054702,44.793873817
0.14515137,44.681975351,44.813029685
0.14519531,44.703502041,44.831881119
0.14523926,44.724644772,44.850433691
0.14528320,44.745413115,44.868692798
0.14532715,44.765816237,44.886663677
0.14537109,44.785862925,44.904351413
0.14541504,44.805561608,44.921760947
0.14545898,44.824920379,44.938897086
0.14550293,44.843947012,44.955764509
0.14554687,44.862648982,44.972367775
0.14559082,44.881033482,44.988711329
0.14563477,44.899107438,45.004799509
0.14567871,44.916877526,45.020636550
0.14572266,44.934350183,45.036226591
0.14576660,44.951531625,45.051573681
0.14581055,44.968427853,45.066681780
0.14585449,44.985044673,45.081554765
0.14589844,45.001387698,45.096196436
0.14594238,45.017462366,45.110610518
0.14598633,45.033273944,45.124800662
0.14603027,45.048827541,45.138770455
0.14607422,45.064128114,45.152523414
0.14611816,45.079180476,45.166062997
0.14616211,45.093989307,45.179392601
0.14620605,45.108559156,45.192515565
0.14625000,45.122894450,45.205435175
0.14629395,45.136999502,45.218154662
0.14633789,45.150878512,45.230677206
0.14638184,45.164535578,45.243005939
0.14642578,45.177974697,45.255143944
0.14646973,45.191199772,45.267094262
0.14651367,45.204214614,45.278859884
0.14655762,45.217022951,45.290443764
0.14660156,45.229628425,45.301848809
0.14664551,45.242034602,45.313077891
0.14668945,45.254244973,45.324133839
0.14673340,45.266262957,45.335019445
0.14677734,45.278091904,45.345737465
0.14682129,45.289735098,45.356290618
0.14686523,45.301195761,45.366681588
0.14690918,45.312477054,45.376913026
0.14695312,45.323582081,45.386987547
0.14699707,45.334513887,45.396907736
0.14704102,45.345275467,45.406676143
0.14708496,45.355869762,45.416295290
0.14712891,45.366299664,45.425767666
0.14717285,45.376568016,45.435095731
0.14721680,45.386677617,45.444281914
0.14726074,45.396631218,45.453328617
0.14730469,45.406431527,45.462238213
0.14734863,45.416081213,45.471013046
0.14739258,45.425582902,45.479655434
0.14743652,45.434939179,45.488167666
0.14748047,45.444152593,45.496552005
0.14752441,45.453225656,45.504810690
0.14756836,45.462160842,45.512945931
0.14761230,45.470960591,45.520959915
0.14765625,45.479627308,45.528854801
0.14770020,45.488163365,45.536632727
0.14774414,45.496571102,45.544295803
0.14778809,45.504852826,45.551846117
0.14783203,45.513010813,45.559285733
0.14787598,45.521047310,45.566616691
0.14791992,45.528964534,45.573841007
0.14796387,45.536764671,45.580960676
0.14800781,45.544449881,45.587977670
0.14805176,45.552022295,45.594893935
0.14809570,45.559484017,45.601711401
0.14813965,45.566837124,45.608431971
0.14818359,45.574083667,45.615057528
0.14822754,45.581225671,45.621589935
0.14827148,45.588265137,45.628031033
0.14831543,45.595204039,45.634382640
0.14835937,45.602044327,45.640646556
0.14840332,45.608787930,45.646824560
0.14844727,45.615436748,45.652918410
0.14849121,45.621992663,45.658929844
0.14853516,45.628457532,45.664860580
0.14857910,45.634833188,45.670712318
0.14862305,45.641121443,45.676486737
0.14866699,45.647324089,45.682185498
0.14871094,45.653442894,45.687810240
0.14875488,45.659479605,45.693362588
0.14879883,45.665435950,45.698844145
0.14884277,45.671313634,45.704256496
0.14888672,45.677114343,45.709601208
0.14893066,45.682839743,45.714879832
0.14897461,45.688491480,45.720093897
0.14901855,45.694071179,45.725244918
0.14906250,45.699580449,45.730334392
0.14910645,45.705020876,45.735363797
0.14915039,45.710394030,45.740334595
0.14919434,45.715701462,45.745248231
0.14923828,45.720944705,45.750106135
0.14928223,45.726125271,45.754909716
0.14932617,45.731244659,45.759660371
0.14937012,45.736304345,45.764359479
0.14941406,45.741305793,45.769008404
0.14945801,45.746250445,45.773608492
0.14950195,45.751139729,45.778161075
0.14954590,45.755975056,45.782667470
0.14958984,45.760757818,45.787128976
0.14963379,45.765489393,45.791546881
0.14967773,45.770171142,45.795922454
0.14972168,45.774804411,45.800256951
0.14976562,45.779390527,45.804551614
0.14980957,45.783930806,45.808807669
0.14985352,45.788426544,45.813026329
0.14989746,45.792879026,45.817208791
0.14994141,45.797289517,45.821356239
0.14998535,45.801659272,45.825469844
0.15002930,45.805989528,45.829550762
0.15007324,45.810281510,45.833600137
0.15011719,45.814536424,45.837619097
0.15016113,45.818755468,45.841608758
0.15020508,45.822939821,45.845570225
0.15024902,45.827090651,45.849504586
0.15029297,45.831209110,45.853412920
0.15033691,45.835296338,45.857296291
0.15038086,45.839353461,45.861155751
0.15042480,45.843381592,45.864992340
0.15046875,45.847381831,45.868807086
0.15051270,45.851355264,45.872601003
0.15055664,45.855302966,45.876375095
0.15060059,45.859225998,45.880130354
0.15064453,45.863125408,45.883867760
0.15068848,45.867002234,45.887588282
0.15073242,45.870857499,45.891292875
0.15077637,45.874692215,45.894982486
0.15082031,45.878507382,45.898658050
0.15086426,45.882303990,45.902320490
0.15090820,45.886083014,45.905970717
0.15095215,45.889845421,45.909609635
0.15099609,45.893592162,45.913238135
0.15104004,45.897324182,45.916857096
0.15108398,45.901042412,45.920467390
0.15112793,45.904747771,45.924069875
0.15117187,45.908441170,45.927665402
0.15121582,45.912123507,45.931254811
0.15125977,45.915795670,45.934838931
0.15130371,45.919458537,45.938418581
0.15134766,45.923112975,45.941994573
0.15139160,45.926759841,45.945567707
0.15143555,45.930399982,45.949138773
0.15147949,45.934034234,45.952708554
0.15152344,45.937663425,45.956277822
0.15156738,45.941288370,45.959847339
0.15161133,45.944909879,45.963417860
0.15165527,45.948528747,45.966990131
0.15169922,45.952145764,45.970564887
0.15174316,45.955761709,45.974142855
0.15178711,45.959377350,45.977724755
0.15183105,45.962993449,45.981311297
0.15187500,45.966610756,45.984903182
0.15191895,45.970230014,45.988501103
0.15196289,45.973851957,45.992105746
0.15200684,45.977477309,45.995717787
0.15205078,45.981106786,45.999337895
0.15209473,45.984741096,46.002966729
0.15213867,45.988380937,46.006604943
0.15218262,45.992027000,46.010253182
0.15222656,45.995679968,46.013912082
0.15227051,45.999340514,46.017582271
0.15231445,46.003009304,46.021264373
0.15235840,46.006686997,46.024958999
0.15240234,46.010374241,46.028666758
0.15244629,46.014071679,46.032388248
0.15249023,46.017779945,46.036124060
0.15253418,46.021499666,46.039874779
0.15257812,46.025231461,46.043640983
0.15262207,46.028975939,46.047423240
0.15266602,46.032733707,46.051222115
0.15270996,46.036505359,46.055038163
0.15275391,46.040291484,46.058871933
0.15279785,46.044092666,46.062723968
0.15284180,46.047909477,46.066594804
0.15288574,46.051742487,46.070484968
0.15292969,46.055592254,46.074394984
0.15297363,46.059459332,46.078325366
0.15301758,46.063344269,46.082276625
0.15306152,46.067247604,46.086249261
0.15310547,46.071169869,46.090243773
0.15314941,46.075111591,46.094260648
0.15319336,46.079073289,46.098300372
0.15323730,46.083055476,46.102363421
0.15328125,46.087058660,46.106450266
0.15332520,46.091083339,46.110561373
0.15336914,46.095130008,46.114697201
0.15341309,46.099199153,46.118858202
0.15345703,46.103291256,46.123044824
0.15350098,46.107406792,46.127257507
0.15354492,46.111546229,46.131496688
0.15358887,46.115710029,46.135762795
0.15363281,46.119898649,46.140056254
0.15367676,46.124112540,46.144377480
0.15372070,46.128352146,46.148726888
0.15376465,46.132617906,46.153104885
0.15380859,46.136910253,46.157511871
0.15385254,46.141229613,46.161948243
0.15389648,46.145576408,46.166414391
0.15394043,46.149951055,46.170910701
0.15398438,46.154353962,46.175437552
0.15402832,46.158785535,46.179995319
0.15407227,46.163246173,46.184584372
0.15411621,46.167736269,46.189205075
0.15416016,46.172256212,46.193857786
0.15420410,46.176806384,46.198542861
0.15424805,46.181387164,46.203260648
0.15429199,46.185998923,46.208011492
0.15433594,46.190642029,46.212795731
0.15437988,46.195316843,46.217613700
0.15442383,46.200023724,46.222465728
0.15446777,46.204763023,46.227352141
0.15451172,46.209535086,46.232273259
0.15455566,46.214340256,46.237229396
0.15459961,46.219178871,46.242220865
0.15464355,46.224051263,46.247247970
0.15468750,46.228957759,46.252311015
0.15473145,46.233898682,46.257410296
0.15477539,46.238874351,46.262546107
0.15481934,46.243885079,46.267718736
0.15486328,46.248931176,46.272928468
0.15490723,46.254012946,46.278175583
0.15495117,46.259130690,46.283460356
0.15499512,46.264284704,46.288783061
0.15503906,46.269475278,46.294143964
0.15508301,46.274702700,46.299543330
0.15512695,46.279967254,46.304981419
0.15517090,46.285269219,46.310458486
0.15521484,46.290608868,46.315974785
0.15525879,46.295986474,46.321530563
0.15530273,46.301402303,46.327126066
0.15534668,46.306856617,46.332761534
0.15539063,46.312349676,46.338437206
0.15543457,46.317881736,46.344153315
0.15547852,46.323453047,46.349910092
0.15552246,46.329063858,46.355707766
0.15556641,46.334714413,46.361546559
0.15561035,46.340404953,46.367426692
0.15565430,46.346135715,46.373348384
0.15569824,46.351906933,46.379311848
0.15574219,46.357718838,46.385317297
0.15578613,46.363571657,46.391364939
0.15583008,46.369465614,46.397454980
0.15587402,46.375400930,46.403587622
0.15591797,46.381377823,46.409763066
0.15596191,46.387396508,46.415981509
0.15600586,46.393457197,46.422243147
0.15604980,46.399560099,46.428548172
0.15609375,46.405705421,46.434896773
0.15613770,46.411893366,46.441289140
0.15618164,46.418124137,46.447725456
0.15622559,46.424397930,46.454205906
0.15626953,46.430714943,46.460730671
0.15631348,46.437075369,46.467299929
0.15635742,46.443479400,46.473913859
0.15640137,46.449927226,46.480572636
0.15644531,46.456419033,46.487276433
0.15648926,46.462955007,46.494025423
0.15653320,46.469535330,46.500819776
0.15657715,46.476160185,46.507659662
0.15662109,46.482829752,46.514545248
0.15666504,46.489544207,46.521476701
0.15670898,46.496303727,46.528454185
0.15675293,46.503108488,46.535477866
0.15679688,46.509958663,46.542547906
0.15684082,46.516854423,46.549664469
0.15688477,46.523795941,46.556827715
0.15692871,46.530783385,46.564037805
0.15697266,46.537816925,46.571294901
0.15701660,46.544896729,46.578599161
0.15706055,46.552022963,46.585950746
0.15710449,46.559195795,46.593349815
0.15714844,46.566415389,46.600796527
0.15719238,46.573681912,46.608291041
0.15723633,46.580995528,46.615833517
0.15728027,46.588356402,46.623424113
0.15732422,46.595764697,46.631062990
0.15736816,46.603220580,46.638750309
0.15741211,46.610724213,46.646486229
0.15745605,46.618275762,46.654270911
0.15750000,46.625875390,46.662104519
0.15754395,46.633523265,46.669987216
0.15758789,46.641219550,46.677919164
0.15763184,46.648964412,46.685900530
0.15767578,46.656758018,46.693931479
0.15771973,46.664600536,46.702012180
0.15776367,46.672492134,46.710142802
0.15780762,46.680432983,46.718323515
0.15785156,46.688423252,46.726554493
0.15789551,46.696463115,46.734835909
0.15793945,46.704552745,46.743167941
0.15798340,46.712692317,46.751550766
0.15802734,46.720882008,46.759984566
0.15807129,46.729121996,46.768469523
0.15811523,46.737412462,46.777005824
0.15815918,46.745753589,46.785593656
0.15820312,46.754145561,46.794233210
0.15824707,46.762588566,46.802924681
0.15829102,46.771082792,46.811668265
0.15833496,46.779628431,46.820464163
0.15837891,46.788225678,46.829312576
0.15842285,46.796874731,46.838213713
0.15846680,46.805575789,46.847167783
0.15851074,46.814329056,46.856175000
0.15855469,46.823134739,46.865235582
0.15859863,46.831993046,46.874349749
0.15864258,46.840904191,46.883517728
0.15868652,46.849868391,46.892739748
0.15873047,46.858885866,46.902016044
0.15877441,46.867956840,46.911346852
0.15881836,46.877081541,46.920732417
0.15886230,46.886260201,46.930172986
0.15890625,46.895493057,46.939668811
0.15895020,46.904780349,46.949220150
0.15899414,46.914122321,46.958827264
0.15903809,46.923519224,46.968490422
0.15908203,46.932971312,46.978209896
0.15912598,46.942478843,46.987985964
0.15916992,46.952042082,46.997818911
0.15921387,46.961661297,47.007709025
0.15925781,46.971336762,47.017656601
0.15930176,46.981068757,47.027661941
0.15934570,46.990857566,47.037725353
0.15938965,47.000703481,47.047847148
0.15943359,47.010606796,47.058027647
0.15947754,47.020567813,47.068267175
0.15952148,47.030586841,47.078566065
0.15956543,47.040664191,47.088924656
0.15960937,47.050800185,47.099343293
0.15965332,47.060995148,47.109822329
0.15969727,47.071249412,47.120362123
0.15974121,47.081563315,47.130963041
0.15978516,47.091937204,47.141625456
0.15982910,47.102371428,47.152349750
0.15987305,47.112866348,47.163136310
0.15991699,47.123422328,47.173985532
0.15996094,47.134039740,47.184897818
0.16000488,47.144718964,47.195873578
0.16004883,47.155460386,47.206913231
0.16009277,47.166264400,47.218017202
0.16013672,47.177131407,47.229185926
0.16018066,47.188061814,47.240419842
0.16022461,47.199056039,47.251719402
0.16026855,47.210114504,47.263085062
0.16031250,47.221237640,47.274517288
0.16035645,47.232425887,47.286016555
0.16040039,47.243679690,47.297583343
0.16044434,47.254999504,47.309218143
0.16048828,47.266385792,47.320921455
0.16053223,47.277839023,47.332693785
0.16057617,47.289359677,47.344535649
0.16062012,47.300948239,47.356447572
0.16066406,47.312605205,47.368430085
0.16070801,47.324331077,47.380483731
0.16075195,47.336126367,47.392609058
0.16079590,47.347991595,47.404806627
0.16083984,47.359927288,47.417077004
0.16088379,47.371933982,47.429420765
0.16092773,47.384012222,47.441838494
0.16097168,47.396162563,47.454330787
0.16101562,47.408385564,47.466898244
0.16105957,47.420681798,47.479541476
0.16110352,47.433051841,47.492261104
0.16114746,47.445496283,47.505057756
0.16119141,47.458015718,47.517932070
0.16123535,47.470610751,47.530884690
0.16127930,47.483281996,47.543916273
0.16132324,47.496030073,47.557027481
0.16136719,47.508855614,47.570218986
0.16141113,47.521759256,47.583491470
0.16145508,47.534741647,47.596845621
0.16149902,47.547803444,47.610282138
0.16154297,47.560945309,47.623801726
0.16158691,47.574167915,47.637405101
0.16163086,47.587471945,47.651092986
0.16167480,47.600858087,47.664866113
0.16171875,47.614327039,47.678725221
0.16176270,47.627879508,47.692671059
0.16180664,47.641516207,47.706704382
0.16185059,47.655237859,47.720825955
0.16189453,47.669045195,47.735036550
0.16193848,47.682938953,47.749336948
0.16198242,47.696919880,47.763727935
0.16202637,47.710988730,47.778210308
0.16207031,47.725146266,47.792784869
0.16211426,47.739393257,47.807452429
0.16215820,47.753730482,47.822213805
0.16220215,47.768158725,47.837069823
0.16224609,47.782678778,47.852021315
0.16229004,47.797291441,47.867069118
0.16233398,47.811997522,47.882214080
0.16237793,47.826797834,47.897457051
0.16242187,47.841693197,47.912798891
0.16246582,47.856684440,47.928240466
0.16250977,47.871772397,47.943782645
0.16255371,47.886957908,47.959426306
0.16259766,47.902241821,47.975172332
0.16264160,47.917624989,47.991021612
0.16268555,47.933108271,48.006975040
0.16272949,47.948692533,48.023033514
0.16277344,47.964378644,48.039197939
0.16281738,47.980167482,48.055469225
0.16286133,47.996059929,48.071848284
0.16290527,48.012056871,48.088336035
0.16294922,48.028159200,48.104933400
0.16299316,48.044367812,48.121641306
0.16303711,48.060683610,48.138460683
0.16308105,48.077107498,48.155392464
0.16312500,48.093640386,48.172437585
0.16316895,48.110283188,48.189596988
0.16321289,48.127036821,48.206871615
0.16325684,48.143902206,48.224262411
0.16330078,48.160880267,48.241770324
0.16334473,48.177971931,48.259396302
0.16338867,48.195178127,48.277141298
0.16343262,48.212499790,48.295006265
0.16347656,48.229937852,48.312992156
0.16352051,48.247493250,48.331099926
0.16356445,48.265166924,48.349330532
0.16360840,48.282959814,48.367684929
0.16365234,48.300872860,48.386164074
0.16369629,48.318907004,48.404768922
0.16374023,48.337063190,48.423500429
0.16378418,48.355342362,48.442359550
0.16382812,48.373745462,48.461347238
0.16387207,48.392273434,48.480464446
0.16391602,48.410927222,48.499712124
0.16395996,48.429707767,48.519091221
0.16400391,48.448616010,48.538602682
0.16404785,48.467652893,48.558247453
0.16409180,48.486819352,48.578026473
0.16413574,48.506116326,48.597940679
0.16417969,48.525544747,48.617991006
0.16422363,48.545105548,48.638178383
0.16426758,48.564799659,48.658503736
0.16431152,48.584628003,48.678967986
0.16435547,48.604591505,48.699572049
0.16439941,48.624691083,48.720316836
0.16444336,48.644927651,48.741203253
0.16448730,48.665302120,48.762232199
0.16453125,48.685815395,48.783404567
0.16457520,48.706468376,48.804721244
0.16461914,48.727261959,48.826183109
0.16466309,48.748197033,48.847791036
0.16470703,48.769274481,48.869545890
0.16475098,48.790495181,48.891448527
0.16479492,48.811860003,48.913499797
0.16483887,48.833369811,48.935700540
0.16488281,48.855025459,48.958051588
0.16492676,48.876827798,48.980553762
0.16497070,48.898777668,49.003207876
0.16501465,48.920875900,49.026014733
0.16505859,48.943123319,49.048975125
0.16510254,48.965520740,49.072089834
0.16514648,48.988068967,49.095359632
0.16519043,49.010768797,49.118785278
0.16523437,49.033621015,49.142367522
0.16527832,49.056626398,49.166107101
0.16532227,49.079785712,49.190004739
0.16536621,49.103099709,49.214061148
0.16541016,49.126569134,49.238277028
0.16545410,49.150194719,49.262653066
0.16549805,49.173977183,49.287189934
0.16554199,49.197917235,49.311888292
0.16558594,49.222015569,49.336748787
0.16562988,49.246272871,49.361772048
0.16567383,49.270689808,49.386958693
0.16571777,49.295267038,49.412309324
0.16576172,49.320005204,49.437824529
0.16580566,49.344904935,49.463504877
0.16584961,49.369966847,49.489350926
0.16589355,49.395191541,49.515363216
0.16593750,49.420579601,49.541542270
0.16598145,49.446131601,49.567888596
0.16602539,49.471848095,49.594402686
0.16606934,49.497729624,49.621085012
0.16611328,49.523776713,49.647936031
0.16615723,49.549989871,49.674956185
0.16620117,49.576369590,49.702145893
0.16624512,49.602916347,49.729505561
0.16628906,49.629630601,49.757035574
0.16633301,49.656512794,49.784736301
0.16637695,49.683563353,49.812608091
0.16642090,49.710782685,49.840651275
0.16646484,49.738171180,49.868866164
0.16650879,49.765729212,49.897253053
0.16655273,49.793457135,49.925812215
0.16659668,49.821355286,49.954543905
0.16664062,49.849423984,49.983448358
0.16668457,49.877663527,50.012525789
0.16672852,49.906074198,50.041776395
0.16677246,49.934656258,50.071200352
0.16681641,49.963409952,50.100797816
0.16686035,49.992335502,50.130568922
0.16690430,50.021433114,50.160513786
0.16694824,50.050702974,50.190632504
0.16699219,50.080145247,50.220925150
0.16703613,50.109760079,50.251391780
0.16708008,50.139547598,50.282032426
0.16712402,50.169507910,50.312847102
0.16716797,50.199641101,50.343835801
0.16721191,50.229947238,50.374998494
0.16725586,50.260426367,50.406335133
0.16729980,50.291078516,50.437845647
0.16734375,50.321903690,50.469529946
0.16738770,50.352901874,50.501387918
0.16743164,50.384073035,50.533419431
0.16747559,50.415417116,50.565624332
0.16751953,50.446934043,50.598002446
0.16756348,50.478623720,50.630553579
0.16760742,50.510486031,50.663277514
0.16765137,50.542520838,50.696174016
0.16769531,50.574727985,50.729242827
0.16773926,50.607107294,50.762483669
0.16778320,50.639658567,50.795896243
0.16782715,50.672381586,50.829480232
0.16787109,50.705276112,50.863235295
0.16791504,50.738341885,50.897161072
0.16795898,50.771578628,50.931257184
0.16800293,50.804986040,50.965523231
0.16804687,50.838563801,50.999958792
0.16809082,50.872311574,51.034563427
0.16813477,50.906228998,51.069336677
0.16817871,50.940315694,51.104278062
0.16822266,50.974571264,51.139387084
0.16826660,51.008995289,51.174663224
0.16831055,51.043587332,51.210105945
0.16835449,51.078346935,51.245714691
0.16839844,51.113273622,51.281488887
0.16844238,51.148366898,51.317427940
0.16848633,51.183626248,51.353531237
0.16853027,51.219051141,51.389798149
0.16857422,51.254641025,51.426228028
0.16861816,51.290395330,51.462820207
0.16866211,51.326313468,51.499574005
0.16870605,51.362394835,51.536488720
0.16875000,51.398638806,51.573563636
0.16879395,51.435044740,51.610798017
0.16883789,51.471611980,51.648191114
0.16888184,51.508339850,51.685742160
0.16892578,51.545227659,51.723450371
0.16896973,51.582274697,51.761314950
0.16901367,51.619480240,51.799335082
0.16905762,51.656843546,51.837509940
0.16910156,51.694363859,51.875838679
0.16914551,51.732040406,51.914320440
0.16918945,51.769872401,51.952954353
0.16923340,51.807859039,51.991739530
0.16927734,51.845999504,52.030675073
0.16932129,51.884292964,52.069760067
0.16936523,51.922738573,52.108993589
0.16940918,51.961335472,52.148374699
0.16945312,52.000082787,52.187902446
0.16949707,52.038979632,52.227575870
0.16954102,52.078025108,52.267393996
0.16958496,52.117218303,52.307355839
0.16962891,52.156558293,52.347460404
0.16967285,52.196044143,52.387706684
0.16971680,52.235674905,52.428093664
0.16976074,52.275449621,52.468620318
0.16980469,52.315367322,52.509285610
0.16984863,52.355427027,52.550088498
0.16989258,52.395627747,52.591027928
0.16993652,52.435968482,52.632102839
0.16998047,52.476448223,52.673312165
0.17002441,52.517065951,52.714654827
0.17006836,52.557820641,52.756129744
0.17011230,52.598711256,52.797735826
0.17015625,52.639736755,52.839471978
0.17020020,52.680896085,52.881337098
0.17024414,52.722188189,52.923330079
0.17028809,52.763612003,52.965449808
0.17033203,52.805166455,53.007695170
0.17037598,52.846850469,53.050065043
0.17041992,52.888662961,53.092558303
0.17046387,52.930602843,53.135173821
0.17050781,52.972669022,53.177910465
0.17055176,53.014860401,53.220767103
0.17059570,53.057175878,53.263742597
0.17063965,53.099614348,53.306835809
0.17068359,53.142174701,53.350045599
0.17072754,53.184855826,53.393370827
0.17077148,53.227656608,53.436810351
0.17081543,53.270575931,53.480363028
0.17085937,53.313612676,53.524027718
0.17090332,53.356765724,53.567803279
0.17094727,53.400033953,53.611688570
0.17099121,53.443416242,53.655682451
0.17103516,53.486911468,53.699783784
0.17107910,53.530518510,53.743991435
0.17112305,53.574236246,53.788304269
0.17116699,53.618063555,53.832721154
0.17121094,53.661999318,53.877240964
0.17125488,53.706042416,53.921862574
0.17129883,53.750191735,53.966584862
0.17134277,53.794446158,54.011406713
0.17138672,53.838804577,54.056327014
0.17143066,53.883265881,54.101344658
0.17147461,53.927828967,54.146458543
0.17151855,53.972492732,54.191667571
0.17156250,54.017256080,54.236970653
0.17160645,54.062117917,54.282366702
0.17165039,54.107077156,54.327854642
0.17169434,54.152132713,54.373433400
0.17173828,54.197283510,54.419101912
0.17178223,54.242528476,54.464859121
0.17182617,54.287866543,54.510703978
0.17187012,54.333296652,54.556635441
0.17191406,54.378817749,54.602652478
0.17195801,54.424428789,54.648754063
0.17200195,54.470128731,54.694939182
0.17204590,54.515916545,54.741206828
0.17208984,54.561791206,54.787556004
0.17213379,54.607751698,54.833985722
0.17217773,54.653797015,54.880495005
0.17222168,54.699926156,54.927082885
0.17226563,54.746138133,54.973748405
0.17230957,54.792431963,55.020490619
0.17235352,54.838806676,55.067308591
0.17239746,54.885261310,55.114201397
0.17244141,54.931794913,55.161168123
0.17248535,54.978406543,55.208207868
0.17252930,55.025095267,55.255319741
0.17257324,55.071860166,55.302502864
0.17261719,55.118700329,55.349756370
0.17266113,55.165614856,55.397079406
0.17270508,55.212602860,55.444471130
0.17274902,55.259663463,55.491930713
0.17279297,55.306795800,55.539457338
0.17283691,55.353999018,55.587050202
0.17288086,55.401272275,55.634708513
0.17292480,55.448614741,55.682431495
0.17296875,55.496025599,55.730218383
0.17301270,55.543504044,55.778068425
0.17305664,55.591049282,55.825980885
0.17310059,55.638660534,55.873955039
0.17314453,55.686337033,55.921990175
0.17318848,55.734078024,55.970085598
0.17323242,55.781882765,56.018240624
0.17327637,55.829750529,56.066454584
0.17332031,55.877680600,56.114726824
0.17336426,55.925672276,56.163056701
0.17340820,55.973724869,56.211443589
0.17345215,56.021837702,56.259886876
0.17349609,56.070010116,56.308385961
0.17354004,56.118241460,56.356940260
0.17358398,56.166531102,56.405549202
0.17362793,56.214878419,56.454212231
0.17367188,56.263282805,56.502928803
0.17371582,56.311743665,56.551698391
0.17375977,56.360260421,56.600520481
0.17380371,56.408832505,56.649394571
0.17384766,56.457459365,56.698320175
0.17389160,56.506140463,56.747296823
0.17393555,56.554875273,56.796324054
0.17397949,56.603663285,56.845401425
0.17402344,56.652504000,56.894528505
0.17406738,56.701396934,56.943704878
0.17411133,56.750341618,56.992930139
0.17415527,56.799337594,57.042203900
0.17419922,56.848384419,57.091525785
0.17424316,56.897481663,57.140895432
0.17428711,56.946628909,57.190312489
0.17433105,56.995825755,57.239776623
0.17437500,57.045071810,57.289287509
0.17441895,57.094366697,57.338844838
0.17446289,57.143710053,57.388448312
0.17450684,57.193101526,57.438097647
0.17455078,57.242540779,57.487792571
0.17459473,57.292027485,57.537532824
0.17463867,57.341561333,57.587318159
0.17468262,57.391142022,57.637148340
0.17472656,57.440769263,57.687023144
0.17477051,57.490442781,57.736942359
0.17481445,57.540162311,57.786905785
0.17485840,57.589927603,57.836913233
0.17490234,57.639738415,57.886964526
0.17494629,57.689594518,57.937059496
0.17499023,57.739495696,57.987197987
0.17503418,57.789441741,58.037379854
0.17507813,57.839432459,58.087604962
0.17512207,57.889467665,58.137873185
0.17516602,57.939547185,58.188184408
0.17520996,57.989670856,58.238538526
0.17525391,58.039838524,58.288935442
0.17529785,58.090050046,58.339375068
0.17534180,58.140305288,58.389857327
0.17538574,58.190604126,58.440382149
0.17542969,58.240946446,58.490949472
0.17547363,58.291332142,58.541559243
0.17551758,58.341761116,58.592211416
0.17556152,58.392233280,58.642905954
0.17560547,58.442748555,58.693642827
0.17564941,58.493306868,58.744422009
0.17569336,58.543908155,58.795243485
0.17573730,58.594552360,58.846107243
0.17578125,58.645239432,58.897013280
0.17582520,58.695969330,58.947961596
0.17586914,58.746742017,58.998952199
0.17591309,58.797557465,59.049985099
0.17595703,58.848415650,59.101060315
0.17600098,58.899316554,59.152177867
0.17604492,58.950260166,59.203337781
0.17608887,59.001246479,59.254540086
0.17613281,59.052275492,59.305784815
0.17617676,59.103347206,59.357072005
0.17622070,59.154461630,59.408401694
0.17626465,59.205618773,59.459773924
0.17630859,59.256818652,59.511188740
0.17635254,59.308061284,59.562646186
0.17639648,59.359346690,59.614146310
0.17644043,59.410674893,59.665689160
0.17648437,59.462045921,59.717274785
0.17652832,59.513459799,59.768903235
0.17657227,59.564916559,59.820574558
0.17661621,59.616416231,59.872288805
0.17666016,59.667958846,59.924046024
0.17670410,59.719544437,59.975846261
0.17674805,59.771173037,60.027689564
0.17679199,59.822844677,60.079575976
0.17683594,59.874559389,60.131505538
0.17687988,59.926317205,60.183478290
0.17692383,59.978118154,60.235494269
0.17696777,60.029962263,60.287553507
0.17701172,60.081849559,60.339656032
0.17705566,60.133780064,60.391801870
0.17709961,60.185753800,60.443991042
0.17714355,60.237770785,60.496223561
0.17718750,60.289831031,60.548499437
0.17723145,60.341934548,60.600818675
0.17727539,60.394081343,60.653181272
0.17731934,60.446271415,60.705587219
0.17736328,60.498504760,60.758036500
0.17740723,60.550781368,60.810529090
0.17745117,60.603101223,60.863064958
0.17749512,60.655464301,60.915644064
0.17753906,60.707870574,60.968266359
0.17758301,60.760320004,61.020931784
0.17762695,60.812812547,61.073640272
0.17767090,60.865348151,61.126391744
0.17771484,60.917926753,61.179186112
0.17775879,60.970548284,61.232023275
0.17780273,61.023212663,61.284903124
0.17784668,61.075919803,61.337825533
0.17789062,61.128669601,61.390790368
0.17793457,61.181461948,61.443797479
0.17797852,61.234296722,61.496846706
0.17802246,61.287173790,61.549937871
0.17806641,61.340093004,61.603070785
0.17811035,61.393054208,61.656245244
0.17815430,61.446057229,61.709461026
0.17819824,61.499101883,61.762717897
0.17824219,61.552187971,61.816015603
0.17828613,61.605315279,61.869353877
0.17833008,61.658483579,61.922732431
0.17837402,61.711692628,61.976150964
0.17841797,61.764942165,62.029609151
0.17846191,61.818231914,62.083106654
0.17850586,61.871561583,62.136643111
0.17854980,61.924930862,62.190218145
0.17859375,61.978339421,62.243831354
0.17863770,62.031786915,62.297482318
0.17868164,62.085272978,62.351170596
0.17872559,62.138797225,62.404895723
0.17876953,62.192359251,62.458657214
0.17881348,62.245958631,62.512454561
0.17885742,62.299594920,62.566287230
0.17890137,62.353267648,62.620154666
0.17894531,62.406976328,62.674056288
0.17898926,62.460720447,62.727991491
0.17903320,62.514499469,62.781959643
0.17907715,62.568312837,62.835960087
0.17912109,62.622159966,62.889992139
0.17916504,62.676040250,62.944055087
0.17920898,62.729953057,62.998148193
0.17925293,62.783897726,63.052270689
0.17929687,62.837873575,63.106421778
0.17934082,62.891879890,63.160600634
0.17938477,62.945915933,63.214806401
0.17942871,62.999980936,63.269038192
0.17947266,63.054074104,63.323295089
0.17951660,63.108194612,63.377576142
0.17956055,63.162341604,63.431880367
0.17960449,63.216514196,63.486206749
0.17964844,63.270711472,63.540554238
0.17969238,63.324932484,63.594921751
0.17973633,63.379176252,63.649308168
0.17978027,63.433441764,63.703712335
0.17982422,63.487727975,63.758133061
0.17986816,63.542033803,63.812569118
0.17991211,63.596358135,63.867019242
0.17995605,63.650699822,63.921482129
0.18000000,63.705057679,63.975956437
0.18004395,63.759430482,64.030440786
0.18008789,63.813816975,64.084933753
0.18013184,63.868215859,64.139433876
0.18017578,63.922625801,64.193939652
0.18021973,63.977045427,64.248449535
0.18026367,64.031473323,64.302961938
0.18030762,64.085908036,64.357475228
0.18035156,64.140348071,64.411987730
0.18039551,64.194791892,64.466497724
0.18043945,64.249237920,64.521003444
0.18048340,64.303684535,64.575503078
0.18052734,64.358130072,64.629994768
0.18057129,64.412572821,64.684476608
0.18061523,64.467011029,64.738946644
0.18065918,64.521442895,64.793402873
0.18070312,64.575866576,64.847843242
0.18074707,64.630280177,64.902265650
0.18079102,64.684681758,64.956667942
0.18083496,64.739069332,65.011047913
0.18087891,64.793440860,65.065403307
0.18092285,64.847794255,65.119731813
0.18096680,64.902127379,65.174031066
0.18101074,64.956438045,65.228298649
0.18105469,65.010724011,65.282532087
0.18109863,65.064982984,65.336728851
0.18114258,65.119212620,65.390886356
0.18118652,65.173410517,65.445001957
0.18123047,65.227574222,65.499072954
0.18127441,65.281701224,65.553096586
0.18131836,65.335788959,65.607070035
0.18136230,65.389834804,65.660990421
0.18140625,65.443836080,65.714854804
0.18145020,65.497790048,65.768660182
0.18149414,65.551693913,65.822403491
0.18153809,65.605544819,65.876081604
0.18158203,65.659339850,65.929691331
0.18162598,65.713076028,65.983229418
0.18166992,65.766750317,66.036692544
0.18171387,65.820359614,66.090077323
0.18175781,65.873900758,66.143380305
0.18180176,65.927370519,66.196597970
0.18184570,65.980765608,66.249726732
0.18188965,66.034082668,66.302762935
0.18193359,66.087318277,66.355702854
0.18197754,66.140468945,66.408542697
0.18202148,66.193531119,66.461278599
0.18206543,66.246501175,66.513906623
0.18210937,66.299375421,66.566422763
0.18215332,66.352150098,66.618822938
0.18219727,66.404821374,66.671102997
0.18224121,66.457385350,66.723258713
0.18228516,66.509838055,66.775285785
0.18232910,66.562175445,66.827179838
0.18237305,66.614393406,66.878936420
0.18241699,66.666487749,66.930551005
0.18246094,66.718454214,66.982018989
0.18250488,66.770288465,67.033335691
0.18254883,66.821986093,67.084496351
0.18259277,66.873542612,67.135496134
0.18263672,66.924953462,67.186330123
0.18268066,66.976214005,67.236993323
0.18272461,67.027319528,67.287480659
0.18276855,67.078265239,67.337786974
0.18281250,67.129046269,67.387907033
0.18285645,67.179657670,67.437835517
0.18290039,67.230094416,67.487567027
0.18294434,67.280351399,67.537096081
0.18298828,67.330423435,67.586417114
0.18303223,67.380305257,67.635524479
0.18307617,67.429991517,67.684412444
0.18312012,67.479476787,67.733075194
0.18316406,67.528755558,67.781506831
0.18320801,67.577822236,67.829701369
0.18325195,67.626671147,67.877652742
0.18329590,67.675296533,67.925354795
0.18333984,67.723692555,67.972801289
0.18338379,67.771853288,68.019985899
0.18342773,67.819772723,68.066902215
0.18347168,67.867444771,68.113543740
0.18351562,67.914863253,68.159903891
0.18355957,67.962021909,68.205975999
0.18360352,68.008914395,68.251753307
0.18364746,68.055534278,68.297228973
0.18369141,68.101875043,68.342396067
0.18373535,68.147930090,68.387247574
0.18377930,68.193692731,68.431776390
0.18382324,68.239156195,68.475975325
0.18386719,68.284313624,68.519837101
0.18391113,68.329158073,68.563354356
0.18395508,68.373682514,68.606519639
0.18399902,68.417879832,68.649325413
0.18404297,68.461742826,68.691764054
0.18408691,68.505264209,68.733827852
0.18413086,68.548436609,68.775509012
0.18417480,68.591252569,68.816799651
0.18421875,68.633704545,68.857691801
0.18426270,68.675784910,68.898177411
0.18430664,68.717485950,68.938248341
0.18435059,68.758799867,68.977896370
0.18439453,68.799718778,69.017113189
0.18443848,68.840234717,69.055890409
0.18448242,68.880339633,69.094219555
0.18452637,68.920025391,69.132092070
0.18457031,68.959283774,69.169499314
0.18461426,68.998106482,69.206432566
0.18465820,69.036485131,69.242883024
0.18470215,69.074411258,69.278841805
0.18474609,69.111876316,69.314299945
0.18479004,69.148871679,69.349248402
0.18483398,69.185388639,69.383678056
0.18487793,69.221418412,69.417579709
0.18492187,69.256952130,69.450944085
0.18496582,69.291980852,69.483761834
0.18500977,69.326495556,69.516023529
0.18505371,69.360487144,69.547719671
0.18509766,69.393946443,69.578840687
0.18514160,69.426864206,69.609376931
0.18518555,69.459231109,69.639318686
0.18522949,69.491037757,69.668656169
0.18527344,69.522274681,69.697379522
0.18531738,69.552932344,69.725478825
0.18536133,69.583001136,69.752944088
0.18540527,69.612471378,69.779765258
0.18544922,69.641333325,69.805932218
0.18549316,69.669577163,69.831434788
0.18553711,69.697193015,69.856262728
0.18558105,69.724170937,69.880405737
0.18562500,69.750500924,69.903853458
0.18566895,69.776172908,69.926595476
0.18571289,69.801176762,69.948621321
0.18575684,69.825502300,69.969920472
0.18580078,69.849139276,69.990482353
0.18584473,69.872077392,70.010296340
0.18588867,69.894306294,70.029351761
0.18593262,69.915815573,70.047637897
0.18597656,69.936594772,70.065143985
0.18602051,69.956633383,70.081859218
0.18606445,69.975920850,70.097772748
0.18610840,69.994446573,70.112873692
0.18615234,70.012199904,70.127151124
0.18619629,70.029170155,70.140594089
0.18624023,70.045346598,70.153191594
0.18628418,70.060718465,70.164932620
0.18632812,70.075274952,70.175806116
0.18637207,70.089005218,70.185801007
0.18641602,70.101898393,70.194906193
0.18645996,70.113943574,70.203110551
0.18650391,70.125129830,70.210402940
0.18654785,70.135446204,70.216772202
0.18659180,70.144881713,70.222207162
0.18663574,70.153425355,70.226696637
0.18667969,70.161066105,70.230229429
0.18672363,70.167792924,70.232794335
0.18676758,70.173594755,70.234380149
0.18681152,70.178460530,70.234975658
0.18685547,70.182379170,70.234569655
0.18689941,70.185339588,70.233150930
0.18694336,70.187330692,70.230708283
0.18698730,70.188341388,70.227230521
0.18703125,70.188360579,70.222706462
0.18707520,70.187377173,70.217124936
0.18711914,70.185380081,70.210474793
0.18716309,70.182358224,70.202744900
0.18720703,70.178300531,70.193924146
0.18725098,70.173195943,70.184001447
0.18729492,70.167033420,70.172965745
0.18733887,70.159801937,70.160806015
0.18738281,70.151490493,70.147511265
0.18742676,70.142088110,70.133070540
0.18747070,70.131583835,70.117472924
0.18751465,70.119966748,70.100707545
0.18755859,70.107225960,70.082763578
0.18760254,70.093350617,70.063630246
0.18764648,70.078329906,70.043296823
0.18769043,70.062153053,70.021752642
0.18773437,70.044809329,69.998987091
0.18777832,70.026288055,69.974989621
0.18782227,70.006578599,69.949749749
0.18786621,69.985670385,69.923257057
0.18791016,69.963552893,69.895501201
0.18795410,69.940215664,69.866471910
0.18799805,69.915648300,69.836158991
0.18804199,69.889840471,69.804552333
0.18808594,69.862781914,69.771641907
0.18812988,69.834462441,69.737417773
0.18817383,69.804871937,69.701870080
0.18821777,69.774000367,69.664989072
0.18826172,69.741837779,69.626765091
0.18830566,69.708374303,69.587188577
0.18834961,69.673600160,69.546250076
0.18839355,69.637505661,69.503940239
0.18843750,69.600081212,69.460249829
0.18848145,69.561317317,69.415169720
0.18852539,69.521204581,69.368690905
0.18856934,69.479733714,69.320804497
0.18861328,69.436895531,69.271501729
0.18865723,69.392680960,69.220773964
0.18870117,69.347081043,69.168612692
0.18874512,69.300086937,69.115009539
0.18878906,69.251689920,69.059956263
0.18883301,69.201881395,69.003444765
0.18887695,69.150652890,68.945467085
0.18892090,69.097996063,68.886015412
0.18896484,69.043902704,68.825082081
0.18900879,68.988364742,68.762659579
0.18905273,68.931374241,68.698740550
0.18909668,68.872923411,68.633317793
0.18914063,68.813004605,68.566384271
0.18918457,68.751610325,68.497933108
0.18922852,68.688733224,68.427957598
0.18927246,68.624366111,68.356451203
0.18931641,68.558501951,68.283407559
0.18936035,68.491133869,68.208820477
0.18940430,68.422255155,68.132683947
0.18944824,68.351859264,68.054992141
0.18949219,68.279939821,67.975739414
0.18953613,68.206490624,67.894920311
0.18958008,68.131505643,67.812529564
0.18962402,68.054979028,67.728562099
0.18966797,67.976905110,67.643013037
0.18971191,67.897278401,67.555877696
0.18975586,67.816093600,67.467151595
0.18979980,67.733345597,67.376830458
0.18984375,67.649029468,67.284910210
0.18988770,67.563140488,67.191386989
0.18993164,67.475674125,67.096257138
0.18997559,67.386626048,66.999517217
0.19001953,67.295992125,66.901163998
0.19006348,67.203768431,66.801194472
0.19010742,67.109951243,66.699605848
0.19015137,67.014537050,66.596395557
0.19019531,66.917522550,66.491561252
0.19023926,66.818904653,66.385100814
0.19028320,66.718680486,66.277012351
0.19032715,66.616847393,66.167294197
0.19037109,66.513402935,66.055944922
0.19041504,66.408344897,65.942963326
0.19045898,66.301671285,65.828348444
0.19050293,66.193380332,65.712099548
0.19054688,66.083470496,65.594216147
0.19059082,65.971940465,65.474697991
0.19063477,65.858789157,65.353545069
0.19067871,65.744015721,65.230757614
0.19072266,65.627619543,65.106336101
0.19076660,65.509600239,64.980281251
0.19081055,65.389957667,64.852594031
0.19085449,65.268691919,64.723275655
0.19089844,65.145803329,64.592327585
0.19094238,65.021292469,64.459751533
0.19098633,64.895160156,64.325549460
0.19103027,64.767407448,64.189723578
0.19107422,64.638035648,64.052276353
0.19111816,64.507046302,63.913210499
0.19116211,64.374441205,63.772528988
0.19120605,64.240222397,63.630235042
0.19125000,64.104392167,63.486332139
0.19129395,63.966953049,63.340824010
0.19133789,63.827907831,63.193714642
0.19138184,63.687259547,63.045008275
0.19142578,63.545011482,62.894709408
0.19146973,63.401167172,62.742822790
0.19151367,63.255730403,62.589353429
0.19155762,63.108705214,62.434306588
0.19160156,62.960095892,62.277687783
0.19164551,62.809906978,62.119502785
0.19168945,62.658143264,61.959757622
0.19173340,62.504809794,61.798458574
0.19177734,62.349911863,61.635612175
0.19182129,62.193455016,61.471225211
0.19186523,62.035445051,61.305304722
0.19190918,61.875888015,61.137858001
0.19195313,61.714790206,60.968892588
0.19199707,61.552158171,60.798416277
0.19204102,61.387998709,60.626437110
0.19208496,61.222318863,60.452963375
0.19212891,61.055125928,60.278003612
0.19217285,60.886427444,60.101566601
0.19221680,60.716231198,59.923661373
0.19226074,60.544545221,59.744297197
0.19230469,60.371377789,59.563483588
0.19234863,60.196737423,59.381230298
0.19239258,60.020632884,59.197547323
0.19243652,59.843073173,59.012444891
0.19248047,59.664067533,58.825933469
0.19252441,59.483625444,58.638023758
0.19256836,59.301756621,58.448726690
0.19261230,59.118471018,58.258053429
0.19265625,58.933778818,58.066015364
0.19270020,58.747690439,57.872624114
0.19274414,58.560216529,57.677891520
0.19278809,58.371367961,57.481829646
0.19283203,58.181155840,57.284450775
0.19287598,57.989591489,57.085767407
0.19291992,57.796686459,56.885792259
0.19296387,57.602452519,56.684538259
0.19300781,57.406901654,56.482018545
0.19305176,57.210046070,56.278246462
0.19309570,57.011898182,56.073235562
0.19313965,56.812470618,55.866999598
0.19318359,56.611776216,55.659552521
0.19322754,56.409828018,55.450908480
0.19327148,56.206639272,55.241081818
0.19331543,56.002223426,55.030087068
0.19335938,55.796594127,54.817938949
0.19340332,55.589765218,54.604652369
0.19344727,55.381750735,54.390242412
0.19349121,55.172564903,54.174724346
0.19353516,54.962222135,53.958113610
0.19357910,54.750737030,53.740425817
0.19362305,54.538124366,53.521676747
0.19366699,54.324399100,53.301882347
0.19371094,54.109576365,53.081058725
0.19375488,53.893671464,52.859222146
0.19379883,53.676699871,52.636389033
0.19384277,53.458677224,52.412575957
0.19388672,53.239619324,52.187799638
0.19393066,53.019542130,51.962076941
0.19397461,52.798461757,51.735424870
0.19401855,52.576394471,51.507860567
0.19406250,52.353356689,51.279401305
0.19410645,52.129364971,51.050064489
0.19415039,51.904436018,50.819867647
0.19419434,51.678586669,50.588828429
0.19423828,51.451833898,50.356964604
0.19428223,51.224194810,50.124294053
0.19432617,50.995686634,49.890834769
0.19437012,50.766326725,49.656604848
0.19441406,50.536132557,49.421622491
0.19445801,50.305121716,49.185905994
0.19450195,50.073311904,48.949473750
0.19454590,49.840720928,48.712344238
0.19458984,49.607366699,48.474536028
0.19463379,49.373267231,48.236067766
0.19467773,49.138440629,47.996958180
0.19472168,48.902905095,47.757226069
0.19476562,48.666678915,47.516890303
0.19480957,48.429780463,47.275969816
0.19485352,48.192228189,47.034483605
0.19489746,47.954040623,46.792450722
0.19494141,47.715236363,46.549890272
0.19498535,47.475834080,46.306821409
0.19502930,47.235852505,46.063263334
0.19507324,46.995310430,45.819235284
0.19511719,46.754226703,45.574756535
0.19516113,46.512620224,45.329846395
0.19520508,46.270509941,45.084524199
0.19524902,46.027914845,44.838809306
0.19529297,45.784853965,44.592721095
0.19533691,45.541346369,44.346278959
0.19538086,45.297411153,44.099502304
0.19542480,45.053067443,43.852410543
0.19546875,44.808334385,43.605023091
0.19551270,44.563231148,43.357359363
0.19555664,44.317776912,43.109438768
0.19560059,44.071990871,42.861280706
0.19564453,43.825892224,42.612904566
0.19568848,43.579500175,42.364329715
0.19573242,43.332833925,42.115575503
0.19577637,43.085912670,41.866661253
0.19582031,42.838755598,41.617606259
0.19586426,42.591381883,41.368429782
0.19590820,42.343810682,41.119151044
0.19595215,42.096061132,40.869789230
0.19599609,41.848152343,40.620363476
0.19604004,41.600103399,40.370892871
0.19608398,41.351933348,40.121396452
0.19612793,41.103661204,39.871893199
0.19617187,40.855305940,39.622402032
0.19621582,40.606886485,39.372941806
0.19625977,40.358421718,39.123531312
0.19630371,40.109930469,38.874189265
0.19634766,39.861431512,38.624934309
0.19639160,39.612943561,38.375785009
0.19643555,39.364485267,38.126759847
0.19647949,39.116075216,37.877877221
0.19652344,38.867731923,37.629155438
0.19656738,38.619473830,37.380612716
0.19661133,38.371319303,37.132267176
0.19665527,38.123286625,36.884136838
0.19669922,37.875393997,36.636239624
0.19674316,37.627659532,36.388593346
0.19678711,37.380101253,36.141215711
0.19683105,37.132737089,35.894124313
0.19687500,36.885584871,35.647336631
0.19691895,36.638662330,35.400870027
0.19696289,36.391987094,35.154741739
0.19700684,36.145576683,34.908968886
0.19705078,35.899448507,34.663568456
0.19709473,35.653619866,34.418557310
0.19713867,35.408107940,34.173952176
0.19718262,35.162929794,33.929769646
0.19722656,34.918102367,33.686026176
0.19727051,34.673642479,33.442738079
0.19731445,34.429566817,33.199921527
0.19735840,34.185891941,32.957592547
0.19740234,33.942634277,32.715767015
0.19744629,33.699810118,32.474460659
0.19749023,33.457435615,32.233689055
0.19753418,33.215526780,31.993467620
0.19757812,32.974099485,31.753811618
0.19762207,32.733169451,31.514736152
0.19766602,32.492752254,31.276256161
0.19770996,32.252863321,31.038386424
0.19775391,32.013517924,30.801141552
0.19779785,31.774731182,30.564535988
0.19784180,31.536518056,30.328584007
0.19788574,31.298893349,30.093299711
0.19792969,31.061871701,29.858697030
0.19797363,30.825467592,29.624789718
0.19801758,30.589695335,29.391591353
0.19806152,30.354569076,29.159115334
0.19810547,30.120102794,28.927374882
0.19814941,29.886310296,28.696383035
0.19819336,29.653205218,28.466152649
0.19823730,29.420801021,28.236696395
0.19828125,29.189110992,28.008026760
0.19832520,28.958148240,27.780156045
0.19836914,28.727925697,27.553096360
0.19841309,28.498456115,27.326859630
0.19845703,28.269752063,27.101457586
0.19850098,28.041825929,26.876901772
0.19854492,27.814689918,26.653203538
0.19858887,27.588356050,26.430374040
0.19863281,27.362836159,26.208424242
0.19867676,27.138141889,25.987364913
0.19872070,26.914284702,25.767206628
0.19876465,26.691275865,25.547959763
0.19880859,26.469126459,25.329634502
0.19885254,26.247847374,25.112240827
0.19889648,26.027449306,24.895788526
0.19894043,25.807942761,24.680287189
0.19898437,25.589338052,24.465746205
0.19902832,25.371645298,24.252174767
0.19907227,25.154874424,24.039581868
0.19911621,24.939035160,23.827976302
0.19916016,24.724137043,23.617366663
0.19920410,24.510189413,23.407761348
0.19924805,24.297201414,23.199168550
0.19929199,24.085181995,22.991596267
0.19933594,23.874139909,22.785052296
0.19937988,23.664083711,22.579544234
0.19942383,23.455021762,22.375079479
0.19946777,23.246962223,22.171665231
0.19951172,23.039913063,21.969308490
0.19955566,22.833882050,21.768016059
0.19959961,22.628876759,21.567794541
0.19964355,22.424904566,21.368650344
0.19968750,22.221972652,21.170589677
0.19973145,22.020088003,20.973618551
0.19977539,21.819257408,20.777742784
0.19981934,21.619487461,20.582967996
0.19986328,21.420784561,20.389299614
0.19990723,21.223154914,20.196742867
0.19995117,21.026604530,20.005302796
0.19999512,20.831139226,19.814984244
0.20003906,20.636764627,19.625791865
0.20008301,20.443486165,19.437730121
0.20012695,20.251309079,19.250803284
0.20017090,20.060238419,19.065015436
0.20021484,19.870279044,18.880370470
0.20025879,19.681435624,18.696872095
0.20030273,19.493712639,18.514523829
0.20034668,19.307114383,18.333329008
0.20039062,19.121644960,18.153290784
0.20043457,18.937308293,17.974412123
0.20047852,18.754108114,17.796695812
0.20052246,18.572047976,17.620144457
0.20056641,18.391131247,17.444760484
0.20061035,18.211361112,17.270546142
0.20065430,18.032740577,17.097503501
0.20069824,17.855272468,16.925634458
0.20074219,17.678959433,16.754940735
0.20078613,17.503803940,16.585423882
0.20083008,17.329808286,16.417085277
0.20087402,17.156974588,16.249926130
0.20091797,16.985304794,16.083947480
0.20096191,16.814800677,15.919150202
0.20100586,16.645463840,15.755535005
0.20104980,16.477295719,15.593102433
0.20109375,16.310297580,15.431852871
0.20113770,16.144470521,15.271786542
0.20118164,15.979815480,15.112903509
0.20122559,15.816333226,14.955203681
0.20126953,15.654024371,14.798686808
0.20131348,15.492889364,14.643352490
0.20135742,15.332928495,14.489200173
0.20140137,15.174141899,14.336229153
0.20144531,15.016529553,14.184438577
0.20148926,14.860091283,14.033827447
0.20153320,14.704826759,13.884394619
0.20157715,14.550735505,13.736138806
0.20162109,14.397816892,13.589058580
0.20166504,14.246070146,13.443152372
0.20170898,14.095494347,13.298418479
0.20175293,13.946088433,13.154855058
0.20179687,13.797851197,13.012460136
0.20184082,13.650781295,12.871231605
0.20188477,13.504877243,12.731167228
0.20192871,13.360137421,12.592264640
0.20197266,13.216560073,12.454521350
0.20201660,13.074143313,12.317934742
0.20206055,12.932885121,12.182502078
0.20210449,12.792783350,12.048220498
0.20214844,12.653835724,11.915087026
0.20219238,12.516039843,11.783098568
0.20223633,12.379393182,11.652251914
0.20228027,12.243893096,11.522543744
0.20232422,12.109536819,11.393970624
0.20236816,11.976321468,11.266529014
0.20241211,11.844244042,11.140215266
0.20245605,11.713301428,11.015025625
0.20250000,11.583490400,10.890956237
0.20254395,11.454807622,10.768003144
0.20258789,11.327249650,10.646162290
0.20263184,11.200812932,10.525429522
0.20267578,11.075493813,10.405800591
0.20271973,10.951288536,10.287271155
0.20276367,10.828193240,10.169836781
0.20280762,10.706203970,10.053492947
0.20285156,10.585316670,9.938235044
0.20289551,10.465527192,9.824058375
0.20293945,10.346831293,9.710958162
0.20298340,10.229224639,9.598929545
0.20302734,10.112702809,9.487967584
0.20307129,9.997261292,9.378067261
0.20311523,9.882895494,9.269223482
0.20315918,9.769600735,9.161431079
0.20320312,9.657372256,9.054684814
0.20324707,9.546205217,8.948979374
0.20329102,9.436094700,8.844309384
0.20333496,9.327035712,8.740669397
0.20337891,9.219023185,8.638053904
0.20342285,9.112051978,8.536457333
0.20346680,9.006116883,8.435874052
0.20351074,8.901212620,8.336298367
0.20355469,8.797333843,8.237724529
0.20359863,8.694475143,8.140146732
0.20364258,8.592631046,8.043559119
0.20368652,8.491796018,7.947955779
0.20373047,8.391964464,7.853330749
0.20377441,8.293130734,7.759678022
0.20381836,8.195289119,7.666991539
0.20386230,8.098433859,7.575265201
0.20390625,8.002559138,7.484492863
0.20395020,7.907659092,7.394668338
0.20399414,7.813727809,7.305785400
0.20403809,7.720759326,7.217837785
0.20408203,7.628747638,7.130819192
0.20412598,7.537686694,7.044723285
0.20416992,7.447570403,6.959543694
0.20421387,7.358392631,6.875274018
0.20425781,7.270147207,6.791907824
0.20430176,7.182827922,6.709438654
0.20434570,7.096428531,6.627860020
0.20438965,7.010942755,6.547165408
0.20443359,6.926364284,6.467348282
0.20447754,6.842686776,6.388402082
0.20452148,6.759903859,6.310320227
0.20456543,6.678009133,6.233096117
0.20460937,6.596996175,6.156723134
0.20465332,6.516858532,6.081194641
0.20469727,6.437589732,6.006503988
0.20474121,6.359183279,5.932644511
0.20478516,6.281632658,5.859609532
0.20482910,6.204931332,5.787392363
0.20487305,6.129072750,5.715986304
0.20491699,6.054050342,5.645384648
0.20496094,5.979857526,5.575580682
0.20500488,5.906487704,5.506567684
0.20504883,5.833934267,5.438338929
0.20509277,5.762190595,5.370887688
0.20513672,5.691250059,5.304207229
0.20518066,5.621106021,5.238290821
0.20522461,5.551751836,5.173131731
0.20526855,5.483180855,5.108723227
0.20531250,5.415386421,5.045058581
0.20535645,5.348361878,4.982131067
0.20540039,5.282100565,4.919933965
0.20544434,5.216595821,4.858460559
0.20548828,5.151840986,4.797704140
0.20553223,5.087829399,4.737658009
0.20557617,5.024554406,4.678315473
0.20562012,4.962009351,4.619669850
0.20566406,4.900187587,4.561714468
0.20570801,4.839082471,4.504442669
0.20575195,4.778687368,4.447847805
0.20579590,4.718995648,4.391923244
0.20583984,4.660000693,4.336662366
0.20588379,4.601695894,4.282058568
0.20592773,4.544074652,4.228105264
0.20597168,4.487130380,4.174795884
0.20601562,4.430856503,4.122123877
0.20605957,4.375246462,4.070082709
0.20610352,4.320293710,4.018665867
0.20614746,4.265991716,3.967866859
0.20619141,4.212333966,3.917679214
0.20623535,4.159313963,3.868096481
0.20627930,4.106925226,3.819112234
0.20632324,4.055161295,3.770720070
0.20636719,4.004015728,3.722913608
0.20641113,3.953482104,3.675686496
0.20645508,3.903554023,3.629032402
0.20649902,3.854225106,3.582945024
0.20654297,3.805488998,3.537418086
0.20658691,3.757339364,3.492445338
0.20663086,3.709769896,3.448020559
0.20667480,3.662774309,3.404137557
0.20671875,3.616346344,3.360790166
0.20676270,3.570479766,3.317972253
0.20680664,3.525168367,3.275677713
0.20685059,3.480405968,3.233900474
0.20689453,3.436186415,3.192634491
0.20693848,3.392503583,3.151873754
0.20698242,3.349351375,3.111612283
0.20702637,3.306723724,3.071844133
0.20707031,3.264614592,3.032563388
0.20711426,3.223017973,2.993764168
0.20715820,3.181927888,2.955440627
0.20720215,3.141338392,2.917586951
0.20724609,3.101243571,2.880197361
0.20729004,3.061637542,2.843266115
0.20733398,3.022514456,2.806787502
0.20737793,2.983868495,2.770755850
0.20742188,2.945693875,2.735165521
0.20746582,2.907984846,2.700010913
0.20750977,2.870735691,2.665286462
0.20755371,2.833940728,2.630986638
0.20759766,2.797594309,2.597105949
0.20764160,2.761690822,2.563638941
0.20768555,2.726224688,2.530580195
0.20772949,2.691190367,2.497924333
0.20777344,2.656582350,2.465666010
0.20781738,2.622395168,2.433799924
0.20786133,2.588623387,2.402320806
0.20790527,2.555261609,2.371223429
0.20794922,2.522304473,2.340502603
0.20799316,2.489746656,2.310153177
0.20803711,2.457582870,2.280170037
0.20808105,2.425807866,2.250548109
0.20812500,2.394416432,2.221282359
0.20816895,2.363403394,2.192367790
0.20821289,2.332763614,2.163799445
0.20825684,2.302491995,2.135572406
0.20830078,2.272583476,2.107681794
0.20834473,2.243033034,2.080122769
0.20838867,2.213835685,2.052890531
0.20843262,2.184986484,2.025980318
0.20847656,2.156480523,1.999387409
0.20852051,2.128312933,1.973107122
0.20856445,2.100478885,1.947134813
0.20860840,2.072973586,1.921465879
0.20865234,2.045792284,1.896095754
0.20869629,2.018930265,1.871019915
0.20874023,1.992382853,1.846233874
0.20878418,1.966145412,1.821733186
0.20882813,1.940213343,1.797513443
0.20887207,1.914582089,1.773570276
0.20891602,1.889247127,1.749899356
0.20895996,1.864203977,1.726496394
0.20900391,1.839448195,1.703357137
0.20904785,1.814975378,1.680477372
0.20909180,1.790781159,1.657852927
0.20913574,1.766861212,1.635479666
0.20917969,1.743211247,1.613353491
0.20922363,1.719827014,1.591470346
0.20926758,1.696704302,1.569826209
0.20931152,1.673838936,1.548417100
0.20935547,1.651226781,1.527239073
0.20939941,1.628863740,1.506288224
0.20944336,1.606745753,1.485560684
0.20948730,1.584868799,1.465052622
0.20953125,1.563228893,1.444760246
0.20957520,1.541822089,1.424679798
0.20961914,1.520644479,1.404807561
0.20966309,1.499692190,1.385139853
0.20970703,1.478961389,1.365673029
0.20975098,1.458448278,1.346403479
0.20979492,1.438149097,1.327327632
0.20983887,1.418060122,1.308441953
0.20988281,1.398177667,1.289742940
0.20992676,1.378498080,1.271227130
0.20997070,1.359017747,1.252891094
0.21001465,1.339733090,1.234731440
0.21005859,1.320640567,1.216744809
0.21010254,1.301736670,1.198927878
0.21014648,1.283017929,1.181277359
0.21019043,1.264480907,1.163789999
0.21023438,1.246122203,1.146462577
0.21027832,1.227938452,1.129291909
0.21032227,1.209926322,1.112274844
0.21036621,1.192082517,1.095408263
0.21041016,1.174403774,1.078689082
0.21045410,1.156886865,1.062114250
0.21049805,1.139528595,1.045680748
0.21054199,1.122325803,1.029385591
0.21058594,1.105275362,1.013225826
0.21062988,1.088374177,0.997198530
0.21067383,1.071619187,0.981300816
0.21071777,1.055007362,0.965529825
0.21076172,1.038535708,0.949882732
0.21080566,1.022201259,0.934356742
0.21084961,1.006001084,0.918949090
0.21089355,0.989932282,0.903657044
0.21093750,0.973991985,0.888477900
0.21098145,0.958177355,0.873408985
0.21102539,0.942485585,0.858447658
0.21106934,0.926913901,0.843591303
0.21111328,0.911459555,0.828837338
0.21115723,0.896119835,0.814183208
0.21120117,0.880892054,0.799626387
0.21124512,0.865773557,0.785164376
0.21128906,0.850761720,0.770794708
0.21133301,0.835853944,0.756514940
0.21137695,0.821047664,0.742322661
0.21142090,0.806340340,0.728215483
0.21146484,0.791729461,0.714191048
0.21150879,0.777212547,0.700247025
0.21155273,0.762787142,0.686381109
0.21159668,0.748450821,0.672591021
0.21164062,0.734201185,0.658874510
0.21168457,0.720035861,0.645229348
0.21172852,0.705952505,0.631653335
0.21177246,0.691948799,0.618144296
0.21181641,0.678022451,0.604700080
0.21186035,0.664171195,0.591318563
0.21190430,0.650392792,0.577997643
0.21194824,0.636685027,0.564735244
0.21199219,0.623045712,0.551529314
0.21203613,0.609472682,0.538377824
0.21208008,0.595963800,0.525278769
0.21212402,0.582516949,0.512230168
0.21216797,0.569130042,0.499230061
0.21221191,0.555801011,0.486276513
0.21225586,0.542527814,0.473367611
0.21229980,0.529308433,0.460501462
0.21234375,0.516140873,0.447676199
0.21238770,0.503023161,0.434889973
0.21243164,0.489953347,0.422140959
0.21247559,0.476929506,0.409427352
0.21251953,0.463949731,0.396747368
0.21256348,0.451012140,0.384099244
0.21260742,0.438114873,0.371481239
0.21265137,0.425256089,0.358891629
0.21269531,0.412433972,0.346328713
0.21273926,0.399646723,0.333790808
0.21278320,0.386892566,0.321276251
0.21282715,0.374169746,0.308783399
0.21287109,0.361476527,0.296310627
0.21291504,0.348811194,0.283856330
0.21295898,0.336172051,0.271418919
0.21300293,0.323557422,0.258996828
0.21304687,0.310965650,0.246588503
0.21309082,0.298395098,0.234192414
0.21313477,0.285844147,0.221807045
0.21317871,0.273311197,0.209430898
0.21322266,0.260794666,0.197062492
0.21326660,0.248292992,0.184700365
0.21331055,0.235804627,0.172343069
0.21335449,0.223328045,0.159989174
0.21339844,0.210861736,0.147637266
0.21344238,0.198404205,0.135285948
0.21348633,0.185953978,0.122933837
0.21353027,0.173509595,0.110579569
0.21357422,0.161069615,0.098221791
0.21361816,0.148632609,0.085859169
0.21366211,0.136197170,0.073490382
0.21370605,0.123761903,0.061114126
0.21375000,0.111325431,0.048729108
0.21379395,0.098886390,0.036334054
0.21383789,0.086443433,0.023927701
0.21388184,0.073995229,0.011508801
0.21392578,0.061540461,-0.000923879
0.21396973,0.049077827,-0.013371560
0.21401367,0.036606039,-0.025835448
0.21405762,0.024123823,-0.038316737
0.21410156,0.011629922,-0.050816607
0.21414551,-0.000876911,-0.063336226
0.21418945,-0.013397906,-0.075876746
0.21423340,-0.025934280,-0.088439311
0.21427734,-0.038487239,-0.101025050
0.21432129,-0.051057972,-0.113635079
0.21436523,-0.063647657,-0.126270504
0.21440918,-0.076257460,-0.138932417
0.21445312,-0.088888532,-0.151621900
0.21449707,-0.101542013,-0.164340023
0.21454102,-0.114219031,-0.177087842
0.21458496,-0.126920699,-0.189866406
0.21462891,-0.139648120,-0.202676750
0.21467285,-0.152402387,-0.215519898
0.21471680,-0.165184578,-0.228396865
0.21476074,-0.177995761,-0.241308654
0.21480469,-0.190836991,-0.254256256
0.21484863,-0.203709315,-0.267240656
0.21489258,-0.216613766,-0.280262823
0.21493652,-0.229551367,-0.293323721
0.21498047,-0.242523130,-0.306424302
0.21502441,-0.255530057,-0.319565506
0.21506836,-0.268573138,-0.332748268
0.21511230,-0.281653356,-0.345973509
0.21515625,-0.294771679,-0.359242143
0.21520020,-0.307929069,-0.372555074
0.21524414,-0.321126475,-0.385913197
0.21528809,-0.334364839,-0.399317398
0.21533203,-0.347645091,-0.412768554
0.21537598,-0.360968153,-0.426267533
0.21541992,-0.374334937,-0.439815194
0.21546387,-0.387746346,-0.453412388
0.21550781,-0.401203272,-0.467059957
0.21555176,-0.414706601,-0.480758736
0.21559570,-0.428257208,-0.494509551
0.21563965,-0.441855960,-0.508313218
0.21568359,-0.455503716,-0.522170548
0.21572754,-0.469201323,-0.536082342
0.21577148,-0.482949624,-0.550049395
0.21581543,-0.496749452,-0.564072491
0.21585937,-0.510601630,-0.578152411
0.21590332,-0.524506975,-0.592289924
0.21594727,-0.538466296,-0.606485795
0.21599121,-0.552480392,-0.620740779
0.21603516,-0.566550056,-0.635055626
0.21607910,-0.580676073,-0.649431077
0.21612305,-0.594859221,-0.663867867
0.21616699,-0.609100268,-0.678366724
0.21621094,-0.623399977,-0.692928369
0.21625488,-0.637759103,-0.707553515
0.21629883,-0.652178393,-0.722242871
0.21634277,-0.666658588,-0.736997136
0.21638672,-0.681200421,-0.751817004
0.21643066,-0.695804618,-0.766703164
0.21647461,-0.710471899,-0.781656296
0.21651855,-0.725202976,-0.796677074
0.21656250,-0.739998555,-0.811766168
0.21660645,-0.754859335,-0.826924239
0.21665039,-0.769786008,-0.842151943
0.21669434,-0.784779260,-0.857449931
0.21673828,-0.799839771,-0.872818845
0.21678223,-0.814968214,-0.888259324
0.21682617,-0.830165256,-0.903772000
0.21687012,-0.845431556,-0.919357499
0.21691406,-0.860767769,-0.935016440
0.21695801,-0.876174543,-0.950749440
0.21700195,-0.891652521,-0.966557105
0.21704590,-0.907202338,-0.982440040
0.21708984,-0.922824625,-0.998398842
0.21713379,-0.938520004,-1.014434104
0.21717773,-0.954289096,-1.030546410
0.21722168,-0.970132512,-1.046736344
0.21726562,-0.986050860,-1.063004480
0.21730957,-1.002044739,-1.079351389
0.21735352,-1.018114747,-1.095777635
0.21739746,-1.034261473,-1.112283779
0.21744141,-1.050485501,-1.128870375
0.21748535,-1.066787410,-1.145537972
0.21752930,-1.083167773,-1.162287115
0.21757324,-1.099627160,-1.179118342
0.21761719,-1.116166132,-1.196032187
0.21766113,-1.132785247,-1.213029179
0.21770508,-1.149485057,-1.230109843
0.21774902,-1.166266109,-1.247274697
0.21779297,-1.183128945,-1.264524254
0.21783691,-1.200074101,-1.281859024
0.21788086,-1.217102109,-1.299279512
0.21792480,-1.234213495,-1.316786215
0.21796875,-1.251408781,-1.334379629
0.21801270,-1.268688482,-1.352060244
0.21805664,-1.286053110,-1.369828543
0.21810059,-1.303503172,-1.387685006
0.21814453,-1.321039168,-1.405630110
0.21818848,-1.338661595,-1.423664325
0.21823242,-1.356370945,-1.441788116
0.21827637,-1.374167704,-1.460001944
0.21832031,-1.392052355,-1.478306266
0.21836426,-1.410025373,-1.496701534
0.21840820,-1.428087232,-1.515188195
0.21845215,-1.446238400,-1.533766691
0.21849609,-1.464479338,-1.552437460
0.21854004,-1.482810505,-1.571200936
0.21858398,-1.501232354,-1.590057547
0.21862793,-1.519745334,-1.609007718
0.21867187,-1.538349889,-1.628051868
0.21871582,-1.557046458,-1.647190413
0.21875977,-1.575835476,-1.666423762
0.21880371,-1.594717372,-1.685752322
0.21884766,-1.613692573,-1.705176495
0.21889160,-1.632761499,-1.724696678
0.21893555,-1.651924566,-1.744313262
0.21897949,-1.671182186,-1.764026637
0.21902344,-1.690534766,-1.783837186
0.21906738,-1.709982708,-1.803745287
0.21911133,-1.729526412,-1.823751317
0.21915527,-1.749166269,-1.843855644
0.21919922,-1.768902670,-1.864058635
0.21924316,-1.788735998,-1.884360651
0.21928711,-1.808666633,-1.904762049
0.21933105,-1.828694951,-1.925263181
0.21937500,-1.848821323,-1.945864395
0.21941895,-1.869046116,-1.966566036
0.21946289,-1.889369690,-1.987368442
0.21950684,-1.909792404,-2.008271947
0.21955078,-1.930314611,-2.029276882
0.21959473,-1.950936660,-2.050383574
0.21963867,-1.971658893,-2.071592343
0.21968262,-1.992481652,-2.092903506
0.21972656,-2.013405270,-2.114317376
0.21977051,-2.034430080,-2.135834261
0.21981445,-2.055556406,-2.157454465
0.21985840,-2.076784571,-2.179178288
0.21990234,-2.098114893,-2.201006023
0.21994629,-2.119547684,-2.222937962
0.21999023,-2.141083252,-2.244974391
0.22003418,-2.162721902,-2.267115591
0.22007812,-2.184463932,-2.289361840
0.22012207,-2.206309639,-2.311713409
0.22016602,-2.228259313,-2.334170568
0.22020996,-2.250313240,-2.356733580
0.22025391,-2.272471702,-2.379402705
0.22029785,-2.294734976,-2.402178198
0.22034180,-2.317103335,-2.425060309
0.22038574,-2.339577047,-2.448049284
0.22042969,-2.362156377,-2.471145365
0.22047363,-2.384841583,-2.494348790
0.22051758,-2.407632922,-2.517659790
0.22056152,-2.430530642,-2.541078595
0.22060547,-2.453534992,-2.564605428
0.22064941,-2.476646211,-2.588240508
0.22069336,-2.499864538,-2.611984050
0.22073730,-2.523190205,-2.635836265
0.22078125,-2.546623441,-2.659797359
0.22082520,-2.570164468,-2.683867533
0.22086914,-2.593813507,-2.708046983
0.22091309,-2.617570772,-2.732335904
0.22095703,-2.641436474,-2.756734481
0.22100098,-2.665410819,-2.781242900
0.22104492,-2.689494007,-2.805861339
0.22108887,-2.713686236,-2.830589973
0.22113281,-2.737987698,-2.855428971
0.22117676,-2.762398582,-2.880378500
0.22122070,-2.786919070,-2.905438719
0.22126465,-2.811549341,-2.930609787
0.22130859,-2.836289570,-2.955891854
0.22135254,-2.861139927,-2.981285069
0.22139648,-2.886100578,-3.006789573
0.22144043,-2.911171682,-3.032405507
0.22148437,-2.936353398,-3.058133003
0.22152832,-2.961645875,-3.083972191
0.22157227,-2.987049263,-3.109923197
0.22161621,-3.012563703,-3.135986140
0.22166016,-3.038189335,-3.162161136
0.22170410,-3.063926292,-3.188448297
0.22174805,-3.089774703,-3.214847730
0.22179199,-3.115734693,-3.241359536
0.22183594,-3.141806383,-3.267983814
0.22187988,-3.167989888,-3.294720657
0.22192383,-3.194285320,-3.321570153
0.22196777,-3.220692785,-3.348532388
0.22201172,-3.247212385,-3.375607439
0.22205566,-3.273844219,-3.402795384
0.22209961,-3.300588379,-3.430096291
0.22214355,-3.327444955,-3.457510228
0.22218750,-3.354414029,-3.485037256
0.22223145,-3.381495683,-3.512677431
0.22227539,-3.408689990,-3.540430808
0.22231934,-3.435997022,-3.568297432
0.22236328,-3.463416845,-3.596277348
0.22240723,-3.490949520,-3.624370595
0.22245117,-3.518595104,-3.652577208
0.22249512,-3.546353649,-3.680897215
0.22253906,-3.574225204,-3.709330643
0.22258301,-3.602209812,-3.737877513
0.22262695,-3.630307513,-3.766537840
0.22267090,-3.658518340,-3.795311637
0.22271484,-3.686842323,-3.824198911
0.22275879,-3.715279488,-3.853199665
0.22280273,-3.743829856,-3.882313897
0.22284668,-3.772493443,-3.911541601
0.22289062,-3.801270261,-3.940882767
0.22293457,-3.830160318,-3.970337380
0.22297852,-3.859163617,-3.999905419
0.22302246,-3.888280156,-4.029586861
0.22306641,-3.917509929,-4.059381678
0.22311035,-3.946852925,-4.089289836
0.22315430,-3.976309130,-4.119311298
0.22319824,-4.005878524,-4.149446022
0.22324219,-4.035561083,-4.179693962
0.22328613,-4.065356779,-4.210055066
0.22333008,-4.095265579,-4.240529280
0.22337402,-4.125287446,-4.271116544
0.22341797,-4.155422338,-4.301816794
0.22346191,-4.185670209,-4.332629961
0.22350586,-4.216031008,-4.363555972
0.22354980,-4.246504680,-4.394594750
0.22359375,-4.277091165,-4.425746213
0.22363770,-4.307790401,-4.457010275
0.22368164,-4.338602318,-4.488386846
0.22372559,-4.369526843,-4.519875830
0.22376953,-4.400563900,-4.551477127
0.22381348,-4.431713407,-4.583190636
0.22385742,-4.462975278,-4.615016246
0.22390137,-4.494349423,-4.646953846
0.22394531,-4.525835747,-4.679003319
0.22398926,-4.557434150,-4.711164543
0.22403320,-4.589144530,-4.743437394
0.22407715,-4.620966779,-4.775821741
0.22412109,-4.652900784,-4.808317450
0.22416504,-4.684946429,-4.840924383
0.22420898,-4.717103593,-4.873642397
0.22425293,-4.749372151,-4.906471344
0.22429687,-4.781751973,-4.939411073
0.22434082,-4.814242925,-4.972461429
0.22438477,-4.846844869,-5.005622252
0.22442871,-4.879557663,-5.038893376
0.22447266,-4.912381160,-5.072274634
0.22451660,-4.945315208,-5.105765852
0.22456055,-4.978359653,-5.139366854
0.22460449,-5.011514334,-5.173077458
0.22464844,-5.044779087,-5.206897479
0.22469238,-5.078153745,-5.240826725
0.22473633,-5.111638134,-5.274865005
0.22478027,-5.145232078,-5.309012118
0.22482422,-5.178935396,-5.343267862
0.22486816,-5.212747901,-5.377632031
0.22491211,-5.246669406,-5.412104413
0.22495605,-5.280699716,-5.446684794
0.22500000,-5.314838632,-5.481372953
0.22504395,-5.349085952,-5.516168666
0.22508789,-5.383441471,-5.551071707
0.22513184,-5.417904976,-5.586081842
0.22517578,-5.452476254,-5.621198836
0.22521973,-5.487155084,-5.656422447
0.22526367,-5.521941244,-5.691752432
0.22530762,-5.556834505,-5.727188541
0.22535156,-5.591834636,-5.762730521
0.22539551,-5.626941401,-5.798378114
0.22543945,-5.662154559,-5.834131060
0.22548340,-5.697473866,-5.869989093
0.22552734,-5.732899073,-5.905951942
0.22557129,-5.768429927,-5.942019334
0.22561523,-5.804066171,-5.978190990
0.22565918,-5.839807544,-6.014466628
0.22570313,-5.875653780,-6.050845962
0.22574707,-5.911604609,-6.087328700
0.22579102,-5.947659758,-6.123914547
0.22583496,-5.983818949,-6.160603205
0.22587891,-6.020081898,-6.197394370
0.22592285,-6.056448320,-6.234287735
0.22596680,-6.092917924,-6.271282987
0.22601074,-6.129490415,-6.308379810
0.22605469,-6.166165493,-6.345577885
0.22609863,-6.202942856,-6.382876887
0.22614258,-6.239822195,-6.420276486
0.22618652,-6.276803199,-6.457776352
0.22623047,-6.313885552,-6.495376145
0.22627441,-6.351068934,-6.533075525
0.22631836,-6.388353019,-6.570874146
0.22636230,-6.425737480,-6.608771658
0.22640625,-6.463221982,-6.646767707
0.22645020,-6.500806190,-6.684861935
0.22649414,-6.538489760,-6.723053978
0.22653809,-6.576272348,-6.761343469
0.22658203,-6.614153602,-6.799730038
0.22662598,-6.652133169,-6.838213308
0.22666992,-6.690210690,-6.876792898
0.22671387,-6.728385802,-6.915468426
0.22675781,-6.766658136,-6.954239501
0.22680176,-6.805027322,-6.993105730
0.22684570,-6.843492982,-7.032066716
0.22688965,-6.882054737,-7.071122056
0.22693359,-6.920712202,-7.110271345
0.22697754,-6.959464986,-7.149514169
0.22702148,-6.998312696,-7.188850115
0.22706543,-7.037254933,-7.228278761
0.22710938,-7.076291296,-7.267799684
0.22715332,-7.115421376,-7.307412454
0.22719727,-7.154644761,-7.347116636
0.22724121,-7.193961036,-7.386911793
0.22728516,-7.233369778,-7.426797481
0.22732910,-7.272870564,-7.466773253
0.22737305,-7.312462962,-7.506838656
0.22741699,-7.352146538,-7.546993232
0.22746094,-7.391920852,-7.587236520
0.22750488,-7.431785460,-7.627568053
0.22754883,-7.471739913,-7.667987359
0.22759277,-7.511783758,-7.708493962
0.22763672,-7.551916535,-7.749087379
0.22768066,-7.592137783,-7.789767126
0.22772461,-7.632447033,-7.830532710
0.22776855,-7.672843812,-7.871383635
0.22781250,-7.713327641,-7.912319399
0.22785645,-7.753898039,-7.953339497
0.22790039,-7.794554517,-7.994443417
0.22794434,-7.835296583,-8.035630641
0.22798828,-7.876123738,-8.076900648
0.22803223,-7.917035480,-8.118252910
0.22807617,-7.958031301,-8.159686895
0.22812012,-7.999110686,-8.201202064
0.22816406,-8.040273119,-8.242797876
0.22820801,-8.081518074,-8.284473780
0.22825195,-8.122845023,-8.326229222
0.22829590,-8.164253431,-8.368063643
0.22833984,-8.205742759,-8.409976477
0.22838379,-8.247312460,-8.451967152
0.22842773,-8.288961985,-8.494035093
0.22847168,-8.330690776,-8.536179716
0.22851562,-8.372498272,-8.578400433
0.22855957,-8.414383905,-8.620696649
0.22860352,-8.456347101,-8.663067765
0.22864746,-8.498387281,-8.705513174
0.22869141,-8.540503860,-8.748032263
0.22873535,-8.582696248,-8.790624414
0.22877930,-8.624963847,-8.833289002
0.22882324,-8.667306054,-8.876025397
0.22886719,-8.709722261,-8.918832960
0.22891113,-8.752211853,-8.961711049
0.22895508,-8.794774207,-9.004659013
0.22899902,-8.837408697,-9.047676194
0.22904297,-8.880114689,-9.090761931
0.22908691,-8.922891541,-9.133915552
0.22913086,-8.965738609,-9.177136382
0.22917480,-9.008655237,-9.220423735
0.22921875,-9.051640768,-9.263776922
0.22926270,-9.094694532,-9.307195245
0.22930664,-8.833143098,-9.046005238
0.22935059,-8.843297173,-9.056283812
0.22939453,-8.852790619,-9.065950992
0.22943848,-8.861684079,-9.075057420
0.22948242,-8.870031256,-9.083648593
0.22952637,-8.877879831,-9.091765443
0.22957031,-8.885272247,-9.099444865
0.22961426,-8.892246383,-9.106720174
0.22965820,-8.898836131,-9.113621512
0.22970215,-8.905071892,-9.120176202
0.22974609,-8.910981005,-9.126409056
0.22979004,-8.916588110,-9.132342657
0.22983398,-8.921915468,-9.137997590
0.22987793,-8.926983240,-9.143392657
0.22992187,-8.931809716,-9.148545061
0.22996582,-8.936411534,-9.153470571
0.23000977,-8.940803850,-9.158183665
0.23005371,-8.945000506,-9.162697654
0.23009766,-8.949014160,-9.167024802
0.23014160,-8.952856415,-9.171176417
0.23018555,-8.956537920,-9.175162949
0.23022949,-8.960068470,-9.178994059
0.23027344,-8.963457084,-9.182678700
0.23031738,-8.966712085,-9.186225171
0.23036133,-8.969841161,-9.189641180
0.23040527,-8.972851427,-9.192933891
0.23044922,-8.975749474,-9.196109972
0.23049316,-8.978541418,-9.199175634
0.23053711,-8.981232941,-9.202136669
0.23058105,-8.983829331,-9.204998486
0.23062500,-8.986335511,-9.207766135
0.23066895,-8.988756072,-9.210444343
0.23071289,-8.991095301,-9.213037533
0.23075684,-8.993357205,-9.215549849
0.23080078,-8.995545533,-9.217985177
0.23084473,-8.997663797,-9.220347164
0.23088867,-8.999715288,-9.222639236
0.23093262,-9.001703098,-9.224864611
0.23097656,-9.003630130,-9.227026318
0.23102051,-9.005499114,-9.229127208
0.23106445,-9.007312619,-9.231169966
0.23110840,-9.009073066,-9.233157124
0.23115234,-9.010782737,-9.235091070
0.23119629,-9.012443787,-9.236974058
0.23124023,-9.014058248,-9.238808218
0.23128418,-9.015628043,-9.240595564
0.23132812,-9.017154991,-9.242337999
0.23137207,-9.018640812,-9.244037326
0.23141602,-9.020087138,-9.245695252
0.23145996,-9.021495513,-9.247313394
0.23150391,-9.022867404,-9.248893288
0.23154785,-9.024204204,-9.250436388
0.23159180,-9.025507233,-9.251944076
0.23163574,-9.026777748,-9.253417667
0.23167969,-9.028016945,-9.254858407
0.23172363,-9.029225961,-9.256267484
0.23176758,-9.030405880,-9.257646028
0.23181152,-9.031557732,-9.258995115
0.23185547,-9.032682502,-9.260315769
0.23189941,-9.033781129,-9.261608967
0.23194336,-9.034854509,-9.262875642
0.23198730,-9.035903495,-9.264116683
0.23203125,-9.036928907,-9.265332939
0.23207520,-9.037931524,-9.266525220
0.23211914,-9.038912095,-9.267694303
0.23216309,-9.039871333,-9.268840928
0.23220703,-9.040809923,-9.269965806
0.23225098,-9.041728521,-9.271069615
0.23229492,-9.042627755,-9.272153005
0.23233887,-9.043508227,-9.273216599
0.23238281,-9.044370513,-9.274260996
0.23242676,-9.045215169,-9.275286767
0.23247070,-9.046042726,-9.276294462
0.23251465,-9.046853694,-9.277284609
0.23255859,-9.047648564,-9.278257714
0.23260254,-9.048427807,-9.279214265
0.23264648,-9.049191877,-9.280154729
0.23269043,-9.049941209,-9.281079555
0.23273437,-9.050676224,-9.281989178
0.23277832,-9.051397324,-9.282884012
0.23282227,-9.052104898,-9.283764460
0.23286621,-9.052799321,-9.284630907
0.23291016,-9.053480952,-9.285483725
0.23295410,-9.054150141,-9.286323273
0.23299805,-9.054807222,-9.287149897
0.23304199,-9.055452518,-9.287963930
0.23308594,-9.056086342,-9.288765694
0.23312988,-9.056708994,-9.289555499
0.23317383,-9.057320764,-9.290333645
0.23321777,-9.057921934,-9.291100423
0.23326172,-9.058512775,-9.291856111
0.23330566,-9.059093548,-9.292600980
0.23334961,-9.059664506,-9.293335292
0.23339355,-9.060225896,-9.294059300
0.23343750,-9.060777952,-9.294773248
0.23348145,-9.061320904,-9.295477372
0.23352539,-9.061854974,-9.296171903
0.23356934,-9.062380376,-9.296857062
0.23361328,-9.062897319,-9.297533064
0.23365723,-9.063406002,-9.298200116
0.23370117,-9.063906620,-9.298858422
0.23374512,-9.064399363,-9.299508175
0.23378906,-9.064884414,-9.300149567
0.23383301,-9.065361948,-9.300782781
0.23387695,-9.065832140,-9.301407995
0.23392090,-9.066295154,-9.302025382
0.23396484,-9.066751153,-9.302635110
0.23400879,-9.067200294,-9.303237343
0.23405273,-9.067642729,-9.303832239
0.23409668,-9.068078605,-9.304419951
0.23414062,-9.068508067,-9.305000629
0.23418457,-9.068931254,-9.305574419
0.23422852,-9.069348300,-9.306141461
0.23427246,-9.069759338,-9.306701892
0.23431641,-9.070164496,-9.307255847
0.23436035,-9.070563896,-9.307803454
0.23440430,-9.070957661,-9.308344840
0.23444824,-9.071345908,-9.308880127
0.23449219,-9.071728751,-9.309409436
0.23453613,-9.072106300,-9.309932882
0.23458008,-9.072478664,-9.310450578
0.23462402,-9.072845948,-9.310962636
0.23466797,-9.073208255,-9.311469161
0.23471191,-9.073565683,-9.311970260
0.23475586,-9.073918330,-9.312466033
0.23479980,-9.074266291,-9.312956579
0.23484375,-9.074609657,-9.313441997
0.23488770,-9.074948518,-9.313922379
0.23493164,-9.075282960,-9.314397819
0.23497559,-9.075613070,-9.314868405
0.23501953,-9.075938930,-9.315334225
0.23506348,-9.076260621,-9.315795364
0.23510742,-9.076578221,-9.316251905
0.23515137,-9.076891807,-9.316703930
0.23519531,-9.077201455,-9.317151518
0.23523926,-9.077507237,-9.317594747
0.23528320,-9.077809224,-9.318033691
0.23532715,-9.078107487,-9.318468424
0.23537109,-9.078402092,-9.318899019
0.23541504,-9.078693106,-9.319325545
0.23545898,-9.078980594,-9.319748072
0.23550293,-9.079264619,-9.320166666
0.23554687,-9.079545242,-9.320581393
0.23559082,-9.079822524,-9.320992316
0.23563477,-9.080096523,-9.321399500
0.23567871,-9.080367296,-9.321803004
0.23572266,-9.080634900,-9.322202888
0.23576660,-9.080899390,-9.322599212
0.23581055,-9.081160818,-9.322992031
0.23585449,-9.081419238,-9.323381403
0.23589844,-9.081674700,-9.323767381
0.23594238,-9.081927255,-9.324150020
0.23598633,-9.082176951,-9.324529371
0.23603027,-9.082423835,-9.324905487
0.23607422,-9.082667956,-9.325278416
0.23611816,-9.082909358,-9.325648208
0.23616211,-9.083148086,-9.326014911
0.23620605,-9.083384183,-9.326378572
0.23625000,-9.083617694,-9.326739238
0.23629395,-9.083848659,-9.327096952
0.23633789,-9.084077119,-9.327451760
0.23638184,-9.084303115,-9.327803704
0.23642578,-9.084526686,-9.328152827
0.23646973,-9.084747870,-9.328499171
0.23651367,-9.084966704,-9.328842775
0.23655762,-9.085183227,-9.329183680
0.23660156,-9.085397473,-9.329521925
0.23664551,-9.085609478,-9.329857549
0.23668945,-9.085819277,-9.330190587
0.23673340,-9.086026903,-9.330521078
0.23677734,-9.086232391,-9.330849058
0.23682129,-9.086435771,-9.331174561
0.23686523,-9.086637077,-9.331497622
0.23690918,-9.086836339,-9.331818276
0.23695312,-9.087033588,-9.332136555
0.23699707,-9.087228855,-9.332452493
0.23704102,-9.087422168,-9.332766120
0.23708496,-9.087613556,-9.333077470
0.23712891,-9.087803048,-9.333386572
0.23717285,-9.087990671,-9.333693457
0.23721680,-9.088176453,-9.333998155
0.23726074,-9.088360421,-9.334300695
0.23730469,-9.088542599,-9.334601104
0.23734863,-9.088723015,-9.334899413
0.23739258,-9.088901693,-9.335195647
0.23743652,-9.089078658,-9.335489835
0.23748047,-9.089253935,-9.335782002
0.23752441,-9.089427546,-9.336072176
0.23756836,-9.089599516,-9.336360381
0.23761230,-9.089769867,-9.336646642
0.23765625,-9.089938622,-9.336930985
0.23770020,-9.090105803,-9.337213434
0.23774414,-9.090271432,-9.337494012
0.23778809,-9.090435529,-9.337772743
0.23783203,-9.090598116,-9.338049651
0.23787598,-9.090759213,-9.338324757
0.23791992,-9.090918841,-9.338598084
0.23796387,-9.091077019,-9.338869654
0.23800781,-9.091233766,-9.339139488
0.23805176,-9.091389103,-9.339407608
0.23809570,-9.091543046,-9.339674035
0.23813965,-9.091695616,-9.339938787
0.23818359,-9.091846830,-9.340201887
0.23822754,-9.091996705,-9.340463353
0.23827148,-9.092145260,-9.340723205
0.23831543,-9.092292511,-9.340981462
0.23835937,-9.092438475,-9.341238143
0.23840332,-9.092583170,-9.341493266
0.23844727,-9.092726611,-9.341746849
0.23849121,-9.092868814,-9.341998911
0.23853516,-9.093009795,-9.342249469
0.23857910,-9.093149569,-9.342498539
0.23862305,-9.093288153,-9.342746140
0.23866699,-9.093425560,-9.342992288
0.23871094,-9.093561806,-9.343236999
0.23875488,-9.093696905,-9.343480290
0.23879883,-9.093830871,-9.343722176
0.23884277,-9.093963718,-9.343962674
0.23888672,-9.094095460,-9.344201798
0.23893066,-9.094226111,-9.344439565
0.23897461,-9.094355684,-9.344675988
0.23901855,-9.094484192,-9.344911083
0.23906250,-9.094611648,-9.345144864
0.23910645,-9.094738065,-9.345377346
0.23915039,-9.094863455,-9.345608542
0.23919434,-9.094987831,-9.345838467
0.23923828,-9.095111204,-9.346067134
0.23928223,-9.095233587,-9.346294556
0.23932617,-9.095354991,-9.346520747
0.23937012,-9.095475428,-9.346745720
0.23941406,-9.095594909,-9.346969488
0.23945801,-9.095713446,-9.347192064
0.23950195,-9.095831049,-9.347413459
0.23954590,-9.095947729,-9.347633686
0.23958984,-9.096063498,-9.347852758
0.23963379,-9.096178365,-9.348070686
0.23967773,-9.096292340,-9.348287482
0.23972168,-9.096405435,-9.348503157
0.23976562,-9.096517659,-9.348717724
0.23980957,-9.096629022,-9.348931193
0.23985352,-9.096739534,-9.349143575
0.23989746,-9.096849204,-9.349354882
0.23994141,-9.096958042,-9.349565123
0.23998535,-9.097066057,-9.349774311
0.24002930,-9.097173259,-9.349982454
0.24007324,-9.097279656,-9.350189564
0.24011719,-9.097385257,-9.350395651
0.24016113,-9.097490071,-9.350600725
0.24020508,-9.097594107,-9.350804796
0.24024902,-9.097697373,-9.351007873
0.24029297,-9.097799878,-9.351209966
0.24033691,-9.097901630,-9.351411084
0.24038086,-9.098002637,-9.351611238
0.24042480,-9.098102907,-9.351810436
0.24046875,-9.098202448,-9.352008687
0.24051270,-9.098301268,-9.352206001
0.24055664,-9.098399374,-9.352402386
0.24060059,-9.098496775,-9.352597851
0.24064453,-9.098593478,-9.352792404
0.24068848,-9.098689489,-9.352986054
0.24073242,-9.098784817,-9.353178810
0.24077637,-9.098879469,-9.353370680
0.24082031,-9.098973451,-9.353561671
0.24086426,-9.099066771,-9.353751793
0.24090820,-9.099159435,-9.353941052
0.24095215,-9.099251450,-9.354129457
0.24099609,-9.099342824,-9.354317015
0.24104004,-9.099433562,-9.354503734
0.24108398,-9.099523672,-9.354689621
0.24112793,-9.099613158,-9.354874684
0.24117187,-9.099702029,-9.355058930
0.24121582,-9.099790290,-9.355242365
0.24125977,-9.099877947,-9.355424997
0.24130371,-9.099965007,-9.355606833
0.24134766,-9.100051475,-9.355787878
0.24139160,-9.100137358,-9.355968140
0.24143555,-9.100222660,-9.356147624
0.24147949,-9.100307389,-9.356326337
0.24152344,-9.100391549,-9.356504284
0.24156738,-9.100475147,-9.356681471
0.24161133,-9.100558187,-9.356857903
0.24165527,-9.100640676,-9.357033585
0.24169922,-9.100722619,-9.357208523
0.24174316,-9.100804020,-9.357382720
0.24178711,-9.100884886,-9.357556180
0.24183105,-9.100965221,-9.357728907
0.24187500,-9.101045031,-9.357900905
0.24191895,-9.101124320,-9.358072176
0.24196289,-9.101203094,-9.358242722
0.24200684,-9.101281358,-9.358412545
0.24205078,-9.101359116,-9.358581647
0.24209473,-9.101436373,-9.358750028
0.24213867,-9.101513134,-9.358917687
0.24218262,-9.101589404,-9.359084623
0.24222656,-9.101665187,-9.359250835
0.24227051,-9.101740488,-9.359416320
0.24231445,-9.101815310,-9.359581074
0.24235840,-9.101889660,-9.359745092
0.24240234,-9.101963540,-9.359908367
0.24244629,-9.102036956,-9.360070893
0.24249023,-9.102109911,-9.360232660
0.24253418,-9.102182410,-9.360393659
0.24257812,-9.102254456,-9.360553878
0.24262207,-9.102326055,-9.360713302
0.24266602,-9.102397209,-9.360871916
0.24270996,-9.102467923,-9.361029704
0.24275391,-9.102538201,-9.361186646
0.24279785,-9.102608046,-9.361342719
0.24284180,-9.102677462,-9.361497901
0.24288574,-9.102746454,-9.361652165
0.24292969,-9.102815024,-9.361805482
0.24297363,-9.102883176,-9.361957820
0.24301758,-9.102950914,-9.362109146
0.24306152,-9.103018241,-9.362259422
0.24310547,-9.103085161,-9.362408607
0.24314941,-9.103151677,-9.362556659
0.24319336,-9.103217792,-9.362703530
0.24323730,-9.103283510,-9.362849170
0.24328125,-9.103348834,-9.362993525
0.24332520,-9.103413766,-9.363136536
0.24336914,-9.103478310,-9.363278142
0.24341309,-9.103542470,-9.363418275
0.24345703,-9.103606247,-9.363556865
0.24350098,-9.103669645,-9.363693836
0.24354492,-9.103732667,-9.363829107
0.24358887,-9.103795315,-9.363962593
0.24363281,-9.103857592,-9.364094201
0.24367676,-9.103919501,-9.364223834
0.24372070,-9.103981045,-9.364351389
0.24376465,-9.104042225,-9.364476756
0.24380859,-9.104103045,-9.364599820
0.24385254,-9.104163506,-9.364720458
0.24389648,-9.104223612,-9.364838541
0.24394043,-9.104283364,-9.364953932
0.24398438,-9.104342764,-9.365066487
0.24402832,-9.104401815,-9.365176056
0.24407227,-9.104460519,-9.365282481
0.24411621,-9.104518878,-9.365385595
0.24416016,-9.104576893,-9.365485226
0.24420410,-9.104634567,-9.365581193
0.24424805,-9.104691902,-9.365673309
0.24429199,-9.104748898,-9.365761378
0.24433594,-9.104805558,-9.365845197
0.24437988,-9.104861884,-9.365924558
0.24442383,-9.104917876,-9.365999244
0.24446777,-9.104973537,-9.366069033
0.24451172,-9.105028868,-9.366133696
0.24455566,-9.105083870,-9.366192998
0.24459961,-9.105138545,-9.366246700
0.24464355,-9.105192893,-9.366294555
0.24468750,-9.105246917,-9.366336315
0.24473145,-9.105300616,-9.366371724
0.24477539,-9.105353993,-9.366400524
0.24481934,-9.105407047,-9.366422454
0.24486328,-9.105459781,-9.366437249
0.24490723,-9.105512195,-9.366444642
0.24495117,-9.105564290,-9.366444364
0.24499512,-9.105616067,-9.366436144
0.24503906,-9.105667526,-9.366419709
0.24508301,-9.105718669,-9.366394786
0.24512695,-9.105769496,-9.366361098
0.24517090,-9.105820007,-9.366318366
0.24521484,-9.105870203,-9.366266307
0.24525879,-9.105920086,-9.366204629
0.24530273,-9.105969654,-9.366133038
0.24534668,-9.106018910,-9.366051224
0.24539063,-9.106067852,-9.365958868
0.24543457,-9.106116481,-9.365855639
0.24547852,-9.106164798,-9.365741184
0.24552246,-9.106212802,-9.365615139
0.24556641,-9.106260494,-9.365477116
0.24561035,-9.106307874,-9.365326708
0.24565430,-9.106354941,-9.365163490
0.24569824,-9.106401695,-9.364987011
0.24574219,-9.106448135,-9.364796803
0.24578613,-9.106494262,-9.364592378
0.24583008,-9.106540075,-9.364373228
0.24587402,-9.106585573,-9.364138828
0.24591797,-9.106630756,-9.363888637
0.24596191,-9.106675622,-9.363622103
0.24600586,-9.106720171,-9.363338662
0.24604980,-9.106764403,-9.363037742
0.24609375,-9.106808315,-9.362718767
0.24613770,-9.106851907,-9.362381160
0.24618164,-9.106895178,-9.362024344
0.24622559,-9.106938127,-9.361647746
0.24626953,-9.106980753,-9.361250802
0.24631348,-9.107023054,-9.360832961
0.24635742,-9.107065030,-9.360393681
0.24640137,-9.107106678,-9.359932440
0.24644531,-9.107147999,-9.359448736
0.24648926,-9.107188989,-9.358942087
0.24653320,-9.107229650,-9.358412037
0.24657715,-9.107269978,-9.357858156
0.24662109,-9.107309974,-9.357280043
0.24666504,-9.107349635,-9.356677325
0.24670898,-9.107388962,-9.356049663
0.24675293,-9.107427952,-9.355396751
0.24679687,-9.107466604,-9.354718315
0.24684082,-9.107504919,-9.354014116
0.24688477,-9.107542894,-9.353283951
0.24692871,-9.107580529,-9.352527650
0.24697266,-9.107617823,-9.351745079
0.24701660,-9.107654776,-9.350936141
0.24706055,-9.107691386,-9.350100771
0.24710449,-9.107727653,-9.349238939
0.24714844,-9.107763577,-9.348350648
0.24719238,-9.107799157,-9.347435933
0.24723633,-9.107834393,-9.346494861
0.24728027,-9.107869284,-9.345527528
0.24732422,-9.107903831,-9.344534060
0.24736816,-9.107938032,-9.343514609
0.24741211,-9.107971888,-9.342469354
0.24745605,-9.108005399,-9.341398496
0.24750000,-9.108038565,-9.340302259
0.24754395,-9.108071385,-9.339180887
0.24758789,-9.108103861,-9.338034643
0.24763184,-9.108135992,-9.336863805
0.24767578,-9.108167778,-9.335668665
0.24771973,-9.108199221,-9.334449525
0.24776367,-9.108230319,-9.333206699
0.24780762,-9.108261074,-9.331940502
0.24785156,-9.108291486,-9.330651256
0.24789551,-9.108321556,-9.329339277
0.24793945,-9.108351284,-9.328004880
0.24798340,-9.108380670,-9.326648365
0.24802734,-9.108409715,-9.325270016
0.24807129,-9.108438420,-9.323870090
0.24811523,-9.108466784,-9.322448797
0.24815918,-9.108494809,-9.321006280
0.24820312,-9.108522492,-9.319542540
0.24824707,-9.108549834,-9.318057087
0.24829102,-9.108576831,-9.316548791
0.24833496,-9.108603480,-9.315015878
0.24837891,-9.108629776,-9.313456024
0.24842285,-9.108655714,-9.311866492
0.24846680,-9.108681289,-9.310244294
0.24851074,-9.108706495,-9.308586352
0.24855469,-9.108731326,-9.306889638
0.24859863,-9.108755776,-9.305151302
0.24864258,-9.108779839,-9.303368770
0.24868652,-9.108803510,-9.301539821
0.24873047,-9.108826783,-9.299662635
0.24877441,-9.108849655,-9.297735824
0.24881836,-9.108872120,-9.295758440
0.24886230,-9.108894175,-9.293729968
0.24890625,-9.108915818,-9.291650307
0.24895020,-9.108937044,-9.289519731
0.24899414,-9.108957853,-9.287338853
0.24903809,-9.108978242,-9.285108562
0.24908203,-9.108998209,-9.282829962
0.24912598,-9.109017754,-9.280504283
0.24916992,-9.109036875,-9.278132770
0.24921387,-9.109055570,-9.275716573
0.24925781,-9.109073837,-9.273256660
0.24930176,-9.109091675,-9.270753782
0.24934570,-9.109109082,-9.268208469
0.24938965,-9.109126054,-9.265621058
0.24943359,-9.109142591,-9.262991731
0.24947754,-9.109158688,-9.260320572
0.24952148,-9.109174344,-9.257607612
0.24956543,-9.109189556,-9.254852877
0.24960937,-9.109204321,-9.252056421
0.24965332,-9.109218637,-9.249218351
0.24969727,-9.109232501,-9.246338835
0.24974121,-9.109245911,-9.243418090
0.24978516,-9.109258865,-9.240456357
0.24982910,-9.109271359,-9.237453858
0.24987305,-9.109283391,-9.234410743
0.24991699,-9.109294957,-9.231327059
0.24996094,-9.109306055,-9.228202727
0.25000488,-9.109316682,-9.225037542
0.25004883,-9.109326832,-9.221831191
0.25009277,-9.109336504,-9.218583269
0.25013672,-9.109345692,-9.215293308
0.25018066,-9.109354392,-9.211960791
0.25022461,-9.109362600,-9.208585157
0.25026855,-9.109370311,-9.205165795
0.25031250,-9.109377520,-9.201702014
0.25035645,-9.109384222,-9.198193019
0.25040039,-9.109390411,-9.194637886
0.25044434,-9.109396081,-9.191035551
0.25048828,-9.109401225,-9.187384805
0.25053223,-9.109405837,-9.183684301
0.25057617,-9.109409909,-9.179932544
0.25062012,-9.109413434,-9.176127875
0.25066406,-9.109416401,-9.172268419
0.25070801,-9.109418803,-9.168352007
0.25075195,-9.109420627,-9.164376043
0.25079590,-9.109421861,-9.160337291
0.25083984,-9.109422489,-9.156231421
0.25088379,-9.109422479,-9.152051705
0.25092773,-9.109421791,-9.147780636
0.25097168,-9.109420372,-9.143393589
0.25101562,-9.109418163,-9.138861417
0.25105957,-9.109415102,-9.134152256
0.25110352,-9.109411118,-9.129232781
0.25114746,-9.109406136,-9.124069141
0.25119141,-9.109400079,-9.118627690
0.25123535,-9.109392865,-9.112875509
0.25127930,-9.109384410,-9.106780788
0.25132324,-9.109374626,-9.100313112
0.25136719,-9.109363424,-9.093443732
0.25141113,-9.109350712,-9.086145765
0.25145508,-9.109336396,-9.078394324
0.25149902,-9.109320380,-9.070166630
0.25154297,-9.109302568,-9.061442115
0.25158691,-9.109282861,-9.052202472
0.25163086,-9.109261158,-9.042431666
0.25167480,-9.109237358,-9.032115956
0.25171875,-9.109211359,-9.021243876
0.25176270,-9.109183054,-9.009806182
0.25180664,-9.109152339,-8.997795801
0.25185059,-9.109119104,-8.985207761
0.25189453,-9.109083242,-8.972039083
0.25193848,-9.109044639,-8.958288688
0.25198242,-9.109003181,-8.943957275
0.25202637,-9.108958752,-8.929047181
0.25207031,-9.108911231,-8.913562250
0.25211426,-9.108860496,-8.897507672
0.25215820,-9.108806417,-8.880889817
0.25220215,-9.108748865,-8.863716055
0.25224609,-9.108687701,-8.845994553
0.25229004,-9.108622784,-8.827734055
0.25233398,-9.108553962,-8.808943613
0.25237793,-9.108481079,-8.789632276
0.25242188,-9.108403968,-8.769808682
0.25246582,-9.108322449,-8.749480521
0.25250977,-9.108236329,-8.728653761
0.25255371,-9.108145398,-8.707331462
0.25259766,-9.108049416,-8.685511829
0.25264160,-9.107948106,-8.663184690
0.25268555,-9.107841120,-8.640324433
0.25272949,-9.107727952,-8.616873556
0.25277344,-9.107607589,-8.592694728
0.25281738,-9.107472743,-8.567355899
0.25286133,-9.107322169,-8.536609188
0.25290527,-9.107154420,-8.500640488
0.25294922,-9.106967880,-8.459579184
0.25299316,-9.106760777,-8.413541567
0.25303711,-9.106531181,-8.362657028
0.25308105,-9.106276987,-8.307082044
0.25312500,-9.105995889,-8.247006132
0.25316895,-9.105685342,-8.182652114
0.25321289,-9.105342512,-8.114273319
0.25325684,-9.104964217,-8.042148315
0.25330078,-9.104546851,-7.966575418
0.25334473,-9.104086292,-7.887866091
0.25338867,-9.103577795,-7.806338923
0.25343262,-9.103015846,-7.722313539
0.25347656,-9.102393993,-7.636105817
0.25352051,-9.101704626,-7.548022884
0.25356445,-9.100938697,-7.458359963
0.25360840,-9.100085356,-7.367396714
0.25365234,-9.099131476,-7.275394391
0.25369629,-9.098061021,-7.182593151
0.25374023,-9.096854189,-7.089210366
0.25378418,-9.095486260,-6.995437926
0.25382813,-9.093925989,-6.901443184
0.25387207,-9.092133323,-6.807370297
0.25391602,-9.090056099,-6.713340525
0.25395996,-9.087625110,-6.619450294
0.25400391,-9.084746544,-6.525765755
0.25404785,-9.081289999,-6.432312017
0.25409180,-9.077068725,-6.339053788
0.25413574,-9.071805513,-6.245861021
0.25417969,-9.065070366,-6.152445913
0.25422363,-9.056158426,-6.058239961
0.25426758,-9.043828607,-5.962131810
0.25431152,-9.025673988,-5.861837333
0.25435547,-8.996333128,-5.752111728
0.25439941,-8.940951610,-5.618214342
0.25444336,-8.797505073,-5.398241404
0.25448730,-7.550526141,-4.076883901
0.25453125,-6.775009340,-3.229473562
0.25457520,-5.977967727,-2.358027067
0.25461914,-5.168250124,-1.477493026
0.25466309,-4.353169342,-0.599346345
0.25470703,-3.538730792,0.267722290
0.25475098,-2.729827436,1.117250176
0.25479492,-1.930406294,1.944553477
0.25483887,-1.143610874,2.746364385
0.25488281,-0.371903129,3.520537866
0.25492676,0.382832020,4.265814616
0.25497070,1.119197047,4.981629472
0.25501465,1.836204902,5.667956613
0.25505859,2.533213005,6.325184595
0.25510254,3.209866569,6.954015558
0.25514648,3.866049964,7.555384065
0.25519043,4.501844959,8.130391875
0.25523438,5.117494912,8.680255665
0.25527832,5.713374056,9.206265274
0.25532227,6.289961194,9.709750503
0.25536621,6.847817182,10.192054865
0.25541016,7.387565705,10.654514997
0.25545410,7.909876869,11.098444661
0.25549805,8.415453257,11.525122497
0.25554199,8.905018098,11.935782793
0.25558594,9.379305279,12.331608736
0.25562988,9.839050945,12.713727657
0.25567383,10.284986485,13.083207886
0.25571777,10.717832717,13.441056925
0.25576172,11.138295112,13.788220669
0.25580566,11.547059926,14.125583462
0.25584961,11.944791108,14.453968838
0.25589355,12.332127901,14.774140781
0.25593750,12.709683015,15.086805409
0.25598145,13.078041325,15.392612962
0.25602539,13.437758995,15.692160052
0.25606934,13.789362990,15.985992062
0.25611328,14.133350899,16.274605683
0.25615723,14.470191045,16.558451520
0.25620117,14.800322823,16.837936734
0.25624512,15.124157225,17.113427692
0.25628906,15.442077545,17.385252601
0.25633301,15.754440198,17.653704100
0.25637695,16.061575661,17.919041798
0.25642090,16.363789490,18.181494739
0.25646484,16.661363402,18.441263791
0.25650879,16.954556408,18.698523939
0.25655273,17.243605970,18.953426487
0.25659668,17.528729182,19.206101155
0.25664063,17.810123949,19.456658078
0.25668457,18.087970172,19.705189688
0.25672852,18.362430906,19.951772500
0.25677246,18.633653511,20.196468781
0.25681641,18.901770763,20.439328120
0.25686035,19.166901941,20.680388893
0.25690430,19.429153875,20.919679615
0.25694824,19.688621954,21.157220208
0.25699219,19.945391088,21.393023161
0.25703613,20.199536632,21.627094600
0.25708008,20.451125258,21.859435273
0.25712402,20.700215782,22.090041440
0.25716797,20.946859946,22.318905692
0.25721191,21.191103148,22.546017687
0.25725586,21.432985132,22.771364812
0.25729980,21.672540626,22.994932784
0.25734375,21.909799940,23.216706177
0.25738770,22.144789515,23.436668896
0.25743164,22.377532433,23.654804589
0.25747559,22.608048889,23.871097017
0.25751953,22.836356617,24.085530361
0.25756348,23.062471286,24.298089499
0.25760742,23.286406854,24.508760233
0.25765137,23.508175890,24.717529482
0.25769531,23.727789871,24.924385443
0.25773926,23.945259437,25.129317714
0.25778320,24.160594627,25.332317399
0.25782715,24.373805087,25.533377179
0.25787109,24.584900250,25.732491368
0.25791504,24.793889495,25.929655938
0.25795898,25.000782287,26.124868543
0.25800293,25.205588295,26.318128507
0.25804688,25.408317493,26.509436819
0.25809082,25.608980244,26.698796096
0.25813477,25.807587368,26.886210553
0.25817871,26.004150202,27.071685953
0.25822266,26.198680636,27.255229557
0.25826660,26.391191152,27.436850060
0.25831055,26.581694841,27.616557528
0.25835449,26.770205421,27.794363333
0.25839844,26.956737235,27.970280078
0.25844238,27.141305255,28.144321524
0.25848633,27.323925071,28.316502519
0.25853027,27.504612877,28.486838919
0.25857422,27.683385455,28.655347512
0.25861816,27.860260148,28.822045949
0.25866211,28.035254840,28.986952663
0.25870605,28.208387924,29.150086801
0.25875000,28.379678269,29.311468151
0.25879395,28.549145195,29.471117072
0.25883789,28.716808429,29.629054430
0.25888184,28.882688080,29.785301530
0.25892578,29.046804595,29.939880055
0.25896973,29.209178729,30.092812007
0.25901367,29.369831504,30.244119649
0.25905762,29.528784180,30.393825450
0.25910156,29.686058212,30.541952036
0.25914551,29.841675220,30.688522139
0.25918945,29.995656953,30.833558550
0.25923340,30.148025259,30.977084080
0.25927734,30.298802047,31.119121514
0.25932129,30.448009261,31.259693579
0.25936523,30.595668849,31.398822904
0.25940918,30.741802732,31.536531990
0.25945313,30.886432782,31.672843178
0.25949707,31.029580790,31.807778624
0.25954102,31.171268445,31.941360270
0.25958496,31.311517309,32.073609824
0.25962891,31.450348797,32.204548737
0.25967285,31.587784157,32.334198185
0.25971680,31.723844447,32.462579052
0.25976074,31.858550522,32.589711914
0.25980469,31.991923014,32.715617025
0.25984863,32.123982321,32.840314309
0.25989258,32.254748589,32.963823343
0.25993652,32.384241701,33.086163357
0.25998047,32.512481266,33.207353220
0.26002441,32.639486611,33.327411436
0.26006836,32.765276766,33.446356141
0.26011230,32.889870463,33.564205099
0.26015625,33.013286124,33.680975696
0.26020020,33.135541857,33.796684945
0.26024414,33.256655451,33.911349479
0.26028809,33.376644372,34.024985556
0.26033203,33.495525760,34.137609059
0.26037598,33.613316424,34.249235496
0.26041992,33.730032843,34.359880005
0.26046387,33.845691166,34.469557356
0.26050781,33.960307207,34.578281955
0.26055176,34.073896450,34.686067848
0.26059570,34.186474047,34.792928727
0.26063965,34.298054822,34.898877933
0.26068359,34.408653270,35.003928462
0.26072754,34.518283562,35.108092973
0.26077148,34.626959544,35.211383791
0.26081543,34.734694747,35.313812915
0.26085938,34.841502384,35.415392025
0.26090332,34.947395355,35.516132486
0.26094727,35.052386256,35.616045360
0.26099121,35.156487377,35.715141405
0.26103516,35.259710712,35.813431091
0.26107910,35.362067960,35.910924601
0.26112305,35.463570535,36.007631840
0.26116699,35.564229564,36.103562443
0.26121094,35.664055900,36.198725780
0.26125488,35.763060122,36.293130965
0.26129883,35.861252545,36.386786864
0.26134277,35.958643223,36.479702101
0.26138672,36.055241954,36.571885061
0.26143066,36.151058289,36.663343907
0.26147461,36.246101537,36.754086575
0.26151855,36.340380768,36.844120791
0.26156250,36.433904823,36.933454070
0.26160645,36.526682317,37.022093729
0.26165039,36.618721647,37.110046889
0.26169434,36.710030995,37.197320483
0.26173828,36.800618339,37.283921262
0.26178223,36.890491452,37.369855801
0.26182617,36.979657912,37.455130507
0.26187012,37.068125110,37.539751621
0.26191406,37.155900248,37.623725229
0.26195801,37.242990352,37.707057262
0.26200195,37.329402273,37.789753505
0.26204590,37.415142695,37.871819600
0.26208984,37.500218139,37.953261057
0.26213379,37.584634966,38.034083249
0.26217773,37.668399388,38.114291427
0.26222168,37.751517466,38.193890717
0.26226563,37.833995120,38.272886132
0.26230957,37.915838132,38.351282569
0.26235352,37.997052149,38.429084818
0.26239746,38.077642690,38.506297566
0.26244141,38.157615150,38.582925398
0.26248535,38.236974804,38.658972806
0.26252930,38.315726811,38.734444188
0.26257324,38.393876216,38.809343855
0.26261719,38.471427960,38.883676031
0.26266113,38.548386878,38.957444860
0.26270508,38.624757703,39.030654410
0.26274902,38.700545076,39.103308671
0.26279297,38.775753541,39.175411564
0.26283691,38.850387555,39.246966938
0.26288086,38.924451488,39.317978580
0.26292480,38.997949628,39.388450212
0.26296875,39.070886180,39.458385495
0.26301270,39.143265278,39.527788034
0.26305664,39.215090977,39.596661377
0.26310059,39.286367264,39.665009019
0.26314453,39.357098057,39.732834405
0.26318848,39.427287209,39.800140933
0.26323242,39.496938510,39.866931950
0.26327637,39.566055688,39.933210763
0.26332031,39.634642415,39.998980634
0.26336426,39.702702307,40.064244785
0.26340820,39.770238925,40.129006399
0.26345215,39.837255780,40.193268621
0.26349609,39.903756334,40.257034560
0.26354004,39.969743999,40.320307294
0.26358398,40.035222144,40.383089863
0.26362793,40.100194093,40.445385281
0.26367188,40.164663130,40.507196527
0.26371582,40.228632496,40.568526556
0.26375977,40.292105396,40.629378291
0.26380371,40.355084996,40.689754632
0.26384766,40.417574426,40.749658453
0.26389160,40.479576785,40.809092601
0.26393555,40.541095135,40.868059904
0.26397949,40.602132509,40.926563165
0.26402344,40.662691909,40.984605166
0.26406738,40.722776309,41.042188669
0.26411133,40.782388653,41.099316414
0.26415527,40.841531859,41.155991126
0.26419922,40.900208819,41.212215508
0.26424316,40.958422401,41.267992247
0.26428711,41.016175447,41.323324013
0.26433105,41.073470779,41.378213459
0.26437500,41.130311194,41.432663223
0.26441895,41.186699468,41.486675926
0.26446289,41.242638358,41.540254175
0.26450684,41.298130600,41.593400565
0.26455078,41.353178909,41.646117673
0.26459473,41.407785985,41.698408065
0.26463867,41.461954507,41.750274294
0.26468262,41.515687137,41.801718900
0.26472656,41.568986523,41.852744408
0.26477051,41.621855293,41.903353336
0.26481445,41.674296061,41.953548185
0.26485840,41.726311425,42.003331447
0.26490234,41.777903968,42.052705603
0.26494629,41.829076260,42.101673122
0.26499023,41.879830855,42.150236462
0.26503418,41.930170294,42.198398072
0.26507812,41.980097103,42.246160387
0.26512207,42.029613798,42.293525836
0.26516602,42.078722880,42.340496833
0.26520996,42.127426837,42.387075786
0.26525391,42.175728146,42.433265092
0.26529785,42.223629270,42.479067136
0.26534180,42.271132664,42.524484295
0.26538574,42.318240766,42.569518936
0.26542969,42.364956007,42.614173416
0.26547363,42.411280804,42.658450084
0.26551758,42.457217563,42.702351276
0.26556152,42.502768682,42.745879322
0.26560547,42.547936543,42.789036540
0.26564941,42.592723521,42.831825240
0.26569336,42.637131980,42.874247722
0.26573730,42.681164271,42.916306276
0.26578125,42.724822737,42.958003184
0.26582520,42.768109709,42.999340716
0.26586914,42.811027508,43.040321134
0.26591309,42.853578446,43.080946692
0.26595703,42.895764822,43.121219632
0.26600098,42.937588926,43.161142186
0.26604492,42.979053039,43.200716580
0.26608887,43.020159430,43.239945026
0.26613281,43.060910359,43.278829729
0.26617676,43.101308075,43.317372883
0.26622070,43.141354816,43.355576673
0.26626465,43.181052813,43.393443275
0.26630859,43.220404283,43.430974852
0.26635254,43.259411435,43.468173561
0.26639648,43.298076467,43.505041545
0.26644043,43.336401566,43.541580940
0.26648437,43.374388912,43.577793871
0.26652832,43.412040671,43.613682453
0.26657227,43.449358999,43.649248790
0.26661621,43.486346045,43.684494977
0.26666016,43.523003944,43.719423096
0.26670410,43.559334822,43.754035223
0.26674805,43.595340794,43.788333419
0.26679199,43.631023967,43.822319738
0.26683594,43.666386433,43.855996222
0.26687988,43.701430278,43.889364902
0.26692383,43.736157575,43.922427800
0.26696777,43.770570386,43.955186924
0.26701172,43.804670763,43.987644276
0.26705566,43.838460749,44.019801842
0.26709961,43.871942373,44.051661603
0.26714355,43.905117657,44.083225524
0.26718750,43.937988608,44.114495561
0.26723145,43.970557227,44.145473660
0.26727539,44.002825499,44.176161755
0.26731934,44.034795402,44.206561770
0.26736328,44.066468902,44.236675616
0.26740723,44.097847954,44.266505194
0.26745117,44.128934501,44.296052396
0.26749512,44.159730477,44.325319100
0.26753906,44.190237803,44.354307173
0.26758301,44.220458391,44.383018473
0.26762695,44.250394141,44.411454845
0.26767090,44.280046941,44.439618124
0.26771484,44.309418669,44.467510134
0.26775879,44.338511193,44.495132686
0.26780273,44.367326368,44.522487581
0.26784668,44.395866039,44.549576611
0.26789062,44.424132039,44.576401553
0.26793457,44.452126192,44.602964175
0.26797852,44.479850308,44.629266234
0.26802246,44.507306189,44.655309476
0.26806641,44.534495623,44.681095635
0.26811035,44.561420390,44.706626434
0.26815430,44.588082256,44.731903587
0.26819824,44.614482979,44.756928794
0.26824219,44.640624303,44.781703747
0.26828613,44.666507964,44.806230125
0.26833008,44.692135685,44.830509596
0.26837402,44.717509178,44.854543819
0.26841797,44.742630147,44.878334441
0.26846191,44.767500282,44.901883099
0.26850586,44.792121263,44.925191418
0.26854980,44.816494761,44.948261015
0.26859375,44.840622434,44.971093492
0.26863770,44.864505930,44.993690446
0.26868164,44.888146888,45.016053459
0.26872559,44.911546935,45.038184105
0.26876953,44.934707688,45.060083947
0.26881348,44.957630753,45.081754538
0.26885742,44.980317725,45.103197422
0.26890137,45.002770192,45.124414130
0.26894531,45.024989729,45.145406186
0.26898926,45.046977901,45.166175103
0.26903320,45.068736263,45.186722383
0.26907715,45.090266360,45.207049519
0.26912109,45.111569729,45.227157997
0.26916504,45.132647895,45.247049288
0.26920898,45.153502373,45.266724859
0.26925293,45.174134670,45.286186165
0.26929687,45.194546281,45.305434650
0.26934082,45.214738695,45.324471753
0.26938477,45.234713388,45.343298900
0.26942871,45.254471828,45.361917510
0.26947266,45.274015475,45.380328993
0.26951660,45.293345777,45.398534750
0.26956055,45.312464175,45.416536172
0.26960449,45.331372102,45.434334644
0.26964844,45.350070978,45.451931539
0.26969238,45.368562218,45.469328224
0.26973633,45.386847226,45.486526058
0.26978027,45.404927400,45.503526390
0.26982422,45.422804125,45.520330562
0.26986816,45.440478783,45.536939907
0.26991211,45.457952742,45.553355751
0.26995605,45.475227367,45.569579411
0.27000000,45.492304010,45.585612198
0.27004395,45.509184018,45.601455413
0.27008789,45.525868729,45.617110351
0.27013184,45.542359473,45.632578299
0.27017578,45.558657571,45.647860536
0.27021973,45.574764340,45.662958336
0.27026367,45.590681084,45.677872961
0.27030762,45.606409103,45.692605671
0.27035156,45.621949689,45.707157716
0.27039551,45.637304125,45.721530338
0.27043945,45.652473688,45.735724776
0.27048340,45.667459648,45.749742258
0.27052734,45.682263266,45.763584007
0.27057129,45.696885797,45.777251239
0.27061523,45.711328489,45.790745163
0.27065918,45.725592583,45.804066983
0.27070312,45.739679313,45.817217893
0.27074707,45.753589905,45.830199084
0.27079102,45.767325579,45.843011740
0.27083496,45.780887550,45.855657035
0.27087891,45.794277022,45.868136141
0.27092285,45.807495197,45.880450222
0.27096680,45.820543267,45.892600435
0.27101074,45.833422419,45.904587931
0.27105469,45.846133833,45.916413856
0.27109863,45.858678683,45.928079350
0.27114258,45.871058136,45.939585543
0.27118652,45.883273353,45.950933564
0.27123047,45.895325488,45.962124533
0.27127441,45.907215689,45.973159565
0.27131836,45.918945099,45.984039767
0.27136230,45.930514853,45.994766242
0.27140625,45.941926079,46.005340087
0.27145020,45.953179901,46.015762392
0.27149414,45.964277437,46.026034240
0.27153809,45.975219795,46.036156711
0.27158203,45.986008081,46.046130876
0.27162598,45.996643393,46.055957801
0.27166992,46.007126822,46.065638547
0.27171387,46.017459456,46.075174167
0.27175781,46.027642372,46.084565709
0.27180176,46.037676645,46.093814216
0.27184570,46.047563342,46.102920722
0.27188965,46.057303524,46.111886258
0.27193359,46.066898246,46.120711847
0.27197754,46.076348557,46.129398505
0.27202148,46.085655499,46.137947246
0.27206543,46.094820108,46.146359072
0.27210937,46.103843414,46.154634983
0.27215332,46.112726441,46.162775971
0.27219727,46.121470207,46.170783023
0.27224121,46.130075722,46.178657118
0.27228516,46.138543992,46.186399229
0.27232910,46.146876014,46.194010324
0.27237305,46.155072782,46.201491363
0.27241699,46.163135280,46.208843300
0.27246094,46.171064489,46.216067084
0.27250488,46.178861380,46.223163655
0.27254883,46.186526922,46.230133949
0.27259277,46.194062072,46.236978893
0.27263672,46.201467786,46.243699409
0.27268066,46.208745010,46.250296413
0.27272461,46.215894685,46.256770812
0.27276855,46.222917745,46.263123510
0.27281250,46.229815117,46.269355400
0.27285645,46.236587723,46.275467373
0.27290039,46.243236476,46.281460309
0.27294434,46.249762284,46.287335085
0.27298828,46.256166049,46.293092569
0.27303223,46.262448666,46.298733623
0.27307617,46.268611022,46.304259104
0.27312012,46.274653999,46.309669859
0.27316406,46.280578472,46.314966733
0.27320801,46.286385310,46.320150559
0.27325195,46.292075375,46.325222169
0.27329590,46.297649522,46.330182385
0.27333984,46.303108600,46.335032024
0.27338379,46.308453453,46.339771896
0.27342773,46.313684916,46.344402805
0.27347168,46.318803820,46.348925549
0.27351562,46.323810989,46.353340921
0.27355957,46.328707239,46.357649704
0.27360352,46.333493384,46.361852681
0.27364746,46.338170229,46.365950624
0.27369141,46.342738572,46.369944302
0.27373535,46.347199210,46.373834478
0.27377930,46.351552928,46.377621910
0.27382324,46.355800511,46.381307349
0.27386719,46.359942735,46.384891543
0.27391113,46.363980372,46.388375233
0.27395508,46.367914189,46.391759159
0.27399902,46.371744948,46.395044052
0.27404297,46.375473405,46.398230642
0.27408691,46.379100313,46.401319652
0.27413086,46.382626420,46.404311804
0.27417480,46.386052468,46.407207815
0.27421875,46.389379198,46.410008400
0.27426270,46.392607345,46.412714268
0.27430664,46.395737642,46.415326128
0.27435059,46.398770816,46.417844686
0.27439453,46.401707595,46.420270645
0.27443848,46.404548700,46.422604707
0.27448242,46.407294852,46.424847573
0.27452637,46.409946770,46.426999942
0.27457031,46.412505171,46.429062512
0.27461426,46.414970769,46.431035983
0.27465820,46.417344278,46.432921053
0.27470215,46.419626412,46.434718420
0.27474609,46.421817883,46.436428786
0.27479004,46.423919404,46.438052852
0.27483398,46.425931689,46.439591321
0.27487793,46.427855450,46.441044901
0.27492187,46.429691405,46.442414299
0.27496582,46.431440269,46.443700228
0.27500977,46.433102762,46.444903406
0.27505371,46.434679606,46.446024553
0.27509766,46.436171526,46.447064396
0.27514160,46.437579252,46.448023667
0.27518555,46.438903515,46.448903105
0.27522949,46.440145055,46.449703455
0.27527344,46.441304614,46.450425470
0.27531738,46.442382942,46.451069912
0.27536133,46.443380795,46.451637552
0.27540527,46.444298935,46.452129168
0.27544922,46.445138133,46.452545553
0.27549316,46.445899169,46.452887506
0.27553711,46.446582830,46.453155841
0.27558105,46.447189914,46.453351384
0.27562500,46.447721230,46.453474974
0.27566895,46.448177597,46.453527464
0.27571289,46.448559845,46.453509720
0.27575684,46.448868820,46.453422627
0.27580078,46.449105378,46.453267085
0.27584473,46.449270389,46.453044009
0.27588867,46.449364739,46.452754336
0.27593262,46.449389330,46.452399018
0.27597656,46.449345079,46.451979029
0.27602051,46.449232920,46.451495363
0.27606445,46.449053807,46.450949036
0.27610840,46.448808710,46.450341086
0.27615234,46.448498620,46.449672572
0.27619629,46.448124548,46.448944581
0.27624023,46.447687527,46.448158222
0.27628418,46.447188610,46.447314631
0.27632812,46.446628876,46.446414971
0.27637207,46.446009424,46.445460432
0.27641602,46.445331381,46.444452232
0.27645996,46.444595898,46.443391621
0.27650391,46.443804152,46.442279876
0.27654785,46.442957347,46.441118309
0.27659180,46.442056718,46.439908262
0.27663574,46.441103526,46.438651110
0.27667969,46.440099062,46.437348263
0.27672363,46.439044649,46.436001166
0.27676758,46.437941642,46.434611300
0.27681152,46.436791428,46.433180182
0.27685547,46.435595427,46.431709368
0.27689941,46.434355094,46.430200452
0.27694336,46.433071918,46.428655069
0.27698730,46.431747427,46.427074891
0.27703125,46.430383184,46.425461635
0.27707520,46.428980789,46.423817059
0.27711914,46.427541883,46.422142963
0.27716309,46.426068145,46.420441193
0.27720703,46.424561295,46.418713638
0.27725098,46.423023094,46.416962234
0.27729492,46.421455347,46.415188962
0.27733887,46.419859900,46.413395853
0.27738281,46.418238642,46.411584982
0.27742676,46.416593510,46.409758476
0.27747070,46.414926482,46.407918510
0.27751465,46.413239586,46.406067311
0.27755859,46.411534895,46.404207155
0.27760254,46.409814530,46.402340370
0.27764648,46.408080661,46.400469339
0.27769043,46.406335505,46.398596494
0.27773437,46.404581332,46.396724323
0.27777832,46.402820459,46.394855370
0.27782227,46.401055257,46.392992229
0.27786621,46.399288148,46.391137554
0.27791016,46.397521604,46.389294052
0.27795410,46.395758154,46.387464488
0.27799805,46.394000376,46.385651684
0.27804199,46.392250905,46.383858517
0.27808594,46.390512430,46.382087925
0.27812988,46.388787694,46.380342902
0.27817383,46.387079496,46.378626501
0.27821777,46.385390691,46.376941832
0.27826172,46.383724190,46.375292068
0.27830566,46.382082960,46.373680437
0.27834961,46.380470026,46.372110229
0.27839355,46.378888470,46.370584793
0.27843750,46.377341429,46.369107536
0.27848145,46.375832101,46.367681928
0.27852539,46.374363740,46.366311497
0.27856934,46.372939659,46.364999829
0.27861328,46.371563227,46.363750574
0.27865723,46.370237874,46.362567438
0.27870117,46.368967087,46.361454189
0.27874512,46.367754409,46.360414653
0.27878906,46.366603445,46.359452715
0.27883301,46.365517856,46.358572321
0.27887695,46.364501361,46.357777473
0.27892090,46.363557737,46.357072233
0.27896484,46.362690819,46.356460720
0.27900879,46.361904498,46.355947113
0.27905273,46.361202724,46.355535644
0.27909668,46.360589502,46.355230605
0.27914062,46.360068894,46.355036341
0.27918457,46.359645019,46.354957256
0.27922852,46.359322050,46.354997804
0.27927246,46.359104215,46.355162498
0.27931641,46.358995797,46.355455899
0.27936035,46.359001132,46.355882624
0.27940430,46.359124611,46.356447341
0.27944824,46.359370675,46.357154768
0.27949219,46.359743819,46.358009671
0.27953613,46.360248586,46.359016867
0.27958008,46.360889573,46.360181220
0.27962402,46.361671421,46.361507640
0.27966797,46.362598825,46.363001083
0.27971191,46.363676524,46.364666547
0.27975586,46.364909302,46.366509075
0.27979980,46.366301992,46.368533751
0.27984375,46.367859467,46.370745699
0.27988770,46.369586647,46.373150081
0.27993164,46.371488490,46.375752099
0.27997559,46.373569997,46.378556988
0.28001953,46.375836206,46.381570018
0.28006348,46.378292195,46.384796492
0.28010742,46.380943077,46.388241745
0.28015137,46.383793999,46.391911140
0.28019531,46.386850144,46.395810069
0.28023926,46.390116724,46.399943949
0.28028320,46.393598984,46.404318221
0.28032715,46.397302197,46.408938349
0.28037109,46.401231661,46.413809818
0.28041504,46.405392701,46.418938130
0.28045898,46.409790667,46.424328804
0.28050293,46.414430928,46.429987374
0.28054687,46.419318875,46.435919387
0.28059082,46.424459916,46.442130399
0.28063477,46.429859475,46.448625974
0.28067871,46.435522992,46.455411685
0.28072266,46.441455917,46.462493105
0.28076660,46.447663712,46.469875812
0.28081055,46.454151845,46.477565381
0.28085449,46.460925794,46.485567385
0.28089844,46.467991036,46.493887393
0.28094238,46.475353054,46.502530964
0.28098633,46.483017328,46.511503650
0.28103027,46.490989337,46.520810989
0.28107422,46.499274554,46.530458503
0.28111816,46.507878445,46.540451699
0.28116211,46.516806467,46.550796064
0.28120605,46.526064066,46.561497061
0.28125000,46.535656671,46.572560130
0.28129395,46.545589698,46.583990685
0.28133789,46.555868542,46.595794106
0.28138184,46.566498577,46.607975744
0.28142578,46.577485152,46.620540915
0.28146973,46.588833593,46.633494895
0.28151367,46.600549194,46.646842923
0.28155762,46.612637218,46.660590192
0.28160156,46.625102897,46.674741851
0.28164551,46.637951424,46.689303002
0.28168945,46.651187954,46.704278695
0.28173340,46.664817600,46.719673926
0.28177734,46.678845431,46.735493636
0.28182129,46.693276472,46.751742707
0.28186523,46.708115695,46.768425961
0.28190918,46.723368024,46.785548152
0.28195312,46.739038325,46.803113972
0.28199707,46.755131410,46.821128042
0.28204102,46.771652031,46.839594909
0.28208496,46.788604877,46.858519049
0.28212891,46.805994574,46.877904857
0.28217285,46.823825679,46.897756652
0.28221680,46.842102680,46.918078669
0.28226074,46.860829994,46.938875056
0.28230469,46.880011961,46.960149878
0.28234863,46.899652844,46.981907105
0.28239258,46.919756829,47.004150619
0.28243652,46.940328016,47.026884203
0.28248047,46.961370421,47.050111546
0.28252441,46.982887974,47.073836234
0.28256836,47.004884514,47.098061752
0.28261230,47.027363787,47.122791481
0.28265625,47.050329447,47.148028693
0.28270020,47.073785047,47.173776552
0.28274414,47.097734045,47.200038110
0.28278809,47.122179794,47.226816305
0.28283203,47.147125544,47.254113958
0.28287598,47.172574438,47.281933771
0.28291992,47.198529511,47.310278329
0.28296387,47.224993687,47.339150089
0.28300781,47.251969777,47.368551387
0.28305176,47.279460478,47.398484431
0.28309570,47.307468366,47.428951300
0.28313965,47.335995902,47.459953943
0.28318359,47.365045424,47.491494177
0.28322754,47.394619145,47.523573681
0.28327148,47.424719155,47.556194003
0.28331543,47.455347416,47.589356548
0.28335937,47.486505761,47.623062585
0.28340332,47.518195890,47.657313241
0.28344727,47.550419375,47.692109498
0.28349121,47.583177649,47.727452196
0.28353516,47.616472011,47.763342028
0.28357910,47.650303623,47.799779540
0.28362305,47.684673507,47.836765131
0.28366699,47.719582543,47.874299047
0.28371094,47.755031472,47.912381385
0.28375488,47.791020889,47.951012090
0.28379883,47.827551245,47.990190952
0.28384277,47.864622844,48.029917609
0.28388672,47.902235845,48.070191542
0.28393066,47.940390255,48.111012075
0.28397461,47.979085933,48.152378378
0.28401855,48.018322590,48.194289460
0.28406250,48.058099781,48.236744173
0.28410645,48.098416910,48.279741209
0.28415039,48.139273230,48.323279102
0.28419434,48.180667837,48.367356225
0.28423828,48.222599673,48.411970788
0.28428223,48.265067524,48.457120845
0.28432617,48.308070022,48.502804284
0.28437012,48.351605639,48.549018833
0.28441406,48.395672694,48.595762061
0.28445801,48.440269345,48.643031371
0.28450195,48.485393595,48.690824008
0.28454590,48.531043287,48.739137054
0.28458984,48.577216106,48.787967429
0.28463379,48.623909581,48.837311893
0.28467773,48.671121081,48.887167045
0.28472168,48.718847816,48.937529322
0.28476562,48.767086839,48.988395003
0.28480957,48.815835047,49.039760207
0.28485352,48.865089175,49.091620893
0.28489746,48.914845805,49.143972862
0.28494141,48.965101359,49.196811759
0.28498535,49.015852105,49.250133070
0.28502930,49.067094152,49.303932128
0.28507324,49.118823457,49.358204108
0.28511719,49.171035820,49.412944034
0.28516113,49.223726889,49.468146775
0.28520508,49.276892156,49.523807050
0.28524902,49.330526965,49.579919427
0.28529297,49.384626506,49.636478325
0.28533691,49.439185819,49.693478015
0.28538086,49.494199796,49.750912624
0.28542480,49.549663180,49.808776130
0.28546875,49.605570567,49.867062372
0.28551270,49.661916410,49.925765045
0.28555664,49.718695016,49.984877706
0.28560059,49.775900549,50.044393773
0.28564453,49.833527034,50.104306529
0.28568848,49.891568354,50.164609120
0.28573242,49.950018256,50.225294564
0.28577637,50.008870351,50.286355744
0.28582031,50.068118115,50.347785419
0.28586426,50.127754889,50.409576220
0.28590820,50.187773888,50.471720653
0.28595215,50.248168195,50.534211106
0.28599609,50.308930766,50.597039844
0.28604004,50.370054434,50.660199018
0.28608398,50.431531909,50.723680663
0.28612793,50.493355779,50.787476703
0.28617187,50.555518517,50.851578951
0.28621582,50.618012475,50.915979114
0.28625977,50.680829897,50.980668797
0.28630371,50.743962912,51.045639499
0.28634766,50.807403541,51.110882624
0.28639160,50.871143699,51.176389479
0.28643555,50.935175198,51.242151276
0.28647949,50.999489748,51.308159139
0.28652344,51.064078959,51.374404103
0.28656738,51.128934347,51.440877119
0.28661133,51.194047336,51.507569056
0.28665527,51.259409255,51.574470704
0.28669922,51.325011350,51.641572779
0.28674316,51.390844779,51.708865923
0.28678711,51.456900621,51.776340709
0.28683105,51.523169872,51.843987644
0.28687500,51.589643455,51.911797171
0.28691895,51.656312219,51.979759674
0.28696289,51.723166943,52.047865480
0.28700684,51.790198337,52.116104863
0.28705078,51.857397051,52.184468045
0.28709473,51.924753669,52.252945203
0.28713867,51.992258721,52.321526469
0.28718262,52.059902680,52.390201936
0.28722656,52.127675969,52.458961658
0.28727051,52.195568961,52.527795657
0.28731445,52.263571986,52.596693923
0.28735840,52.331675329,52.665646421
0.28740234,52.399869240,52.734643091
0.28744629,52.468143929,52.803673853
0.28749023,52.536489578,52.872728610
0.28753418,52.604896337,52.941797252
0.28757812,52.673354332,53.010869658
0.28762207,52.741853666,53.079935701
0.28766602,52.810384423,53.148985251
0.28770996,52.878936671,53.218008177
0.28775391,52.947500466,53.286994352
0.28779785,53.016065854,53.355933656
0.28784180,53.084622876,53.424815978
0.28788574,53.153161569,53.493631222
0.28792969,53.221671973,53.562369309
0.28797363,53.290144129,53.631020179
0.28801758,53.358568088,53.699573795
0.28806152,53.426933911,53.768020149
0.28810547,53.495231671,53.836349261
0.28814941,53.563451460,53.904551186
0.28819336,53.631583391,53.972616015
0.28823730,53.699617598,54.040533878
0.28828125,53.767544244,54.108294949
0.28832520,53.835353521,54.175889448
0.28836914,53.903035654,54.243307644
0.28841309,53.970580907,54.310539861
0.28845703,54.037979579,54.377576474
0.28850098,54.105222015,54.444407920
0.28854492,54.172298606,54.511024697
0.28858887,54.239199789,54.577417368
0.28863281,54.305916055,54.643576562
0.28867676,54.372437950,54.709492982
0.28872070,54.438756077,54.775157401
0.28876465,54.504861101,54.840560670
0.28880859,54.570743749,54.905693719
0.28885254,54.636394816,54.970547561
0.28889648,54.701805166,55.035113291
0.28894043,54.766965735,55.099382095
0.28898438,54.831867537,55.163345246
0.28902832,54.896501659,55.226994112
0.28907227,54.960859273,55.290320155
0.28911621,55.024931631,55.353314934
0.28916016,55.088710074,55.415970110
0.28920410,55.152186030,55.478277447
0.28924805,55.215351017,55.540228812
0.28929199,55.278196648,55.601816180
0.28933594,55.340714632,55.663031638
0.28937988,55.402896775,55.723867381
0.28942383,55.464734987,55.784315721
0.28946777,55.526221277,55.844369085
0.28951172,55.587347762,55.904020019
0.28955566,55.648106666,55.963261189
0.28959961,55.708490323,56.022085382
0.28964355,55.768491178,56.080485511
0.28968750,55.828101792,56.138454614
0.28973145,55.887314839,56.195985857
0.28977539,55.946123114,56.253072534
0.28981934,56.004519529,56.309708073
0.28986328,56.062497120,56.365886033
0.28990723,56.120049045,56.421600107
0.28995117,56.177168588,56.476844125
0.28999512,56.233849160,56.531612054
0.29003906,56.290084300,56.585897998
0.29008301,56.345867678,56.639696203
0.29012695,56.401193095,56.693001055
0.29017090,56.456054484,56.745807084
0.29021484,56.510445915,56.798108961
0.29025879,56.564361593,56.849901504
0.29030273,56.617795858,56.901179675
0.29034668,56.670743191,56.951938583
0.29039063,56.723198212,57.002173485
0.29043457,56.775155681,57.051879786
0.29047852,56.826610500,57.101053041
0.29052246,56.877557714,57.149688952
0.29056641,56.927992511,57.197783374
0.29061035,56.977910224,57.245332313
0.29065430,57.027306331,57.292331925
0.29069824,57.076176456,57.338778519
0.29074219,57.124516371,57.384668557
0.29078613,57.172321993,57.429998652
0.29083008,57.219589389,57.474765571
0.29087402,57.266314775,57.518966235
0.29091797,57.312494512,57.562597718
0.29096191,57.358125116,57.605657246
0.29100586,57.403203248,57.648142201
0.29104980,57.447725722,57.690050117
0.29109375,57.491689500,57.731378682
0.29113770,57.535091696,57.772125737
0.29118164,57.577929573,57.812289278
0.29122559,57.620200546,57.851867451
0.29126953,57.661902180,57.890858557
0.29131348,57.703032190,57.929261048
0.29135742,57.743588441,57.967073529
0.29140137,57.783568949,58.004294756
0.29144531,57.822971881,58.040923635
0.29148926,57.861795551,58.076959224
0.29153320,57.900038423,58.112400729
0.29157715,57.937699113,58.147247507
0.29162109,57.974776380,58.181499062
0.29166504,58.011269136,58.215155046
0.29170898,58.047176438,58.248215258
0.29175293,58.082497490,58.280679641
0.29179688,58.117231642,58.312548287
0.29184082,58.151378391,58.343821428
0.29188477,58.184937376,58.374499441
0.29192871,58.217908383,58.404582843
0.29197266,58.250291338,58.434072296
0.29201660,58.282086312,58.462968596
0.29206055,58.313293515,58.491272682
0.29210449,58.343913299,58.518985628
0.29214844,58.373946153,58.546108644
0.29219238,58.403392707,58.572643076
0.29223633,58.432253726,58.598590402
0.29228027,58.460530111,58.623952231
0.29232422,58.488222897,58.648730304
0.29236816,58.515333256,58.672926490
0.29241211,58.541862486,58.696542787
0.29245605,58.567812022,58.719581316
0.29250000,58.593183424,58.742044325
0.29254395,58.617978383,58.763934183
0.29258789,58.642198713,58.785253380
0.29263184,58.665846356,58.806004526
0.29267578,58.688923377,58.826190348
0.29271973,58.711431963,58.845813689
0.29276367,58.733374420,58.864877506
0.29280762,58.754753175,58.883384869
0.29285156,58.775570771,58.901338955
0.29289551,58.795829865,58.918743055
0.29293945,58.815533231,58.935600562
0.29298340,58.834683752,58.951914975
0.29302734,58.853284424,58.967689897
0.29307129,58.871338349,58.982929031
0.29311523,58.888848736,58.997636177
0.29315918,58.905818901,59.011815235
0.29320313,58.922252260,59.025470198
0.29324707,58.938152332,59.038605151
0.29329102,58.953522734,59.051224271
0.29333496,58.968367182,59.063331823
0.29337891,58.982689484,59.074932159
0.29342285,58.996493544,59.086029713
0.29346680,59.009783356,59.096629005
0.29351074,59.022563003,59.106734632
0.29355469,59.034836656,59.116351271
0.29359863,59.046608571,59.125483672
0.29364258,59.057883086,59.134136661
0.29368652,59.068664621,59.142315135
0.29373047,59.078957674,59.150024059
0.29377441,59.088766821,59.157268466
0.29381836,59.098096711,59.164053452
0.29386230,59.106952066,59.170384179
0.29390625,59.115337679,59.176265864
0.29395020,59.123258411,59.181703787
0.29399414,59.130719187,59.186703281
0.29403809,59.137724999,59.191269732
0.29408203,59.144280898,59.195408580
0.29412598,59.150391995,59.199125310
0.29416992,59.156063460,59.202425458
0.29421387,59.161300515,59.205314602
0.29425781,59.166108438,59.207798361
0.29430176,59.170492554,59.209882396
0.29434570,59.174458239,59.211572406
0.29438965,59.178010915,59.212874123
0.29443359,59.181156046,59.213793314
0.29447754,59.183899141,59.214335775
0.29452148,59.186245744,59.214507334
0.29456543,59.188201440,59.214313842
0.29460938,59.189771848,59.213761176
0.29465332,59.190962619,59.212855233
0.29469727,59.191779435,59.211601932
0.29474121,59.192228007,59.210007207
0.29478516,59.192314071,59.208077009
0.29482910,59.192043388,59.205817301
0.29487305,59.191421739,59.203234058
0.29491699,59.190454928,59.200333261
0.29496094,59.189148772,59.197120901
0.29500488,59.187509107,59.193602969
0.29504883,59.185541779,59.189785462
0.29509277,59.183252648,59.185674374
0.29513672,59.180647579,59.181275698
0.29518066,59.177732446,59.176595423
0.29522461,59.174513127,59.171639530
0.29526855,59.170995501,59.166413993
0.29531250,59.167185449,59.160924774
0.29535645,59.163088848,59.155177823
0.29540039,59.158711573,59.149179075
0.29544434,59.154059492,59.142934447
0.29548828,59.149138463,59.136449839
0.29553223,59.143954335,59.129731129
0.29557617,59.138512946,59.122784170
0.29562012,59.132820117,59.115614795
0.29566406,59.126881654,59.108228804
0.29570801,59.120703345,59.100631972
0.29575195,59.114290956,59.092830043
0.29579590,59.107650232,59.084828727
0.29583984,59.100786891,59.076633698
0.29588379,59.093706629,59.068250597
0.29592773,59.086415109,59.059685024
0.29597168,59.078917967,59.050942538
0.29601563,59.071220805,59.042028658
0.29605957,59.063329193,59.032948858
0.29610352,59.055248662,59.023708565
0.29614746,59.046984709,59.014313161
0.29619141,59.038542787,59.004767977
0.29623535,59.029928312,58.995078293
0.29627930,59.021146654,58.985249336
0.29632324,59.012203139,58.975286279
0.29636719,59.003103045,58.965194239
0.29641113,58.993851604,58.954978275
0.29645508,58.984453995,58.944643386
0.29649902,58.974915347,58.934194510
0.29654297,58.965240735,58.923636522
0.29658691,58.955435178,58.912974235
0.29663086,58.945503638,58.902212394
0.29667480,58.935451019,58.891355676
0.29671875,58.925282166,58.880408691
0.29676270,58.915001860,58.869375977
0.29680664,58.904614820,58.858262003
0.29685059,58.894125700,58.847071161
0.29689453,58.883539087,58.835807770
0.29693848,58.872859501,58.824476073
0.29698242,58.862091393,58.813080237
0.29702637,58.851239142,58.801624347
0.29707031,58.840307055,58.790112409
0.29711426,58.829299365,58.778548350
0.29715820,58.818220232,58.766936011
0.29720215,58.807073738,58.755279149
0.29724609,58.795863887,58.743581440
0.29729004,58.784594604,58.731846467
0.29733398,58.773269735,58.720077731
0.29737793,58.761893042,58.708278642
0.29742188,58.750468208,58.696452518
0.29746582,58.738998827,58.684602590
0.29750977,58.727488411,58.672731994
0.29755371,58.715940384,58.660843773
0.29759766,58.704358083,58.648940876
0.29764160,58.692744757,58.637026157
0.29768555,58.681103563,58.625102373
0.29772949,58.669437568,58.613172185
0.29777344,58.657749748,58.601238154
0.29781738,58.646042985,58.589302743
0.29786133,58.634320066,58.577368314
0.29790527,58.622583683,58.565437130
0.29794922,58.610836434,58.553511349
0.29799316,58.599080818,58.541593028
0.29803711,58.587319237,58.529684123
0.29808105,58.575553993,58.517786481
0.29812500,58.563787289,58.505901848
0.29816895,58.552021228,58.494031862
0.29821289,58.540257812,58.482178056
0.29825684,58.528498938,58.470341856
0.29830078,58.516746403,58.458524579
0.29834473,58.505001900,58.446727434
0.29838867,58.493267017,58.434951523
0.29843262,58.481543235,58.423197836
0.29847656,58.469831934,58.411467254
0.29852051,58.458134382,58.399760548
0.29856445,58.446451745,58.388078379
0.29860840,58.434785079,58.376421293
0.29865234,58.423135331,58.364789727
0.29869629,58.411503342,58.353184006
0.29874023,58.399889841,58.341604340
0.29878418,58.388295450,58.330050829
0.29882812,58.376720678,58.318523456
0.29887207,58.365165927,58.307022094
0.29891602,58.353631485,58.295546500
0.29895996,58.342117530,58.284096317
0.29900391,58.330624128,58.272671075
0.29904785,58.319151235,58.261270188
0.29909180,58.307698691,58.249892956
0.29913574,58.296266227,58.238538563
0.29917969,58.284853459,58.227206081
0.29922363,58.273459892,58.215894464
0.29926758,58.262084916,58.204602553
0.29931152,58.250727809,58.193329073
0.29935547,58.239387736,58.182072633
0.29939941,58.228063746,58.170831729
0.29944336,58.216754778,58.159604742
0.29948730,58.205459655,58.148389936
0.29953125,58.194177087,58.137185464
0.29957520,58.182905672,58.125989361
0.29961914,58.171643891,58.114799549
0.29966309,58.160390115,58.103613836
0.29970703,58.149142600,58.092429918
0.29975098,58.137899490,58.081245373
0.29979492,58.126658814,58.070057671
0.29983887,58.115418491,58.058864165
0.29988281,58.104176325,58.047662098
0.29992676,58.092930008,58.036448599
0.29997070,58.081677122,58.025220687
0.30001465,58.070415135,58.013975270
0.30005859,58.059141405,58.002709142
0.30010254,58.047853179,57.991418991
0.30014648,58.036547591,57.980101393
0.30019043,58.025221669,57.968752815
0.30023437,58.013872328,57.957369616
0.30027832,58.002496376,57.945948048
0.30032227,57.991090510,57.934484255
0.30036621,57.979651320,57.922974273
0.30041016,57.968175291,57.911414035
0.30045410,57.956658796,57.899799368
0.30049805,57.945098106,57.888125995
0.30054199,57.933489386,57.876389534
0.30058594,57.921828693,57.864585504
0.30062988,57.910111983,57.852709319
0.30067383,57.898335108,57.840756294
0.30071777,57.886493817,57.828721644
0.30076172,57.874583756,57.816600486
0.30080566,57.862600474,57.804387839
0.30084961,57.850539415,57.792078623
0.30089355,57.838395928,57.779667666
0.30093750,57.826165261,57.767149699
0.30098145,57.813842567,57.754519362
0.30102539,57.801422902,57.741771199
0.30106934,57.788901227,57.728899666
0.30111328,57.776272409,57.715899129
0.30115723,57.763531222,57.702763864
0.30120117,57.750672347,57.689488061
0.30124512,57.737690377,57.676065823
0.30128906,57.724579814,57.662491170
0.30133301,57.711335071,57.648758036
0.30137695,57.697950476,57.634860275
0.30142090,57.684420268,57.620791662
0.30146484,57.670738606,57.606545889
0.30150879,57.656899563,57.592116574
0.30155273,57.642897131,57.577497256
0.30159668,57.628725220,57.562681403
0.30164062,57.614377665,57.547662408
0.30168457,57.599848219,57.532433591
0.30172852,57.585130563,57.516988206
0.30177246,57.570218301,57.501319436
0.30181641,57.555104964,57.485420398
0.30186035,57.539784012,57.469284145
0.30190430,57.524248837,57.452903668
0.30194824,57.508492759,57.436271894
0.30199219,57.492509035,57.419381693
0.30203613,57.476290855,57.402225875
0.30208008,57.459831346,57.384797196
0.30212402,57.443123573,57.367088357
0.30216797,57.426160543,57.349092007
0.30221191,57.408935203,57.330800745
0.30225586,57.391440445,57.312207121
0.30229980,57.373669104,57.293303638
0.30234375,57.355613966,57.274082756
0.30238770,57.337267763,57.254536892
0.30243164,57.318623180,57.234658422
0.30247559,57.299672855,57.214439683
0.30251953,57.280409378,57.193872976
0.30256348,57.260825298,57.172950568
0.30260742,57.240913125,57.151664692
0.30265137,57.220665324,57.130007554
0.30269531,57.200074328,57.107971327
0.30273926,57.179132531,57.085548163
0.30278320,57.157832297,57.062730186
0.30282715,57.136165955,57.039509501
0.30287109,57.114125808,57.015878190
0.30291504,57.091704132,56.991828322
0.30295898,57.068893174,56.967351948
0.30300293,57.045685163,56.942441106
0.30304687,57.022072305,56.917087824
0.30309082,56.998046787,56.891284120
0.30313477,56.973600781,56.865022009
0.30317871,56.948726442,56.838293497
0.30322266,56.923415918,56.811090593
0.30326660,56.897661341,56.783405304
0.30331055,56.871454839,56.755229639
0.30335449,56.844788535,56.726555615
0.30339844,56.817654547,56.697375253
0.30344238,56.790044992,56.667680587
0.30348633,56.761951990,56.637463659
0.30353027,56.733367663,56.606716530
0.30357422,56.704284138,56.575431273
0.30361816,56.674693553,56.543599983
0.30366211,56.644588053,56.511214776
0.30370605,56.613959798,56.478267791
0.30375000,56.582800962,56.444751192
0.30379395,56.551103736,56.410657173
0.30383789,56.518860331,56.375977957
0.30388184,56.486062979,56.340705803
0.30392578,56.452703937,56.304833001
0.30396973,56.418775488,56.268351881
0.30401367,56.384269943,56.231254813
0.30405762,56.349179644,56.193534209
0.30410156,56.313496968,56.155182526
0.30414551,56.277214326,56.116192267
0.30418945,56.240324166,56.076555983
0.30423340,56.202818979,56.036266280
0.30427734,56.164691295,55.995315816
0.30432129,56.125933691,55.953697303
0.30436523,56.086538791,55.911403514
0.30440918,56.046499266,55.868427282
0.30445312,56.005807841,55.824761502
0.30449707,55.964457293,55.780399135
0.30454102,55.922440457,55.735333208
0.30458496,55.879750223,55.689556820
0.30462891,55.836379545,55.643063139
0.30467285,55.792321436,55.595845408
0.30471680,55.747568978,55.547896945
0.30476074,55.702115315,55.499211149
0.30480469,55.655953665,55.449781496
0.30484863,55.609077315,55.399601546
0.30489258,55.561479625,55.348664944
0.30493652,55.513154030,55.296965420
0.30498047,55.464094046,55.244496794
0.30502441,55.414293266,55.191252976
0.30506836,55.363745365,55.137227968
0.30511230,55.312444103,55.082415869
0.30515625,55.260383325,55.026810872
0.30520020,55.207556965,54.970407270
0.30524414,55.153959044,54.913199456
0.30528809,55.099583680,54.855181925
0.30533203,55.044425080,54.796349277
0.30537598,54.988477549,54.736696217
0.30541992,54.931735489,54.676217559
0.30546387,54.874193402,54.614908225
0.30550781,54.815845892,54.552763250
0.30555176,54.756687665,54.489777782
0.30559570,54.696713532,54.425947082
0.30563965,54.635918411,54.361266530
0.30568359,54.574297329,54.295731620
0.30572754,54.511845423,54.229337970
0.30577148,54.448557940,54.162081318
0.30581543,54.384430244,54.093957521
0.30585937,54.319457811,54.024962566
0.30590332,54.253636235,53.955092561
0.30594727,54.186961228,53.884343744
0.30599121,54.119428624,53.812712479
0.30603516,54.051034373,53.740195262
0.30607910,53.981774554,53.666788718
0.30612305,53.911645365,53.592489605
0.30616699,53.840643132,53.517294817
0.30621094,53.768764308,53.441201379
0.30625488,53.696005473,53.364206454
0.30629883,53.622363337,53.286307341
0.30634277,53.547834742,53.207501479
0.30638672,53.472416660,53.127786444
0.30643066,53.396106197,53.047159954
0.30647461,53.318900592,52.965619866
0.30651855,53.240797221,52.883164181
0.30656250,53.161793595,52.799791041
0.30660645,53.081887364,52.715498735
0.30665039,53.001076314,52.630285692
0.30669434,52.919358373,52.544150490
0.30673828,52.836731606,52.457091851
0.30678223,52.753194221,52.369108644
0.30682617,52.668744568,52.280199887
0.30687012,52.583381138,52.190364742
0.30691406,52.497102567,52.099602524
0.30695801,52.409907634,52.007912693
0.30700195,52.321795262,51.915294860
0.30704590,52.232764521,51.821748786
0.30708984,52.142814626,51.727274381
0.30713379,52.051944936,51.631871706
0.30717773,51.960154961,51.535540974
0.30722168,51.867444355,51.438282546
0.30726562,51.773812921,51.340096935
0.30730957,51.679260609,51.240984808
0.30735352,51.583787518,51.140946979
0.30739746,51.487393894,51.039984416
0.30744141,51.390080135,50.938098238
0.30748535,51.291846784,50.835289715
0.30752930,51.192694536,50.731560267
0.30757324,51.092624233,50.626911468
0.30761719,50.991636866,50.521345040
0.30766113,50.889733578,50.414862858
0.30770508,50.786915658,50.307466946
0.30774902,50.683184545,50.199159478
0.30779297,50.578541826,50.089942778
0.30783691,50.472989240,49.979819321
0.30788086,50.366528670,49.868791729
0.30792480,50.259162150,49.756862773
0.30796875,50.150891860,49.644035373
0.30801270,50.041720131,49.530312596
0.30805664,49.931649437,49.415697654
0.30810059,49.820682400,49.300193908
0.30814453,49.708821791,49.183804862
0.30818848,49.596070524,49.066534168
0.30823242,49.482431657,48.948385618
0.30827637,49.367908397,48.829363150
0.30832031,49.252504090,48.709470845
0.30836426,49.136222229,48.588712922
0.30840820,49.019066449,48.467093745
0.30845215,48.901040524,48.344617813
0.30849609,48.782148373,48.221289768
0.30854004,48.662394053,48.097114387
0.30858398,48.541781760,47.972096584
0.30862793,48.420315829,47.846241409
0.30867187,48.298000734,47.719554045
0.30871582,48.174841083,47.592039810
0.30875977,48.050841621,47.463704151
0.30880371,47.926007226,47.334552649
0.30884766,47.800342912,47.204591013
0.30889160,47.673853823,47.073825078
0.30893555,47.546545234,46.942260808
0.30897949,47.418422551,46.809904293
0.30902344,47.289491308,46.676761744
0.30906738,47.159757166,46.542839496
0.30911133,47.029225913,46.408144006
0.30915527,46.897903461,46.272681848
0.30919922,46.765795845,46.136459716
0.30924316,46.632909223,45.999484420
0.30928711,46.499249873,45.861762883
0.30933105,46.364824193,45.723302143
0.30937500,46.229638696,45.584109348
0.30941895,46.093700014,45.444191758
0.30946289,45.957014892,45.303556739
0.30950684,45.819590189,45.162211764
0.30955078,45.681432874,45.020164411
0.30959473,45.542550028,44.877422360
0.30963867,45.402948837,44.733993393
0.30968262,45.262636596,44.589885391
0.30972656,45.121620704,44.445106332
0.30977051,44.979908663,44.299664289
0.30981445,44.837508077,44.153567431
0.30985840,44.694426648,44.006824017
0.30990234,44.550672177,43.859442394
0.30994629,44.406252561,43.711431002
0.30999023,44.261175791,43.562798361
0.31003418,44.115449949,43.413553080
0.31007812,43.969083210,43.263703848
0.31012207,43.822083835,43.113259433
0.31016602,43.674460174,42.962228683
0.31020996,43.526220659,42.810620520
0.31025391,43.377373807,42.658443942
0.31029785,43.227928216,42.505708018
0.31034180,43.077892562,42.352421886
0.31038574,42.927275597,42.198594753
0.31042969,42.776086150,42.044235892
0.31047363,42.624333121,41.889354639
0.31051758,42.472025484,41.733960391
0.31056152,42.319172278,41.578062605
0.31060547,42.165782612,41.421670796
0.31064941,42.011865658,41.264794533
0.31069336,41.857430651,41.107443439
0.31073730,41.702486889,40.949627188
0.31078125,41.547043726,40.791355503
0.31082520,41.391110574,40.632638152
0.31086914,41.234696898,40.473484950
0.31091309,41.077812218,40.313905754
0.31095703,40.920466103,40.153910460
0.31100098,40.762668170,39.993509003
0.31104492,40.604428083,39.832711356
0.31108887,40.445755550,39.671527522
0.31113281,40.286660320,39.509967539
0.31117676,40.127152183,39.348041474
0.31122070,39.967240968,39.185759421
0.31126465,39.806936536,39.023131500
0.31130859,39.646248787,38.860167855
0.31135254,39.485187648,38.696878651
0.31139648,39.323763078,38.533274070
0.31144043,39.161985062,38.369364315
0.31148437,38.999863612,38.205159601
0.31152832,38.837408762,38.040670157
0.31157227,38.674630567,37.875906222
0.31161621,38.511539103,37.710878047
0.31166016,38.348144461,37.545595885
0.31170410,38.184456748,37.380069998
0.31174805,38.020486084,37.214310649
0.31179199,37.856242601,37.048328100
0.31183594,37.691736438,36.882132615
0.31187988,37.526977741,36.715734453
0.31192383,37.361976664,36.549143868
0.31196777,37.196743361,36.382371106
0.31201172,37.031287988,36.215426405
0.31205566,36.865620700,36.048319992
0.31209961,36.699751649,35.881062081
0.31214355,36.533690981,35.713662869
0.31218750,36.367448838,35.546132540
0.31223145,36.201035351,35.378481256
0.31227539,36.034460642,35.210719161
0.31231934,35.867734819,35.042856375
0.31236328,35.700867976,34.874902995
0.31240723,35.533870191,34.706869092
0.31245117,35.366751526,34.538764708
0.31249512,35.199522019,34.370599858
0.31253906,35.032191690,34.202384524
0.31258301,34.864770534,34.034128656
0.31262695,34.697268521,33.865842168
0.31267090,34.529695595,33.697534941
0.31271484,34.362061670,33.529216814
0.31275879,34.194376630,33.360897591
0.31280273,34.026650327,33.192587031
0.31284668,33.858892581,33.024294853
0.31289062,33.691113173,32.856030731
0.31293457,33.523321851,32.687804292
0.31297852,33.355528323,32.519625118
0.31302246,33.187742255,32.351502741
0.31306641,33.019973274,32.183446642
0.31311035,32.852230963,32.015466253
0.31315430,32.684524859,31.847570951
0.31319824,32.516864454,31.679770058
0.31324219,32.349259192,31.512072842
0.31328613,32.181718469,31.344488512
0.31333008,32.014251628,31.177026221
0.31337402,31.846867963,31.009695061
0.31341797,31.679576712,30.842504062
0.31346191,31.512387059,30.675462193
0.31350586,31.345308134,30.508578360
0.31354980,31.178349008,30.341861403
0.31359375,31.011518693,30.175320097
0.31363770,30.844826143,30.008963150
0.31368164,30.678280248,29.842799203
0.31372559,30.511889840,29.676836827
0.31376953,30.345663685,29.511084522
0.31381348,30.179610484,29.345550718
0.31385742,30.013738874,29.180243773
0.31390137,29.848057424,29.015171971
0.31394531,29.682574636,28.850343524
0.31398926,29.517298943,28.685766566
0.31403320,29.352238707,28.521449157
0.31407715,29.187402222,28.357399280
0.31412109,29.022797708,28.193624840
0.31416504,28.858433312,28.030133666
0.31420898,28.694317108,27.866933503
0.31425293,28.530457097,27.704032021
0.31429687,28.366861201,27.541436807
0.31434082,28.203537270,27.379155367
0.31438477,28.040493073,27.217195124
0.31442871,27.877736305,27.055563421
0.31447266,27.715274579,26.894267514
0.31451660,27.553115431,26.733314579
0.31456055,27.391266317,26.572711705
0.31460449,27.229734610,26.412465897
0.31464844,27.068527605,26.252584074
0.31469238,26.907652513,26.093073069
0.31473633,26.747116463,25.933939629
0.31478027,26.586926501,25.775190414
0.31482422,26.427089588,25.616831996
0.31486816,26.267612604,25.458870860
0.31491211,26.108502341,25.301313403
0.31495605,25.949765508,25.144165933
0.31500000,25.791408727,24.987434669
0.31504395,25.633438536,24.831125741
0.31508789,25.475861385,24.675245192
0.31513184,25.318683638,24.519798973
0.31517578,25.161911571,24.364792945
0.31521973,25.005551373,24.210232881
0.31526367,24.849609146,24.056124462
0.31530762,24.694090903,23.902473279
0.31535156,24.539002571,23.749284834
0.31539551,24.384349984,23.596564538
0.31543945,24.230138893,23.444317709
0.31548340,24.076374956,23.292549579
0.31552734,23.923063744,23.141265284
0.31557129,23.770210737,22.990469874
0.31561523,23.617821328,22.840168306
0.31565918,23.465900820,22.690365445
0.31570312,23.314454426,22.541066069
0.31574707,23.163487270,22.392274862
0.31579102,23.013004387,22.243996420
0.31583496,22.863010720,22.096235248
0.31587891,22.713511127,21.948995759
0.31592285,22.564510372,21.802282278
0.31596680,22.416013134,21.656099041
0.31601074,22.268023998,21.510450191
0.31605469,22.120547465,21.365339784
0.31609863,21.973587943,21.220771787
0.31614258,21.827149752,21.076750075
0.31618652,21.681237125,20.933278439
0.31623047,21.535854205,20.790360577
0.31627441,21.391005045,20.648000102
0.31631836,21.246693614,20.506200537
0.31636230,21.102923789,20.364965318
0.31640625,20.959699362,20.224297796
0.31645020,20.817024035,20.084201231
0.31649414,20.674901427,19.944678800
0.31653809,20.533335066,19.805733593
0.31658203,20.392328395,19.667368614
0.31662598,20.251884771,19.529586783
0.31666992,20.112007466,19.392390932
0.31671387,19.972699664,19.255783813
0.31675781,19.833964468,19.119768091
0.31680176,19.695804891,18.984346348
0.31684570,19.558223867,18.849521085
0.31688965,19.421224242,18.715294720
0.31693359,19.284808781,18.581669586
0.31697754,19.148980165,18.448647939
0.31702148,19.013740993,18.316231953
0.31706543,18.879093782,18.184423719
0.31710937,18.745040965,18.053225252
0.31715332,18.611584899,17.922638485
0.31719727,18.478727856,17.792665275
0.31724121,18.346472029,17.663307400
0.31728516,18.214819533,17.534566559
0.31732910,18.083772403,17.406444377
0.31737305,17.953332595,17.278942402
0.31741699,17.823501989,17.152062105
0.31746094,17.694282385,17.025804884
0.31750488,17.565675509,16.900172063
0.31754883,17.437683011,16.775164890
0.31759277,17.310306462,16.650784544
0.31763672,17.183547363,16.527032128
0.31768066,17.057407137,16.403908675
0.31772461,16.931887135,16.281415149
0.31776855,16.806988636,16.159552441
0.31781250,16.682712844,16.038321375
0.31785645,16.559060895,15.917722703
0.31790039,16.436033851,15.797757113
0.31794434,16.313632704,15.678425222
0.31798828,16.191858378,15.559727584
0.31803223,16.070711728,15.441664684
0.31807617,15.950193538,15.324236944
0.31812012,15.830304528,15.207444720
0.31816406,15.711045349,15.091288306
0.31820801,15.592416586,14.975767931
0.31825195,15.474418759,14.860883764
0.31829590,15.357052323,14.746635910
0.31833984,15.240317670,14.633024417
0.31838379,15.124215126,14.520049270
0.31842773,15.008744959,14.407710396
0.31847168,14.893907370,14.296007663
0.31851562,14.779702502,14.184940881
0.31855957,14.666130437,14.074509805
0.31860352,14.553191197,13.964714132
0.31864746,14.440884745,13.855553504
0.31869141,14.329210987,13.747027509
0.31873535,14.218169771,13.639135680
0.31877930,14.107760887,13.531877498
0.31882324,13.997984070,13.425252392
0.31886719,13.888839000,13.319259738
0.31891113,13.780325304,13.213898862
0.31895508,13.672442551,13.109169039
0.31899902,13.565190263,13.005069497
0.31904297,13.458567904,12.901599413
0.31908691,13.352574890,12.798757917
0.31913086,13.247210587,12.696544094
0.31917480,13.142474307,12.594956979
0.31921875,13.038365317,12.493995564
0.31926270,12.934882834,12.393658796
0.31930664,12.832026026,12.293945578
0.31935059,12.729794016,12.194854769
0.31939453,12.628185881,12.096385186
0.31943848,12.527200650,11.998535604
0.31948242,12.426837309,11.901304757
0.31952637,12.327094801,11.804691340
0.31957031,12.227972023,11.708694007
0.31961426,12.129467833,11.613311373
0.31965820,12.031581044,11.518542015
0.31970215,11.934310429,11.424384474
0.31974609,11.837654722,11.330837254
0.31979004,11.741612616,11.237898820
0.31983398,11.646182764,11.145567607
0.31987793,11.551363785,11.053842011
0.31992187,11.457154255,10.962720397
0.31996582,11.363552718,10.872201095
0.32000977,11.270557679,10.782282404
0.32005371,11.178167609,10.692962591
0.32009766,11.086380944,10.604239890
0.32014160,10.995196086,10.516112508
0.32018555,10.904611404,10.428578621
0.32022949,10.814625235,10.341636373
0.32027344,10.725235882,10.255283885
0.32031738,10.636441619,10.169519246
0.32036133,10.548240689,10.084340520
0.32040527,10.460631305,9.999745744
0.32044922,10.373611649,9.915732929
0.32049316,10.287179878,9.832300063
0.32053711,10.201334118,9.749445105
0.32058105,10.116072469,9.667165996
0.32062500,10.031393004,9.585460648
0.32066895,9.947293772,9.504326955
0.32071289,9.863772793,9.423762786
0.32075684,9.780828066,9.343765990
0.32080078,9.698457563,9.264334395
0.32084473,9.616659234,9.185465809
0.32088867,9.535431006,9.107158020
0.32093262,9.454770784,9.029408796
0.32097656,9.374676451,8.952215888
0.32102051,9.295145868,8.875577028
0.32106445,9.216176876,8.799489933
0.32110840,9.137767298,8.723952299
0.32115234,9.059914935,8.648961809
0.32119629,8.982617571,8.574516130
0.32124023,8.905872970,8.500612912
0.32128418,8.829678881,8.427249793
0.32132812,8.754033032,8.354424393
0.32137207,8.678933139,8.282134322
0.32141602,8.604376898,8.210377175
0.32145996,8.530361992,8.139150535
0.32150391,8.456886089,8.068451972
0.32154785,8.383946839,7.998279045
0.32159180,8.311541883,7.928629303
0.32163574,8.239668845,7.859500282
0.32167969,8.168325338,7.790889508
0.32172363,8.097508961,7.722794499
0.32176758,8.027217301,7.655212761
0.32181152,7.957447936,7.588141794
0.32185547,7.888198430,7.521579088
0.32189941,7.819466337,7.455522124
0.32194336,7.751249202,7.389968377
0.32198730,7.683544559,7.324915313
0.32203125,7.616349933,7.260360394
0.32207520,7.549662842,7.196301073
0.32211914,7.483480792,7.132734797
0.32216309,7.417801285,7.069659009
0.32220703,7.352621811,7.007071146
0.32225098,7.287939858,6.944968640
0.32229492,7.223752902,6.883348918
0.32233887,7.160058416,6.822209403
0.32238281,7.096853867,6.761547515
0.32242676,7.034136714,6.701360670
0.32247070,6.971904414,6.641646281
0.32251465,6.910154415,6.582401757
0.32255859,6.848884164,6.523624507
0.32260254,6.788091104,6.465311936
0.32264648,6.727772670,6.407461448
0.32269043,6.667926299,6.350070444
0.32273437,6.608549421,6.293136325
0.32277832,6.549639464,6.236656492
0.32282227,6.491193854,6.180628344
0.32286621,6.433210016,6.125049279
0.32291016,6.375685370,6.069916696
0.32295410,6.318617338,6.015227995
0.32299805,6.262003338,5.960980575
0.32304199,6.205840787,5.907171835
0.32308594,6.150127104,5.853799177
0.32312988,6.094859704,5.800860004
0.32317383,6.040036006,5.748351718
0.32321777,5.985653424,5.696271724
0.32326172,5.931709377,5.644617432
0.32330566,5.878201283,5.593386248
0.32334961,5.825126558,5.542575585
0.32339355,5.772482624,5.492182858
0.32343750,5.720266901,5.442205482
0.32348145,5.668476811,5.392640878
0.32352539,5.617109779,5.343486468
0.32356934,5.566163231,5.294739678
0.32361328,5.515634595,5.246397939
0.32365723,5.465521302,5.198458682
0.32370117,5.415820785,5.150919345
0.32374512,5.366530481,5.103777370
0.32378906,5.317647828,5.057030200
0.32383301,5.269170269,5.010675286
0.32387695,5.221095250,4.964710081
0.32392090,5.173420218,4.919132043
0.32396484,5.126142628,4.873938636
0.32400879,5.079259935,4.829127327
0.32405273,5.032769601,4.784695589
0.32409668,4.986669089,4.740640900
0.32414063,4.940955868,4.696960743
0.32418457,4.895627412,4.653652606
0.32422852,4.850681199,4.610713984
0.32427246,4.806114710,4.568142374
0.32431641,4.761925434,4.525935283
0.32436035,4.718110862,4.484090220
0.32440430,4.674668491,4.442604703
0.32444824,4.631595825,4.401476252
0.32449219,4.588890369,4.360702397
0.32453613,4.546549637,4.320280672
0.32458008,4.504571148,4.280208616
0.32462402,4.462952424,4.240483776
0.32466797,4.421690996,4.201103705
0.32471191,4.380784398,4.162065962
0.32475586,4.340230172,4.123368111
0.32479980,4.300025863,4.085007725
0.32484375,4.260169024,4.046982380
0.32488770,4.220657214,4.009289663
0.32493164,4.181487997,3.971927163
0.32497559,4.142658944,3.934892478
0.32501953,4.104167632,3.898183213
0.32506348,4.066011642,3.861796977
0.32510742,4.028188566,3.825731388
0.32515137,3.990695997,3.789984070
0.32519531,3.953531537,3.754552653
0.32523926,3.916692795,3.719434774
0.32528320,3.880177385,3.684628078
0.32532715,3.843982927,3.650130214
0.32537109,3.808107049,3.615938840
0.32541504,3.772547384,3.582051620
0.32545898,3.737301572,3.548466224
0.32550293,3.702367260,3.515180329
0.32554688,3.667742101,3.482191620
0.32559082,3.633423755,3.449497786
0.32563477,3.599409886,3.417096525
0.32567871,3.565698168,3.384985540
0.32572266,3.532286279,3.353162542
0.32576660,3.499171905,3.321625248
0.32581055,3.466352737,3.290371380
0.32585449,3.433826474,3.259398670
0.32589844,3.401590821,3.228704853
0.32594238,3.369643488,3.198287672
0.32598633,3.337982193,3.168144877
0.32603027,3.306604660,3.138274222
0.32607422,3.275508619,3.108673471
0.32611816,3.244691807,3.079340392
0.32616211,3.214151966,3.050272758
0.32620605,3.183886846,3.021468351
0.32625000,3.153894202,2.992924958
0.32629395,3.124171795,2.964640372
0.32633789,3.094717394,2.936612392
0.32638184,3.065528772,2.908838823
0.32642578,3.036603708,2.881317476
0.32646973,3.007939989,2.854046168
0.32651367,2.979535407,2.827022722
0.32655762,2.951387759,2.800244966
0.32660156,2.923494850,2.773710736
0.32664551,2.895854488,2.747417870
0.32668945,2.868464489,2.721364215
0.32673340,2.841322675,2.695547622
0.32677734,2.814426871,2.669965946
0.32682129,2.787774911,2.644617052
0.32686523,2.761364631,2.619498804
0.32690918,2.735193877,2.594609077
0.32695313,2.709260495,2.569945748
0.32699707,2.683562341,2.545506699
0.32704102,2.658097275,2.521289820
0.32708496,2.632863160,2.497293002
0.32712891,2.607857867,2.473514144
0.32717285,2.583079270,2.449951149
0.32721680,2.558525251,2.426601923
0.32726074,2.534193694,2.403464379
0.32730469,2.510082488,2.380536434
0.32734863,2.486189530,2.357816009
0.32739258,2.462512718,2.335301029
0.32743652,2.439049956,2.312989426
0.32748047,2.415799154,2.290879132
0.32752441,2.392758225,2.268968087
0.32756836,2.369925087,2.247254234
0.32761230,2.347297662,2.225735519
0.32765625,2.324873876,2.204409893
0.32770020,2.302651662,2.183275311
0.32774414,2.280628953,2.162329732
0.32778809,2.258803689,2.141571117
0.32783203,2.237173813,2.120997433
0.32787598,2.215737273,2.100606650
0.32791992,2.194492018,2.080396740
0.32796387,2.173436005,2.060365680
0.32800781,2.152567192,2.040511449
0.32805176,2.131883541,2.020832033
0.32809570,2.111383017,2.001325415
0.32813965,2.091063591,1.981989587
0.32818359,2.070923234,1.962822541
0.32822754,2.050959923,1.943822272
0.32827148,2.031171638,1.924986780
0.32831543,2.011556360,1.906314064
0.32835938,1.992112076,1.887802130
0.32840332,1.972836774,1.869448985
0.32844727,1.953728446,1.851252637
0.32849121,1.934785087,1.833211099
0.32853516,1.916004694,1.815322386
0.32857910,1.897385268,1.797584514
0.32862305,1.878924812,1.779995503
0.32866699,1.860621331,1.762553374
0.32871094,1.842472834,1.745256152
0.32875488,1.824477331,1.728101861
0.32879883,1.806632836,1.711088530
0.32884277,1.788937363,1.694214190
0.32888672,1.771388932,1.677476872
0.32893066,1.753985563,1.660874610
0.32897461,1.736725276,1.644405440
0.32901855,1.719606098,1.628067400
0.32906250,1.702626054,1.611858530
0.32910645,1.685783174,1.595776869
0.32915039,1.669075487,1.579820462
0.32919434,1.652501027,1.563987351
0.32923828,1.636057826,1.548275584
0.32928223,1.619743922,1.532683207
0.32932617,1.603557353,1.517208269
0.32937012,1.587496157,1.501848821
0.32941406,1.571558376,1.486602913
0.32945801,1.555742052,1.471468599
0.32950195,1.540045230,1.456443933
0.32954590,1.524465956,1.441526970
0.32958984,1.509002277,1.426715768
0.32963379,1.493652242,1.412008382
0.32967773,1.478413900,1.397402873
0.32972168,1.463285304,1.382897301
0.32976563,1.448264505,1.368489727
0.32980957,1.433349559,1.354178212
0.32985352,1.418538520,1.339960820
0.32989746,1.403829444,1.325835615
0.32994141,1.389220390,1.311800663
0.32998535,1.374709417,1.297854030
0.33002930,1.360294583,1.283993782
0.33007324,1.345973952,1.270217989
0.33011719,1.331745584,1.256524718
0.33016113,1.317607544,1.242912040
0.33020508,1.303557895,1.229378027
0.33024902,1.289594703,1.215920749
0.33029297,1.275716035,1.202538280
0.33033691,1.261919959,1.189228693
0.33038086,1.248204542,1.175990064
0.33042480,1.234567855,1.162820466
0.33046875,1.221007969,1.149717978
0.33051270,1.207522954,1.136680677
0.33055664,1.194110884,1.123706640
0.33060059,1.180769833,1.110793949
0.33064453,1.167497875,1.097940681
0.33068848,1.154293087,1.085144921
0.33073242,1.141153545,1.072404749
0.33077637,1.128077327,1.059718250
0.33082031,1.115062513,1.047083508
0.33086426,1.102107183,1.034498608
0.33090820,1.089209418,1.021961639
0.33095215,1.076367301,1.009470688
0.33099609,1.063578915,0.997023845
0.33104004,1.050842346,0.984619199
0.33108398,1.038155680,0.972254844
0.33112793,1.025517005,0.959928873
0.33117188,1.012924409,0.947639380
0.33121582,1.000375982,0.935384463
0.33125977,0.987869816,0.923162217
0.33130371,0.975404005,0.910970744
0.33134766,0.962976643,0.898808144
0.33139160,0.950585826,0.886672520
0.33143555,0.938229651,0.874561976
0.33147949,0.925906219,0.862474619
0.33152344,0.913613631,0.850408558
0.33156738,0.901349988,0.838361901
0.33161133,0.889113397,0.826332763
0.33165527,0.876901964,0.814319256
0.33169922,0.864713797,0.802319499
0.33174316,0.852547007,0.790331609
0.33178711,0.840399707,0.778353709
0.33183105,0.828270012,0.766383922
0.33187500,0.816156039,0.754420375
0.33191895,0.804055909,0.742461197
0.33196289,0.791967742,0.730504519
0.33200684,0.779889664,0.718548477
0.33205078,0.767819802,0.706591208
0.33209473,0.755756285,0.694630853
0.33213867,0.743697247,0.682665557
0.33218262,0.731640824,0.670693465
0.33222656,0.719585153,0.658712730
0.33227051,0.707528377,0.646721505
0.33231445,0.695468641,0.634717948
0.33235840,0.683404093,0.622700220
0.33240234,0.671332885,0.610666488
0.33244629,0.659253172,0.598614921
0.33249023,0.647163113,0.586543692
0.33253418,0.635060870,0.574450980
0.33257813,0.622944611,0.562334966
0.33262207,0.610812507,0.550193837
0.33266602,0.598662730,0.538025786
0.33270996,0.586493462,0.525829008
0.33275391,0.574302885,0.513601704
0.33279785,0.562089188,0.501342082
0.33284180,0.549850563,0.489048353
0.33288574,0.537585207,0.476718733
0.33292969,0.525291323,0.464351446
0.33297363,0.512967118,0.451944719
0.33301758,0.500610806,0.439496788
0.33306152,0.488220604,0.427005892
0.33310547,0.475794736,0.414470277
0.33314941,0.463331431,0.401888197
0.33319336,0.450828925,0.389257910
0.33323730,0.438285458,0.376577683
0.33328125,0.425699278,0.363845788
0.33332520,0.413068639,0.351060505
0.33336914,0.400391801,0.338220120
0.33341309,0.387667030,0.325322929
0.33345703,0.374892599,0.312367234
0.33350098,0.362066790,0.299351343
0.33354492,0.349187889,0.286273574
0.33358887,0.336254193,0.273132252
0.33363281,0.323264002,0.259925712
0.33367676,0.310215627,0.246652296
0.33372070,0.297107386,0.233310354
0.33376465,0.283937605,0.219898247
0.33380859,0.270704617,0.206414342
0.33385254,0.257406765,0.192857018
0.33389648,0.244042400,0.179224662
0.33394043,0.230609881,0.165515671
0.33398438,0.217107577,0.151728451
0.33402832,0.203533866,0.137861419
0.33407227,0.189887134,0.123913001
0.33411621,0.176165778,0.109881635
0.33416016,0.162368203,0.095765769
0.33420410,0.148492827,0.081563860
0.33424805,0.134538074,0.067274378
0.33429199,0.120502381,0.052895804
0.33433594,0.106384194,0.038426629
0.33437988,0.092181972,0.023865358
0.33442383,0.077894181,0.009210504
0.33446777,0.063519301,-0.005539405
0.33451172,0.049055823,-0.020385828
0.33455566,0.034502247,-0.035330216
0.33459961,0.019857089,-0.050374003
0.33464355,0.005118872,-0.065518612
0.33468750,-0.009713866,-0.080765453
0.33473145,-0.024642575,-0.096115922
0.33477539,-0.039668694,-0.111571404
0.33481934,-0.054793647,-0.127133267
0.33486328,-0.070018848,-0.142802868
0.33490723,-0.085345695,-0.158581547
0.33495117,-0.100775576,-0.174470634
0.33499512,-0.116309862,-0.190471440
0.33503906,-0.131949914,-0.206585264
0.33508301,-0.147697076,-0.222813389
0.33512695,-0.163552680,-0.239157085
0.33517090,-0.179518042,-0.255617604
0.33521484,-0.195594464,-0.272196183
0.33525879,-0.211783236,-0.288894046
0.33530273,-0.228085629,-0.305712397
0.33534668,-0.244502901,-0.322652427
0.33539062,-0.261036296,-0.339715310
0.33543457,-0.277687038,-0.356902202
0.33547852,-0.294456341,-0.374214244
0.33552246,-0.311345400,-0.391652560
0.33556641,-0.328355393,-0.409218256
0.33561035,-0.345487484,-0.426912422
0.33565430,-0.362742819,-0.444736127
0.33569824,-0.380122528,-0.462690428
0.33574219,-0.397627724,-0.480776359
0.33578613,-0.415259502,-0.498994938
0.33583008,-0.433018942,-0.517347166
0.33587402,-0.450907103,-0.535834022
0.33591797,-0.468925030,-0.554456470
0.33596191,-0.487073747,-0.573215453
0.33600586,-0.505354263,-0.592111896
0.33604980,-0.523767566,-0.611146703
0.33609375,-0.542314627,-0.630320761
0.33613770,-0.560996398,-0.649634936
0.33618164,-0.579813811,-0.669090074
0.33622559,-0.598767783,-0.688687001
0.33626953,-0.617859206,-0.708426525
0.33631348,-0.637088957,-0.728309431
0.33635742,-0.656457893,-0.748336484
0.33640137,-0.675966849,-0.768508430
0.33644531,-0.695616642,-0.788825992
0.33648926,-0.715408068,-0.809289874
0.33653320,-0.735341904,-0.829900758
0.33657715,-0.755418906,-0.850659304
0.33662109,-0.775639808,-0.871566150
0.33666504,-0.796005325,-0.892621916
0.33670898,-0.816516150,-0.913827196
0.33675293,-0.837172957,-0.935182565
0.33679687,-0.857976396,-0.956688573
0.33684082,-0.878927097,-0.978345751
0.33688477,-0.900025669,-1.000154605
0.33692871,-0.921272699,-1.022115621
0.33697266,-0.942668750,-1.044229260
0.33701660,-0.964214368,-1.066495962
0.33706055,-0.985910071,-1.088916143
0.33710449,-1.007756359,-1.111490196
0.33714844,-1.029753708,-1.134218491
0.33719238,-1.051902571,-1.157101376
0.33723633,-1.074203381,-1.180139173
0.33728027,-1.096656544,-1.203332184
0.33732422,-1.119262447,-1.226680684
0.33736816,-1.142021452,-1.250184926
0.33741211,-1.164933898,-1.273845139
0.33745605,-1.188000101,-1.297661528
0.33750000,-1.211220355,-1.321634274
0.33754395,-1.234594927,-1.345763534
0.33758789,-1.258124065,-1.370049441
0.33763184,-1.281807990,-1.394492103
0.33767578,-1.305646900,-1.419091605
0.33771973,-1.329640970,-1.443848005
0.33776367,-1.353790350,-1.468761340
0.33780762,-1.378095167,-1.493831620
0.33785156,-1.402555524,-1.519058830
0.33789551,-1.427171498,-1.544442933
0.33793945,-1.451943144,-1.569983865
0.33798340,-1.476870491,-1.595681537
0.33802734,-1.501953545,-1.621535837
0.33807129,-1.527192286,-1.647546627
0.33811523,-1.552586672,-1.673713743
0.33815918,-1.578136633,-1.700036999
0.33820312,-1.603842077,-1.726516181
0.33824707,-1.629702887,-1.753151051
0.33829102,-1.655718920,-1.779941347
0.33833496,-1.681890010,-1.806886781
0.33837891,-1.708215965,-1.833987040
0.33842285,-1.734696569,-1.861241785
0.33846680,-1.761331581,-1.888650654
0.33851074,-1.788120734,-1.916213258
0.33855469,-1.815063737,-1.943929184
0.33859863,-1.842160276,-1.971797995
0.33864258,-1.869410009,-1.999819225
0.33868652,-1.896812572,-2.027992388
0.33873047,-1.924367573,-2.056316969
0.33877441,-1.952074597,-2.084792431
0.33881836,-1.979933206,-2.113418209
0.33886230,-2.007942933,-2.142193716
0.33890625,-2.036103290,-2.171118339
0.33895020,-2.064413761,-2.200191439
0.33899414,-2.092873808,-2.229412353
0.33903809,-2.121482867,-2.258780395
0.33908203,-2.150240349,-2.288294852
0.33912598,-2.179145641,-2.317954988
0.33916992,-2.208198105,-2.347760041
0.33921387,-2.237397079,-2.377709226
0.33925781,-2.266741877,-2.407801732
0.33930176,-2.296231786,-2.438036726
0.33934570,-2.325866072,-2.468413349
0.33938965,-2.355643974,-2.498930718
0.33943359,-2.385564709,-2.529587926
0.33947754,-2.415627468,-2.560384044
0.33952148,-2.445831418,-2.591318116
0.33956543,-2.476175705,-2.622389165
0.33960937,-2.506659447,-2.653596189
0.33965332,-2.537281741,-2.684938164
0.33969727,-2.568041659,-2.716414041
0.33974121,-2.598938251,-2.748022748
0.33978516,-2.629970541,-2.779763190
0.33982910,-2.661137533,-2.811634252
0.33987305,-2.692438204,-2.843634791
0.33991699,-2.723871512,-2.875763645
0.33996094,-2.755436388,-2.908019630
0.34000488,-2.787131743,-2.940401536
0.34004883,-2.818956464,-2.972908135
0.34009277,-2.850909417,-3.005538174
0.34013672,-2.882989444,-3.038290381
0.34018066,-2.915195364,-3.071163459
0.34022461,-2.947525978,-3.104156092
0.34026855,-2.979980059,-3.137266941
0.34031250,-3.012556364,-3.170494649
0.34035645,-3.045253626,-3.203837834
0.34040039,-3.078070555,-3.237295096
0.34044434,-3.111005842,-3.270865015
0.34048828,-3.144058157,-3.304546147
0.34053223,-3.177226148,-3.338337032
0.34057617,-3.210508442,-3.372236188
0.34062012,-3.243903647,-3.406242115
0.34066406,-3.277410350,-3.440353290
0.34070801,-3.311027118,-3.474568176
0.34075195,-3.344752498,-3.508885212
0.34079590,-3.378585017,-3.543302821
0.34083984,-3.412523183,-3.577819407
0.34088379,-3.446565486,-3.612433355
0.34092773,-3.480710394,-3.647143034
0.34097168,-3.514956359,-3.681946792
0.34101562,-3.549301812,-3.716842963
0.34105957,-3.583745169,-3.751829860
0.34110352,-3.618284825,-3.786905782
0.34114746,-3.652919158,-3.822069009
0.34119141,-3.687646530,-3.857317807
0.34123535,-3.722465282,-3.892650423
0.34127930,-3.757373741,-3.928065089
0.34132324,-3.792370216,-3.963560023
0.34136719,-3.827453001,-3.999133425
0.34141113,-3.862620371,-4.034783482
0.34145508,-3.897870586,-4.070508363
0.34149902,-3.933201892,-4.106306226
0.34154297,-3.968612516,-4.142175213
0.34158691,-4.004100673,-4.178113451
0.34163086,-4.039664562,-4.214119056
0.34167480,-4.075302365,-4.250190127
0.34171875,-4.111012254,-4.286324754
0.34176270,-4.146792382,-4.322521010
0.34180664,-4.182640893,-4.358776957
0.34185059,-4.218555912,-4.395090647
0.34189453,-4.254535556,-4.431460117
0.34193848,-4.290577926,-4.467883393
0.34198242,-4.326681111,-4.504358492
0.34202637,-4.362843187,-4.540883416
0.34207031,-4.399062220,-4.577456159
0.34211426,-4.435336260,-4.614074705
0.34215820,-4.471663351,-4.650737026
0.34220215,-4.508041521,-4.687441086
0.34224609,-4.544468789,-4.724184838
0.34229004,-4.580943165,-4.760966227
0.34233398,-4.617462647,-4.797783189
0.34237793,-4.654025222,-4.834633651
0.34242187,-4.690628870,-4.871515533
0.34246582,-4.727271560,-4.908426745
0.34250977,-4.763951252,-4.945365192
0.34255371,-4.800665897,-4.982328771
0.34259766,-4.837413439,-5.019315371
0.34264160,-4.874191814,-5.056322875
0.34268555,-4.910998948,-5.093349162
0.34272949,-4.947832762,-5.130392101
0.34277344,-4.984691169,-5.167449559
0.34281738,-5.021572074,-5.204519397
0.34286133,-5.058473378,-5.241599470
0.34290527,-5.095392974,-5.278687630
0.34294922,-5.132328751,-5.315781723
0.34299316,-5.169278590,-5.352879592
0.34303711,-5.206240369,-5.389979077
0.34308105,-5.243211959,-5.427078014
0.34312500,-5.280191231,-5.464174236
0.34316895,-5.317176046,-5.501265576
0.34321289,-5.354164265,-5.538349860
0.34325684,-5.391153744,-5.575424916
0.34330078,-5.428142337,-5.612488570
0.34334473,-5.465127894,-5.649538644
0.34338867,-5.502108262,-5.686572962
0.34343262,-5.539081289,-5.723589347
0.34347656,-5.576044816,-5.760585620
0.34352051,-5.612996688,-5.797559604
0.34356445,-5.649934744,-5.834509121
0.34360840,-5.686856824,-5.871431995
0.34365234,-5.723760769,-5.908326050
0.34369629,-5.760644417,-5.945189112
0.34374023,-5.797505608,-5.982019008
0.34378418,-5.834342181,-6.018813567
0.34382812,-5.871151977,-6.055570620
0.34387207,-5.907932836,-6.092288003
0.34391602,-5.944682602,-6.128963552
0.34395996,-5.981399119,-6.165595108
0.34400391,-6.018080233,-6.202180514
0.34404785,-6.054723793,-6.238717618
0.34409180,-6.091327649,-6.275204272
0.34413574,-6.127889655,-6.311638332
0.34417969,-6.164407669,-6.348017659
0.34422363,-6.200879551,-6.384340119
0.34426758,-6.237303165,-6.420603584
0.34431152,-6.273676379,-6.456805930
0.34435547,-6.309997066,-6.492945040
0.34439941,-6.346263104,-6.529018804
0.34444336,-6.382472375,-6.565025116
0.34448730,-6.418622766,-6.600961880
0.34453125,-6.454712171,-6.636827004
0.34457520,-6.490738488,-6.672618405
0.34461914,-6.526699622,-6.708334007
0.34466309,-6.562593484,-6.743971742
0.34470703,-6.598417993,-6.779529550
0.34475098,-6.634171074,-6.815005379
0.34479492,-6.669850658,-6.850397187
0.34483887,-6.705454684,-6.885702940
0.34488281,-6.740981101,-6.920920612
0.34492676,-6.776427862,-6.956048188
0.34497070,-6.811792933,-6.991083662
0.34501465,-6.847074284,-7.026025038
0.34505859,-6.882269895,-7.060870329
0.34510254,-6.917377758,-7.095617561
0.34514648,-6.952395870,-7.130264767
0.34519043,-6.987322239,-7.164809994
0.34523437,-7.022154884,-7.199251297
0.34527832,-7.056891833,-7.233586746
0.34532227,-7.091531123,-7.267814418
0.34536621,-7.126070803,-7.301932405
0.34541016,-7.160508932,-7.335938810
0.34545410,-7.194843580,-7.369831747
0.34549805,-7.229072827,-7.403609343
0.34554199,-7.263194766,-7.437269737
0.34558594,-7.297207500,-7.470811081
0.34562988,-7.331109144,-7.504231540
0.34567383,-7.364897826,-7.537529293
0.34571777,-7.398571685,-7.570702528
0.34576172,-7.432128871,-7.603749451
0.34580566,-7.465567548,-7.636668279
0.34584961,-7.498885893,-7.669457244
0.34589355,-7.532082094,-7.702114589
0.34593750,-7.565154354,-7.734638575
0.34598145,-7.598100888,-7.767027474
0.34602539,-7.630919923,-7.799279573
0.34606934,-7.663609702,-7.831393174
0.34611328,-7.696168479,-7.863366593
0.34615723,-7.728594523,-7.895198160
0.34620117,-7.760886118,-7.926886220
0.34624512,-7.793041560,-7.958429135
0.34628906,-7.825059160,-7.989825278
0.34633301,-7.856937243,-8.021073041
0.34637695,-7.888674148,-8.052170828
0.34642090,-7.920268230,-8.083117059
0.34646484,-7.951717856,-8.113910172
0.34650879,-7.983021411,-8.144548616
0.34655273,-8.014177292,-8.175030859
0.34659668,-8.045183912,-8.205355383
0.34664062,-8.076039700,-8.235520687
0.34668457,-8.106743097,-8.265525284
0.34672852,-8.137292563,-8.295367702
0.34677246,-8.167686571,-8.325046489
0.34681641,-8.197923610,-8.354560205
0.34686035,-8.228002183,-8.383907426
0.34690430,-8.257920811,-8.413086747
0.34694824,-8.287678029,-8.442096776
0.34699219,-8.317272387,-8.470936138
0.34703613,-8.346702452,-8.499603474
0.34708008,-8.375966806,-8.528097441
0.34712402,-8.405064046,-8.556416714
0.34716797,-8.433992785,-8.584559980
0.34721191,-8.462751654,-8.612525945
0.34725586,-8.491339297,-8.640313332
0.34729980,-8.519754374,-8.667920876
0.34734375,-8.547995562,-8.695347332
0.34738770,-8.576061553,-8.722591470
0.34743164,-8.603951057,-8.749652075
0.34747559,-8.631662795,-8.776527949
0.34751953,-8.659195509,-8.803217909
0.34756348,-8.686547954,-8.829720789
0.34760742,-8.713718901,-8.856035438
0.34765137,-8.740707138,-8.882160721
0.34769531,-8.767511466,-8.908095520
0.34773926,-8.794130705,-8.933838730
0.34778320,-8.820563689,-8.959389265
0.34782715,-8.846809267,-8.984746052
0.34787109,-8.872866305,-9.009908035
0.34791504,-8.898733683,-9.034874172
0.34795898,-8.924410298,-9.059643437
0.34800293,-8.949895062,-9.084214821
0.34804687,-8.975186901,-9.108587327
0.34809082,-9.000284758,-9.132759976
0.34813477,-9.025187589,-9.156731801
0.34817871,-9.049894368,-9.180501854
0.34822266,-9.074404082,-9.204069197
0.34826660,-9.098715734,-9.227432910
0.34831055,-9.122828340,-9.250592086
0.34835449,-8.838298229,-8.965103130
0.34839844,-8.844302189,-8.970756090
0.34844238,-8.850310191,-8.977090429
0.34848633,-8.856284167,-8.983936257
0.34853027,-8.862195007,-8.991157724
0.34857422,-8.868020656,-8.998646078
0.34861816,-8.873744608,-9.006314180
0.34866211,-8.879354725,-9.014092182
0.34870605,-8.884615405,-9.021697205
0.34875000,-8.889567062,-9.028446706
0.34879395,-8.894244182,-9.034466454
0.34883789,-8.898676305,-9.039865055
0.34888184,-8.902888823,-9.044736128
0.34892578,-8.906903640,-9.049160224
0.34896973,-8.910739716,-9.053206512
0.34901367,-8.914413518,-9.056934270
0.34905762,-8.917939394,-9.060394181
0.34910156,-8.921329884,-9.063629481
0.34914551,-8.924595988,-9.066676956
0.34918945,-8.927747382,-9.069567817
0.34923340,-8.930792603,-9.072328461
0.34927734,-8.933739211,-9.074981142
0.34932129,-8.936593920,-9.077544543
0.34936523,-8.939362711,-9.080034286
0.34940918,-8.942050929,-9.082463368
0.34945312,-8.944663366,-9.084842541
0.34949707,-8.947204262,-9.087180571
0.34954102,-8.949677113,-9.089483882
0.34958496,-8.952084861,-9.091755484
0.34962891,-8.954430038,-9.093996031
0.34967285,-8.956714882,-9.096204619
0.34971680,-8.958941405,-9.098379397
0.34976074,-8.961111465,-9.100518002
0.34980469,-8.963226796,-9.102617894
0.34984863,-8.965289051,-9.104676575
0.34989258,-8.967299811,-9.106691750
0.34993652,-8.969260610,-9.108661425
0.34998047,-8.971172937,-9.110583963
0.35002441,-8.973038249,-9.112458111
0.35006836,-8.974857968,-9.114283004
0.35011230,-8.976633486,-9.116058152
0.35015625,-8.978366165,-9.117783417
0.35020020,-8.980057340,-9.119458984
0.35024414,-8.981708310,-9.121085323
0.35028809,-8.983320348,-9.122663158
0.35033203,-8.984894692,-9.124193428
0.35037598,-8.986432547,-9.125677250
0.35041992,-8.987935085,-9.127115892
0.35046387,-8.989403444,-9.128510737
0.35050781,-8.990838726,-9.129863253
0.35055176,-8.992241999,-9.131174976
0.35059570,-8.993614296,-9.132447477
0.35063965,-8.994956616,-9.133682349
0.35068359,-8.996269922,-9.134881189
0.35072754,-8.997555144,-9.136045578
0.35077148,-8.998813179,-9.137177078
0.35081543,-9.000044890,-9.138277211
0.35085937,-9.001251109,-9.139347458
0.35090332,-9.002432635,-9.140389250
0.35094727,-9.003590239,-9.141403962
0.35099121,-9.004724660,-9.142392910
0.35103516,-9.005836610,-9.143357348
0.35107910,-9.006926773,-9.144298466
0.35112305,-9.007995806,-9.145217392
0.35116699,-9.009044341,-9.146115185
0.35121094,-9.010072984,-9.146992843
0.35125488,-9.011082318,-9.147851301
0.35129883,-9.012072902,-9.148691430
0.35134277,-9.013045276,-9.149514044
0.35138672,-9.013999955,-9.150319896
0.35143066,-9.014937437,-9.151109685
0.35147461,-9.015858198,-9.151884057
0.35151855,-9.016762697,-9.152643605
0.35156250,-9.017651375,-9.153388874
0.35160645,-9.018524656,-9.154120365
0.35165039,-9.019382947,-9.154838533
0.35169434,-9.020226641,-9.155543791
0.35173828,-9.021056115,-9.156236517
0.35178223,-9.021871731,-9.156917048
0.35182617,-9.022673839,-9.157585689
0.35187012,-9.023462775,-9.158242713
0.35191406,-9.024238863,-9.158888363
0.35195801,-9.025002415,-9.159522854
0.35200195,-9.025753731,-9.160146372
0.35204590,-9.026493101,-9.160759083
0.35208984,-9.027220805,-9.161361128
0.35213379,-9.027937110,-9.161952627
0.35217773,-9.028642278,-9.162533680
0.35222168,-9.029336558,-9.163104370
0.35226562,-9.030020192,-9.163664761
0.35230957,-9.030693413,-9.164214904
0.35235352,-9.031356448,-9.164754834
0.35239746,-9.032009513,-9.165284571
0.35244141,-9.032652819,-9.165804126
0.35248535,-9.033286569,-9.166313496
0.35252930,-9.033910959,-9.166812668
0.35257324,-9.034526180,-9.167301619
0.35261719,-9.035132415,-9.167780316
0.35266113,-9.035729842,-9.168248719
0.35270508,-9.036318632,-9.168706779
0.35274902,-9.036898953,-9.169154441
0.35279297,-9.037470964,-9.169591642
0.35283691,-9.038034824,-9.170018314
0.35288086,-9.038590681,-9.170434380
0.35292480,-9.039138684,-9.170839763
0.35296875,-9.039678974,-9.171234376
0.35301270,-9.040211688,-9.171618130
0.35305664,-9.040736960,-9.171990932
0.35310059,-9.041254919,-9.172352682
0.35314453,-9.041765691,-9.172703281
0.35318848,-9.042269397,-9.173042621
0.35323242,-9.042766155,-9.173370596
0.35327637,-9.043256081,-9.173687093
0.35332031,-9.043739284,-9.173991997
0.35336426,-9.044215874,-9.174285193
0.35340820,-9.044685955,-9.174566559
0.35345215,-9.045149629,-9.174835974
0.35349609,-9.045606995,-9.175093313
0.35354004,-9.046058149,-9.175338450
0.35358398,-9.046503183,-9.175571254
0.35362793,-9.046942190,-9.175791596
0.35367187,-9.047375257,-9.175999343
0.35371582,-9.047802470,-9.176194358
0.35375977,-9.048223912,-9.176376506
0.35380371,-9.048639664,-9.176545648
0.35384766,-9.049049805,-9.176701643
0.35389160,-9.049454411,-9.176844348
0.35393555,-9.049853557,-9.176973621
0.35397949,-9.050247315,-9.177089313
0.35402344,-9.050635755,-9.177191279
0.35406738,-9.051018945,-9.177279367
0.35411133,-9.051396953,-9.177353426
0.35415527,-9.051769843,-9.177413304
0.35419922,-9.052137677,-9.177458844
0.35424316,-9.052500517,-9.177489888
0.35428711,-9.052858423,-9.177506279
0.35433105,-9.053211450,-9.177507853
0.35437500,-9.053559657,-9.177494447
0.35441895,-9.053903097,-9.177465894
0.35446289,-9.054241823,-9.177422028
0.35450684,-9.054575887,-9.177362675
0.35455078,-9.054905338,-9.177287663
0.35459473,-9.055230226,-9.177196816
0.35463867,-9.055550596,-9.177089954
0.35468262,-9.055866495,-9.176966895
0.35472656,-9.056177966,-9.176827453
0.35477051,-9.056485053,-9.176671441
0.35481445,-9.056787797,-9.176498666
0.35485840,-9.057086238,-9.176308932
0.35490234,-9.057380414,-9.176102039
0.35494629,-9.057670365,-9.175877784
0.35499023,-9.057956125,-9.175635957
0.35503418,-9.058237729,-9.175376347
0.35507812,-9.058515212,-9.175098735
0.35512207,-9.058788605,-9.174802898
0.35516602,-9.059057941,-9.174488607
0.35520996,-9.059323248,-9.174155627
0.35525391,-9.059584556,-9.173803717
0.35529785,-9.059841891,-9.173432629
0.35534180,-9.060095280,-9.173042109
0.35538574,-9.060344748,-9.172631891
0.35542969,-9.060590319,-9.172201706
0.35547363,-9.060832014,-9.171751273
0.35551758,-9.061069856,-9.171280301
0.35556152,-9.061303862,-9.170788491
0.35560547,-9.061534053,-9.170275530
0.35564941,-9.061760444,-9.169741096
0.35569336,-9.061983051,-9.169184851
0.35573730,-9.062201890,-9.168606444
0.35578125,-9.062416971,-9.168005510
0.35582520,-9.062628307,-9.167381666
0.35586914,-9.062835907,-9.166734512
0.35591309,-9.063039780,-9.166063627
0.35595703,-9.063239931,-9.165368570
0.35600098,-9.063436365,-9.164648875
0.35604492,-9.063629085,-9.163904053
0.35608887,-9.063818093,-9.163133584
0.35613281,-9.064003386,-9.162336919
0.35617676,-9.064184961,-9.161513473
0.35622070,-9.064362813,-9.160662625
0.35626465,-9.064536935,-9.159783711
0.35630859,-9.064707315,-9.158876021
0.35635254,-9.064873940,-9.157938793
0.35639648,-9.065036793,-9.156971206
0.35644043,-9.065195856,-9.155972375
0.35648437,-9.065351105,-9.154941341
0.35652832,-9.065502513,-9.153877062
0.35657227,-9.065650049,-9.152778403
0.35661621,-9.065793677,-9.151644121
0.35666016,-9.065933356,-9.150472854
0.35670410,-9.066069037,-9.149263096
0.35674805,-9.066200669,-9.148013185
0.35679199,-9.066328189,-9.146721269
0.35683594,-9.066451528,-9.145385283
0.35687988,-9.066570607,-9.144002912
0.35692383,-9.066685336,-9.142571545
0.35696777,-9.066795611,-9.141088230
0.35701172,-9.066901316,-9.139549611
0.35705566,-9.067002315,-9.137951858
0.35709961,-9.067098454,-9.136290586
0.35714355,-9.067189558,-9.134560766
0.35718750,-9.067275423,-9.132756623
0.35723145,-9.067355821,-9.130871550
0.35727539,-9.067430490,-9.128898032
0.35731934,-9.067499140,-9.126827627
0.35736328,-9.067561451,-9.124651043
0.35740723,-9.067617079,-9.122358339
0.35745117,-9.067665667,-9.119939299
0.35749512,-9.067706851,-9.117383936
0.35753906,-9.067740272,-9.114683089
0.35758301,-9.067765588,-9.111828988
0.35762695,-9.067782480,-9.108815718
0.35767090,-9.067790656,-9.105639499
0.35771484,-9.067789853,-9.102298783
0.35775879,-9.067779837,-9.098794176
0.35780273,-9.067760399,-9.095128226
0.35784668,-9.067731352,-9.091305113
0.35789062,-9.067692523,-9.087330287
0.35793457,-9.067643752,-9.083210082
0.35797852,-9.067584881,-9.078951332
0.35802246,-9.067515750,-9.074561003
0.35806641,-9.067436192,-9.070045851
0.35811035,-9.067346022,-9.065412109
0.35815430,-9.067245036,-9.060665213
0.35819824,-9.067132999,-9.055809546
0.35824219,-9.067009640,-9.050848214
0.35828613,-9.066874647,-9.045782844
0.35833008,-9.066727654,-9.040613388
0.35837402,-9.066568235,-9.035337942
0.35841797,-9.066395895,-9.029952566
0.35846191,-9.066210055,-9.024451090
0.35850586,-9.066010043,-9.018824912
0.35854980,-9.065795076,-9.013062753
0.35859375,-9.065564241,-9.007150357
0.35863770,-9.065316470,-9.001070080
0.35868164,-9.065050506,-8.994800320
0.35872559,-9.064764855,-8.988314655
0.35876953,-9.064457721,-8.981580563
0.35881348,-9.064126904,-8.974557440
0.35885742,-9.063769650,-8.967193534
0.35890137,-9.063382411,-8.959421084
0.35894531,-9.062960451,-8.951148388
0.35898926,-9.062497154,-8.942246357
0.35903320,-9.061982727,-8.932524404
0.35907715,-9.061401520,-8.921683996
0.35912109,-9.060725843,-8.909220613
0.35916504,-9.059899795,-8.894192246
0.35920898,-9.058799361,-8.874616185
0.35925293,-9.057286598,-8.846210735
0.35929687,-9.055490168,-8.805667910
0.35934082,-9.053482035,-8.760990837
0.35938477,-9.051250566,-8.716457009
0.35942871,-9.048787592,-8.672589185
0.35947266,-9.046096085,-8.630013913
0.35951660,-9.043180831,-8.589605958
0.35956055,-9.040041591,-8.552081279
0.35960449,-9.036671044,-8.517819337
0.35964844,-9.033054586,-8.486896951
0.35969238,-9.029170267,-8.459177692
0.35973633,-9.024988204,-8.434388849
0.35978027,-9.020469187,-8.412172759
0.35982422,-9.015562256,-8.392115587
0.35986816,-9.010200972,-8.373759421
0.35991211,-9.004298124,-8.356603734
0.35995605,-8.997738296,-8.340101745
0.36000000,-8.990367179,-8.323653726
0.36004395,-8.981975790,-8.306595142
0.36008789,-8.972277172,-8.288177719
0.36013184,-8.960872445,-8.267545717
0.36017578,-8.947201748,-8.243713767
0.36021973,-8.930470292,-8.215547183
0.36026367,-8.909522391,-8.181710010
0.36030762,-8.882596074,-8.140466717
0.36035156,-8.846809984,-8.089128024
0.36039551,-8.797039242,-8.022801672
0.36043945,-8.723231396,-7.931600543
0.36048340,-8.602861807,-7.793127265
0.36052734,-8.373403875,-7.545104784
0.36057129,-7.773779547,-6.926981914
0.36061523,-2.643382358,-1.779046931
0.36065918,-2.467844309,-1.588631364
0.36070313,-2.323916974,-1.455995043
0.36074707,-2.200592750,-1.361115214
0.36079102,-2.053195238,-1.244512019
0.36083496,-1.863928132,-1.024975998
0.36087891,-1.709673717,-0.868389757
0.36092285,-1.591189153,-0.773752481
0.36096680,-1.500093345,-0.725286087
0.36101074,-1.377135515,-0.650981459
0.36105469,-1.192270057,-0.425189888
0.36109863,-1.053370194,-0.282975423
0.36114258,-0.959200998,-0.217940956
0.36118652,-0.902299163,-0.213933664
0.36123047,-0.849689018,-0.226849323
0.36127441,0.497499551,1.093096112
0.36131836,3.932644068,6.912823349
0.36136230,6.842504487,11.475292193
0.36140625,9.273213733,14.975441367
0.36145020,11.271212889,17.583756182
0.36149414,12.881630282,19.447930290
0.36153809,14.147265552,20.694923344
0.36158203,15.107983349,21.433127028
0.36162598,15.800401459,21.754511937
0.36166992,16.257788652,21.736678993
0.36171387,16.510108166,21.444769566
0.36175781,16.584158430,20.933209270
0.36180176,16.503774792,20.247275005
0.36184570,16.290065526,19.424484874
0.36188965,15.961662796,18.495817316
0.36193359,15.534974922,17.486770089
0.36197754,15.024430656,16.418272205
0.36202148,14.442709440,15.307463090
0.36206543,13.800954127,14.168353605
0.36210938,13.108964242,13.012382898
0.36215332,12.375369294,11.848884650
0.36219727,11.607782509,10.685474760
0.36224121,10.812935931,9.528372044
0.36228516,9.996798176,8.382662059
0.36232910,9.164676369,7.252512833
0.36237305,8.321303825,6.141350278
0.36241699,7.470915083,5.052000024
0.36246094,6.617309802,3.986801451
0.36250488,5.763906970,2.947698871
0.36254883,4.913790731,1.936314019
0.36259277,4.069749051,0.954003380
0.36263672,3.234306284,0.001903296
0.36268066,2.409750588,-0.919034709
0.36272461,1.598157047,-1.808016345
0.36276855,0.801407220,-2.664383045
0.36281250,0.021205783,-3.487595123
0.36285645,-0.740905169,-4.277218449
0.36290039,-1.483533606,-5.032913619
0.36294434,-2.205426297,-5.754426692
0.36298828,-2.905458173,-6.441580504
0.36303223,-3.582621443,-7.094265260
0.36307617,-4.236012893,-7.712426169
0.36312012,-4.864815875,-8.296043274
0.36316406,-5.468266951,-8.845090019
0.36320801,-6.045568306,-9.359420486
0.36325195,-6.595468951,-9.838258741
0.36329590,-7.114905507,-10.278259031
0.36333984,-7.599123709,-10.672252699
0.36338379,-8.044407812,-11.015212399
0.36342773,-8.447995204,-11.303935373
0.36347168,-8.807983280,-11.536751486
0.36351563,-8.635296227,-11.225321496
0.36355957,-8.795108241,-11.318505307
0.36360352,-8.868749594,-11.311513112
0.36364746,-8.910383836,-11.260320022
0.36369141,-8.936556396,-11.183299420
0.36373535,-8.954001279,-11.088873902
0.36377930,-8.965956754,-10.981805398
0.36382324,-8.974154751,-10.865189548
0.36386719,-8.979585418,-10.741233099
0.36391113,-8.982832789,-10.611603656
0.36395508,-8.984235767,-10.477603935
0.36399902,-8.983968666,-10.340264208
0.36404297,-8.982079854,-10.200391469
0.36408691,-8.978504616,-10.058591611
0.36413086,-8.973057577,-9.915270149
0.36417480,-8.965402773,-9.770609814
0.36421875,-8.954991329,-9.624515150
0.36426270,-8.940942692,-9.476500271
0.36430664,-8.921814658,-9.325465232
0.36435059,-8.895130342,-9.169229453
0.36439453,-8.856309298,-9.003469909
0.36443848,-8.795906386,-8.818968660
0.36448242,-8.690931049,-8.592944580
0.36452637,-8.467273429,-8.251501590
0.36457031,-7.682315981,-7.352291203
0.36461426,-7.489816382,-7.049561763
0.36465820,-7.254947806,-6.695606527
0.36470215,-6.986091022,-6.305140854
0.36474609,-6.690298336,-5.889764355
0.36479004,-6.373492411,-5.458571067
0.36483398,-6.040636536,-5.018643985
0.36487793,-5.695880335,-4.575455685
0.36492188,-5.342684326,-4.133192622
0.36496582,-4.983926260,-3.695017360
0.36500977,-4.621991762,-3.263280283
0.36505371,-4.258851468,-2.839690238
0.36509766,-3.896126544,-2.425451758
0.36514160,-3.535144248,-2.021375145
0.36518555,-3.176984945,-1.627964523
0.36522949,-2.822521834,-1.245488043
0.36527344,-2.472454440,-0.874033642
0.36531738,-2.127336815,-0.513553165
0.36536133,-1.787601240,-0.163897096
0.36540527,-1.453578123,0.175158226
0.36544922,-1.125512682,0.503889410
0.36549316,-0.803578915,0.822609619
0.36553711,-0.487891300,1.131655962
0.36558105,-0.178514589,1.431379906
0.36562500,0.124527996,1.722140032
0.36566895,0.421247898,2.004296639
0.36571289,0.711685467,2.278207772
0.36575684,0.995905122,2.544226356
0.36580078,1.273991282,2.802698157
0.36584473,1.546044929,3.053960391
0.36588867,1.812180701,3.298340799
0.36593262,2.072524419,3.536157079
0.36597656,2.327210977,3.767716572
0.36602051,2.576382541,3.993316134
0.36606445,2.820186991,4.213242134
0.36610840,3.058776579,4.427770547
0.36615234,3.292306766,4.637167097
0.36619629,3.520935205,4.841687448
0.36624023,3.744820859,5.041577408
0.36628418,3.964123221,5.237073156
0.36632813,4.179001637,5.428401466
0.36637207,4.389614708,5.615779937
0.36641602,4.596119762,5.799417220
0.36645996,4.798672401,5.979513251
0.36650391,4.997426094,6.156259469
0.36654785,5.192531828,6.329839043
0.36659180,5.384137808,6.500427095
0.36663574,5.572389196,6.668190919
0.36667969,5.757427888,6.833290202
0.36672363,5.939392329,6.995877244
0.36676758,6.118417362,7.156097183
0.36681152,6.294634101,7.314088209
0.36685547,6.468169837,7.469981795
0.36689941,6.639147966,7.623902911
0.36694336,6.807687937,7.775970250
0.36698730,6.973905226,7.926296451
0.36703125,7.137911326,8.074988316
0.36707520,7.299813750,8.222147037
0.36711914,7.459716056,8.367868405
0.36716309,7.617717878,8.512243034
0.36720703,7.773914976,8.655356574
0.36725098,7.928399287,8.797289916
0.36729492,8.081258996,8.938119404
0.36733887,8.232578607,9.077917034
0.36738281,8.382439022,9.216750656
0.36742676,8.530917628,9.354684163
0.36747070,8.678088384,9.491777683
0.36751465,8.824021919,9.628087757
0.36755859,8.968785624,9.763667518
0.36760254,9.112443751,9.898566864
0.36764648,9.255057517,10.032832618
0.36769043,9.396685199,10.166508692
0.36773438,9.537382237,10.299636233
0.36777832,9.677201336,10.432253777
0.36782227,9.816192564,10.564397383
0.36786621,9.954403452,10.696100769
0.36791016,10.091879091,10.827395444
0.36795410,10.228662227,10.958310822
0.36799805,10.364793360,11.088874348
0.36804199,10.500310829,11.219111600
0.36808594,10.635250908,11.349046402
0.36812988,10.769647890,11.478700917
0.36817383,10.903534174,11.608095749
0.36821777,11.036940348,11.737250028
0.36826172,11.169895267,11.866181497
0.36830566,11.302426133,11.994906592
0.36834961,11.434558569,12.123440521
0.36839355,11.566316691,12.251797331
0.36843750,11.697723180,12.379989984
0.36848145,11.828799345,12.508030414
0.36852539,11.959565191,12.635929590
0.36856934,12.090039482,12.763697577
0.36861328,12.220239795,12.891343587
0.36865723,12.350182586,13.018876029
0.36870117,12.479883236,13.146302560
0.36874512,12.609356110,13.273630130
0.36878906,12.738614604,13.400865021
0.36883301,12.867671195,13.528012894
0.36887695,12.996537486,13.655078820
0.36892090,13.125224251,13.782067323
0.36896484,13.253741474,13.908982406
0.36900879,13.382098397,14.035827588
0.36905273,13.510303547,14.162605933
0.36909668,13.638364785,14.289320077
0.36914062,13.766289329,14.415972255
0.36918457,13.894083796,14.542564324
0.36922852,14.021754232,14.669097793
0.36927246,14.149306138,14.795573835
0.36931641,14.276744504,14.921993317
0.36936035,14.404073834,15.048356815
0.36940430,14.531298170,15.174664632
0.36944824,14.658421123,15.300916818
0.36949219,14.785445891,15.427113184
0.36953613,14.912375282,15.553253319
0.36958008,15.039211739,15.679336602
0.36962402,15.165957357,15.805362219
0.36966797,15.292613902,15.931329174
0.36971191,15.419182833,16.057236299
0.36975586,15.545665316,16.183082270
0.36979980,15.672062241,16.308865614
0.36984375,15.798374239,16.434584719
0.36988770,15.924601696,16.560237847
0.36993164,16.050744768,16.685823140
0.36997559,16.176803393,16.811338626
0.37001953,16.302777305,16.936782233
0.37006348,16.428666046,17.062151791
0.37010742,16.554468977,17.187445044
0.37015137,16.680185288,17.312659650
0.37019531,16.805814012,17.437793193
0.37023926,16.931354029,17.562843187
0.37028320,17.056804080,17.687807080
0.37032715,17.182162775,17.812682260
0.37037109,17.307428601,17.937466063
0.37041504,17.432599926,18.062155772
0.37045898,17.557675014,18.186748624
0.37050293,17.682652026,18.311241817
0.37054687,17.807529029,18.435632507
0.37059082,17.932304004,18.559917819
0.37063477,18.056974847,18.684094844
0.37067871,18.181539380,18.808160648
0.37072266,18.305995355,18.932112271
0.37076660,18.430340458,19.055946730
0.37081055,18.554572312,19.179661023
0.37085449,18.678688487,19.303252133
0.37089844,18.802686501,19.426717027
0.37094238,18.926563822,19.550052659
0.37098633,19.050317878,19.673255975
0.37103027,19.173946054,19.796323911
0.37107422,19.297445700,19.919253398
0.37111816,19.420814132,20.042041362
0.37116211,19.544048638,20.164684728
0.37120605,19.667146476,20.287180416
0.37125000,19.790104883,20.409525350
0.37129395,19.912921073,20.531716455
0.37133789,20.035592240,20.653750657
0.37138184,20.158115564,20.775624889
0.37142578,20.280488208,20.897336088
0.37146973,20.402707325,21.018881198
0.37151367,20.524770058,21.140257171
0.37155762,20.646673540,21.261460968
0.37160156,20.768414898,21.382489558
0.37164551,20.889991257,21.503339924
0.37168945,21.011399736,21.624009057
0.37173340,21.132637455,21.744493963
0.37177734,21.253701532,21.864791659
0.37182129,21.374589089,21.984899177
0.37186523,21.495297248,22.104813563
0.37190918,21.615823137,22.224531879
0.37195312,21.736163890,22.344051201
0.37199707,21.856316645,22.463368624
0.37204102,21.976278550,22.582481259
0.37208496,22.096046760,22.701386232
0.37212891,22.215618440,22.820080692
0.37217285,22.334990767,22.938561801
0.37221680,22.454160926,23.056826744
0.37226074,22.573126117,23.174872725
0.37230469,22.691883553,23.292696965
0.37234863,22.810430458,23.410296708
0.37239258,22.928764074,23.527669218
0.37243652,23.046881655,23.644811780
0.37248047,23.164780473,23.761721699
0.37252441,23.282457816,23.878396304
0.37256836,23.399910986,23.994832944
0.37261230,23.517137308,24.111028992
0.37265625,23.634134120,24.226981841
0.37270020,23.750898781,24.342688909
0.37274414,23.867428668,24.458147637
0.37278809,23.983721179,24.573355488
0.37283203,24.099773731,24.688309950
0.37287598,24.215583759,24.803008533
0.37291992,24.331148724,24.917448774
0.37296387,24.446466102,25.031628231
0.37300781,24.561533395,25.145544487
0.37305176,24.676348125,25.259195153
0.37309570,24.790907835,25.372577859
0.37313965,24.905210092,25.485690266
0.37318359,25.019252485,25.598530054
0.37322754,25.133032626,25.711094934
0.37327148,25.246548151,25.823382638
0.37331543,25.359796717,25.935390926
0.37335937,25.472776007,26.047117583
0.37340332,25.585483727,26.158560418
0.37344727,25.697917607,26.269717270
0.37349121,25.810075402,26.380586000
0.37353516,25.921954891,26.491164496
0.37357910,26.033553876,26.601450674
0.37362305,26.144870188,26.711442474
0.37366699,26.255901678,26.821137864
0.37371094,26.366646225,26.930534838
0.37375488,26.477101734,27.039631416
0.37379883,26.587266133,27.148425645
0.37384277,26.697137377,27.256915598
0.37388672,26.806713446,27.365099376
0.37393066,26.915992346,27.472975106
0.37397461,27.024972110,27.580540941
0.37401855,27.133650795,27.687795062
0.37406250,27.242026485,27.794735677
0.37410645,27.350097290,27.901361019
0.37415039,27.457861347,28.007669352
0.37419434,27.565316817,28.113658963
0.37423828,27.672461891,28.219328167
0.37428223,27.779294783,28.324675307
0.37432617,27.885813735,28.429698752
0.37437012,27.992017015,28.534396899
0.37441406,28.097902919,28.638768172
0.37445801,28.203469767,28.742811021
0.37450195,28.308715908,28.846523924
0.37454590,28.413639717,28.949905386
0.37458984,28.518239594,29.052953939
0.37463379,28.622513969,29.155668141
0.37467773,28.726461295,29.258046579
0.37472168,28.830080055,29.360087866
0.37476562,28.933368757,29.461790641
0.37480957,29.036325935,29.563153572
0.37485352,29.138950153,29.664175352
0.37489746,29.241239997,29.764854703
0.37494141,29.343194084,29.865190372
0.37498535,29.444811056,29.965181133
0.37502930,29.546089582,30.064825789
0.37507324,29.647028356,30.164123166
0.37511719,29.747626101,30.263072121
0.37516113,29.847881566,30.361671534
0.37520508,29.947793525,30.459920314
0.37524902,30.047360782,30.557817396
0.37529297,30.146582164,30.655361741
0.37533691,30.245456527,30.752552337
0.37538086,30.343982752,30.849388198
0.37542480,30.442159746,30.945868364
0.37546875,30.539986445,31.041991903
0.37551270,30.637461809,31.137757907
0.37555664,30.734584824,31.233165496
0.37560059,30.831354504,31.328213815
0.37564453,30.927769888,31.422902035
0.37568848,31.023830041,31.517229353
0.37573242,31.119534055,31.611194993
0.37577637,31.214881047,31.704798203
0.37582031,31.309870161,31.798038257
0.37586426,31.404500565,31.890914456
0.37590820,31.498771455,31.983426125
0.37595215,31.592682050,32.075572615
0.37599609,31.686231598,32.167353302
0.37604004,31.779419369,32.258767589
0.37608398,31.872244661,32.349814900
0.37612793,31.964706797,32.440494689
0.37617187,32.056805123,32.530806432
0.37621582,32.148539014,32.620749629
0.37625977,32.239907866,32.710323808
0.37630371,32.330911104,32.799528519
0.37634766,32.421548174,32.888363337
0.37639160,32.511818550,32.976827862
0.37643555,32.601721728,33.064921718
0.37647949,32.691257232,33.152644552
0.37652344,32.780424606,33.239996038
0.37656738,32.869223424,33.326975871
0.37661133,32.957653278,33.413583772
0.37665527,33.045713789,33.499819483
0.37669922,33.133404601,33.585682773
0.37674316,33.220725380,33.671173432
0.37678711,33.307675818,33.756291274
0.37683105,33.394255629,33.841036136
0.37687500,33.480464553,33.925407880
0.37691895,33.566302351,34.009406388
0.37696289,33.651768809,34.093031567
0.37700684,33.736863735,34.176283345
0.37705078,33.821586961,34.259161674
0.37709473,33.905938342,34.341666529
0.37713867,33.989917756,34.423797905
0.37718262,34.073525103,34.505555821
0.37722656,34.156760306,34.586940318
0.37727051,34.239623311,34.667951458
0.37731445,34.322114086,34.748589326
0.37735840,34.404232621,34.828854027
0.37740234,34.485978928,34.908745688
0.37744629,34.567353041,34.988264459
0.37749023,34.648355018,35.067410510
0.37753418,34.728984934,35.146184031
0.37757812,34.809242890,35.224585235
0.37762207,34.889129007,35.302614353
0.37766602,34.968643427,35.380271641
0.37770996,35.047786313,35.457557371
0.37775391,35.126557848,35.534471838
0.37779785,35.204958240,35.611015357
0.37784180,35.282987712,35.687188261
0.37788574,35.360646512,35.762990906
0.37792969,35.437934906,35.838423665
0.37797363,35.514853183,35.913486933
0.37801758,35.591401648,35.988181122
0.37806152,35.667580629,36.062506666
0.37810547,35.743390474,36.136464016
0.37814941,35.818831550,36.210053642
0.37819336,35.893904242,36.283276035
0.37823730,35.968608957,36.356131702
0.37828125,36.042946120,36.428621171
0.37832520,36.116916176,36.500744986
0.37836914,36.190519586,36.572503712
0.37841309,36.263756834,36.643897930
0.37845703,36.336628420,36.714928239
0.37850098,36.409134864,36.785595257
0.37854492,36.481276702,36.855899619
0.37858887,36.553054491,36.925841976
0.37863281,36.624468804,36.995423000
0.37867676,36.695520234,37.064643375
0.37872070,36.766209389,37.133503808
0.37876465,36.836536897,37.202005017
0.37880859,36.906503403,37.270147741
0.37885254,36.976109567,37.337932734
0.37889648,37.045356070,37.405360765
0.37894043,37.114243606,37.472432622
0.37898437,37.182772889,37.539149107
0.37902832,37.250944649,37.605511038
0.37907227,37.318759630,37.671519250
0.37911621,37.386218595,37.737174592
0.37916016,37.453322324,37.802477930
0.37920410,37.520071609,37.867430145
0.37924805,37.586467263,37.932032131
0.37929199,37.652510110,37.996284800
0.37933594,37.718200992,38.060189078
0.37937988,37.783540768,38.123745903
0.37942383,37.848530308,38.186956231
0.37946777,37.913170501,38.249821031
0.37951172,37.977462249,38.312341286
0.37955566,38.041406470,38.374517993
0.37959961,38.105004095,38.436352163
0.37964355,38.168256071,38.497844821
0.37968750,38.231163358,38.558997004
0.37973145,38.293726931,38.619809766
0.37977539,38.355947781,38.680284170
0.37981934,38.417826908,38.740421295
0.37986328,38.479365330,38.800222232
0.37990723,38.540564077,38.859688084
0.37995117,38.601424193,38.918819968
0.37999512,38.661946734,38.977619013
0.38003906,38.722132770,39.036086361
0.38008301,38.781983383,39.094223163
0.38012695,38.841499671,39.152030587
0.38017090,38.900682740,39.209509808
0.38021484,38.959533712,39.266662017
0.38025879,39.018053719,39.323488414
0.38030273,39.076243907,39.379990210
0.38034668,39.134105434,39.436168630
0.38039062,39.191639468,39.492024907
0.38043457,39.248847190,39.547560286
0.38047852,39.305729793,39.602776025
0.38052246,39.362288480,39.657673389
0.38056641,39.418524467,39.712253656
0.38061035,39.474438981,39.766518114
0.38065430,39.530033258,39.820468061
0.38069824,39.585308547,39.874104805
0.38074219,39.640266106,39.927429663
0.38078613,39.694907205,39.980443964
0.38083008,39.749233124,40.033149045
0.38087402,39.803245152,40.085546252
0.38091797,39.856944590,40.137636942
0.38096191,39.910332748,40.189422481
0.38100586,39.963410945,40.240904243
0.38104980,40.016180512,40.292083610
0.38109375,40.068642786,40.342961977
0.38113770,40.120799117,40.393540742
0.38118164,40.172650862,40.443821316
0.38122559,40.224199387,40.493805117
0.38126953,40.275446069,40.543493569
0.38131348,40.326392293,40.592888108
0.38135742,40.377039450,40.641990174
0.38140137,40.427388942,40.690801218
0.38144531,40.477442180,40.739322697
0.38148926,40.527200582,40.787556077
0.38153320,40.576665575,40.835502828
0.38157715,40.625838591,40.883164430
0.38162109,40.674721075,40.930542371
0.38166504,40.723314474,40.977638144
0.38170898,40.771620248,41.024453249
0.38175293,40.819639859,41.070989194
0.38179687,40.867374782,41.117247491
0.38184082,40.914826494,41.163229662
0.38188477,40.961996482,41.208937232
0.38192871,41.008886239,41.254371735
0.38197266,41.055497264,41.299534709
0.38201660,41.101831065,41.344427698
0.38206055,41.147889154,41.389052253
0.38210449,41.193673050,41.433409931
0.38214844,41.239184278,41.477502292
0.38219238,41.284424370,41.521330903
0.38223633,41.329394864,41.564897338
0.38228027,41.374097303,41.608203173
0.38232422,41.418533235,41.651249990
0.38236816,41.462704216,41.694039378
0.38241211,41.506611804,41.736572927
0.38245605,41.550257566,41.778852236
0.38250000,41.593643071,41.820878905
0.38254395,41.636769896,41.862654539
0.38258789,41.679639620,41.904180750
0.38263184,41.722253829,41.945459150
0.38267578,41.764614112,41.986491358
0.38271973,41.806722065,42.027278996
0.38276367,41.848579285,42.067823690
0.38280762,41.890187376,42.108127069
0.38285156,41.931547946,42.148190767
0.38289551,41.972662606,42.188016420
0.38293945,42.013532970,42.227605667
0.38298340,42.054160659,42.266960153
0.38302734,42.094547295,42.306081522
0.38307129,42.134694505,42.344971424
0.38311523,42.174603918,42.383631510
0.38315918,42.214277168,42.422063437
0.38320312,42.253715892,42.460268859
0.38324707,42.292921728,42.498249439
0.38329102,42.331896319,42.536006837
0.38333496,42.370641312,42.573542718
0.38337891,42.409158354,42.610858748
0.38342285,42.447449096,42.647956597
0.38346680,42.485515191,42.684837935
0.38351074,42.523358296,42.721504434
0.38355469,42.560980068,42.757957768
0.38359863,42.598382168,42.794199614
0.38364258,42.635566259,42.830231648
0.38368652,42.672534004,42.866055549
0.38373047,42.709287070,42.901672998
0.38377441,42.745827125,42.937085674
0.38381836,42.782155839,42.972295260
0.38386230,42.818274882,43.007303440
0.38390625,42.854185928,43.042111898
0.38395020,42.889890650,43.076722317
0.38399414,42.925390723,43.111136384
0.38403809,42.960687824,43.145355784
0.38408203,42.995783629,43.179382203
0.38412598,43.030679817,43.213217329
0.38416992,43.065378067,43.246862848
0.38421387,43.099880058,43.280320447
0.38425781,43.134187469,43.313591813
0.38430176,43.168301982,43.346678633
0.38434570,43.202225278,43.379582594
0.38438965,43.235959037,43.412305381
0.38443359,43.269504941,43.444848682
0.38447754,43.302864671,43.477214181
0.38452148,43.336039907,43.509403564
0.38456543,43.369032332,43.541418514
0.38460937,43.401843626,43.573260715
0.38465332,43.434475470,43.604931850
0.38469727,43.466929542,43.636433600
0.38474121,43.499207523,43.667767645
0.38478516,43.531311091,43.698935665
0.38482910,43.563241924,43.729939338
0.38487305,43.595001699,43.760780339
0.38491699,43.626592092,43.791460344
0.38496094,43.658014778,43.821981027
0.38500488,43.689271431,43.852344059
0.38504883,43.720363723,43.882551110
0.38509277,43.751293325,43.912603849
0.38513672,43.782061907,43.942503940
0.38518066,43.812671136,43.972253048
0.38522461,43.843122680,44.001852836
0.38526855,43.873418203,44.031304962
0.38531250,43.903559367,44.060611084
0.38535645,43.933547834,44.089772856
0.38540039,43.963385262,44.118791931
0.38544434,43.993073307,44.147669959
0.38548828,44.022613624,44.176408585
0.38553223,44.052007865,44.205009454
0.38557617,44.081257679,44.233474206
0.38562012,44.110364714,44.261804481
0.38566406,44.139330613,44.290001912
0.38570801,44.168157019,44.318068132
0.38575195,44.196845570,44.346004769
0.38579590,44.225397901,44.373813447
0.38583984,44.253815647,44.401495788
0.38588379,44.282100436,44.429053410
0.38592773,44.310253895,44.456487928
0.38597168,44.338277648,44.483800951
0.38601562,44.366173313,44.510994086
0.38605957,44.393942509,44.538068936
0.38610352,44.421586847,44.565027099
0.38614746,44.449107937,44.591870169
0.38619141,44.476507383,44.618599738
0.38623535,44.503786789,44.645217390
0.38627930,44.530947750,44.671724708
0.38632324,44.557991861,44.698123268
0.38636719,44.584920712,44.724414642
0.38641113,44.611735887,44.750600399
0.38645508,44.638438967,44.776682100
0.38649902,44.665031530,44.802661305
0.38654297,44.691515146,44.828539566
0.38658691,44.717891384,44.854318431
0.38663086,44.744161805,44.879999443
0.38667480,44.770327969,44.905584141
0.38671875,44.796391429,44.931074055
0.38676270,44.822353731,44.956470713
0.38680664,44.848216421,44.981775637
0.38685059,44.873981035,45.006990342
0.38689453,44.899649106,45.032116339
0.38693848,44.925222163,45.057155132
0.38698242,44.950701727,45.082108220
0.38702637,44.976089314,45.106977094
0.38707031,45.001386437,45.131763243
0.38711426,45.026594599,45.156468145
0.38715820,45.051715301,45.181093276
0.38720215,45.076750037,45.205640104
0.38724609,45.101700294,45.230110090
0.38729004,45.126567554,45.254504688
0.38733398,45.151353293,45.278825348
0.38737793,45.176058980,45.303073512
0.38742187,45.200686079,45.327250615
0.38746582,45.225236046,45.351358084
0.38750977,45.249710331,45.375397341
0.38755371,45.274110379,45.399369801
0.38759766,45.298437627,45.423276871
0.38764160,45.322693504,45.447119951
0.38768555,45.346879435,45.470900434
0.38772949,45.370996836,45.494619705
0.38777344,45.395047116,45.518279142
0.38781738,45.419031679,45.541880115
0.38786133,45.442951920,45.565423989
0.38790527,45.466809226,45.588912117
0.38794922,45.490604979,45.612345846
0.38799316,45.514340552,45.635726518
0.38803711,45.538017310,45.659055462
0.38808105,45.561636612,45.682334003
0.38812500,45.585199808,45.705563455
0.38816895,45.608708241,45.728745126
0.38821289,45.632163246,45.751880314
0.38825684,45.655566149,45.774970311
0.38830078,45.678918270,45.798016396
0.38834473,45.702220919,45.821019845
0.38838867,45.725475398,45.843981921
0.38843262,45.748683001,45.866903881
0.38847656,45.771845015,45.889786971
0.38852051,45.794962716,45.912632430
0.38856445,45.818037374,45.935441486
0.38860840,45.841070247,45.958215360
0.38865234,45.864062588,45.980955263
0.38869629,45.887015639,46.003662396
0.38874023,45.909930634,46.026337952
0.38878418,45.932808797,46.048983113
0.38882812,45.955651343,46.071599053
0.38887207,45.978459479,46.094186936
0.38891602,46.001234403,46.116747915
0.38895996,46.023977301,46.139283136
0.38900391,46.046689352,46.161793733
0.38904785,46.069371726,46.184280829
0.38909180,46.092025581,46.206745541
0.38913574,46.114652067,46.229188973
0.38917969,46.137252325,46.251612218
0.38922363,46.159827483,46.274016362
0.38926758,46.182378663,46.296402478
0.38931152,46.204906975,46.318771630
0.38935547,46.227413518,46.341124870
0.38939941,46.249899384,46.363463242
0.38944336,46.272365651,46.385787777
0.38948730,46.294813390,46.408099495
0.38953125,46.317243659,46.430399409
0.38957520,46.339657507,46.452688517
0.38961914,46.362055973,46.474967807
0.38966309,46.384440084,46.497238258
0.38970703,46.406810857,46.519500836
0.38975098,46.429169298,46.541756496
0.38979492,46.451516402,46.564006183
0.38983887,46.473853154,46.586250829
0.38988281,46.496180528,46.608491355
0.38992676,46.518499486,46.630728673
0.38997070,46.540810978,46.652963680
0.39001465,46.563115946,46.675197264
0.39005859,46.585415317,46.697430299
0.39010254,46.607710010,46.719663649
0.39014648,46.630000931,46.741898167
0.39019043,46.652288973,46.764134692
0.39023437,46.674575021,46.786374053
0.39027832,46.696859945,46.808617065
0.39032227,46.719144606,46.830864532
0.39036621,46.741429850,46.853117247
0.39041016,46.763716516,46.875375989
0.39045410,46.786005426,46.897641526
0.39049805,46.808297393,46.919914613
0.39054199,46.830593218,46.942195994
0.39058594,46.852893689,46.964486398
0.39062988,46.875199582,46.986786544
0.39067383,46.897511661,47.009097137
0.39071777,46.919830678,47.031418871
0.39076172,46.942157372,47.053752425
0.39080566,46.964492471,47.076098469
0.39084961,46.986836689,47.098457656
0.39089355,47.009190728,47.120830629
0.39093750,47.031555279,47.143218017
0.39098145,47.053931018,47.165620437
0.39102539,47.076318610,47.188038493
0.39106934,47.098718707,47.210472775
0.39111328,47.121131947,47.232923861
0.39115723,47.143558958,47.255392316
0.39120117,47.166000353,47.277878691
0.39124512,47.188456732,47.300383525
0.39128906,47.210928684,47.322907343
0.39133301,47.233416784,47.345450657
0.39137695,47.255921592,47.368013966
0.39142090,47.278443659,47.390597756
0.39146484,47.300983520,47.413202499
0.39150879,47.323541697,47.435828654
0.39155273,47.346118701,47.458476667
0.39159668,47.368715028,47.481146970
0.39164062,47.391331161,47.503839982
0.39168457,47.413967570,47.526556108
0.39172852,47.436624711,47.549295741
0.39177246,47.459303030,47.572059258
0.39181641,47.482002955,47.594847026
0.39186035,47.504724903,47.617659396
0.39190430,47.527469278,47.640496705
0.39194824,47.550236471,47.663359278
0.39199219,47.573026858,47.686247427
0.39203613,47.595840802,47.709161449
0.39208008,47.618678653,47.732101627
0.39212402,47.641540749,47.755068232
0.39216797,47.664427411,47.778061521
0.39221191,47.687338950,47.801081737
0.39225586,47.710275662,47.824129110
0.39229980,47.733237829,47.847203856
0.39234375,47.756225721,47.870306176
0.39238770,47.779239593,47.893436262
0.39243164,47.802279689,47.916594287
0.39247559,47.825346235,47.939780413
0.39251953,47.848439449,47.962994790
0.39256348,47.871559532,47.986237552
0.39260742,47.894706672,48.009508821
0.39265137,47.917881044,48.032808704
0.39269531,47.941082810,48.056137296
0.39273926,47.964312119,48.079494678
0.39278320,47.987569104,48.102880918
0.39282715,48.010853887,48.126296070
0.39287109,48.034166577,48.149740176
0.39291504,48.057507267,48.173213262
0.39295898,48.080876039,48.196715344
0.39300293,48.104272962,48.220246423
0.39304687,48.127698090,48.243806486
0.39309082,48.151151465,48.267395508
0.39313477,48.174633115,48.291013452
0.39317871,48.198143055,48.314660266
0.39322266,48.221681287,48.338335886
0.39326660,48.245247801,48.362040234
0.39331055,48.268842572,48.385773220
0.39335449,48.292465563,48.409534741
0.39339844,48.316116725,48.433324682
0.39344238,48.339795995,48.457142913
0.39348633,48.363503296,48.480989295
0.39353027,48.387238541,48.504863671
0.39357422,48.411001627,48.528765877
0.39361816,48.434792442,48.552695733
0.39366211,48.458610858,48.576653049
0.39370605,48.482456737,48.600637619
0.39375000,48.506329926,48.624649230
0.39379395,48.530230262,48.648687651
0.39383789,48.554157568,48.672752644
0.39388184,48.578111656,48.696843955
0.39392578,48.602092324,48.720961322
0.39396973,48.626099360,48.745104467
0.39401367,48.650132538,48.769273103
0.39405762,48.674191621,48.793466931
0.39410156,48.698276360,48.817685640
0.39414551,48.722386495,48.841928906
0.39418945,48.746521752,48.866196396
0.39423340,48.770681847,48.890487766
0.39427734,48.794866484,48.914802658
0.39432129,48.819075357,48.939140704
0.39436523,48.843308147,48.963501528
0.39440918,48.867564523,48.987884739
0.39445312,48.891844144,49.012289937
0.39449707,48.916146659,49.036716711
0.39454102,48.940471703,49.061164640
0.39458496,48.964818904,49.085633293
0.39462891,48.989187876,49.110122227
0.39467285,49.013578223,49.134630990
0.39471680,49.037989541,49.159159120
0.39476074,49.062421411,49.183706144
0.39480469,49.086873408,49.208271581
0.39484863,49.111345095,49.232854938
0.39489258,49.135836024,49.257455715
0.39493652,49.160345738,49.282073400
0.39498047,49.184873771,49.306707474
0.39502441,49.209419646,49.331357407
0.39506836,49.233982876,49.356022660
0.39511230,49.258562967,49.380702687
0.39515625,49.283159412,49.405396931
0.39520020,49.307771698,49.430104828
0.39524414,49.332399302,49.454825804
0.39528809,49.357041690,49.479559279
0.39533203,49.381698323,49.504304661
0.39537598,49.406368650,49.529061353
0.39541992,49.431052112,49.553828750
0.39546387,49.455748143,49.578606238
0.39550781,49.480456168,49.603393195
0.39555176,49.505175604,49.628188993
0.39559570,49.529905859,49.652992995
0.39563965,49.554646334,49.677804558
0.39568359,49.579396422,49.702623033
0.39572754,49.604155510,49.727447760
0.39577148,49.628922974,49.752278077
0.39581543,49.653698187,49.777113313
0.39585937,49.678480511,49.801952790
0.39590332,49.703269304,49.826795826
0.39594727,49.728063915,49.851641729
0.39599121,49.752863687,49.876489806
0.39603516,49.777667957,49.901339354
0.39607910,49.802476056,49.926189665
0.39612305,49.827287307,49.951040029
0.39616699,49.852101027,49.975889725
0.39621094,49.876916530,50.000738031
0.39625488,49.901733121,50.025584218
0.39629883,49.926550099,50.050427554
0.39634277,49.951366761,50.075267299
0.39638672,49.976182395,50.100102710
0.39643066,50.000996287,50.124933041
0.39647461,50.025807714,50.149757540
0.39651855,50.050615951,50.174575451
0.39656250,50.075420269,50.199386014
0.39660645,50.100219931,50.224188466
0.39665039,50.125014199,50.248982038
0.39669434,50.149802327,50.273765960
0.39673828,50.174583569,50.298539457
0.39678223,50.199357173,50.323301751
0.39682617,50.224122381,50.348052062
0.39687012,50.248878434,50.372789605
0.39691406,50.273624570,50.397513594
0.39695801,50.298360021,50.422223239
0.39700195,50.323084018,50.446917748
0.39704590,50.347795786,50.471596326
0.39708984,50.372494550,50.496258176
0.39713379,50.397179531,50.520902500
0.39717773,50.421849946,50.545528497
0.39722168,50.446505011,50.570135362
0.39726563,50.471143940,50.594722293
0.39730957,50.495765942,50.619288481
0.39735352,50.520370227,50.643833121
0.39739746,50.544956001,50.668355401
0.39744141,50.569522467,50.692854512
0.39748535,50.594068830,50.717329642
0.39752930,50.618594289,50.741779978
0.39757324,50.643098044,50.766204707
0.39761719,50.667579293,50.790603015
0.39766113,50.692037233,50.814974086
0.39770508,50.716471059,50.839317105
0.39774902,50.740879965,50.863631255
0.39779297,50.765263145,50.887915722
0.39783691,50.789619791,50.912169687
0.39788086,50.813949094,50.936392335
0.39792480,50.838250247,50.960582848
0.39796875,50.862522439,50.984740410
0.39801270,50.886764861,51.008864205
0.39805664,50.910976702,51.032953415
0.39810059,50.935157152,51.057007226
0.39814453,50.959305400,51.081024821
0.39818848,50.983420636,51.105005386
0.39823242,51.007502049,51.128948106
0.39827637,51.031548829,51.152852168
0.39832031,51.055560165,51.176716758
0.39836426,51.079535248,51.200541064
0.39840820,51.103473268,51.224324275
0.39845215,51.127373416,51.248065580
0.39849609,51.151234883,51.271764171
0.39854004,51.175056862,51.295419238
0.39858398,51.198838545,51.319029974
0.39862793,51.222579126,51.342595574
0.39867188,51.246277799,51.366115233
0.39871582,51.269933759,51.389588147
0.39875977,51.293546203,51.413013513
0.39880371,51.317114327,51.436390532
0.39884766,51.340637329,51.459718403
0.39889160,51.364114409,51.482996328
0.39893555,51.387544767,51.506223511
0.39897949,51.410927605,51.529399156
0.39902344,51.434262124,51.552522470
0.39906738,51.457547530,51.575592661
0.39911133,51.480783027,51.598608938
0.39915527,51.503967821,51.621570512
0.39919922,51.527101121,51.644476596
0.39924316,51.550182136,51.667326403
0.39928711,51.573210075,51.690119150
0.39933105,51.596184151,51.712854053
0.39937500,51.619103578,51.735530332
0.39941895,51.641967570,51.758147207
0.39946289,51.664775342,51.780703900
0.39950684,51.687526113,51.803199634
0.39955078,51.710219102,51.825633635
0.39959473,51.732853528,51.848005129
0.39963867,51.755428614,51.870313344
0.39968262,51.777943583,51.892557511
0.39972656,51.800397660,51.914736859
0.39977051,51.822790070,51.936850622
0.39981445,51.845120041,51.958898034
0.39985840,51.867386801,51.980878329
0.39990234,51.889589581,52.002790745
0.39994629,51.911727612,52.024634520
0.39999023,51.933800127,52.046408892
0.40003418,51.955806359,52.068113102
0.40007813,51.977745544,52.089746392
0.40012207,51.999616918,52.111308005
0.40016602,52.021419719,52.132797184
0.40020996,52.043153184,52.154213174
0.40025391,52.064816555,52.175555221
0.40029785,52.086409071,52.196822571
0.40034180,52.107929974,52.218014473
0.40038574,52.129378507,52.239130175
0.40042969,52.150753913,52.260168925
0.40047363,52.172055438,52.281129974
0.40051758,52.193282325,52.302012571
0.40056152,52.214433821,52.322815969
0.40060547,52.235509172,52.343539418
0.40064941,52.256507626,52.364182171
0.40069336,52.277428431,52.384743478
0.40073730,52.298270834,52.405222594
0.40078125,52.319034084,52.425618770
0.40082520,52.339717431,52.445931260
0.40086914,52.360320124,52.466159316
0.40091309,52.380841412,52.486302191
0.40095703,52.401280546,52.506359138
0.40100098,52.421636775,52.526329410
0.40104492,52.441909350,52.546212259
0.40108887,52.462097520,52.566006937
0.40113281,52.482200535,52.585712696
0.40117676,52.502217646,52.605328786
0.40122070,52.522148101,52.624854460
0.40126465,52.541991150,52.644288967
0.40130859,52.561746042,52.663631556
0.40135254,52.581412025,52.682881477
0.40139648,52.600988348,52.702037976
0.40144043,52.620474258,52.721100302
0.40148438,52.639869001,52.740067701
0.40152832,52.659171824,52.758939416
0.40157227,52.678381972,52.777714694
0.40161621,52.697498690,52.796392776
0.40166016,52.716521222,52.814972904
0.40170410,52.735448809,52.833454318
0.40174805,52.754280695,52.851836258
0.40179199,52.773016118,52.870117961
0.40183594,52.791654320,52.888298664
0.40187988,52.810194539,52.906377601
0.40192383,52.828636011,52.924354006
0.40196777,52.846977972,52.942227109
0.40201172,52.865219657,52.959996142
0.40205566,52.883360299,52.977660333
0.40209961,52.901399129,52.995218907
0.40214355,52.919335378,53.012671090
0.40218750,52.937168274,53.030016105
0.40223145,52.954897045,53.047253174
0.40227539,52.972520915,53.064381514
0.40231934,52.990039109,53.081400345
0.40236328,53.007450849,53.098308881
0.40240723,53.024755355,53.115106336
0.40245117,53.041951846,53.131791922
0.40249512,53.059039539,53.148364849
0.40253906,53.076017649,53.164824325
0.40258301,53.092885390,53.181169555
0.40262695,53.109641973,53.197399743
0.40267090,53.126286609,53.213514091
0.40271484,53.142818504,53.229511801
0.40275879,53.159236867,53.245392069
0.40280273,53.175540901,53.261154091
0.40284668,53.191729808,53.276797064
0.40289063,53.207802790,53.292320178
0.40293457,53.223759046,53.307722625
0.40297852,53.239597774,53.323003594
0.40302246,53.255318168,53.338162271
0.40306641,53.270919424,53.353197844
0.40311035,53.286400733,53.368109494
0.40315430,53.301761286,53.382896406
0.40319824,53.317000272,53.397557760
0.40324219,53.332116880,53.412092734
0.40328613,53.347110295,53.426500509
0.40333008,53.361979702,53.440780259
0.40337402,53.376724284,53.454931161
0.40341797,53.391343224,53.468952389
0.40346191,53.405835703,53.482843117
0.40350586,53.420200900,53.496602517
0.40354980,53.434437994,53.510229761
0.40359375,53.448546162,53.523724020
0.40363770,53.462524583,53.537084463
0.40368164,53.476372431,53.550310263
0.40372559,53.490088882,53.563400586
0.40376953,53.503673112,53.576354604
0.40381348,53.517124293,53.589171485
0.40385742,53.530441601,53.601850398
0.40390137,53.543624209,53.614390514
0.40394531,53.556671291,53.626791001
0.40398926,53.569582021,53.639051030
0.40403320,53.582355571,53.651169773
0.40407715,53.594991118,53.663146400
0.40412109,53.607487834,53.674980085
0.40416504,53.619844895,53.686670001
0.40420898,53.632061478,53.698215325
0.40425293,53.644136759,53.709615232
0.40429688,53.656069916,53.720868901
0.40434082,53.667860128,53.731975513
0.40438477,53.679506576,53.742934250
0.40442871,53.691008442,53.753744297
0.40447266,53.702364910,53.764404841
0.40451660,53.713575166,53.774915073
0.40456055,53.724638398,53.785274185
0.40460449,53.735553796,53.795481374
0.40464844,53.746320553,53.805535839
0.40469238,53.756937865,53.815436782
0.40473633,53.767404931,53.825183412
0.40478027,53.777720952,53.834774939
0.40482422,53.787885134,53.844210577
0.40486816,53.797896685,53.853489548
0.40491211,53.807754818,53.862611074
0.40495605,53.817458749,53.871574386
0.40500000,53.827007699,53.880378718
0.40504395,53.836400893,53.889023311
0.40508789,53.845637562,53.897507409
0.40513184,53.854716940,53.905830265
0.40517578,53.863638266,53.913991138
0.40521973,53.872400788,53.921989290
0.40526367,53.881003755,53.929823993
0.40530762,53.889446424,53.937494526
0.40535156,53.897728059,53.945000174
0.40539551,53.905847929,53.952340229
0.40543945,53.913805310,53.959513992
0.40548340,53.921599485,53.966520771
0.40552734,53.929229743,53.973359884
0.40557129,53.936695382,53.980030654
0.40561523,53.943995707,53.986532417
0.40565918,53.951130030,53.992864514
0.40570312,53.958097671,53.999026298
0.40574707,53.964897960,54.005017131
0.40579102,53.971530235,54.010836383
0.40583496,53.977993841,54.016483437
0.40587891,53.984288133,54.021957682
0.40592285,53.990412477,54.027258522
0.40596680,53.996366246,54.032385369
0.40601074,54.002148824,54.037337646
0.40605469,54.007759604,54.042114787
0.40609863,54.013197992,54.046716240
0.40614258,54.018463400,54.051141461
0.40618652,54.023555254,54.055389920
0.40623047,54.028472990,54.059461098
0.40627441,54.033216055,54.063354489
0.40631836,54.037783906,54.067069599
0.40636230,54.042176015,54.070605948
0.40640625,54.046391862,54.073963065
0.40645020,54.050430940,54.077140497
0.40649414,54.054292756,54.080137801
0.40653809,54.057976827,54.082954549
0.40658203,54.061482684,54.085590325
0.40662598,54.064809870,54.088044728
0.40666992,54.067957940,54.090317371
0.40671387,54.070926464,54.092407880
0.40675781,54.073715023,54.094315895
0.40680176,54.076323215,54.096041073
0.40684570,54.078750647,54.097583083
0.40688965,54.080996942,54.098941609
0.40693359,54.083061738,54.100116349
0.40697754,54.084944684,54.101107018
0.40702148,54.086645446,54.101913344
0.40706543,54.088163702,54.102535072
0.40710937,54.089499146,54.102971958
0.40715332,54.090651484,54.103223779
0.40719727,54.091620440,54.103290322
0.40724121,54.092405749,54.103171392
0.40728516,54.093007163,54.102866809
0.40732910,54.093424449,54.102376408
0.40737305,54.093657386,54.101700038
0.40741699,54.093705771,54.100837567
0.40746094,54.093569414,54.099788875
0.40750488,54.093248140,54.098553859
0.40754883,54.092741791,54.097132430
0.40759277,54.092050221,54.095524516
0.40763672,54.091173301,54.093730059
0.40768066,54.090110917,54.091749017
0.40772461,54.088862967,54.089581363
0.40776855,54.087429368,54.087227084
0.40781250,54.085810049,54.084686185
0.40785645,54.084004955,54.081958682
0.40790039,54.082014045,54.079044609
0.40794434,54.079837295,54.075944012
0.40798828,54.077474692,54.072656954
0.40803223,54.074926239,54.069183512
0.40807617,54.072191955,54.065523775
0.40812012,54.069271871,54.061677848
0.40816406,54.066166034,54.057645849
0.40820801,54.062874503,54.053427912
0.40825195,54.059397352,54.049024182
0.40829590,54.055734669,54.044434818
0.40833984,54.051886555,54.039659991
0.40838379,54.047853125,54.034699888
0.40842773,54.043634506,54.029554704
0.40847168,54.039230839,54.024224651
0.40851562,54.034642277,54.018709950
0.40855957,54.029868985,54.013010834
0.40860352,54.024911142,54.007127548
0.40864746,54.019768937,54.001060349
0.40869141,54.014442572,53.994809503
0.40873535,54.008932261,53.988375288
0.40877930,54.003238226,53.981757991
0.40882324,53.997360705,53.974957910
0.40886719,53.991299941,53.967975351
0.40891113,53.985056191,53.960810629
0.40895508,53.978629720,53.953464070
0.40899902,53.972020804,53.945936005
0.40904297,53.965229727,53.938226775
0.40908691,53.958256782,53.930336728
0.40913086,53.951102271,53.922266218
0.40917480,53.943766503,53.914015607
0.40921875,53.936249796,53.905585261
0.40926270,53.928552473,53.896975554
0.40930664,53.920674867,53.888186863
0.40935059,53.912617315,53.879219572
0.40939453,53.904380160,53.870074067
0.40943848,53.895963753,53.860750738
0.40948242,53.887368446,53.851249979
0.40952637,53.878594599,53.841572186
0.40957031,53.869642574,53.831717758
0.40961426,53.860512739,53.821687094
0.40965820,53.851205462,53.811480596
0.40970215,53.841721116,53.801098664
0.40974609,53.832060075,53.790541700
0.40979004,53.822222715,53.779810105
0.40983398,53.812209413,53.768904278
0.40987793,53.802020548,53.757824618
0.40992187,53.791656495,53.746571519
0.40996582,53.781117633,53.735145374
0.41000977,53.770404338,53.723546572
0.41005371,53.759516983,53.711775497
0.41009766,53.748455941,53.699832531
0.41014160,53.737221582,53.687718048
0.41018555,53.725814271,53.675432416
0.41022949,53.714234372,53.662975999
0.41027344,53.702482240,53.650349151
0.41031738,53.690558230,53.637552220
0.41036133,53.678462689,53.624585546
0.41040527,53.666195956,53.611449458
0.41044922,53.653758366,53.598144278
0.41049316,53.641150246,53.584670315
0.41053711,53.628371914,53.571027869
0.41058105,53.615423680,53.557217229
0.41062500,53.602305845,53.543238670
0.41066895,53.589018699,53.529092455
0.41071289,53.575562523,53.514778836
0.41075684,53.561937587,53.500298048
0.41080078,53.548144147,53.485650312
0.41084473,53.534182451,53.470835835
0.41088867,53.520052730,53.455854809
0.41093262,53.505755204,53.440707406
0.41097656,53.491290078,53.425393785
0.41102051,53.476657544,53.409914086
0.41106445,53.461857775,53.394268430
0.41110840,53.446890933,53.378456920
0.41115234,53.431757160,53.362479640
0.41119629,53.416456582,53.346336653
0.41124023,53.400989310,53.330028003
0.41128418,53.385355432,53.313553713
0.41132812,53.369555022,53.296913782
0.41137207,53.353588132,53.280108190
0.41141602,53.337454796,53.263136891
0.41145996,53.321155025,53.245999820
0.41150391,53.304688812,53.228696884
0.41154785,53.288056126,53.211227969
0.41159180,53.271256917,53.193592933
0.41163574,53.254291111,53.175791613
0.41167969,53.237158609,53.157823817
0.41172363,53.219859293,53.139689326
0.41176758,53.202393016,53.121387899
0.41181152,53.184759611,53.102919263
0.41185547,53.166958883,53.084283119
0.41189941,53.148990613,53.065479141
0.41194336,53.130854555,53.046506974
0.41198730,53.112550438,53.027366233
0.41203125,53.094077965,53.008056506
0.41207520,53.075436808,52.988577350
0.41211914,53.056626616,52.968928292
0.41216309,53.037647008,52.949108828
0.41220703,53.018497573,52.929118426
0.41225098,52.999177874,52.908956520
0.41229492,52.979687444,52.888622514
0.41233887,52.960025785,52.868115781
0.41238281,52.940192373,52.847435662
0.41242676,52.920186649,52.826581464
0.41247070,52.900008028,52.805552464
0.41251465,52.879655892,52.784347906
0.41255859,52.859129591,52.762967000
0.41260254,52.838428447,52.741408924
0.41264648,52.817551749,52.719672822
0.41269043,52.796498753,52.697757807
0.41273437,52.775268684,52.675662955
0.41277832,52.753860736,52.653387311
0.41282227,52.732274070,52.630929886
0.41286621,52.710507814,52.608289655
0.41291016,52.688561065,52.585465563
0.41295410,52.666432884,52.562456517
0.41299805,52.644122302,52.539261394
0.41304199,52.621628318,52.515879033
0.41308594,52.598949895,52.492308242
0.41312988,52.576085964,52.468547794
0.41317383,52.553035425,52.444596429
0.41321777,52.529797142,52.420452851
0.41326172,52.506369947,52.396115732
0.41330566,52.482752639,52.371583710
0.41334961,52.458943984,52.346855390
0.41339355,52.434942715,52.321929341
0.41343750,52.410747532,52.296804103
0.41348145,52.386357101,52.271478179
0.41352539,52.361770058,52.245950041
0.41356934,52.336985002,52.220218128
0.41361328,52.312000505,52.194280846
0.41365723,52.286815101,52.168136570
0.41370117,52.261427297,52.141783641
0.41374512,52.235835563,52.115220371
0.41378906,52.210038342,52.088445038
0.41383301,52.184034042,52.061455891
0.41387695,52.157821041,52.034251147
0.41392090,52.131397687,52.006828994
0.41396484,52.104762295,51.979187587
0.41400879,52.077913151,51.951325056
0.41405273,52.050848511,51.923239498
0.41409668,52.023566602,51.894928984
0.41414062,51.996065619,51.866391554
0.41418457,51.968343730,51.837625222
0.41422852,51.940399075,51.808627975
0.41427246,51.912229764,51.779397772
0.41431641,51.883833880,51.749932546
0.41436035,51.855209479,51.720230206
0.41440430,51.826354590,51.690288633
0.41444824,51.797267215,51.660105685
0.41449219,51.767945330,51.629679195
0.41453613,51.738386889,51.599006975
0.41458008,51.708589815,51.568086811
0.41462402,51.678552013,51.536916469
0.41466797,51.648271360,51.505493692
0.41471191,51.617745712,51.473816203
0.41475586,51.586972901,51.441881706
0.41479980,51.555950739,51.409687882
0.41484375,51.524677015,51.377232397
0.41488770,51.493149499,51.344512897
0.41493164,51.461365938,51.311527011
0.41497559,51.429324062,51.278272351
0.41501953,51.397021584,51.244746513
0.41506348,51.364456195,51.210947080
0.41510742,51.331625571,51.176871618
0.41515137,51.298527372,51.142517681
0.41519531,51.265159241,51.107882811
0.41523926,51.231518806,51.072964536
0.41528320,51.197603681,51.037760374
0.41532715,51.163411467,51.002267834
0.41537109,51.128939752,50.966484413
0.41541504,51.094186111,50.930407602
0.41545898,51.059148109,50.894034884
0.41550293,51.023823300,50.857363733
0.41554687,50.988209229,50.820391620
0.41559082,50.952303432,50.783116010
0.41563477,50.916103437,50.745534362
0.41567871,50.879606765,50.707644134
0.41572266,50.842810932,50.669442781
0.41576660,50.805713446,50.630927757
0.41581055,50.768311813,50.592096515
0.41585449,50.730603534,50.552946508
0.41589844,50.692586109,50.513475191
0.41594238,50.654257034,50.473680022
0.41598633,50.615613805,50.433558461
0.41603027,50.576653919,50.393107971
0.41607422,50.537374873,50.352326024
0.41611816,50.497774165,50.311210095
0.41616211,50.457849297,50.269757665
0.41620605,50.417597773,50.227966227
0.41625000,50.377017104,50.185833278
0.41629395,50.336104805,50.143356329
0.41633789,50.294858396,50.100532899
0.41638184,50.253275406,50.057360519
0.41642578,50.211353373,50.013836735
0.41646973,50.169089841,49.969959104
0.41651367,50.126482367,49.925725198
0.41655762,50.083528519,49.881132604
0.41660156,50.040225873,49.836178928
0.41664551,49.996572023,49.790861791
0.41668945,49.952564573,49.745178831
0.41673340,49.908201144,49.699127708
0.41677734,49.863479370,49.652706102
0.41682129,49.818396903,49.605911711
0.41686523,49.772951414,49.558742257
0.41690918,49.727140588,49.511195486
0.41695312,49.680962134,49.463269165
0.41699707,49.634413777,49.414961087
0.41704102,49.587493265,49.366269071
0.41708496,49.540198368,49.317190960
0.41712891,49.492526878,49.267724628
0.41717285,49.444476611,49.217867973
0.41721680,49.396045407,49.167618925
0.41726074,49.347231132,49.116975443
0.41730469,49.298031677,49.065935514
0.41734863,49.248444961,49.014497160
0.41739258,49.198468931,48.962658434
0.41743652,49.148101561,48.910417422
0.41748047,49.097340858,48.857772242
0.41752441,49.046184855,48.804721049
0.41756836,48.994631618,48.751262033
0.41761230,48.942679247,48.697393419
0.41765625,48.890325872,48.643113469
0.41770020,48.837569656,48.588420485
0.41774414,48.784408799,48.533312803
0.41778809,48.730841534,48.477788802
0.41783203,48.676866129,48.421846899
0.41787598,48.622480890,48.365485551
0.41791992,48.567684161,48.308703256
0.41796387,48.512474320,48.251498556
0.41800781,48.456849788,48.193870032
0.41805176,48.400809023,48.135816310
0.41809570,48.344350522,48.077336060
0.41813965,48.287472824,48.018427994
0.41818359,48.230174508,47.959090870
0.41822754,48.172454198,47.899323493
0.41827148,48.114310555,47.839124711
0.41831543,48.055742287,47.778493420
0.41835937,47.996748145,47.717428563
0.41840332,47.937326922,47.655929129
0.41844727,47.877477459,47.593994157
0.41849121,47.817198639,47.531622732
0.41853516,47.756489392,47.468813990
0.41857910,47.695348695,47.405567115
0.41862305,47.633775571,47.341881341
0.41866699,47.571769090,47.277755952
0.41871094,47.509328370,47.213190282
0.41875488,47.446452577,47.148183718
0.41879883,47.383140924,47.082735694
0.41884277,47.319392676,47.016845701
0.41888672,47.255207145,46.950513276
0.41893066,47.190583693,46.883738012
0.41897461,47.125521733,46.816519554
0.41901855,47.060020727,46.748857598
0.41906250,46.994080188,46.680751894
0.41910645,46.927699682,46.612202246
0.41915039,46.860878823,46.543208509
0.41919434,46.793617278,46.473770593
0.41923828,46.725914767,46.403888462
0.41928223,46.657771061,46.333562134
0.41932617,46.589185983,46.262791680
0.41937012,46.520159409,46.191577225
0.41941406,46.450691268,46.119918949
0.41945801,46.380781540,46.047817086
0.41950195,46.310430260,45.975271926
0.41954590,46.239637515,45.902283809
0.41958984,46.168403447,45.828853135
0.41963379,46.096728248,45.754980355
0.41967773,46.024612168,45.680665975
0.41972168,45.952055505,45.605910557
0.41976562,45.879058616,45.530714714
0.41980957,45.805621908,45.455079118
0.41985352,45.731745843,45.379004492
0.41989746,45.657430935,45.302491614
0.41994141,45.582677755,45.225541317
0.41998535,45.507486924,45.148154486
0.42002930,45.431859118,45.070332063
0.42007324,45.355795067,44.992075042
0.42011719,45.279295553,44.913384469
0.42016113,45.202361412,44.834261446
0.42020508,45.124993534,44.754707127
0.42024902,45.047192861,44.674722720
0.42029297,44.968960387,44.594309483
0.42033691,44.890297160,44.513468730
0.42038086,44.811204281,44.432201826
0.42042480,44.731682902,44.350510187
0.42046875,44.651734228,44.268395281
0.42051270,44.571359515,44.185858629
0.42055664,44.490560072,44.102901801
0.42060059,44.409337259,44.019526420
0.42064453,44.327692486,43.935734156
0.42068848,44.245627216,43.851526733
0.42073242,44.163142961,43.766905922
0.42077637,44.080241283,43.681873545
0.42082031,43.996923795,43.596431472
0.42086426,43.913192160,43.510581621
0.42090820,43.829048089,43.424325959
0.42095215,43.744493343,43.337666501
0.42099609,43.659529731,43.250605309
0.42104004,43.574159110,43.163144491
0.42108398,43.488383385,43.075286202
0.42112793,43.402204509,42.987032643
0.42117187,43.315624481,42.898386059
0.42121582,43.228645347,42.809348742
0.42125977,43.141269199,42.719923028
0.42130371,43.053498176,42.630111294
0.42134766,42.965334459,42.539915964
0.42139160,42.876780276,42.449339503
0.42143555,42.787837899,42.358384419
0.42147949,42.698509644,42.267053260
0.42152344,42.608797868,42.175348617
0.42156738,42.518704975,42.083273121
0.42161133,42.428233407,41.990829444
0.42165527,42.337385649,41.898020294
0.42169922,42.246164227,41.804848421
0.42174316,42.154571710,41.711316613
0.42178711,42.062610703,41.617427695
0.42183105,41.970283852,41.523184528
0.42187500,41.877593844,41.428590010
0.42191895,41.784543402,41.333647077
0.42196289,41.691135286,41.238358696
0.42200684,41.597372296,41.142727872
0.42205078,41.503257265,41.046757642
0.42209473,41.408793066,40.950451077
0.42213867,41.313982603,40.853811280
0.42218262,41.218828818,40.756841386
0.42222656,41.123334685,40.659544562
0.42227051,41.027503213,40.561924004
0.42231445,40.931337443,40.463982940
0.42235840,40.834840448,40.365724625
0.42240234,40.738015332,40.267152345
0.42244629,40.640865232,40.168269411
0.42249023,40.543393313,40.069079164
0.42253418,40.445602771,39.969584970
0.42257812,40.347496830,39.869790221
0.42262207,40.249078743,39.769698335
0.42266602,40.150351790,39.669312753
0.42270996,40.051319278,39.568636941
0.42275391,39.951984542,39.467674388
0.42279785,39.852350939,39.366428605
0.42284180,39.752421855,39.264903126
0.42288574,39.652200697,39.163101503
0.42292969,39.551690897,39.061027313
0.42297363,39.450895911,38.958684148
0.42301758,39.349819216,38.856075622
0.42306152,39.248464311,38.753205367
0.42310547,39.146834714,38.650077031
0.42314941,39.044933967,38.546694281
0.42319336,38.942765629,38.443060798
0.42323730,38.840333278,38.339180282
0.42328125,38.737640510,38.235056445
0.42332520,38.634690941,38.130693013
0.42336914,38.531488201,38.026093728
0.42341309,38.428035938,37.921262343
0.42345703,38.324337814,37.816202624
0.42350098,38.220397508,37.710918349
0.42354492,38.116218712,37.605413305
0.42358887,38.011805130,37.499691291
0.42363281,37.907160482,37.393756116
0.42367676,37.802288498,37.287611596
0.42372070,37.697192921,37.181261557
0.42376465,37.591877504,37.074709833
0.42380859,37.486346011,36.967960262
0.42385254,37.380602216,36.861016692
0.42389648,37.274649899,36.753882974
0.42394043,37.168492853,36.646562967
0.42398437,37.062134876,36.539060531
0.42402832,36.955579773,36.431379534
0.42407227,36.848831356,36.323523843
0.42411621,36.741893444,36.215497331
0.42416016,36.634769859,36.107303871
0.42420410,36.527464431,35.998947339
0.42424805,36.419980990,35.890431610
0.42429199,36.312323372,35.781760563
0.42433594,36.204495416,35.672938071
0.42437988,36.096500963,35.563968012
0.42442383,35.988343853,35.454854259
0.42446777,35.880027932,35.345600685
0.42451172,35.771557042,35.236211158
0.42455566,35.662935028,35.126689546
0.42459961,35.554165733,35.017039711
0.42464355,35.445252999,34.907265512
0.42468750,35.336200667,34.797370804
0.42473145,35.227012574,34.687359435
0.42477539,35.117692557,34.577235249
0.42481934,35.008244446,34.467002084
0.42486328,34.898672072,34.356663768
0.42490723,34.788979256,34.246224127
0.42495117,34.679169819,34.135686975
0.42499512,34.569247574,34.025056120
0.42503906,34.459216328,33.914335361
0.42508301,34.349079883,33.803528488
0.42512695,34.238842034,33.692639282
0.42517090,34.128506567,33.581671512
0.42521484,34.018077262,33.470628939
0.42525879,33.907557891,33.359515312
0.42530273,33.796952214,33.248334369
0.42534668,33.686263987,33.137089835
0.42539062,33.575496951,33.025785426
0.42543457,33.464654840,32.914424842
0.42547852,33.353741378,32.803011773
0.42552246,33.242760277,32.691549894
0.42556641,33.131715236,32.580042866
0.42561035,33.020609946,32.468494338
0.42565430,32.909448083,32.356907943
0.42569824,32.798233311,32.245287299
0.42574219,32.686969282,32.133636010
0.42578613,32.575659633,32.021957664
0.42583008,32.464307990,31.910255834
0.42587402,32.352917962,31.798534074
0.42591797,32.241493146,31.686795926
0.42596191,32.130037122,31.575044911
0.42600586,32.018553458,31.463284536
0.42604980,31.907045704,31.351518290
0.42609375,31.795517394,31.239749643
0.42613770,31.683972048,31.127982048
0.42618164,31.572413169,31.016218940
0.42622559,31.460844243,30.904463736
0.42626953,31.349268738,30.792719832
0.42631348,31.237690106,30.680990608
0.42635742,31.126111781,30.569279423
0.42640137,31.014537180,30.457589616
0.42644531,30.902969701,30.345924508
0.42648926,30.791412723,30.234287398
0.42653320,30.679869609,30.122681568
0.42657715,30.568343701,30.011110277
0.42662109,30.456838321,29.899576763
0.42666504,30.345356774,29.788084245
0.42670898,30.233902344,29.676635921
0.42675293,30.122478297,29.565234967
0.42679687,30.011087876,29.453884537
0.42684082,29.899734306,29.342587765
0.42688477,29.788420791,29.231347764
0.42692871,29.677150515,29.120167621
0.42697266,29.565926641,29.009050407
0.42701660,29.454752309,28.897999166
0.42706055,29.343630642,28.787016921
0.42710449,29.232564737,28.676106675
0.42714844,29.121557673,28.565271406
0.42719238,29.010612506,28.454514070
0.42723633,28.899732270,28.343837600
0.42728027,28.788919979,28.233244905
0.42732422,28.678178622,28.122738875
0.42736816,28.567511167,28.012322373
0.42741211,28.456920562,27.901998240
0.42745605,28.346409729,27.791769294
0.42750000,28.235981569,27.681638330
0.42754395,28.125638961,27.571608118
0.42758789,28.015384761,27.461681407
0.42763184,27.905221801,27.351860920
0.42767578,27.795152891,27.242149358
0.42771973,27.685180819,27.132549399
0.42776367,27.575308347,27.023063694
0.42780762,27.465538216,26.913694873
0.42785156,27.355873145,26.804445542
0.42789551,27.246315827,26.695318282
0.42793945,27.136868932,26.586315652
0.42798340,27.027535108,26.477440185
0.42802734,26.918316979,26.368694392
0.42807129,26.809217144,26.260080758
0.42811523,26.700238182,26.151601745
0.42815918,26.591382645,26.043259791
0.42820312,26.482653062,25.935057312
0.42824707,26.374051939,25.826996696
0.42829102,26.265581760,25.719080311
0.42833496,26.157244981,25.611310498
0.42837891,26.049044039,25.503689576
0.42842285,25.940981343,25.396219839
0.42846680,25.833059282,25.288903558
0.42851074,25.725280220,25.181742979
0.42855469,25.617646496,25.074740325
0.42859863,25.510160426,24.967897795
0.42864258,25.402824304,24.861217564
0.42868652,25.295640398,24.754701783
0.42873047,25.188610953,24.648352580
0.42877441,25.081738190,24.542172058
0.42881836,24.975024309,24.436162297
0.42886230,24.868471483,24.330325355
0.42890625,24.762081863,24.224663265
0.42895020,24.655857577,24.119178035
0.42899414,24.549800727,24.013871651
0.42903809,24.443913395,23.908746078
0.42908203,24.338197637,23.803803253
0.42912598,24.232655487,23.699045092
0.42916992,24.127288955,23.594473490
0.42921387,24.022100029,23.490090314
0.42925781,23.917090671,23.385897413
0.42930176,23.812262822,23.281896609
0.42934570,23.707618400,23.178089704
0.42938965,23.603159300,23.074478474
0.42943359,23.498887392,22.971064677
0.42947754,23.394804526,22.867850042
0.42952148,23.290912527,22.764836282
0.42956543,23.187213198,22.662025082
0.42960937,23.083708319,22.559418107
0.42965332,22.980399649,22.457017001
0.42969727,22.877288921,22.354823383
0.42974121,22.774377849,22.252838852
0.42978516,22.671668123,22.151064983
0.42982910,22.569161411,22.049503330
0.42987305,22.466859358,21.948155426
0.42991699,22.364763588,21.847022781
0.42996094,22.262875703,21.746106884
0.43000488,22.161197282,21.645409200
0.43004883,22.059729882,21.544931177
0.43009277,21.958475041,21.444674237
0.43013672,21.857434271,21.344639785
0.43018066,21.756609065,21.244829200
0.43022461,21.656000895,21.145243845
0.43026855,21.555611210,21.045885058
0.43031250,21.455441439,20.946754158
0.43035645,21.355492988,20.847852442
0.43040039,21.255767244,20.749181189
0.43044434,21.156265571,20.650741654
0.43048828,21.056989314,20.552535073
0.43053223,20.957939796,20.454562663
0.43057617,20.859118319,20.356825618
0.43062012,20.760526166,20.259325115
0.43066406,20.662164597,20.162062308
0.43070801,20.564034855,20.065038333
0.43075195,20.466138159,19.968254306
0.43079590,20.368475710,19.871711321
0.43083984,20.271048688,19.775410457
0.43088379,20.173858255,19.679352768
0.43092773,20.076905550,19.583539294
0.43097168,19.980191695,19.487971051
0.43101562,19.883717790,19.392649040
0.43105957,19.787484918,19.297574240
0.43110352,19.691494140,19.202747612
0.43114746,19.595746499,19.108170098
0.43119141,19.500243020,19.013842622
0.43123535,19.404984705,18.919766089
0.43127930,19.309972542,18.825941386
0.43132324,19.215207496,18.732369380
0.43136719,19.120690515,18.639050921
0.43141113,19.026422529,18.545986842
0.43145508,18.932404449,18.453177956
0.43149902,18.838637165,18.360625058
0.43154297,18.745121552,18.268328927
0.43158691,18.651858466,18.176290323
0.43163086,18.558848744,18.084509989
0.43167480,18.466093205,17.992988649
0.43171875,18.373592651,17.901727012
0.43176270,18.281347865,17.810725768
0.43180664,18.189359614,17.719985591
0.43185059,18.097628645,17.629507137
0.43189453,18.006155691,17.539291045
0.43193848,17.914941464,17.449337939
0.43198242,17.823986660,17.359648424
0.43202637,17.733291960,17.270223089
0.43207031,17.642858024,17.181062507
0.43211426,17.552685499,17.092167235
0.43215820,17.462775012,17.003537812
0.43220215,17.373127175,16.915174764
0.43224609,17.283742583,16.827078597
0.43229004,17.194621815,16.739249803
0.43233398,17.105765433,16.651688859
0.43237793,17.017173982,16.564396225
0.43242188,16.928847992,16.477372345
0.43246582,16.840787978,16.390617649
0.43250977,16.752994435,16.304132550
0.43255371,16.665467847,16.217917446
0.43259766,16.578208678,16.131972721
0.43264160,16.491217380,16.046298742
0.43268555,16.404494387,15.960895863
0.43272949,16.318040117,15.875764420
0.43277344,16.231854976,15.790904738
0.43281738,16.145939350,15.706317124
0.43286133,16.060293615,15.622001872
0.43290527,15.974918128,15.537959262
0.43294922,15.889813232,15.454189557
0.43299316,15.804979257,15.370693009
0.43303711,15.720416515,15.287469853
0.43308105,15.636125307,15.204520311
0.43312500,15.552105915,15.121844591
0.43316895,15.468358612,15.039442888
0.43321289,15.384883651,14.957315380
0.43325684,15.301681275,14.875462235
0.43330078,15.218751711,14.793883604
0.43334473,15.136095172,14.712579628
0.43338867,15.053711858,14.631550430
0.43343262,14.971601952,14.550796124
0.43347656,14.889765628,14.470316808
0.43352051,14.808203042,14.390112568
0.43356445,14.726914339,14.310183476
0.43360840,14.645899649,14.230529591
0.43365234,14.565159090,14.151150960
0.43369629,14.484692766,14.072047617
0.43374023,14.404500766,13.993219582
0.43378418,14.324583169,13.914666863
0.43382813,14.244940039,13.836389456
0.43387207,14.165571428,13.758387344
0.43391602,14.086477374,13.680660498
0.43395996,14.007657902,13.603208875
0.43400391,13.929113026,13.526032423
0.43404785,13.850842746,13.449131074
0.43409180,13.772847051,13.372504751
0.43413574,13.695125915,13.296153363
0.43417969,13.617679302,13.220076808
0.43422363,13.540507162,13.144274973
0.43426758,13.463609434,13.068747731
0.43431152,13.386986046,12.993494946
0.43435547,13.310636911,12.918516469
0.43439941,13.234561931,12.843812139
0.43444336,13.158760999,12.769381784
0.43448730,13.083233992,12.695225222
0.43453125,13.007980779,12.621342258
0.43457520,12.933001214,12.547732687
0.43461914,12.858295143,12.474396292
0.43466309,12.783862398,12.401332846
0.43470703,12.709702800,12.328542110
0.43475098,12.635816161,12.256023835
0.43479492,12.562202278,12.183777761
0.43483887,12.488860940,12.111803618
0.43488281,12.415791925,12.040101123
0.43492676,12.342994997,11.968669986
0.43497070,12.270469912,11.897509904
0.43501465,12.198216415,11.826620564
0.43505859,12.126234239,11.756001644
0.43510254,12.054523107,11.685652810
0.43514648,11.983082733,11.615573720
0.43519043,11.911912817,11.545764020
0.43523438,11.841013053,11.476223346
0.43527832,11.770383120,11.406951327
0.43532227,11.700022691,11.337947578
0.43536621,11.629931427,11.269211708
0.43541016,11.560108979,11.200743314
0.43545410,11.490554987,11.132541983
0.43549805,11.421269083,11.064607296
0.43554199,11.352250888,10.996938820
0.43558594,11.283500014,10.929536116
0.43562988,11.215016063,10.862398734
0.43567383,11.146798627,10.795526215
0.43571777,11.078847288,10.728918092
0.43576172,11.011161621,10.662573888
0.43580566,10.943741188,10.596493118
0.43584961,10.876585546,10.530675285
0.43589355,10.809694238,10.465119887
0.43593750,10.743066802,10.399826412
0.43598145,10.676702765,10.334794338
0.43602539,10.610601645,10.270023136
0.43606934,10.544762951,10.205512268
0.43611328,10.479186184,10.141261187
0.43615723,10.413870835,10.077269338
0.43620117,10.348816388,10.013536158
0.43624512,10.284022318,9.950061075
0.43628906,10.219488089,9.886843510
0.43633301,10.155213160,9.823882875
0.43637695,10.091196980,9.761178574
0.43642090,10.027438988,9.698730004
0.43646484,9.963938619,9.636536553
0.43650879,9.900695295,9.574597601
0.43655273,9.837708434,9.512912522
0.43659668,9.774977444,9.451480681
0.43664063,9.712501724,9.390301435
0.43668457,9.650280668,9.329374135
0.43672852,9.588313660,9.268698124
0.43677246,9.526600076,9.208272737
0.43681641,9.465139287,9.148097303
0.43686035,9.403930653,9.088171142
0.43690430,9.342973530,9.028493568
0.43694824,9.282267263,8.969063888
0.43699219,9.221811192,8.909881402
0.43703613,9.161604650,8.850945404
0.43708008,9.101646961,8.792255178
0.43712402,9.041937443,8.733810004
0.43716797,8.982475407,8.675609156
0.43721191,8.923260157,8.617651899
0.43725586,8.864290989,8.559937493
0.43729980,8.805567194,8.502465191
0.43734375,8.747088055,8.445234239
0.43738770,8.688852849,8.388243878
0.43743164,8.630860845,8.331493343
0.43747559,8.573111307,8.274981861
0.43751953,8.515603492,8.218708653
0.43756348,8.458336651,8.162672937
0.43760742,8.401310029,8.106873922
0.43765137,8.344522862,8.051310812
0.43769531,8.287974384,7.995982805
0.43773926,8.231663819,7.940889095
0.43778320,8.175590388,7.886028867
0.43782715,8.119753305,7.831401304
0.43787109,8.064151778,7.777005581
0.43791504,8.008785009,7.722840869
0.43795898,7.953652194,7.668906332
0.43800293,7.898752525,7.615201132
0.43804688,7.844085186,7.561724421
0.43809082,7.789649358,7.508475351
0.43813477,7.735444215,7.455453065
0.43817871,7.681468926,7.402656703
0.43822266,7.627722654,7.350085400
0.43826660,7.574204559,7.297738286
0.43831055,7.520913794,7.245614485
0.43835449,7.467849508,7.193713118
0.43839844,7.415010843,7.142033300
0.43844238,7.362396939,7.090574144
0.43848633,7.310006929,7.039334756
0.43853027,7.257839942,6.988314238
0.43857422,7.205895103,6.937511689
0.43861816,7.154171531,6.886926203
0.43866211,7.102668342,6.836556869
0.43870605,7.051384646,6.786402773
0.43875000,7.000319551,6.736462997
0.43879395,6.949472157,6.686736620
0.43883789,6.898841563,6.637222714
0.43888184,6.848426864,6.587920350
0.43892578,6.798227147,6.538828595
0.43896973,6.748241500,6.489946511
0.43901367,6.698469005,6.441273159
0.43905762,6.648908738,6.392807594
0.43910156,6.599559775,6.344548868
0.43914551,6.550421185,6.296496032
0.43918945,6.501492037,6.248648130
0.43923340,6.452771392,6.201004206
0.43927734,6.404258312,6.153563299
0.43932129,6.355951853,6.106324447
0.43936523,6.307851068,6.059286683
0.43940918,6.259955006,6.012449038
0.43945312,6.212262716,5.965810541
0.43949707,6.164773240,5.919370216
0.43954102,6.117485619,5.873127087
0.43958496,6.070398892,5.827080174
0.43962891,6.023512092,5.781228495
0.43967285,5.976824253,5.735571066
0.43971680,5.930334405,5.690106898
0.43976074,5.884041572,5.644835005
0.43980469,5.837944781,5.599754393
0.43984863,5.792043053,5.554864069
0.43989258,5.746335407,5.510163039
0.43993652,5.700820860,5.465650305
0.43998047,5.655498428,5.421324867
0.44002441,5.610367123,5.377185725
0.44006836,5.565425955,5.333231875
0.44011230,5.520673934,5.289462314
0.44015625,5.476110065,5.245876035
0.44020020,5.431733354,5.202472031
0.44024414,5.387542803,5.159249292
0.44028809,5.343537414,5.116206810
0.44033203,5.299716186,5.073343572
0.44037598,5.256078118,5.030658565
0.44041992,5.212622205,4.988150775
0.44046387,5.169347442,4.945819189
0.44050781,5.126252825,4.903662789
0.44055176,5.083337344,4.861680559
0.44059570,5.040599992,4.819871482
0.44063965,4.998039758,4.778234539
0.44068359,4.955655632,4.736768712
0.44072754,4.913446601,4.695472980
0.44077148,4.871411653,4.654346323
0.44081543,4.829549774,4.613387721
0.44085937,4.787859950,4.572596154
0.44090332,4.746341166,4.531970599
0.44094727,4.704992406,4.491510035
0.44099121,4.663812654,4.451213441
0.44103516,4.622800893,4.411079795
0.44107910,4.581956107,4.371108075
0.44112305,4.541277278,4.331297259
0.44116699,4.500763388,4.291646326
0.44121094,4.460413419,4.252154255
0.44125488,4.420226355,4.212820024
0.44129883,4.380201177,4.173642613
0.44134277,4.340336867,4.134621001
0.44138672,4.300632407,4.095754169
0.44143066,4.261086781,4.057041098
0.44147461,4.221698971,4.018480768
0.44151855,4.182467959,3.980072162
0.44156250,4.143392731,3.941814262
0.44160645,4.104472269,3.903706054
0.44165039,4.065705558,3.865746520
0.44169434,4.027091585,3.827934647
0.44173828,3.988629333,3.790269422
0.44178223,3.950317791,3.752749832
0.44182617,3.912155945,3.715374866
0.44187012,3.874142785,3.678143515
0.44191406,3.836277300,3.641054770
0.44195801,3.798558479,3.604107625
0.44200195,3.760985316,3.567301073
0.44204590,3.723556801,3.530634111
0.44208984,3.686271931,3.494105737
0.44213379,3.649129699,3.457714949
0.44217773,3.612129104,3.421460750
0.44222168,3.575269142,3.385342142
0.44226562,3.538548814,3.349358129
0.44230957,3.501967121,3.313507718
0.44235352,3.465523066,3.277789919
0.44239746,3.429215654,3.242203742
0.44244141,3.393043892,3.206748199
0.44248535,3.357006788,3.171422307
0.44252930,3.321103352,3.136225082
0.44257324,3.285332596,3.101155545
0.44261719,3.249693536,3.066212717
0.44266113,3.214185187,3.031395623
0.44270508,3.178806569,2.996703290
0.44274902,3.143556702,2.962134749
0.44279297,3.108434610,2.927689031
0.44283691,3.073439318,2.893365172
0.44288086,3.038569856,2.859162210
0.44292480,3.003825252,2.825079185
0.44296875,2.969204541,2.791115141
0.44301270,2.934706759,2.757269125
0.44305664,2.900330944,2.723540187
0.44310059,2.866076137,2.689927379
0.44314453,2.831941384,2.656429757
0.44318848,2.797925730,2.623046380
0.44323242,2.764028226,2.589776311
0.44327637,2.730247925,2.556618615
0.44332031,2.696583883,2.523572362
0.44336426,2.663035160,2.490636624
0.44340820,2.629600817,2.457810477
0.44345215,2.596279921,2.425093001
0.44349609,2.563071541,2.392483279
0.44354004,2.529974748,2.359980398
0.44358398,2.496988619,2.327583448
0.44362793,2.464112233,2.295291523
0.44367187,2.431344673,2.263103723
0.44371582,2.398685025,2.231019149
0.44375977,2.366132380,2.199036907
0.44380371,2.333685830,2.167156107
0.44384766,2.301344474,2.135375864
0.44389160,2.269107412,2.103695296
0.44393555,2.236973751,2.072113524
0.44397949,2.204942599,2.040629676
0.44402344,2.173013070,2.009242882
0.44406738,2.141184279,1.977952278
0.44411133,2.109455350,1.946757003
0.44415527,2.077825406,1.915656201
0.44419922,2.046293578,1.884649020
0.44424316,2.014858999,1.853734614
0.44428711,1.983520808,1.822912139
0.44433105,1.952278146,1.792180758
0.44437500,1.921130162,1.761539638
0.44441895,1.890076004,1.730987950
0.44446289,1.859114831,1.700524870
0.44450684,1.828245801,1.670149579
0.44455078,1.797468080,1.639861263
0.44459473,1.766780838,1.609659112
0.44463867,1.736183247,1.579542323
0.44468262,1.705674488,1.549510096
0.44472656,1.675253743,1.519561636
0.44477051,1.644920202,1.489696155
0.44481445,1.614673057,1.459912867
0.44485840,1.584511508,1.430210994
0.44490234,1.554434756,1.400589763
0.44494629,1.524442010,1.371048403
0.44499023,1.494532484,1.341586153
0.44503418,1.464705396,1.312202253
0.44507812,1.434959968,1.282895951
0.44512207,1.405295431,1.253666501
0.44516602,1.375711016,1.224513159
0.44520996,1.346205964,1.195435189
0.44525391,1.316779519,1.166431861
0.44529785,1.287430930,1.137502449
0.44534180,1.258159452,1.108646233
0.44538574,1.228964346,1.079862499
0.44542969,1.199844877,1.051150538
0.44547363,1.170800317,1.022509648
0.44551758,1.141829943,0.993939131
0.44556152,1.112933036,0.965438295
0.44560547,1.084108885,0.937006456
0.44564941,1.055356784,0.908642932
0.44569336,1.026676030,0.880347051
0.44573730,0.998065930,0.852118143
0.44578125,0.969525794,0.823955548
0.44582520,0.941054938,0.795858607
0.44586914,0.912652684,0.767826672
0.44591309,0.884318361,0.739859097
0.44595703,0.856051301,0.711955244
0.44600098,0.827850845,0.684114481
0.44604492,0.799716338,0.656336181
0.44608887,0.771647131,0.628619725
0.44613281,0.743642582,0.600964499
0.44617676,0.715702055,0.573369894
0.44622070,0.687824919,0.545835309
0.44626465,0.660010549,0.518360149
0.44630859,0.632258327,0.490943824
0.44635254,0.604567640,0.463585750
0.44639648,0.576937883,0.436285353
0.44644043,0.549368454,0.409042060
0.44648437,0.521858762,0.381855308
0.44652832,0.494408216,0.354724539
0.44657227,0.467016237,0.327649202
0.44661621,0.439682249,0.300628752
0.44666016,0.412405683,0.273662649
0.44670410,0.385185975,0.246750362
0.44674805,0.358022571,0.219891364
0.44679199,0.330914919,0.193085138
0.44683594,0.303862476,0.166331168
0.44687988,0.276864705,0.139628950
0.44692383,0.249921075,0.112977982
0.44696777,0.223031060,0.086377773
0.44701172,0.196194144,0.059827834
0.44705566,0.169409813,0.033327686
0.44709961,0.142677564,0.006876854
0.44714355,0.115996897,-0.019525128
0.44718750,0.089367319,-0.045878721
0.44723145,0.062788345,-0.072184380
0.44727539,0.036259496,-0.098442552
0.44731934,0.009780299,-0.124653677
0.44736328,-0.016649712,-0.150818190
0.44740723,-0.043030998,-0.176936518
0.44745117,-0.069364011,-0.203009083
0.44749512,-0.095649198,-0.229036299
0.44753906,-0.121886999,-0.255018573
0.44758301,-0.148077846,-0.280956306
0.44762695,-0.174222168,-0.306849892
0.44767090,-0.200320384,-0.332699720
0.44771484,-0.226372908,-0.358506171
0.44775879,-0.252380146,-0.384269617
0.44780273,-0.278342500,-0.409990428
0.44784668,-0.304260362,-0.435668963
0.44789062,-0.330134119,-0.461305578
0.44793457,-0.355964153,-0.486900619
0.44797852,-0.381750836,-0.512454427
0.44802246,-0.407494536,-0.537967337
0.44806641,-0.433195613,-0.563439675
0.44811035,-0.458854421,-0.588871763
0.44815430,-0.484471306,-0.614263913
0.44819824,-0.510046610,-0.639616435
0.44824219,-0.535580665,-0.664929627
0.44828613,-0.561073800,-0.690203784
0.44833008,-0.586526333,-0.715439193
0.44837402,-0.611938579,-0.740636134
0.44841797,-0.637310844,-0.765794880
0.44846191,-0.662643430,-0.790915700
0.44850586,-0.687936629,-0.815998854
0.44854980,-0.713190728,-0.841044594
0.44859375,-0.738406008,-0.866053167
0.44863770,-0.763582742,-0.891024815
0.44868164,-0.788721198,-0.915959771
0.44872559,-0.813821634,-0.940858261
0.44876953,-0.838884306,-0.965720506
0.44881348,-0.863909459,-0.990546720
0.44885742,-0.888897335,-1.015337109
0.44890137,-0.913848166,-1.040091874
0.44894531,-0.938762180,-1.064811208
0.44898926,-0.963639597,-1.089495300
0.44903320,-0.988480632,-1.114144328
0.44907715,-1.013285490,-1.138758468
0.44912109,-1.038054372,-1.163337886
0.44916504,-1.062787473,-1.187882743
0.44920898,-1.087484980,-1.212393194
0.44925293,-1.112147074,-1.236869386
0.44929687,-1.136773928,-1.261311460
0.44934082,-1.161365711,-1.285719551
0.44938477,-1.185922583,-1.310093787
0.44942871,-1.210444700,-1.334434289
0.44947266,-1.234932208,-1.358741174
0.44951660,-1.259385251,-1.383014548
0.44956055,-1.283803962,-1.407254515
0.44960449,-1.308188470,-1.431461171
0.44964844,-1.332538898,-1.455634604
0.44969238,-1.356855361,-1.479774898
0.44973633,-1.381137969,-1.503882130
0.44978027,-1.405386823,-1.527956369
0.44982422,-1.429602021,-1.551997680
0.44986816,-1.453783653,-1.576006120
0.44991211,-1.477931801,-1.599981740
0.44995605,-1.502046544,-1.623924585
0.45000000,-1.526127953,-1.647834695
