t_s,H_m,H_boundary_m
0.00000000,23.033796695,23.033428949
0.00005493,23.033796695,23.033500710
0.00010986,23.033868455,23.033573012
0.00016479,23.033940755,23.033645859
0.00021973,23.034013603,23.033719257
0.00027466,23.034087000,23.033793213
0.00032959,23.034160955,23.033867731
0.00038452,23.034235472,23.033942817
0.00043945,23.034310559,23.034018478
0.00049438,23.034386218,23.034094718
0.00054932,23.034462458,23.034171545
0.00060425,23.034539284,23.034248963
0.00065918,23.034616702,23.034326979
0.00071411,23.034694717,23.034405600
0.00076904,23.034773338,23.034484831
0.00082397,23.034852567,23.034564679
0.00087891,23.034932415,23.034645150
0.00093384,23.035012885,23.034726251
0.00098877,23.035093986,23.034807988
0.00104370,23.035175722,23.034890368
0.00109863,23.035258102,23.034973398
0.00115356,23.035341130,23.035057085
0.00120850,23.035424817,23.035141435
0.00126343,23.035509165,23.035226455
0.00131836,23.035594186,23.035312154
0.00137329,23.035679883,23.035398537
0.00142822,23.035766266,23.035485612
0.00148315,23.035853340,23.035573387
0.00153809,23.035941115,23.035661869
0.00159302,23.036029595,23.035751066
0.00164795,23.036118792,23.035840985
0.00170288,23.036208710,23.035931635
0.00175781,23.036299360,23.036023023
0.00181274,23.036390746,23.036115157
0.00186768,23.036482880,23.036208046
0.00192261,23.036575767,23.036301697
0.00197754,23.036669418,23.036396119
0.00203247,23.036763839,23.036491321
0.00208740,23.036859041,23.036587311
0.00214233,23.036955029,23.036684098
0.00219727,23.037051816,23.036781690
0.00225220,23.037149407,23.036880097
0.00230713,23.037247814,23.036979328
0.00236206,23.037347043,23.037079392
0.00241699,23.037447107,23.037180298
0.00247192,23.037548011,23.037282056
0.00252686,23.037649769,23.037384675
0.00258179,23.037752387,23.037488165
0.00263672,23.037855877,23.037592537
0.00269165,23.037960247,23.037697799
0.00274658,23.038065509,23.037803963
0.00280151,23.038171671,23.037911038
0.00285645,23.038278746,23.038019035
0.00291138,23.038386742,23.038127965
0.00296631,23.038495671,23.038237839
0.00302124,23.038605543,23.038348666
0.00307617,23.038716370,23.038460459
0.00313110,23.038828162,23.038573228
0.00318604,23.038940931,23.038686986
0.00324097,23.039054687,23.038801743
0.00329590,23.039169443,23.038917511
0.00335083,23.039285210,23.039034303
0.00340576,23.039402002,23.039152130
0.00346069,23.039519827,23.039271005
0.00351563,23.039638701,23.039390940
0.00357056,23.039758634,23.039511947
0.00362549,23.039879641,23.039634040
0.00368042,23.040001733,23.039757231
0.00373535,23.040124924,23.039881535
0.00379028,23.040249225,23.040006963
0.00384521,23.040374653,23.040133530
0.00390015,23.040501219,23.040261250
0.00395508,23.040628938,23.040390137
0.00401001,23.040757823,23.040520204
0.00406494,23.040887890,23.040651467
0.00411987,23.041019151,23.040783940
0.00417480,23.041151623,23.040917637
0.00422974,23.041285319,23.041052575
0.00428467,23.041420257,23.041188769
0.00433960,23.041556448,23.041326233
0.00439453,23.041693912,23.041464984
0.00444946,23.041832662,23.041605039
0.00450439,23.041972716,23.041746413
0.00455933,23.042114088,23.041889123
0.00461426,23.042256797,23.042033186
0.00466919,23.042400858,23.042178619
0.00472412,23.042546291,23.042325440
0.00477905,23.042693109,23.042473665
0.00483398,23.042841335,23.042623314
0.00488892,23.042990982,23.042774405
0.00494385,23.043142072,23.042926955
0.00499878,23.043294620,23.043080985
0.00505371,23.043448649,23.043236512
0.00510864,23.043604174,23.043393557
0.00516357,23.043761219,23.043552139
0.00521851,23.043919799,23.043712279
0.00527344,23.044079938,23.043873997
0.00532837,23.044241654,23.044037314
0.00538330,23.044404970,23.044202250
0.00543823,23.044569904,23.044368828
0.00549316,23.044736481,23.044537068
0.00554810,23.044904720,23.044706995
0.00560303,23.045074645,23.044878629
0.00565796,23.045246277,23.045051994
0.00571289,23.045419642,23.045227114
0.00576782,23.045594759,23.045404011
0.00582275,23.045771656,23.045582711
0.00587769,23.045950353,23.045763237
0.00593262,23.046130879,23.045945615
0.00598755,23.046313255,23.046129870
0.00604248,23.046497509,23.046316028
0.00609741,23.046683665,23.046504115
0.00615234,23.046871751,23.046694159
0.00620728,23.047061792,23.046886185
0.00626221,23.047253817,23.047080222
0.00631714,23.047447852,23.047276298
0.00637207,23.047643927,23.047474442
0.00642700,23.047842068,23.047674682
0.00648193,23.048042308,23.047877049
0.00653687,23.048244672,23.048081573
0.00659180,23.048449195,23.048288284
0.00664673,23.048655904,23.048497214
0.00670166,23.048864832,23.048708394
0.00675659,23.049076010,23.048921857
0.00681152,23.049289472,23.049137637
0.00686646,23.049505249,23.049355765
0.00692139,23.049723377,23.049576278
0.00697632,23.049943887,23.049799210
0.00703125,23.050166817,23.050024595
0.00708618,23.050392200,23.050252471
0.00714111,23.050620075,23.050482874
0.00719604,23.050850475,23.050715841
0.00725098,23.051083441,23.050951412
0.00730591,23.051319009,23.051189623
0.00736084,23.051557219,23.051430517
0.00741577,23.051798110,23.051674132
0.00747070,23.052041723,23.051920509
0.00752563,23.052288098,23.052169692
0.00758057,23.052537279,23.052421721
0.00763550,23.052789306,23.052676642
0.00769043,23.053044225,23.052934498
0.00774536,23.053302079,23.053195335
0.00780029,23.053562914,23.053459198
0.00785522,23.053826774,23.053726135
0.00791016,23.054093709,23.053996193
0.00796509,23.054363765,23.054269422
0.00802002,23.054636992,23.054545870
0.00807495,23.054913437,23.054825590
0.00812988,23.055193155,23.055108632
0.00818481,23.055476194,23.055395050
0.00823975,23.055762610,23.055684897
0.00829468,23.056052454,23.055978228
0.00834961,23.056345784,23.056275100
0.00840454,23.056642652,23.056575569
0.00845947,23.056943119,23.056879694
0.00851440,23.057247241,23.057187534
0.00856934,23.057555079,23.057499150
0.00862427,23.057866692,23.057814604
0.00867920,23.058182144,23.058133960
0.00873413,23.058501497,23.058457281
0.00878906,23.058824816,23.058784634
0.00884399,23.059152165,23.059116086
0.00889893,23.059483615,23.059451706
0.00895386,23.059819231,23.059791563
0.00900879,23.060159086,23.060135730
0.00906372,23.060503250,23.060484279
0.00911865,23.060851797,23.060837286
0.00917358,23.061204799,23.061194825
0.00922852,23.061562337,23.061556977
0.00928345,23.061924485,23.061923819
0.00933838,23.062291324,23.062295433
0.00939331,23.062662935,23.062671903
0.00944824,23.063039402,23.063053313
0.00950317,23.063420808,23.063439750
0.00955811,23.063807243,23.063831303
0.00961304,23.064198792,23.064228062
0.00966797,23.064595548,23.064630120
0.00972290,23.064997602,23.065037571
0.00977783,23.065405051,23.065450513
0.00983276,23.065817989,23.065869045
0.00988770,23.066236517,23.066293267
0.00994263,23.066660735,23.066723284
0.00999756,23.067090749,23.067159201
0.01005249,23.067526662,23.067601127
0.01010742,23.067968584,23.068049172
0.01016235,23.068416625,23.068503450
0.01021729,23.068870900,23.068964077
0.01027222,23.069331522,23.069431172
0.01032715,23.069798614,23.069904856
0.01038208,23.070272293,23.070385253
0.01043701,23.070752687,23.070872492
0.01049194,23.071239921,23.071366702
0.01054688,23.071734128,23.071868018
0.01060181,23.072235439,23.072376575
0.01065674,23.072743992,23.072892514
0.01071167,23.073259926,23.073415978
0.01076660,23.073783387,23.073947114
0.01082153,23.074314518,23.074486074
0.01087646,23.074853473,23.075033010
0.01093140,23.075400404,23.075588081
0.01098633,23.075955471,23.076151449
0.01104126,23.076518834,23.076723280
0.01109619,23.077090661,23.077303745
0.01115112,23.077671120,23.077893017
0.01120605,23.078260388,23.078491276
0.01126099,23.078858641,23.079098705
0.01131592,23.079466066,23.079715493
0.01137085,23.080082848,23.080341832
0.01142578,23.080709182,23.080977920
0.01148071,23.081345265,23.081623962
0.01153564,23.081991301,23.082280164
0.01159058,23.082647498,23.082946742
0.01164551,23.083314071,23.083623915
0.01170044,23.083991237,23.084311908
0.01175537,23.084679225,23.085010954
0.01181030,23.085378264,23.085721288
0.01186523,23.086088594,23.086443157
0.01192017,23.086810456,23.087176811
0.01197510,23.087544104,23.087922506
0.01203003,23.088289792,23.088680509
0.01208496,23.089047789,23.089451091
0.01213989,23.089818364,23.090234532
0.01219482,23.090601799,23.091031118
0.01224976,23.091398378,23.091841146
0.01230469,23.092208400,23.092664919
0.01235962,23.093032165,23.093502750
0.01241455,23.093869989,23.094354959
0.01246948,23.094722191,23.095221879
0.01252441,23.095589104,23.096103847
0.01257935,23.096471064,23.097001215
0.01263428,23.097368426,23.097914343
0.01268921,23.098281545,23.098843601
0.01274414,23.099210796,23.099789371
0.01279907,23.100156558,23.100752047
0.01285400,23.101119226,23.101732032
0.01290894,23.102099202,23.102729744
0.01296387,23.103096906,23.103745613
0.01301880,23.104112766,23.104780080
0.01307373,23.105147225,23.105833603
0.01312866,23.106200739,23.106906652
0.01318359,23.107273779,23.107999711
0.01323853,23.108366828,23.109113280
0.01329346,23.109480388,23.110247875
0.01334839,23.110614974,23.111404028
0.01340332,23.111771118,23.112582288
0.01345825,23.112949367,23.113783221
0.01351318,23.114150291,23.115007412
0.01356812,23.115374471,23.116255464
0.01362305,23.116622513,23.117528001
0.01367798,23.117895038,23.118825666
0.01373291,23.119192693,23.120149124
0.01378784,23.120516139,23.121499062
0.01384277,23.121866067,23.122876190
0.01389771,23.123243183,23.124281243
0.01395264,23.124648224,23.125714979
0.01400757,23.126081948,23.127178182
0.01406250,23.127545139,23.128671665
0.01411743,23.129038609,23.130196267
0.01417236,23.130563199,23.131752858
0.01422729,23.132119776,23.133342337
0.01428223,23.133709242,23.134965635
0.01433716,23.135332526,23.136623717
0.01439209,23.136990595,23.138317582
0.01444702,23.138684445,23.140048265
0.01450195,23.140415114,23.141816839
0.01455688,23.142183673,23.143624416
0.01461182,23.143991236,23.145472149
0.01466675,23.145838953,23.147361235
0.01472168,23.147728023,23.149292913
0.01477661,23.149659684,23.151268472
0.01483154,23.151635227,23.153289247
0.01488647,23.153655985,23.155356626
0.01494141,23.155723347,23.157472051
0.01499634,23.157838754,23.159637018
0.01505127,23.160003703,23.161853083
0.01510620,23.162219749,23.164121864
0.01516113,23.164488512,23.166445041
0.01521606,23.166811669,23.168824364
0.01527100,23.169190973,23.171261653
0.01532593,23.171628240,23.173758800
0.01538086,23.174125368,23.176317778
0.01543579,23.176684324,23.178940640
0.01549072,23.179307164,23.181629524
0.01554565,23.181996025,23.184386660
0.01560059,23.184753139,23.187214371
0.01565552,23.187580825,23.190115080
0.01571045,23.190481511,23.193091314
0.01576538,23.193457720,23.196145712
0.01582031,23.196512093,23.199281027
0.01587524,23.199647380,23.202500133
0.01593018,23.202866461,23.205806036
0.01598511,23.206172335,23.209201874
0.01604004,23.209568145,23.212690929
0.01609497,23.213057171,23.216276635
0.01614990,23.216642848,23.219962583
0.01620483,23.220328764,23.223752533
0.01625977,23.224118683,23.227650421
0.01631470,23.228016539,23.231660373
0.01636963,23.232026458,23.235786711
0.01642456,23.236152761,23.240033968
0.01647949,23.240399982,23.244406897
0.01653442,23.244772875,23.248910488
0.01658936,23.249276429,23.253549981
0.01664429,23.253915883,23.258330878
0.01669922,23.258696741,23.263258963
0.01675415,23.263624784,23.268340316
0.01680908,23.268706096,23.273581335
0.01686401,23.273947070,23.278988752
0.01691895,23.279354442,23.284569657
0.01697388,23.284935301,23.290331520
0.01702881,23.290697117,23.296282217
0.01708374,23.296647763,23.302430052
0.01713867,23.302795548,23.308783792
0.01719360,23.309149235,23.315352693
0.01724854,23.315718082,23.322146533
0.01730347,23.322511866,23.329175653
0.01735840,23.329540927,23.336450987
0.01741333,23.336816201,23.343984114
0.01746826,23.344349266,23.351787293
0.01752319,23.352152380,23.359873521
0.01757812,23.360238541,23.368256578
0.01763306,23.368621528,23.376951091
0.01768799,23.377315970,23.385972593
0.01774292,23.386337397,23.395337593
0.01779785,23.395702320,23.405063646
0.01785278,23.405428293,23.415169439
0.01790771,23.415534003,23.425674874
0.01796265,23.426039350,23.436601166
0.01801758,23.436965553,23.447970948
0.01807251,23.448335241,23.459808383
0.01812744,23.460172579,23.472139292
0.01818237,23.472503386,23.484991288
0.01823730,23.485355277,23.498393931
0.01829224,23.498757809,23.512378888
0.01834717,23.512742651,23.526980117
0.01840210,23.527343760,23.542234070
0.01845703,23.542597588,23.558179909
0.01851196,23.558543297,23.574859754
0.01856689,23.575223005,23.592318948
0.01862183,23.592682055,23.610606357
0.01867676,23.610969316,23.629774704
0.01873169,23.630137505,23.649880929
0.01878662,23.650243567,23.670986602
0.01884155,23.671349067,23.693158376
0.01889648,23.693520660,23.716468489
0.01895142,23.716830583,23.740995336
0.01900635,23.741357231,23.766824095
0.01906128,23.767185780,23.794047441
0.01911621,23.794408905,23.822766334
0.01917114,23.823127564,23.853090919
0.01922607,23.853451904,23.885141529
0.01928101,23.885502254,23.919049821
0.01933594,23.919410272,23.954960060
0.01939087,23.955320221,23.993030574
0.01944580,23.993390428,24.033435399
0.01950073,24.033794927,24.076366160
0.01955566,24.076725344,24.122034207
0.01961060,24.122393024,24.170673054
0.01966553,24.171031482,24.222541172
0.01972046,24.222899185,24.277925194
0.01977539,24.278282766,24.337143597
0.01983032,24.337500696,24.400550941
0.01988525,24.400907536,24.468542771
0.01994019,24.468898827,24.541561291
0.01999512,24.541916770,24.620101945
0.02005005,24.620456803,24.704721075
0.02010498,24.705075268,24.796044862
0.02015991,24.796398338,24.894779769
0.02021484,24.895132473,25.001724798
0.02026978,25.002076668,25.117785894
0.02032471,25.118136863,25.243992927
0.02037964,25.244342919,25.381519759
0.02043457,25.381868692,25.531708026
0.02048950,25.532055806,25.696095390
0.02054443,25.696441916,25.876449186
0.02059937,25.876794341,26.074806587
0.02065430,26.075150245,26.293522667
0.02070923,26.293864684,26.535328017
0.02076416,26.535668232,26.803397950
0.02081909,26.803736181,27.101435733
0.02087402,27.101771779,27.433772810
0.02092896,27.434106440,27.805489516
0.02098389,27.805820472,28.222560458
0.02103882,28.222888445,28.692029400
0.02109375,28.692354088,29.222219172
0.02114868,29.222540186,29.822982719
0.02120361,29.823299637,30.506001705
0.02125854,30.506314048,31.285138994
0.02131348,31.285446225,32.176850310
0.02136841,32.177151825,33.200658130
0.02142334,33.200953260,34.379686675
0.02147827,34.379974681,35.741250041
0.02153320,35.741530123,37.317475516
0.02158813,37.317746823,39.145930524
0.02164307,39.146192182,41.270205035
0.02169800,41.270456188,43.740383330
0.02175293,43.740623219,46.613323523
0.02180786,46.613551585,49.952655441
0.02186279,49.952871481,53.828414196
0.02191772,53.828618604,58.316253078
0.02197266,58.316447144,63.496226795
0.02202759,63.496413112,66.358560938
0.02208252,66.358743935,66.358926932
0.02213745,66.359111643,66.359296355
0.02219238,66.359479352,66.359662349
0.02224731,66.359847060,66.360031772
0.02230225,66.360214769,66.360397766
0.02235718,66.360582478,66.360767189
0.02241211,66.360950186,66.361133183
0.02246704,66.361317895,66.361502606
0.02252197,66.361685603,66.361868600
0.02257690,66.362053312,66.362238023
0.02263184,66.362421020,66.362604017
0.02268677,66.362788729,66.362973441
0.02274170,66.363156437,66.363339434
0.02279663,66.363524146,66.363708858
0.02285156,66.363891855,66.364074852
0.02290649,66.364259563,66.364444275
0.02296143,66.364627272,66.364810269
0.02301636,66.364994980,66.365179692
0.02307129,66.365362689,66.365545686
0.02312622,66.365730397,66.365915109
0.02318115,66.366098106,66.366281103
0.02323608,66.366465815,66.366650526
0.02329102,66.366833523,66.367016520
0.02334595,66.367201232,66.367385943
0.02340088,66.367568940,66.367751937
0.02345581,66.367936649,66.368121360
0.02351074,66.368304357,66.368487354
0.02356567,66.368672066,66.368856777
0.02362061,66.369039774,66.369222772
0.02367554,66.369407483,66.369592195
0.02373047,66.369775192,66.369958189
0.02378540,66.370142900,66.370327612
0.02384033,66.370510609,66.370693606
0.02389526,66.370878317,66.371063029
0.02395020,66.371246026,66.371429023
0.02400513,66.371613734,66.371798446
0.02406006,66.371981443,66.372164440
0.02411499,66.372349151,66.372533863
0.02416992,66.372716860,66.372899857
0.02422485,66.373084569,66.373269280
0.02427979,66.373452277,66.373635274
0.02433472,66.373819986,66.374004697
0.02438965,66.374187694,66.374370691
0.02444458,66.374555403,66.374740114
0.02449951,66.374923111,66.375106108
0.02455444,66.375290820,66.375475531
0.02460937,66.375658528,66.375841526
0.02466431,66.376026237,66.376210948
0.02471924,66.376393946,66.376576943
0.02477417,66.376761654,66.376946366
0.02482910,66.377129363,66.377312360
0.02488403,66.377497071,66.377681783
0.02493896,66.377864780,66.378047777
0.02499390,66.378232488,66.378417200
0.02504883,66.378600197,66.378783194
0.02510376,66.378967905,66.379152617
0.02515869,66.379335614,66.379518611
0.02521362,66.379703323,66.379888034
0.02526855,66.380071031,66.380254028
0.02532349,66.380438740,66.380623451
0.02537842,66.380806448,66.380989445
0.02543335,66.381174157,66.381358868
0.02548828,66.381541865,66.381724862
0.02554321,66.381909574,66.382094285
0.02559814,66.382277282,66.382460280
0.02565308,66.382644991,66.382829702
0.02570801,66.383012699,66.383195697
0.02576294,66.383380408,66.383565119
0.02581787,66.383748117,66.383931114
0.02587280,66.384115825,66.384300536
0.02592773,66.384483534,66.384666531
0.02598267,66.384851242,66.385035954
0.02603760,66.385218951,66.385401948
0.02609253,66.385586659,66.385771371
0.02614746,66.385954368,66.386137365
0.02620239,66.386322076,66.386506788
0.02625732,66.386689785,66.386872782
0.02631226,66.387057493,66.387242205
0.02636719,66.387425202,66.387608199
0.02642212,66.387792910,66.387977622
0.02647705,66.388160619,66.388343616
0.02653198,66.388528328,66.388713039
0.02658691,66.388896036,66.389079033
0.02664185,66.389263745,66.389448456
0.02669678,66.389631453,66.389814450
0.02675171,66.389999162,66.390183873
0.02680664,66.390366870,66.390549867
0.02686157,66.390734579,66.390919290
0.02691650,66.391102287,66.391285284
0.02697144,66.391469996,66.391654707
0.02702637,66.391837704,66.392020702
0.02708130,66.392205413,66.392390124
0.02713623,66.392573121,66.392756119
0.02719116,66.392940830,66.393125541
0.02724609,66.393308538,66.393491536
0.02730103,66.393676247,66.393860958
0.02735596,66.394043955,66.394226953
0.02741089,66.394411664,66.394596375
0.02746582,66.394779372,66.394962370
0.02752075,66.395147081,66.395331792
0.02757568,66.395514789,66.395697787
0.02763062,66.395882498,66.396067209
0.02768555,66.396250207,66.396433204
0.02774048,66.396617915,66.396802626
0.02779541,66.396985624,66.397168621
0.02785034,66.397353332,66.397538043
0.02790527,66.397721041,66.397904038
0.02796021,66.398088749,66.398273460
0.02801514,66.398456458,66.398639455
0.02807007,66.398824166,66.399008877
0.02812500,66.399191875,66.399374872
0.02817993,66.399559583,66.399744294
0.02823486,66.399927292,66.400110289
0.02828979,66.400295000,66.400479711
0.02834473,66.400662709,66.400845706
0.02839966,66.401030417,66.401215128
0.02845459,66.401398126,66.401581123
0.02850952,66.401765834,66.401950545
0.02856445,66.402133543,66.402316540
0.02861938,66.402501251,66.402685962
0.02867432,66.402868959,66.403051957
0.02872925,66.403236668,66.403421379
0.02878418,66.403604376,66.403787374
0.02883911,66.403972085,66.404156796
0.02889404,66.404339793,66.404522791
0.02894897,66.404707502,66.404892213
0.02900391,66.405075210,66.405258208
0.02905884,66.405442919,66.405627630
0.02911377,66.405810627,66.405993625
0.02916870,66.406178336,66.406363047
0.02922363,66.406546044,66.406729042
0.02927856,66.406913753,66.407098464
0.02933350,66.407281461,66.407464459
0.02938843,66.407649170,66.407833881
0.02944336,66.408016878,66.408199876
0.02949829,66.408384587,66.408569298
0.02955322,66.408752295,66.408935292
0.02960815,66.409120004,66.409304715
0.02966309,66.409487712,66.409670709
0.02971802,66.409855420,66.410040132
0.02977295,66.410223129,66.410406126
0.02982788,66.410590837,66.410775548
0.02988281,66.410958546,66.411141543
0.02993774,66.411326254,66.411510965
0.02999268,66.411693963,66.411876960
0.03004761,66.412061671,66.412246382
0.03010254,66.412429380,66.412612377
0.03015747,66.412797088,66.412981799
0.03021240,66.413164797,66.413347794
0.03026733,66.413532505,66.413717216
0.03032227,66.413900213,66.414083211
0.03037720,66.414267922,66.414452633
0.03043213,66.414635630,66.414818628
0.03048706,66.415003339,66.415188050
0.03054199,66.415371047,66.415554045
0.03059692,66.415738756,66.415923467
0.03065186,66.416106464,66.416289461
0.03070679,66.416474172,66.416658883
0.03076172,66.416841881,66.417024878
0.03081665,66.417209589,66.417394300
0.03087158,66.417577298,66.417760295
0.03092651,66.417945006,66.418129717
0.03098145,66.418312715,66.418495712
0.03103638,66.418680423,66.418865134
0.03109131,66.419048131,66.419231129
0.03114624,66.419415840,66.419600551
0.03120117,66.419783548,66.419966546
0.03125610,66.420151257,66.420335968
0.03131104,66.420518965,66.420701962
0.03136597,66.420886673,66.421071384
0.03142090,66.421254382,66.421437379
0.03147583,66.421622090,66.421806801
0.03153076,66.421989799,66.422172796
0.03158569,66.422357507,66.422542218
0.03164062,66.422725215,66.422908213
0.03169556,66.423092924,66.423277635
0.03175049,66.423460632,66.423643630
0.03180542,66.423828341,66.424013052
0.03186035,66.424196049,66.424379046
0.03191528,66.424563757,66.424748468
0.03197021,66.424931466,66.425114463
0.03202515,66.425299174,66.425483885
0.03208008,66.425666883,66.425849880
0.03213501,66.426034591,66.426219302
0.03218994,66.426402299,66.426585297
0.03224487,66.426770008,66.426954718
0.03229980,66.427137716,66.427320713
0.03235474,66.427505424,66.427690135
0.03240967,66.427873133,66.428056130
0.03246460,66.428240841,66.428425552
0.03251953,66.428608549,66.428791547
0.03257446,66.428976258,66.429160969
0.03262939,66.429343966,66.429526964
0.03268433,66.429711674,66.429896385
0.03273926,66.430079383,66.430262380
0.03279419,66.430447091,66.430631802
0.03284912,66.430814800,66.430997797
0.03290405,66.431182508,66.431367219
0.03295898,66.431550216,66.431733214
0.03301392,66.431917925,66.432102635
0.03306885,66.432285633,66.432468630
0.03312378,66.432653341,66.432838052
0.03317871,66.433021050,66.433204047
0.03323364,66.433388758,66.433573469
0.03328857,66.433756466,66.433939464
0.03334351,66.434124175,66.434308885
0.03339844,66.434491883,66.434674880
0.03345337,66.434859591,66.435044302
0.03350830,66.435227299,66.435410297
0.03356323,66.435595008,66.435779719
0.03361816,66.435962716,66.436145714
0.03367310,66.436330424,66.436515135
0.03372803,66.436698133,66.436881130
0.03378296,66.437065841,66.437250552
0.03383789,66.437433549,66.437616547
0.03389282,66.437801258,66.437985968
0.03394775,66.438168966,66.438351963
0.03400269,66.438536674,66.438721385
0.03405762,66.438904382,66.439087380
0.03411255,66.439272091,66.439456801
0.03416748,66.439639799,66.439822797
0.03422241,66.440007507,66.440192218
0.03427734,66.440375216,66.440558213
0.03433228,66.440742924,66.440927635
0.03438721,66.441110632,66.441293630
0.03444214,66.441478340,66.441663051
0.03449707,66.441846049,66.442029046
0.03455200,66.442213757,66.442398468
0.03460693,66.442581465,66.442764463
0.03466187,66.442949173,66.443133884
0.03471680,66.443316882,66.443499879
0.03477173,66.443684590,66.443869301
0.03482666,66.444052298,66.444235296
0.03488159,66.444420006,66.444604717
0.03493652,66.444787715,66.444970712
0.03499146,66.445155423,66.445340134
0.03504639,66.445523131,66.445706129
0.03510132,66.445890839,66.446075550
0.03515625,66.446258548,66.446441545
0.03521118,66.446626256,66.446810967
0.03526611,66.446993964,66.447176962
0.03532104,66.447361672,66.447546383
0.03537598,66.447729381,66.447912378
0.03543091,66.448097089,66.448281799
0.03548584,66.448464797,66.448647795
0.03554077,66.448832505,66.449017216
0.03559570,66.449200213,66.449383211
0.03565063,66.449567922,66.449752632
0.03570557,66.449935630,66.450118627
0.03576050,66.450303338,66.450488049
0.03581543,66.450671046,66.450854044
0.03587036,66.451038754,66.451223465
0.03592529,66.451406463,66.451589460
0.03598022,66.451774171,66.451958881
0.03603516,66.452141879,66.452324877
0.03609009,66.452509587,66.452694298
0.03614502,66.452877295,66.453060293
0.03619995,66.453245003,66.453429714
0.03625488,66.453612712,66.453795709
0.03630981,66.453980420,66.454165130
0.03636475,66.454348128,66.454531126
0.03641968,66.454715836,66.454900547
0.03647461,66.455083544,66.455266542
0.03652954,66.455451252,66.455635963
0.03658447,66.455818961,66.456001958
0.03663940,66.456186669,66.456371379
0.03669434,66.456554377,66.456737375
0.03674927,66.456922085,66.457106796
0.03680420,66.457289793,66.457472791
0.03685913,66.457657501,66.457842212
0.03691406,66.458025209,66.458208207
0.03696899,66.458392918,66.458577628
0.03702393,66.458760626,66.458943623
0.03707886,66.459128334,66.459313044
0.03713379,66.459496042,66.459679040
0.03718872,66.459863750,66.460048460
0.03724365,66.460231458,66.460414456
0.03729858,66.460599166,66.460783877
0.03735352,66.460966874,66.461149872
0.03740845,66.461334582,66.461519293
0.03746338,66.461702291,66.461885288
0.03751831,66.462069999,66.462254709
0.03757324,66.462437707,66.462620704
0.03762817,66.462805415,66.462990125
0.03768311,66.463173123,66.463356121
0.03773804,66.463540831,66.463725541
0.03779297,66.463908539,66.464091537
0.03784790,66.464276247,66.464460958
0.03790283,66.464643955,66.464826953
0.03795776,66.465011663,66.465196374
0.03801270,66.465379371,66.465562369
0.03806763,66.465747079,66.465931790
0.03812256,66.466114787,66.466297785
0.03817749,66.466482496,66.466667206
0.03823242,66.466850204,66.467033201
0.03828735,66.467217912,66.467402622
0.03834229,66.467585620,66.467768617
0.03839722,66.467953328,66.468138038
0.03845215,66.468321036,66.468504033
0.03850708,66.468688744,66.468873454
0.03856201,66.469056452,66.469239449
0.03861694,66.469424160,66.469608870
0.03867188,66.469791868,66.469974866
0.03872681,66.470159576,66.470344286
0.03878174,66.470527284,66.470710282
0.03883667,66.470894992,66.471079702
0.03889160,66.471262700,66.471445698
0.03894653,66.471630408,66.471815118
0.03900146,66.471998116,66.472181114
0.03905640,66.472365824,66.472550534
0.03911133,66.472733532,66.472916530
0.03916626,66.473101240,66.473285950
0.03922119,66.473468948,66.473651945
0.03927612,66.473836656,66.474021366
0.03933105,66.474204364,66.474387361
0.03938599,66.474572072,66.474756782
0.03944092,66.474939780,66.475122777
0.03949585,66.475307488,66.475492198
0.03955078,66.475675196,66.475858193
0.03960571,66.476042903,66.476227614
0.03966064,66.476410611,66.476593609
0.03971558,66.476778319,66.476963030
0.03977051,66.477146027,66.477329025
0.03982544,66.477513735,66.477698445
0.03988037,66.477881443,66.478064441
0.03993530,66.478249151,66.478433861
0.03999023,66.478616859,66.478799857
0.04004517,66.478984567,66.479169277
0.04010010,66.479352275,66.479535273
0.04015503,66.479719983,66.479904693
0.04020996,66.480087691,66.480270688
0.04026489,66.480455399,66.480640109
0.04031982,66.480823106,66.481006104
0.04037476,66.481190814,66.481375524
0.04042969,66.481558522,66.481741520
0.04048462,66.481926230,66.482110940
0.04053955,66.482293938,66.482476936
0.04059448,66.482661646,66.482846356
0.04064941,66.483029354,66.483212352
0.04070435,66.483397062,66.483581772
0.04075928,66.483764769,66.483947767
0.04081421,66.484132477,66.484317187
0.04086914,66.484500185,66.484683183
0.04092407,66.484867893,66.485052603
0.04097900,66.485235601,66.485418599
0.04103394,66.485603309,66.485788019
0.04108887,66.485971017,66.486154014
0.04114380,66.486338724,66.486523434
0.04119873,66.486706432,66.486889430
0.04125366,66.487074140,66.487258850
0.04130859,66.487441848,66.487624846
0.04136353,66.487809556,66.487994266
0.04141846,66.488177263,66.488360261
0.04147339,66.488544971,66.488729681
0.04152832,66.488912679,66.489095677
0.04158325,66.489280387,66.489465097
0.04163818,66.489648095,66.489831092
0.04169312,66.490015802,66.490200512
0.04174805,66.490383510,66.490566508
0.04180298,66.490751218,66.490935928
0.04185791,66.491118926,66.491301924
0.04191284,66.491486634,66.491671344
0.04196777,66.491854341,66.492037339
0.04202271,66.492222049,66.492406759
0.04207764,66.492589757,66.492772755
0.04213257,66.492957465,66.493142175
0.04218750,66.493325172,66.493508170
0.04224243,66.493692880,66.493877590
0.04229736,66.494060588,66.494243586
0.04235229,66.494428296,66.494613005
0.04240723,66.494796003,66.494979001
0.04246216,66.495163711,66.495348421
0.04251709,66.495531419,66.495714417
0.04257202,66.495899126,66.496083836
0.04262695,66.496266834,66.496449832
0.04268188,66.496634542,66.496819252
0.04273682,66.497002250,66.497185247
0.04279175,66.497369957,66.497554667
0.04284668,66.497737665,66.497920663
0.04290161,66.498105373,66.498290082
0.04295654,66.498473080,66.498656078
0.04301147,66.498840788,66.499025498
0.04306641,66.499208496,66.499391493
0.04312134,66.499576203,66.499760913
0.04317627,66.499943911,66.500126909
0.04323120,66.500311619,66.500496328
0.04328613,66.500679326,66.500862324
0.04334106,66.501047034,66.501231744
0.04339600,66.501414742,66.501597739
0.04345093,66.501782449,66.501967159
0.04350586,66.502150157,66.502333155
0.04356079,66.502517864,66.502702574
0.04361572,66.502885572,66.503068570
0.04367065,66.503253280,66.503437989
0.04372559,66.503620987,66.503803985
0.04378052,66.503988695,66.504173405
0.04383545,66.504356402,66.504539400
0.04389038,66.504724110,66.504908820
0.04394531,66.505091818,66.505274816
0.04400024,66.505459525,66.505644235
0.04405518,66.505827233,66.506010231
0.04411011,66.506194940,66.506379650
0.04416504,66.506562648,66.506745646
0.04421997,66.506930356,66.507115065
0.04427490,66.507298063,66.507481061
0.04432983,66.507665771,66.507850480
0.04438477,66.508033478,66.508216476
0.04443970,66.508401186,66.508585895
0.04449463,66.508768893,66.508951891
0.04454956,66.509136601,66.509321310
0.04460449,66.509504308,66.509687306
0.04465942,66.509872016,66.510056726
0.04471436,66.510239723,66.510422721
0.04476929,66.510607431,66.510792141
0.04482422,66.510975138,66.511158136
0.04487915,66.511342846,66.511527556
0.04493408,66.511710553,66.511893551
0.04498901,66.512078261,66.512262971
0.04504395,66.512445968,66.512628966
0.04509888,66.512813676,66.512998385
0.04515381,66.513181383,66.513364381
0.04520874,66.513549091,66.513733800
0.04526367,66.513916798,66.514099796
0.04531860,66.514284506,66.514469215
0.04537354,66.514652213,66.514835211
0.04542847,66.515019921,66.515204630
0.04548340,66.515387628,66.515570626
0.04553833,66.515755336,66.515940045
0.04559326,66.516123043,66.516306041
0.04564819,66.516490750,66.516675460
0.04570313,66.516858458,66.517041456
0.04575806,66.517226165,66.517410875
0.04581299,66.517593873,66.517776871
0.04586792,66.517961580,66.518146290
0.04592285,66.518329287,66.518512285
0.04597778,66.518696995,66.518881704
0.04603271,66.519064702,66.519247700
0.04608765,66.519432410,66.519617119
0.04614258,66.519800117,66.519983115
0.04619751,66.520167824,66.520352534
0.04625244,66.520535532,66.520718530
0.04630737,66.520903239,66.521087949
0.04636230,66.521270946,66.521453944
0.04641724,66.521638654,66.521823363
0.04647217,66.522006361,66.522189359
0.04652710,66.522374068,66.522558778
0.04658203,66.522741776,66.522924774
0.04663696,66.523109483,66.523294193
0.04669189,66.523477190,66.523660188
0.04674683,66.523844898,66.524029607
0.04680176,66.524212605,66.524395603
0.04685669,66.524580312,66.524765022
0.04691162,66.524948020,66.525131018
0.04696655,66.525315727,66.525500436
0.04702148,66.525683434,66.525866432
0.04707642,66.526051142,66.526235851
0.04713135,66.526418849,66.526601847
0.04718628,66.526786556,66.526971265
0.04724121,66.527154263,66.527337261
0.04729614,66.527521971,66.527706680
0.04735107,66.527889678,66.528072676
0.04740601,66.528257385,66.528442094
0.04746094,66.528625092,66.528808090
0.04751587,66.528992800,66.529177509
0.04757080,66.529360507,66.529543505
0.04762573,66.529728214,66.529912923
0.04768066,66.530095921,66.530278919
0.04773560,66.530463628,66.530648338
0.04779053,66.530831336,66.531014334
0.04784546,66.531199043,66.531383752
0.04790039,66.531566750,66.531749748
0.04795532,66.531934457,66.532119166
0.04801025,66.532302164,66.532485162
0.04806519,66.532669872,66.532854581
0.04812012,66.533037579,66.533220577
0.04817505,66.533405286,66.533589995
0.04822998,66.533772993,66.533955991
0.04828491,66.534140700,66.534325409
0.04833984,66.534508407,66.534691405
0.04839478,66.534876114,66.535060824
0.04844971,66.535243822,66.535426819
0.04850464,66.535611529,66.535796238
0.04855957,66.535979236,66.536162234
0.04861450,66.536346943,66.536531652
0.04866943,66.536714650,66.536897648
0.04872437,66.537082357,66.537267066
0.04877930,66.537450064,66.537633062
0.04883423,66.537817771,66.538002480
0.04888916,66.538185478,66.538368476
0.04894409,66.538553185,66.538737895
0.04899902,66.538920893,66.539103890
0.04905396,66.539288600,66.539473309
0.04910889,66.539656307,66.539839305
0.04916382,66.540024014,66.540208723
0.04921875,66.540391721,66.540574719
0.04927368,66.540759428,66.540944137
0.04932861,66.541127135,66.541310133
0.04938354,66.541494842,66.541679551
0.04943848,66.541862549,66.542045547
0.04949341,66.542230256,66.542414965
0.04954834,66.542597963,66.542780961
0.04960327,66.542965670,66.543150379
0.04965820,66.543333377,66.543516375
0.04971313,66.543701084,66.543885793
0.04976807,66.544068791,66.544251789
0.04982300,66.544436498,66.544621207
0.04987793,66.544804205,66.544987203
0.04993286,66.545171912,66.545356621
0.04998779,66.545539619,66.545722617
0.05004272,66.545907326,66.546092035
0.05009766,66.546275033,66.546458030
0.05015259,66.546642739,66.546827448
0.05020752,66.547010446,66.547193444
0.05026245,66.547378153,66.547562862
0.05031738,66.547745860,66.547928858
0.05037231,66.548113567,66.548298276
0.05042725,66.548481274,66.548664272
0.05048218,66.548848981,66.549033690
0.05053711,66.549216688,66.549399686
0.05059204,66.549584395,66.549769104
0.05064697,66.549952102,66.550135099
0.05070190,66.550319808,66.550504517
0.05075684,66.550687515,66.550870513
0.05081177,66.551055222,66.551239931
0.05086670,66.551422929,66.551605927
0.05092163,66.551790636,66.551975345
0.05097656,66.552158343,66.552341341
0.05103149,66.552526049,66.552710758
0.05108643,66.552893756,66.553076754
0.05114136,66.553261463,66.553446172
0.05119629,66.553629170,66.553812168
0.05125122,66.553996877,66.554181586
0.05130615,66.554364584,66.554547581
0.05136108,66.554732290,66.554916999
0.05141602,66.555099997,66.555282995
0.05147095,66.555467704,66.555652413
0.05152588,66.555835411,66.556018409
0.05158081,66.556203117,66.556387826
0.05163574,66.556570824,66.556753822
0.05169067,66.556938531,66.557123240
0.05174561,66.557306238,66.557489236
0.05180054,66.557673944,66.557858653
0.05185547,66.558041651,66.558224649
0.05191040,66.558409358,66.558594067
0.05196533,66.558777064,66.558960062
0.05202026,66.559144771,66.559329480
0.05207520,66.559512478,66.559695476
0.05213013,66.559880185,66.560064893
0.05218506,66.560247891,66.560430889
0.05223999,66.560615598,66.560800307
0.05229492,66.560983305,66.561166303
0.05234985,66.561351011,66.561535720
0.05240479,66.561718718,66.561901716
0.05245972,66.562086425,66.562271133
0.05251465,66.562454131,66.562637129
0.05256958,66.562821838,66.563006547
0.05262451,66.563189544,66.563372542
0.05267944,66.563557251,66.563741960
0.05273438,66.563924958,66.564107956
0.05278931,66.564292664,66.564477373
0.05284424,66.564660371,66.564843369
0.05289917,66.565028077,66.565212786
0.05295410,66.565395784,66.565578782
0.05300903,66.565763491,66.565948199
0.05306396,66.566131197,66.566314195
0.05311890,66.566498904,66.566683612
0.05317383,66.566866610,66.567049608
0.05322876,66.567234317,66.567419025
0.05328369,66.567602023,66.567785021
0.05333862,66.567969730,66.568154438
0.05339355,66.568337436,66.568520434
0.05344849,66.568705143,66.568889851
0.05350342,66.569072849,66.569255847
0.05355835,66.569440556,66.569625264
0.05361328,66.569808262,66.569991260
0.05366821,66.570175969,66.570360677
0.05372314,66.570543675,66.570726673
0.05377808,66.570911382,66.571096090
0.05383301,66.571279088,66.571462086
0.05388794,66.571646795,66.571831503
0.05394287,66.572014501,66.572197499
0.05399780,66.572382208,66.572566916
0.05405273,66.572749914,66.572932912
0.05410767,66.573117621,66.573302329
0.05416260,66.573485327,66.573668325
0.05421753,66.573853033,66.574037742
0.05427246,66.574220740,66.574403738
0.05432739,66.574588446,66.574773155
0.05438232,66.574956153,66.575139150
0.05443726,66.575323859,66.575508567
0.05449219,66.575691565,66.575874563
0.05454712,66.576059272,66.576243980
0.05460205,66.576426978,66.576609976
0.05465698,66.576794684,66.576979393
0.05471191,66.577162391,66.577345389
0.05476685,66.577530097,66.577714805
0.05482178,66.577897803,66.578080801
0.05487671,66.578265510,66.578450218
0.05493164,66.578633216,66.578816214
0.05498657,66.579000922,66.579185631
0.05504150,66.579368629,66.579551627
0.05509644,66.579736335,66.579921043
0.05515137,66.580104041,66.580287039
0.05520630,66.580471747,66.580656456
0.05526123,66.580839454,66.581022452
0.05531616,66.581207160,66.581391868
0.05537109,66.581574866,66.581757864
0.05542603,66.581942572,66.582127281
0.05548096,66.582310279,66.582493277
0.05553589,66.582677985,66.582862693
0.05559082,66.583045691,66.583228689
0.05564575,66.583413397,66.583598106
0.05570068,66.583781104,66.583964101
0.05575562,66.584148810,66.584333518
0.05581055,66.584516516,66.584699514
0.05586548,66.584884222,66.585068930
0.05592041,66.585251928,66.585434926
0.05597534,66.585619634,66.585804343
0.05603027,66.585987341,66.586170338
0.05608521,66.586355047,66.586539755
0.05614014,66.586722753,66.586905751
0.05619507,66.587090459,66.587275167
0.05625000,66.587458165,66.587641163
0.05630493,66.587754967,66.587868771
0.05635986,66.587980331,66.588091891
0.05641479,66.588204621,66.588317350
0.05646973,66.588427825,66.588538299
0.05652466,66.588649932,66.588761566
0.05657959,66.588870933,66.588980300
0.05663452,66.589090814,66.589201329
0.05668945,66.589309565,66.589417802
0.05674438,66.589527175,66.589636548
0.05679932,66.589743631,66.589850715
0.05685425,66.589958922,66.590067130
0.05690918,66.590173036,66.590278943
0.05696411,66.590385961,66.590492979
0.05701904,66.590597684,66.590702388
0.05707397,66.590808193,66.590913997
0.05712891,66.591017475,66.591120953
0.05718384,66.591225517,66.591330082
0.05723877,66.591432308,66.591534533
0.05729370,66.591637832,66.591741131
0.05734863,66.591842078,66.591943024
0.05740356,66.592045031,66.592147038
0.05745850,66.592246678,66.592346319
0.05751343,66.592447006,66.592547693
0.05756836,66.592646000,66.592744306
0.05762329,66.592843645,66.592942984
0.05767822,66.593039929,66.593136873
0.05773315,66.593234835,66.593332797
0.05778809,66.593428349,66.593523902
0.05784302,66.593620457,66.593717012
0.05789795,66.593811143,66.593905273
0.05795288,66.594000391,66.594095509
0.05800781,66.594188187,66.594280864
0.05806274,66.594374513,66.594468162
0.05811768,66.594559356,66.594650549
0.05817261,66.594742697,66.594834845
0.05822754,66.594924520,66.595014196
0.05828247,66.595104810,66.595195424
0.05833740,66.595283549,66.595371673
0.05839233,66.595460719,66.595549765
0.05844727,66.595636304,66.595722843
0.05850220,66.595810286,66.595897728
0.05855713,66.595982646,66.596067565
0.05861206,66.596153368,66.596239171
0.05866699,66.596322432,66.596405692
0.05872192,66.596489820,66.596573947
0.05877686,66.596655512,66.596737078
0.05883179,66.596819491,66.596901904
0.05888672,66.596981736,66.597061568
0.05894165,66.597142227,66.597222887
0.05899658,66.597300945,66.597379004
0.05905151,66.597457870,66.597536735
0.05910645,66.597612980,66.597689224
0.05916138,66.597766255,66.597843286
0.05921631,66.597917674,66.597992062
0.05927124,66.598067215,66.598142368
0.05932617,66.598214856,66.598287345
0.05938110,66.598360576,66.598433808
0.05943604,66.598504352,66.598574897
0.05949097,66.598646161,66.598717426
0.05954590,66.598785981,66.598854535
0.05960083,66.598923787,66.598993038
0.05965576,66.599059556,66.599126073
0.05971069,66.599193264,66.599260454
0.05976563,66.599324886,66.599389318
0.05982056,66.599454398,66.599519478
0.05987549,66.599581774,66.599644070
0.05993042,66.599706989,66.599769908
0.05998535,66.599830017,66.599890126
0.06004028,66.599950831,66.600011536
0.06009521,66.600069404,66.600127273
0.06015015,66.600185710,66.600244148
0.06020508,66.600299721,66.600355295
0.06026001,66.600411409,66.600467524
0.06031494,66.600520746,66.600573968
0.06036987,66.600627702,66.600681436
0.06042480,66.600732248,66.600783060
0.06047974,66.600834355,66.600885650
0.06053467,66.600933992,66.600982335
0.06058960,66.601031129,66.601079923
0.06064453,66.601125734,66.601171545
0.06069946,66.601217776,66.601264007
0.06075439,66.601307223,66.601350439
0.06080933,66.601394042,66.601437645
0.06086426,66.601478199,66.601518754
0.06091919,66.601559662,66.601600570
0.06097412,66.601638395,66.601676221
0.06102905,66.601714365,66.601752509
0.06108398,66.601787536,66.601822562
0.06113892,66.601857871,66.601893180
0.06119385,66.601925335,66.601957490
0.06124878,66.601989890,66.602022291
0.06130371,66.602051499,66.602080707
0.06135864,66.602110123,66.602139539
0.06141357,66.602165724,66.602191909
0.06146851,66.602218262,66.602244615
0.06152344,66.602267697,66.602290779
0.06157837,66.602313987,66.602337196
0.06163330,66.602357093,66.602376989
0.06168823,66.602396970,66.602416951
0.06174316,66.602433577,66.602450202
0.06179810,66.602466869,66.602483536
0.06185303,66.602496803,66.602510070
0.06190796,66.602523334,66.602536597
0.06196289,66.602546414,66.602556232
0.06201782,66.602565999,66.602575766
0.06207275,66.602582040,66.602588314
0.06212769,66.602594489,66.602600665
0.06218262,66.602603298,66.602605931
0.06223755,66.602608416,66.602610900
0.06229248,66.602609792,66.602608684
0.06234741,66.602607375,66.602606067
0.06240234,66.602601113,66.602596160
0.06245728,66.602590952,66.602585745
0.06251221,66.602576838,66.602567931
0.06256714,66.602558715,66.602549499
0.06262207,66.602536527,66.602523555
0.06267700,66.602510217,66.602496879
0.06273193,66.602479727,66.602462574
0.06278687,66.602444997,66.602427419
0.06284180,66.602405967,66.602384514
0.06289673,66.602362575,66.602340636
0.06295166,66.602314760,66.602288884
0.06300659,66.602262457,66.602236030
0.06306152,66.602205602,66.602175173
0.06311646,66.602144128,66.602113083
0.06317139,66.602077968,66.602042854
0.06322632,66.602007055,66.601971256
0.06328125,66.601931318,66.601891381
0.06333618,66.601850687,66.601809993
0.06339111,66.601765089,66.601720184
0.06344604,66.601674450,66.601628716
0.06350098,66.601578697,66.601528677
0.06355591,66.601477751,66.601426826
0.06361084,66.601371537,66.601316247
0.06366577,66.601259973,66.601203699
0.06372070,66.601142981,66.601082262
0.06377563,66.601020477,66.600958691
0.06383057,66.600892377,66.600826063
0.06388550,66.600758597,66.600691131
0.06394043,66.600619049,66.600546967
0.06399536,66.600473644,66.600400321
0.06405029,66.600322293,66.600244264
0.06410522,66.600164902,66.600085540
0.06416016,66.600001379,66.599917217
0.06421509,66.599831626,66.599746035
0.06427002,66.599655547,66.599565059
0.06432495,66.599473042,66.599381025
0.06437988,66.599284009,66.599186993
0.06443481,66.599088345,66.598989697
0.06448975,66.598885944,66.598782191
0.06454468,66.598676698,66.598571206
0.06459961,66.598460498,66.598349791
0.06465454,66.598237231,66.598124672
0.06470947,66.598006783,66.597888895
0.06476440,66.597769038,66.597649180
0.06481934,66.597523875,66.597398570
0.06487427,66.597271174,66.597143779
0.06492920,66.597010811,66.596877843
0.06498413,66.596742659,66.596607474
0.06503906,66.596466588,66.596325702
0.06509399,66.596182468,66.596039233
0.06514893,66.595890162,66.595741092
0.06520386,66.595589535,66.595437978
0.06525879,66.595280445,66.595122912
0.06531372,66.594962749,66.594802586
0.06536865,66.594636300,66.594470015
0.06542358,66.594300950,66.594131886
0.06547852,66.593956546,66.593781206
0.06553345,66.593602931,66.593424656
0.06558838,66.593239946,66.593055236
0.06564331,66.592867428,66.592679620
0.06569824,66.592485211,66.592290802
0.06575317,66.592093125,66.591895448
0.06580811,66.591690997,66.591486545
0.06586304,66.591278648,66.591070750
0.06591797,66.590855896,66.590641043
0.06597290,66.590422558,66.590204073
0.06602783,66.589978442,66.589752810
0.06608276,66.589523354,66.589293898
0.06613770,66.589057097,66.588820296
0.06619263,66.588579468,66.588338639
0.06624756,66.588090258,66.587841877
0.06630249,66.587589256,66.587336635
0.06635742,66.587076244,66.586815854
0.06641235,66.586551001,66.586286148
0.06646729,66.586013299,66.585740450
0.06652222,66.585462905,66.585185361
0.06657715,66.584899582,66.584613803
0.06663208,66.584323085,66.584032368
0.06668701,66.583733166,66.583433964
0.06674194,66.583129569,66.582825173
0.06679688,66.582512032,66.582198891
0.06685181,66.581880288,66.581561685
0.06690674,66.581234062,66.580906440
0.06696167,66.580573075,66.580239710
0.06701660,66.579897037,66.579554365
0.06707153,66.579205655,66.578856946
0.06712646,66.578498627,66.578140308
0.06718140,66.577775642,66.577410977
0.06723633,66.577036385,66.576661794
0.06729126,66.576280531,66.575899267
0.06734619,66.575507745,66.575116222
0.06740112,66.574717687,66.574319151
0.06745605,66.573910006,66.573500861
0.06751099,66.573084344,66.572667827
0.06756592,66.572240332,66.571812837
0.06762085,66.571377592,66.570942348
0.06767578,66.570495738,66.570049128
0.06773071,66.569594371,66.569139614
0.06778564,66.568673084,66.568206554
0.06784058,66.567731458,66.567256362
0.06789551,66.566769064,66.566281765
0.06795044,66.565785460,66.565289155
0.06800537,66.564780194,66.564271233
0.06806030,66.563752800,66.563234368
0.06811523,66.562702803,66.562171237
0.06817017,66.561629710,66.561088183
0.06822510,66.560533018,66.559977854
0.06828003,66.559412211,66.558846567
0.06833496,66.558266755,66.557686943
0.06838989,66.557096106,66.556505268
0.06844482,66.555899700,66.555294132
0.06849976,66.554676961,66.554059789
0.06855469,66.553427294,66.552794799
0.06860962,66.552150090,66.551505382
0.06866455,66.550844721,66.550184061
0.06871948,66.549510541,66.548837021
0.06877441,66.548146885,66.547456749
0.06882935,66.546753070,66.546049391
0.06888428,66.545328392,66.544607394
0.06893921,66.543872128,66.543136862
0.06899414,66.542383531,66.541630200
0.06904907,66.540861834,66.540093469
0.06910400,66.539306247,66.538519026
0.06915894,66.537715956,66.536912886
0.06921387,66.536090121,66.535267356
0.06926880,66.534427879,66.533588401
0.06932373,66.532728338,66.531868276
0.06937866,66.530990582,66.530112889
0.06943359,66.529213664,66.528314439
0.06948853,66.527396608,66.526478777
0.06954346,66.525538408,66.524598038
0.06959839,66.523638025,66.522678012
0.06965332,66.521694390,66.520710768
0.06970825,66.519706397,66.518702026
0.06976318,66.517672905,66.516643785
0.06981812,66.515592738,66.514541692
0.06987305,66.513464680,66.512387668
0.06992798,66.511287475,66.510187283
0.06998291,66.509059828,66.507932373
0.07003784,66.506780398,66.505628422
0.07009277,66.504447801,66.503267179
0.07014771,66.502060606,66.500854034
0.07020264,66.499617335,66.498380637
0.07025757,66.497116458,66.495852279
0.07031250,66.494556392,66.493260506
0.07036743,66.491935502,66.490610499
0.07042236,66.489252095,66.487893690
0.07047729,66.486504416,66.485115143
0.07053223,66.483690654,66.482266165
0.07058716,66.480808927,66.479351690
0.07064209,66.477857292,66.476362894
0.07069702,66.474833733,66.473304571
0.07075195,66.471736159,66.470167748
0.07080688,66.468562408,66.466957068
0.07086182,66.465310233,66.463663399
0.07091675,66.461977308,66.460291218
0.07097168,66.458561218,66.456831218
0.07102661,66.455059458,66.453287697
0.07108154,66.451469427,66.449651157
0.07113647,66.447788426,66.445925696
0.07119141,66.444013653,66.442101611
0.07124634,66.440142196,66.438182782
0.07130127,66.436171030,66.434159278
0.07135620,66.432097010,66.430034743
0.07141113,66.427916869,66.425798994
0.07146606,66.423627205,66.421455416
0.07152100,66.419224485,66.416993553
0.07157593,66.414705027,66.412416501
0.07163086,66.410065001,66.407713502
0.07168579,66.405300420,66.402887338
0.07174072,66.400407128,66.397926919
0.07179565,66.395380799,66.392834679
0.07185059,66.390216920,66.387599161
0.07190552,66.384910787,66.382222414
0.07196045,66.379457496,66.376692578
0.07201538,66.373851927,66.371011277
0.07207031,66.368088738,66.365166200
0.07212524,66.362162352,66.359158503
0.07218018,66.356066940,66.352975377
0.07223511,66.349796417,66.346617456
0.07229004,66.343344417,66.340071378
0.07234497,66.336704287,66.333337195
0.07239990,66.329869064,66.326400933
0.07245483,66.322831464,66.319261996
0.07250977,66.315583859,66.311905723
0.07256470,66.308118260,66.304330797
0.07261963,66.300426296,66.296521794
0.07267456,66.292499190,66.288476585
0.07272949,66.284327739,66.280178892
0.07278442,66.275902286,66.271625680
0.07283936,66.267212695,66.262799709
0.07289429,66.258248319,66.253696929
0.07294922,66.248997974,66.244299019
0.07300415,66.239449901,66.234600783
0.07305908,66.229591734,66.224582685
0.07311401,66.219410460,66.214238235
0.07316895,66.208892380,66.203546525
0.07322388,66.198023063,66.192499602
0.07327881,66.186787303,66.181075003
0.07333374,66.175169061,66.169263118
0.07338867,66.163151419,66.157039719
0.07344360,66.150716515,66.144393311
0.07349854,66.137845485,66.131297658
0.07355347,66.124518387,66.117739116
0.07360840,66.110714136,66.103689157
0.07366333,66.096410419,66.089131682
0.07371826,66.081583611,66.074035540
0.07377319,66.066208678,66.058381816
0.07382813,66.050259082,66.042136349
0.07388306,66.033706666,66.025276984
0.07393799,66.016521539,66.007766095
0.07399292,65.998671942,65.989577790
0.07404785,65.980124114,65.970670438
0.07410278,65.960842131,65.951013823
0.07415771,65.940787748,65.930561672
0.07421265,65.919920208,65.909278744
0.07426758,65.898196054,65.887113364
0.07432251,65.875568899,65.864024435
0.07437744,65.851989205,65.839953975
0.07443237,65.827404004,65.814854032
0.07448730,65.801756631,65.788659230
0.07454224,65.774986396,65.761313562
0.07459717,65.747028255,65.732742947
0.07465210,65.717812411,65.702881874
0.07470703,65.687263922,65.671645969
0.07476196,65.655302214,65.638958459
0.07481689,65.621840601,65.604722743
0.07487183,65.586785690,65.568848637
0.07492676,65.550036793,65.531224950
0.07498169,65.511485201,65.491745452
0.07503662,65.471013452,65.450281451
0.07509155,65.428494434,65.406707417
0.07514648,65.383790487,65.360873556
0.07520142,65.336752278,65.312631000
0.07525635,65.287217683,65.261804365
0.07531128,65.235010384,65.208216402
0.07536621,65.179938459,65.151660515
0.07542114,65.121792621,65.091924727
0.07547607,65.060344429,65.028764131
0.07553101,64.995344061,64.961923991
0.07558594,64.926518031,64.891112071
0.07564087,64.853566346,64.816020622
0.07569580,64.776159574,64.736298527
0.07575073,64.693935188,64.651571849
0.07580566,64.606493766,64.561415683
0.07586060,64.513394252,64.465372823
0.07591553,64.414148995,64.362925168
0.07597046,64.308217546,64.253509925
0.07602539,64.195000122,64.136490321
0.07608032,64.073829428,64.011168536
0.07613525,63.943961951,63.876755367
0.07619019,63.804567074,63.732378783
0.07624512,63.654715388,63.577051995
0.07630005,63.493364041,63.409676090
0.07635498,63.319340891,63.229005695
0.07640991,63.131324592,63.033643492
0.07646484,62.927822880,62.822002273
0.07651978,62.707145234,62.592288200
0.07657471,62.467372798,62.342457402
0.07662964,62.206320444,62.070183492
0.07668457,61.921494692,61.772805900
0.07673950,61.610040490,61.447275091
0.07679443,61.268681748,61.090088417
0.07684937,60.893645908,60.697203415
0.07690430,60.480579105,60.263954813
0.07695923,60.024438337,59.784921884
0.07701416,59.519369123,59.253816389
0.07706909,58.958550693,58.663285030
0.07712402,58.334017809,58.004750631
0.07717896,57.636438040,57.268125502
0.07723389,56.854851367,56.441577300
0.07728882,55.976349490,55.511121765
0.07734375,54.985696817,54.460271977
0.07739868,53.864871679,53.269471520
0.07745361,52.592521676,51.915572011
0.07750854,51.143319505,50.371067232
0.07756348,49.487201295,48.603335663
0.07761841,47.588495290,46.573655321
0.07767334,45.404912981,44.236171178
0.07772827,42.886441773,41.536713082
0.07778320,39.974142638,38.411573151
0.07783813,36.598906125,34.786240387
0.07789307,32.680259848,30.574281046
0.07794800,28.125321051,25.676363406
0.07800293,22.828052474,19.979744722
0.07805786,16.668991634,13.358242843
0.07811279,9.515623807,5.673010558
0.07816772,1.223538206,-3.225926386
0.07822266,-8.361547822,-13.497158921
0.07827759,-9.045958173,-11.883605262
0.07833252,-9.073190215,-11.641077984
0.07838745,-9.084070584,-11.041337846
0.07844238,-9.089942303,-11.001170632
0.07849731,-9.092952072,-10.966307368
0.07855225,-9.095478605,-10.542736452
0.07860718,-9.096894488,-10.760610812
0.07866211,-9.098344875,-10.301573996
0.07871704,-9.099164215,-10.623212018
0.07877197,-9.100121199,-10.134001775
0.07882690,-9.100658675,-10.515608278
0.07888184,-9.101343985,-10.017143709
0.07893677,-9.101725118,-10.425972929
0.07899170,-9.102243253,-9.928589795
0.07904663,-9.102529292,-10.348794044
0.07910156,-9.102937098,-9.860669400
0.07915649,-9.103160981,-10.283037799
0.07921143,-9.103491931,-9.807259549
0.07926636,-9.103672948,-10.226791132
0.07932129,-9.103948015,-9.764556728
0.07937622,-9.104097831,-10.178193398
0.07943115,-9.104330672,-9.728384542
0.07948608,-9.104457082,-10.134848978
0.07954102,-9.104657172,-9.697512367
0.07959595,-9.104765575,-10.095941387
0.07965088,-9.104939737,-9.670996492
0.07970581,-9.105033987,-10.060981748
0.07976074,-9.105187252,-9.648083986
0.07981567,-9.105270120,-10.029509582
0.07987061,-9.105406250,-9.627842505
0.07992554,-9.105479806,-10.000866796
0.07998047,-9.105601686,-9.609760940
0.08003540,-9.105667519,-9.974615828
0.08009033,-9.105777407,-9.593509759
0.08014526,-9.105836762,-9.950468509
0.08020020,-9.105936458,-9.578845878
0.08025513,-9.105990324,-9.928209679
0.08031006,-9.106081280,-9.565576767
0.08036499,-9.106130444,-9.907654425
0.08041992,-9.106213840,-9.553466528
0.08047485,-9.106258940,-9.888581160
0.08052979,-9.106335744,-9.542332574
0.08058472,-9.106377301,-9.870799139
0.08063965,-9.106448318,-9.532042914
0.08069458,-9.106486768,-9.854161633
0.08074951,-9.106552673,-9.522500438
0.08080444,-9.106588380,-9.838556633
0.08085937,-9.106649745,-9.513630669
0.08091431,-9.106683019,-9.823895232
0.08096924,-9.106740333,-9.505373762
0.08102417,-9.106771437,-9.810102070
0.08107910,-9.106825118,-9.497662007
0.08113403,-9.106854277,-9.797096959
0.08118896,-9.106904687,-9.490431854
0.08124390,-9.106932092,-9.784802609
0.08129883,-9.106979543,-9.483629655
0.08135376,-9.107005364,-9.773151305
0.08140869,-9.107050128,-9.477212156
0.08146362,-9.107074509,-9.762086540
0.08151855,-9.107116827,-9.471144940
0.08157349,-9.107139896,-9.751561766
0.08162842,-9.107179977,-9.465400413
0.08168335,-9.107201848,-9.741537997
0.08173828,-9.107239879,-9.459952169
0.08179321,-9.107260651,-9.731978694
0.08184814,-9.107296798,-9.454774830
0.08190308,-9.107316560,-9.722848946
0.08195801,-9.107350971,-9.449845096
0.08201294,-9.107369801,-9.714116383
0.08206787,-9.107402607,-9.445142444
0.08212280,-9.107420577,-9.705751976
0.08217773,-9.107451897,-9.440649299
0.08223267,-9.107469068,-9.697730266
0.08228760,-9.107499009,-9.436350827
0.08234253,-9.107515440,-9.690029137
0.08239746,-9.107544098,-9.432234547
0.08245239,-9.107559840,-9.682629358
0.08250732,-9.107587303,-9.428289836
0.08256226,-9.107602402,-9.675513185
0.08261719,-9.107628749,-9.424506733
0.08267212,-9.107643248,-9.668663747
0.08272705,-9.107668552,-9.420875346
0.08278198,-9.107682490,-9.662065021
0.08283691,-9.107706816,-9.417385904
0.08289185,-9.107720228,-9.655702006
0.08294678,-9.107743637,-9.414029052
0.08300171,-9.107756556,-9.649560877
0.08305664,-9.107779103,-9.410796133
0.08311157,-9.107791557,-9.643629059
0.08316650,-9.107813293,-9.407679365
0.08322144,-9.107825310,-9.637895208
0.08327637,-9.107846281,-9.404671886
0.08333130,-9.107857887,-9.632349124
0.08338623,-9.107878136,-9.401767711
0.08344116,-9.107889353,-9.626981427
0.08349609,-9.107908921,-9.398961440
0.08355103,-9.107919770,-9.621783291
0.08360596,-9.107938693,-9.396247998
0.08366089,-9.107949194,-9.616746308
0.08371582,-9.107967506,-9.393622504
0.08377075,-9.107977677,-9.611862474
0.08382568,-9.107995411,-9.391080254
0.08388062,-9.108005269,-9.607124217
0.08393555,-9.108022453,-9.388616775
0.08399048,-9.108032014,-9.602524438
0.08404541,-9.108048676,-9.386227887
0.08410034,-9.108057955,-9.598056537
0.08415527,-9.108074120,-9.383909751
0.08421021,-9.108083130,-9.593714424
0.08426514,-9.108098822,-9.381658890
0.08432007,-9.108107577,-9.589492501
0.08437500,-9.108122818,-9.379472186
0.08442993,-9.108131328,-9.585385591
0.08448486,-9.108146140,-9.377346815
0.08453979,-9.108154418,-9.581388836
0.08459473,-9.108168819,-9.375280154
0.08464966,-9.108176874,-9.577497629
0.08470459,-9.108190884,-9.373269713
0.08475952,-9.108198726,-9.573707569
0.08481445,-9.108212362,-9.371313089
0.08486938,-9.108220001,-9.570014447
0.08492432,-9.108233277,-9.369407959
0.08497925,-9.108240722,-9.566414247
0.08503418,-9.108253656,-9.367552093
0.08508911,-9.108260913,-9.562903158
0.08514404,-9.108273518,-9.365743371
0.08519897,-9.108280597,-9.559477583
0.08525391,-9.108292887,-9.363979801
0.08530884,-9.108299794,-9.556134146
0.08536377,-9.108311781,-9.362259531
0.08541870,-9.108318524,-9.552869688
0.08547363,-9.108330220,-9.360580845
0.08552856,-9.108336805,-9.549681256
0.08558350,-9.108348222,-9.358942144
0.08563843,-9.108354655,-9.546566070
0.08569336,-9.108365804,-9.357341922
0.08574829,-9.108372090,-9.543521493
0.08580322,-9.108382981,-9.355778748
0.08585815,-9.108389126,-9.540545006
0.08591309,-9.108399769,-9.354251247
0.08596802,-9.108405779,-9.537634192
0.08602295,-9.108416182,-9.352758103
0.08607788,-9.108422061,-9.534786724
0.08613281,-9.108432234,-9.351298050
0.08618774,-9.108437987,-9.532000372
0.08624268,-9.108447938,-9.349869882
0.08629761,-9.108453570,-9.529272999
0.08635254,-9.108463306,-9.348472452
0.08640747,-9.108468820,-9.526602564
0.08646240,-9.108478350,-9.347104679
0.08651733,-9.108483751,-9.523987134
0.08657227,-9.108493081,-9.345765550
0.08662720,-9.108498373,-9.521424874
0.08668213,-9.108507510,-9.344454119
0.08673706,-9.108512696,-9.518914054
0.08679199,-9.108521646,-9.343169500
0.08684692,-9.108526730,-9.516453034
0.08690186,-9.108535501,-9.341910857
0.08695679,-9.108540486,-9.514040256
0.08701172,-9.108549082,-9.340677396
0.08706665,-9.108553971,-9.511674233
0.08712158,-9.108562399,-9.339468355
0.08717651,-9.108567195,-9.509353536
0.08723145,-9.108575460,-9.338282996
0.08728638,-9.108580167,-9.507076789
0.08734131,-9.108588273,-9.337120607
0.08739624,-9.108592893,-9.504842664
0.08745117,-9.108600845,-9.335980493
0.08750610,-9.108605381,-9.502649878
0.08756104,-9.108613186,-9.334861984
0.08761597,-9.108617640,-9.500497196
0.08767090,-9.108625300,-9.333764435
0.08772583,-9.108629675,-9.498383428
0.08778076,-9.108637196,-9.332687224
0.08783569,-9.108641494,-9.496307433
0.08789062,-9.108648879,-9.331629759
0.08794556,-9.108653102,-9.494268120
0.08800049,-9.108660356,-9.330591474
0.08805542,-9.108664507,-9.492264447
0.08811035,-9.108671633,-9.329571836
0.08816528,-9.108675713,-9.490295418
0.08822021,-9.108682715,-9.328570333
0.08827515,-9.108686727,-9.488360082
0.08833008,-9.108693608,-9.327586479
0.08838501,-9.108697554,-9.486457529
0.08843994,-9.108704318,-9.326619806
0.08849487,-9.108708199,-9.484586882
0.08854980,-9.108714849,-9.325669863
0.08860474,-9.108718667,-9.482747298
0.08865967,-9.108725207,-9.324736211
0.08871460,-9.108728963,-9.480937960
0.08876953,-9.108735395,-9.323818423
0.08882446,-9.108739093,-9.479158075
0.08887939,-9.108745420,-9.322916085
0.08893433,-9.108749059,-9.477406878
0.08898926,-9.108755284,-9.322028793
0.08904419,-9.108758867,-9.475683625
0.08909912,-9.108764992,-9.321156154
0.08915405,-9.108768520,-9.473987598
0.08920898,-9.108774549,-9.320297787
0.08926392,-9.108778023,-9.472318100
0.08931885,-9.108783958,-9.319453326
0.08937378,-9.108787380,-9.470674462
0.08942871,-9.108793223,-9.318622418
0.08948364,-9.108796594,-9.469056038
0.08953857,-9.108802347,-9.317804725
0.08959351,-9.108805668,-9.467462207
0.08964844,-9.108811334,-9.316999922
0.08970337,-9.108814607,-9.465892374
0.08975830,-9.108820188,-9.316207699
0.08981323,-9.108823414,-9.464345963
0.08986816,-9.108828912,-9.315427757
0.08992310,-9.108832091,-9.462822422
0.08997803,-9.108837508,-9.314659806
0.09003296,-9.108840643,-9.461321215
0.09008789,-9.108845981,-9.313903567
0.09014282,-9.108849071,-9.459841826
0.09019775,-9.108854332,-9.313158769
0.09025269,-9.108857380,-9.458383751
0.09030762,-9.108862565,-9.312425148
0.09036255,-9.108865571,-9.456946505
0.09041748,-9.108870683,-9.311702445
0.09047241,-9.108873648,-9.455529611
0.09052734,-9.108878688,-9.310990410
0.09058228,-9.108881613,-9.454132610
0.09063721,-9.108886582,-9.310288796
0.09069214,-9.108889469,-9.452755053
0.09074707,-9.108894370,-9.309597366
0.09080200,-9.108897217,-9.451396505
0.09085693,-9.108902051,-9.308915888
0.09091187,-9.108904862,-9.450056543
0.09096680,-9.108909630,-9.308244137
0.09102173,-9.108912404,-9.448734759
0.09107666,-9.108917108,-9.307581896
0.09113159,-9.108919847,-9.447430756
0.09118652,-9.108924488,-9.306928957
0.09124146,-9.108927192,-9.446144151
0.09129639,-9.108931772,-9.306285117
0.09135132,-9.108934441,-9.444874575
0.09140625,-9.108938961,-9.305650181
0.09146118,-9.108941597,-9.443621668
0.09151611,-9.108946059,-9.305023962
0.09157104,-9.108948662,-9.442385085
0.09162598,-9.108953066,-9.304406278
0.09168091,-9.108955637,-9.441164489
0.09173584,-9.108959984,-9.303796951
0.09179077,-9.108962524,-9.439959553
0.09184570,-9.108966817,-9.303195809
0.09190063,-9.108969325,-9.438769959
0.09195557,-9.108973564,-9.302602686
0.09201050,-9.108976043,-9.437595399
0.09206543,-9.108980229,-9.302017417
0.09212036,-9.108982678,-9.436435569
0.09217529,-9.108986812,-9.301439841
0.09223022,-9.108989232,-9.435290177
0.09228516,-9.108993316,-9.300869804
0.09234009,-9.108995708,-9.434158935
0.09239502,-9.108999742,-9.300307152
0.09244995,-9.109002106,-9.433041565
0.09250488,-9.109006091,-9.299751737
0.09255981,-9.109008428,-9.431937792
0.09261475,-9.109012365,-9.299203412
0.09266968,-9.109014675,-9.430847352
0.09272461,-9.109018566,-9.298662039
0.09277954,-9.109020850,-9.429769988
0.09283447,-9.109024695,-9.298127478
0.09288940,-9.109026953,-9.428705448
0.09294434,-9.109030753,-9.297599599
0.09299927,-9.109032986,-9.427653488
0.09305420,-9.109036741,-9.297078272
0.09310913,-9.109038950,-9.426613873
0.09316406,-9.109042662,-9.296563372
0.09321899,-9.109044846,-9.425586373
0.09327393,-9.109048516,-9.296054780
0.09332886,-9.109050677,-9.424570763
0.09338379,-9.109054305,-9.295552376
0.09343872,-9.109056442,-9.423566826
0.09349365,-9.109060029,-9.295056048
0.09354858,-9.109062143,-9.422574352
0.09360352,-9.109065690,-9.294565683
0.09365845,-9.109067782,-9.421593132
0.09371338,-9.109071290,-9.294081173
0.09376831,-9.109073359,-9.420622966
0.09382324,-9.109076828,-9.293602412
0.09387817,-9.109078876,-9.419663657
0.09393311,-9.109082307,-9.293129294
0.09398804,-9.109084333,-9.418715012
0.09404297,-9.109087727,-9.292661720
0.09409790,-9.109089732,-9.417776843
0.09415283,-9.109093090,-9.292199588
0.09420776,-9.109095074,-9.416848966
0.09426270,-9.109098396,-9.291742802
0.09431763,-9.109100360,-9.415931202
0.09437256,-9.109103646,-9.291291265
0.09442749,-9.109105591,-9.415023374
0.09448242,-9.109108842,-9.290844886
0.09453735,-9.109110767,-9.414125312
0.09459229,-9.109113984,-9.290403572
0.09464722,-9.109115890,-9.413236847
0.09470215,-9.109119074,-9.289967236
0.09475708,-9.109120961,-9.412357817
0.09481201,-9.109124111,-9.289535791
0.09486694,-9.109125980,-9.411488062
0.09492188,-9.109129098,-9.289109154
0.09497681,-9.109130948,-9.410627427
0.09503174,-9.109134034,-9.288687242
0.09508667,-9.109135866,-9.409775761
0.09514160,-9.109138921,-9.288269976
0.09519653,-9.109140736,-9.408932916
0.09525146,-9.109143760,-9.287857279
0.09530640,-9.109145557,-9.408098749
0.09536133,-9.109148551,-9.287449075
0.09541626,-9.109150331,-9.407273117
0.09547119,-9.109153296,-9.287045291
0.09552612,-9.109155059,-9.406455885
0.09558105,-9.109157994,-9.286645855
0.09563599,-9.109159740,-9.405646918
0.09569092,-9.109162646,-9.286250694
0.09574585,-9.109164377,-9.404846083
0.09580078,-9.109167254,-9.285859742
0.09585571,-9.109168969,-9.404053252
0.09591064,-9.109171819,-9.285472929
0.09596558,-9.109173517,-9.403268299
0.09602051,-9.109176340,-9.285090189
0.09607544,-9.109178023,-9.402491101
0.09613037,-9.109180818,-9.284711457
0.09618530,-9.109182486,-9.401721535
0.09624023,-9.109185255,-9.284336670
0.09629517,-9.109186907,-9.400959484
0.09635010,-9.109189650,-9.283965763
0.09640503,-9.109191288,-9.400204830
0.09645996,-9.109194005,-9.283598677
0.09651489,-9.109195628,-9.399457460
0.09656982,-9.109198319,-9.283235350
0.09662476,-9.109199928,-9.398717264
0.09667969,-9.109202595,-9.282875725
0.09673462,-9.109204189,-9.397984131
0.09678955,-9.109206831,-9.282519744
0.09684448,-9.109208412,-9.397257955
0.09689941,-9.109211030,-9.282167351
0.09695435,-9.109212597,-9.396538632
0.09700928,-9.109215191,-9.281818492
0.09706421,-9.109216744,-9.395826061
0.09711914,-9.109219314,-9.281473114
0.09717407,-9.109220855,-9.395120142
0.09722900,-9.109223402,-9.281131165
0.09728394,-9.109224929,-9.394420777
0.09733887,-9.109227453,-9.280792594
0.09739380,-9.109228967,-9.393727873
0.09744873,-9.109231469,-9.280457353
0.09750366,-9.109232970,-9.393041335
0.09755859,-9.109235450,-9.280125392
0.09761353,-9.109236939,-9.392361073
0.09766846,-9.109239397,-9.279796664
0.09772339,-9.109240873,-9.391686998
0.09777832,-9.109243309,-9.279471124
0.09783325,-9.109244774,-9.391019022
0.09788818,-9.109247189,-9.279148726
0.09794312,-9.109248641,-9.390357059
0.09799805,-9.109251035,-9.278829424
0.09805298,-9.109252475,-9.389701025
0.09810791,-9.109254849,-9.278513176
0.09816284,-9.109256278,-9.389050838
0.09821777,-9.109258631,-9.278199938
0.09827271,-9.109260048,-9.388406416
0.09832764,-9.109262381,-9.277889668
0.09838257,-9.109263787,-9.387767679
0.09843750,-9.109266100,-9.277582324
0.09849243,-9.109267495,-9.387134550
0.09854736,-9.109269789,-9.277277866
0.09860229,-9.109271172,-9.386506951
0.09865723,-9.109273447,-9.276976252
0.09871216,-9.109274819,-9.385884807
0.09876709,-9.109277075,-9.276677445
0.09882202,-9.109278437,-9.385268043
0.09887695,-9.109280674,-9.276381405
0.09893188,-9.109282025,-9.384656588
0.09898682,-9.109284244,-9.276088094
0.09904175,-9.109285584,-9.384050369
0.09909668,-9.109287785,-9.275797475
0.09915161,-9.109289115,-9.383449317
0.09920654,-9.109291298,-9.275509512
0.09926147,-9.109292618,-9.382853363
0.09931641,-9.109294783,-9.275224169
0.09937134,-9.109296093,-9.382262440
0.09942627,-9.109298240,-9.274941412
0.09948120,-9.109299540,-9.381676482
0.09953613,-9.109301671,-9.274661206
0.09959106,-9.109302961,-9.381095425
0.09964600,-9.109305074,-9.274383517
0.09970093,-9.109306354,-9.380519205
0.09975586,-9.109308451,-9.274108313
0.09981079,-9.109309722,-9.379947759
0.09986572,-9.109311802,-9.273835562
0.09992065,-9.109313063,-9.379381027
0.09997559,-9.109315127,-9.273565232
0.10003052,-9.109316379,-9.378818949
0.10008545,-9.109318426,-9.273297292
0.10014038,-9.109319669,-9.378261466
0.10019531,-9.109321701,-9.273031711
0.10025024,-9.109322935,-9.377708518
0.10030518,-9.109324951,-9.272768460
0.10036011,-9.109326175,-9.377160051
0.10041504,-9.109328176,-9.272507507
0.10046997,-9.109329392,-9.376616006
0.10052490,-9.109331377,-9.272248825
0.10057983,-9.109332584,-9.376076329
0.10063477,-9.109334554,-9.271992384
0.10068970,-9.109335752,-9.375540966
0.10074463,-9.109337707,-9.271738157
0.10079956,-9.109338897,-9.375009862
0.10085449,-9.109340838,-9.271486114
0.10090942,-9.109342019,-9.374482966
0.10096436,-9.109343945,-9.271236230
0.10101929,-9.109345118,-9.373960225
0.10107422,-9.109347029,-9.270988475
0.10112915,-9.109348194,-9.373441588
0.10118408,-9.109350092,-9.270742825
0.10123901,-9.109351248,-9.372927006
0.10129395,-9.109353131,-9.270499253
0.10134888,-9.109354280,-9.372416428
0.10140381,-9.109356149,-9.270257733
0.10145874,-9.109357290,-9.371909807
0.10151367,-9.109359146,-9.270018240
0.10156860,-9.109360279,-9.371407094
0.10162354,-9.109362121,-9.269780749
0.10167847,-9.109363246,-9.370908244
0.10173340,-9.109365075,-9.269545236
0.10178833,-9.109366192,-9.370413210
0.10184326,-9.109368008,-9.269311678
0.10189819,-9.109369118,-9.369921946
0.10195313,-9.109370920,-9.269080050
0.10200806,-9.109372022,-9.369434409
0.10206299,-9.109373812,-9.268850330
0.10211792,-9.109374907,-9.368950555
0.10217285,-9.109376684,-9.268622496
0.10222778,-9.109377772,-9.368470340
0.10228271,-9.109379536,-9.268396525
0.10233765,-9.109380616,-9.367993723
0.10239258,-9.109382368,-9.268172395
0.10244751,-9.109383441,-9.367520662
0.10250244,-9.109385181,-9.267950085
0.10255737,-9.109386247,-9.367051116
0.10261230,-9.109387975,-9.267729575
0.10266724,-9.109389034,-9.366585045
0.10272217,-9.109390749,-9.267510842
0.10277710,-9.109391801,-9.366122409
0.10283203,-9.109393505,-9.267293868
0.10288696,-9.109394550,-9.365663169
0.10294189,-9.109396242,-9.267078630
0.10299683,-9.109397281,-9.365207286
0.10305176,-9.109398961,-9.266865111
0.10310669,-9.109399993,-9.364754722
0.10316162,-9.109401662,-9.266653289
0.10321655,-9.109402687,-9.364305441
0.10327148,-9.109404344,-9.266443146
0.10332642,-9.109405363,-9.363859405
0.10338135,-9.109407009,-9.266234662
0.10343628,-9.109408022,-9.363416578
0.10349121,-9.109409657,-9.266027819
0.10354614,-9.109410663,-9.362976923
0.10360107,-9.109412287,-9.265822598
0.10365601,-9.109413287,-9.362540407
0.10371094,-9.109414900,-9.265618980
0.10376587,-9.109415893,-9.362106994
0.10382080,-9.109417496,-9.265416948
0.10387573,-9.109418483,-9.361676650
0.10393066,-9.109420075,-9.265216484
0.10398560,-9.109421056,-9.361249341
0.10404053,-9.109422637,-9.265017571
0.10409546,-9.109423612,-9.360825035
0.10415039,-9.109425183,-9.264820190
0.10420532,-9.109426152,-9.360403698
0.10426025,-9.109427713,-9.264624326
0.10431519,-9.109428676,-9.359985300
0.10437012,-9.109430227,-9.264429961
0.10442505,-9.109431184,-9.359569807
0.10447998,-9.109432724,-9.264237080
0.10453491,-9.109433676,-9.359157190
0.10458984,-9.109435206,-9.264045665
0.10464478,-9.109436152,-9.358747418
0.10469971,-9.109437673,-9.263855703
0.10475464,-9.109438613,-9.358340461
0.10480957,-9.109440124,-9.263667176
0.10486450,-9.109441058,-9.357936288
0.10491943,-9.109442559,-9.263480069
0.10497437,-9.109443488,-9.357534872
0.10502930,-9.109444980,-9.263294368
0.10508423,-9.109445903,-9.357136184
0.10513916,-9.109447386,-9.263110058
0.10519409,-9.109448303,-9.356740195
0.10524902,-9.109449776,-9.262927123
0.10530396,-9.109450689,-9.356346877
0.10535889,-9.109452153,-9.262745551
0.10541382,-9.109453060,-9.355956203
0.10546875,-9.109454515,-9.262565325
0.10552368,-9.109455416,-9.355568147
0.10557861,-9.109456862,-9.262386432
0.10563354,-9.109457758,-9.355182680
0.10568848,-9.109459195,-9.262208859
0.10574341,-9.109460087,-9.354799777
0.10579834,-9.109461514,-9.262032591
0.10585327,-9.109462401,-9.354419412
0.10590820,-9.109463820,-9.261857615
0.10596313,-9.109464701,-9.354041559
0.10601807,-9.109466111,-9.261683918
0.10607300,-9.109466987,-9.353666194
0.10612793,-9.109468389,-9.261511487
0.10618286,-9.109469260,-9.353293289
0.10623779,-9.109470653,-9.261340307
0.10629272,-9.109471520,-9.352922822
0.10634766,-9.109472904,-9.261170367
0.10640259,-9.109473766,-9.352554768
0.10645752,-9.109475142,-9.261001654
0.10651245,-9.109475999,-9.352189103
0.10656738,-9.109477367,-9.260834156
0.10662231,-9.109478219,-9.351825802
0.10667725,-9.109479579,-9.260667859
0.10673218,-9.109480426,-9.351464844
0.10678711,-9.109481778,-9.260502752
0.10684204,-9.109482620,-9.351106204
0.10689697,-9.109483964,-9.260338823
0.10695190,-9.109484801,-9.350749860
0.10700684,-9.109486137,-9.260176060
0.10706177,-9.109486970,-9.350395789
0.10711670,-9.109488299,-9.260014451
0.10717163,-9.109489127,-9.350043970
0.10722656,-9.109490447,-9.259853985
0.10728149,-9.109491271,-9.349694381
0.10733643,-9.109492584,-9.259694651
0.10739136,-9.109493403,-9.349347000
0.10744629,-9.109494708,-9.259536437
0.10750122,-9.109495523,-9.349001805
0.10755615,-9.109496821,-9.259379333
0.10761108,-9.109497631,-9.348658778
0.10766602,-9.109498921,-9.259223328
0.10772095,-9.109499727,-9.348317895
0.10777588,-9.109501010,-9.259068411
0.10783081,-9.109501812,-9.347979138
0.10788574,-9.109503087,-9.258914572
0.10794067,-9.109503885,-9.347642486
0.10799561,-9.109505153,-9.258761800
0.10805054,-9.109505946,-9.347307920
0.10810547,-9.109507207,-9.258610086
0.10816040,-9.109507996,-9.346975419
0.10821533,-9.109509250,-9.258459418
0.10827026,-9.109510035,-9.346644965
0.10832520,-9.109511281,-9.258309788
0.10838013,-9.109512062,-9.346316539
0.10843506,-9.109513301,-9.258161185
0.10848999,-9.109514078,-9.345990121
0.10854492,-9.109515311,-9.258013599
0.10859985,-9.109516084,-9.345665694
0.10865479,-9.109517309,-9.257867022
0.10870972,-9.109518078,-9.345343238
0.10876465,-9.109519297,-9.257721443
0.10881958,-9.109520062,-9.345022735
0.10887451,-9.109521274,-9.257576853
0.10892944,-9.109522035,-9.344704169
0.10898438,-9.109523240,-9.257433243
0.10903931,-9.109523997,-9.344387520
0.10909424,-9.109525196,-9.257290604
0.10914917,-9.109525949,-9.344072771
0.10920410,-9.109527141,-9.257148926
0.10925903,-9.109527890,-9.343759905
0.10931396,-9.109529076,-9.257008201
0.10936890,-9.109529821,-9.343448905
0.10942383,-9.109531001,-9.256868419
0.10947876,-9.109531742,-9.343139754
0.10953369,-9.109532915,-9.256729573
0.10958862,-9.109533653,-9.342832435
0.10964355,-9.109534820,-9.256591652
0.10969849,-9.109535554,-9.342526932
0.10975342,-9.109536714,-9.256454650
0.10980835,-9.109537445,-9.342223228
0.10986328,-9.109538599,-9.256318557
0.10991821,-9.109539325,-9.341921308
0.10997314,-9.109540473,-9.256183365
0.11002808,-9.109541197,-9.341621155
0.11008301,-9.109542338,-9.256049066
0.11013794,-9.109543058,-9.341322754
0.11019287,-9.109544194,-9.255915652
0.11024780,-9.109544910,-9.341026088
0.11030273,-9.109546040,-9.255783115
0.11035767,-9.109546752,-9.340731144
0.11041260,-9.109547876,-9.255651446
0.11046753,-9.109548585,-9.340437906
0.11052246,-9.109549703,-9.255520639
0.11057739,-9.109550409,-9.340146359
0.11063232,-9.109551521,-9.255390686
0.11068726,-9.109552223,-9.339856488
0.11074219,-9.109553329,-9.255261578
0.11079712,-9.109554028,-9.339568279
0.11085205,-9.109555128,-9.255133310
0.11090698,-9.109555824,-9.339281717
0.11096191,-9.109556918,-9.255005872
0.11101685,-9.109557610,-9.338996789
0.11107178,-9.109558700,-9.254879259
0.11112671,-9.109559388,-9.338713480
0.11118164,-9.109560472,-9.254753463
0.11123657,-9.109561157,-9.338431776
0.11129150,-9.109562235,-9.254628476
0.11134644,-9.109562917,-9.338151664
0.11140137,-9.109563990,-9.254504292
0.11145630,-9.109564669,-9.337873130
0.11151123,-9.109565736,-9.254380904
0.11156616,-9.109566412,-9.337596161
0.11162109,-9.109567473,-9.254258305
0.11167603,-9.109568146,-9.337320744
0.11173096,-9.109569202,-9.254136488
0.11178589,-9.109569871,-9.337046865
0.11184082,-9.109570922,-9.254015447
0.11189575,-9.109571589,-9.336774512
0.11195068,-9.109572634,-9.253895175
0.11200562,-9.109573297,-9.336503672
0.11206055,-9.109574338,-9.253775664
0.11211548,-9.109574998,-9.336234332
0.11217041,-9.109576033,-9.253656910
0.11222534,-9.109576690,-9.335966480
0.11228027,-9.109577720,-9.253538905
0.11233521,-9.109578374,-9.335700103
0.11239014,-9.109579399,-9.253421643
0.11244507,-9.109580050,-9.335435189
0.11250000,-9.109581070,-9.253305117
0.11255493,-9.109581718,-9.335171725
0.11260986,-9.109582733,-9.253189322
0.11266479,-9.109583378,-9.334909701
0.11271973,-9.109584387,-9.253074251
0.11277466,-9.109585029,-9.334649104
0.11282959,-9.109586034,-9.252959898
0.11288452,-9.109586674,-9.334389921
0.11293945,-9.109587674,-9.252846257
0.11299438,-9.109588310,-9.334132143
0.11304932,-9.109589305,-9.252733323
0.11310425,-9.109589938,-9.333875757
0.11315918,-9.109590929,-9.252621088
0.11321411,-9.109591559,-9.333620752
0.11326904,-9.109592545,-9.252509548
0.11332397,-9.109593172,-9.333367116
0.11337891,-9.109594153,-9.252398697
0.11343384,-9.109594778,-9.333114840
0.11348877,-9.109595754,-9.252288529
0.11354370,-9.109596376,-9.332863911
0.11359863,-9.109597348,-9.252179038
0.11365356,-9.109597967,-9.332614318
0.11370850,-9.109598934,-9.252070219
0.11376343,-9.109599551,-9.332366053
0.11381836,-9.109600513,-9.251962067
0.11387329,-9.109601127,-9.332119103
0.11392822,-9.109602084,-9.251854575
0.11398315,-9.109602695,-9.331873458
0.11403809,-9.109603648,-9.251747740
0.11409302,-9.109604257,-9.331629108
0.11414795,-9.109605206,-9.251641555
0.11420288,-9.109605812,-9.331386044
0.11425781,-9.109606756,-9.251536016
0.11431274,-9.109607359,-9.331144254
0.11436768,-9.109608299,-9.251431117
0.11442261,-9.109608899,-9.330903728
0.11447754,-9.109609834,-9.251326853
0.11453247,-9.109610433,-9.330664458
0.11458740,-9.109611363,-9.251223219
0.11464233,-9.109611959,-9.330426433
0.11469727,-9.109612886,-9.251120210
0.11475220,-9.109613478,-9.330189643
0.11480713,-9.109614401,-9.251017822
0.11486206,-9.109614991,-9.329954080
0.11491699,-9.109615909,-9.250916050
0.11497192,-9.109616497,-9.329719733
0.11502686,-9.109617411,-9.250814888
0.11508179,-9.109617996,-9.329486593
0.11513672,-9.109618906,-9.250714332
0.11519165,-9.109619489,-9.329254651
0.11524658,-9.109620394,-9.250614377
0.11530151,-9.109620975,-9.329023898
0.11535645,-9.109621876,-9.250515019
0.11541138,-9.109622454,-9.328794325
0.11546631,-9.109623351,-9.250416253
0.11552124,-9.109623927,-9.328565923
0.11557617,-9.109624820,-9.250318074
0.11563110,-9.109625393,-9.328338682
0.11568604,-9.109626282,-9.250220478
0.11574097,-9.109626853,-9.328112594
0.11579590,-9.109627738,-9.250123460
0.11585083,-9.109628306,-9.327887651
0.11590576,-9.109629188,-9.250027017
0.11596069,-9.109629754,-9.327663843
0.11601562,-9.109630631,-9.249931142
0.11607056,-9.109631195,-9.327441162
0.11612549,-9.109632068,-9.249835833
0.11618042,-9.109632629,-9.327219600
0.11623535,-9.109633499,-9.249741084
0.11629028,-9.109634058,-9.326999148
0.11634521,-9.109634923,-9.249646892
0.11640015,-9.109635480,-9.326779798
0.11645508,-9.109636342,-9.249553251
0.11651001,-9.109636896,-9.326561541
0.11656494,-9.109637754,-9.249460159
0.11661987,-9.109638306,-9.326344370
0.11667480,-9.109639160,-9.249367610
0.11672974,-9.109639710,-9.326128277
0.11678467,-9.109640561,-9.249275601
0.11683960,-9.109641108,-9.325913253
0.11689453,-9.109641955,-9.249184128
0.11694946,-9.109642500,-9.325699291
0.11700439,-9.109643343,-9.249093186
0.11705933,-9.109643887,-9.325486383
0.11711426,-9.109644726,-9.249002772
0.11716919,-9.109645267,-9.325274521
0.11722412,-9.109646103,-9.248912881
0.11727905,-9.109646642,-9.325063698
0.11733398,-9.109647474,-9.248823511
0.11738892,-9.109648011,-9.324853906
0.11744385,-9.109648839,-9.248734656
0.11749878,-9.109649374,-9.324645137
0.11755371,-9.109650199,-9.248646313
0.11760864,-9.109650731,-9.324437385
0.11766357,-9.109651552,-9.248558479
0.11771851,-9.109652083,-9.324230642
0.11777344,-9.109652901,-9.248471149
0.11782837,-9.109653429,-9.324024901
0.11788330,-9.109654243,-9.248384321
0.11793823,-9.109654770,-9.323820155
0.11799316,-9.109655581,-9.248297990
0.11804810,-9.109656105,-9.323616396
0.11810303,-9.109656912,-9.248212153
0.11815796,-9.109657434,-9.323413618
0.11821289,-9.109658238,-9.248126806
0.11826782,-9.109658759,-9.323211814
0.11832275,-9.109659559,-9.248041946
0.11837769,-9.109660077,-9.323010977
0.11843262,-9.109660875,-9.247957570
0.11848755,-9.109661391,-9.322811101
0.11854248,-9.109662184,-9.247873674
0.11859741,-9.109662699,-9.322612178
0.11865234,-9.109663489,-9.247790254
0.11870728,-9.109664001,-9.322414202
0.11876221,-9.109664789,-9.247707307
0.11881714,-9.109665299,-9.322217167
0.11887207,-9.109666083,-9.247624831
0.11892700,-9.109666591,-9.322021066
0.11898193,-9.109667372,-9.247542821
0.11903687,-9.109667878,-9.321825892
0.11909180,-9.109668655,-9.247461274
0.11914673,-9.109669160,-9.321631639
0.11920166,-9.109669934,-9.247380188
0.11925659,-9.109670436,-9.321438302
0.11931152,-9.109671208,-9.247299558
0.11936646,-9.109671708,-9.321245872
0.11942139,-9.109672476,-9.247219382
0.11947632,-9.109672975,-9.321054345
0.11953125,-9.109673739,-9.247139657
0.11958618,-9.109674236,-9.320863715
0.11964111,-9.109674998,-9.247060379
0.11969604,-9.109675493,-9.320673974
0.11975098,-9.109676251,-9.246981545
0.11980591,-9.109676744,-9.320485117
0.11986084,-9.109677500,-9.246903152
0.11991577,-9.109677991,-9.320297138
0.11997070,-9.109678743,-9.246825197
0.12002563,-9.109679233,-9.320110031
0.12008057,-9.109679982,-9.246747678
0.12013550,-9.109680470,-9.319923790
0.12019043,-9.109681216,-9.246670590
0.12024536,-9.109681702,-9.319738409
0.12030029,-9.109682445,-9.246593931
0.12035522,-9.109682929,-9.319553882
0.12041016,-9.109683669,-9.246517697
0.12046509,-9.109684151,-9.319370203
0.12052002,-9.109684889,-9.246441887
0.12057495,-9.109685369,-9.319187368
0.12062988,-9.109686104,-9.246366497
0.12068481,-9.109686582,-9.319005369
0.12073975,-9.109687314,-9.246291523
0.12079468,-9.109687791,-9.318824202
0.12084961,-9.109688519,-9.246216964
0.12090454,-9.109688994,-9.318643861
0.12095947,-9.109689720,-9.246142816
0.12101440,-9.109690194,-9.318464340
0.12106934,-9.109690916,-9.246069077
0.12112427,-9.109691388,-9.318285634
0.12117920,-9.109692108,-9.245995743
0.12123413,-9.109692578,-9.318107737
0.12128906,-9.109693295,-9.245922812
0.12134399,-9.109693764,-9.317930645
0.12139893,-9.109694478,-9.245850281
0.12145386,-9.109694945,-9.317754351
0.12150879,-9.109695656,-9.245778147
0.12156372,-9.109696121,-9.317578850
0.12161865,-9.109696830,-9.245706408
0.12167358,-9.109697293,-9.317404138
0.12172852,-9.109697999,-9.245635061
0.12178345,-9.109698461,-9.317230209
0.12183838,-9.109699164,-9.245564104
0.12189331,-9.109699624,-9.317057058
0.12194824,-9.109700325,-9.245493533
0.12200317,-9.109700783,-9.316884679
0.12205811,-9.109701481,-9.245423347
0.12211304,-9.109701938,-9.316713069
0.12216797,-9.109702633,-9.245353542
0.12222290,-9.109703088,-9.316542222
0.12227783,-9.109703781,-9.245284117
0.12233276,-9.109704234,-9.316372132
0.12238770,-9.109704924,-9.245215068
0.12244263,-9.109705376,-9.316202796
0.12249756,-9.109706063,-9.245146394
0.12255249,-9.109706513,-9.316034209
0.12260742,-9.109707198,-9.245078092
0.12266235,-9.109707647,-9.315866365
0.12271729,-9.109708329,-9.245010159
0.12277222,-9.109708776,-9.315699260
0.12282715,-9.109709456,-9.244942593
0.12288208,-9.109709901,-9.315532890
0.12293701,-9.109710578,-9.244875393
0.12299194,-9.109711022,-9.315367249
0.12304688,-9.109711696,-9.244808555
0.12310181,-9.109712139,-9.315202334
0.12315674,-9.109712811,-9.244742077
0.12321167,-9.109713252,-9.315038139
0.12326660,-9.109713921,-9.244675958
0.12332153,-9.109714360,-9.314874661
0.12337646,-9.109715027,-9.244610194
0.12343140,-9.109715465,-9.314711894
0.12348633,-9.109716130,-9.244544785
0.12354126,-9.109716566,-9.314549835
0.12359619,-9.109717228,-9.244479726
0.12365112,-9.109717663,-9.314388479
0.12370605,-9.109718322,-9.244415017
0.12376099,-9.109718756,-9.314227822
0.12381592,-9.109719412,-9.244350655
0.12387085,-9.109719844,-9.314067859
0.12392578,-9.109720499,-9.244286639
0.12398071,-9.109720929,-9.313908586
0.12403564,-9.109721582,-9.244222965
0.12409058,-9.109722011,-9.313749999
0.12414551,-9.109722660,-9.244159632
0.12420044,-9.109723088,-9.313592094
0.12425537,-9.109723735,-9.244096637
0.12431030,-9.109724161,-9.313434866
0.12436523,-9.109724806,-9.244033980
0.12442017,-9.109725231,-9.313278312
0.12447510,-9.109725874,-9.243971656
0.12453003,-9.109726297,-9.313122427
0.12458496,-9.109726937,-9.243909665
0.12463989,-9.109727359,-9.312967207
0.12469482,-9.109727997,-9.243848005
0.12474976,-9.109728418,-9.312812648
0.12480469,-9.109729053,-9.243786672
0.12485962,-9.109729472,-9.312658746
0.12491455,-9.109730105,-9.243725666
0.12496948,-9.109730523,-9.312505498
0.12502441,-9.109731154,-9.243664984
0.12507935,-9.109731571,-9.312352898
0.12513428,-9.109732199,-9.243604625
0.12518921,-9.109732614,-9.312200943
0.12524414,-9.109733241,-9.243544585
0.12529907,-9.109733654,-9.312049629
0.12535400,-9.109734278,-9.243484863
0.12540894,-9.109734691,-9.311898952
0.12546387,-9.109735313,-9.243425457
0.12551880,-9.109735724,-9.311748908
0.12557373,-9.109736343,-9.243366366
0.12562866,-9.109736753,-9.311599493
0.12568359,-9.109737370,-9.243307586
0.12573853,-9.109737779,-9.311450704
0.12579346,-9.109738394,-9.243249116
0.12584839,-9.109738801,-9.311302536
0.12590332,-9.109739414,-9.243190955
0.12595825,-9.109739820,-9.311154986
0.12601318,-9.109740431,-9.243133099
0.12606812,-9.109740835,-9.311008050
0.12612305,-9.109741444,-9.243075547
0.12617798,-9.109741847,-9.310861724
0.12623291,-9.109742453,-9.243018298
0.12628784,-9.109742855,-9.310716004
0.12634277,-9.109743459,-9.242961349
0.12639771,-9.109743860,-9.310570887
0.12645264,-9.109744462,-9.242904697
0.12650757,-9.109744861,-9.310426369
0.12656250,-9.109745462,-9.242848343
0.12661743,-9.109745859,-9.310282445
0.12667236,-9.109746458,-9.242792282
0.12672729,-9.109746854,-9.310139114
0.12678223,-9.109747450,-9.242736514
0.12683716,-9.109747846,-9.309996370
0.12689209,-9.109748440,-9.242681037
0.12694702,-9.109748834,-9.309854211
0.12700195,-9.109749426,-9.242625848
0.12705688,-9.109749819,-9.309712633
0.12711182,-9.109750409,-9.242570946
0.12716675,-9.109750800,-9.309571631
0.12722168,-9.109751388,-9.242516329
0.12727661,-9.109751778,-9.309431204
0.12733154,-9.109752364,-9.242461996
0.12738647,-9.109752753,-9.309291347
0.12744141,-9.109753337,-9.242407944
0.12749634,-9.109753725,-9.309152057
0.12755127,-9.109754307,-9.242354171
0.12760620,-9.109754693,-9.309013330
0.12766113,-9.109755273,-9.242300677
0.12771606,-9.109755659,-9.308875163
0.12777100,-9.109756237,-9.242247458
0.12782593,-9.109756621,-9.308737553
0.12788086,-9.109757197,-9.242194514
0.12793579,-9.109757580,-9.308600496
0.12799072,-9.109758154,-9.242141843
0.12804565,-9.109758536,-9.308463989
0.12810059,-9.109759108,-9.242089442
0.12815552,-9.109759489,-9.308328029
0.12821045,-9.109760059,-9.242037311
0.12826538,-9.109760438,-9.308192613
0.12832031,-9.109761006,-9.241985447
0.12837524,-9.109761385,-9.308057737
0.12843018,-9.109761951,-9.241933850
0.12848511,-9.109762328,-9.307923398
0.12854004,-9.109762892,-9.241882517
0.12859497,-9.109763268,-9.307789593
0.12864990,-9.109763831,-9.241831446
0.12870483,-9.109764206,-9.307656319
0.12875977,-9.109764766,-9.241780637
0.12881470,-9.109765140,-9.307523573
0.12886963,-9.109765699,-9.241730087
0.12892456,-9.109766071,-9.307391351
0.12897949,-9.109766628,-9.241679795
0.12903442,-9.109767000,-9.307259651
0.12908936,-9.109767555,-9.241629760
0.12914429,-9.109767925,-9.307128470
0.12919922,-9.109768478,-9.241579980
0.12925415,-9.109768847,-9.306997805
0.12930908,-9.109769399,-9.241530454
0.12936401,-9.109769767,-9.306867653
0.12941895,-9.109770316,-9.241481179
0.12947388,-9.109770683,-9.306738010
0.12952881,-9.109771231,-9.241432155
0.12958374,-9.109771597,-9.306608874
0.12963867,-9.109772143,-9.241383380
0.12969360,-9.109772507,-9.306480243
0.12974854,-9.109773052,-9.241334852
0.12980347,-9.109773415,-9.306352112
0.12985840,-9.109773958,-9.241286571
0.12991333,-9.109774320,-9.306224480
0.12996826,-9.109774861,-9.241238535
0.13002319,-9.109775222,-9.306097344
0.13007813,-9.109775761,-9.241190742
0.13013306,-9.109776121,-9.305970700
0.13018799,-9.109776659,-9.241143191
0.13024292,-9.109777018,-9.305844546
0.13029785,-9.109777553,-9.241095880
0.13035278,-9.109777911,-9.305718880
0.13040771,-9.109778445,-9.241048809
0.13046265,-9.109778802,-9.305593698
0.13051758,-9.109779334,-9.241001976
0.13057251,-9.109779690,-9.305468998
0.13062744,-9.109780220,-9.240955379
0.13068237,-9.109780576,-9.305344777
0.13073730,-9.109781104,-9.240909017
0.13079224,-9.109781458,-9.305221033
0.13084717,-9.109781985,-9.240862889
0.13090210,-9.109782338,-9.305097762
0.13095703,-9.109782863,-9.240816994
0.13101196,-9.109783215,-9.304974962
0.13106689,-9.109783738,-9.240771329
0.13112183,-9.109784089,-9.304852631
0.13117676,-9.109784611,-9.240725895
0.13123169,-9.109784961,-9.304730766
0.13128662,-9.109785481,-9.240680689
0.13134155,-9.109785830,-9.304609364
0.13139648,-9.109786348,-9.240635709
0.13145142,-9.109786696,-9.304488422
0.13150635,-9.109787213,-9.240590956
0.13156128,-9.109787560,-9.304367938
0.13161621,-9.109788075,-9.240546427
0.13167114,-9.109788421,-9.304247910
0.13172607,-9.109788934,-9.240502122
0.13178101,-9.109789279,-9.304128334
0.13183594,-9.109789791,-9.240458038
0.13189087,-9.109790135,-9.304009209
0.13194580,-9.109790645,-9.240414174
0.13200073,-9.109790988,-9.303890531
0.13205566,-9.109791497,-9.240370529
0.13211060,-9.109791839,-9.303772298
0.13216553,-9.109792346,-9.240327102
0.13222046,-9.109792687,-9.303654507
0.13227539,-9.109793192,-9.240283891
0.13233032,-9.109793532,-9.303537156
0.13238525,-9.109794036,-9.240240895
0.13244019,-9.109794375,-9.303420242
0.13249512,-9.109794878,-9.240198113
0.13255005,-9.109795216,-9.303303762
0.13260498,-9.109795717,-9.240155542
0.13265991,-9.109796054,-9.303187714
0.13271484,-9.109796553,-9.240113182
0.13276978,-9.109796889,-9.303072095
0.13282471,-9.109797387,-9.240071030
0.13287964,-9.109797722,-9.302956903
0.13293457,-9.109798218,-9.240029086
0.13298950,-9.109798552,-9.302842134
0.13304443,-9.109799047,-9.239987348
0.13309937,-9.109799380,-9.302727785
0.13315430,-9.109799873,-9.239945815
0.13320923,-9.109800206,-9.302613855
0.13326416,-9.109800697,-9.239904483
0.13331909,-9.109801029,-9.302500341
0.13337402,-9.109801519,-9.239863353
0.13342896,-9.109801849,-9.302387238
0.13348389,-9.109802338,-9.239822423
0.13353882,-9.109802667,-9.302274545
0.13359375,-9.109803155,-9.239781689
0.13364868,-9.109803483,-9.302162259
0.13370361,-9.109803969,-9.239741152
0.13375854,-9.109804297,-9.302050377
0.13381348,-9.109804781,-9.239700808
0.13386841,-9.109805108,-9.301938895
0.13392334,-9.109805590,-9.239660656
0.13397827,-9.109805916,-9.301827811
0.13403320,-9.109806397,-9.239620694
0.13408813,-9.109806722,-9.301717121
0.13414307,-9.109807202,-9.239580919
0.13419800,-9.109807526,-9.301606821
0.13425293,-9.109808005,-9.239541330
0.13430786,-9.109808328,-9.301496910
0.13436279,-9.109808805,-9.239501923
0.13441772,-9.109809127,-9.301387381
0.13447266,-9.109809603,-9.239462695
0.13452759,-9.109809924,-9.301278229
0.13458252,-9.109810398,-9.239423635
0.13463745,-9.109810719,-9.301169438
0.13469238,-9.109811191,-9.239384718
0.13474731,-9.109811511,-9.301060962
0.13480225,-9.109811982,-9.239345868
0.13485718,-9.109812301,-9.300952676
0.13491211,-9.109812771,-9.239306891
0.13496704,-9.109813089,-9.300844271
0.13502197,-9.109813557,-9.239267323
0.13507690,-9.109813874,-9.300735068
0.13513184,-9.109814341,-9.239226163
0.13518677,-9.109814658,-9.300623668
0.13524170,-9.109815123,-9.239181452
0.13529663,-9.109815438,-9.300507448
0.13535156,-9.109815903,-9.239129756
0.13540649,-9.109816217,-9.300381781
0.13546143,-9.109816680,-9.239065324
0.13551636,-9.109816993,-9.300239048
0.13557129,-9.109817454,-9.238979043
0.13562622,-9.109817767,-9.300067691
0.13568115,-9.109818226,-9.238857509
0.13573608,-9.109818538,-9.299850847
0.13579102,-9.109818995,-9.238681335
0.13584595,-9.109819305,-9.299564757
0.13590088,-9.109819761,-9.238423422
0.13595581,-9.109820069,-9.299177772
0.13601074,-9.109820523,-9.238048250
0.13606567,-9.109820829,-9.298647577
0.13612061,-9.109821279,-9.237507829
0.13617554,-9.109821583,-9.297918190
0.13623047,-9.109822030,-9.236738836
0.13628540,-9.109822330,-9.296919707
0.13634033,-9.109822773,-9.235663825
0.13639526,-9.109823070,-9.295571463
0.13645020,-9.109823507,-9.234195958
0.13650513,-9.109823798,-9.293776484
0.13656006,-9.109824229,-9.232228090
0.13661499,-9.109824513,-9.291416743
0.13666992,-9.109824936,-9.229630262
0.13672485,-9.109825211,-9.288358300
0.13677979,-9.109825624,-9.226259713
0.13683472,-9.109825889,-9.284463546
0.13688965,-9.109826289,-9.221976143
0.13694458,-9.109826540,-9.279604089
0.13699951,-9.109826926,-9.216614745
0.13705444,-9.109827161,-9.273606983
0.13710938,-9.109827529,-9.209976436
0.13716431,-9.109827745,-9.266259943
0.13721924,-9.109828091,-9.201853425
0.13727417,-9.109828283,-9.257351237
0.13732910,-9.109828604,-9.192064215
0.13738403,-9.109828769,-9.246708636
0.13743896,-9.109829060,-9.180479693
0.13749390,-9.109829193,-9.234220879
0.13754883,-9.109829449,-9.166881052
0.13760376,-9.109829545,-9.219602386
0.13765869,-9.109829761,-9.150961372
0.13771362,-9.109829814,-9.202502143
0.13776855,-9.109829984,-9.132440867
0.13782349,-9.109829987,-9.182649656
0.13787842,-9.109830103,-9.111154989
0.13793335,-9.109830050,-9.159926124
0.13798828,-9.109830107,-9.087083369
0.13804321,-9.109829992,-9.134369643
0.13809814,-9.109829984,-9.060336492
0.13815308,-9.109829799,-9.106139470
0.13820801,-9.109829717,-9.030560043
0.13826294,-9.109829454,-9.074612681
0.13831787,-9.109829289,-8.997196111
0.13837280,-9.109828939,-9.039189685
0.13842773,-9.109828682,-8.959930538
0.13848267,-9.109828235,-8.999680024
0.13853760,-9.109827875,-8.918823151
0.13859253,-9.109827322,-8.956304713
0.13864746,-9.109826851,-8.874242099
0.13870239,-9.109826184,-8.909564542
0.13875732,-9.109825595,-8.826743611
0.13881226,-9.109824808,-8.860101010
0.13886719,-9.109824089,-8.776957961
0.13892212,-9.109823168,-8.806466368
0.13897705,-9.109822304,-8.722253501
0.13903198,-9.109821233,-8.747260434
0.13908691,-9.109820208,-8.661462045
0.13914185,-9.109818969,-8.682425088
0.13919678,-9.109817769,-8.595047974
0.13925171,-9.109816349,-8.612910052
0.13930664,-9.109814961,-8.524325719
0.13936157,-9.109813349,-8.540103864
0.13941650,-9.109811764,-8.450849104
0.13947144,-9.109809951,-8.465443255
0.13952637,-9.109808162,-8.376082458
0.13958130,-9.109806141,-8.390211990
0.13963623,-9.109804143,-8.301259481
0.13969116,-9.109801908,-8.315450512
0.13974609,-9.109799676,-8.227125048
0.13980103,-9.109797194,-8.234128392
0.13985596,-9.109794694,-8.142671332
0.13991089,-9.109791927,-8.143160287
0.13996582,-9.109789129,-8.048115047
0.14002075,-9.109786047,-8.044972099
0.14007568,-9.109782927,-7.947485688
0.14013062,-9.109779510,-7.943343149
0.14018555,-9.109776050,-7.844935757
0.14024048,-9.109772284,-7.841633586
0.14029541,-9.109768472,-7.743672738
0.14035034,-9.109764344,-7.742326870
0.14040527,-9.109760171,-7.645872396
0.14046021,-9.109755674,-7.647067030
0.14051514,-9.109751131,-7.552868026
0.14057007,-9.109746256,-7.556825766
0.14062500,-9.109741334,-7.465353683
0.14067993,-9.109735983,-7.471984096
0.14073486,-9.109730532,-7.354291852
0.14078979,-9.109724595,-7.347605364
0.14084473,-9.109718509,-7.220162778
0.14089966,-9.109711911,-7.203922453
0.14095459,-9.109705128,-7.078458449
0.14100952,-9.109697823,-7.058367493
0.14106445,-9.109690306,-6.940985221
0.14111938,-9.109682260,-6.920965083
0.14117432,-9.109673981,-6.813333358
0.14122925,-9.109665163,-6.795581557
0.14128418,-9.109656091,-6.697688875
0.14133911,-9.109646467,-6.683239145
0.14139404,-9.109636569,-6.594441958
0.14144897,-9.109626100,-6.583628051
0.14150391,-9.109615334,-6.503067099
0.14155884,-9.109603973,-6.495818714
0.14161377,-9.109592287,-6.422570587
0.14166870,-9.109579974,-6.418509601
0.14172363,-9.109566759,-6.351095276
0.14177856,-9.109552550,-6.233200518
0.14183350,-9.109537331,-6.110001495
0.14188843,-9.109520912,-5.998685294
0.14194336,-9.109503453,-5.865863466
0.14199829,-9.109484649,-5.781882588
0.14205322,-9.109464758,-5.658343616
0.14210815,-9.109443386,-5.600061805
0.14216309,-9.109420841,-5.491066324
0.14221802,-9.109396670,-5.453025115
0.14227295,-9.109371195,-5.360955787
0.14232788,-9.109343901,-5.337975881
0.14238281,-9.109315118,-5.258999103
0.14243774,-9.109284267,-5.247064721
0.14249268,-9.109251680,-5.178675198
0.14254761,-9.109216703,-5.174661235
0.14260254,-9.109179648,-5.114716964
0.14265747,-9.109134211,-5.114614729
0.14271240,-9.109082352,-4.514725606
0.14276733,-9.109022607,-4.234425293
0.14282227,-9.108954733,-3.927847435
0.14287720,-9.108877838,-3.720354801
0.14293213,-9.108790494,-3.561129263
0.14298706,-9.108691434,-3.425387324
0.14304199,-9.108578126,-3.340656188
0.14309692,-9.108448300,-3.253642814
0.14315186,-9.108297742,-3.208929110
0.14320679,-9.108122139,-3.152056411
0.14326172,-9.107913870,-3.128397806
0.14331665,-9.107518892,-3.082990128
0.14337158,-9.106863943,-0.021432454
0.14342651,-9.105837964,1.566392248
0.14348145,-9.103892951,1.540065149
0.14353638,-9.099307438,1.956382080
0.14359131,-9.071808368,1.736427810
0.14364624,12.755201446,23.773927495
0.14370117,34.676224777,45.578475473
0.14375610,45.582234823,45.585994173
0.14381104,45.597393877,45.608793580
0.14386597,45.614118178,45.619442775
0.14392090,45.626733945,45.634025114
0.14397583,45.638851504,45.643677893
0.14403076,45.648687911,45.653697929
0.14408569,45.657872954,45.662047978
0.14414062,45.665619743,45.669191508
0.14419556,45.672818012,45.676444516
0.14425049,45.679039842,45.681635168
0.14430542,45.684835518,45.688035868
0.14436035,45.689934447,45.691833026
0.14441528,45.694708829,45.697584633
0.14447021,45.698967053,45.700349473
0.14452515,45.702978618,45.705607762
0.14458008,45.706595978,45.707584195
0.14463501,45.710025073,45.712465952
0.14468994,45.713145189,45.713824425
0.14474487,45.716120688,45.718416951
0.14479980,45.718848443,45.719279935
0.14485474,45.721464366,45.723648796
0.14490967,45.723877597,45.724106398
0.14496460,45.726203820,45.728301242
0.14501953,45.663128679,45.597956118
0.14507446,45.568963427,45.539970737
0.14512939,45.559816203,45.579661669
0.14518433,45.583010978,45.586360286
0.14523926,45.597116820,45.607873354
0.14529419,45.612785119,45.617696884
0.14534912,45.624595113,45.631493342
0.14540405,45.635966899,45.640440456
0.14545898,45.645202000,45.649963544
0.14551392,45.653834106,45.657704667
0.14556885,45.661118174,45.664531680
0.14562378,45.667886161,45.671240642
0.14567871,45.673737172,45.676233703
0.14573364,45.679182476,45.682131249
0.14578857,45.683972121,45.685812993
0.14584351,45.688449592,45.691086191
0.14589844,45.692440614,45.693795037
0.14595337,45.696192104,45.698589170
0.14600830,45.699571834,45.700554497
0.14606323,45.702767056,45.704979616
0.14611816,45.705670970,45.706362325
0.14617310,45.708431869,45.710501413
0.14622803,45.710959465,45.711417517
0.14628296,45.713375447,45.715333378
0.14633789,45.715600929,45.715868480
0.14639282,45.717738734,45.719608988
0.14644775,45.719718263,45.719827539
0.14650269,45.721628525,45.723429512
0.14655762,45.660777446,45.598125382
0.14661255,45.570032236,45.541939091
0.14666748,45.560745902,45.579552712
0.14672241,45.582552652,45.585552591
0.14677734,45.595728063,45.605903535
0.14683228,45.610453618,45.615003700
0.14688721,45.621543169,45.628082637
0.14694214,45.632246125,45.636409613
0.14699707,45.640941270,45.645472927
0.14705200,45.649077241,45.652681556
0.14710693,45.655946232,45.659210909
0.14716187,45.662329617,45.665448325
0.14721680,45.667849753,45.670251181
0.14727173,45.672984110,45.675717039
0.14732666,45.677500011,45.679282982
0.14738159,45.681716341,45.684149701
0.14743652,45.685473060,45.686796420
0.14749146,45.688997963,45.691199505
0.14754639,45.692171254,45.693143004
0.14760132,45.695164536,45.697186067
0.14765625,45.697882224,45.698578380
0.14771118,45.700459279,45.702340178
0.14776611,45.702815732,45.703291286
0.14782104,45.705061564,45.706831841
0.14787598,45.707127488,45.707423135
0.14793091,45.709105812,45.710788489
0.14798584,45.710934944,45.711081399
0.14804077,45.712694277,45.714307156
0.14809570,45.714328007,45.714348858
0.14815063,45.715905828,45.717462798
0.14820557,45.717376448,45.717290097
0.14826050,45.718802093,45.720314088
0.14831543,45.659143021,45.597971956
0.14837036,45.570374281,45.542776607
0.14842529,45.560854686,45.578932765
0.14848022,45.581643404,45.584354042
0.14853516,45.594098775,45.603843507
0.14859009,45.608103349,45.612363191
0.14864502,45.618621763,45.624880335
0.14869995,45.628792700,45.632705065
0.14875488,45.637045195,45.641385325
0.14880981,45.644771286,45.648157248
0.14886475,45.651287989,45.654418731
0.14891968,45.657342007,45.660265283
0.14897461,45.662571799,45.664878315
0.14902954,45.667430961,45.669983607
0.14908447,45.671699273,45.673414939
0.14913940,45.675677743,45.677940548
0.14919434,45.679216968,45.680493388
0.14924927,45.682530474,45.684567560
0.14930420,45.685508024,45.686448488
0.14935913,45.688309267,45.690170046
0.14941406,45.690847430,45.691524814
0.14946899,45.693247087,45.694969360
0.14952393,45.695436506,45.695903651
0.14957886,45.697516390,45.699129129
0.14963379,45.699425220,45.699721311
0.14968872,45.701246845,45.702772380
0.14974365,45.702927035,45.703081690
0.14979858,45.704537360,45.705993030
0.14985352,45.706029019,45.706065008
0.14990845,45.707464390,45.708863773
0.14996338,45.708798867,45.708733960
0.15001831,45.710087775,45.711441590
0.15007324,45.711289850,45.711138110
0.15012817,45.712454893,45.713771675
0.15018311,45.654606329,45.595440984
0.15023804,45.568585762,45.541730540
0.15029297,45.559016781,45.576303021
0.15034790,45.578759894,45.581216766
0.15040283,45.590513105,45.599809443
0.15045776,45.603797907,45.607786370
0.15051270,45.613761918,45.619737466
0.15056763,45.623415883,45.627094300
0.15062256,45.631248199,45.635402098
0.15067749,45.638588185,45.641774272
0.15073242,45.644780489,45.647786705
0.15078735,45.650534973,45.653283241
0.15084229,45.655506576,45.657729912
0.15089722,45.660124575,45.662519239
0.15095215,45.664180500,45.665841761
0.15100708,45.667957894,45.670074026
0.15106201,45.671316770,45.672559514
0.15111694,45.674457269,45.676355025
0.15117188,45.677277254,45.678199483
0.15122681,45.679925564,45.681651644
0.15128174,45.682322683,45.682993723
0.15133667,45.684584093,45.686174464
0.15139160,45.686644719,45.687114975
0.15144653,45.688597361,45.690079748
0.15150146,45.690386699,45.690693650
0.15155640,45.692089538,45.693485425
0.15161133,45.693657474,45.693829523
0.15166626,45.695155675,45.696481828
0.15172119,45.696540856,45.696599885
0.15177612,45.697869487,45.699139090
0.15183105,45.699102207,45.699065323
0.15188599,45.700288829,45.701512334
0.15194092,45.701393096,45.701273858
0.15199585,45.702459621,45.703645383
0.15205078,45.703454665,45.703263948
0.15210571,45.704418696,45.705573445
0.15216064,45.705320070,45.705066694
0.15221558,45.648692595,45.592318496
0.15227051,45.565615950,45.538913405
0.15232544,45.555937365,45.572961325
0.15238037,45.574671139,45.576380954
0.15243530,45.585860858,45.595340761
0.15249023,45.598448263,45.601555764
0.15254517,45.607967345,45.614378925
0.15260010,45.617114530,45.619850134
0.15265503,45.624608939,45.629367744
0.15270996,45.631565178,45.633762613
0.15276489,45.637496682,45.641230751
0.15281982,45.642949461,45.644668171
0.15287476,45.647714034,45.650759897
0.15292969,45.652086314,45.653412731
0.15298462,45.655972640,45.658532549
0.15303955,45.659543325,45.660554101
0.15309448,45.662758895,45.664963689
0.15314941,45.665720452,45.666477214
0.15320435,45.668415865,45.670354517
0.15325928,45.670905441,45.671456365
0.15331421,45.673191584,45.674926804
0.15336914,45.675309316,45.675691828
0.15342407,45.677269039,45.678846250
0.15347900,45.679089495,45.679332741
0.15353394,45.680785566,45.682238391
0.15358887,45.682365207,45.682492023
0.15364380,45.683845804,45.685199586
0.15369873,45.685228010,45.685256433
0.15375366,45.686530570,45.687804707
0.15380859,45.687749107,45.687693508
0.15386353,45.688903051,45.690112593
0.15391846,45.689984523,45.689856452
0.15397339,45.691013220,45.692169988
0.15402832,45.691978816,45.691787644
0.15408325,45.692901020,45.694014395
0.15413818,45.693767790,45.693521184
0.15419312,45.694598691,45.695676197
0.15424805,45.695380486,45.695084775
0.15430298,45.696132498,45.697180221
0.15435791,45.696840672,45.696501122
0.15441284,45.697524027,45.698546932
0.15446777,45.642518304,45.586489676
0.15452271,45.560835970,45.535182264
0.15457764,45.551191172,45.567200079
0.15463257,45.569257961,45.571315842
0.15468750,45.579870643,45.588425444
0.15474243,45.591983245,45.595541047
0.15479736,45.601032464,45.606523882
0.15485229,45.609830538,45.613137195
0.15490723,45.616959024,45.620780854
0.15496216,45.623650133,45.626519413
0.15501709,45.629291830,45.632064248
0.15507202,45.634536533,45.637008819
0.15512695,45.639065171,45.641121523
0.15518188,45.643268627,45.645415731
0.15523682,45.646957180,45.648498628
0.15529175,45.650386405,45.652274181
0.15534668,45.653431551,45.654588921
0.15540161,45.656271020,45.657953119
0.15545654,45.658815943,45.659678767
0.15551147,45.661197396,45.662716025
0.15556641,45.663347872,45.663979719
0.15562134,45.665367758,45.666755797
0.15567627,45.667203083,45.667650369
0.15573120,45.668933431,45.670216493
0.15578613,45.670513877,45.670811261
0.15584106,45.672009380,45.673207499
0.15589600,45.673381348,45.673555196
0.15595093,45.674684141,45.675813086
0.15600586,45.675883780,45.675954474
0.15606079,45.677026742,45.678099011
0.15611572,45.678082528,45.678066045
0.15617065,45.679091616,45.680117188
0.15622559,45.680026214,45.679935241
0.15628052,45.680922142,45.681909042
0.15633545,45.681753767,45.681598491
0.15639038,45.682553225,45.683507960
0.15644531,45.683296651,45.683085342
0.15650024,45.684013217,45.684941092
0.15655518,45.684680529,45.684419965
0.15661011,45.685325341,45.686230716
0.15666504,45.685926504,45.685622292
0.15671997,45.686508773,45.687395253
0.15677490,45.687052070,45.686708887
0.15682983,45.687579471,45.688450055
0.15688477,45.634001141,45.579552227
0.15693970,45.554497027,45.529441826
0.15699463,45.544878087,45.560314346
0.15704956,45.562192911,45.564071476
0.15710449,45.572304795,45.580538115
0.15715942,45.583894181,45.587250246
0.15721436,45.592538303,45.597826360
0.15726929,45.600955478,45.604084595
0.15732422,45.607772167,45.611459738
0.15737915,45.614176078,45.616892417
0.15743408,45.619574977,45.622257536
0.15748901,45.624596125,45.626934714
0.15754395,45.628931186,45.630927658
0.15759888,45.632955159,45.634982660
0.15765381,45.636485155,45.637987649
0.15770874,45.639765904,45.641544158
0.15776367,45.642677586,45.643811014
0.15781860,45.645390733,45.646970453
0.15787354,45.647820383,45.648670314
0.15792847,45.650091600,45.651512886
0.15798340,45.652140180,45.652767475
0.15803833,45.654061711,45.655355947
0.15809326,45.655805141,45.656254336
0.15814819,45.657446071,45.658637806
0.15820312,45.658942234,45.659246663
0.15825806,45.660355173,45.661463683
0.15831299,45.661648764,45.661833845
0.15836792,45.662874354,45.663914863
0.15842285,45.664000291,45.664085719
0.15847778,45.665070331,45.666054944
0.15853271,45.666056191,45.666057438
0.15858765,45.666995846,45.667934253
0.15864258,45.667863628,45.667793003
0.15869751,45.668693021,45.669593039
0.15875244,45.669460444,45.669327848
0.15880737,45.670195824,45.671063801
0.15886230,45.670877283,45.670690765
0.15891724,45.671531889,45.672373012
0.15897217,45.672139177,45.671905341
0.15902710,45.672723883,45.673542426
0.15908203,45.673266741,45.672991056
0.15913696,45.673790553,45.674590050
0.15919189,45.674277080,45.673964110
0.15924683,45.674747509,45.675530907
0.15930176,45.675184493,45.674838079
0.15935669,45.675607847,45.676377616
0.15941162,45.676001011,45.675624407
0.15946655,45.676382625,45.677140842
0.15952148,45.624090743,45.571040646
0.15957642,45.546535222,45.522029799
0.15963135,45.536948448,45.551867097
0.15968628,45.553593997,45.555320896
0.15974121,45.563258492,45.571196089
0.15979614,45.574379509,45.577562929
0.15985107,45.582659150,45.587755371
0.15990601,45.590732973,45.593710576
0.15996094,45.597267356,45.600824136
0.16001587,45.603410649,45.605997163
0.16007080,45.608588512,45.611179861
0.16012573,45.613405631,45.615631401
0.16018066,45.617563693,45.619495986
0.16023560,45.621423120,45.623350254
0.16029053,45.624807677,45.626265101
0.16034546,45.627951865,45.629638628
0.16040039,45.630740877,45.631843127
0.16045532,45.633337601,45.634832075
0.16051025,45.635661191,45.636490307
0.16056519,45.637830704,45.639171102
0.16062012,45.639785512,45.640399923
0.16067505,45.641616283,45.642832643
0.16072998,45.643275177,45.643717710
0.16078491,45.644833628,45.645949546
0.16083984,45.646252320,45.646555093
0.16089478,45.647589167,45.648623242
0.16094971,45.648810793,45.648998345
0.16100464,45.649965316,45.650932288
0.16105957,45.651023665,45.651115042
0.16111450,45.652026669,45.652938296
0.16116943,45.652948488,45.652958681
0.16122437,45.653824406,45.654690131
0.16127930,45.654631082,45.654572032
0.16133423,45.655399491,45.656226951
0.16138916,45.656108278,45.655989605
0.16144409,45.656785014,45.657580424
0.16149902,45.657409955,45.657239486
0.16155396,45.658007939,45.658776393
0.16160889,45.658560556,45.658344718
0.16166382,45.659090416,45.659836114
0.16171875,45.659580232,45.659324351
0.16177368,45.660050778,45.660777205
0.16182861,45.660485726,45.660194247
0.16188354,45.660904311,45.661614375
0.16193848,45.661291039,45.660967704
0.16199341,45.661663844,45.662359985
0.16204834,45.662007963,45.661655940
0.16210327,45.662340215,45.663024491
0.16215820,45.662646485,45.662268480
0.16221313,45.662942634,45.663616788
0.16226807,45.663215121,45.662813454
0.16232300,45.663478972,45.664144490
0.16237793,45.663721166,45.663297842
0.16243286,45.612252192,45.561206542
0.16248779,45.536783375,45.512360207
0.16254272,45.527160288,45.541960368
0.16259766,45.543153836,45.544347304
0.16265259,45.552466868,45.560586433
0.16270752,45.563132870,45.565679308
0.16276245,45.571126551,45.576573794
0.16281738,45.578864936,45.581156079
0.16287231,45.585177127,45.589198175
0.16292725,45.591063553,45.592928931
0.16298218,45.596067176,45.599205420
0.16303711,45.600681210,45.602156999
0.16309204,45.604699763,45.607242527
0.16314697,45.608428111,45.609613694
0.16320190,45.611766512,45.613919330
0.16325684,45.614849059,45.615778788
0.16331177,45.617627200,45.619475613
0.16336670,45.620195241,45.620914870
0.16342163,45.622530579,45.624146288
0.16347656,45.624693971,45.625241653
0.16353149,45.626676945,45.628112237
0.16358643,45.628518513,45.628924788
0.16364136,45.630218217,45.631511645
0.16369629,45.631800783,45.632089921
0.16375122,45.633270423,45.634450926
0.16380615,45.634642246,45.634833566
0.16386108,45.635923226,45.637012885
0.16391602,45.637121846,45.637230807
0.16397095,45.638246721,45.639262635
0.16402588,45.639301687,45.639340740
0.16408081,45.640296316,45.641251892
0.16413574,45.641231136,45.641210380
0.16419067,45.642116252,45.643022125
0.16424561,45.642949812,45.642877499
0.16430054,45.643742190,45.644606881
0.16435547,45.644489803,45.644372725
0.16441040,45.645203127,45.646033529
0.16446533,45.645877317,45.645721105
0.16452026,45.646522840,45.647324574
0.16457520,45.647133929,45.646943285
0.16463013,45.647720974,45.648498663
0.16468506,45.648277537,45.648056411
0.16473999,45.648813883,45.649571355
0.16479492,45.649323091,45.649074827
0.16484985,45.649815274,45.650555721
0.16490479,45.650283167,45.650010612
0.16495972,45.650736713,45.651462813
0.16501465,45.651168409,45.650874004
0.16506958,45.651588020,45.652302036
0.16512451,45.651987885,45.651673733
0.16517944,45.652377585,45.653081437
0.16523438,45.652749362,45.652417288
0.16528931,45.653112616,45.653807944
0.16534424,45.653459536,45.653111129
0.16539917,45.653799340,45.654487551
0.16545410,45.654124205,45.653760858
0.16550903,45.654443167,45.655125475
0.16556396,45.654748418,45.654371362
0.16561890,45.655048819,45.655726277
0.16567383,45.655336598,45.654946920
0.16572876,45.655620442,45.656293964
0.16578369,45.655892633,45.655491302
0.16583862,45.656161689,45.656832077
0.16589355,45.606280181,45.555728285
0.16594849,45.532260876,45.508793468
0.16600342,45.522910807,45.537028147
0.16605835,45.538610484,45.540192822
0.16611328,45.547707411,45.555222000
0.16616821,45.558224611,45.561227222
0.16622314,45.566075093,45.570922963
0.16627808,45.573755454,45.576587945
0.16633301,45.579999193,45.583410442
0.16638794,45.585889305,45.588368169
0.16644287,45.590881403,45.593394638
0.16649780,45.595542863,45.597691088
0.16655273,45.599592118,45.601493148
0.16660767,45.603365466,45.605237784
0.16666260,45.606697828,45.608157873
0.16671753,45.609806689,45.611455504
0.16677246,45.612585710,45.613715915
0.16682739,45.615184965,45.616654015
0.16688232,45.617530638,45.618407262
0.16693726,45.619731628,45.621055995
0.16699219,45.621733477,45.622410959
0.16704712,45.623618458,45.624825957
0.16710205,45.625344340,45.625862722
0.16715698,45.626975383,45.628088043
0.16721191,45.628477471,45.628866899
0.16726685,45.629902220,45.630937541
0.16732178,45.631221142,45.631504743
0.16737671,45.632476701,45.633448660
0.16743164,45.633644461,45.633840262
0.16748657,45.634760087,45.635679912
0.16754150,45.635802159,45.635924405
0.16759644,45.636801180,45.637677954
0.16765137,45.637738040,45.637798126
0.16770630,45.638639244,45.639480363
0.16776123,45.639487500,45.639494636
0.16781616,45.640306160,45.641117684
0.16787109,45.641079393,45.641041102
0.16792603,45.641828032,45.642614961
0.16798096,45.642537441,45.642459921
0.16803589,45.643226407,45.643992894
0.16809082,45.643881296,45.643769698
0.16814575,45.644519211,45.645268723
0.16820068,45.645127363,45.644986004
0.16825562,45.645721458,45.646456912
0.16831055,45.646289434,45.646121956
0.16836548,45.646845818,45.647569680
0.16842041,45.647379182,45.647188683
0.16847534,45.647903052,45.648617421
0.16853027,45.648406554,45.648195688
0.16858521,45.648902358,45.649609029
0.16864014,45.649380081,45.649151134
0.16869507,45.649851652,45.650552170
0.16875000,45.650307125,45.650062081
0.16880493,45.650757784,45.651453487
0.16885986,45.651194078,45.650934669
0.16891479,45.651626722,45.652318774
0.16896973,45.652046523,45.651774271
0.16902466,45.652463694,45.653153117
0.16907959,45.652869368,45.652585619
0.16913452,45.653273310,45.653961000
0.16918945,45.653666951,45.653372902
0.16924438,45.654059656,45.654746409
0.16929932,45.654443130,45.654139850
0.16935425,45.654826376,45.655512902
0.16940918,45.655201355,45.654889808
0.16946411,45.655576741,45.656263675
0.16951904,45.655944731,45.655625788
0.16957397,45.656313702,45.657001617
0.16962891,45.656676070,45.656350523
0.16968384,45.657039938,45.657729353
0.16973877,45.657397929,45.657066504
0.16979370,45.657757895,45.658449286
0.16984863,45.658112652,45.657776018
0.16990356,45.658469821,45.659163624
0.16995850,45.658822399,45.658481173
0.17001343,45.659177792,45.659874412
0.17006836,45.659529170,45.659183928
0.17012329,45.659883739,45.660583551
0.17017822,45.660234831,45.659886111
0.17023315,45.660589467,45.661292823
0.17028809,45.660941132,45.660589441
0.17034302,45.661296674,45.662003907
0.17039795,45.612670411,45.563336917
0.17045288,45.540401619,45.517466322
0.17050781,45.531309178,45.545152034
0.17056274,45.546767013,45.548381992
0.17061768,45.555794600,45.563207208
0.17067261,45.566229396,45.569251583
0.17072754,45.574076516,45.578901450
0.17078247,45.581771434,45.584641419
0.17083740,45.588076789,45.591512158
0.17089233,45.594047482,45.596582805
0.17094727,45.599151796,45.601720787
0.17100220,45.603941511,45.606162236
0.17105713,45.608141838,45.610121441
0.17111206,45.612079309,45.614037178
0.17116699,45.615593129,45.617149080
0.17122192,45.618894130,45.620639180
0.17127686,45.621879081,45.623118981
0.17133179,45.624693223,45.626267465
0.17138672,45.627265237,45.628263010
0.17144165,45.629700323,45.631137637
0.17149658,45.631946178,45.632754720
0.17155151,45.634082116,45.635409513
0.17160645,45.636067852,45.636726191
0.17166138,45.637965185,45.639204178
0.17171631,45.639741811,45.640279445
0.17177124,45.641447233,45.642615020
0.17182617,45.643054679,45.643494338
0.17188110,45.644604746,45.645715155
0.17193604,45.646074647,45.646434139
0.17199097,45.647498361,45.648562583
0.17204590,45.648856061,45.649149539
0.17210083,45.650176700,45.651203861
0.17215576,45.651442717,45.651681574
0.17221069,45.652679173,45.653676772
0.17226563,45.653870286,45.654063801
0.17232056,45.655038048,45.656012295
0.17237549,45.656168109,45.656323922
0.17243042,45.657280003,45.658236085
0.17248535,45.658360554,45.658485024
0.17254028,45.659427304,45.660369585
0.17259521,45.660468054,45.660566522
0.17265015,45.661498710,45.662430897
0.17270508,45.662507899,45.662584901
0.17276001,45.663510170,45.664435440
0.17281494,45.664494861,45.664554281
0.17286987,45.665475378,45.666396475
0.17292480,45.666441676,45.666486877
0.17297974,45.667406197,45.668325516
0.17303467,45.668359435,45.668393353
0.17308960,45.669313005,45.670232658
0.17314453,45.670257883,45.670283109
0.17319946,45.671204973,45.672126836
0.17325439,45.672145676,45.672164517
0.17330933,45.673090281,45.674016044
0.17336426,45.674030575,45.674045105
0.17341919,45.674976304,45.675907503
0.17347412,45.675919609,45.675931715
0.17352905,45.676869759,45.677807802
0.17358398,45.677819213,45.677830624
0.17363892,45.678776823,45.679723021
0.17369385,45.679735340,45.679747659
0.17374878,45.680703240,45.681658821
0.17380371,45.681673549,45.681688276
0.17385864,45.682654405,45.683620535
0.17391357,45.683639088,45.683657641
0.17396851,45.684635435,45.685613230
0.17402344,45.685636960,45.685660690
0.17407837,45.686651231,45.687641772
0.17413330,45.687671980,45.687702189
0.17418823,45.688706532,45.689710875
0.17424316,45.689748825,45.689786775
0.17429810,45.690805961,45.691825148
0.17435303,45.691872076,45.691919005
0.17440796,45.692954069,45.693989133
0.17446289,45.694046260,45.694103388
0.17451782,45.695155365,45.696207343
0.17457275,45.696275882,45.696344421
0.17462769,45.697414357,45.698484293
0.17468262,45.698565457,45.698646622
0.17473755,45.699735576,45.700824530
0.17479248,45.700919542,45.701014555
0.17484741,45.702123609,45.703232662
0.17490234,45.703342761,45.703452860
0.17495728,45.704583123,45.705713385
0.17501221,45.705839831,45.705966277
0.17506714,45.707118891,45.708271506
0.17512207,45.708415589,45.708559672
0.17517700,45.709735820,45.710911969
0.17523193,45.711075015,45.711238061
0.17528687,45.712438972,45.713639883
0.17534180,45.713823259,45.714006636
0.17539673,45.715233587,45.716460539
0.17545166,45.716665663,45.716870787
0.17550659,45.718125115,45.719379444
0.17556152,45.719607787,45.719836130
0.17561646,45.721119235,45.722402340
0.17567139,45.722655436,45.722908532
0.17572632,45.724221883,45.725535234
0.17578125,45.725814686,45.726094138
0.17583618,45.727439280,45.728784423
0.17589111,45.729091909,45.729399395
0.17594604,45.730777960,45.732156525
0.17600098,45.732493809,45.732831092
0.17605591,45.734244800,45.735658508
0.17611084,45.736027445,45.736396381
0.17616577,45.737847054,45.739297726
0.17622070,45.739700271,45.740102816
0.17627563,45.741592382,45.743081949
0.17633057,45.743520169,45.743958388
0.17638550,45.745488896,45.747019405
0.17644043,45.747495485,45.747971565
0.17649536,45.749545191,45.751118817
0.17655029,45.751635074,45.752151332
0.17660522,45.753770390,45.755389448
0.17666016,45.755948343,45.756507238
0.17671509,45.758174195,45.759841151
0.17677002,45.760445299,45.761049446
0.17682495,45.762766931,45.764484416
0.17687988,45.765136600,45.765788785
0.17693481,45.767559607,45.769330429
0.17698975,45.770033619,45.770736809
0.17704468,45.772563971,45.774391133
0.17709961,45.775148498,45.775905863
0.17715454,45.777792580,45.779679298
0.17720947,45.780494226,45.781309154
0.17726440,45.783258872,45.785208590
0.17731934,45.786084708,45.786960827
0.17737427,45.788977241,45.790993655
0.17742920,45.791934853,45.792876050
0.17748413,45.794963131,45.797050213
0.17753906,45.798060661,45.799071110
0.17759399,45.801233129,45.803395148
0.17764893,45.804479333,45.805563519
0.17770386,45.807805073,45.810046626
0.17775879,45.811209375,45.812372124
0.17781372,45.814698169,45.817024214
0.17786865,45.818270726,45.819517239
0.17792358,45.821933125,45.824349011
0.17797852,45.825684899,45.827020787
0.17803345,45.829532297,45.832043806
0.17808838,45.833475132,45.834906459
0.17814331,45.837519847,45.840133235
0.17819824,45.841666560,45.843199885
0.17825317,45.845921931,45.848643977
0.17830811,45.850286407,45.851928838
0.17836304,45.854766897,45.857604955
0.17841797,45.859364203,45.861123452
0.17847290,45.864085514,45.867047576
0.17852783,45.868932021,45.870816466
0.17858276,45.873911226,45.877005987
0.17863770,45.879024747,45.881043507
0.17869263,45.884280440,45.887517372
0.17874756,45.889680386,45.891843401
0.17880249,45.895232844,45.898622286
0.17885742,45.900940404,45.903258523
0.17891235,45.906811775,45.910365028
0.17896729,45.912850113,45.915335198
0.17902222,45.919064631,45.922794064
0.17907715,45.925459109,45.928124153
0.17913208,45.932043332,45.935962511
0.17918701,45.938821769,45.941681028
0.17924194,45.945804853,45.949928679
0.17929687,45.952997820,45.956066961
0.17935181,45.960411829,45.964756698
0.17940674,45.968052973,45.971349248
0.17946167,45.975933237,45.980517227
0.17951660,45.984059670,45.987602112
0.17957153,45.992445190,45.997288268
0.17962646,46.001097918,46.004907569
0.17968140,46.010031835,46.015156101
0.17973633,46.019256265,46.023356429
0.17979126,46.028786394,46.034216360
0.17984619,46.038632908,46.043049456
0.17990112,46.048812363,46.054575270
0.17995605,46.059336985,46.064098699
0.18001099,46.070224895,46.076351091
0.18006592,46.081490065,46.086629040
0.18012085,46.093152408,46.099675777
0.18017578,46.105227884,46.110779991
0.18023071,46.117738457,46.124696924
0.18028564,46.130702359,46.136707795
0.18034058,46.144143914,46.151580033
0.18039551,46.158083955,46.164587877
0.18045044,46.172549525,46.180511173
0.18050537,46.187564451,46.194617728
0.18056030,46.203158915,46.211700103
0.18061523,46.219360199,46.227020295
0.18067017,46.236202128,46.245383961
0.18072510,46.253715979,46.262047996
0.18078003,46.271939815,46.281831634
0.18083496,46.290909558,46.299987482
0.18088989,46.310668215,46.321348948
0.18094482,46.331257125,46.341165302
0.18099976,46.352725085,46.364284867
0.18105469,46.375119776,46.385954684
0.18110962,46.398496798,46.411038911
0.18116455,46.422911288,46.434783666
0.18121948,46.448426870,46.462070075
0.18127441,46.475107481,46.488144888
0.18132935,46.503026242,46.517907596
0.18138428,46.532257515,46.546607434
0.18143921,46.562885709,46.579163983
0.18149414,46.594997586,46.610831189
0.18154907,46.628691016,46.646550842
0.18160400,46.664067565,46.681584288
0.18165894,46.701241213,46.720898137
0.18171387,46.740331258,46.759764380
0.18176880,46.781471011,46.803177643
0.18182373,46.824801068,46.846424493
0.18187866,46.870477979,46.894531464
0.18193359,46.918667943,46.942804423
0.18198853,46.969555447,46.996306472
0.18204346,47.023337426,47.050368380
0.18209839,47.080231809,47.110095237
0.18215332,47.140472176,47.170849114
0.18220825,47.204316026,47.237782938
0.18226318,47.272039845,47.306296750
0.18231812,47.343946603,47.381596455
0.18237305,47.420360798,47.459125140
0.18242798,47.501633842,47.544142543
0.18248291,47.588137513,47.632132483
0.18253784,47.680263293,47.728394103
0.18259277,47.778408730,47.828423356
0.18264771,47.882957720,47.937492083
0.18270264,47.994238160,48.050984236
0.18275757,48.112431077,48.173877915
0.18281250,48.237394084,48.300910250
0.18286743,48.368214372,48.435518491
0.18292236,48.502141754,48.568765014
0.18297729,48.631093521,48.693422026
0.18303223,48.727904110,48.762386194
0.18308716,48.646424261,48.530462333
0.18314209,47.479936944,46.429411987
0.18319702,47.402229404,48.375046449
0.18325195,48.618281511,48.861516550
0.18330688,49.105283892,49.349051212
0.18336182,49.948972805,50.548894257
0.18341675,50.101083171,49.653272164
0.18347168,49.588933931,49.524595700
0.18352661,49.353865772,49.183135855
0.18358154,49.771717432,50.360298874
0.18363647,50.452622941,50.544947005
0.18369141,50.089713075,49.634479226
0.18374634,48.745924249,47.857369582
0.18380127,48.137941931,48.418514249
0.18385620,48.884650415,49.350786495
0.18391113,49.832276995,50.313767404
0.18396606,50.745177559,51.176587642
0.18402100,51.482264015,51.787940352
0.18407593,52.126692157,52.465443918
0.18413086,52.762064973,53.058685994
0.18418579,51.703357533,50.348029793
0.18424072,49.530557607,48.713085683
0.18429565,48.941793751,49.170501799
0.18435059,49.897279912,50.624057818
0.18440552,51.757719292,52.891380263
0.18446045,53.376503901,53.861627447
0.18451538,54.494881293,55.128134981
0.18457031,55.631601010,56.135066940
0.18462524,54.004169602,51.873274044
0.18468018,50.583678784,49.294084177
0.18473511,49.671361712,50.048639191
0.18479004,51.189653072,52.330666444
0.18484497,54.179717348,56.028766912
0.18489990,56.829972054,57.631176945
0.18495483,58.678496945,59.725816516
0.18500977,56.408001884,53.090191567
0.18506470,51.436878622,49.783566747
0.18511963,50.177576649,50.571586490
0.18517456,52.388329272,54.205070761
0.18522949,56.921363870,59.637654086
0.18528442,60.896946084,62.156237460
0.18533936,63.308371611,64.460505241
0.18539429,59.630013666,54.799531236
0.18544922,52.791080851,50.782632047
0.18550415,51.623030276,52.463428229
0.18555908,55.083238328,57.703045737
0.18561401,61.633901195,65.564750597
0.18566895,67.448052129,69.331352271
0.18572388,63.231257134,57.131176582
0.18577881,53.730135287,50.329098526
0.18583374,51.498859548,52.668620033
0.18588867,55.928436279,59.188248359
0.18594360,65.001871644,70.815481682
0.18599854,73.271266270,75.727048495
0.18605347,67.754012631,59.781001683
0.18610840,55.254502086,50.728010520
0.18616333,52.395472030,54.062932451
0.18621826,58.302288438,62.541637382
0.18627319,71.180687089,79.819707546
0.18632813,67.634053570,55.448457793
0.18638306,52.391983508,49.335512885
0.18643799,50.531692558,51.727871669
0.18649292,57.963964383,64.200041854
0.18654785,71.996495072,79.792924467
0.18660278,81.307739132,82.822552898
0.18665771,73.558425104,64.294330949
0.18671265,58.185845309,52.077374294
0.18676758,54.206091774,56.334807479
0.18682251,61.401251960,66.467686381
0.18687744,73.719894647,80.972082300
0.18693237,82.364133356,83.756183654
0.18698730,74.667446377,65.578741477
0.18704224,59.369160295,53.159594226
0.18709717,55.271196646,57.382797320
0.18715210,62.344273596,67.305740225
0.18720703,74.426180891,81.546601686
0.18726196,82.817199376,84.087796433
0.18731689,85.994839294,87.901880729
0.18737183,78.405176533,68.908507685
0.18742676,63.418690002,57.928884131
0.18748169,59.029817413,60.130750220
0.18753662,65.452709257,70.774657194
0.18759155,76.627873646,82.481076670
0.18764648,83.980366907,85.479656263
0.18770142,87.008380685,88.537104191
0.18775635,79.527061736,70.517051098
0.18781128,64.789079781,59.061121322
0.18786621,60.302140532,61.543159137
0.18792114,66.551179108,71.559189249
0.18797607,77.267388476,82.975574931
0.18803101,84.394733642,85.813891564
0.18808594,87.391409903,88.968927267
0.18814087,89.715832913,90.462738341
0.18819580,82.418215727,74.373718478
0.18825073,68.256511543,62.139319274
0.18830566,63.465674471,64.792028979
0.18836060,69.243497142,73.694957538
0.18841553,79.028726143,84.362483599
0.18847046,85.555469318,86.748454480
0.18852539,88.216241899,89.684028473
0.18858032,90.364692422,91.045356190
0.18863525,91.819969642,92.594582858
0.18869019,84.895499692,77.196439758
0.18874512,71.572467563,65.948507764
0.18880005,66.794967165,67.641426286
0.18885498,71.955957576,76.270481570
0.18890991,80.912673947,85.554857879
0.18896484,86.793220621,88.031582763
0.18901978,89.328355681,90.625127940
0.18907471,91.298140515,91.971152912
0.18912964,92.604443065,93.237733061
0.18918457,93.473161223,93.708589364
0.18923950,86.813359871,79.918149012
0.18929443,74.448208848,68.978280412
0.18934937,69.935466978,70.892653185
0.18940430,74.691408935,78.490159029
0.18945923,82.703366831,86.916567676
0.18951416,88.000733474,89.084898810
0.18956909,90.294318076,91.503736769
0.18962402,92.096453285,92.689169663
0.18967896,93.348259579,94.007349325
0.18973389,94.394155245,94.780961106
0.18978882,88.093721033,81.406498488
0.18984375,75.857926093,70.309365764
0.18989868,71.160293996,72.011221943
0.18995361,75.673503888,79.335780577
0.19000854,83.425951184,87.516115233
0.19006348,88.530875967,89.545636297
0.19011841,90.726435365,91.907233886
0.19017334,92.467528521,93.027823033
0.19022827,93.675056373,94.322289548
0.19028320,94.695735668,95.069181732
0.19033813,95.496047002,95.922912200
0.19039307,96.151089899,96.379267578
0.19044800,90.314107909,84.248962658
0.19050293,79.064194279,73.879436437
0.19055786,74.568929086,75.258421547
0.19061279,78.554285390,81.850144975
0.19066772,85.491237436,89.132324700
0.19072266,90.065202549,90.998080057
0.19077759,92.038530210,93.078979938
0.19083252,93.539495065,94.000010110
0.19088745,94.551172955,95.102335681
0.19094238,95.445119393,95.787903059
0.19099731,96.167391447,96.546879779
0.19105225,96.797201267,97.047522730
0.19110718,97.254482177,97.461441608
0.19116211,91.761380646,86.061332420
0.19121704,81.320226803,76.579129997
0.19127197,77.049979758,77.520829432
0.19132690,80.658471261,83.796109231
0.19138184,87.029561063,90.263008798
0.19143677,91.168751480,92.074493841
0.19149170,92.980494332,93.886494502
0.19154663,94.388953962,94.891413323
0.19160156,95.385079233,95.878745047
0.19165649,96.217974594,96.557204096
0.19171143,96.840594406,97.123984684
0.19176636,97.355801825,97.587618945
0.19182129,97.828539446,98.069459924
0.19187622,98.242606649,98.415753362
0.19193115,93.151982495,87.888222487
0.19198608,83.286103327,78.683992468
0.19204102,79.112784669,79.541576799
0.19209595,82.401737866,85.261895727
0.19215088,88.285841428,91.309783544
0.19220581,92.127659195,92.945534583
0.19226074,93.797078866,94.648622866
0.19231567,95.102122660,95.555622373
0.19237061,96.021662677,96.487702895
0.19242554,96.794800707,97.101898481
0.19248047,97.414156275,97.726414031
0.19253540,97.955183063,98.183952074
0.19259033,98.414273112,98.644594129
0.19264526,98.823330715,99.002067288
0.19270020,99.133490000,99.264912706
0.19275513,99.316825095,99.368737483
0.19281006,94.581899786,89.795071070
0.19286499,85.564279247,81.333494439
0.19291992,81.704098381,82.074702269
0.19297485,84.655792752,87.236880624
0.19302979,89.925416129,92.613948801
0.19308472,93.347032193,94.080115373
0.19313965,94.841201699,95.602287797
0.19319458,96.009425040,96.416562218
0.19324951,96.835300846,97.254039406
0.19330444,97.530747940,97.807456445
0.19335938,98.089437105,98.371417734
0.19341431,98.578559764,98.785701777
0.19346924,98.995000924,99.204300054
0.19352417,99.367973463,99.531646861
0.19357910,99.695283930,99.858920988
0.19363403,99.990478119,100.122035243
0.19368896,100.243143929,100.364252610
0.19374390,95.850083122,91.335921620
0.19379883,87.277488816,83.219062467
0.19385376,83.509326774,83.799591047
0.19390869,86.219076905,88.638560469
0.19396362,91.119609078,93.600655274
0.19401855,94.261641992,94.922628538
0.19407349,95.629371055,96.336113376
0.19412842,96.705456352,97.074799275
0.19418335,97.465828721,97.856858107
0.19423828,98.107908112,98.358958091
0.19429321,98.623871333,98.888784548
0.19434814,99.076443165,99.264101768
0.19440308,99.462067905,99.660034026
0.19445801,99.808302492,99.956570949
0.19451294,100.113094932,100.269618905
0.19456787,100.390797838,100.511976765
0.19462280,100.639688364,100.767399958
0.19467773,100.867125492,100.966851022
0.19473267,101.067110051,101.167369076
0.19478760,101.140940781,101.114512486
0.19484253,97.057819907,93.001133777
0.19489746,89.356333378,85.711538185
0.19495239,86.006742549,86.301946879
0.19500732,88.448758887,90.595569088
0.19506226,92.809461522,95.023352035
0.19511719,95.617171276,96.210990379
0.19517212,96.793860119,97.376729725
0.19522705,97.682207954,97.987686146
0.19528198,98.331784172,98.675882151
0.19533691,98.889287519,99.102692868
0.19539185,99.338419762,99.574146635
0.19544678,99.734934216,99.895721786
0.19550171,100.072590392,100.249458985
0.19555664,100.376822164,100.504185336
0.19561157,100.644313220,100.784441096
0.19566650,100.888705421,100.992969743
0.19572144,101.107802252,101.222634757
0.19577637,101.309595176,101.396555593
0.19583130,101.491968269,101.587380942
0.19588623,101.658405456,101.729429968
0.19594116,101.798366828,101.867303687
0.19599609,98.025855096,94.184412289
0.19605103,90.644745707,87.105084036
0.19610596,87.272725013,87.440365980
0.19616089,89.476082281,91.511796959
0.19621582,93.581530707,95.651262776
0.19627075,96.214841274,96.778419647
0.19632568,97.338748869,97.899077969
0.19638062,98.205775794,98.512473582
0.19643555,98.811955312,99.111437006
0.19649048,99.280171639,99.448906261
0.19654541,99.629181665,99.809457056
0.19660034,99.963561728,100.117666389
0.19665527,100.258360054,100.399053711
0.19671021,100.522374201,100.645694686
0.19676514,100.756969379,100.868244067
0.19682007,100.968729125,101.069214179
0.19687500,101.159305535,101.249396887
0.19692993,101.332780138,101.416163386
0.19698486,101.490225043,101.564286697
0.19703979,101.633934757,101.703582814
0.19709473,101.763951544,101.824320273
0.19714966,101.879269600,101.934218926
0.19720459,101.963464940,101.992710953
0.19725952,98.210891181,94.429077015
0.19731445,90.843396005,87.257720034
0.19736938,87.398436071,87.539152100
0.19742432,89.495107428,91.451061257
0.19747925,93.456429523,95.461796213
0.19753418,95.978492488,96.495188658
0.19758911,97.028261473,97.561334176
0.19764404,97.830294614,98.099255024
0.19769897,98.378541691,98.657828327
0.19775391,98.830393140,99.002957941
0.19780884,99.183343807,99.363729661
0.19786377,99.486255345,99.608781022
0.19791870,99.702748393,99.796715759
0.19797363,99.872415714,99.948115667
0.19802856,100.047037866,100.145960062
0.19808350,100.213673413,100.281386763
0.19813843,100.359846356,100.438305946
0.19819336,100.492711299,100.547116651
0.19824829,100.607476608,100.667836563
0.19830322,100.707431812,100.747027060
0.19835815,100.778961927,100.810896795
0.19841309,96.410834660,92.010780113
0.19846802,87.772150289,83.533527507
0.19852295,83.610358409,83.687189308
0.19857788,85.935291920,88.183392552
0.19863281,90.442433100,92.701471648
0.19868774,93.279776673,93.858081567
0.19874268,94.431685776,95.005289857
0.19879761,95.298773705,95.592257520
0.19885254,95.880084642,96.167911732
0.19890747,96.351975508,96.536039270
0.19896240,96.698023957,96.860008634
0.19901733,96.970888416,97.081768194
0.19907227,97.175824414,97.269880631
0.19912720,97.334001984,97.398123335
0.19918213,97.451099105,97.504074873
0.19923706,97.525888251,97.547701629
0.19929199,91.476964414,85.406241643
0.19934692,79.427172935,73.448118239
0.19940186,73.504182483,73.560246726
0.19945679,76.608598433,79.656946497
0.19951172,82.735584733,85.814219254
0.19956665,86.569114167,87.324008857
0.19962158,87.715602600,88.107196283
0.19967651,88.064086866,88.020977450
0.19973145,88.093210336,88.165443220
0.19978638,77.272616729,66.379836742
0.19984131,55.659406817,44.939021937
0.19989624,33.993817832,23.048660680
0.19995117,12.219075512,1.389536311
0.20000610,1.385826937,1.382117563
0.20006104,1.370767925,1.359418287
0.20011597,1.354154076,1.348889866
0.20017090,1.341621390,1.334352914
0.20022583,1.329583568,1.324814222
0.20028076,1.319811705,1.314809188
0.20033569,1.310686847,1.306564506
0.20039063,1.302990666,1.299416826
0.20044556,1.295839336,1.292261847
0.20050049,1.289657945,1.287054043
0.20055542,1.283899856,1.280745670
0.20061035,1.278833877,1.276922084
0.20066528,1.274090271,1.271258458
0.20072021,1.269859388,1.268460318
0.20077515,1.265873513,1.263286707
0.20083008,1.262279217,1.261271728
0.20088501,1.258871926,1.256472125
0.20093994,1.255771558,1.255070992
0.20099487,1.252814837,1.250558682
0.20104980,1.250104211,1.249649740
0.20110474,1.247504667,1.245359594
0.20115967,1.245106465,1.244853337
0.20121460,1.242794688,1.240736039
0.20126953,1.305447855,1.370159669
0.20132446,1.398983918,1.427808167
0.20137939,1.408069053,1.388329939
0.20143433,1.385027864,1.381725789
0.20148926,1.371015031,1.360304273
0.20154419,1.355450135,1.350595996
0.20159912,1.343717840,1.336839684
0.20165405,1.332420811,1.328001938
0.20170898,1.323246237,1.318490536
0.20176392,1.314670623,1.310850709
0.20181885,1.307434071,1.304017433
0.20187378,1.300710147,1.297402861
0.20192871,1.294897095,1.292391329
0.20198364,1.289487036,1.286582744
0.20203857,1.284728272,1.282873800
0.20209351,1.280279592,1.277685384
0.20214844,1.276314124,1.274942863
0.20220337,1.272586584,1.270230304
0.20225830,1.269228329,1.268226355
0.20231323,1.266053346,1.263880338
0.20236816,1.263167733,1.262455129
0.20242310,1.260424177,1.258393225
0.20247803,1.257912371,1.257431517
0.20253296,1.255511430,1.253591343
0.20258789,1.253299722,1.253008102
0.20264282,1.251175103,1.249342104
0.20269775,1.249207706,1.249073308
0.20275269,1.247309110,1.245544913
0.20280762,1.307753101,1.369961286
0.20286255,1.397891997,1.425822708
0.20291748,1.407115320,1.388407932
0.20297241,1.385452889,1.382497845
0.20302734,1.372364274,1.362230702
0.20308228,1.357735827,1.353240952
0.20313721,1.346719163,1.340197374
0.20319214,1.336086497,1.331975619
0.20324707,1.327448272,1.322920925
0.20330200,1.319365477,1.315810030
0.20335693,1.312541229,1.309272427
0.20341187,1.306199337,1.303126247
0.20346680,1.300714948,1.298303649
0.20352173,1.295613756,1.292923864
0.20357666,1.291126906,1.289329948
0.20363159,1.286937620,1.284545293
0.20368652,1.283204887,1.281864482
0.20374146,1.279702419,1.277540356
0.20379639,1.276549222,1.275558088
0.20385132,1.273574830,1.271591572
0.20390625,1.270874197,1.270156822
0.20396118,1.268313254,1.266469686
0.20401611,1.265971446,1.265473206
0.20407104,1.263739518,1.262005829
0.20412598,1.261686299,1.261366770
0.20418091,1.259720094,1.258073419
0.20423584,1.257902089,1.257730759
0.20429077,1.256153413,1.254576067
0.20434570,1.254529506,1.254482945
0.20440063,1.252961131,1.251439318
0.20445557,1.251499246,1.251559174
0.20451050,1.250082032,1.248604890
0.20456543,1.309342011,1.370079130
0.20462036,1.397517684,1.424956238
0.20467529,1.406972718,1.388989198
0.20473022,1.386321519,1.383653840
0.20478516,1.373948134,1.364242429
0.20484009,1.360035852,1.355829275
0.20489502,1.349586510,1.343343745
0.20494995,1.339482309,1.335620873
0.20500488,1.331283776,1.326946678
0.20505981,1.323608122,1.320269566
0.20511475,1.317133807,1.313998047
0.20516968,1.311119080,1.308240113
0.20522461,1.305923094,1.303606074
0.20527954,1.301095258,1.298584441
0.20533447,1.296854340,1.295124239
0.20538940,1.292901324,1.290678409
0.20544434,1.289384631,1.288090853
0.20549927,1.286092145,1.284093438
0.20555420,1.283133381,1.282173324
0.20560913,1.280349743,1.278526162
0.20566406,1.277827435,1.277128707
0.20571899,1.275442704,1.273756700
0.20577393,1.273266813,1.272776926
0.20582886,1.271199723,1.269622519
0.20588379,1.269302549,1.268982579
0.20593872,1.267491995,1.266001411
0.20599365,1.265821936,1.265642462
0.20604858,1.264221272,1.262800083
0.20610352,1.262738486,1.262676889
0.20615845,1.261311609,1.259946330
0.20621338,1.259984957,1.260023584
0.20626831,1.258703566,1.257383548
0.20632324,1.257508431,1.257633315
0.20637817,1.256350080,1.255066844
0.20643311,1.313811685,1.372556524
0.20648804,1.399257588,1.425958652
0.20654297,1.408761686,1.391564720
0.20659790,1.389149108,1.386733497
0.20665283,1.377473194,1.368212890
0.20670776,1.364275876,1.360338862
0.20676270,1.354377232,1.348415602
0.20681763,1.344786549,1.341157496
0.20687256,1.337005387,1.332853278
0.20692749,1.329713259,1.326573240
0.20698242,1.323561174,1.320549108
0.20703735,1.317843979,1.315138849
0.20709229,1.312904455,1.310670060
0.20714722,1.308316168,1.305962277
0.20720215,1.304286217,1.302610157
0.20725708,1.300532933,1.298455708
0.20731201,1.297195381,1.295935054
0.20736694,1.294074746,1.292214437
0.20742188,1.291272492,1.290330548
0.20747681,1.288640764,1.286950981
0.20753174,1.286258556,1.285566130
0.20758667,1.284011147,1.282456165
0.20764160,1.281963188,1.281470212
0.20769653,1.280022489,1.278574766
0.20775146,1.278244008,1.277913250
0.20780640,1.276551446,1.275189643
0.20786133,1.274992890,1.274796138
0.20791626,1.273503601,1.272211064
0.20797119,1.272126581,1.272042097
0.20802612,1.270805731,1.269569364
0.20808105,1.269580155,1.269590946
0.20813599,1.268400367,1.267209788
0.20819092,1.267302386,1.267394985
0.20824585,1.266241894,1.265088804
0.20830078,1.265252408,1.265416011
0.20835571,1.264293726,1.263171440
0.20841064,1.263397285,1.263623130
0.20846558,1.319646103,1.375669076
0.20852051,1.402167649,1.428666223
0.20857544,1.411780646,1.394895070
0.20863037,1.393170700,1.391446331
0.20868530,1.382054492,1.372662653
0.20874023,1.369549937,1.366437221
0.20879517,1.360093230,1.353749239
0.20885010,1.351005959,1.348262679
0.20890503,1.343560430,1.338858182
0.20895996,1.336649498,1.334440814
0.20901489,1.330756457,1.327072101
0.20906982,1.325338961,1.323605821
0.20912476,1.320605073,1.317604326
0.20917969,1.316260872,1.314917418
0.20923462,1.312399377,1.309881336
0.20928955,1.308851426,1.307821516
0.20934448,1.305656216,1.303490916
0.20939941,1.302713332,1.301935748
0.20945435,1.300034811,1.298133874
0.20950928,1.297560760,1.296987647
0.20956421,1.295288781,1.293589915
0.20961914,1.293184094,1.292778274
0.20967407,1.291236359,1.289694445
0.20972900,1.289426966,1.289159487
0.20978394,1.287741125,1.286322764
0.20983887,1.286170941,1.286019118
0.20989380,1.284699136,1.283379155
0.20994873,1.283325071,1.283270987
0.21000366,1.282030117,1.280789246
0.21005859,1.280818627,1.280848008
0.21011353,1.279671299,1.278494589
0.21016846,1.278595960,1.278697331
0.21022339,1.277573043,1.276448754
0.21027832,1.276612808,1.276776861
0.21033325,1.275695673,1.274614485
0.21038818,1.274833605,1.275052724
0.21044312,1.274007164,1.272961605
0.21049805,1.273229503,1.273497402
0.21055298,1.272481425,1.271465449
0.21060791,1.271776895,1.272088342
0.21066284,1.271097016,1.270105690
0.21071777,1.325734865,1.381364038
0.21077271,1.406871628,1.432379219
0.21082764,1.416451055,1.400522891
0.21088257,1.398503600,1.396484309
0.21093750,1.387960593,1.379436877
0.21099243,1.375927643,1.372418408
0.21104736,1.366937677,1.361456946
0.21110229,1.358197165,1.354937385
0.21115723,1.351115128,1.347292872
0.21121216,1.344467540,1.341642208
0.21126709,1.338862380,1.336082552
0.21132202,1.333651558,1.331220563
0.21137695,1.329152037,1.327083511
0.21143188,1.324975522,1.322867533
0.21148682,1.321310485,1.319753437
0.21154175,1.317903041,1.316052645
0.21159668,1.314877121,1.313701598
0.21165161,1.312055502,1.310409406
0.21170654,1.309526471,1.308643535
0.21176147,1.307159815,1.305676095
0.21181641,1.305022600,1.304369106
0.21187134,1.303015101,1.301661096
0.21192627,1.301190936,1.300720775
0.21198120,1.299471045,1.298221314
0.21203613,1.297900059,1.297578804
0.21209106,1.296413447,1.295248089
0.21214600,1.295049549,1.294851009
0.21220093,1.293754362,1.292657715
0.21225586,1.292561645,1.292465574
0.21231079,1.291425223,1.290384872
0.21236572,1.290375399,1.290365926
0.21242065,1.289371959,1.288377992
0.21247559,1.288442514,1.288507037
0.21253052,1.287551481,1.286595924
0.21258545,1.286724322,1.286852720
0.21264038,1.285929114,1.285005508
0.21269531,1.285189567,1.285373626
0.21275024,1.284476698,1.283579771
0.21280518,1.283812758,1.284045744
0.21286011,1.283171165,1.282296586
0.21291504,1.282572931,1.282849277
0.21296997,1.281993465,1.281137653
0.21302490,1.281452711,1.281767769
0.21307983,1.280927746,1.280087723
0.21313477,1.334147787,1.388207849
0.21318970,1.413120942,1.438034035
0.21324463,1.422674693,1.407315350
0.21329956,1.405474177,1.403633003
0.21335449,1.395428621,1.387224239
0.21340942,1.383915391,1.380606543
0.21346436,1.375327814,1.370049085
0.21351929,1.366965656,1.363882227
0.21357422,1.360193331,1.356504435
0.21362915,1.353831021,1.351157607
0.21368408,1.348467036,1.345776465
0.21373901,1.343478274,1.341180082
0.21379395,1.339171035,1.337161988
0.21384888,1.335172803,1.333183618
0.21390381,1.331665263,1.330146908
0.21395874,1.328405302,1.326663696
0.21401367,1.325511953,1.324360211
0.21406860,1.322815811,1.321271412
0.21412354,1.320401282,1.319531152
0.21417847,1.318144125,1.316757098
0.21423340,1.316108125,1.315459152
0.21428833,1.314198324,1.312937496
0.21434326,1.312465439,1.311993382
0.21439819,1.310834368,1.309675355
0.21445312,1.309347102,1.309018849
0.21450806,1.307942503,1.306866157
0.21456299,1.306656458,1.306446760
0.21461792,1.305437959,1.304429158
0.21467285,1.304318451,1.304207744
0.21472778,1.303254465,1.302301185
0.21478271,1.302274100,1.302247014
0.21483765,1.301339630,1.300432246
0.21489258,1.300476555,1.300520865
0.21494751,1.299651612,1.298782359
0.21500244,1.298888228,1.298994097
0.21505737,1.298156670,1.297319243
0.21511230,1.297478677,1.297638110
0.21516724,1.296827355,1.296016601
0.21522217,1.296223038,1.296429475
0.21527710,1.295641150,1.294852825
0.21533203,1.295100834,1.295348843
0.21538696,1.294579434,1.293810026
0.21544189,1.294095072,1.294380119
0.21549683,1.293626700,1.292873282
0.21555176,1.293191551,1.293509820
0.21560669,1.292769940,1.292030059
0.21566162,1.292378318,1.292726577
0.21571655,1.291998170,1.291269762
0.21577148,1.343940407,1.396611050
0.21582642,1.420978052,1.445345053
0.21588135,1.430499861,1.415654669
0.21593628,1.413964146,1.412273624
0.21599121,1.404362989,1.396452354
0.21604614,1.393314996,1.390177639
0.21610107,1.385089464,1.380001288
0.21615601,1.377068361,1.374135435
0.21621094,1.370576455,1.367017476
0.21626587,1.364473020,1.361928564
0.21632080,1.359328594,1.356728623
0.21637573,1.354542497,1.352356370
0.21643066,1.350411073,1.348465776
0.21648560,1.346576287,1.344686799
0.21654053,1.343213213,1.341739627
0.21659546,1.340088901,1.338438174
0.21665039,1.337317402,1.336196629
0.21670532,1.334736905,1.333277182
0.21676025,1.332427727,1.331578272
0.21681519,1.330271594,1.328964915
0.21687012,1.328328739,1.327692563
0.21692505,1.326509092,1.325325620
0.21697998,1.324860179,1.324394738
0.21703491,1.323311036,1.322227333
0.21708984,1.321900724,1.321574115
0.21714478,1.320571708,1.319569301
0.21719971,1.319357148,1.319144995
0.21725464,1.318209241,1.317273488
0.21730957,1.317156870,1.317040253
0.21736450,1.316159473,1.315278693
0.21741943,1.315242721,1.315206750
0.21747437,1.314371563,1.313536377
0.21752930,1.313569188,1.313601999
0.21758423,1.312804821,1.312007644
0.21763916,1.312099682,1.312191721
0.21769409,1.311426378,1.310661035
0.21774902,1.310804526,1.310948017
0.21780396,1.310209449,1.309470881
0.21785889,1.309659439,1.309847998
0.21791382,1.309132032,1.308416067
0.21796875,1.308644403,1.308872740
0.21802368,1.308175916,1.307479092
0.21807861,1.307742790,1.308006488
0.21813354,1.307325917,1.306645345
0.21818848,1.306940689,1.307236032
0.21824341,1.306569290,1.305902548
0.21829834,1.306226389,1.306550229
0.21835327,1.305895272,1.305240316
0.21840820,1.305589966,1.305939617
0.21846313,1.305294714,1.304649810
0.21851807,1.305022966,1.305396121
0.21857300,1.304759795,1.304123469
0.21862793,1.304518138,1.304912808
0.21868286,1.355643118,1.406373427
0.21873779,1.430607925,1.454842423
0.21879272,1.440165834,1.425489245
0.21884766,1.424277789,1.423066333
0.21890259,1.415025726,1.406985120
0.21895752,1.404429726,1.401874333
0.21901245,1.396488225,1.391102118
0.21906738,1.388800334,1.386498550
0.21912231,1.382529121,1.378559692
0.21917725,1.376680847,1.374802003
0.21923218,1.371709485,1.368616966
0.21928711,1.367125124,1.365633282
0.21934204,1.363132268,1.360631254
0.21939697,1.359427692,1.358224129
0.21945190,1.356110457,1.353996784
0.21950684,1.353047377,1.352097971
0.21956177,1.350286670,1.348475369
0.21961670,1.347734668,1.346993967
0.21967163,1.345413813,1.343833660
0.21972656,1.343263764,1.342693868
0.21978149,1.341292925,1.339891982
0.21983643,1.339462555,1.339033128
0.21989136,1.337773100,1.336513071
0.21994629,1.336200005,1.335886938
0.22000122,1.334739080,1.333591222
0.22005615,1.333375324,1.333159426
0.22011108,1.332101803,1.331044180
0.22016602,1.330910095,1.330776010
0.22022095,1.329791639,1.328807267
0.22027588,1.328742627,1.328677987
0.22033081,1.327753549,1.326829112
0.22038574,1.326823884,1.326818656
0.22044067,1.325943588,1.325068521
0.22049561,1.325114508,1.325160496
0.22055054,1.324326333,1.323492170
0.22060547,1.323582626,1.323673082
0.22066040,1.322872979,1.322072875
0.22071533,1.322202206,1.322331537
0.22077026,1.321559908,1.320788279
0.22082520,1.320951815,1.321115351
0.22088013,1.320367605,1.319619859
0.22093506,1.319813675,1.320007491
0.22098999,1.319279826,1.318552161
0.22104492,1.318772936,1.318993710
0.22109985,1.318282955,1.317572201
0.22115479,1.317817105,1.318062009
0.22120972,1.317365504,1.316668999
0.22126465,1.316935609,1.317202219
0.22131958,1.316517717,1.315833215
0.22137451,1.316119441,1.316405667
0.22142944,1.315731260,1.315056854
0.22148438,1.315360884,1.315664915
0.22153931,1.314998975,1.314333034
0.22159424,1.314653290,1.314973546
0.22164917,1.314314674,1.313655802
0.22170410,1.313990898,1.314325994
0.22175903,1.313672984,1.313019975
0.22181396,1.313368691,1.313717407
0.22186890,1.313069215,1.312421023
0.22192383,1.312782277,1.313143532
0.22197876,1.312499248,1.311854964
0.22203369,1.312227795,1.312600626
0.22208862,1.311959454,1.311318283
0.22214355,1.361507525,1.411696766
0.22219849,1.435032712,1.458368659
0.22225342,1.444319418,1.430270177
0.22230835,1.428723240,1.427176302
0.22236328,1.419685850,1.412195398
0.22241821,1.409237629,1.406279860
0.22247314,1.401438379,1.396596898
0.22252808,1.393808101,1.391019305
0.22258301,1.387604889,1.384190473
0.22263794,1.381752936,1.379315399
0.22269287,1.376793026,1.374270653
0.22274780,1.372161542,1.370052432
0.22280273,1.368138193,1.366223953
0.22285767,1.364388904,1.362553856
0.22291260,1.361077672,1.359601487
0.22296753,1.357988445,1.356375403
0.22302246,1.355226866,1.354078330
0.22307739,1.352643850,1.351209371
0.22313232,1.350312732,1.349416093
0.22318726,1.348125329,1.346834564
0.22324219,1.346135745,1.345436925
0.22329712,1.344262245,1.343087564
0.22335205,1.342546788,1.342006011
0.22340698,1.340925535,1.339845059
0.22346191,1.339432381,1.339019703
0.22351685,1.338016047,1.337012392
0.22357178,1.336704839,1.336397286
0.22362671,1.335456568,1.334515851
0.22368164,1.334295515,1.334075179
0.22373657,1.333186245,1.332297311
0.22379150,1.332150042,1.332002773
0.22384644,1.331156601,1.330310428
0.22390137,1.330224908,1.330139388
0.22395630,1.329328631,1.328517875
0.22401123,1.328484953,1.328452032
0.22406616,1.327670671,1.326889310
0.22412109,1.326901515,1.326913720
0.22417603,1.326156788,1.325399856
0.22423096,1.325451031,1.325502206
0.22428589,1.324765579,1.324028952
0.22434082,1.324113978,1.324199005
0.22439575,1.323479238,1.322759470
0.22445068,1.322874062,1.322988654
0.22450562,1.322282850,1.321577045
0.22456055,1.321717583,1.321858121
0.22461548,1.321163829,1.320469538
0.22467041,1.320632945,1.320796351
0.22472534,1.320111489,1.319426626
0.22478027,1.319610266,1.319793906
0.22483521,1.319116689,1.318439472
0.22489014,1.318641074,1.318842676
0.22494507,1.318171569,1.317500463
0.22500000,1.317718055,1.317935648
0.22505493,1.317269323,1.316602998
0.22510986,1.316834861,1.317066724
0.22516479,1.316404024,1.315741323
0.22521973,1.315985944,1.316230565
0.22527466,1.315570476,1.314910388
0.22532959,1.315166430,1.315422473
0.22538452,1.314764103,1.314105734
0.22543945,1.314372010,1.314638285
0.22549438,1.313980845,1.313323406
0.22554932,1.313598851,1.313874297
0.22560425,1.313217082,1.312559867
0.22565918,1.312843526,1.313127186
0.22571411,1.312469565,1.311811944
0.22576904,1.312102951,1.312393959
0.22582397,1.311735362,1.311076766
0.22587891,1.311374334,1.311671902
0.22593384,1.311011814,1.310351726
0.22598877,1.310655133,1.310958540
0.22604370,1.310296489,1.309634437
0.22609863,1.309943020,1.310251604
0.22615356,1.309587155,1.308922705
0.22620850,1.309235851,1.309548996
0.22626343,1.308881749,1.308214501
0.22631836,1.308531637,1.308848773
0.22637329,1.308178354,1.307507934
0.22642822,1.307828526,1.308149118
0.22648315,1.307475176,1.306801235
0.22653809,1.307124779,1.307448323
0.22659302,1.306770529,1.306092736
0.22664795,1.355071789,1.404050841
0.22670288,1.426858233,1.449665624
0.22675781,1.435889042,1.422112459
0.22681274,1.420533071,1.418953682
0.22686768,1.411564545,1.404175408
0.22692261,1.401198164,1.398220920
0.22697754,1.393402241,1.388583563
0.22703247,1.385757493,1.382931424
0.22708740,1.379493067,1.376054711
0.22714233,1.373561062,1.371067413
0.22719727,1.368489676,1.365911939
0.22725220,1.363730784,1.361549629
0.22730713,1.359557364,1.357565099
0.22736206,1.355645041,1.353724983
0.22741699,1.352153555,1.350582127
0.22747192,1.348873464,1.347164800
0.22752686,1.345907324,1.344649847
0.22758179,1.343110849,1.341571850
0.22763672,1.340554895,1.339537939
0.22769165,1.338134951,1.336731964
0.22774658,1.335902984,1.335074004
0.22780151,1.333780197,1.332486390
0.22785645,1.331806615,1.331126841
0.22791138,1.329920844,1.328714848
0.22796631,1.328154979,1.327595110
0.22802124,1.326459841,1.325324573
0.22807617,1.324862029,1.324399486
0.22813110,1.323321211,1.322242936
0.22818604,1.321860028,1.321477121
0.22824097,1.320444722,1.319412323
0.22829590,1.319094993,1.318777662
0.22835083,1.317782075,1.316786487
0.22840576,1.316523417,1.316260346
0.22846069,1.315294121,1.314327896
0.22851562,1.314109869,1.313891841
0.22857056,1.312948809,1.312005778
0.22862549,1.311825203,1.311644628
0.22868042,1.310719639,1.309794650
0.22873535,1.309645212,1.309495774
0.22879028,1.308584492,1.307673209
0.22884521,1.307549601,1.307425994
0.22890015,1.306524735,1.305623476
0.22895508,1.305521194,1.305418913
0.22901001,1.304524523,1.303630134
0.22906494,1.303545318,1.303460503
0.22911987,1.302570256,1.301680010
0.22917480,1.301609321,1.301538633
0.22922974,1.300650150,1.299761667
0.22928467,1.299702188,1.299642709
0.22933960,1.298753893,1.297865078
0.22939453,1.297814236,1.297763393
0.22944946,1.296872379,1.295981365
0.22950439,1.295936868,1.295892370
0.22955933,1.294997480,1.294102590
0.22961426,1.294062376,1.294022161
0.22966919,1.293121870,1.292221579
0.22972412,1.292183775,1.292145972
0.22977905,1.291238879,1.290331786
0.22983398,1.290294675,1.290257563
0.22988892,1.289342369,1.288427174
0.22994385,1.288389163,1.288351151
0.22999878,1.287426634,1.286502117
0.23005371,1.286461715,1.286421314
0.23010864,1.285486317,1.284551320
0.23016357,1.284507120,1.284462920
0.23021851,1.283516334,1.282569747
0.23027344,1.282520407,1.282471067
0.23032837,1.281511817,1.280552567
0.23038330,1.280496794,1.280441020
0.23043823,1.279468058,1.278495096
0.23049316,1.278431634,1.278368173
0.23054810,1.277380465,1.276392756
0.23060303,1.276320378,1.276248000
0.23065796,1.275244518,1.274241035
0.23071289,1.274158529,1.274076023
0.23076782,1.273055737,1.272035451
0.23082275,1.271941611,1.271847772
0.23087769,1.270809645,1.269771519
0.23093262,1.269665140,1.269558761
0.23098755,1.268501741,1.267444721
0.23104248,1.267324589,1.267204457
0.23109741,1.266127468,1.265050480
0.23115234,1.264915365,1.264780250
0.23120728,1.263682192,1.262584133
0.23126221,1.262432783,1.262281432
0.23131714,1.261161168,1.260040905
0.23137207,1.259872037,1.259703169
0.23142700,1.258559526,1.257415883
0.23148193,1.257228181,1.257040479
0.23153687,1.255872237,1.254703994
0.23159180,1.254496100,1.254288205
0.23164673,1.253094093,1.251899980
0.23170166,1.251670486,1.251440992
0.23175659,1.250219683,1.248998374
0.23181152,1.248745818,1.248493263
0.23186646,1.247243366,1.245993469
0.23192139,1.245716329,1.245439188
0.23197632,1.244159245,1.242879301
0.23203125,1.242575984,1.242272667
0.23208618,1.240961140,1.239649614
0.23214111,1.239318452,1.238987290
0.23219604,1.237642562,1.236297834
0.23225098,1.235937077,1.235576319
0.23230591,1.234196679,1.232817039
0.23236084,1.232424844,1.232032648
0.23241577,1.230616287,1.229199926
0.23247070,1.228774349,1.228348773
0.23252563,1.226893774,1.225438775
0.23258057,1.224977766,1.224516756
0.23263550,1.223021085,1.221525415
0.23269043,1.221026801,1.220528187
0.23274536,1.218989683,1.217451179
0.23280029,1.216912659,1.216374140
0.23285522,1.214790503,1.213206867
0.23291016,1.212625998,1.212045130
0.23296509,1.210413911,1.208782693
0.23302002,1.208156878,1.207531063
0.23307495,1.205849650,1.204168236
0.23312988,1.203494709,1.202821182
0.23318481,1.201086784,1.199352386
0.23323975,1.198628198,1.197904010
0.23329468,1.196113644,1.194323278
0.23334961,1.193545281,1.192767285
0.23340454,1.190917757,1.189068229
0.23345947,1.188233059,1.187397888
0.23351440,1.185485777,1.183573665
0.23356934,1.182677718,1.181781771
0.23362427,1.179803404,1.177825036
0.23367920,1.176864451,1.175903865
0.23373413,1.173855298,1.171806731
0.23378906,1.170777362,1.169747993
0.23384399,1.167624984,1.165501976
0.23389893,1.164399369,1.163296761
0.23395386,1.161094745,1.158892728
0.23400879,1.157712088,1.156531449
0.23406372,1.154245500,1.151959552
0.23411865,1.150695715,1.149431877
0.23417358,1.147056683,1.144681489
0.23422852,1.143328880,1.141976272
0.23428345,1.139506089,1.137035906
0.23433838,1.135588503,1.134141101
0.23439331,1.131569715,1.128998329
0.23444824,1.127449618,1.125900906
0.23450317,1.123221583,1.120542260
0.23455811,1.118885181,1.117228101
0.23461304,1.114433535,1.111638970
0.23466797,1.109865863,1.108092756
0.23472290,1.105175010,1.102257264
0.23477783,1.100359807,1.098462350
0.23483276,1.095412787,1.092363225
0.23488770,1.090332361,1.088301496
0.23494263,1.085110707,1.081919918
0.23499756,1.079745775,1.077571632
0.23505249,1.074229347,1.070887062
0.23510742,1.068558865,1.066230667
0.23516235,1.062725662,1.059220657
0.23521729,1.056726623,1.054232588
0.23527222,1.050552576,1.046872564
0.23532715,1.044199787,1.041527011
0.23538208,1.037658517,1.033790024
0.23543701,1.030924348,1.028058671
0.23549194,1.023986896,1.019915120
0.23554688,1.016840983,1.013766845
0.23560181,1.009475501,1.005184156
0.23565674,1.001884423,0.998584690
0.23571167,0.994055821,0.989526952
0.23576660,0.985982718,0.982438485
0.23582153,0.977652258,0.972866032
0.23587646,0.969056402,0.965246772
0.23593140,0.960181236,0.955115701
0.23598633,0.951017527,0.946919353
0.23604126,0.941550164,0.936180974
0.23609619,0.931768562,0.927356150
0.23615112,0.921656248,0.915956346
0.23620605,0.911201110,0.906445874
0.23626099,0.900385118,0.894324361
0.23631592,0.889194427,0.884064492
0.23637085,0.877609227,0.871153962
0.23642578,0.865613702,0.860073442
0.23648071,0.853186000,0.846298558
0.23653564,0.840308051,0.834317544
0.23659058,0.826955660,0.819593775
0.23664551,0.813108172,0.806622569
0.23670044,0.798738692,0.790854815
0.23675537,0.783823597,0.776792379
0.23681030,0.768332866,0.759873353
0.23686523,0.752239450,0.744605548
0.23692017,0.735509710,0.726413872
0.23697510,0.718112631,0.709811389
0.23703003,0.700010360,0.690209330
0.23708496,0.681167275,0.672125219
0.23713989,0.661540610,0.650956001
0.23719482,0.641089367,0.631222733
0.23724976,0.619765028,0.608307324
0.23730469,0.597520300,0.586733276
0.23735962,0.574299904,0.561866533
0.23741455,0.550049149,0.538231765
0.23746948,0.524704785,0.511177805
0.23752441,0.498203387,0.485228968
0.23757935,0.470472270,0.455715571
0.23763428,0.441437662,0.427159752
0.23768921,0.411015666,0.394871580
0.23774414,0.379120202,0.363368825
0.23779907,0.345654004,0.327939184
0.23785400,0.310516298,0.293093412
0.23790894,0.273593818,0.254094224
0.23796387,0.234768190,0.215442155
0.23801880,0.193906950,0.172371745
0.23807373,0.150870588,0.129369430
0.23812866,0.105503561,0.081637692
0.23818359,0.057640946,0.033644200
0.23823853,0.007099464,-0.019445272
0.23829346,-0.046316314,-0.073187355
0.23834839,-0.102822869,-0.132458383
0.23840332,-0.162652000,-0.192845617
0.23845825,-0.226059470,-0.259273323
0.23851318,-0.293319656,-0.327365988
0.23856812,-0.364733453,-0.402100917
0.23862305,-0.440622883,-0.479144849
0.23867798,-0.521336909,-0.563528969
0.23873291,-0.607244461,-0.650959952
0.23878784,-0.698734237,-0.746508522
0.23884277,-0.796200701,-0.845892879
0.23889771,-0.900024944,-0.954157008
0.23895264,-1.010532195,-1.066907381
0.23900757,-1.127902008,-1.188896634
0.23906250,-1.251992551,-1.315088465
0.23911743,-1.381897176,-1.448705884
0.23917236,-1.514884633,-1.581063380
0.23922729,-1.642929194,-1.704795006
0.23928223,-1.739057596,-1.773320186
0.23933716,-1.658153550,-1.542986918
0.23939209,-0.499730396,0.543525701
0.23944702,-0.422570319,-1.388665973
0.23950195,-1.630209774,-1.871753553
0.23955688,-2.113762266,-2.355770956
0.23961182,-2.951372772,-3.546974450
0.23966675,-3.102392829,-2.657811286
0.23972168,-2.593959631,-2.530107977
0.23977661,-2.360576965,-2.191045965
0.23983154,-2.775404865,-3.359763630
0.23988647,-3.451390193,-3.543016752
0.23994141,-3.091111824,-2.639206976
0.23999634,-1.756911557,-0.874616444
0.24005127,-1.153253206,-1.431889938
0.24010620,-1.894698391,-2.357506761
0.24016113,-2.835543214,-3.313579577
0.24021606,-3.741794822,-4.170009996
0.24027100,-4.473429334,-4.776848636
0.24032593,-5.113019560,-5.449190440
0.24038086,-5.743567061,-6.037943647
0.24043579,-4.692747806,-3.347552675
0.24049072,-2.535974608,-1.724396799
0.24054565,-1.951458672,-2.178520525
0.24060059,-2.900066077,-3.621611424
0.24065552,-4.746747736,-5.871883551
0.24071045,-6.353278018,-6.834672394
0.24076538,-7.462900359,-8.091128170
0.24082031,-8.590556373,-9.089984479
0.24087524,-6.975747422,-4.861512117
0.24093018,-3.581394670,-2.301277866
0.24098511,-2.675816107,-3.050354292
0.24104004,-4.182927934,-5.315501073
0.24109497,-7.072212046,-8.828921810
0.24114990,-8.886534059,-10.102092712
0.24120483,-3.089887091,-3.775073737
0.24125977,-8.761937929,-8.018907642
0.24131470,-8.486047705,-8.953187683
0.24136963,-6.261362975,-3.569541106
0.24142456,-6.381098316,-9.192652427
0.24147949,-9.001047773,-9.212143572
0.24153442,-8.960837306,-10.437199186
0.24158936,-9.018734689,-8.594285106
0.24164429,-7.439551673,-8.168537587
0.24169922,-9.002953702,-7.222424528
0.24175415,-8.675516044,-10.179508735
0.24180908,-9.012779943,-7.802684107
0.24186401,-8.904945568,-10.276734089
0.24191895,-9.028207822,-8.099967084
0.24197388,-9.360019020,-10.620070334
0.24202881,-6.974436405,-3.328807686
0.24208374,-6.489298270,-9.649784939
0.24213867,-9.026328991,-8.540444672
0.24219360,-8.885633320,-10.793902788
0.24224854,-9.039730980,-7.754367440
0.24230347,-8.961239456,-10.635778701
0.24235840,-9.046747403,-7.761647209
0.24241333,-8.993723467,-10.547862895
0.24246826,-9.051652674,-7.819757538
0.24252319,-9.012292700,-10.470404009
0.24257813,-9.055391085,-7.877284018
0.24263306,-9.024376628,-10.401946363
0.24268799,-9.058407076,-7.927930325
0.24274292,-9.033000295,-10.345274074
0.24279785,-9.060966225,-7.972168021
0.24285278,-9.039623343,-10.300055890
0.24290771,-9.063229769,-8.011367479
0.24296265,-9.045005871,-10.264177031
0.24301758,-9.065293097,-8.046714579
0.24307251,-9.049563473,-10.235260612
0.24312744,-9.067211165,-8.079086337
0.24318237,-9.053533323,-10.211311463
0.24323730,-9.069014969,-8.109107188
0.24329224,-9.057057074,-10.190837679
0.24334717,-9.070721779,-8.137219894
0.24340210,-9.060223843,-10.172782094
0.24345703,-9.072341291,-8.163741133
0.24351196,-9.063093109,-10.156415405
0.24356689,-9.073879222,-8.188900848
0.24362183,-9.065707135,-10.141241566
0.24367676,-9.075339352,-8.212869274
0.24373169,-9.068097820,-10.126925980
0.24378662,-9.076724641,-8.235775331
0.24384155,-9.070290529,-10.113244303
0.24389648,-9.078037804,-8.257719134
0.24395142,-9.072306273,-10.100046957
0.24400635,-9.079281577,-8.278780510
0.24406128,-9.074162969,-10.087234862
0.24411621,-9.080458812,-8.299024814
0.24417114,-9.075876208,-10.074742915
0.24422607,-9.081572489,-8.318506920
0.24428101,-9.077459727,-10.062528774
0.24433594,-9.082625681,-8.337273975
0.24439087,-9.078925727,-10.050565249
0.24444580,-9.083621511,-8.355367301
0.24450073,-9.080285096,-10.038835140
0.24455566,-9.084563104,-8.372823730
0.24461060,-9.081547580,-10.027327736
0.24466553,-9.085453542,-8.389676549
0.24472046,-9.082721921,-10.016036453
0.24477539,-9.086295828,-8.405956169
0.24483032,-9.083815965,-10.004957242
0.24488525,-9.087092867,-8.421690611
0.24494019,-9.084836766,-9.994087528
0.24499512,-9.087847438,-8.436905870
0.24505005,-9.085790667,-9.983425509
0.24510498,-9.088562187,-8.451626181
0.24515991,-9.086683379,-9.972969698
0.24521484,-9.089239618,-8.465874229
0.24526978,-9.087520048,-9.962718642
0.24532471,-9.089882094,-8.479671314
0.24537964,-9.088305311,-9.952670746
0.24543457,-9.090491831,-8.493037481
0.24548950,-9.089043358,-9.942824176
0.24554443,-9.091070908,-8.505991635
0.24559937,-9.089737972,-9.933176819
0.24565430,-9.091621265,-8.518551628
0.24570923,-9.090392577,-9.923726262
0.24576416,-9.092144716,-8.530734343
0.24581909,-9.091010273,-9.914469813
0.24587402,-9.092642947,-8.542555763
0.24592896,-9.091593871,-9.905404512
0.24598389,-9.093117533,-8.554031036
0.24603882,-9.092145925,-9.896527166
0.24609375,-9.093569935,-8.565174527
0.24614868,-9.092668756,-9.887834381
0.24620361,-9.094001514,-8.575999871
0.24625854,-9.093164478,-9.879322592
0.24631348,-9.094413536,-8.586520021
0.24636841,-9.093635015,-9.870988097
0.24642334,-9.094807176,-8.596747286
0.24647827,-9.094082128,-9.862827091
0.24653320,-9.095183529,-8.606693376
0.24658813,-9.094507424,-9.854835686
0.24664307,-9.095543612,-8.616369433
0.24669800,-9.094912374,-9.847009946
0.24675293,-9.095888372,-8.625786063
0.24680786,-9.095298327,-9.839345903
0.24686279,-9.096218690,-8.634953374
0.24691772,-9.095666521,-9.831839578
0.24697266,-9.096535387,-8.643880998
0.24702759,-9.096018093,-9.824487005
0.24708252,-9.096839227,-8.652578117
0.24713745,-9.096354090,-9.817284235
0.24719238,-9.097130924,-8.661053494
0.24724731,-9.096675478,-9.810227362
0.24730225,-9.097411141,-8.669315489
0.24735718,-9.096983145,-9.803312522
0.24741211,-9.097680499,-8.677372084
0.24746704,-9.097277913,-9.796535912
0.24752197,-9.097939578,-8.685230903
0.24757690,-9.097560544,-9.789893791
0.24763184,-9.098188920,-8.692899228
0.24768677,-9.097831740,-9.783382489
0.24774170,-9.098429032,-8.700384021
0.24779663,-9.098092154,-9.776998415
0.24785156,-9.098660386,-8.707691936
0.24790649,-9.098342392,-9.770738054
0.24796143,-9.098883428,-8.714829335
0.24801636,-9.098583016,-9.764597975
0.24807129,-9.099098574,-8.721802307
0.24812622,-9.098814550,-9.758574833
0.24818115,-9.099306213,-8.728616676
0.24823608,-9.099037481,-9.752665369
0.24829102,-9.099506712,-8.735278017
0.24834595,-9.099252262,-9.746866410
0.24840088,-9.099700416,-8.741791665
0.24845581,-9.099459319,-9.741174871
0.24851074,-9.099887647,-8.748162732
0.24856567,-9.099659046,-9.735587754
0.24862061,-9.100068710,-8.754396112
0.24867554,-9.099851813,-9.730102150
0.24873047,-9.100243891,-8.760496495
0.24878540,-9.100037968,-9.724715233
0.24884033,-9.100413460,-8.766468375
0.24889526,-9.100217833,-9.719424262
0.24895020,-9.100577670,-8.772316058
0.24900513,-9.100391714,-9.714226580
0.24906006,-9.100736762,-8.778043673
0.24911499,-9.100559895,-9.709119614
0.24916992,-9.100890961,-8.783655181
0.24922485,-9.100722645,-9.704100866
0.24927979,-9.101040481,-8.789154379
0.24933472,-9.100880215,-9.699167921
0.24938965,-9.101185523,-8.794544910
0.24944458,-9.101032842,-9.694318438
0.24949951,-9.101326279,-8.799830271
0.24955444,-9.101180750,-9.689550151
0.24960937,-9.101462929,-8.805013815
0.24966431,-9.101324148,-9.684860867
0.24971924,-9.101595643,-8.810098763
0.24977417,-9.101463234,-9.680248464
0.24982910,-9.101724584,-8.815088208
0.24988403,-9.101598196,-9.675710886
0.24993896,-9.101849905,-8.819985120
0.24999390,-9.101729211,-9.671246145
0.25004883,-9.101971752,-8.824792350
0.25010376,-9.101856444,-9.666852319
0.25015869,-9.102090261,-8.829512640
0.25021362,-9.101980054,-9.662527545
0.25026855,-9.102205566,-8.834148622
0.25032349,-9.102100191,-9.658270024
0.25037842,-9.102317789,-8.838702828
0.25043335,-9.102216995,-9.654078013
0.25048828,-9.102427050,-8.843177691
0.25054321,-9.102330601,-9.649949827
0.25059814,-9.102533461,-8.847575552
0.25065308,-9.102441135,-9.645883833
0.25070801,-9.102637128,-8.851898661
0.25076294,-9.102548719,-9.641878456
0.25081787,-9.102738155,-8.856149183
0.25087280,-9.102653467,-9.637932166
0.25092773,-9.102836637,-8.860329201
0.25098267,-9.102755487,-9.634043487
0.25103760,-9.102932668,-8.864440720
0.25109253,-9.102854883,-9.630210988
0.25114746,-9.103026335,-8.868485670
0.25120239,-9.102951753,-9.626433287
0.25125732,-9.103117723,-8.872465909
0.25131226,-9.103046191,-9.622709042
0.25136719,-9.103206913,-8.876383227
0.25142212,-9.103138286,-9.619036957
0.25147705,-9.103293980,-8.880239348
0.25153198,-9.103228122,-9.615415777
0.25158691,-9.103378998,-8.884035933
0.25164185,-9.103315780,-9.611844286
0.25169678,-9.103462037,-8.887774582
0.25175171,-9.103401338,-9.608321307
0.25180664,-9.103543163,-8.891456838
0.25186157,-9.103484870,-9.604845701
0.25191650,-9.103622442,-8.895084189
0.25197144,-9.103566444,-9.601416363
0.25202637,-9.103699933,-8.898658070
0.25208130,-9.103646129,-9.598032224
0.25213623,-9.103775697,-8.902179863
0.25219116,-9.103723989,-9.594692247
0.25224609,-9.103849787,-8.905650904
0.25230103,-9.103800084,-9.591395430
0.25235596,-9.103922260,-8.909072482
0.25241089,-9.103874474,-9.588140798
0.25246582,-9.103993166,-8.912445839
0.25252075,-9.103947214,-9.584927410
0.25257568,-9.104062554,-8.915772176
0.25263062,-9.104018358,-9.581754351
0.25268555,-9.104130472,-8.919052653
0.25274048,-9.104087958,-9.578620734
0.25279541,-9.104196965,-8.922288389
0.25285034,-9.104156062,-9.575525702
0.25290527,-9.104262078,-8.925480466
0.25296021,-9.104222719,-9.572468419
0.25301514,-9.104325851,-8.928629929
0.25307007,-9.104287973,-9.569448079
0.25312500,-9.104388326,-8.931737788
0.25317993,-9.104351867,-9.566463897
0.25323486,-9.104449541,-8.934805021
0.25328979,-9.104414444,-9.563515112
0.25334473,-9.104509533,-8.937832572
0.25339966,-9.104475742,-9.560600986
0.25345459,-9.104568339,-8.940821354
0.25350952,-9.104535802,-9.557720803
0.25356445,-9.104625991,-8.943772251
0.25361938,-9.104594660,-9.554873866
0.25367432,-9.104682525,-8.946686118
0.25372925,-9.104652350,-9.552059501
0.25378418,-9.104737971,-8.949563784
0.25383911,-9.104708908,-9.549277053
0.25389404,-9.104792360,-8.952406048
0.25394897,-9.104764365,-9.546525883
0.25400391,-9.104845721,-8.955213688
0.25405884,-9.104818755,-9.543805375
0.25411377,-9.104898085,-8.957987454
0.25416870,-9.104872106,-9.541114926
0.25422363,-9.104949476,-8.960728074
0.25427856,-9.104924449,-9.538453952
0.25433350,-9.104999924,-8.963436254
0.25438843,-9.104975810,-9.535821888
0.25444336,-9.105049452,-8.966112677
0.25449829,-9.105026219,-9.533218180
0.25455322,-9.105098085,-8.968758006
0.25460815,-9.105075700,-9.530642292
0.25466309,-9.105145848,-8.971372882
0.25471802,-9.105124279,-9.528093704
0.25477295,-9.105192763,-8.973957929
0.25482788,-9.105171981,-9.525571908
0.25488281,-9.105238852,-8.976513752
0.25493774,-9.105218828,-9.523076411
0.25499268,-9.105284138,-8.979040935
0.25504761,-9.105264844,-9.520606734
0.25510254,-9.105328640,-8.981540050
0.25515747,-9.105310049,-9.518162409
0.25521240,-9.105372378,-8.984011647
0.25526733,-9.105354466,-9.515742983
0.25532227,-9.105415372,-8.986456262
0.25537720,-9.105398115,-9.513348013
0.25543213,-9.105457641,-8.988874417
0.25548706,-9.105441015,-9.510977069
0.25554199,-9.105499202,-8.991266616
0.25559692,-9.105483186,-9.508629731
0.25565186,-9.105540074,-8.993633352
0.25570679,-9.105524645,-9.506305593
0.25576172,-9.105580272,-8.995975100
0.25581665,-9.105565412,-9.504004257
0.25587158,-9.105619814,-8.998292326
0.25592651,-9.105605501,-9.501725335
0.25598145,-9.105658715,-9.000585479
0.25603638,-9.105644932,-9.499468450
0.25609131,-9.105696991,-9.002854999
0.25614624,-9.105683719,-9.497233236
0.25620117,-9.105734656,-9.005101310
0.25625610,-9.105721878,-9.495019333
0.25631104,-9.105771725,-9.007324829
0.25636597,-9.105759424,-9.492826392
0.25642090,-9.105808212,-9.009525957
0.25647583,-9.105796372,-9.490654074
0.25653076,-9.105844131,-9.011705089
0.25658569,-9.105832736,-9.488502047
0.25664063,-9.105879494,-9.013862605
0.25669556,-9.105868530,-9.486369986
0.25675049,-9.105914314,-9.015998877
0.25680542,-9.105903767,-9.484257576
0.25686035,-9.105948604,-9.018114267
0.25691528,-9.105938459,-9.482164509
0.25697021,-9.105982375,-9.020209129
0.25702515,-9.105972620,-9.480090485
0.25708008,-9.106015640,-9.022283804
0.25713501,-9.106006262,-9.478035210
0.25718994,-9.106048409,-9.024338628
0.25724487,-9.106039396,-9.475998398
0.25729980,-9.106080693,-9.026373927
0.25735474,-9.106072033,-9.473979770
0.25740967,-9.106112504,-9.028390018
0.25746460,-9.106104186,-9.471979053
0.25751953,-9.106143851,-9.030387210
0.25757446,-9.106135863,-9.469995979
0.25762939,-9.106174744,-9.032365807
0.25768433,-9.106167077,-9.468030290
0.25773926,-9.106205194,-9.034326101
0.25779419,-9.106197836,-9.466081731
0.25784912,-9.106235209,-9.036268380
0.25790405,-9.106228151,-9.464150054
0.25795898,-9.106264799,-9.038192925
0.25801392,-9.106258032,-9.462235015
0.25806885,-9.106293972,-9.040100007
0.25812378,-9.106287488,-9.460336379
0.25817871,-9.106322739,-9.041989895
0.25823364,-9.106316527,-9.458453912
0.25828857,-9.106351106,-9.043862848
0.25834351,-9.106345158,-9.456587388
0.25839844,-9.106379082,-9.045719120
0.25845337,-9.106373391,-9.454736586
0.25850830,-9.106406675,-9.047558960
0.25856323,-9.106401232,-9.452901290
0.25861816,-9.106433894,-9.049382609
0.25867310,-9.106428691,-9.451081286
0.25872803,-9.106460745,-9.051190304
0.25878296,-9.106455776,-9.449276368
0.25883789,-9.106487236,-9.052982276
0.25889282,-9.106482493,-9.447486332
0.25894775,-9.106513374,-9.054758752
0.25900269,-9.106508850,-9.445710981
0.25905762,-9.106539166,-9.056519952
0.25911255,-9.106534855,-9.443950120
0.25916748,-9.106564619,-9.058266091
0.25922241,-9.106560514,-9.442203558
0.25927734,-9.106589739,-9.059997381
0.25933228,-9.106585835,-9.440471111
0.25938721,-9.106614534,-9.061714027
0.25944214,-9.106610823,-9.438752594
0.25949707,-9.106639009,-9.063416232
0.25955200,-9.106635486,-9.437047830
0.25960693,-9.106663170,-9.065104193
0.25966187,-9.106659830,-9.435356644
0.25971680,-9.106687024,-9.066778102
0.25977173,-9.106683861,-9.433678865
0.25982666,-9.106710576,-9.068438148
0.25988159,-9.106707585,-9.432014324
0.25993652,-9.106733832,-9.070084517
0.25999146,-9.106731008,-9.430362858
0.26004639,-9.106756797,-9.071717388
0.26010132,-9.106754135,-9.428724304
0.26015625,-9.106779478,-9.073336939
0.26021118,-9.106776973,-9.427098506
0.26026611,-9.106801878,-9.074943344
0.26032104,-9.106799526,-9.425485308
0.26037598,-9.106824004,-9.076536771
0.26043091,-9.106821800,-9.423884559
0.26048584,-9.106845861,-9.078117387
0.26054077,-9.106843800,-9.422296109
0.26059570,-9.106867452,-9.079685355
0.26065063,-9.106865531,-9.420719812
0.26070557,-9.106888784,-9.081240835
0.26076050,-9.106886998,-9.419155526
0.26081543,-9.106909860,-9.082783982
0.26087036,-9.106908206,-9.417603109
0.26092529,-9.106930686,-9.084314950
0.26098022,-9.106929159,-9.416062425
0.26103516,-9.106951265,-9.085833888
0.26109009,-9.106949862,-9.414533337
0.26114502,-9.106971602,-9.087340945
0.26119995,-9.106970320,-9.413015713
0.26125488,-9.106991702,-9.088836263
0.26130981,-9.106990537,-9.411509422
0.26136475,-9.107011568,-9.090319985
0.26141968,-9.107010517,-9.410014337
0.26147461,-9.107031205,-9.091792250
0.26152954,-9.107030263,-9.408530332
0.26158447,-9.107050616,-9.093253193
0.26163940,-9.107049782,-9.407057284
0.26169434,-9.107069805,-9.094702947
0.26174927,-9.107069075,-9.405595071
0.26180420,-9.107088777,-9.096141645
0.26185913,-9.107088148,-9.404143574
0.26191406,-9.107107534,-9.097569413
0.26196899,-9.107107004,-9.402702675
0.26202393,-9.107126081,-9.098986375
0.26207886,-9.107125646,-9.401272255
0.26213379,-9.107144421,-9.100392641
0.26218872,-9.107144078,-9.399852175
0.26224365,-9.107162557,-9.101788272
0.26229858,-9.107162305,-9.398442231
0.26235352,-9.107180493,-9.103173161
0.26240845,-9.107180328,-9.397041956
0.26246338,-9.107198232,-9.104546763
0.26251831,-9.107198151,-9.395650108
0.26257324,-9.107215777,-9.105907445
0.26262817,-9.107215778,-9.394263868
0.26268311,-9.107233129,-9.107251026
0.26273804,-9.107233209,-9.392877054
0.26279297,-9.107250290,-9.108568774
0.26284790,-9.107250444,-9.391477905
0.26290283,-9.107267258,-9.109843732
0.26295776,-9.107267481,-9.390044690
0.26301270,-9.107284029,-9.111046962
0.26306763,-9.107284311,-9.388542890
0.26312256,-9.107300591,-9.112128848
0.26317749,-9.107300921,-9.386913143
0.26323242,-9.107316923,-9.113012596
0.26328735,-9.107317281,-9.385041623
0.26334229,-9.107332986,-9.113581177
0.26339722,-9.107333346,-9.382726796
0.26345215,-9.107348718,-9.113695690
0.26350708,-9.107349047,-9.379648330
0.26356201,-9.107364024,-9.113224353
0.26361694,-9.107364276,-9.375333929
0.26367188,-9.107378766,-9.111898919
0.26372681,-9.107378877,-9.369147799
0.26378174,-9.107392761,-9.109401052
0.26383667,-9.107392628,-9.360548033
0.26389160,-9.107405726,-9.104965207
0.26394653,-9.107405108,-9.348318145
0.26400146,-9.107417242,-9.096013963
0.26405640,-9.107415824,-9.332349928
0.26411133,-9.107426783,-9.081036433
0.26416626,-9.107423903,-9.311934749
0.26422119,-9.107433160,-9.053539595
0.26427612,-9.107428220,-9.281009706
0.26433105,-9.107434866,-9.014674415
0.26438599,-9.107426871,-9.232278187
0.26444092,-9.107429198,-8.957304080
0.26449585,-9.107416125,-9.151018931
0.26455078,-9.107411453,-8.863251496
0.26460571,-9.107389893,-9.020635958
0.26466064,-9.107376601,-8.710430677
0.26471558,-9.107341317,-8.865395403
0.26477051,-9.107300691,-8.475013088
0.26482544,-9.107238764,-8.396694788
0.26488037,-9.107170140,-8.058498672
0.26493530,-9.107080209,-7.991077750
0.26499023,-9.106918410,-7.712909299
0.26504517,-9.106601291,-6.776625313
0.26510010,-9.106364190,-5.105834633
0.26515503,-9.105881916,-6.519097673
0.26520996,-9.105491933,-4.669846276
0.26526489,-9.103970693,-6.146337932
0.26531982,-9.098600902,-0.957092749
0.26537476,-9.088812639,2.956714852
0.26542969,9.542048364,16.127364879
0.26548462,21.370707325,26.614038997
0.26553955,28.281936691,29.949833294
0.26559448,34.713933736,39.478025283
0.26564941,46.720248764,53.962451689
0.26570435,54.784168080,55.605884207
0.26575928,48.224388198,40.842913544
0.26581421,35.422452784,30.002003539
0.26586914,32.189304380,34.376603346
0.26592407,38.295666397,42.214723427
0.26597900,48.863513545,55.512286336
0.26603394,55.742537477,55.972788597
0.26608887,49.236474170,42.500177528
0.26614380,37.074024663,31.647883337
0.26619873,33.737256454,35.826627860
0.26625366,39.440918753,43.055204525
0.26630859,49.647831006,56.240440452
0.26636353,56.827169708,57.413898830
0.26641846,50.431614420,43.449349118
0.26647339,38.054633207,32.659928702
0.26652832,34.691972007,36.724013693
0.26658325,40.471070209,44.218121221
0.26663818,50.261959566,56.305783594
0.26669312,57.315234915,58.324685836
0.26674805,60.012282286,61.699877620
0.26680298,53.834020341,45.968187311
0.26685791,41.674789351,37.381398616
0.26691284,38.194292096,39.007185316
0.26696777,43.455575167,47.903957262
0.26702271,52.510757848,57.117550116
0.26707764,58.728292273,60.339033413
0.26713257,60.991766324,61.644499067
0.26718750,54.873183379,48.101885662
0.26724243,43.364580618,38.627284369
0.26729736,39.768773915,40.910262950
0.26735229,44.685885466,48.461502396
0.26740723,53.377956691,58.294401513
0.26746216,58.966461829,59.638521967
0.26751709,61.627948720,63.617373920
0.26757202,63.120813363,62.624252902
0.26762695,57.142278420,51.660315718
0.26768188,46.586050191,41.511794757
0.26773682,42.807965518,44.104135622
0.26779175,47.164422942,50.224706591
0.26784668,55.032918111,59.841120570
0.26790161,60.079109302,60.317098012
0.26795654,62.267027600,64.216955697
0.26801147,63.951085010,63.685214350
0.26806641,58.283373223,52.881543532
0.26812134,47.881668932,42.881804129
0.26817627,44.141669689,45.401534627
0.26823120,48.382528174,51.363518238
0.26828613,55.886613957,60.409701657
0.26834106,60.733089468,61.056477238
0.26839600,62.832680230,64.608881986
0.26845093,64.585209763,64.561537539
0.26850586,59.079593565,53.597661369
0.26856079,48.780812381,43.963972487
0.26861572,45.132270883,46.300568744
0.26867065,49.329842577,52.359112812
0.26872559,56.611370001,60.863620102
0.26878052,61.312214677,61.760809172
0.26883545,63.455841212,65.150872126
0.26889038,65.128185066,65.105498005
0.26894531,65.430392879,65.755287711
0.26900024,65.875604670,65.995921623
0.26905518,61.151052380,56.306192337
0.26911011,52.180673436,48.055161205
0.26916504,48.790551749,49.525942081
0.26921997,52.195736094,54.865527314
0.26927490,58.998735136,63.131936262
0.26932983,63.590132466,64.048328587
0.26938477,65.279124064,66.509918947
0.26943970,66.291686944,66.073454959
0.26949463,67.226089146,68.378722814
0.26954956,62.428103078,56.477497220
0.26960449,52.730202190,48.982912663
0.26965942,49.431010142,49.879107542
0.26971436,53.168978016,56.458844247
0.26976929,59.569064396,62.679280754
0.26982422,63.726507433,64.773733682
0.26987915,65.343275693,65.912817576
0.26993408,66.783323724,67.653829575
0.26998901,68.003400459,68.352971296
0.27004395,68.829853751,69.306736115
0.27009888,69.252942651,69.199149188
0.27015381,64.487814194,59.776487900
0.27020874,55.879111943,51.981741941
0.27026367,52.562216095,53.142690117
0.27031860,55.790428872,58.438164878
0.27037354,61.517170616,64.596172639
0.27042847,65.318530387,66.040887931
0.27048340,67.015911993,67.990935683
0.27053833,68.199067919,68.407200139
0.27059326,69.186223545,69.965246714
0.27064819,64.529411028,59.093586923
0.27070312,55.163821179,51.234061489
0.27075806,51.823209876,52.412358127
0.27081299,55.361462307,58.310563078
0.27086792,61.431236781,64.551906668
0.27092285,65.563632948,66.575358827
0.27097778,67.491092460,68.406825765
0.27103271,69.013760347,69.620694784
0.27108765,69.947540243,70.274385661
0.27114258,70.815756504,71.357127232
0.27119751,66.154152166,60.951187710
0.27125244,56.836617782,52.722054490
0.27130737,53.404345181,54.086635689
0.27136230,56.874139706,59.661640678
0.27141724,62.676936195,65.692228148
0.27147217,66.782448826,67.872669037
0.27152710,68.418153067,68.963636980
0.27158203,69.789122956,70.614608665
0.27163696,70.708324405,70.802040141
0.27169189,71.511093994,72.220147650
0.27174683,66.896481039,61.572825537
0.27180176,57.667360655,53.761901751
0.27185669,54.375598501,54.989295103
0.27191162,57.847261790,60.705225276
0.27196655,63.709256276,66.713283739
0.27202148,67.640095664,68.566907252
0.27207642,69.223002416,69.879097412
0.27213135,70.555090876,71.231084160
0.27218628,71.746925279,72.262766293
0.27224121,66.878160107,61.493565285
0.27229614,57.482580077,53.471601174
0.27235107,54.003665502,54.535729718
0.27240601,57.582839654,60.629945951
0.27246094,63.734603633,66.839257537
0.27251587,67.700419121,68.561580414
0.27257080,69.430825925,70.300071139
0.27262573,70.961689031,71.623306751
0.27268066,71.697166197,71.771025641
0.27273560,66.662500517,61.553985621
0.27279053,57.504862028,53.455744861
0.27284546,54.299191188,55.142637236
0.27290039,57.904039582,60.665438938
0.27295532,63.962694097,67.259944994
0.27301025,67.928563174,68.597181178
0.27306519,69.769970158,70.942758600
0.27312012,71.088673035,71.234587462
0.27317505,66.077412402,60.920247767
0.27322998,56.517017996,52.113795824
0.27328491,53.144683965,54.175571690
0.27333984,56.926988777,59.678402898
0.27339478,63.349710178,67.021012176
0.27344971,67.710434839,68.399857315
0.27350464,69.592904409,70.785950945
0.27355957,70.955033437,71.124115918
0.27361450,65.855377178,60.586649318
0.27366943,56.211245078,51.835848342
0.27372437,52.955819754,54.075790675
0.27377930,56.875681644,59.675569542
0.27383423,63.442868444,67.210161784
0.27388916,67.943531014,68.676900034
0.27394409,69.954715261,71.232529848
0.27399902,64.805933034,58.379352407
0.27405396,54.619878964,50.860411061
0.27410889,51.414633075,51.968854968
0.27416382,55.629304709,59.289749199
0.27421875,62.977952822,66.666151114
0.27427368,67.732207504,68.798263449
0.27432861,62.428926717,56.059605886
0.27438354,52.064723535,48.069847440
0.27443848,49.055224983,50.040602145
0.27449341,53.641270452,57.241933677
0.27454834,61.697421806,66.152902154
0.27460327,67.220840238,68.288777876
0.27465820,61.824635584,55.360509669
0.27471313,51.226923809,47.093344647
0.27476807,48.270754010,49.448162830
0.27482300,53.074064425,56.699960868
0.27487793,61.388251473,66.076533463
0.27493286,67.005321775,67.934109749
0.27498779,61.557676119,55.181258425
0.27504272,51.005831071,46.830410550
0.27509766,48.091020253,49.351629333
0.27515259,52.921750051,56.491865773
0.27520752,61.322628608,66.153382295
0.27526245,58.173457688,50.193558039
0.27531738,47.303277239,44.412999713
0.27537231,45.614121540,46.815242802
0.27542725,50.833586480,54.851923829
0.27548218,60.146916852,65.441898886
0.27553711,57.192976500,48.944080784
0.27559204,46.486923429,44.029768440
0.27564697,44.978397220,45.927025648
0.27570190,50.220221040,54.513409209
0.27575684,59.903846880,65.294273162
0.27581177,57.092587964,48.890929131
0.27586670,46.247807162,43.604687930
0.27592163,44.852661612,46.100634683
0.27597656,50.201437478,54.302233682
0.27603149,59.713839054,65.125432948
0.27608643,56.871566636,48.617727025
0.27614136,46.300050312,43.982375704
0.27619629,44.964395510,45.946414937
0.27625122,50.215710618,54.484999155
0.27630615,49.506045879,44.527102320
0.27636108,44.034815081,43.542527937
0.27641602,43.702797270,43.863066592
0.27647095,46.433810984,49.004552785
0.27652588,56.708483317,64.412390588
0.27658081,55.059702873,45.707049442
0.27663574,44.581776997,43.456505050
0.27669067,44.337668407,45.218831460
0.27674561,49.851322391,54.483804910
0.27680054,49.453279949,44.422764907
0.27685547,43.951908194,43.481051568
0.27691040,43.783851830,44.086652057
0.27696533,46.553282097,49.019909752
0.27702026,46.476347990,43.932788764
0.27707520,43.770367594,43.607946434
0.27713013,43.752143694,43.896340946
0.27718506,45.122677406,46.349013277
0.27723999,45.127069038,43.905125384
0.27729492,43.828899041,43.752672699
0.27734985,43.847252553,43.941832403
0.27740479,44.512728860,45.083625189
0.27745972,44.535472034,43.987318996
0.27751465,43.937696538,43.888074081
0.27756958,43.961765483,44.035456882
0.27762451,44.274744134,44.514031364
0.27767944,44.301352881,44.088674416
0.27773438,44.051942110,44.015209805
0.27778931,44.076295046,44.137380285
0.27784424,44.213911222,44.290442157
0.27789917,44.237632277,44.184822398
0.27795410,44.153796200,44.122770002
0.27800903,44.174166728,44.225563454
0.27806396,44.226622814,44.227682175
0.27811890,44.248094606,44.268507037
0.27817383,44.243307796,44.218108554
0.27822876,44.261287370,44.304466185
0.27828369,44.272929885,44.241393585
0.27833862,44.292558014,44.343722441
0.27839355,44.324115722,44.304509003
0.27844849,44.340429486,44.376349968
0.27850342,44.333092068,44.289834168
0.27855835,44.362343725,44.434853280
0.27861328,44.431120428,44.427387576
0.27866821,44.456373403,44.485359229
0.27872314,44.434655668,44.383952108
0.27877808,44.450432089,44.516912068
0.27883301,44.506553065,44.496194063
0.27888794,44.518987200,44.541780337
0.27894287,44.497260275,44.452740213
0.27899780,44.511372982,44.570005749
0.27905273,44.564144584,44.558283419
0.27910767,44.575145701,44.592007983
0.27916260,44.523742927,44.455477873
0.27921753,44.493261418,44.531044962
0.27927246,44.538748616,44.546452269
0.27932739,44.563465212,44.580478155
0.27938232,44.560477580,44.540477004
0.27943726,44.557572619,44.574668233
0.27949219,44.554572549,44.534476865
0.27954712,44.551832227,44.569187589
0.27960205,44.549109650,44.529031712
0.27965698,44.546534108,44.564036504
0.27971191,44.543963506,44.523890508
0.27976685,44.541458223,44.559025938
0.27982178,44.538927399,44.518828860
0.27987671,44.536424192,44.554019524
0.27993164,44.533871448,44.513723373
0.27998657,44.531333757,44.548944141
0.28004150,44.528729364,44.508514588
0.28009644,44.526137923,44.543761258
0.28015137,44.523468266,44.503175274
0.28020630,44.520818137,44.538460999
0.28026123,44.518083742,44.497706485
0.28031616,44.515380128,44.533053771
0.28037109,44.512589352,44.492124933
0.28042603,44.523582059,44.555039185
0.28048096,44.527043741,44.499048298
0.28053589,44.528611650,44.558175002
0.28059082,44.543436751,44.528698499
0.28064575,44.545820212,44.562941925
0.28070068,44.541202636,44.519463347
0.28075562,44.548156062,44.576848777
0.28081055,44.571623612,44.566398446
0.28086548,44.576261348,44.586124250
0.28092041,44.574115029,44.562105809
0.28097534,44.572028914,44.581952019
0.28103027,44.569906470,44.557860921
0.28108521,44.568691479,44.579522037
0.28114014,44.560180517,44.540838998
0.28119507,44.570671382,44.600503766
0.28125000,44.602420744,44.604337723
0.28130493,44.610817954,44.617298185
0.28135986,44.608930672,44.600563158
0.28141479,44.607054870,44.613546581
0.28146973,44.605138030,44.596729478
0.28152466,44.603193201,44.609656923
0.28157959,44.601201311,44.592745699
0.28163452,44.599195071,44.605644443
0.28168945,44.597148904,44.588653366
0.28174438,44.595135917,44.601618468
0.28179932,44.593086135,44.584553802
0.28185425,44.591075342,44.597596882
0.28190918,44.589009763,44.580422644
0.28196411,44.586988346,44.593554048
0.28201904,44.584938210,44.576322373
0.28207397,44.582944388,44.589566404
0.28212891,44.580933105,44.572299806
0.28218384,44.578982272,44.585664737
0.28223877,44.576999532,44.568334327
0.28229370,44.575085178,44.581836028
0.28234863,44.573140544,44.564445061
0.28240356,44.571260590,44.578076119
0.28245850,44.569360529,44.560644939
0.28251343,44.567520099,44.574395260
0.28256836,44.565650700,44.556906139
0.28262329,44.563836191,44.570766242
0.28267822,44.561976112,44.553185982
0.28273315,44.560161654,44.567137326
0.28278809,44.558299080,44.549460834
0.28284302,44.556667370,44.563873907
0.28289795,44.545284461,44.526695015
0.28295288,44.562555163,44.598415311
0.28300781,44.608765710,44.619116109
0.28306274,44.623477344,44.627838580
0.28311768,44.559982455,44.492126332
0.28317261,44.512260283,44.532394235
0.28322754,44.571378849,44.610363463
0.28328247,44.614818103,44.619272742
0.28333740,44.612653702,44.606034661
0.28339233,44.610536580,44.615038498
0.28344727,44.608413983,44.601789467
0.28350220,44.606354517,44.610919567
0.28355713,44.604290489,44.597661411
0.28361206,44.602292009,44.606922607
0.28366699,44.600267517,44.593612426
0.28372192,44.598294023,44.602975620
0.28377686,44.596283115,44.589590610
0.28383179,44.594303430,44.599016250
0.28388672,44.592300455,44.585584659
0.28394165,44.590327516,44.595070372
0.28399658,44.588337770,44.581605168
0.28405151,44.586385336,44.591165504
0.28410645,44.584406959,44.577648414
0.28416138,44.582466499,44.587284585
0.28421631,44.580494173,44.573703761
0.28427124,44.578552334,44.583400907
0.28432617,44.576579770,44.569758634
0.28438110,44.597315136,44.624871637
0.28443604,44.611825346,44.598779056
0.28449097,44.617037219,44.635295383
0.28454590,44.635076704,44.634858026
0.28460083,44.638193993,44.641529960
0.28465576,44.636312652,44.631095343
0.28471069,44.634475036,44.637854728
0.28476563,44.632680919,44.627507110
0.28482056,44.636636767,44.645766424
0.28487549,44.634517715,44.623269007
0.28493042,44.648656189,44.674043372
0.28498535,44.684126915,44.694210458
0.28504028,44.696176834,44.698143211
0.28509521,44.694366316,44.690589421
0.28515015,44.691919933,44.693250446
0.28520508,44.689528305,44.685806164
0.28526001,44.688347714,44.690889264
0.28531494,44.676897992,44.662906720
0.28536987,44.691051795,44.719196871
0.28542480,44.731056643,44.742916415
0.28547974,44.743190925,44.743465435
0.28553467,44.740603386,44.737741337
0.28558960,44.738382255,44.739023173
0.28564453,44.737169737,44.735316300
0.28569946,44.736141741,44.736967181
0.28575439,44.637810187,44.538653196
0.28580933,44.553317110,44.567981024
0.28586426,44.650319598,44.732658170
0.28591919,44.734209039,44.735759907
0.28597412,44.732977513,44.730195119
0.28602905,44.730802387,44.731409655
0.28608398,44.728668611,44.725927568
0.28613892,44.725605689,44.725283810
0.28619385,44.723015307,44.720746804
0.28624878,44.720402938,44.720059072
0.28630371,44.717935769,44.715812466
0.28635864,44.716056591,44.716300715
0.28641357,44.713943132,44.711585548
0.28646851,44.711681773,44.711777999
0.28652344,44.709263448,44.706748897
0.28657837,44.706594217,44.706439537
0.28663330,44.703956777,44.701474017
0.28668823,44.701556133,44.701638248
0.28674316,44.699233315,44.696828382
0.28679810,44.697372963,44.697917544
0.28685303,44.695367316,44.692817087
0.28690796,44.693654173,44.694491258
0.28696289,44.692088784,44.689686311
0.28701782,44.690656259,44.691626208
0.28707275,44.689434923,44.687243639
0.28712769,44.688356600,44.689469562
0.28718262,44.687282961,44.685096360
0.28723755,44.686205751,44.687315143
0.28729248,44.684977488,44.682639834
0.28734741,44.683410045,44.684180256
0.28740234,44.681671067,44.679161877
0.28745728,44.679514814,44.679867751
0.28751221,44.677377608,44.674887465
0.28756714,44.675127910,44.675368355
0.28762207,44.672958814,44.670549273
0.28767700,44.670832543,44.671115814
0.28773193,44.668730282,44.666344750
0.28778687,44.666629686,44.666914621
0.28784180,44.664501692,44.662088764
0.28789673,44.662394897,44.662701030
0.28795166,44.660265529,44.657830029
0.28800659,44.658256717,44.658683405
0.28806152,44.656192961,44.653702517
0.28811646,44.654283098,44.654863678
0.28817139,44.652358311,44.649852943
0.28822632,44.650541796,44.651230649
0.28828125,44.648771188,44.646311726
0.28833618,44.647074213,44.647836699
0.28839111,44.645415236,44.642993772
0.28844604,44.643800775,44.644607778
0.28850098,44.642164300,44.639720821
0.28855591,44.640460320,44.641199818
0.28861084,44.638732229,44.636264640
0.28866577,44.636833430,44.637402219
0.28872070,44.634915164,44.632428109
0.28877563,44.632268960,44.632109811
0.28883057,44.629673147,44.627236484
0.28888550,44.626675682,44.626114880
0.28894043,44.623759470,44.621404060
0.28899536,44.663296977,44.705189893
0.28905029,44.696881402,44.688572911
0.28910522,44.689245158,44.689917405
0.28916016,44.681076282,44.672235159
0.28921509,44.671130561,44.670025963
0.28927002,44.668851163,44.667676364
0.28932495,44.666644583,44.665612803
0.28937988,44.664427920,44.663243038
0.28943481,44.662291206,44.661339374
0.28948975,44.660172651,44.659005929
0.28954468,44.658112609,44.657219288
0.28959961,44.656086645,44.654954002
0.28965454,44.654110914,44.653267825
0.28970947,44.652143690,44.651019554
0.28976440,44.650192309,44.649365065
0.28981934,44.648223704,44.647082343
0.28987427,44.646199396,44.645316449
0.28992920,44.644164152,44.643011855
0.28998413,44.642028353,44.641044852
0.29003906,44.639896139,44.638747426
0.29009399,44.637537960,44.636328494
0.29014893,44.635201371,44.634074248
0.29020386,44.632697802,44.631321356
0.29025879,44.630332289,44.629343222
0.29031372,44.638616509,44.647889796
0.29036865,44.647405541,44.646921287
0.29042358,44.652758773,44.658596260
0.29047852,44.664195893,44.669795527
0.29053345,44.667077462,44.664359398
0.29058838,44.664713841,44.665068283
0.29064331,44.662281552,44.659494820
0.29069824,44.659925014,44.660355208
0.29075317,44.660228253,44.660101297
0.29080811,44.657853264,44.655605231
0.29086304,44.665807662,44.676010094
0.29091797,44.685813359,44.695616624
0.29097290,44.691115016,44.686613408
0.29102783,44.688626780,44.690640152
0.29108276,44.686100643,44.681561134
0.29113770,44.683621634,44.685682134
0.29119263,44.681784674,44.677887214
0.29124756,44.674361432,44.670835650
0.29130249,44.681928624,44.693021598
0.29135742,44.704325627,44.715629657
0.29141235,44.709132416,44.702635175
0.29146729,44.706561465,44.710487756
0.29152222,44.703958719,44.697429681
0.29157715,44.701397917,44.705366152
0.29163208,44.698960720,44.692555287
0.29168701,44.689626122,44.686696957
0.29174194,44.696237088,44.705777219
0.29179688,44.718362245,44.730947271
0.29185181,44.722240987,44.713534702
0.29190674,44.712504300,44.711473898
0.29196167,44.718772716,44.726071534
0.29201660,44.740655991,44.755240449
0.29207153,44.744225556,44.733210663
0.29212646,44.741688650,44.750166636
0.29218140,44.739118730,44.728070825
0.29223633,44.736589771,44.745108717
0.29229126,44.734026791,44.722944865
0.29234619,44.731505800,44.740066734
0.29240112,44.728949947,44.717833159
0.29245605,44.726437166,44.735041172
0.29251099,44.723889017,44.712736862
0.29256592,44.721384742,44.730032621
0.29262085,44.718845012,44.707657403
0.29267578,44.716349468,44.725041533
0.29273071,44.713818774,44.702596015
0.29278564,44.711331986,44.720067958
0.29284058,44.708810582,44.697553207
0.29289551,44.706332260,44.715111313
0.29295044,44.703819921,44.692528530
0.29300537,44.701349392,44.710170254
0.29306030,44.698845456,44.687520658
0.29311523,44.696381682,44.705242706
0.29317017,44.693884923,44.682527139
0.29322510,44.691426516,44.700325892
0.29328003,44.688935321,44.677544750
0.29333496,44.686481493,44.695418235
0.29338989,44.683976679,44.672535123
0.29344482,44.674337086,44.676139050
0.29349976,44.680050942,44.683962834
0.29355469,44.701895953,44.719829073
0.29360962,44.705093959,44.690358845
0.29366455,44.702701123,44.715043401
0.29371948,44.700270361,44.685497320
0.29377441,44.697865063,44.710232806
0.29382935,44.695385544,44.680538281
0.29388428,44.685801346,44.691064412
0.29393921,44.691169484,44.691274556
0.29399414,44.712535672,44.733796788
0.29404907,44.715310057,44.696823327
0.29410400,44.705784155,44.714744983
0.29415894,44.710538271,44.706331559
0.29421387,44.730676270,44.755020980
0.29426880,44.732795647,44.710570313
0.29432373,44.730111564,44.749652814
0.29437866,44.727391367,44.705129920
0.29443359,44.724669340,44.744208760
0.29448853,44.721911511,44.699614261
0.29454346,44.719151749,44.738689237
0.29459839,44.716355307,44.694021378
0.29465332,44.713559143,44.733096909
0.29470825,44.710724456,44.688352003
0.29476318,44.707894339,44.727436675
0.29481812,44.705023364,44.682610054
0.29487305,44.702162613,44.721715172
0.29492798,44.699258824,44.676802476
0.29498291,44.696371246,44.715940016
0.29503784,44.693439224,44.670938432
0.29509277,44.690528705,44.710118978
0.29514771,44.687573495,44.665028012
0.29520264,44.684643636,44.704259261
0.29525757,44.681670071,44.659080882
0.29531250,44.678723942,44.698367001
0.29536743,44.675736091,44.653105181
0.29542236,44.672776114,44.692447048
0.29547729,44.669776982,44.647106917
0.29553223,44.666804737,44.686502557
0.29558716,44.663752100,44.641001643
0.29564209,44.654116433,44.667231223
0.29569702,44.651160549,44.635089874
0.29575195,44.656528869,44.677967864
0.29580688,44.650673834,44.623379805
0.29586182,44.647488826,44.671597846
0.29591675,44.644283864,44.616969883
0.29597168,44.641138771,44.665307660
0.29602661,44.637973120,44.610638580
0.29608154,44.634869850,44.659101121
0.29613647,44.631745227,44.604389334
0.29619141,44.628685504,44.652981674
0.29624634,44.625603709,44.598225745
0.29630127,44.622588958,44.646952171
0.29635620,44.619551707,44.592151243
0.29641113,44.616582952,44.641014661
0.29646606,44.613591661,44.586168662
0.29652100,44.610669448,44.635170233
0.29657593,44.607725031,44.580279829
0.29663086,44.604849385,44.629418941
0.29668579,44.601952114,44.574485287
0.29674072,44.599122560,44.623759832
0.29679565,44.596272021,44.568784211
0.29685059,44.593487334,44.618190457
0.29690552,44.590632375,44.563074294
0.29696045,44.584995427,44.606916559
0.29701538,44.582337298,44.557758036
0.29707031,44.586533285,44.615308534
0.29712524,44.582593687,44.549878839
0.29718018,44.579068624,44.608258409
0.29723511,44.578156890,44.548055371
0.29729004,44.584905295,44.621755219
0.29734497,44.583602488,44.545449758
0.29739990,44.580505376,44.615560993
0.29745483,44.581594145,44.547627298
0.29750977,44.592781162,44.637935025
0.29756470,44.594000816,44.550066607
0.29761963,44.590164429,44.630262250
0.29767456,44.592772231,44.555282213
0.29772949,44.608144034,44.661005853
0.29778442,44.611033012,44.561060172
0.29783936,44.605948912,44.650837652
0.29789429,44.609256348,44.567675045
0.29794922,44.627216425,44.686757805
0.29800415,44.630697639,44.574637474
0.29805908,44.624448003,44.674258531
0.29811401,44.627692705,44.581126880
0.29816895,44.646270614,44.711414346
0.29822388,44.649502696,44.587591048
0.29827881,44.642545873,44.697500697
0.29833374,44.645291242,44.593081788
0.29838867,44.662912883,44.732743976
0.29844360,44.665557861,44.598371747
0.29849854,44.658496073,44.718620399
0.29855347,44.660823307,44.603026217
0.29860840,44.676867634,44.750709049
0.29866333,44.679320407,44.607931766
0.29871826,44.677269389,44.746607009
0.29877319,44.675489868,44.604372729
0.29882812,44.673435805,44.742498879
0.29888306,44.671627066,44.600755255
0.29893799,44.669608163,44.738461069
0.29899292,44.667825559,44.597190051
0.29904785,44.665841905,44.734493758
0.29910278,44.664106018,44.593718280
0.29915771,44.662133620,44.730548959
0.29921265,44.660423474,44.590297991
0.29926758,44.658437513,44.726577032
0.29932251,44.656716780,44.586856529
0.29937744,44.654739956,44.722623380
0.29943237,44.653016404,44.583409429
0.29948730,44.651092708,44.718775985
0.29954224,44.649356097,44.579936210
0.29959717,44.642804894,44.705673577
0.29965210,44.646123336,44.586573096
0.29970703,44.659040568,44.731508037
0.29976196,44.663151338,44.594794641
0.29981689,44.661754319,44.728713995
0.29987183,44.660702721,44.592691449
0.29992676,44.659331573,44.725971695
0.29998169,44.658306178,44.590640662
0.30003662,44.657003332,44.723365999
0.30009155,44.656052806,44.588739615
0.30014648,44.654825035,44.720910453
0.30020142,44.653960584,44.587010716
0.30025635,44.652785573,44.718560428
0.30031128,44.651974340,44.585388254
0.30036621,44.650785360,44.716182465
0.30042114,44.649951004,44.583719544
0.30047607,44.648713275,44.713707005
0.30053101,44.647808338,44.581909672
0.30058594,44.646543212,44.711176751
0.30064087,44.645590477,44.580004205
0.30069580,44.644325414,44.708646621
0.30075073,44.643369504,44.578092388
0.30080566,44.642095338,44.706098287
0.30086060,44.641141903,44.576185521
0.30091553,44.639821579,44.703457635
0.30097046,44.638826718,44.574195803
0.30102539,44.637467937,44.700740070
0.30108032,44.636416409,44.572092749
0.30113525,44.635066058,44.698039365
0.30119019,44.634001138,44.569962913
0.30124512,44.632693829,44.695424743
0.30130005,44.631614408,44.567804074
0.30135498,44.626510106,44.685216136
0.30140991,44.639350052,44.593483969
0.30146484,44.659239766,44.724995562
0.30151978,44.672459383,44.619923205
0.30157471,44.671289549,44.722655892
0.30162964,44.670435879,44.618215868
0.30168457,44.669256353,44.720296837
0.30173950,44.668348543,44.616400250
0.30179443,44.661737276,44.707074301
0.30184937,44.676143946,44.645213592
0.30190430,44.697632946,44.750052299
0.30195923,44.711913942,44.673775586
0.30201416,44.704429307,44.735083027
0.30206909,44.719518485,44.703953944
0.30212402,44.741586458,44.779218971
0.30217896,44.756147444,44.733075917
0.30223389,44.748200875,44.763325832
0.30228882,44.763802690,44.764279549
0.30234375,44.785821580,44.807363610
0.30239868,44.800540861,44.793718112
0.30245361,44.799435274,44.805152436
0.30250854,44.798574779,44.791997123
0.30256348,44.797457137,44.802917151
0.30261841,44.796578449,44.790239748
0.30267334,44.795447506,44.800655265
0.30272827,44.794547638,44.788440011
0.30278320,44.793400345,44.798360678
0.30283813,44.792425846,44.786491013
0.30289307,44.784209872,44.781928730
0.30294800,44.800620014,44.819311297
0.30300293,44.821327265,44.823343234
0.30305786,44.836310117,44.849277001
0.30311279,44.828287799,44.807298597
0.30316772,44.845089508,44.882880420
0.30322266,44.865751979,44.848623539
0.30327759,44.880814298,44.913005057
0.30333252,44.879756138,44.846507221
0.30338745,44.878675380,44.910843539
0.30344238,44.877594246,44.844344954
0.30349731,44.876475234,44.908605514
0.30355225,44.875354901,44.842104289
0.30360718,44.874209986,44.906315683
0.30366211,44.873063863,44.839812044
0.30371704,44.871877274,44.903942503
0.30377197,44.863816980,44.823691458
0.30382690,44.881597034,44.939502610
0.30388184,44.904189278,44.868875947
0.30393677,44.919864528,44.970853109
0.30399170,44.918764695,44.866676283
0.30404663,44.917646905,44.968617526
0.30410156,44.916602472,44.864587418
0.30415649,44.915503486,44.966419552
0.30421143,44.914444077,44.862468602
0.30426636,44.913289897,44.964111190
0.30432129,44.912174028,44.860236866
0.30437622,44.910972581,44.961708295
0.30443115,44.909824872,44.857941449
0.30448608,44.908634773,44.959328095
0.30454102,44.907528876,44.855729659
0.30459595,44.906370781,44.957011902
0.30465088,44.905334014,44.853656126
0.30470581,44.904199017,44.954741907
0.30476074,44.903204200,44.851666495
0.30481567,44.902055862,44.952445228
0.30487061,44.901063034,44.849680842
0.30492554,44.899850772,44.950020701
0.30498047,44.898809280,44.847597861
0.30503540,44.897527286,44.947456710
0.30509033,44.896427164,44.845397620
0.30514526,44.895118197,44.944838773
0.30520020,44.894001328,44.843163885
0.30525513,44.892659932,44.942155979
0.30531006,44.884079209,44.826002440
0.30536499,44.904209054,44.982415666
0.30541992,44.935936580,44.889457495
0.30547485,44.953727819,45.017998141
0.30552979,44.952748974,44.887499809
0.30558472,44.951209147,45.014918483
0.30563965,44.950166437,44.885414392
0.30569458,44.948592650,45.011770906
0.30574951,44.947494157,44.883217408
0.30580444,44.945935216,45.008653021
0.30585937,44.944821547,44.880990074
0.30591431,44.943245800,45.005501524
0.30596924,44.942044040,44.878586558
0.30602417,44.940542157,45.002497755
0.30607910,44.939370560,44.876243366
0.30613403,44.937971808,44.999700248
0.30618896,44.936836798,44.873973349
0.30624390,44.935517813,44.997062275
0.30629883,44.934391880,44.871721487
0.30635376,44.933098844,44.994476199
0.30640869,44.931960713,44.869445228
0.30646362,44.930656557,44.991867885
0.30651855,44.929502952,44.867138021
0.30657349,44.928188177,44.989238332
0.30662842,44.927043783,44.864849235
0.30668335,44.925737052,44.986624868
0.30673828,44.924639039,44.862653211
0.30679321,44.923340271,44.984027329
0.30684814,44.909748373,44.835469419
0.30690308,44.904785505,44.974101589
0.30695801,44.916290708,44.858479828
0.30701294,44.918598723,44.978717618
0.30706787,44.917556650,44.856395684
0.30712280,44.916155458,44.975915230
0.30717773,44.915083413,44.854251597
0.30723267,44.913642053,44.973032507
0.30728760,44.912548312,44.852064119
0.30734253,44.911094805,44.970125491
0.30739746,44.910006415,44.849887341
0.30745239,44.910333488,44.970779635
0.30750732,44.905576315,44.840372997
0.30756226,44.924624363,45.008875726
0.30761719,44.965406572,44.921937418
0.30767212,44.982828687,45.043719955
0.30772705,44.970610726,44.897501499
0.30778198,44.990287387,45.083073271
0.30783691,45.040297160,44.997521049
0.30789185,45.057890329,45.118259608
0.30794678,45.041473714,44.964687821
0.30800171,45.061138521,45.157589218
0.30805664,45.117109803,45.076630389
0.30811157,45.134502191,45.192373991
0.30816650,45.115505808,45.038637627
0.30822144,45.134877011,45.231116392
0.30827637,45.195104253,45.159092114
0.30833130,45.212109221,45.265126326
0.30838623,45.191374289,45.117622253
0.30844116,45.210294574,45.302966891
0.30849609,45.273896206,45.244825521
0.30855103,45.290453110,45.336080698
0.30860596,45.262117230,45.188153764
0.30866089,45.256970072,45.325786378
0.30871582,45.282946682,45.240106987
0.30877075,45.286017313,45.331927639
0.30882568,45.277561332,45.223195027
0.30888062,45.294652076,45.366109123
0.30893555,45.349543915,45.332978708
0.30899048,45.364847116,45.396715524
0.30904541,45.348200961,45.299686399
0.30910034,45.365435689,45.431184978
0.30915527,45.430609835,45.430034693
0.30921021,45.445772799,45.461510906
0.30926514,45.413763278,45.366015651
0.30932007,45.406389505,45.446763358
0.30937500,45.436395931,45.426028504
0.30942993,45.443188300,45.460348096
0.30948486,45.437477224,45.414606353
0.30953979,45.447162864,45.479719374
0.30959473,45.495130145,45.510540917
0.30964966,45.504028710,45.497516504
0.30970459,45.490193158,45.482869812
0.30975952,45.506073940,45.529278068
0.30981445,45.575394682,45.621511295
0.30986938,45.590095803,45.558680312
0.30992432,45.568928911,45.579177510
0.30997925,45.585049486,45.590921461
0.31003418,45.664278772,45.737636082
0.31008911,45.679311039,45.620985998
0.31014404,45.653878481,45.686770964
0.31019897,45.670410402,45.654049840
0.31025391,45.756710191,45.859370539
0.31030884,45.772352433,45.685334331
0.31036377,45.744106867,45.802879401
0.31041870,45.762482388,45.722085375
0.31047363,45.856681687,45.991277992
0.31052856,45.874352643,45.757427299
0.31058350,45.843389830,45.929352359
0.31063843,45.861771334,45.794190311
0.31069336,45.959346700,46.124503079
0.31074829,45.977232539,45.829962007
0.31080322,45.944741425,46.059520838
0.31085815,45.964674467,45.869828099
0.31091309,46.066777697,46.263727280
0.31096802,46.086423732,45.909120197
0.31102295,46.052408416,46.195696626
0.31107788,55.523513577,64.851296427
0.31113281,55.321339160,45.791417489
0.31118774,45.894099978,45.996782464
0.31124268,46.321804754,46.646827002
0.31129761,51.297863179,55.948890876
0.31135254,51.269555552,46.590228810
0.31140747,46.342474496,46.094720206
0.31146240,46.360945598,46.627170963
0.31151733,48.842610735,51.058048584
0.31157227,57.612463611,64.166861801
0.31162720,55.538089354,46.909346090
0.31168213,46.823766353,46.738186619
0.31173706,47.523870070,48.309553279
0.31179199,52.755683999,57.201806972
0.31184692,52.253418936,47.305040497
0.31190186,47.098019075,46.890997670
0.31195679,46.876346791,46.861695911
0.31201172,49.480865432,52.100032264
0.31206665,58.851526620,65.603003111
0.31212158,57.577493222,49.552008577
0.31217651,48.070600442,46.589193168
0.31223145,47.477590402,48.365987327
0.31228638,52.243023953,56.120054687
0.31234131,61.153414123,66.186763629
0.31239624,58.673395607,51.160049711
0.31245117,49.361901154,47.563753865
0.31250610,48.363110454,49.162466791
0.31256104,53.116332271,57.070191624
0.31261597,61.692120426,66.314040855
0.31267090,59.290581263,52.267141005
0.31272583,49.840532946,47.413927195
0.31278076,48.668554219,49.923180627
0.31283569,53.344479470,56.765773725
0.31289063,61.787635671,66.809487733
0.31294556,59.349499338,51.889532755
0.31300049,50.070371517,48.251211576
0.31305542,48.913024881,49.574838015
0.31311035,53.529536303,57.484228460
0.31316528,61.984250766,66.484265136
0.31322021,59.595672515,52.707098494
0.31327515,50.276339805,47.845583433
0.31333008,49.117191547,50.388799027
0.31338501,53.738354924,57.087906424
0.31343994,63.094133104,69.100345645
0.31349487,60.701814959,52.303311918
0.31354980,50.503699788,48.704088927
0.31360474,49.344545366,49.985001645
0.31365967,54.407618993,58.830228673
0.31371460,62.758847413,66.687460102
0.31376953,67.810131110,68.932801623
0.31382446,63.112835331,57.292882315
0.31387939,54.179518077,51.066157637
0.31393433,52.003215032,52.940272082
0.31398926,56.273530539,59.606784642
0.31404419,63.570742372,67.534693943
0.31409912,68.278103475,69.021512791
0.31415405,62.933226418,56.844954572
0.31420898,54.285151886,51.725351769
0.31426392,53.079464002,54.433575517
0.31431885,57.864376362,61.295172594
0.31437378,66.702874376,72.110564697
0.31442871,63.785303356,55.460069181
0.31448364,52.749660737,50.039255171
0.31453857,51.243294026,52.447332312
0.31459351,56.602441053,60.757543028
0.31464844,65.859127244,70.960701260
0.31470337,71.752783887,72.544866269
0.31475830,66.504985994,60.465120017
0.31481323,56.202054638,51.938996382
0.31486816,53.562875188,55.186752960
0.31492310,58.392109922,61.597462857
0.31497803,65.206933317,68.816398671
0.31503296,70.157450325,71.498501275
0.31508789,65.699615410,59.900742725
0.31514282,56.259342834,52.617948140
0.31519775,53.891589223,55.165229670
0.31525269,58.238057381,61.310881392
0.31530762,66.375598387,71.440305327
0.31536255,72.461654382,73.483003027
0.31541748,67.427784193,61.372579730
0.31547241,57.135417278,52.898261862
0.31552734,54.481441993,56.064621141
0.31558228,59.271512488,62.478399803
0.31563721,67.466345484,72.454281414
0.31569214,73.034944515,73.615607484
0.31574707,74.529862728,75.444117644
0.31580200,69.105548822,62.766995747
0.31585693,59.702939370,56.638886672
0.31591187,57.392886499,58.146886103
0.31596680,61.774697098,65.402502936
0.31602173,68.927932594,72.453357381
0.31607666,73.098205348,73.743053152
0.31613159,74.402919761,75.062786200
0.31618652,69.725861059,64.388947083
0.31624146,60.787186421,57.185430843
0.31629639,58.029112654,58.872794185
0.31635132,61.807691919,64.742586276
0.31640625,68.164295117,71.585999369
0.31646118,72.639391968,73.692784133
0.31651611,74.170210023,74.647635823
0.31657104,74.403845039,74.160054278
0.31662598,69.516526692,64.873007557
0.31668091,61.931719386,58.990434605
0.31673584,60.037753863,61.085072692
0.31679077,63.647430397,66.209785530
0.31684570,68.958902097,71.708015702
0.31690063,72.714367877,73.720719655
0.31695557,74.156324075,74.591928420
0.31701050,75.040845367,75.489762234
0.31706543,70.949294098,66.408834043
0.31712036,63.080997647,59.753165592
0.31717529,60.416681684,61.080197603
0.31723022,63.592246112,66.104292147
0.31728516,68.896930336,71.689565469
0.31734009,77.535813061,83.382047258
0.31739502,85.001316875,86.620585465
0.31744995,81.110873651,75.601173736
0.31750488,74.574450444,73.547727565
0.31755981,66.848895188,60.150080399
0.31761475,62.540436798,64.930790958
0.31766968,65.692694388,66.454597592
0.31772461,69.963059773,73.471517129
0.31777954,71.974006156,70.476496062
0.31783447,76.516521861,82.556533361
0.31788940,78.933305015,75.310081814
0.31794434,77.041466513,78.772850037
0.31799927,73.025120763,67.277404436
0.31805420,65.709699114,64.141994755
0.31810913,63.284263158,62.426531849
0.31816406,65.960958119,69.495379492
0.31821899,70.370233731,71.245087670
0.31827393,74.748210013,78.251327547
0.31832886,76.881215296,75.511103782
0.31838379,76.610500417,77.709896579
0.31843872,77.550740285,77.391584000
0.31849365,73.819315894,70.247052790
0.31854858,66.305451881,62.363857061
0.31860352,63.548423334,64.732989057
0.31865845,66.488696301,68.244402338
0.31871338,74.972327423,81.700234767
0.31876831,84.963010809,88.225782678
0.31882324,82.946348504,77.666925253
0.31887817,79.379659526,81.092392648
0.31893311,78.371363971,75.650338196
0.31898804,74.465075284,73.279812921
0.31904297,68.699341325,64.118877952
0.31909790,65.572067916,67.025257052
0.31915283,67.555460253,68.085663342
0.31920776,77.449309452,86.812921197
0.31926270,87.070104367,87.327287511
0.31931763,84.565640214,81.803995907
0.31937256,81.479906044,81.155816222
0.31942749,77.041490382,72.927171176
0.31948242,69.368727878,65.810289544
0.31953735,66.208481061,66.606672515
0.31959229,68.897760685,71.188846797
0.31964722,73.164700099,75.140551871
0.31970215,81.509827343,87.879086915
0.31975708,89.302739948,90.726392186
0.31981201,87.058813061,83.391239208
0.31986694,80.225003523,77.058771768
0.31992188,71.197502392,65.336246480
0.31997681,66.850493805,68.364740231
0.32003174,70.348556104,72.332370434
0.32008667,74.679334794,77.026296995
0.32014160,76.913714517,76.801132044
0.32019653,83.141330590,89.481513381
0.32025146,90.234832277,90.988150951
0.32030640,82.819983955,74.651843109
0.32036133,69.319998103,63.988164240
0.32041626,65.724015669,67.459865917
0.32047119,72.076792007,76.693709742
0.32052612,78.245335801,79.796960916
0.32058105,79.672780677,79.548600445
0.32063599,79.732919932,79.917239405
0.32069092,83.441062140,86.964880007
0.32074585,79.496004254,72.027150365
0.32080078,68.674518616,65.321891273
0.32085571,65.847372694,66.372854006
0.32091064,70.328309323,74.283758508
0.32096558,82.150793751,90.017804738
0.32102051,85.742823626,81.467849676
0.32107544,82.209564950,82.951280009
0.32113037,82.657584863,82.363889752
0.32118530,85.824364348,89.284834250
0.32124023,81.411752686,73.538695415
0.32129517,70.320770412,67.102849468
0.32135010,66.554226630,66.005603909
0.32140503,70.407257985,74.808904467
0.32145996,81.227488217,87.646055819
0.32151489,84.175368693,80.704686288
0.32156982,74.186929698,67.669189758
0.32162476,55.709386821,43.749639947
0.32167969,37.201044264,30.652465389
0.32173462,25.438156222,20.223857711
0.32178955,18.565141889,16.906427146
0.32184448,12.168864210,7.431310071
0.32189941,0.231971724,-6.967346310
0.32195435,-7.783070582,-8.598794594
0.32200928,-1.262573198,6.073627104
0.32206421,11.464168819,16.854699145
0.32211914,14.679415853,12.504134416
0.32217407,8.606981750,4.709835037
0.32222900,-1.898315639,-8.506449200
0.32228394,-8.734776192,-8.963103163
0.32233887,-2.268768427,4.425548744
0.32239380,9.821756783,15.217953410
0.32244873,13.140040957,11.062130197
0.32250366,7.468077877,3.874030621
0.32255859,-2.486079011,-8.846172788
0.32261353,-9.251434569,-9.656696286
0.32266846,-3.087518236,3.481642901
0.32272339,8.846591540,14.211528898
0.32277832,12.190619763,10.169712228
0.32283325,6.443649641,2.717592496
0.32288818,-2.961115254,-8.639810364
0.32294312,-9.076628640,-9.644062962
0.32299805,-8.216266491,-13.301349357
0.32305298,-8.387158451,-3.472977010
0.32310791,3.021507139,9.515974756
0.32316284,8.707746920,7.899519340
0.32321777,3.475975807,-0.947560055
0.32327271,-4.196590611,-7.445617029
0.32332764,-8.808961749,-11.331997387
0.32338257,-8.979708499,-9.523416820
0.32343750,-10.271897764,-11.020378488
0.32349243,-1.371512335,8.277317330
0.32354736,7.141990705,6.006664585
0.32360229,2.252714597,-1.501229868
0.32365723,-5.535390492,-9.569544739
0.32371216,-8.447831790,-7.326119335
0.32376709,-8.286160547,-9.246201398
0.32382202,-8.900231948,-9.135757762
0.32387695,-9.879212013,-10.622666047
0.32393188,-2.606869667,5.408901530
0.32398682,4.119719558,2.830538238
0.32404175,0.906087653,-1.018361481
0.32409668,-4.726873277,-8.435379683
0.32415161,-8.738892619,-9.042405519
0.32420654,-8.279777407,-7.517149522
0.32426147,-7.820026332,-8.945596503
0.32431641,-8.667716883,-8.389837293
0.32437134,-3.852205459,0.685418306
0.32442627,-3.341967064,-7.369346078
0.32448120,-8.379271671,-9.389196864
0.32453613,-8.812580443,-8.235964152
0.32459106,-8.324033598,-8.412103041
0.32464600,-8.304111184,-8.196119331
0.32470093,-5.426875641,-2.657634957
0.32475586,-4.414543917,-6.171451668
0.32481079,-7.094696502,-8.017941001
0.32486572,-3.685705103,0.646523440
0.32492065,-4.277605644,-9.201725224
0.32497559,-9.046309113,-9.123792271
0.32503052,-9.005969845,-11.649193690
0.32508545,-9.061195454,-8.021317998
0.32514038,-9.045200674,-10.898961068
0.32519531,-9.069530892,-8.209897661
0.32525024,-9.066514828,-10.640407126
0.32530518,-9.040728127,-8.751002607
0.32536011,-8.996199528,-7.542206452
0.32541504,-8.951633238,-7.985920687
0.32546997,-8.888371393,-8.464007327
0.32552490,-8.840863837,-8.530942165
0.32557983,-8.822718934,-8.685603047
0.32563477,-8.822848846,-8.782427928
0.32568970,-8.864199012,-8.864470288
0.32574463,-8.886584850,-8.987473499
0.32579956,-8.693728961,-8.763896512
0.32585449,-8.880294169,-8.523071666
0.32590942,-8.554322823,-8.890448613
0.32596436,-8.896704101,-8.456630141
0.32601929,-8.655566998,-9.153279264
0.32607422,-8.923939806,-8.495387057
0.32612915,-8.788324285,-9.334924334
0.32618408,-8.949046580,-8.559006527
0.32623901,-8.872481251,-9.406627916
0.32629395,-8.968486904,-8.624045653
0.32634888,-8.916141246,-9.407175436
0.32640381,-8.980571881,-8.652690122
0.32645874,-8.940692883,-9.381820594
0.32651367,-8.987918192,-8.675399574
0.32656860,-8.956157920,-9.348432988
0.32662354,-8.992654270,-8.702398558
0.32667847,-8.967216366,-9.314163434
0.32673340,-8.996162363,-8.735672632
0.32678833,-8.976179661,-9.281690380
0.32684326,-8.999299424,-8.774314111
0.32689819,-8.984162473,-9.251813743
0.32695313,-9.002539153,-8.816227062
0.32700806,-8.991648034,-9.224625867
0.32706299,-9.006085119,-8.859309557
0.32711792,-8.998798003,-9.199970911
0.32717285,-9.009966690,-8.901922998
0.32722778,-9.005628633,-9.177618934
0.32728271,-9.014116811,-8.942961035
0.32733765,-9.012106229,-9.157332334
0.32739258,-9.018428406,-8.981763460
0.32744751,-9.018192250,-9.138884405
0.32750244,-9.022788773,-9.017983131
0.32755737,-9.023860457,-9.122048896
0.32761230,-9.027098626,-9.051489697
0.32766724,-9.029101275,-9.106610700
0.32772217,-9.031280658,-9.082304120
0.32777710,-9.033920416,-9.092379253
0.32783203,-9.035281072,-9.110546844
0.32788696,-9.038335250,-9.079195051
0.32794189,-9.039067083,-9.136396105
0.32799683,-9.042370747,-9.066929111
0.32805176,-9.042622628,-9.160054944
0.32810669,-9.046055935,-9.055478580
0.32816162,-9.045943878,-9.181729205
0.32821655,-9.049421254,-9.044761320
0.32827148,-9.049035329,-9.201615164
0.32832642,-9.052496755,-9.034711000
0.32838135,-9.051906747,-9.219893725
0.32843628,-9.055311005,-9.025273157
0.32849121,-9.054570922,-9.236728277
0.32854614,-9.057890486,-9.016402049
0.32860107,-9.057042102,-9.252264536
0.32865601,-9.060259331,-9.008058230
0.32871094,-9.059334940,-9.266631451
0.32876587,-9.062439278,-9.000206809
0.32882080,-9.061463827,-9.279942675
0.32887573,-9.064449753,-8.992816286
0.32893066,-9.063442489,-9.292298245
0.32898560,-9.066308030,-8.985857815
0.32904053,-9.065283770,-9.303786271
0.32909546,-9.068029420,-8.979304762
0.32915039,-9.066999538,-9.314484505
0.32920532,-9.069627479,-8.973132444
0.32926025,-9.068600663,-9.324461743
0.32931519,-9.071114202,-8.967317965
0.32937012,-9.070097044,-9.333779047
0.32942505,-9.072500205,-8.961840098
0.32947998,-9.071497661,-9.342490786
0.32953491,-9.073794899,-8.956679188
0.32958984,-9.072810644,-9.350645532
0.32964478,-9.075006635,-8.951817041
0.32969971,-9.074043344,-9.358286822
0.32975464,-9.076142836,-8.947236808
0.32980957,-9.075202400,-9.365453807
0.32986450,-9.077210116,-8.942922864
0.32991943,-9.076293814,-9.372181798
0.32997437,-9.078214377,-8.938860676
0.33002930,-9.077323006,-9.378502726
0.33008423,-9.079160895,-8.935036690
0.33013916,-9.078294883,-9.384445512
0.33019409,-9.080054402,-8.931438227
0.33024902,-9.079213883,-9.390036372
0.33030396,-9.080899141,-8.928053366
0.33035889,-9.080084025,-9.395299084
0.33041382,-9.081698930,-8.924870799
0.33046875,-9.080908953,-9.400255225
0.33052368,-9.082457208,-8.921879672
0.33057861,-9.081691969,-9.404924327
0.33063354,-9.083177070,-8.919068704
0.33068848,-9.082436053,-9.409323183
0.33074341,-9.083861291,-8.916425212
0.33079834,-9.083143887,-9.413465514
0.33085327,-9.084512353,-8.913934799
0.33090820,-9.083817835,-9.417361463
0.33096313,-9.085132428,-8.911572243
0.33101807,-9.084459924,-9.421018419
0.33107300,-9.085723379,-8.909299664
0.33112793,-9.085071872,-9.424441683
0.33118286,-9.086286782,-8.907071510
0.33123779,-9.085655231,-9.427637853
0.33129272,-9.087049969,-8.905095645
0.33134766,-9.320026977,-9.734958241
0.33140259,136.267254962,282.261113810
0.33145752,138.597752373,-5.057520221
0.33151245,-5.397687125,-5.737853983
0.33156738,-6.847764340,-7.957674214
0.33162231,-8.428162729,-8.898651158
0.33167725,-7.245372287,-5.592094488
0.33173218,-7.044050797,-8.496006281
0.33178711,-8.563520108,-8.631033934
0.33184204,-8.513568747,-8.396103566
0.33189697,-8.659995702,-8.923887810
0.33195190,-8.878099212,-8.832310615
0.33200684,-9.086782403,-9.341254165
0.33206177,-9.014145481,-8.687036840
0.33211670,-8.832142487,-9.106736804
0.33217163,-8.920664292,-8.722388770
0.33222656,-8.842773171,-9.132365558
0.33228149,-8.777555653,-8.512621413
0.33233643,-8.386151928,-8.259682450
0.33239136,-7.142854946,-6.026027931
0.33244629,-7.198017447,-8.370006424
0.33250122,-8.502780332,-8.635554233
0.33255615,-8.701262863,-8.766971491
0.33261108,-8.724793799,-8.682616108
0.33266602,-8.533880250,-8.385144401
0.33272095,-8.012709087,-7.640273827
0.33277588,-7.773347854,-7.906421875
0.33283081,-8.533655193,-9.160888356
0.33288574,-8.813372774,-8.776702349
0.33294067,-9.103789376,-9.430876362
0.33299561,-6.927724657,-4.424575409
0.33305054,-6.434049838,-8.443522684
0.33310547,-3.534686420,1.374140400
0.33316040,-3.157479199,-7.689090749
0.33321533,-8.131562830,-8.574034836
0.33327026,2.311478401,13.196945196
0.33332520,4.858981423,-3.478955102
0.33338013,-7.261035143,-11.043109578
0.33343506,-8.946034531,-6.848961207
0.33348999,-7.717888833,-8.586816163
0.33354492,-9.029799896,-8.035097040
0.33359985,-8.300145884,-10.335922957
0.33365479,-9.044855615,-7.115736269
0.33370972,-8.776007414,-11.196754844
0.33376465,-9.057720673,-6.940407542
0.33381958,-8.986230887,-11.746022147
0.33387451,-9.068086574,-7.182638868
0.33392944,-9.037908464,-11.724806874
0.33398438,-9.075422678,-7.379288201
0.33403931,-9.059123182,-11.608987566
0.33409424,-9.080583361,-7.514906156
0.33414917,-9.070357833,-11.487770992
0.33420410,-9.084322473,-7.609791145
0.33425903,-9.077255191,-11.378993172
0.33431396,-9.087129681,-7.680319391
0.33436890,-9.081916427,-11.283993837
0.33442383,-9.089308541,-7.736893124
0.33447876,-9.085285079,-11.200437163
0.33453369,-9.091049525,-7.785768240
0.33458862,-9.087842587,-11.125623994
0.33464355,-9.092475506,-7.830626966
0.33469849,-9.089858501,-11.057297594
0.33475342,-9.093668219,-7.873591996
0.33480835,-9.091494793,-10.993750721
0.33486328,-9.094683661,-7.915845515
0.33491821,-9.092854368,-10.933749114
0.33497314,-9.095561253,-7.958002495
0.33502808,-9.094005624,-10.876424117
0.33508301,-9.096329438,-8.000334295
0.33513794,-9.094995750,-10.821179881
0.33519287,-9.097009194,-8.042900753
0.33524780,-9.095858344,-10.767621119
0.33530273,-9.097616303,-8.085633336
0.33535767,-9.096617984,-10.715497585
0.33541260,-9.098162852,-8.128388458
0.33546753,-9.097293076,-10.664662902
0.33552246,-9.098658249,-8.170983460
0.33557739,-9.097897693,-10.615043386
0.33563232,-9.099109931,-8.213222083
0.33568726,-9.098442802,-10.566614415
0.33574219,-9.099523859,-8.254909923
0.33579712,-9.098937087,-10.519383216
0.33585205,-9.099904872,-8.295861044
0.33590698,-9.099387526,-10.473375719
0.33596191,-9.100256940,-8.335900781
0.33601685,-9.099799797,-10.428625892
0.33607178,-9.100583355,-8.374868746
0.33612671,-9.100178573,-10.385169067
0.33618164,-9.100886871,-8.412622006
0.33623657,-9.100527740,-10.343038188
0.33629150,-9.101169816,-8.449036887
0.33634644,-9.100850564,-10.302263091
0.33640137,-9.101434171,-8.484011166
0.33645630,-9.101149817,-10.262869982
0.33651123,-9.101681647,-8.517464544
0.33656616,-9.101427872,-10.224880783
0.33662109,-9.101913725,-8.549336924
0.33667603,-9.101686775,-10.188310895
0.33673096,-9.102131697,-8.579580284
0.33678589,-9.101928293,-10.153155733
0.33684082,-9.102336682,-8.608151723
0.33689575,-9.102153951,-10.119389006
0.33695068,-9.102529653,-8.635014213
0.33700562,-9.102365068,-10.086970437
0.33706055,-9.102711459,-8.660138127
0.33711548,-9.102562791,-10.055855718
0.33717041,-9.102882843,-8.683501087
0.33722534,-9.102748125,-10.026003911
0.33728027,-9.103044466,-8.705088582
0.33733521,-9.102921955,-9.997376869
0.33739014,-9.103196911,-8.724895696
0.33744507,-9.103085058,-9.969930834
0.33750000,-9.103340694,-8.742911356
0.33755493,-9.103238114,-9.943612498
0.33760986,-9.103476263,-8.759111982
0.33766479,-9.103381710,-9.918362125
0.33771973,-9.103603991,-8.773471655
0.33777466,-9.103516346,-9.894063263
0.33782959,-9.103724187,-8.785974187
0.33788452,-9.103642403,-9.870594874
0.33793945,-9.103836861,-8.796470345
0.33799438,-9.103759265,-9.847010804
0.33804932,-9.103941066,-8.802185406
0.33810425,-9.103866001,-9.822147962
0.33815918,-9.104035845,-8.802663638
0.33821411,-9.103960803,-9.795905270
0.33826904,-9.104118002,-8.793941573
0.33832397,-9.104040354,-9.762216161
0.33837891,-9.104183863,-8.775054940
0.33843384,-9.104098386,-9.718774235
0.33848877,-9.104223683,-8.734771080
0.33854370,-9.104126147,-9.649147070
0.33859863,-9.104231513,-8.678106354
0.33865356,-9.104118930,-9.565029072
0.33870850,-9.104194142,-8.612278164
0.33876343,-9.104048775,-9.430717034
0.33881836,-9.104089177,-8.479614917
0.33887329,-9.103908217,-9.274613291
0.33892822,-9.103914623,-8.355725626
0.33898315,-9.103697088,-9.129478988
0.33903809,-9.103670430,-8.255541342
0.33909302,-9.103413426,-9.003216426
0.33914795,-9.103350719,-8.176216670
0.33920288,-9.103005807,-8.886959260
0.33925781,-9.102827968,-7.979433968
0.33931274,-9.102365708,-8.562789033
0.33936768,-9.102072094,-7.810386732
0.33942261,-9.101470871,-8.354927591
0.33947754,-9.101040783,-7.724464225
0.33953247,-9.100250930,-8.223279455
0.33958740,-9.099633156,-7.681451077
0.33964233,-9.098561139,-8.133500350
0.33969727,-9.097650237,-7.660724964
0.33975220,-9.096100311,-8.064069498
0.33980713,-9.094437804,-7.639246369
0.33986206,-9.090478805,-7.842457117
0.33991699,-9.084067586,-6.948048180
0.33997192,-9.069351316,-6.969199288
0.34002686,-9.023979415,-6.680584864
0.34008179,-4.475392862,-2.270202765
0.34013672,0.043783720,2.357768107
0.34019165,2.349869828,2.341971549
0.34024658,2.351847254,2.361722959
0.34030151,2.353787943,2.345852926
0.34035645,2.355754066,2.365655206
0.34041138,2.357682849,2.349710491
0.34046631,2.359642957,2.369575422
0.34052124,2.361573111,2.353570799
0.34057617,2.363533455,2.373496111
0.34063110,2.342915367,2.312334623
0.34068604,2.328487959,2.344641295
0.34074097,2.323305083,2.301968872
0.34079590,2.305368762,2.308768652
0.34085083,2.302268558,2.295768465
0.34090576,2.304138201,2.312507937
0.34096069,2.305964722,2.299421507
0.34101562,2.307747643,2.316073779
0.34107056,2.303813649,2.291553519
0.34112549,2.305919632,2.320285745
0.34118042,2.291860930,2.263436116
0.34123535,2.256593927,2.249751738
0.34129028,2.244611909,2.239472080
0.34134521,2.246411130,2.253350180
0.34140015,2.248842949,2.244335718
0.34145508,2.251219928,2.258104138
0.34151001,2.252393157,2.246682175
0.34156494,2.263775985,2.280869795
0.34161987,2.249702062,2.218534328
0.34167480,2.209927177,2.201320026
0.34172974,2.197861302,2.194402578
0.34178467,2.200433050,2.206463523
0.34183960,2.202640892,2.198818261
0.34189453,2.203845557,2.208872854
0.34194946,2.204867055,2.200861256
0.34200439,2.302630702,2.404400144
0.34205933,2.386642555,2.368884966
0.34211426,2.290198600,2.211512236
0.34216919,2.206785656,2.202059077
0.34222412,2.208009220,2.213959363
0.34227905,2.210171320,2.206383278
0.34233398,2.212291928,2.218200578
0.34238892,2.215336773,2.212472969
0.34244385,2.217911353,2.223349737
0.34249878,2.220508210,2.217666683
0.34255371,2.222960289,2.228253895
0.34260864,2.224828128,2.221402362
0.34266357,2.226928539,2.232454717
0.34271851,2.229176384,2.225898052
0.34277344,2.231579904,2.237261755
0.34282837,2.234233302,2.231204849
0.34288330,2.236854672,2.242504496
0.34293823,2.239241013,2.235977530
0.34299316,2.241549578,2.247121625
0.34304810,2.243398701,2.239675776
0.34310303,2.245391926,2.251108075
0.34315796,2.247094678,2.243081280
0.34321289,2.248650184,2.254219088
0.34326782,2.250073914,2.245928740
0.34332275,2.251287353,2.256645966
0.34337769,2.252358897,2.248071827
0.34343262,2.253425491,2.258779155
0.34348755,2.254495927,2.250212700
0.34354248,2.255716254,2.261219808
0.34359741,2.257274136,2.253328465
0.34365234,2.259002233,2.264676001
0.34370728,2.261145575,2.257615149
0.34376221,2.263269604,2.268924058
0.34381714,2.265505861,2.262087663
0.34387207,2.267661596,2.273235528
0.34392700,2.269775128,2.266314728
0.34398193,2.271864414,2.277414100
0.34403687,2.273952419,2.270490737
0.34409180,2.276067289,2.281643841
0.34414673,2.278161458,2.274679076
0.34420166,2.280277696,2.285876316
0.34425659,2.282274440,2.278672563
0.34431152,2.284325445,2.289978327
0.34436646,2.286223803,2.282469279
0.34442139,2.288136640,2.293804002
0.34447632,2.289942181,2.286080359
0.34453125,2.291701730,2.297323100
0.34458618,2.293388410,2.289453720
0.34464111,2.295036972,2.300620224
0.34469604,2.296641608,2.292662992
0.34475098,2.298267798,2.303872604
0.34480591,2.299961445,2.296050286
0.34486084,2.301678722,2.307307159
0.34491577,2.303566081,2.299825003
0.34497070,2.305472437,2.311119872
0.34502563,2.308102951,2.305086030
0.34508057,2.310682949,2.316279868
0.34513550,2.313662727,2.311045587
0.34519043,2.316561278,2.322076970
0.34524536,2.277247980,2.232418991
0.34530029,2.243856360,2.255293729
0.34535522,2.251448521,2.247603314
0.34541016,2.259569434,2.271535553
0.34546509,2.269457944,2.267380336
0.34552002,2.271723346,2.276066357
0.34557495,2.273916733,2.271767109
0.34562988,2.276119763,2.280472417
0.34568481,2.278243682,2.276014946
0.34573975,2.280349170,2.284683393
0.34579468,2.282396854,2.280110314
0.34584961,2.284410285,2.288710256
0.34590454,2.286374137,2.284038019
0.34595947,2.288329169,2.292620319
0.34601440,2.290268808,2.287917298
0.34606934,2.292225214,2.296533129
0.34612427,2.294237367,2.291941605
0.34617920,2.296260027,2.300578450
0.34623413,2.298383038,2.296187626
0.34628906,2.300502110,2.304816594
0.34634399,2.302846237,2.300875880
0.34639893,2.305168506,2.309461132
0.34645386,2.307657197,2.305853261
0.34650879,2.310008224,2.314163187
0.34656372,2.301770464,2.289377742
0.34661865,2.293031253,2.296684764
0.34667358,2.287707817,2.278730870
0.34672852,2.276335793,2.273940716
0.34678345,2.273469966,2.272999216
0.34683838,2.275819108,2.278639000
0.34689331,2.278236921,2.277834842
0.34694824,2.280579021,2.283323199
0.34700317,2.280276863,2.277230526
0.34705811,2.282637307,2.288044089
0.34711304,2.274727498,2.261410907
0.34716797,2.254836317,2.248261726
0.34722290,2.249564165,2.250866604
0.34727783,2.252037199,2.253207794
0.34733276,2.254548325,2.255888855
0.34738770,2.257012186,2.258135516
0.34744263,2.258838054,2.259540592
0.34749756,2.266217638,2.272894684
0.34755249,2.258692837,2.244490989
0.34760742,2.236424157,2.228357325
0.34766235,2.231644062,2.234930799
0.34771729,2.234199330,2.233467860
0.34777222,2.236786627,2.240105394
0.34782715,2.239331806,2.238558217
0.34788208,2.241754496,2.244950775
0.34793701,2.251034404,2.257118034
0.34799194,2.244460394,2.231802753
0.34804688,2.222462011,2.213121269
0.34810181,2.218604686,2.224088103
0.34815674,2.228284348,2.232480592
0.34821167,2.222050944,2.211621296
0.34826660,2.200293083,2.188964870
0.34832153,2.196743180,2.204521489
0.34837646,2.199264591,2.194007693
0.34843140,2.201819242,2.209630792
0.34848633,2.204332754,2.199034716
0.34854126,2.206880507,2.214726297
0.34859619,2.209386097,2.204045898
0.34865112,2.211926765,2.219807632
0.34870605,2.214424194,2.209040756
0.34876099,2.216957202,2.224873647
0.34881592,2.219446175,2.214018703
0.34887085,2.221970813,2.229922923
0.34892578,2.224451107,2.218979291
0.34898071,2.226966762,2.234954232
0.34903564,2.229438351,2.223922470
0.34909058,2.231944770,2.239967069
0.34914551,2.234407943,2.228848818
0.34920044,2.236905349,2.244961879
0.34925537,2.239360776,2.233759673
0.34931030,2.241849827,2.249939981
0.34936523,2.244298539,2.238657096
0.34942017,2.246780455,2.254903813
0.34947510,2.249223832,2.243543850
0.34953003,2.251700215,2.259856581
0.34958496,2.254139041,2.248421502
0.34963989,2.256628968,2.264836433
0.34969482,2.266212123,2.267587813
0.34974976,2.260530114,2.253472415
0.34980469,2.238810237,2.224148059
0.34985962,2.235629772,2.247111485
0.34991455,2.238007953,2.228904422
0.34996948,2.240424248,2.251944074
0.35002441,2.242814820,2.233685566
0.35007935,2.245279595,2.256873625
0.35013428,2.254807667,2.252741709
0.35018921,2.249469410,2.246197111
0.35024414,2.228225612,2.210254112
0.35029907,2.225466359,2.240678606
0.35035400,2.234936457,2.229194308
0.35040894,2.230208732,2.231223157
0.35046387,2.210186069,2.189148981
0.35051880,2.208078100,2.227007219
0.35057373,2.210745840,2.194484462
0.35062866,2.213449921,2.232415379
0.35068359,2.216155388,2.199895397
0.35073853,2.218896888,2.237898379
0.35079346,2.221639873,2.205381368
0.35084839,2.224419767,2.243458166
0.35090332,2.227198946,2.210939727
0.35095825,2.230016869,2.249094011
0.35101318,2.232829807,2.216565604
0.35106812,2.235683812,2.254802021
0.35112305,2.238527210,2.222252398
0.35117798,2.241413843,2.260575288
0.35123291,2.244283913,2.227992539
0.35128784,2.247198620,2.266404701
0.35134277,2.250091501,2.233778301
0.35139771,2.253029265,2.272280229
0.35145264,2.255941375,2.239602521
0.35150757,2.258897391,2.278192260
0.35156250,2.261825680,2.245459100
0.35161743,2.264795901,2.284132701
0.35167236,2.267737958,2.251343215
0.35172729,2.270719397,2.290095578
0.35178223,2.273673654,2.257251729
0.35183716,2.276708294,2.296164860
0.35189209,2.286287557,2.276410255
0.35194702,2.289225996,2.302041737
0.35200195,2.283887776,2.265733815
0.35205688,2.289708886,2.313683957
0.35211182,2.292874683,2.272065409
0.35216675,2.296060784,2.320056159
0.35222168,2.299186897,2.278317634
0.35227661,2.302333913,2.326350191
0.35233154,2.305418444,2.284486697
0.35238647,2.308524665,2.332562633
0.35244141,2.311565902,2.290569172
0.35249634,2.314629539,2.338689906
0.35255127,2.317626065,2.296562224
0.35260620,2.320645412,2.344728599
0.35266113,2.323596207,2.302463815
0.35271606,2.326569856,2.350675896
0.35277100,2.329474379,2.308272862
0.35282593,2.332401420,2.356529978
0.35288086,2.335259646,2.313989313
0.35293579,2.338139810,2.362290306
0.35299072,2.340952210,2.319614114
0.35304565,2.343785908,2.367957701
0.35310059,2.346553700,2.325149699
0.35315552,2.349391793,2.373633887
0.35321045,2.354995411,2.336356935
0.35326538,2.357637794,2.378918652
0.35332031,2.353465140,2.328011627
0.35337524,2.357381710,2.386751792
0.35343018,2.360885612,2.335019433
0.35348511,2.361791526,2.388563619
0.35354004,2.355081164,2.321598709
0.35359497,2.356375928,2.391153147
0.35364990,2.359454346,2.327755545
0.35370483,2.358371124,2.388986703
0.35375977,2.347247732,2.305508761
0.35381470,2.346034370,2.386559978
0.35386963,2.349847800,2.313135622
0.35392456,2.347254178,2.381372734
0.35397949,2.331970126,2.282567518
0.35403442,2.329096926,2.375626332
0.35408936,2.334150873,2.292675414
0.35414429,2.330861593,2.369047772
0.35419922,2.313004200,2.256960628
0.35425415,2.309542130,2.362123630
0.35430908,2.315754887,2.269386145
0.35436401,2.312527985,2.355669825
0.35441895,2.294056342,2.232442861
0.35447388,2.290841988,2.349241113
0.35452881,2.297757846,2.246274580
0.35458374,2.295027438,2.343780296
0.35463867,2.277506572,2.211232849
0.35469360,2.274875985,2.338519120
0.35474854,2.281896191,2.225273264
0.35480347,2.279581543,2.333889820
0.35485840,2.263628914,2.193368010
0.35491333,2.261189440,2.329010868
0.35496826,2.263227774,2.197444681
0.35502319,2.264996539,2.332548396
0.35507813,2.267037901,2.201527408
0.35513306,2.268835719,2.336144029
0.35518799,2.270842125,2.205540223
0.35524292,2.272613958,2.339687690
0.35529785,2.274585317,2.209482947
0.35535278,2.276310698,2.343138448
0.35540771,2.278270869,2.213403291
0.35546265,2.279970656,2.346538018
0.35551758,2.281944312,2.217350607
0.35557251,2.283654625,2.349958642
0.35562744,2.285619198,2.221279755
0.35568237,2.287332315,2.353384872
0.35573730,2.289244066,2.225103262
0.35579224,2.290970168,2.356837073
0.35584717,2.297482743,2.238128415
0.35590210,2.294182519,2.350236623
0.35595703,2.281338930,2.212441240
0.35601196,2.277250880,2.342060519
0.35606689,2.278638991,2.215217466
0.35612183,2.279683972,2.344150477
0.35617676,2.281046362,2.217942249
0.35623169,2.282065289,2.346188328
0.35628662,2.283359772,2.220531217
0.35634155,2.284304255,2.348077292
0.35639648,2.285524096,2.222970901
0.35645142,2.286382994,2.349795085
0.35650635,2.287550378,2.225305673
0.35656128,2.288356361,2.351407046
0.35661621,2.289537634,2.227668224
0.35667114,2.290366610,2.353064993
0.35672607,2.291596351,2.230127710
0.35678101,2.292495506,2.354863301
0.35683594,2.293752487,2.232641674
0.35689087,2.294699168,2.356756660
0.35694580,2.295956087,2.235155516
0.35700073,2.296905925,2.358656333
0.35705566,2.298171895,2.237687458
0.35711060,2.299119272,2.360551084
0.35716553,2.300431135,2.240311187
0.35722046,2.301419702,2.362528216
0.35727539,2.302769800,2.243011385
0.35733032,2.303814713,2.364618040
0.35738525,2.305156431,2.245694822
0.35744019,2.306214660,2.366734496
0.35749512,2.307513583,2.248292673
0.35755005,2.308586231,2.368879788
0.35760498,2.313660260,2.258440733
0.35765991,2.300892635,2.343344535
0.35771484,2.281116747,2.218888961
0.35776978,2.267971611,2.317054261
0.35782471,2.269133850,2.221213439
0.35787964,2.269982027,2.318750613
0.35793457,2.271153901,2.223557191
0.35798950,2.272055911,2.320554630
0.35804443,2.278628208,2.236701786
0.35809937,2.264302768,2.291903749
0.35815430,2.242936846,2.193969945
0.35820923,2.228736375,2.263502805
0.35826416,2.236176989,2.208851173
0.35831909,2.221172943,2.233494713
0.35837402,2.199231432,2.164968152
0.35842896,2.184752597,2.204537042
0.35848389,2.192652462,2.180767882
0.35853882,2.177138746,2.173509610
0.35859375,2.155246080,2.136982550
0.35864868,2.140609910,2.144237269
0.35870361,2.141708262,2.139179254
0.35875854,2.142563211,2.145947167
0.35881348,2.143673549,2.141399930
0.35886841,2.144546587,2.147693244
0.35892334,2.145670149,2.143647054
0.35897827,2.146564248,2.149481442
0.35903320,2.147704066,2.145926691
0.35908813,2.148672372,2.151418052
0.35914307,2.156840075,2.162262099
0.35919800,2.140522693,2.118783288
0.35925293,2.119934119,2.121084949
0.35930786,2.105035937,2.088986925
0.35936279,2.113011087,2.137035249
0.35941772,2.096304448,2.055573648
0.35947266,2.075760435,2.095947221
0.35952759,2.060783320,2.025619418
0.35958252,2.061834513,2.098049607
0.35963745,2.062908457,2.027767307
0.35969238,2.063982493,2.100197677
0.35974731,2.065094472,2.029991267
0.35980225,2.066207480,2.102423693
0.35985718,2.067345216,2.032266739
0.35991211,2.068483865,2.104700991
0.35996704,2.069663038,2.034625085
0.36002197,2.077675934,2.120726782
0.36007690,2.059996611,1.999266442
0.36013184,2.037533996,2.075801550
0.36018677,2.021947523,1.968093497
0.36024170,2.023040147,2.077986795
0.36029663,2.024150903,1.970315012
0.36035156,2.025188448,2.080061883
0.36040649,2.026280508,1.972499134
0.36046143,2.027332942,2.082166749
0.36051636,2.028479881,1.974793014
0.36057129,2.029588449,2.084383884
0.36062622,2.030782386,1.977180889
0.36068115,2.031922611,2.086664332
0.36073608,2.033105265,1.979546199
0.36079102,2.034203919,2.088861637
0.36084595,2.035354752,1.981847868
0.36090088,2.036384676,2.090921484
0.36095581,2.037512543,1.984103603
0.36101074,2.038500760,2.092897915
0.36106567,2.039641893,1.986385872
0.36112061,2.040628132,2.094870391
0.36117554,2.041832824,1.988795259
0.36123047,2.042867447,2.096939633
0.36128540,2.044141474,1.991343316
0.36134033,2.045234388,2.099125459
0.36139526,2.046535235,1.993945012
0.36145020,2.047644800,2.101344586
0.36150513,2.048977891,1.996611196
0.36156006,2.057508213,2.118405229
0.36161499,2.037492566,1.956579906
0.36166992,2.005947447,2.055314986
0.36172485,1.988257126,1.921199267
0.36177979,1.989229459,2.057259649
0.36183472,1.990759836,1.924260024
0.36188965,1.991795665,2.059331305
0.36194458,1.993359808,1.927388314
0.36199951,1.994451099,2.061513883
0.36205444,1.996000482,1.930487083
0.36210938,1.997106861,2.063726637
0.36216431,1.998672954,1.933619273
0.36221924,1.999866916,2.066114557
0.36227417,2.001359568,1.936604580
0.36232910,2.002523541,2.068442500
0.36238403,2.003913651,1.939384804
0.36243896,2.005041249,2.070697693
0.36249390,2.006352048,1.942006405
0.36254883,2.007470621,2.072934836
0.36260376,2.008755621,1.944576407
0.36265869,2.009886322,2.075196236
0.36271362,2.011182377,1.947168520
0.36276855,2.012328464,2.077488406
0.36282349,2.013635078,1.949781752
0.36287842,2.014772008,2.079762262
0.36293335,2.016070625,1.952378988
0.36298828,2.017161441,2.081943893
0.36304321,2.018452141,1.954960392
0.36309814,2.031964692,2.108968990
0.36315308,2.036898582,1.964828177
0.36320801,2.025458967,2.086089755
0.36326294,2.023163467,1.960237180
0.36331787,2.024198668,2.088160154
0.36337280,2.025591208,1.963022265
0.36342773,2.026656208,2.090290150
0.36348267,2.028088688,1.965887228
0.36353760,2.029175258,2.092463287
0.36359253,2.030619817,1.968776348
0.36364746,2.031701068,2.094625787
0.36370239,2.031375206,1.968124627
0.36375732,2.036104056,2.104083483
0.36381226,2.017164073,1.930244666
0.36386719,1.976616625,2.022988583
0.36392212,1.959293353,1.895598125
0.36397705,1.971439843,2.047281559
0.36403198,1.951874970,1.856468384
0.36408691,1.902153531,1.947838677
0.36414185,1.884660303,1.821481931
0.36419678,1.900981082,1.980480231
0.36425171,1.881428131,1.782376035
0.36430664,1.825780012,1.869183987
0.36436157,1.808486538,1.747789090
0.36441650,1.827372022,1.906954951
0.36447144,1.808111130,1.709267312
0.36452637,1.748232127,1.787196941
0.36458130,1.731323972,1.675451004
0.36463623,1.751937773,1.828424539
0.36469116,1.733125345,1.637826154
0.36474609,1.669892007,1.701957860
0.36480103,1.653429460,1.604901062
0.36485596,1.681599907,1.758298750
0.36491089,1.686716849,1.615134951
0.36496582,1.660890227,1.706645503
0.36502075,1.657836553,1.609027604
0.36507568,1.666242543,1.723457482
0.36513062,1.649249268,1.575041057
0.36518555,1.594675676,1.614310294
0.36524048,1.579459727,1.544609160
0.36529541,1.596008174,1.647407186
0.36535034,1.578871848,1.510336512
0.36540527,1.514076278,1.517816044
0.36546021,1.498999855,1.480183666
0.36551514,1.530822033,1.581460398
0.36557007,1.538152714,1.494845030
0.36562500,1.508320203,1.521795377
0.36567993,1.501566234,1.481337091
0.36573486,1.507243151,1.533149211
0.36578979,1.497612569,1.462075928
0.36584473,1.449924145,1.437772362
0.36589966,1.441076124,1.444379887
0.36595459,1.454830062,1.465280238
0.36600952,1.439040053,1.412799867
0.36606445,1.370123330,1.327446792
0.36611938,1.355506231,1.383565670
0.36617432,1.376548498,1.369531327
0.36622925,1.360520174,1.351509021
0.36628418,0.778960404,0.206411916
0.36633911,-0.629529589,-1.465470819
0.36639404,0.057575657,1.580621224
0.36644897,1.205493629,0.830366089
0.36650391,1.120224627,1.410083133
0.36655884,1.024472552,0.638862029
0.36661377,0.988471029,1.338079981
0.36666870,1.017720339,0.697360738
0.36672363,1.380786968,2.064213015
0.36677856,1.198026295,0.331839869
0.36683350,1.213912430,2.095984686
0.36688843,1.275194826,0.454405229
0.36694336,0.960618226,1.466831123
0.36699829,49.042966077,96.618213897
0.36705322,51.746424340,6.875423930
0.36710815,0.046861194,-6.781683265
0.36716309,-0.432808257,5.916050953
0.36721802,-1.962560766,-9.841148156
0.36727295,-0.887958419,8.065199900
0.36732788,-2.233596837,-12.532352002
0.36738281,-8.248500051,-3.964655293
0.36743774,-6.365748195,-12.898948466
0.36749268,-9.086297772,-4.894629423
0.36754761,-11.982621463,-19.070593812
0.36760254,-9.090306947,3.001262830
0.36765747,-5.411627858,-13.824490807
0.36771240,-7.766116138,-1.707755854
0.36776733,-7.886864816,-14.065958813
0.36782227,-9.087589282,-2.782129360
0.36787720,-8.963752627,-16.448206235
0.36793213,-9.090195679,-2.713440966
0.36798706,-9.034340146,-16.382560561
0.36804199,-9.092224456,-2.836244184
0.36809692,-9.058814031,-16.263127632
0.36815186,-9.093848985,-2.965218693
0.36820679,-9.063384613,-16.118351791
0.36826172,-9.092706455,-2.362558242
0.36831665,-9.017387813,-15.078360621
0.36837158,-9.084048903,-1.209104032
0.36842651,-5.894573371,-10.580034105
0.36848145,-3.562164063,3.455686676
0.36853638,-0.822926081,-5.101531662
0.36859131,-1.225620228,2.650285318
0.36864624,0.208007715,-2.234267550
0.36870117,0.314176183,2.862617370
0.36875610,-0.056423277,-2.975460585
0.36881104,-0.417149906,2.141158208
0.36886597,0.341963833,-1.457229274
0.36892090,0.654295381,2.765818288
0.36897583,0.153259850,-2.459295914
0.36903076,-0.880066815,0.699161306
0.36908569,-0.499090783,-1.697342309
0.36914062,-0.026872897,1.643595422
0.36919556,-0.002851454,-1.649297267
0.36925049,-0.879665240,-0.110033446
0.36930542,-0.759202019,-1.408370427
0.36936035,-0.399584153,0.609201723
0.36941528,-0.427575532,-1.464352366
0.36947021,-1.029785109,-0.595217926
0.36952515,-3.237595323,-5.879969984
0.36958008,-2.827866011,0.224234312
0.36963501,-4.365496609,-8.955219273
0.36968994,-4.657571630,-0.359931226
0.36974487,-1.583817348,-2.807702884
0.36979980,-1.523920566,-0.240138894
0.36985474,-2.860742729,-5.481343872
0.36990967,-2.936947387,-0.392553439
0.36996460,-1.046294813,-1.700036020
0.37001953,-1.029864498,-0.359693153
0.37007446,-1.844429137,-3.329164257
0.37012939,-1.877493252,-0.425823074
0.37018433,-0.923321949,-1.420820728
0.37023926,-0.973699319,-0.526577987
0.37029419,-1.406682238,-2.286786184
0.37034912,-1.486745280,-0.686704627
0.37040405,-1.008371352,-1.330038036
0.37045898,-0.986505831,-0.642973672
0.37051392,-1.187829681,-1.732685573
0.37056885,-1.293535223,-0.854384949
0.37062378,-1.342950976,-1.831516909
0.37067871,-1.503989120,-1.176461372
0.37073364,-1.703037147,-2.229612812
0.37078857,-1.663183346,-1.096754005
0.37084351,-1.877058246,-2.657362249
0.37089844,-1.877030547,-1.096699082
0.37095337,-1.740593106,-2.384486968
0.37100830,-1.801228944,-1.217971053
0.37106323,-3.069279613,-4.920586829
0.37111816,-2.917278971,-0.913972686
0.37117310,-3.456157861,-5.998340504
0.37122803,-3.678095513,-1.357852632
0.37128296,-5.122060824,-8.886263462
0.37133789,-5.228499423,-1.570740627
0.37139282,-3.117565728,-4.664389891
0.37144775,-3.098491880,-1.532594829
0.37150269,-4.309012500,-7.085427150
0.37155762,-4.596716952,-2.108009181
0.37161255,-4.298793759,-6.489576456
0.37166748,-4.141742460,-1.793910624
0.37172241,-3.812556809,-5.831201398
0.37177734,-4.128516482,-2.425832704
0.37183228,-3.754064091,-5.082294787
0.37188721,-3.342974935,-1.603656269
0.37194214,-3.678359881,-5.753061805
0.37199707,-4.305732974,-2.858404965
0.37205200,-4.095459153,-5.332512741
0.37210693,-3.703180157,-2.073848613
0.37216187,-3.351885951,-4.629922649
0.37221680,-3.409702944,-2.189483823
0.37227173,-3.435058444,-4.680632458
0.37232666,-3.546205372,-2.411778792
0.37238159,-3.844662109,-5.277544623
0.37243652,-3.987899122,-2.698254274
0.37249146,-3.935754764,-5.173254654
0.37254639,-3.948534803,-2.723815540
0.37260132,-3.821820221,-4.919824429
0.37265625,-3.874569081,-2.829314160
0.37271118,-3.890164854,-4.951015107
0.37276611,-3.962978402,-2.974942079
0.37282104,-3.984828686,-4.994714894
0.37287598,-4.152183731,-3.309652847
0.37293091,-0.113997702,3.081653441
0.37298584,0.652454821,-1.776741485
0.37304077,-3.918927918,-6.061112551
0.37309570,-4.314827937,-2.568544518
0.37315063,-4.418019650,-6.267493441
0.37320557,-4.293035790,-2.318579668
0.37326050,-4.323867917,-6.329154590
0.37331543,-4.601823492,-2.874493564
0.37337036,-4.605020329,-6.335545920
0.37342529,-4.681482725,-3.027420602
0.37348022,-4.644638825,-6.261856023
0.37353516,-4.905100118,-3.548344935
0.37359009,-4.746834489,-5.945323480
0.37364502,-4.687185573,-3.429048287
0.37369995,-5.734456247,-8.039862124
0.37375488,-6.340988410,-4.642115827
0.37380981,-6.769409751,-8.896701901
0.37386475,-6.559062369,-4.221424978
0.37391968,-8.553379677,-12.885327022
0.37397461,-9.062238040,-5.700071647
0.37402954,-8.195372260,-11.659514542
0.37408447,-9.058112432,-5.663560350
0.37413940,-8.288544268,-11.400706231
0.37419434,-9.053586925,-5.962832705
0.37424927,-8.600856740,-11.428963584
0.37430420,-9.047602805,-6.348351687
0.37435913,-8.094864943,-10.504878955
0.37441406,-9.051985245,-6.473018536
0.37446899,-8.733964659,-11.518951110
0.37452393,-9.057023368,-6.560879670
0.37457886,-8.891910244,-11.666648202
0.37463379,-9.061539717,-6.618515655
0.37468872,-8.957705486,-11.699242959
0.37474365,-9.065485075,-6.664519429
0.37479858,-8.993341110,-11.704137589
0.37485352,-9.068877951,-6.702284216
0.37490845,-9.015498393,-11.695552319
0.37496338,-9.071801699,-6.736006356
0.37501831,-9.030559860,-11.680604903
0.37507324,-9.074342203,-6.767307545
0.37512817,-9.041457787,-11.662856249
0.37518311,-9.076574211,-6.796731238
0.37523804,-9.053041050,-11.647968238
0.37529297,-9.558201920,-7.468437314
0.37534790,6.660983068,20.790325203
0.37540283,7.856888621,-5.076482400
0.37545776,-6.504983108,-7.933483016
0.37551270,-7.380646288,-6.827809681
0.37556763,-8.579453723,-10.331096563
0.37562256,-8.669487713,-7.007879944
0.37567749,-8.886495452,-10.765109577
0.37573242,-9.032307032,-7.473071413
0.37578735,-8.818399922,-10.571710853
0.37584229,-9.037698034,-7.418287711
0.37589722,-8.893435614,-10.676659052
0.37595215,-9.043354536,-7.464705853
0.37600708,-8.938376471,-10.717200556
0.37606201,-9.042162205,-7.471285657
0.37611694,-8.931702457,-10.457626320
0.37617187,-9.042734632,-7.479318491
0.37622681,-8.922499805,-10.507299765
0.37628174,-9.024426878,-7.392296307
0.37633667,-8.761504502,-9.850700478
0.37639160,-9.009991335,-7.496623374
0.37644653,-8.504574352,-9.729356078
0.37650146,-8.998506993,-7.563721951
0.37655640,-7.915504567,-9.173855007
0.37661133,-9.004122646,-7.605167425
0.37666626,-8.409727151,-9.890194775
0.37672119,-9.009058416,-7.630589463
0.37677612,-8.605589035,-10.063156374
0.37683105,-9.014184208,-7.652290215
0.37688599,-8.723493471,-10.176115293
0.37694092,-9.019624046,-7.671293509
0.37699585,-8.804429833,-10.260245952
0.37705078,-9.024862220,-7.687152991
0.37710571,-8.859749951,-10.313870793
0.37716064,-9.029646979,-7.700124861
0.37721558,-8.898429758,-10.347474525
0.37727051,-9.033926329,-7.710623002
0.37732544,-8.926460802,-10.369321201
0.37738037,-9.037726505,-7.719027454
0.37743530,-8.947499856,-10.384161809
0.37749023,-9.041097717,-7.725687237
0.37754517,-8.963778580,-10.394655103
0.37760010,-9.044094264,-7.730902257
0.37765503,-8.976702135,-10.402374676
0.37770996,-9.046767590,-7.734920781
0.37776489,-8.987189398,-10.408316365
0.37781982,-9.049163961,-7.737946107
0.37787476,-8.995862939,-10.413141014
0.37792969,-9.051323903,-7.740144860
0.37798462,-9.003157693,-10.417297868
0.37803955,-9.053282318,-7.741653904
0.37809448,-9.009385322,-10.421091974
0.37814941,-9.055068894,-7.742585787
0.37820435,-9.014773863,-10.424726045
0.37825928,-9.056708649,-7.743033123
0.37831421,-9.019493076,-10.428329659
0.37836914,-9.058222525,-7.743072250
0.37842407,-9.023671224,-10.431980816
0.37847900,-9.059627977,-7.742766277
0.37853394,-9.027406487,-10.435722007
0.37858887,-9.060939521,-7.742167618
0.37864380,-9.030774917,-10.439571986
0.37869873,-9.062169222,-7.741320041
0.37875366,-9.033836071,-10.443534177
0.37880859,-9.063327121,-7.740260310
0.37886353,-9.036637078,-10.447602505
0.37891846,-9.064421588,-7.739019496
0.37897339,-9.039215600,-10.451765369
0.37902832,-9.065459622,-7.737624014
0.37908325,-9.041602018,-10.456008282
0.37913818,-9.066447099,-7.736096462
0.37919312,-9.043821067,-10.460315594
0.37924805,-9.067388973,-7.734456288
0.37930298,-9.045893063,-10.464671587
0.37935791,-9.068289441,-7.732720324
0.37941284,-9.047834840,-10.469061142
0.37946777,-9.069152081,-7.730903220
0.37952271,-9.049660461,-10.473470119
0.37957764,-9.069979958,-7.729017786
0.37963257,-9.051381774,-10.477885561
0.37968750,-9.070775716,-7.727075286
0.37974243,-9.053008838,-10.482295780
0.37979736,-9.071541649,-7.725085665
0.37985229,-9.054550266,-10.486690375
0.37990723,-9.072279766,-7.723057756
0.37996216,-9.056013485,-10.491060196
0.38001709,-9.072991833,-7.720999438
0.38007202,-9.057404948,-10.495397290
0.38012695,-9.073679418,-7.718917770
0.38018188,-9.058730305,-10.499694825
0.38023682,-9.074343922,-7.716819100
0.38029175,-9.059994532,-10.503947002
0.38034668,-9.074986605,-7.714709153
0.38040161,-9.061202046,-10.508148962
0.38045654,-9.075608610,-7.712593104
0.38051147,-9.062356788,-10.512296695
0.38056641,-9.076210980,-7.710475644
0.38062134,-9.063462297,-10.516386944
0.38067627,-9.076794670,-7.708361031
0.38073120,-9.064521764,-10.520417111
0.38078613,-9.077360563,-7.706253146
0.38084106,-9.065538087,-10.524385171
0.38089600,-9.077909479,-7.704155526
0.38095093,-9.066513903,-10.528289591
0.38100586,-9.078442180,-7.702071407
0.38106079,-9.067451625,-10.532129251
0.38111572,-9.078959379,-7.700003754
0.38117065,-9.068353467,-10.535903381
0.38122559,-9.079461746,-7.697955286
0.38128052,-9.069221469,-10.539611491
0.38133545,-9.079949910,-7.695928500
0.38139038,-9.070057515,-10.543253327
0.38144531,-9.080424466,-7.693925687
0.38150024,-9.070863345,-10.546828820
0.38155518,-9.080885975,-7.691948945
0.38161011,-9.071640579,-10.550338044
0.38166504,-9.081334968,-7.690000183
0.38171997,-9.072390718,-10.553781186
0.38177490,-9.081771947,-7.688081125
0.38182983,-9.073115160,-10.557158519
0.38188477,-9.082197390,-7.686193307
0.38193970,-9.073815210,-10.560470379
0.38199463,-9.082612103,-7.684338562
0.38204956,-9.074725493,-10.564029218
0.38210449,-9.194826727,-7.825624970
0.38215942,111.874087874,231.568185267
0.38221436,112.911055868,-5.740555471
0.38226929,-6.845188167,-7.949820385
0.38232422,-7.554884995,-7.159949666
0.38237915,-8.396054593,-9.632158921
0.38243408,-8.419634189,-7.207110034
0.38248901,-8.590791893,-9.974473003
0.38254395,-8.714405609,-7.454338837
0.38259888,-8.919482558,-10.384625438
0.38265381,-8.789015290,-7.193406140
0.38270874,-8.592588119,-9.991769330
0.38276367,-8.819567410,-7.647366028
0.38281860,-8.872857996,-10.098349376
0.38287354,-8.711312820,-7.324277018
0.38292847,-8.902996251,-10.481714507
0.38298340,-9.079892378,-7.678071020
0.38303833,-8.406898097,-9.835575121
0.38309326,-9.014700556,-7.623697833
0.38314819,-8.691719169,-10.250683953
0.38320313,-9.022201639,-7.630306519
0.38325806,-8.805910223,-10.351169850
0.38331299,-9.030893069,-7.640371804
0.38336792,-9.244757766,-10.849142718
0.38342285,-3.249573322,4.349973439
0.38347778,0.358704908,-3.632557380
0.38353271,9.771009352,23.174505670
0.38358765,17.337644135,11.500795952
0.38364258,14.909945308,18.319090107
0.38369751,23.315596329,28.312092766
0.38375244,34.666765674,41.021422754
0.38380737,43.974330344,46.927234517
0.38386230,43.783646868,40.640063091
0.38391724,43.530148584,46.420230802
0.38397217,43.295878764,40.171530551
0.38402710,44.415975493,48.660413374
0.38408203,44.142601346,39.624797317
0.38413696,43.823171733,48.021539241
0.38419189,43.509306576,38.997081890
0.38424683,41.204554683,43.412025565
0.38430176,42.425963222,41.439901261
0.38435669,41.399996489,41.360091717
0.38441162,39.403650407,37.447210598
0.38446655,42.361147104,47.275074147
0.38452148,42.419249204,37.563433503
0.38457642,40.861553280,44.159668793
0.38463135,40.626529250,37.093394600
0.38468628,44.124964061,51.156514144
0.38474121,44.123344459,37.090194162
0.38479614,42.419597746,47.748990197
0.38485107,41.934525291,36.120073635
0.38490601,42.701694108,49.283297604
0.38496094,42.499480576,35.715681586
0.38501587,41.357445564,46.999197066
0.38507080,43.082145522,39.165099990
0.38512573,41.047400725,42.929700071
0.38518066,41.537895115,40.146090919
0.38523560,44.114543592,48.082990092
0.38529053,46.351995443,44.621001968
0.38534546,47.184908280,49.748812016
0.38540039,44.416723749,39.084646626
0.38545532,44.700367853,50.316076719
0.38551025,45.483404324,40.650741083
0.38556519,46.041856476,51.432960477
0.38562012,45.008558052,38.584171804
0.38567505,45.763053812,52.941915621
0.38572998,47.750733384,42.559561710
0.38578491,52.093741409,61.627885480
0.38583984,64.116635948,66.605383989
0.38589478,65.358470317,64.111557254
0.38594971,55.506005917,46.900483606
0.38600464,56.669768522,66.439016031
0.38605957,66.945691600,67.452367069
0.38611450,68.478635676,69.504903871
0.38616943,62.549488632,55.594092354
0.38622437,62.862977406,70.131841750
0.38627930,70.668417736,71.204993610
0.38633423,71.811748138,72.418502521
0.38638916,70.652855235,68.887209170
0.38644409,71.891641102,74.896069495
0.38649902,71.649888574,68.403711782
0.38655396,72.733836672,77.063954212
0.38660889,69.938741872,62.813549430
0.38666382,70.578849468,78.344125873
0.38671875,71.200432632,64.056759394
0.38677368,71.288009190,78.519238493
0.38682861,67.294710026,56.070230940
0.38688354,66.842174604,77.614072790
0.38693848,67.839210939,58.064386536
0.38699341,67.039043699,76.013669293
0.38704834,62.105900582,48.198207681
0.38710327,61.077635774,73.956998853
0.38715820,62.663012845,51.369076831
0.38721313,70.402456420,89.435694023
0.38726807,93.152967614,96.870235789
0.38732300,98.413184809,99.956132896
0.38737793,93.191242360,86.426369761
0.38743286,91.656916701,96.887452918
0.38748779,112.087188375,127.286833282
0.38754272,120.273857665,113.260901324
0.38759766,121.801817040,130.342704165
0.38765259,115.824417117,101.306212681
0.38770752,111.227510165,121.148769071
0.38776245,115.028701601,108.908648811
0.38781738,114.059168912,119.209678615
0.38787231,112.084550333,104.959441948
0.38792725,111.334423174,117.709388471
0.38798218,111.239742131,104.770112197
0.38803711,72.755224638,40.740738794
0.38809204,55.151811546,69.562802901
0.38814697,58.245146172,46.927539645
0.38820190,59.383304865,71.839009278
0.38825684,64.593970757,57.348952809
0.38831177,62.451848913,67.554734812
0.38836670,54.324973223,41.095280233
0.38842163,52.830948004,64.566561794
0.38847656,56.732284070,48.898030401
0.38853149,66.295745084,83.693341134
0.38858643,74.282259235,64.871212048
0.38864136,68.590023411,72.308829353
0.38869629,57.595099483,42.881454464
0.38875122,54.445451436,66.009395996
0.38880615,59.821781773,53.634182556
0.38886108,66.525201082,79.416154476
0.38891602,68.751860103,58.087610304
0.38897095,69.249861766,80.412064393
0.38902588,77.344127503,74.276194302
0.38908081,73.290282241,72.304370560
0.38913574,60.364287160,48.424259636
0.38919067,57.506495150,66.588698335
0.38924561,63.560445799,60.532196857
0.38930054,78.159165976,95.786013316
0.38935547,88.469982615,81.153972892
0.38941040,79.528822511,77.903673166
0.38946533,63.896787096,49.889977921
0.38952026,58.957155668,68.024301191
0.38957520,66.417455664,64.810611149
0.38963013,79.294083680,93.777473993
0.38968506,87.327448911,80.877440134
0.38973999,90.406225265,99.934974810
0.38979492,91.811782460,83.688615972
0.38984985,89.269217366,94.849806554
0.38990479,88.748220680,82.646649397
0.38995972,85.672988722,88.699324457
0.39001465,77.066817885,65.434364347
0.39006958,71.178952842,76.923528403
0.39012451,73.884235921,70.844947060
0.39017944,81.731479116,92.617964722
0.39023438,86.680945130,80.743939354
0.39028931,85.583836653,90.423724770
0.39034424,87.405494649,84.387268099
0.39039917,81.930950681,79.474635628
0.39045410,70.992422355,62.510237281
0.39050903,66.771826411,71.033408423
0.39056396,71.193519482,71.353630531
0.39061890,80.173560947,88.993460873
0.39067383,85.317348140,81.641240703
0.39072876,86.230196573,90.819144189
0.39078369,80.555548517,70.291994133
0.39083862,68.168180338,66.044368312
0.39089355,64.794593991,63.544820284
0.39094849,69.678041223,75.811247418
0.39100342,77.727229247,79.643209637
0.39105835,83.799147396,87.955078386
0.39111328,86.088790993,84.222504964
0.39116821,87.459298156,90.696087242
0.39122314,81.829756490,72.963456549
0.39127808,69.253591416,65.543731678
0.39133301,65.813780761,66.083829816
0.39138794,70.817993811,75.552149021
0.39144287,78.289250087,81.026348217
0.39149780,83.744497204,86.462643295
0.39155273,86.015667340,85.568691463
0.39160767,87.798629289,90.028565167
0.39166260,89.052855353,88.077145912
0.39171753,82.642494048,77.207853760
0.39177246,68.675017780,60.142210337
0.39182739,56.813305998,53.484406002
0.39188232,55.910790442,58.337172574
0.39193726,58.258557084,58.179941597
0.39199219,62.024142003,65.868336617
0.39204712,60.053970270,54.239617173
0.39210205,55.654535971,57.069453984
0.39215698,54.583489180,52.097526797
0.39221191,56.812010182,61.526484855
0.39226685,56.007932186,50.489391454
0.39232178,53.859487625,57.229579344
0.39237671,53.397769033,49.565964478
0.39243164,54.546867695,59.527761189
0.39248657,54.138924522,48.750099236
0.39254150,53.318482426,57.886857437
0.39259644,53.110688111,48.334527726
0.39265137,53.644649983,58.954761187
0.39270630,60.637422978,62.320083660
0.39276123,60.439425902,58.558769531
0.39281616,53.057194191,47.555630714
0.39287109,53.296269241,59.036894851
0.39292603,57.038963518,55.041033749
0.39298096,57.126804727,59.212574000
0.39303589,53.112753247,47.012947078
0.39309082,53.224206229,59.435450258
0.39314575,55.173800072,50.912157004
0.39320068,55.323212232,59.734259834
0.39325562,53.176927935,46.619612888
0.39331055,53.299901596,59.980172814
0.39336548,54.327606339,48.675052388
0.39342041,54.475753052,60.276440529
0.39347534,53.312240934,46.348060347
0.39353027,53.420792975,60.493505997
0.39358521,53.971522763,47.449556200
0.39364014,60.943858085,74.438088600
0.39369507,75.360054392,76.282019851
0.39375000,71.956056487,67.630100456
0.39380493,57.017671126,46.405285938
0.39385986,55.362880993,64.320444600
0.39391479,62.792440190,61.264436694
0.39396973,72.897253992,84.530018251
0.39402466,69.076432151,53.622939650
0.39407959,57.792749625,61.962552785
0.39413452,55.935133565,49.907728585
0.39418945,61.526528845,73.145276194
0.39424438,75.593519679,78.041760814
0.39429932,81.247365741,84.452966640
0.39435425,73.483754212,62.514588943
0.39440918,63.452635513,64.390681738
0.39446411,59.525650377,54.660628293
0.39451904,64.207482618,73.754301221
0.39457397,75.876289283,77.998275579
0.39462891,82.583458597,87.168633374
0.39468384,86.124291386,85.079949826
0.39473877,87.478134191,89.876316302
0.39479370,88.937930745,87.999545534
0.39484863,83.870293433,79.741048015
0.39490356,70.291506082,60.841999147
0.39495850,66.877806981,72.913600537
0.39501343,72.238157469,71.562714580
0.39506836,70.006725273,68.450736915
0.39512329,60.082030046,51.713350627
0.39517822,58.691925317,65.670480919
0.39523315,63.193517953,60.716557392
0.39528809,62.337364220,63.958170019
0.39534302,56.429058825,48.899969849
0.39539795,55.911558762,62.923128405
0.39545288,58.767812541,54.612503445
0.39550781,58.458213440,62.303917639
0.39556274,55.372694949,48.441491089
0.39561768,55.183159075,61.924809246
0.39567261,56.759171690,51.593544591
0.39572754,67.940589131,84.287528935
0.39578247,67.213628806,50.139842933
0.39583740,55.841526230,61.543196785
0.39589233,55.638971405,49.734759687
0.39594727,61.335854829,72.936897222
0.39600220,75.505547921,78.074196034
0.39605713,72.598850542,67.123516800
0.39611206,58.469736985,49.815986522
0.39616699,57.022844759,64.229682639
0.39622192,64.178811225,64.127939811
0.39627686,73.989127548,83.850277172
0.39633179,70.520390635,57.190573739
0.39638672,59.559322798,61.928069657
0.39644165,58.042370382,54.156677025
0.39649658,63.473332122,72.789953198
0.39655151,76.128984513,79.468011458
0.39660645,73.233632715,66.999269206
0.39666138,59.619610241,52.239972620
0.39671631,58.146104367,64.052222442
0.39677124,64.957211335,65.862199907
0.39682617,75.409428760,84.956621889
0.39688110,72.029465805,59.102375219
0.39693604,60.380649170,61.658922481
0.39699097,58.793571888,55.928224513
0.39704590,64.516572681,73.104891939
0.39710083,76.782371314,80.459845389
0.39715576,73.727700455,66.995573285
0.39721069,60.468810029,53.942063470
0.39726563,58.898988387,63.855903674
0.39732056,65.512877308,67.169849867
0.39737549,75.893273821,84.616667950
0.39743042,84.097343387,83.578018930
0.39748535,78.261566840,72.945125828
0.39754028,65.166753870,57.388405626
0.39759521,62.141392248,66.894370016
0.39765015,68.340533246,69.786695656
0.39770508,77.761044555,85.735368530
0.39776001,85.201227779,84.667087140
0.39781494,79.247572048,73.828068468
0.39786987,66.346447271,58.864848012
0.39792480,63.157074648,67.449294063
0.39797974,69.170363262,70.891431300
0.39803467,78.306035146,85.720617444
0.39808960,85.490087255,85.259557087
0.39814453,79.559522792,73.859501232
0.39819946,66.777811523,59.696141470
0.39825439,63.553954094,67.411760885
0.39830933,69.467317353,71.522872166
0.39836426,78.749231798,85.975570963
0.39841919,85.781425716,85.587280484
0.39847412,79.717526808,73.847786637
0.39852905,67.040380696,60.232992918
0.39858398,63.760369911,67.287742027
0.39863892,62.720715828,58.153697804
0.39869385,59.059076323,59.964454521
0.39874878,58.552770604,57.141087468
0.39880371,60.256826370,63.372561467
0.39885864,67.230483813,71.088400325
0.39891357,66.051601100,61.014811818
0.39896851,58.440403557,55.865997894
0.39902344,57.618032838,59.370066579
0.39907837,61.219086882,63.068105844
0.39913330,72.940658649,82.813173252
0.39918823,82.777366584,82.741559916
0.39924316,75.964059371,69.186576829
0.39929810,62.133324229,55.080091128
0.39935303,58.210374840,61.340654711
0.39940796,64.475846513,67.611034462
0.39946289,61.739530811,55.868040671
0.39951782,52.700922448,49.533808156
0.39957275,49.985998993,50.438189749
0.39962769,48.143170461,45.848153238
0.39968262,45.141754819,44.435356595
0.39973755,44.440438976,44.445521357
0.39979248,44.439227031,44.432932706
0.39984741,44.437679248,44.442425791
0.39990234,44.435962733,44.429499676
0.39995728,44.433833006,44.438166336
0.40001221,44.431723054,44.425279771
0.40006714,44.429500969,44.433722167
0.40012207,44.427359509,44.420996852
0.40017700,44.425259412,44.429521972
0.40023193,44.423183981,44.416845990
0.40028687,44.421109258,44.425372525
0.40034180,44.419008404,44.412644282
0.40039673,44.416927552,44.421210822
0.40045166,44.414825339,44.408439856
0.40050659,44.412841327,44.417242798
0.40056152,44.410803935,44.404365072
0.40061646,44.408917718,44.413470364
0.40067139,44.407017622,44.400564880
0.40072632,44.405223665,44.409882450
0.40078125,44.403475891,44.397069333
0.40083618,44.401800079,44.406530826
0.40089111,44.400162593,44.393794361
0.40094604,44.398568333,44.403342305
0.40100098,44.396953078,44.390563850
0.40105591,44.395270341,44.399976832
0.40111084,44.393564571,44.387152311
0.40116577,44.391689285,44.396226260
0.40122070,44.389795628,44.383364996
0.40127563,44.387181648,44.390998301
0.40133057,44.384618592,44.378238884
0.40138550,44.381657445,44.385076005
0.40144043,44.378777842,44.372479679
0.40149536,44.417855807,44.463231935
0.40155029,44.451037729,44.438843523
0.40160522,44.443491910,44.448140296
0.40166016,44.435422861,44.422705427
0.40171509,44.425594477,44.428483526
0.40177002,44.423344039,44.418204552
0.40182495,44.421164565,44.424124579
0.40187988,44.418976107,44.413827634
0.40193481,44.416865682,44.419903731
0.40198975,44.414774150,44.409644570
0.40204468,44.412739503,44.415834436
0.40209961,44.410739447,44.405644457
0.40215454,44.408788127,44.411931797
0.40220947,44.406846103,44.401760408
0.40226440,44.404918850,44.408077292
0.40231934,44.402975460,44.397873628
0.40237427,44.400976128,44.404078629
0.40242920,44.398966900,44.393855171
0.40248413,44.396857376,44.399859582
0.40253906,44.394752343,44.389645104
0.40259399,44.392423030,44.395200956
0.40264893,44.390116079,44.385031202
0.40270386,44.387643070,44.390254938
0.40275879,44.385307542,44.380360146
0.40281372,44.393496584,44.406633021
0.40286865,44.402181429,44.397729837
0.40292358,44.407473643,44.417217450
0.40297852,44.418774710,44.420331971
0.40303345,44.421624072,44.422916173
0.40308838,44.419290421,44.415664669
0.40314331,44.416887866,44.418111063
0.40319824,44.414561212,44.411011361
0.40325317,44.414862297,44.418713233
0.40330811,44.412517413,44.406321593
0.40336304,44.420380470,44.434439346
0.40341797,44.440147012,44.445854677
0.40347290,44.445388247,44.444921816
0.40352783,44.442931488,44.440941159
0.40358276,44.440436184,44.439931208
0.40363770,44.437988539,44.436045870
0.40369263,44.436174376,44.436302883
0.40374756,44.428841980,44.421381077
0.40380249,44.436322337,44.451263598
0.40385742,44.458451385,44.465639173
0.40391235,44.463203516,44.460767859
0.40396729,44.460665045,44.460562230
0.40402222,44.458094028,44.455625826
0.40407715,44.455565581,44.455505336
0.40413208,44.453158183,44.450811029
0.40418701,44.443937441,44.437063853
0.40424194,44.450472715,44.463881576
0.40429688,44.472333156,44.480784737
0.40435181,44.476168058,44.471551380
0.40440674,44.466550096,44.461548812
0.40446167,44.472746802,44.483944792
0.40451660,44.494368212,44.504791632
0.40457153,44.497897535,44.491003439
0.40462646,44.495392714,44.499781989
0.40468140,44.492854152,44.485926316
0.40473633,44.490357179,44.494788043
0.40479126,44.487825474,44.480862905
0.40484619,44.485336371,44.489809837
0.40490112,44.482811707,44.475813578
0.40495605,44.480330714,44.484847850
0.40501099,44.477813663,44.470779476
0.40506592,44.475341070,44.479902664
0.40512085,44.472832338,44.465762011
0.40517578,44.470368369,44.474974727
0.40523071,44.467868565,44.460762403
0.40528564,44.465413245,44.470064087
0.40534058,44.462922621,44.455781154
0.40539551,44.460475662,44.465170170
0.40545044,44.457993996,44.450817822
0.40550537,44.455554735,44.460291647
0.40556030,44.453081372,44.445871096
0.40561523,44.450648782,44.455426468
0.40567017,44.448182511,44.440938554
0.40572510,44.445755222,44.450571890
0.40578003,44.443294448,44.436017007
0.40583496,44.440871681,44.445726355
0.40588989,44.438397446,44.431068537
0.40594482,44.428875359,44.426682181
0.40599976,44.434523994,44.442365807
0.40605469,44.456107707,44.469849607
0.40610962,44.459269817,44.448690027
0.40616455,44.456907315,44.465124602
0.40621948,44.454506271,44.443887939
0.40627441,44.452131455,44.460374971
0.40632935,44.449682220,44.438989470
0.40638428,44.440214876,44.441440281
0.40643921,44.445521822,44.449603362
0.40649414,44.466632444,44.483661527
0.40654907,44.469375871,44.455090216
0.40660400,44.459966147,44.464842079
0.40665894,44.464666225,44.464490371
0.40671387,44.484563386,44.504636401
0.40676880,44.486659439,44.468682477
0.40682373,44.484009208,44.499335940
0.40687866,44.481322109,44.463308279
0.40693359,44.478634389,44.493960499
0.40698853,44.475910094,44.457859689
0.40704346,44.473185090,44.488510492
0.40709839,44.470422631,44.452334770
0.40715332,44.467661661,44.482988551
0.40720825,44.464861400,44.446734248
0.40726318,44.462066882,44.477399515
0.40731812,44.459230754,44.441061993
0.40737305,44.456405968,44.471749943
0.40742798,44.453537407,44.435324871
0.40748291,44.450686115,44.466047359
0.40753784,44.447789648,44.429531937
0.40759277,44.444915687,44.460299438
0.40764771,44.441996300,44.423693163
0.40770264,44.439103231,44.454513298
0.40775757,44.436165701,44.417818104
0.40781250,44.433256553,44.448695002
0.40786743,44.430304903,44.411914803
0.40792236,44.427382072,44.442849340
0.40797729,44.424419270,44.405989199
0.40803223,44.421484315,44.436979431
0.40808716,44.418468630,44.399957829
0.40814209,44.408950401,44.417942972
0.40819702,44.406030339,44.394117706
0.40825195,44.411335622,44.428553538
0.40830688,44.405550190,44.382546841
0.40836182,44.402405025,44.422263209
0.40841675,44.399238785,44.376214361
0.40847168,44.396133053,44.416051746
0.40852661,44.393005663,44.369959582
0.40858154,44.389941251,44.409922919
0.40863647,44.386854410,44.363785900
0.40869141,44.383833017,44.403880133
0.40874634,44.380788504,44.357696876
0.40880127,44.377811540,44.397926204
0.40885620,44.374811051,44.351695898
0.40891113,44.371879528,44.392063159
0.40896606,44.368924463,44.345785767
0.40902100,44.366038920,44.386292073
0.40907593,44.363130181,44.339968290
0.40913086,44.360290644,44.380612998
0.40918579,44.357428501,44.334244003
0.40924072,44.354634499,44.375024995
0.40929565,44.351818543,44.328612091
0.40935059,44.349068868,44.369525645
0.40940552,44.346248542,44.322971439
0.40946045,44.340680897,44.358390355
0.40951538,44.338055106,44.317719858
0.40957031,44.342202172,44.366684486
0.40962524,44.338309839,44.309935192
0.40968018,44.334828688,44.359722183
0.40973511,44.333928945,44.308135708
0.40979004,44.340597739,44.373059769
0.40984497,44.339311479,44.305563189
0.40989990,44.336253134,44.366943078
0.40995483,44.337330591,44.307718104
0.41000977,44.348384623,44.389051142
0.41006470,44.349591440,44.310131739
0.41011963,44.345802713,44.381473687
0.41017456,44.348381507,44.315289329
0.41022949,44.363569993,44.411850657
0.41028442,44.366426689,44.321002721
0.41033936,44.361405260,44.401807799
0.41039429,44.364675538,44.327543279
0.41044922,44.382421148,44.437299017
0.41050415,44.385863180,44.334427344
0.41055908,44.379690246,44.424953146
0.41061401,44.382898521,44.340843896
0.41066895,44.401254496,44.461665094
0.41072388,44.404450299,44.347235505
0.41077881,44.397578701,44.447921895
0.41083374,44.400293461,44.352665027
0.41088867,44.417704632,44.482744235
0.41094360,44.420320170,44.357896107
0.41099854,44.413344890,44.468793671
0.41105347,44.415646386,44.362499102
0.41110840,44.431499185,44.500499265
0.41116333,44.433924757,44.367350251
0.41121826,44.431899963,44.496449673
0.41127319,44.430142549,44.363835427
0.41132812,44.428114745,44.492394060
0.41138306,44.426328452,44.360262846
0.41143799,44.424335383,44.488407918
0.41149292,44.422574920,44.356741924
0.41154785,44.420616675,44.484491425
0.41160278,44.418902385,44.353313347
0.41165771,44.416955258,44.480597168
0.41171265,44.415266408,44.349935650
0.41176758,44.413305880,44.476676108
0.41182251,44.411606566,44.346537026
0.41187744,44.409655063,44.472773099
0.41193237,44.407952963,44.343132828
0.41198730,44.406053948,44.468975066
0.41204224,44.404338939,44.339702814
0.41209717,44.397868083,44.456033352
0.41215210,44.401149242,44.346265133
0.41220703,44.413912607,44.481560078
0.41226196,44.417976864,44.354393651
0.41231689,44.416598191,44.478802729
0.41237183,44.415560218,44.352317708
0.41242676,44.414207104,44.476096499
0.41248169,44.413195028,44.350293558
0.41253662,44.411909393,44.473525226
0.41259155,44.410971314,44.348417403
0.41264648,44.409759850,44.471102296
0.41270142,44.408906842,44.346711390
0.41275635,44.407747504,44.468783616
0.41281128,44.406947095,44.345110574
0.41286621,44.405773954,44.466437333
0.41292114,44.404950690,44.343464048
0.41297607,44.403729387,44.463994724
0.41303101,44.402836363,44.341678004
0.41308594,44.401587992,44.461497979
0.41314087,44.400647728,44.339797478
0.41319580,44.399399417,44.459001356
0.41325073,44.398456015,44.337910675
0.41330566,44.397198711,44.456486745
0.41336060,44.396257754,44.336028764
0.41341553,44.394954845,44.453880926
0.41347046,44.393972945,44.334064967
0.41352539,44.392632043,44.451199118
0.41358032,44.391594135,44.331989153
0.41363525,44.390261559,44.448533964
0.41369019,44.389210415,44.329886868
0.41374512,44.387920363,44.445953858
0.41380005,44.386854887,44.327755918
0.41385498,44.381813506,44.435871092
0.41390991,44.394505264,44.353139437
0.41396484,44.414157276,44.475175114
0.41401978,44.427224277,44.379273441
0.41407471,44.426070053,44.472866663
0.41412964,44.425227703,44.377588743
0.41418457,44.424063902,44.470539061
0.41423950,44.423168043,44.375797026
0.41429443,44.416637838,44.457478649
0.41434937,44.430878056,44.404277465
0.41440430,44.452110065,44.499942663
0.41445923,44.466226055,44.432509447
0.41451416,44.458833015,44.485156584
0.41456909,44.473747744,44.462338904
0.41462402,44.495551683,44.528764461
0.41467896,44.509944334,44.491124206
0.41473389,44.502094950,44.513065694
0.41478882,44.517516241,44.521966788
0.41484375,44.539271611,44.556576433
0.41489868,44.553820598,44.551064763
0.41495361,44.552729866,44.554394969
0.41500854,44.551880799,44.549366630
0.41506348,44.550778157,44.552189684
0.41511841,44.549911109,44.547632534
0.41517334,44.548795326,44.549958117
0.41522827,44.547907344,44.545856571
0.41528320,44.546775406,44.547694242
0.41533813,44.545813664,44.543933086
0.41539307,44.537698138,44.531463189
0.41544800,44.553918213,44.576373237
0.41550293,44.574377695,44.572382153
0.41555786,44.589187066,44.605991980
0.41561279,44.581262893,44.556533806
0.41566772,44.597869810,44.639205813
0.41572266,44.618284984,44.597364154
0.41577759,44.633172739,44.668981323
0.41583252,44.632128872,44.595276422
0.41588745,44.631062141,44.666847860
0.41594238,44.629995577,44.593143294
0.41599731,44.628891039,44.664638784
0.41605225,44.627785747,44.590932711
0.41610718,44.626655608,44.662378505
0.41616211,44.625524836,44.588671168
0.41621704,44.624353509,44.660035849
0.41627197,44.616391834,44.572747820
0.41632690,44.633965505,44.695183189
0.41638184,44.656287163,44.617391138
0.41643677,44.671780536,44.726169933
0.41649170,44.670695503,44.615221074
0.41654663,44.669592189,44.723963304
0.41660156,44.668561887,44.613160472
0.41665649,44.667477157,44.721793841
0.41671143,44.666432059,44.611070279
0.41676636,44.665292780,44.719515281
0.41682129,44.664191902,44.608868524
0.41687622,44.663005908,44.717143291
0.41693115,44.661873572,44.606603855
0.41698608,44.660698792,44.714793729
0.41704102,44.659607765,44.604421804
0.41709595,44.658464614,44.712507424
0.41715088,44.657441883,44.602376343
0.41720581,44.656321560,44.710266775
0.41726074,44.655340273,44.600413772
0.41731567,44.654206763,44.707999752
0.41737061,44.653227441,44.598455131
0.41742554,44.652030754,44.705606375
0.41748047,44.651003353,44.596400332
0.41753540,44.649737748,44.703075163
0.41759033,44.648652423,44.594229685
0.41764526,44.647360160,44.700490634
0.41770020,44.646258289,44.592025946
0.41775513,44.644933975,44.697842003
0.41781006,44.636458134,44.575074267
0.41786499,44.656354006,44.737633742
0.41791992,44.687700885,44.637768029
0.41797485,44.705285376,44.772802722
0.41802979,44.704319876,44.635837032
0.41808472,44.702799477,44.769761919
0.41813965,44.701770881,44.633779844
0.41819458,44.700216918,44.766653990
0.41824951,44.699133210,44.631612432
0.41830444,44.697593918,44.763575402
0.41835938,44.696495217,44.629415034
0.41841431,44.694939315,44.760463593
0.41846924,44.693753583,44.627043575
0.41852417,44.692270679,44.757497782
0.41857910,44.691114746,44.624731713
0.41863403,44.689733766,44.754735817
0.41868896,44.688613979,44.622492142
0.41874390,44.687311831,44.752131517
0.41879883,44.686201011,44.620270507
0.41885376,44.684924507,44.749578505
0.41890869,44.683801635,44.618024766
0.41896362,44.682514141,44.747003514
0.41901855,44.681375981,44.615748450
0.41907349,44.680077991,44.744407531
0.41912842,44.678948930,44.613490330
0.41918335,44.677658889,44.741827447
0.41923828,44.676575650,44.611323855
0.41929321,44.675293477,44.739263098
0.41934814,44.661866828,44.584470561
0.41940308,44.656963407,44.729456250
0.41945801,44.668331588,44.607206928
0.41951294,44.670614016,44.734021104
0.41956787,44.669586042,44.605150981
0.41962280,44.668202640,44.731254297
0.41967773,44.667145054,44.603035811
0.41973267,44.665721953,44.728408093
0.41978760,44.664642932,44.600877773
0.41984253,44.663207826,44.725537877
0.41989746,44.662134089,44.598730304
0.41995239,44.662458742,44.726187178
0.42000732,44.657760405,44.589333635
0.42006226,44.676587056,44.763840473
0.42011719,44.716879461,44.669918449
0.42017212,44.734099084,44.798279718
0.42022705,44.722029925,44.645780136
0.42028198,44.741477578,44.837175017
0.42033691,44.790885913,44.744596810
0.42039185,44.808274355,44.871951899
0.42044678,44.792057320,44.712162744
0.42050171,44.811492995,44.910823242
0.42055664,44.866790332,44.822757422
0.42061157,44.883980113,44.945202802
0.42066650,44.865214673,44.785226548
0.42072144,44.884359927,44.983493303
0.42077637,44.943861078,44.904228854
0.42083130,44.960667758,45.017106662
0.42088623,44.940185053,44.863263448
0.42094116,44.958884432,45.054505413
0.42099609,45.021718318,44.988931225
0.42105103,45.038081980,45.087232735
0.42110596,45.010090598,44.932948464
0.42116089,45.005005404,45.077062342
0.42121582,45.030669236,44.984276132
0.42127075,45.033705191,45.083134250
0.42132568,45.025353145,44.967572042
0.42138062,45.042244279,45.116916513
0.42143555,45.096472822,45.076029130
0.42149048,45.111597347,45.147165564
0.42154541,45.095154518,45.043143472
0.42160034,45.112187734,45.181231993
0.42165527,45.176573053,45.171914113
0.42171021,45.191558810,45.211203506
0.42176514,45.159939275,45.108675045
0.42182007,45.152653834,45.196632623
0.42187500,45.182297780,45.167962937
0.42192993,45.189011555,45.210060173
0.42198486,45.183371395,45.156682617
0.42203979,45.192944319,45.229206021
0.42209473,45.240330631,45.251455240
0.42214966,45.249125727,45.246796214
0.42220459,45.235459899,45.224123584
0.42225952,45.251154817,45.278186050
0.42231445,45.319634116,45.361082181
0.42236938,45.334163202,45.307244223
0.42242432,45.313255535,45.319266847
0.42247925,45.329187229,45.339107610
0.42253418,45.842925272,46.346742835
0.42258911,46.004002895,45.661263001
0.42264404,45.743293512,45.825324021
0.42269897,45.875618928,45.925913834
0.42275391,45.602446268,45.278978743
0.42280884,45.663186148,46.047393494
0.42286377,45.698959466,45.350525485
0.42291870,45.669890733,45.989255941
0.42297363,45.684737394,45.380218884
0.42302856,45.683032287,45.985845654
0.42308350,45.291635466,44.597425467
0.42313843,45.414071886,46.230718043
0.42319336,45.726659011,45.222600079
0.42324829,40.126977503,35.031365104
0.42330322,40.734558985,46.437740117
0.42335815,42.838221578,39.238708118
0.42341309,43.064934575,46.891155295
0.42346802,41.797699751,36.704254376
0.42352295,43.176460781,49.648650768
0.42357788,51.007964575,52.367277658
0.42363281,50.497407210,48.627538133
0.42368774,44.048716145,39.469902374
0.42374268,43.895143731,48.320377413
0.42379761,47.433677201,46.546977297
0.42385254,47.376856286,48.206735004
0.42390747,44.895789560,41.584848413
0.42396240,44.887102907,48.189353127
0.42401733,46.310194341,44.431036939
0.42407227,46.151760238,47.872482377
0.42412720,45.443639438,43.014798811
0.42418213,45.052483123,47.090165807
0.42423706,45.524484727,43.958804608
0.42429199,45.068750190,46.178695288
0.42434692,44.991136169,43.803577602
0.42440186,44.646610082,45.489642284
0.42445679,44.757436178,44.025230283
0.42451172,44.645709973,45.266189513
0.42456665,44.854684777,44.443180107
0.42462158,44.955535998,45.467891787
0.42467651,44.920550513,44.373209357
0.42473145,45.196662035,46.020114448
0.42478638,45.488710599,44.957306860
0.42484131,45.870530502,46.783753818
0.42489624,45.778288571,44.772823720
0.42495117,46.206677729,47.640530933
0.42500610,46.502069981,45.363609538
0.42506104,46.911957638,48.460304798
0.42511597,46.808517745,45.156731762
0.42517090,47.175726523,49.194719686
0.42522583,47.472013857,45.749309192
0.42528076,47.750302918,49.751295075
0.42533569,47.652991378,45.554689406
0.42539063,47.846824312,50.138957159
0.42544556,48.168853294,46.198750950
0.42550049,48.246603992,50.294455389
0.42555542,48.137097917,45.979742270
0.42561035,48.091803490,50.203862962
0.42566528,48.378710324,46.553558991
0.42572021,48.210385688,49.867211309
0.42577515,48.089330269,46.311450467
0.42583008,47.898565601,49.485679747
0.42588501,48.182216128,46.878753175
0.42593994,47.934937341,48.991121070
0.42599487,47.825788269,46.660456000
0.42604980,47.767969096,48.875481711
0.42610474,48.233538472,47.591595393
0.42615967,48.091391207,48.591186922
0.42621460,47.932895962,47.274605172
0.42626953,47.933736242,48.592867142
0.42632446,48.475401682,48.357936229
0.42637939,48.442654102,48.527371972
0.42643433,48.252783334,47.978194726
0.42648926,48.274924986,48.571655211
0.42654419,48.764094823,48.956534421
0.42659912,48.787586360,48.618638311
0.42665405,48.606896030,48.595153749
0.42670898,48.626561641,48.657969532
0.42676392,48.949564296,49.241159026
0.42681885,48.927015925,48.612872864
0.42687378,48.767305328,48.921737784
0.42692871,48.690401878,48.459065994
0.42698364,48.870842973,49.282619886
0.42703857,48.753712311,48.224804846
0.42709351,48.682390536,49.139976145
0.42714844,48.570645629,48.001315241
0.42720337,48.818082644,49.634849785
0.42725830,48.755067667,47.875285851
0.42731323,38.235898286,28.596547139
0.42736816,26.254128492,23.911711995
0.42742310,23.727289234,23.542866486
0.42747803,28.351825139,33.160774729
0.42753296,57.387416128,81.613827489
0.42758789,62.972476744,44.331262197
0.42764282,46.325611668,48.319959581
0.42769775,45.841954908,43.363952643
0.42775269,55.149273482,66.934539883
0.42780762,55.374970697,43.815453884
0.42786255,48.883654385,53.951844818
0.42791748,48.553967427,43.156101456
0.42797241,48.527707694,53.899302622
0.42802734,48.054062705,42.208836179
0.42808228,49.341661559,56.474466998
0.42813721,49.188278067,41.902109943
0.42819214,48.835625250,55.769121715
0.42824707,48.666103441,41.563104941
0.42830200,49.296942944,57.030757505
0.42835693,49.142346381,41.253959646
0.42841187,48.626218780,55.998456612
0.42846680,65.129507142,74.260524994
0.42852173,74.111110823,73.961696661
0.42857666,69.548948386,65.136207742
0.42863159,64.953658764,64.771109799
0.42868652,57.182750339,49.594413448
0.42874146,52.554119148,55.513821415
0.42879639,48.924975359,42.336146318
0.42885132,48.820499947,55.304837097
0.42890625,50.824530201,46.344231173
0.42896118,50.706076025,55.067913420
0.42901611,49.454487379,43.841073688
0.42907104,49.279134236,54.717183192
0.42912598,50.059230757,45.401286825
0.42918091,56.399415509,67.397496784
0.42923584,56.140132174,44.882817234
0.42929077,49.374575955,53.866326769
0.42934570,49.692481826,45.518643710
0.42940063,49.556204109,53.593758118
0.42945557,49.991814287,46.389875540
0.42951050,49.807049056,53.224217995
0.42956543,49.855050562,46.485887578
0.42962036,49.763329763,53.040767738
0.42967529,51.038635282,49.036504397
0.42973022,50.972314890,52.908123914
0.42978516,50.799826947,48.691531721
0.42984009,54.525208532,60.358872004
0.42989502,55.507787149,50.656711518
0.42994995,51.769629357,52.882546711
0.43000488,52.701260565,52.519974432
0.43005981,54.611418915,56.702861683
0.43011475,55.161538129,53.620215506
0.43016968,53.213858542,52.807501642
0.43022461,53.490231021,54.172960217
0.43027954,54.444766974,54.716573703
0.43033447,54.515756543,54.314939398
0.43038940,53.446762980,52.578586856
0.43044434,53.423340275,54.268093414
0.43049927,53.907105839,53.546118315
0.43055420,53.868846303,54.191574249
0.43060913,53.169157397,52.146740955
0.43066406,52.003836740,51.860932533
0.43071899,51.695702552,51.530472582
0.43077393,53.161346858,54.792220091
0.43082886,52.969861718,51.147504646
0.43088379,51.331029669,51.514554680
0.43093872,51.250810348,50.987066044
0.43099365,51.665544178,52.344022131
0.43104858,52.521071292,52.698120441
0.43110352,53.110808932,53.523497356
0.43115845,50.500400348,47.477306922
0.43121338,49.723499993,51.969691087
0.43126831,52.370980058,52.772268967
0.43132324,53.311827823,53.851386565
0.43137817,52.745981948,51.640577810
0.43143311,52.669123477,53.697668729
0.43148804,52.979732137,52.261795746
0.43154297,52.290030769,52.318265792
0.43159790,52.162003520,52.005741257
0.43165283,52.469889344,52.934037346
0.43170776,52.250955632,51.567874101
0.43176270,52.569373957,53.570873420
0.43181763,52.819578643,52.068284087
0.43187256,52.661361368,53.254438511
0.43192749,52.794762596,52.335086763
0.43198242,52.617205914,52.899325033
0.43203735,42.342581687,31.785882021
0.43209229,28.565635374,25.345392792
0.43214722,21.299918954,17.254451530
0.43220215,20.757673820,24.260891301
0.43225708,18.104502573,11.948128700
0.43231201,16.864124927,21.780111682
0.43236694,57.281020114,92.781434586
0.43242188,66.138045481,39.494934599
0.43247681,52.406126364,65.317252794
0.43253174,50.857970250,36.398769649
0.43258667,57.941344639,79.483737739
0.43264160,56.222772676,32.962019678
0.43269653,48.404627721,63.847142297
0.43275146,50.992859158,38.138640779
0.43280640,57.005123821,75.871467357
0.43286133,65.831269627,55.791111407
0.43291626,65.577648813,75.364148681
0.43297119,66.935291139,58.506461443
0.43302612,67.421374812,76.336257032
0.43308105,67.145748672,57.955273418
0.43313599,64.845744779,71.736197532
0.43319092,65.108756001,58.481331685
0.43324585,70.767427334,83.053463820
0.43330078,72.746597775,62.439773365
0.43335571,75.480763506,88.521686990
0.43341064,78.162786668,67.803928404
0.43346558,78.181063478,88.558156347
0.43352051,81.062964066,73.567793804
0.43357544,83.275848245,92.983865748
0.43363037,85.851951790,78.720057767
0.43368530,84.871746067,91.023419535
0.43374023,67.880060039,44.736910469
0.43379517,53.707535356,62.678128703
0.43385010,53.649907681,44.621718605
0.43390503,52.623809356,60.625875011
0.43395996,52.941474315,45.257096764
0.43401489,52.632076801,60.007035520
0.43406982,53.516110637,47.025202266
0.43412476,55.580491011,64.135751068
0.43417969,55.377942474,46.620163941
0.43423462,54.088908510,61.557631217
0.43428955,54.420477276,47.283343300
0.43434448,54.027650488,60.771939850
0.43439941,54.855897292,48.939868451
0.43445435,54.487309364,60.034738214
0.43450928,54.268304102,48.501883022
0.43456421,54.078350240,59.654805269
0.43461914,54.961294060,50.267791486
0.43467407,57.878759925,65.489705660
0.43472900,57.652189662,49.814697739
0.43478394,55.897800902,61.980889562
0.43483887,56.204785981,50.428695477
0.43489380,55.291890093,60.155075439
0.43494873,55.749770133,51.344472433
0.43500366,54.938002134,58.531526774
0.43505859,54.703913244,50.876305456
0.43511353,54.449269549,58.022228639
0.43516846,54.928596419,51.834967951
0.43522339,54.066786796,56.298603689
0.43527832,53.736405880,51.174210645
0.43533325,54.279292207,57.384369989
0.43538818,54.580908084,51.777449259
0.43544312,54.175036816,56.572622119
0.43549805,54.003709712,51.434799891
0.43555298,53.999657956,56.564513442
0.43560791,54.276894372,51.989277354
0.43566284,53.973011089,55.956743281
0.43571777,53.751437520,51.546133665
0.43577271,53.943449430,56.340762943
0.43582764,54.350919608,52.361077825
0.43588257,54.054568861,55.748058772
0.43593750,53.865558376,51.983059369
0.43599243,54.022182469,56.061303939
0.43604736,54.271225305,52.481147928
0.43610229,54.188493236,55.895837401
0.43615723,54.082828957,52.269821802
0.43621216,54.119261270,55.968699399
0.43626709,54.296454988,52.624211674
0.43632202,54.324518212,56.024823616
0.43637695,54.259563605,52.494304814
0.43643188,54.237695863,55.981085720
0.43648682,54.337045982,52.693007304
0.43654175,54.309182302,55.925356276
0.43659668,54.235763830,52.546172503
0.43665161,54.359778093,56.173382395
0.43670654,54.558874240,52.944367106
0.43676147,54.591283710,56.238199250
0.43681641,54.492363076,52.746528096
0.43687134,54.418581516,56.090633840
0.43692627,54.441566928,52.792501082
0.43698120,54.427537789,56.062573447
0.43703613,54.403855130,52.745137891
0.43709106,54.563733187,56.382327188
0.43714600,54.838875007,53.295423760
0.43720093,54.871392732,56.447360731
0.43725586,54.749203653,53.051047706
0.43731079,54.691378069,56.331707379
0.43736572,54.797808206,53.263909955
0.43742065,54.745705500,56.227500184
0.43747559,54.683127920,53.138756589
0.43753052,54.811975731,56.485193775
0.43758545,55.016246297,53.547299665
0.43764038,54.998279315,56.449258139
0.43769531,54.880611013,53.311964851
0.43775024,54.958182183,56.604398453
0.43780518,55.150183705,53.695969786
0.43786011,55.137542035,56.579113469
0.43791504,55.056829852,53.534547144
0.43796997,55.081184204,56.627820327
0.43802490,55.177903303,53.727987103
0.43807983,55.146458499,56.564929107
0.43813477,55.074102826,53.583277417
0.43818970,55.204191974,56.825105502
0.43824463,55.377735808,53.930366935
0.43829956,55.357788564,56.785209395
0.43835449,24.317809684,-8.149176876
0.43840942,-8.853191279,-9.557205488
0.43846436,-9.042670879,-7.891508928
0.43851929,-10.430515620,-12.969519785
0.43857422,8.954826405,30.878984200
0.43862915,64.286846032,97.694270432
0.43868408,74.347001354,50.999945918
0.43873901,58.265524052,65.531081495
0.43879395,56.304861542,47.078674952
0.43884888,54.087288364,61.095882525
0.43890381,54.778514310,48.461161737
0.43895874,55.554703167,62.648224874
0.43901367,55.861770084,49.075333345
0.43906860,54.420608139,59.765871735
0.43912354,56.169642791,52.573418916
0.43917847,56.163367241,59.753310514
0.43923340,55.353116760,50.952930595
0.43928833,54.755984436,58.559032608
0.43934326,56.124429156,53.689828028
0.43939819,54.424922925,55.160017611
0.43945312,52.923931887,50.687848123
0.43950806,55.077626930,59.467398184
0.43956299,56.865780831,54.264166131
0.43961792,55.862938914,57.461710695
0.43967285,49.907330221,42.352972115
0.43972778,46.324165915,50.295353534
0.43978271,36.969738412,23.644192887
0.43983765,29.447766531,35.251326974
0.43989258,31.860571173,28.469819878
0.43994751,23.502891418,18.535972628
0.44000244,12.221418227,5.906879455
0.44005737,2.967471797,0.028067526
0.44011230,3.156979656,6.285887950
0.44016724,3.408948563,0.532012420
0.44022217,3.641774612,6.751533013
0.44027710,2.528537714,-1.694450597
0.44033203,2.800227773,7.294898224
0.44038696,3.117671618,-1.059548149
0.44044189,3.429604084,7.918748418
0.44049683,5.720656465,3.522566405
0.44055176,4.506770403,5.490974022
0.44060669,5.526811221,5.562648420
0.44066162,7.510866077,9.459082246
0.44071655,4.570702364,-0.317668153
0.44077148,4.512957063,9.343573134
0.44082642,6.061410635,2.779252359
0.44088135,6.294988930,9.810720657
0.44093628,2.818061853,-4.174577785
0.44099121,2.819670964,9.813900540
0.44104614,4.512600508,-0.788688510
0.44110107,4.994690749,10.778056897
0.44115601,4.232304083,-2.313431938
0.44121094,4.433274542,11.179963181
0.44126587,5.568236882,-0.043477074
0.44132080,3.854142537,7.751756194
0.44137573,5.876921914,4.002089012
0.44143066,5.389446835,6.776803905
0.44148560,2.828080972,-1.120635849
0.44154053,0.604431941,2.329498565
0.44159546,-0.223249772,-2.775995555
0.44165039,2.527863084,7.831710697
0.44170532,2.246038333,-3.339621804
0.44176025,1.467822856,6.275258458
0.44181519,0.913013113,-4.449220962
0.44187012,1.939949272,8.329103506
0.44192505,1.190504670,-5.948074193
0.44197998,-3.902848958,-1.857625363
0.44203491,-3.894806873,-11.017251618
0.44208984,-9.086142091,-7.798618290
0.44214478,-9.075820068,-16.147850012
0.44219971,-9.095302402,-6.978370235
0.44225464,-9.090890583,-15.500479664
0.44230957,-9.098817069,-6.529819242
0.44236450,-9.096235820,-15.104592798
0.44241943,-9.100805597,-6.409153089
0.44247437,-9.099019783,-14.845295476
0.44252930,-9.102103326,-6.310278131
0.44258423,-9.100751957,-14.669561527
0.44263916,-9.103025153,-6.227221598
0.44269409,-9.101944552,-14.538882857
0.44274902,-9.103718476,-6.157399325
0.44280396,-9.102821619,-14.436612509
0.44285889,-9.104261881,-6.098153655
0.44291382,-9.103497383,-14.353939594
0.44296875,-9.104701292,-6.047420978
0.44302368,-9.104036445,-14.285630549
0.44307861,-9.105065405,-6.003610177
0.44313354,-9.104478176,-14.228199566
0.44318848,-9.105373103,-5.965482610
0.44324341,-9.104847979,-14.179176517
0.44329834,-9.105637651,-5.932077779
0.44335327,-9.105159174,-14.139054783
0.44340820,-9.105866421,-5.876820364
0.44346313,-9.105424537,-14.115819121
0.44351807,-9.106065869,-5.810771343
0.44357300,-9.105654136,-14.105163729
0.44362793,-9.106241393,-5.743373334
0.44368286,-9.105855415,-14.101684167
0.44373779,-9.106397334,-5.679460181
0.44379272,-9.106033893,-14.101991223
0.44384766,-9.106537122,-5.621001407
0.44390259,-9.106193725,-14.104122092
0.44395752,-9.106663449,-5.568500324
0.44401245,-9.106338080,-14.106945050
0.44406738,-9.106778437,-5.521774511
0.44412231,-9.106469416,-14.109809628
0.44417725,-9.106883774,-5.480354212
0.44423218,-9.106589667,-14.112350315
0.44428711,-9.106980811,-5.443677631
0.44434204,-9.106700378,-14.114373600
0.44439697,-9.107070644,-5.411182836
0.44445190,-9.106802797,-14.115790760
0.44450684,-9.107154172,-5.382347902
0.44456177,-9.106897949,-14.116576781
0.44461670,-9.107232138,-5.356705535
0.44467163,-9.106986682,-14.116744793
0.44472656,-9.107305163,-5.333845434
0.44478149,-9.107069708,-14.116329963
0.44483643,-9.107373771,-5.313411099
0.44489136,-9.107147626,-14.115379313
0.44494629,-9.107438410,-5.295094427
0.44500122,-9.107220950,-14.113945278
0.44505615,-9.107499461,-5.278629736
0.44511108,-9.107290122,-14.112081676
0.44516602,-9.107557257,-5.263787996
0.44522095,-9.107355522,-14.109841221
0.44527588,-9.107612085,-5.250371580
0.44533081,-9.107417485,-14.107274059
0.44538574,-9.107664197,-5.238209656
0.44544067,-9.107476303,-14.104426953
0.44549561,-9.107713815,-5.227154202
0.44555054,-9.107532232,-14.101342902
0.44560547,-9.107761137,-5.217076617
0.44566040,-9.107585503,-14.098061032
0.44571533,-9.107806337,-5.207864838
0.44577026,-9.107636319,-14.094616666
0.44582520,-9.107849570,-5.199420921
0.44588013,-9.107684860,-14.091041499
0.44593506,-9.107890979,-5.191658988
0.44598999,-9.107731292,-14.087363830
0.44604492,-9.107930688,-5.184503512
0.44609985,-9.107775761,-14.083608833
0.44615479,-9.107968811,-5.177887868
0.44620972,-9.107818400,-14.079798830
0.44626465,-9.108005453,-5.171753108
0.44631958,-9.107859329,-14.075953565
0.44637451,-9.108040706,-5.166046937
0.44642944,-9.107898659,-14.072090468
0.44648437,-9.108074657,-5.160722835
0.44653931,-9.107936489,-14.068224895
0.44659424,-9.108107383,-5.155739320
0.44664917,-9.107972911,-14.064370356
0.44670410,-9.108138957,-5.151059320
0.44675903,-9.108008008,-14.060538722
0.44681396,-9.108169444,-5.146649635
0.44686890,-9.108041858,-14.056740407
0.44692383,-9.108198905,-5.142480476
0.44697876,-9.108074530,-14.052984533
0.44703369,-9.108227396,-5.138525074
0.44708862,-9.108106091,-14.049279084
0.44714355,-9.108254967,-5.134759333
0.44719849,-9.108136599,-14.045631028
0.44725342,-9.108281668,-5.131161540
0.44730835,-9.108166112,-14.042046441
0.44736328,-9.108307542,-5.127712108
0.44741821,-9.108194681,-14.038530600
0.44747314,-9.108332631,-5.124393351
0.44752808,-9.108222353,-14.035088082
0.44758301,-9.108356973,-5.121189291
0.44763794,-9.108249174,-14.031722836
0.44769287,-9.108380603,-5.118085484
0.44774780,-9.108275184,-14.028438256
0.44780273,-9.108403556,-5.115068870
0.44785767,-9.108300423,-14.025237240
0.44791260,-9.108425861,-5.112127638
0.44796753,-9.108324927,-14.022122242
0.44802246,-9.108447549,-5.109251110
0.44807739,-9.108348729,-14.019095325
0.44813232,-9.108468646,-5.106429630
0.44818726,-9.108371862,-14.016158196
0.44824219,-9.108489179,-5.103654477
0.44829712,-9.108394355,-14.013312245
0.44835205,-9.108509171,-5.100917773
0.44840698,-9.108416236,-14.010558577
0.44846191,-9.108528646,-5.098212414
0.44851685,-9.108437531,-14.007898042
0.44857178,-9.108547623,-5.095531995
0.44862671,-9.108458265,-14.005331257
0.44868164,-9.108566125,-5.092870752
0.44873657,-9.108478462,-14.002858632
0.44879150,-9.108584169,-5.090223508
0.44884644,-9.108498143,-14.000480386
0.44890137,-9.108601774,-5.087585619
0.44895630,-9.108517329,-13.998196569
0.44901123,-9.108618956,-5.084952926
0.44906616,-9.108536040,-13.996007073
0.44912109,-9.108635733,-5.082321721
0.44917603,-9.108554294,-13.993911650
0.44923096,-9.108652118,-5.079688700
0.44928589,-9.108572109,-13.991909920
0.44934082,-9.108668127,-5.077050932
0.44939575,-9.108589502,-13.990001387
0.44945068,-9.108683772,-5.074405829
0.44950562,-9.108606488,-13.988185442
0.44956055,-9.108699069,-5.071751112
0.44961548,-9.108623082,-13.986461372
0.44967041,-9.108714028,-5.069084784
0.44972534,-9.108639298,-13.984828350
0.44978027,-9.108728661,-5.066405100
0.44983521,-9.108655150,-13.983285385
0.44989014,-9.108742980,-5.063710523
0.44994507,-9.108670652,-13.981831154
0.45000000,-9.108756995,-5.060999637
