t_s,H_m,H_boundary_m
0.00000000,23.033796695,23.033428949
0.00005493,23.033870244,23.033500759
0.00010986,23.033876033,23.033573017
0.00016479,23.034001420,23.033645899
0.00021973,23.034034646,23.033719274
0.00027466,23.034136418,23.033793249
0.00032959,23.034184441,23.033867747
0.00038452,23.034282972,23.033942850
0.00043945,23.034341615,23.034018501
0.00049438,23.034427380,23.034094749
0.00054932,23.034492614,23.034171566
0.00060425,23.034581203,23.034248993
0.00065918,23.034651753,23.034327007
0.00071411,23.034732437,23.034405629
0.00076904,23.034806247,23.034484855
0.00082397,23.034892036,23.034564708
0.00087891,23.034968987,23.034645179
0.00093384,23.035049138,23.034726280
0.00098877,23.035128018,23.034808014
0.00104370,23.035214036,23.034890397
0.00109863,23.035295177,23.034973428
0.00115356,23.035376721,23.035057114
0.00120850,23.035459284,23.035141461
0.00126343,23.035546866,23.035226484
0.00131836,23.035631346,23.035312184
0.00137329,23.035715137,23.035398566
0.00142822,23.035800872,23.035485639
0.00148315,23.035890653,23.035573416
0.00153809,23.035978187,23.035661900
0.00159302,23.036064642,23.035751096
0.00164795,23.036153404,23.035841013
0.00170288,23.036245733,23.035931665
0.00175781,23.036336272,23.036023054
0.00181274,23.036425631,23.036115187
0.00186768,23.036517431,23.036208074
0.00192261,23.036612540,23.036301727
0.00197754,23.036706139,23.036396151
0.00203247,23.036798576,23.036491352
0.00208740,23.036893495,23.036587340
0.00214233,23.036991568,23.036684129
0.00219727,23.037088329,23.036781723
0.00225220,23.037183994,23.036880129
0.00230713,23.037282148,23.036979358
0.00236206,23.037383352,23.037079423
0.00241699,23.037483404,23.037180331
0.00247192,23.037582442,23.037282088
0.00252686,23.037683966,23.037384705
0.00258179,23.037788467,23.037488198
0.00263672,23.037891952,23.037592571
0.00269165,23.037994511,23.037697832
0.00274658,23.038099553,23.037803994
0.00280151,23.038207519,23.037911071
0.00285645,23.038314591,23.038019070
0.00291138,23.038420830,23.038127999
0.00296631,23.038529548,23.038237870
0.00302124,23.038641153,23.038348699
0.00307617,23.038751979,23.038460494
0.00313110,23.038862062,23.038573262
0.00318604,23.038974627,23.038687018
0.00324097,23.039090052,23.038801777
0.00329590,23.039204807,23.038917547
0.00335083,23.039318911,23.039034338
0.00340576,23.039435504,23.039152163
0.00346069,23.039554941,23.039271040
0.00351563,23.039673812,23.039390976
0.00357056,23.039792123,23.039511982
0.00362549,23.039912936,23.039634074
0.00368042,23.040036586,23.039757267
0.00373535,23.040159773,23.039881572
0.00379028,23.040282490,23.040006999
0.00384521,23.040407727,23.040133565
0.00390015,23.040535802,23.040261286
0.00395508,23.040663515,23.040390175
0.00401001,23.040790850,23.040520241
0.00406494,23.040920728,23.040651502
0.00411987,23.041053454,23.040783977
0.00417480,23.041185916,23.040917676
0.00422974,23.041318095,23.041052613
0.00428467,23.041452845,23.041188805
0.00433960,23.041590459,23.041326271
0.00439453,23.041727910,23.041465024
0.00444946,23.041865172,23.041605077
0.00450439,23.042005039,23.041746450
0.00455933,23.042147794,23.041889162
0.00461426,23.042290486,23.042033226
0.00466919,23.042433087,23.042178658
0.00472412,23.042578333,23.042325477
0.00477905,23.042726497,23.042473705
0.00483398,23.042874701,23.042623356
0.00488892,23.043022913,23.042774445
0.00494385,23.043173816,23.042926994
0.00499878,23.043327674,23.043081025
0.00505371,23.043481678,23.043236554
0.00510864,23.043635791,23.043393598
0.00516357,23.043792648,23.043552179
0.00521851,23.043952503,23.043712320
0.00527344,23.044112613,23.043874040
0.00532837,23.044272938,23.044037355
0.00538330,23.044436065,23.044202290
0.00543823,23.044602242,23.044368870
0.00549316,23.044768785,23.044537112
0.00554810,23.044935653,23.044707038
0.00560303,23.045105387,23.044878670
0.00565796,23.045278231,23.045052037
0.00571289,23.045451555,23.045227159
0.00576782,23.045625320,23.045404055
0.00582275,23.045802023,23.045582753
0.00587769,23.045981902,23.045763281
0.00593262,23.046162382,23.045945661
0.00598755,23.046343422,23.046129915
0.00604248,23.046527479,23.046316071
0.00609741,23.046714787,23.046504160
0.00615234,23.046902822,23.046694205
0.00620728,23.047091542,23.046886230
0.00626221,23.047283367,23.047080266
0.00631714,23.047478525,23.047276344
0.00637207,23.047674543,23.047474490
0.00642700,23.047871377,23.047674729
0.00648193,23.048071412,23.047877094
0.00653687,23.048274872,23.048081620
0.00659180,23.048479330,23.048288333
0.00664673,23.048684744,23.048497261
0.00670166,23.048893463,23.048708440
0.00675659,23.049105710,23.048921905
0.00681152,23.049319100,23.049137686
0.00686646,23.049533593,23.049355814
0.00692139,23.049751506,23.049576325
0.00697632,23.049973059,23.049799258
0.00703125,23.050195909,23.050024646
0.00708618,23.050420017,23.050252521
0.00714111,23.050647671,23.050482922
0.00719604,23.050879088,23.050715891
0.00725098,23.051111965,23.050951464
0.00730591,23.051346267,23.051189674
0.00736084,23.051584249,23.051430566
0.00741577,23.051826130,23.051674183
0.00747070,23.052069646,23.051920562
0.00752563,23.052314762,23.052169743
0.00758057,23.052563707,23.052421772
0.00763550,23.052816699,23.052676694
0.00769043,23.053071510,23.052934552
0.00774536,23.053328110,23.053195388
0.00780029,23.053588701,23.053459249
0.00785522,23.053853500,23.053726188
0.00791016,23.054120317,23.053996248
0.00796509,23.054389124,23.054269476
0.00802002,23.054662097,23.054545923
0.00807495,23.054939455,23.054825644
0.00812988,23.055219044,23.055108689
0.00818481,23.055500837,23.055395105
0.00823975,23.055786989,23.055684950
0.00829468,23.056077719,23.055978284
0.00834961,23.056370907,23.056275158
0.00840454,23.056666531,23.056575625
0.00845947,23.056966723,23.056879748
0.00851440,23.057271704,23.057187591
0.00856934,23.057579387,23.057499209
0.00862427,23.057889755,23.057814662
0.00867920,23.058204921,23.058134015
0.00873413,23.058525104,23.058457339
0.00878906,23.058848254,23.058784694
0.00884399,23.059174357,23.059116145
0.00889893,23.059505507,23.059451762
0.00895386,23.059841926,23.059791622
0.00900879,23.060181597,23.060135791
0.00906372,23.060524511,23.060484339
0.00911865,23.060872743,23.060837343
0.00917358,23.061226520,23.061194885
0.00922852,23.061583855,23.061557039
0.00928345,23.061944749,23.061923879
0.00933838,23.062311257,23.062295492
0.00939331,23.062683612,23.062671964
0.00944824,23.063059859,23.063053376
0.00950317,23.063440004,23.063439812
0.00955811,23.063826090,23.063831363
0.00961304,23.064218352,23.064228124
0.00966797,23.064614868,23.064630184
0.00972290,23.065015652,23.065037634
0.00977783,23.065422732,23.065450574
0.00983276,23.065836351,23.065869108
0.00988770,23.066254618,23.066293333
0.00994263,23.066677555,23.066723348
0.00999756,23.067107179,23.067159262
0.01005249,23.067543738,23.067601190
0.01010742,23.067985375,23.068049238
0.01016235,23.068432121,23.068503514
0.01021729,23.068885982,23.068964139
0.01027222,23.069347215,23.069431236
0.01032715,23.069813995,23.069904922
0.01038208,23.070286364,23.070385318
0.01043701,23.070766319,23.070872555
0.01049194,23.071254125,23.071366767
0.01054688,23.071747992,23.071868085
0.01060181,23.072247973,23.072376640
0.01065674,23.072756058,23.072892577
0.01071167,23.073272524,23.073416044
0.01076660,23.073795613,23.073947183
0.01082153,23.074325393,23.074486140
0.01087646,23.074863848,23.075033073
0.01093140,23.075411268,23.075588147
0.01098633,23.075965929,23.076151517
0.01104126,23.076527915,23.076723346
0.01109619,23.077099207,23.077303808
0.01115112,23.077680108,23.077893083
0.01120605,23.078268932,23.078491344
0.01126099,23.078865779,23.079098771
0.01131592,23.079472630,23.079715556
0.01137085,23.080089804,23.080341897
0.01142578,23.080715653,23.080977989
0.01148071,23.081350295,23.081624028
0.01153564,23.081995715,23.082280227
0.01159058,23.082652250,23.082946807
0.01164551,23.083318291,23.083623983
0.01170044,23.083993978,23.084311973
0.01175537,23.084681301,23.085011016
0.01181030,23.085380620,23.085721353
0.01186523,23.086090366,23.086443224
0.01192017,23.086810704,23.087176875
0.01197510,23.087543634,23.087922567
0.01203003,23.088289539,23.088680572
0.01208496,23.089046895,23.089451156
0.01213989,23.089815896,23.090234594
0.01219482,23.090598553,23.091031177
0.01224976,23.091395277,23.091841207
0.01230469,23.092204594,23.092664982
0.01235962,23.093026729,23.093502810
0.01241455,23.093863709,23.094355015
0.01246948,23.094715979,23.095221936
0.01252441,23.095582116,23.096103908
0.01257935,23.096462380,23.097001272
0.01263428,23.097358822,23.097914395
0.01268921,23.098271924,23.098843655
0.01274414,23.099200320,23.099789428
0.01279907,23.100144311,23.100752099
0.01285400,23.101105976,23.101732080
0.01290894,23.102085840,23.102729794
0.01296387,23.103082599,23.103745664
0.01301880,23.104096603,23.104780127
0.01307373,23.105129965,23.105833645
0.01312866,23.106183261,23.106906695
0.01318359,23.107255255,23.107999756
0.01323853,23.108346352,23.109113320
0.01329346,23.109458708,23.110247909
0.01334839,23.110592957,23.111404064
0.01340332,23.111747941,23.112582325
0.01345825,23.112924128,23.113783253
0.01351318,23.114123727,23.115007437
0.01356812,23.115347438,23.116255490
0.01362305,23.116594190,23.117528028
0.01367798,23.117864527,23.118825686
0.01373291,23.119160719,23.120149137
0.01378784,23.120483547,23.121499076
0.01384277,23.121832037,23.122876205
0.01389771,23.123206820,23.124281250
0.01395264,23.124610242,23.125714978
0.01400757,23.126043178,23.127178181
0.01406250,23.127504764,23.128671664
0.01411743,23.128995734,23.130196258
0.01417236,23.130518525,23.131752839
0.01422729,23.132074122,23.133342317
0.01428223,23.133661790,23.134965614
0.01433716,23.135282381,23.136623686
0.01439209,23.136938446,23.138317541
0.01444702,23.138631095,23.140048222
0.01450195,23.140359745,23.141816794
0.01455688,23.142125389,23.143624360
0.01461182,23.143930711,23.145472081
0.01466675,23.145776974,23.147361163
0.01472168,23.147663770,23.149292838
0.01477661,23.149592259,23.151268383
0.01483154,23.151565286,23.153289144
0.01488647,23.153584298,23.155356518
0.01494141,23.155649090,23.157471938
0.01499634,23.157761023,23.159636889
0.01505127,23.159923139,23.161852938
0.01510620,23.162137101,23.164121711
0.01516113,23.164402948,23.166444881
0.01521606,23.166722281,23.168824186
0.01527100,23.169098379,23.171261454
0.01532593,23.171533168,23.173758592
0.01538086,23.174026978,23.176317559
0.01543579,23.176581696,23.178940399
0.01549072,23.179200894,23.181629259
0.01554565,23.181886816,23.184386382
0.01560059,23.184640138,23.187214079
0.01565552,23.187463100,23.190114761
0.01571045,23.190359628,23.193090966
0.01576538,23.193332355,23.196145346
0.01582031,23.196382376,23.199280642
0.01587524,23.199512361,23.202499715
0.01593018,23.202726674,23.205805582
0.01598511,23.206028422,23.209201396
0.01604004,23.209419215,23.212690427
0.01609497,23.212902248,23.216276092
0.01614990,23.216482431,23.219961997
0.01620483,23.220163454,23.223751915
0.01625977,23.223947559,23.227649770
0.01631470,23.227838594,23.231659672
0.01636963,23.231842146,23.235785955
0.01642456,23.235962634,23.240033170
0.01647949,23.240203083,23.244406054
0.01653442,23.244568156,23.248909583
0.01658936,23.249064288,23.253549008
0.01664429,23.253696813,23.258329849
0.01669922,23.258469735,23.263257875
0.01675415,23.263388744,23.268339148
0.01680908,23.268461349,23.273580080
0.01686401,23.273694037,23.278987423
0.01691895,23.279092054,23.284568249
0.01697388,23.284662388,23.290330010
0.01702881,23.290413923,23.296280596
0.01708374,23.296354617,23.302428333
0.01713867,23.302491295,23.308781967
0.01719360,23.308832618,23.315350735
0.01724854,23.315389234,23.322144432
0.01730347,23.322170999,23.329173418
0.01735840,23.329186779,23.336448610
0.01741333,23.336447395,23.343981562
0.01746826,23.343965794,23.351784552
0.01752319,23.351754305,23.359870599
0.01757812,23.359824454,23.368253463
0.01763306,23.368189895,23.376947744
0.01768799,23.376866599,23.385968994
0.01774292,23.385870156,23.395333747
0.01779785,23.395215603,23.405059534
0.01785278,23.404920353,23.415165013
0.01790771,23.415004407,23.425670107
0.01796265,23.425487705,23.436596057
0.01801758,23.436389987,23.447965469
0.01807251,23.447733720,23.459802474
0.01812744,23.459544342,23.472132914
0.01818237,23.471847688,23.484984431
0.01823730,23.484669882,23.498386553
0.01829224,23.498040284,23.512370909
0.01834717,23.511991789,23.526971483
0.01840210,23.526558331,23.542224753
0.01845703,23.541774847,23.558169846
0.01851196,23.557680255,23.574848839
0.01856689,23.574317832,23.592307096
0.01862183,23.591732843,23.610593516
0.01867676,23.609972597,23.629760775
0.01873169,23.629089498,23.649865764
0.01878662,23.649141554,23.670970073
0.01884155,23.670190173,23.693140382
0.01889648,23.692300370,23.716448878
0.01895142,23.715543963,23.740973889
0.01900635,23.740000276,23.766800611
0.01906128,23.765754196,23.794021741
0.01911621,23.792896632,23.822738171
0.01917114,23.821527956,23.853059959
0.01922607,23.851759035,23.885107444
0.01928101,23.883709704,23.919012295
0.01933594,23.917509640,23.954918680
0.01939087,23.953302246,23.992984805
0.01944580,23.991246247,24.033384689
0.01950073,24.031514838,24.076309943
0.01955566,24.074297298,24.121971767
0.01961060,24.119803658,24.170603495
0.01966553,24.168267294,24.222463528
0.01972046,24.219945251,24.277838423
0.01977539,24.275121166,24.337046413
0.01983032,24.334111416,24.400441762
0.01988525,24.397269492,24.468419831
0.01994019,24.464988479,24.541422610
0.01999512,24.537706407,24.619945104
0.02005005,24.615915207,24.704543123
0.02010498,24.700168474,24.795842401
0.02015991,24.791088009,24.894548874
0.02021484,24.889373881,25.001460682
0.02026978,24.995818904,25.117482706
0.02032471,25.111323088,25.243643758
0.02037964,25.236908199,25.381116413
0.02043457,25.373737307,25.531240446
0.02048950,25.523140551,25.695551197
0.02054443,25.686643254,25.875813414
0.02059937,25.865997032,26.074061054
0.02065430,26.063219126,26.292644806
0.02070923,26.280641966,26.534289720
0.02076416,26.520970231,26.802164471
0.02081909,26.787347082,27.099963908
0.02087402,27.083435837,27.432008286
0.02092896,27.413520655,27.803363584
0.02098389,27.782625647,28.219986432
0.02103882,28.196656084,28.688897429
0.02109375,28.662569999,29.218388870
0.02114868,29.188586290,29.818274104
0.02120361,29.784431668,30.500184065
0.02125854,30.461632302,31.277915839
0.02131348,31.233859400,32.167839186
0.02136841,32.117334752,33.189365542
0.02142334,33.131296227,34.365477295
0.02147827,34.298521741,35.723307760
0.02153320,35.645906657,37.294755208
0.02158813,37.205078456,39.117102242
0.02164307,39.013016324,41.233592266
0.02169800,41.112628850,43.693896538
0.02175293,43.553228188,46.554393998
0.02180786,46.390823249,49.878179935
0.02186279,49.688144110,53.734721004
0.02191772,53.514315366,58.199098099
0.02197266,57.944121790,63.350828221
0.02202759,63.056854348,66.185642892
0.02208252,66.156774632,66.469951772
0.02213745,66.470925984,66.521303649
0.02219238,66.382013072,66.250559120
0.02224731,66.256105180,66.235953282
0.02230225,66.341300672,66.441128333
0.02235718,66.448848633,66.478374264
0.02241211,66.377115393,66.280695080
0.02246704,66.285487693,66.271466332
0.02252197,66.348363908,66.421269361
0.02257690,66.427115729,66.449023460
0.02263184,66.373866687,66.302219868
0.02268677,66.306492807,66.296810971
0.02274170,66.353681197,66.407627346
0.02279663,66.412245391,66.428880245
0.02285156,66.372090318,66.317885193
0.02290649,66.321778629,66.315150280
0.02296143,66.357814660,66.398305592
0.02301636,66.402096608,66.415029284
0.02307129,66.371310887,66.329526867
0.02312622,66.333121230,66.328644508
0.02318115,66.361141629,66.391997382
0.02323608,66.395216778,66.405512361
0.02329102,66.371210075,66.338380141
0.02334595,66.341726265,66.338770674
0.02340088,66.363916697,66.387802194
0.02345581,66.390616168,66.399005309
0.02351074,66.371573826,66.345282818
0.02356567,66.348416249,66.346541120
0.02362061,66.366312138,66.385098183
0.02367554,66.387617146,66.394606782
0.02373047,66.372257555,66.350807536
0.02378540,66.353755366,66.352652131
0.02384033,66.368444922,66.383454479
0.02389526,66.385753243,66.391699114
0.02395020,66.373163147,66.355348739
0.02400513,66.358132899,66.357584748
0.02406006,66.370394789,66.382571185
0.02411499,66.384701417,66.389856071
0.02416992,66.374223688,66.359180282
0.02422485,66.361819199,66.361673064
0.02427979,66.372216346,66.382238402
0.02433472,66.384236462,66.388781352
0.02438965,66.375393300,66.362493882
0.02444458,66.365003348,66.365150534
0.02449951,66.373947180,66.382308277
0.02455444,66.384200236,66.388267364
0.02460937,66.376640344,66.365424915
0.02466431,66.367818607,66.368181407
0.02471924,66.375613312,66.382675902
0.02477417,66.384480807,66.388167444
0.02482910,66.377942863,66.368069859
0.02488403,66.370359678,66.370882122
0.02493896,66.377232867,66.383266240
0.02499390,66.384998272,66.388377056
0.02504883,66.379285519,66.370498131
0.02510376,66.372694462,66.373335906
0.02515869,66.378818556,66.384025154
0.02521362,66.385695070,66.388820979
0.02526855,66.380657514,66.372760187
0.02532349,66.374872106,66.375602782
0.02537842,66.380379362,66.384913213
0.02543335,66.386529328,66.389444549
0.02548828,66.382051190,66.374893087
0.02554321,66.376928537,66.377726449
0.02559814,66.381921682,66.385901421
0.02565308,66.387470276,66.390207626
0.02570801,66.383461068,66.376924355
0.02576294,66.378890299,66.379739040
0.02581787,66.383450112,66.386968227
0.02587280,66.388495061,66.391080412
0.02592773,66.384883193,66.378874656
0.02598267,66.380777211,66.381664432
0.02603760,66.384967984,66.388097448
0.02609253,66.389586524,66.392040541
0.02614746,66.386314685,66.380759684
0.02620239,66.382604234,66.383520556
0.02625732,66.386477736,66.389276796
0.02631226,66.390731641,66.393071040
0.02636719,66.387753424,66.382591493
0.02642212,66.384382793,66.385321026
0.02647705,66.387981170,66.390496843
0.02653198,66.391920411,66.394158874
0.02658691,66.389197834,66.384379446
0.02664185,66.386121704,66.387076292
0.02669678,66.389479631,66.391750273
0.02675171,66.393145075,66.395293929
0.02680664,66.390646733,66.386130896
0.02686157,66.387827848,66.388794461
0.02691650,66.390974134,66.393031351
0.02697144,66.394399543,66.396468263
0.02702637,66.392099222,66.387851680
0.02708130,66.389506653,66.390481891
0.02713623,66.392465454,66.394335533
0.02719116,66.395678988,66.397675578
0.02724609,66.393554615,66.389546476
0.02730103,66.391162445,66.392143621
0.02735596,66.393954186,66.395659184
0.02741089,66.396979544,66.398910825
0.02746582,66.395012378,66.391219076
0.02752075,66.392798706,66.393783682
0.02757568,66.395440795,66.396999367
0.02763062,66.398298082,66.400169917
0.02768555,66.396472094,66.392872578
0.02774048,66.394418264,66.395405333
0.02779541,66.396925644,66.398353688
0.02785034,66.399632050,66.401449516
0.02790527,66.397933432,66.394509535
0.02796021,66.396023441,66.397011229
0.02801514,66.398409023,66.399720180
0.02807007,66.400979346,66.402746869
0.02812500,66.399396131,66.396132073
0.02817993,66.397616153,66.398603554
0.02823486,66.399891165,66.401097213
0.02828979,66.402338227,66.404059691
0.02834473,66.400859977,66.397741969
0.02839966,66.399197998,66.400184119
0.02845459,66.401372257,66.402483426
0.02850952,66.403707232,66.405386065
0.02856445,66.402324800,66.399340725
0.02861938,66.400770319,66.401754435
0.02867432,66.402852451,66.403877675
0.02872925,66.405085134,66.406724377
0.02878418,66.403790457,66.400929617
0.02883911,66.402334249,66.403315774
0.02889404,66.404331874,66.405278991
0.02894897,66.406470890,66.408073257
0.02900391,66.405256834,66.402509733
0.02905884,66.403890752,66.404869212
0.02911377,66.405810629,66.406686550
0.02916870,66.407863611,66.409431531
0.02922363,66.406723832,66.404082011
0.02927856,66.405440653,66.406415665
0.02933350,66.407288803,66.408099647
0.02938843,66.409262535,66.410798195
0.02944336,66.408191372,66.405647260
0.02949829,66.406984662,66.407955919
0.02955322,66.408766470,66.409517675
0.02960815,66.410667003,66.412172377
0.02966309,66.409659384,66.407206183
0.02971802,66.408523394,66.409490647
0.02977295,66.410243690,66.410940109
0.02982788,66.412076447,66.413553323
0.02988281,66.411127812,66.408759393
0.02993774,66.410057381,66.411020436
0.02999268,66.411720517,66.412366492
0.03004761,66.413490369,66.414940374
0.03010254,66.412596606,66.410307428
0.03015747,66.411587089,66.412545792
0.03021240,66.413196994,66.413796427
0.03026733,66.414908335,66.416332953
0.03032227,66.414065725,66.411850761
0.03037720,66.413112925,66.414067160
0.03043213,66.414673160,66.415229564
0.03048706,66.416329963,66.417730553
0.03054199,66.415535130,66.413389809
0.03059692,66.414635250,66.415584928
0.03065186,66.416149048,66.416665599
0.03070679,66.417754918,66.419132726
0.03076172,66.417004793,66.414924943
0.03081665,66.416154380,66.417099436
0.03087158,66.417624687,66.418104259
0.03092651,66.419182902,66.420539074
0.03098145,66.418474684,66.416456492
0.03103638,66.417670595,66.418610988
0.03109131,66.419100103,66.419545307
0.03114624,66.420613651,66.421949244
0.03120117,66.419944781,66.417984750
0.03125610,66.419184147,66.420119849
0.03131104,66.420575316,66.420988528
0.03136597,66.422046931,66.423362921
0.03142090,66.421415063,66.419509981
0.03147583,66.420695257,66.421626258
0.03153076,66.422050346,66.422433735
0.03158569,66.423482530,66.424779823
0.03164062,66.422885511,66.421032419
0.03169556,66.422204124,66.423130425
0.03175049,66.423525210,66.423880757
0.03180542,66.424920262,66.426199698
0.03186035,66.424356109,66.422552279
0.03191528,66.423710929,66.424632540
0.03197021,66.424999922,66.425329444
0.03202515,66.426359957,66.427622316
0.03208008,66.425826843,66.424069750
0.03213501,66.425215830,66.426132771
0.03218994,66.426474497,66.426779660
0.03224487,66.427801464,66.429047474
0.03229980,66.427297701,66.425585008
0.03235474,66.426718974,66.427631271
0.03240967,66.427948945,66.428231281
0.03246460,66.429244645,66.430474986
0.03251953,66.428768672,66.427098208
0.03257446,66.428220492,66.429128177
0.03262939,66.429423278,66.429684198
0.03268433,66.430689376,66.431904683
0.03273926,66.430239745,66.428609495
0.03279419,66.429720501,66.430623611
0.03284912,66.430897504,66.431138312
0.03290405,66.432135544,66.433336412
0.03295898,66.431710911,66.430118997
0.03301392,66.431219109,66.432117687
0.03306885,66.432371631,66.432593531
0.03312378,66.433583048,66.434770035
0.03317871,66.433182162,66.431626834
0.03323364,66.432716415,66.433610504
0.03328857,66.433845669,66.434049773
0.03334351,66.435031794,66.436205424
0.03339844,66.434653492,66.433133114
0.03345337,66.434212508,66.435102156
0.03350830,66.435319622,66.435506964
0.03356323,66.436481697,66.437642463
0.03361816,66.436124893,66.434637936
0.03367310,66.435707469,66.436592725
0.03372803,66.436793498,66.436965036
0.03378296,66.437932680,66.439081046
0.03383789,66.437596361,66.436141392
0.03389282,66.437201373,66.438082289
0.03394775,66.438267302,66.438423928
0.03400269,66.439384671,66.440521075
0.03405762,66.439067888,66.437643566
0.03411255,66.438694289,66.439570915
0.03416748,66.439741039,66.439883581
0.03422241,66.440837606,66.441962462
0.03427734,66.440539472,66.439144534
0.03433228,66.440186278,66.441058669
0.03438721,66.441214713,66.441343944
0.03444214,66.442291424,66.443405123
0.03449707,66.442011107,66.440644368
0.03455200,66.441677399,66.442545609
0.03460693,66.442688329,66.442804970
0.03466187,66.443746071,66.444848982
0.03471680,66.443482790,66.442143134
0.03477173,66.443167704,66.444031788
0.03482666,66.444161890,66.444266615
0.03488159,66.445201495,66.446293970
0.03493652,66.444954516,66.443640892
0.03499146,66.444657244,66.445517255
0.03504639,66.445635400,66.445728838
0.03510132,66.446657651,66.447740021
0.03515625,66.446426284,66.445137699
0.03521118,66.446146062,66.447002056
0.03526611,66.447108862,66.447191603
0.03532104,66.448114494,66.449187076
0.03537598,66.447898088,66.446633607
0.03543091,66.447634202,66.448486233
0.03548584,66.448582280,66.448654875
0.03554077,66.449571984,66.450635078
0.03559570,66.449369928,66.448128664
0.03565063,66.449121701,66.449969823
0.03570557,66.450055654,66.450118623
0.03576050,66.451030085,66.452083976
0.03581543,66.450841800,66.449622915
0.03587036,66.450608595,66.451452863
0.03592529,66.451528989,66.451582817
0.03598022,66.452488762,66.453533722
0.03603516,66.452313702,66.451116403
0.03609009,66.452094919,66.452935386
0.03614502,66.453002287,66.453047430
0.03619995,66.453947983,66.454984271
0.03625488,66.453785632,66.452609166
0.03630981,66.453580703,66.454417422
0.03636475,66.454475549,66.454512438
0.03641968,66.455407719,66.456435581
0.03647461,66.455257587,66.454101242
0.03652954,66.455065975,66.455898999
0.03658447,66.455948777,66.455977816
0.03663940,66.456867941,66.457887614
0.03669434,66.456729567,66.455592664
0.03674927,66.456550763,66.457380144
0.03680420,66.457421973,66.457443544
0.03685913,66.458328623,66.459340333
0.03691406,66.458201570,66.457083464
0.03696899,66.458035093,66.458860881
0.03702393,66.458895140,66.458909602
0.03707886,66.459789743,66.460793704
0.03713379,66.459673593,66.458573672
0.03718872,66.459518986,66.460341233
0.03724365,66.460368277,66.460375969
0.03729858,66.461251276,66.462247695
0.03735352,66.461145635,66.460063316
0.03740845,66.461002466,66.461821221
0.03746338,66.461841388,66.461842630
0.03751831,66.462713203,66.463702277
0.03757324,66.462617696,66.461552423
0.03762817,66.462485553,66.463300864
0.03768311,66.463314472,66.463309568
0.03773804,66.464175503,66.465157421
0.03779297,66.464089774,66.463041016
0.03784790,66.463968266,66.464780183
0.03790283,66.464787532,66.464776768
0.03795776,66.465638158,66.466613102
0.03801270,66.465561868,66.464529120
0.03806763,66.465450622,66.466259192
0.03812256,66.466260569,66.466244214
0.03817749,66.467101150,66.468069294
0.03823242,66.467033976,66.466016756
0.03828735,66.466932640,66.467737909
0.03834229,66.467733582,66.467711896
0.03839722,66.468564465,66.469525974
0.03845215,66.468506098,66.467503944
0.03850708,66.468414334,66.469216349
0.03856201,66.469206575,66.469179798
0.03861694,66.470028085,66.470983121
0.03867188,66.469978233,66.468990704
0.03872681,66.469895720,66.470694526
0.03878174,66.470679547,66.470647911
0.03883667,66.471491997,66.472440714
0.03889160,66.471450380,66.470477055
0.03894653,66.471376812,66.472172453
0.03900146,66.472152500,66.472116223
0.03905640,66.472956187,66.473898734
0.03911133,66.472922538,66.471963013
0.03916626,66.472857623,66.473650143
0.03922119,66.473625433,66.473584724
0.03927612,66.474420643,66.475357162
0.03933105,66.474394707,66.473448595
0.03938599,66.474338165,66.475127606
0.03944092,66.475098349,66.475053404
0.03949585,66.475885352,66.476815980
0.03955078,66.475866886,66.474933816
0.03960571,66.475818451,66.476604855
0.03966064,66.476571247,66.476522255
0.03971558,66.477350304,66.478275174
0.03977051,66.477339073,66.476418690
0.03982544,66.477298490,66.478081899
0.03988037,66.478044129,66.477991267
0.03993530,66.478815487,66.479734726
0.03999023,66.478811269,66.477903232
0.04004517,66.478778295,66.479558749
0.04010010,66.479516995,66.479460433
0.04015503,66.480280892,66.481194624
0.04020996,66.480283473,66.479387455
0.04026489,66.480257874,66.481035412
0.04031982,66.480989846,66.480929745
0.04037476,66.481746509,66.482654851
0.04042969,66.481755685,66.480871371
0.04048462,66.481737237,66.482511899
0.04053955,66.482462681,66.482399196
0.04059448,66.483212328,66.484115397
0.04064941,66.483227903,66.482354992
0.04070435,66.483216393,66.483988217
0.04075928,66.483935503,66.483868779
0.04081421,66.484678342,66.485576247
0.04086914,66.484700128,66.483838328
0.04092407,66.484695350,66.485464374
0.04097900,66.485408310,66.485338489
0.04103394,66.486144543,66.487037391
0.04108887,66.486172359,66.485321392
0.04114380,66.486174116,66.486940376
0.04119873,66.486881105,66.486808319
0.04125366,66.487610922,66.488498816
0.04130859,66.487644595,66.486804191
0.04136353,66.487652699,66.488416232
0.04141846,66.488353887,66.488278263
0.04147339,66.489077473,66.489960513
0.04152832,66.489116837,66.488286737
0.04158325,66.489131107,66.489891947
0.04163818,66.489826656,66.489748316
0.04169312,66.490544188,66.491422472
0.04174805,66.490589083,66.489769039
0.04180298,66.490609344,66.491367527
0.04185791,66.491299413,66.491218473
0.04191284,66.492011061,66.492884681
0.04196777,66.492061334,66.491251104
0.04202271,66.492087420,66.492842979
0.04207764,66.492772159,66.492688729
0.04213257,66.493478086,66.494347133
0.04218750,66.493533589,66.492732942
0.04224243,66.493565338,66.494318308
0.04229736,66.494244894,66.494159080
0.04235229,66.494945257,66.495809819
0.04240723,66.495005848,66.494214561
0.04246216,66.495043106,66.495793518
0.04251709,66.495717617,66.495629522
0.04257202,66.496412568,66.497272730
0.04262695,66.496478111,66.495695967
0.04268188,66.496520728,66.497268616
0.04273682,66.497190330,66.497100050
0.04279175,66.497880013,66.498735858
0.04284668,66.497950377,66.497177168
0.04290161,66.497998211,66.498743605
0.04295654,66.498663033,66.498570660
0.04301147,66.499347589,66.500199196
0.04306641,66.499422646,66.498658170
0.04312134,66.499475558,66.500218491
0.04317627,66.500135726,66.500041349
0.04323120,66.500815289,66.501662736
0.04328613,66.500894917,66.500138982
0.04334106,66.500952776,66.501693276
0.04339600,66.501608410,66.501512114
0.04345093,66.502283110,66.503126471
0.04350586,66.502367192,66.501619608
0.04356079,66.502429868,66.503167966
0.04361572,66.503081084,66.502982951
0.04367065,66.503751047,66.504590396
0.04372559,66.503839468,66.503100055
0.04378052,66.503906839,66.504642565
0.04383545,66.504553749,66.504453857
0.04389038,66.505219095,66.506054503
0.04394531,66.505311747,66.504580328
0.04400024,66.505383693,66.506117075
0.04405518,66.506026405,66.505924828
0.04411011,66.506687251,66.507518786
0.04416504,66.506784028,66.506060433
0.04421997,66.506860434,66.507591500
0.04427490,66.507499052,66.507395863
0.04432983,66.508155510,66.508983240
0.04438477,66.508256311,66.507540376
0.04443970,66.508337066,66.509065844
0.04449463,66.508971691,66.508866958
0.04454956,66.509623870,66.510447860
0.04460449,66.509728595,66.509020161
0.04465942,66.509813592,66.510540110
0.04471436,66.510444322,66.510338112
0.04476929,66.511092326,66.511912639
0.04482422,66.511200881,66.510499792
0.04487915,66.511290017,66.512014300
0.04493408,66.511916944,66.511809320
0.04498901,66.512560876,66.513377573
0.04504395,66.512673168,66.511979276
0.04509888,66.512766342,66.513488418
0.04515381,66.513389559,66.513280582
0.04520874,66.514029516,66.514842656
0.04526367,66.514145456,66.513458616
0.04531860,66.514242573,66.514962467
0.04537354,66.514862167,66.514751894
0.04542847,66.515498242,66.516307885
0.04548340,66.515617745,66.514937817
0.04553833,66.515718711,66.516436448
0.04559326,66.516334767,66.516223256
0.04564819,66.516967053,66.517773255
0.04570313,66.517090035,66.516416882
0.04575806,66.517194760,66.517910365
0.04581299,66.517807359,66.517694664
0.04586792,66.518435945,66.519238761
0.04592285,66.518562326,66.517895815
0.04597778,66.518670722,66.519384219
0.04603271,66.519279945,66.519166117
0.04608765,66.519904915,66.520704399
0.04614258,66.520034617,66.519374621
0.04619751,66.520146600,66.520858013
0.04625244,66.520752523,66.520637612
0.04630737,66.521373961,66.522170165
0.04636230,66.521506909,66.520853303
0.04641724,66.521622397,66.522331750
0.04647217,66.522225095,66.522109149
0.04652710,66.522843081,66.523636056
0.04658203,66.522979201,66.522331864
0.04663696,66.523098114,66.523805431
0.04669189,66.523697661,66.523580726
0.04674683,66.524312272,66.525102068
0.04680176,66.524451494,66.523810309
0.04685669,66.524573756,66.525279058
0.04691162,66.525170219,66.525052340
0.04696655,66.525781531,66.526568196
0.04702148,66.525923787,66.525288639
0.04707642,66.526049323,66.526752633
0.04713135,66.526642772,66.526523991
0.04718628,66.527250857,66.528034439
0.04724121,66.527396080,66.526766858
0.04729614,66.527524818,66.528226158
0.04735107,66.528115318,66.527995677
0.04740601,66.528720248,66.529500792
0.04746094,66.528868373,66.528244970
0.04751587,66.529000244,66.529699635
0.04757080,66.529587858,66.529467396
0.04762573,66.530189701,66.530967253
0.04768066,66.530340666,66.529722977
0.04773560,66.530475601,66.531173065
0.04779053,66.531060392,66.530939147
0.04784546,66.531659214,66.532433818
0.04790039,66.531812958,66.531200882
0.04795532,66.531950893,66.532646450
0.04801025,66.532532920,66.532410930
0.04806519,66.533128786,66.533900484
0.04812012,66.533285251,66.532678687
0.04817505,66.533426121,66.534119792
0.04822998,66.534005442,66.533882741
0.04828491,66.534598415,66.535367249
0.04833984,66.534757543,66.534156396
0.04839478,66.534901286,66.535593091
0.04844971,66.535477959,66.535354582
0.04850464,66.536068099,66.536834110
0.04855957,66.536229835,66.535634010
0.04861450,66.536376391,66.537066350
0.04866943,66.536950470,66.536826450
0.04872437,66.537537836,66.538301064
0.04877930,66.537702127,66.537111533
0.04883423,66.537851438,66.538539569
0.04888916,66.538422976,66.538298344
0.04894409,66.539007625,66.539768110
0.04899902,66.539174418,66.538588966
0.04905396,66.539326427,66.540012751
0.04910889,66.539895476,66.539770263
0.04916382,66.540477465,66.541235243
0.04921875,66.540646708,66.540066311
0.04927368,66.540801361,66.541485895
0.04932861,66.541367971,66.541242206
0.04938354,66.541947353,66.542702462
0.04943848,66.542118998,66.541543572
0.04949341,66.542276240,66.542959004
0.04954834,66.542840461,66.542714173
0.04960327,66.543417289,66.544169765
0.04965820,66.543591287,66.543020750
0.04971313,66.543751067,66.544432079
0.04976807,66.544312946,66.544186162
0.04982300,66.544887270,66.545637150
0.04987793,66.545063576,66.544497846
0.04993286,66.545225843,66.545905120
0.04998779,66.545785426,66.545658172
0.05004272,66.546357296,66.547104614
0.05009766,66.546535863,66.545974864
0.05015259,66.546700569,66.547378129
0.05020752,66.547257901,66.547130204
0.05026245,66.547827366,66.548572155
0.05031738,66.548008150,66.547451804
0.05037231,66.548175246,66.548851106
0.05042725,66.548730371,66.548602255
0.05048218,66.549297477,66.550039772
0.05053711,66.549480437,66.548928670
0.05059204,66.549649876,66.550324053
0.05064697,66.550202836,66.550074325
0.05070190,66.550767630,66.551507462
0.05075684,66.550952722,66.550405461
0.05081177,66.551124459,66.551796971
0.05086670,66.551675297,66.551546413
0.05092163,66.552237822,66.552975224
0.05097656,66.552425006,66.551882181
0.05103149,66.552598998,66.553269861
0.05108643,66.553147753,66.553018519
0.05114136,66.553708053,66.554443056
0.05119629,66.553897290,66.553358831
0.05125122,66.554073493,66.554742723
0.05130615,66.554620205,66.554490641
0.05136108,66.555178321,66.555910956
0.05141602,66.555369572,66.554835413
0.05147095,66.555547946,66.556215558
0.05152588,66.556092651,66.555962780
0.05158081,66.556648626,66.557378922
0.05163574,66.556841853,66.556311927
0.05169067,66.557022356,66.557688367
0.05174561,66.557565094,66.557434935
0.05180054,66.558118966,66.558846953
0.05185547,66.558314134,66.557788377
0.05191040,66.558496726,66.559161151
0.05196533,66.559037532,66.558907105
0.05202026,66.559589341,66.560315047
0.05207520,66.559786413,66.559264762
0.05213013,66.559971057,66.560633910
0.05218506,66.560509966,66.560379289
0.05223999,66.561059750,66.561783203
0.05229492,66.561258691,66.560741085
0.05234985,66.561445349,66.562106646
0.05240479,66.561982396,66.561851486
0.05245972,66.562530191,66.563251419
0.05251465,66.562730968,66.562217346
0.05256958,66.562919602,66.563579359
0.05262451,66.563454821,66.563323697
0.05267944,66.564000664,66.564719694
0.05273438,66.564203243,66.563693548
0.05278931,66.564393820,66.565052049
0.05284424,66.564927242,66.564795921
0.05289917,66.565471168,66.566188026
0.05295410,66.565675518,66.565169692
0.05300903,66.565868001,66.566524718
0.05306396,66.566399660,66.566268157
0.05311890,66.566941702,66.567656415
0.05317383,66.567147791,66.566645778
0.05322876,66.567342147,66.567997366
0.05328369,66.567872073,66.567740405
0.05333862,66.568412265,66.569124858
0.05339355,66.568620063,66.568121808
0.05344849,66.568816258,66.569469993
0.05350342,66.569344482,66.569212664
0.05355835,66.569882857,66.570593355
0.05361328,66.570092334,66.569597783
0.05366821,66.570290336,66.570942601
0.05372314,66.570816887,66.570684934
0.05377808,66.571353477,66.572061903
0.05383301,66.571564603,66.571073705
0.05388794,66.571764382,66.572415189
0.05394287,66.572289289,66.572157214
0.05399780,66.572824124,66.573530503
0.05405273,66.573036871,66.572549574
0.05410767,66.573238395,66.573887759
0.05416260,66.573761687,66.573629504
0.05421753,66.574294797,66.574999153
0.05427246,66.574509138,66.574025392
0.05432739,66.574712377,66.575360309
0.05438232,66.575234080,66.575101804
0.05443726,66.575765496,66.576467851
0.05449219,66.575981402,66.575501158
0.05454712,66.576186326,66.576832840
0.05460205,66.576706465,66.576574107
0.05465698,66.577236211,66.577936587
0.05471191,66.577453651,66.576976857
0.05476685,66.577660221,66.578305323
0.05482178,66.578178807,66.578046369
0.05487671,66.578706884,66.579405286
0.05493164,66.578925787,66.578452371
0.05498657,66.579133906,66.579777569
0.05504150,66.579650856,66.579518288
0.05509644,66.580177126,66.580873482
0.05515137,66.580397222,66.579926997
0.05520630,66.580606500,66.581248532
0.05526123,66.581121319,66.580988341
0.05531616,66.581645077,66.582338998
0.05537109,66.581865326,66.581397683
0.05542603,66.582074362,66.582714013
0.05548096,66.582585246,66.582450862
0.05553589,66.583104135,66.583794338
0.05559082,66.583321472,66.582854713
0.05564575,66.583526441,66.584161670
0.05570068,66.584028766,66.583890494
0.05575562,66.584537252,66.585220797
0.05581055,66.584745149,66.584275793
0.05586548,66.584938590,66.585565510
0.05592041,66.585424085,66.585277621
0.05597534,66.585913167,66.586585424
0.05603027,66.586102045,66.585625176
0.05608521,66.586274103,66.586887769
0.05614014,66.586732995,66.586573475
0.05619507,66.587193285,66.587849659
0.05625000,66.587354451,66.586865855
0.05630493,66.587497526,66.588094392
0.05635986,66.587923675,66.587748319
0.05641479,66.588350708,66.588989315
0.05646973,66.588481507,66.587980197
0.05652466,66.588594886,66.589175005
0.05657959,66.588989562,66.588799382
0.05663452,66.589386441,66.590009190
0.05668945,66.589491567,66.588980175
0.05674438,66.589581324,66.590148010
0.05679932,66.589951711,66.589750491
0.05685425,66.590326354,66.590937338
0.05690918,66.590414080,66.589896770
0.05696411,66.590488561,66.591046009
0.05701904,66.590842850,66.590634628
0.05707397,66.591203015,66.591806026
0.05712891,66.591280450,66.590760622
0.05718384,66.591346039,66.591897315
0.05723877,66.591689865,66.591477302
0.05729370,66.592040386,66.592637689
0.05734863,66.592111536,66.591591015
0.05740356,66.592171505,66.592718127
0.05745850,66.592507521,66.592291815
0.05751343,66.592850470,66.593442998
0.05756836,66.592916870,66.592396304
0.05762329,66.592972340,66.593514812
0.05767822,66.593301370,66.593082871
0.05773315,66.593637306,66.594225298
0.05778809,66.593699267,66.593178747
0.05784302,66.593750386,66.594288775
0.05789795,66.594072499,66.593851217
0.05795288,66.594401401,66.594984839
0.05800781,66.594458798,66.593938224
0.05806274,66.594505392,66.595039625
0.05811768,66.594820420,66.594596265
0.05817261,66.595142097,66.595720888
0.05822754,66.595194683,66.594673903
0.05828247,66.595236491,66.595766454
0.05833740,66.595544201,66.595317052
0.05839233,66.595858414,66.596432443
0.05844727,66.595905905,66.595384752
0.05850220,66.595942639,66.596468205
0.05855713,66.596242773,66.596012498
0.05861206,66.596549261,66.597118406
0.05866699,66.596591358,66.596069655
0.05872192,66.596622709,66.597143744
0.05877686,66.596914993,66.596681454
0.05883179,66.597213480,66.597777607
0.05888672,66.597249864,66.596727428
0.05894165,66.597275510,66.597791871
0.05899658,66.597559653,66.597322700
0.05905151,66.597849844,66.598408811
0.05910645,66.597880180,66.597356820
0.05916138,66.597899781,66.598411315
0.05921631,66.598175472,66.597934949
0.05927124,66.598457054,66.599010710
0.05932617,66.598480990,66.597956504
0.05938110,66.598494186,66.599000732
0.05943604,66.598761096,66.598516834
0.05949097,66.599033735,66.599581920
0.05954590,66.599050898,66.598525076
0.05960083,66.599057311,66.599558696
0.05965576,66.599315090,66.599066911
0.05971069,66.599578430,66.600120972
0.05976563,66.599588428,66.599061050
0.05982056,66.599587656,66.600083697
0.05987549,66.599835931,66.599583646
0.05993042,66.600089596,66.600626310
0.05998535,66.600092011,66.599562846
0.06004028,66.600083632,66.600574133
0.06009521,66.600322005,66.600065411
0.06015015,66.600565592,66.601096284
0.06020508,66.600559984,66.600028789
0.06026001,66.600543550,66.601028303
0.06031494,66.600771599,66.600510482
0.06036987,66.601004679,66.601529138
0.06042480,66.600990582,66.600457100
0.06047974,66.600965618,66.601444401
0.06053467,66.601182890,66.600917022
0.06058960,66.601405007,66.601923011
0.06064453,66.601381926,66.600845888
0.06069946,66.601347929,66.601820506
0.06075439,66.601553945,66.601283080
0.06080933,66.601764610,66.602275920
0.06086426,66.601732020,66.601193141
0.06091919,66.601688455,66.602154574
0.06097412,66.601882702,66.601606582
0.06102905,66.602081396,66.602585755
0.06108398,66.602038738,66.601496718
0.06113892,66.601985038,66.602444429
0.06119385,66.602166969,66.601885315
0.06124878,66.602353136,66.602850272
0.06130371,66.602299818,66.601754337
0.06135864,66.602235378,66.602687753
0.06141357,66.602404408,66.602116924
0.06146851,66.602577455,66.603067075
0.06152344,66.602512844,66.601963566
0.06157837,66.602437023,66.602882074
0.06163330,66.602592526,66.602298896
0.06168823,66.602751819,66.603233608
0.06174316,66.602675242,66.602121809
0.06179810,66.602587354,66.603024753
0.06185303,66.602728662,66.602428547
0.06190796,66.602873521,66.603347146
0.06196289,66.602784262,66.602226293
0.06201782,66.602683576,66.603112969
0.06207275,66.602809974,66.602503011
0.06212769,66.602939672,66.603404771
0.06218262,66.602836963,66.602274054
0.06223755,66.602722700,66.603143710
0.06229248,66.602833421,66.602519222
0.06234741,66.602947178,66.603403366
0.06240234,66.602830202,66.602261922
0.06245728,66.602701527,66.603113750
0.06251221,66.602795749,66.602473899
0.06256714,66.602892731,66.603339591
0.06262207,66.602760610,66.602186501
0.06267700,66.602616631,66.603019632
0.06273193,66.602693472,66.602363524
0.06278687,66.602772781,66.603209870
0.06284180,66.602624578,66.602044151
0.06289673,66.602464341,66.602857653
0.06295166,66.602522853,66.602184328
0.06300659,66.602583526,66.603010363
0.06306152,66.602418235,66.601830965
0.06311646,66.602240715,66.602623836
0.06317139,66.602279880,66.601932263
0.06322632,66.602320880,66.602736948
0.06328125,66.602137422,66.601542748
0.06333618,66.601941518,66.602313909
0.06339111,66.601960241,66.601602978
0.06344604,66.601980453,66.602385197
0.06350098,66.601777667,66.601174989
0.06355591,66.601562198,66.601923277
0.06361084,66.601559298,66.601191793
0.06366577,66.601557522,66.601950342
0.06372070,66.601334161,66.600722834
0.06377563,66.601097855,66.601446994
0.06383057,66.601072060,66.600693669
0.06388550,66.601046998,66.601427247
0.06394043,66.600801719,66.600181049
0.06399536,66.600543206,66.600879730
0.06405029,66.600493143,66.600103173
0.06410522,66.600443397,66.600810375
0.06416016,66.600174751,66.599543993
0.06421509,66.599892554,66.600215730
0.06427002,66.599816739,66.599414439
0.06432495,66.599740796,66.600093747
0.06437988,66.599447218,66.598805569
0.06443481,66.599139742,66.599448780
0.06448975,66.599036570,66.598621130
0.06454468,66.598932795,66.599270900
0.06459961,66.598612595,66.597959186
0.06465454,66.598278113,66.598572158
0.06470947,66.598145847,66.597716389
0.06476440,66.598012466,66.598334838
0.06481934,66.597663815,66.596997709
0.06487427,66.597300461,66.597578582
0.06492920,66.597137215,66.596692787
0.06498413,66.596972307,66.597277980
0.06503906,66.596593220,66.595913403
0.06509399,66.596198969,66.596460158
0.06514893,66.596002698,66.595542266
0.06520386,66.595804173,66.596092102
0.06525879,66.595392499,66.594697870
0.06531372,66.594965151,66.595208314
0.06536865,66.594733631,66.594256073
0.06542358,66.594499219,66.594768263
0.06547852,66.594052618,66.593341984
0.06553345,66.593589784,66.593813727
0.06558838,66.593320594,66.592824685
0.06564331,66.593047822,66.593296739
0.06569824,66.592563747,66.591835809
0.06575317,66.592062825,66.592266247
0.06580811,66.591753324,66.591237733
0.06586304,66.591439495,66.591666932
0.06591797,66.590915170,66.590168515
0.06597290,66.590373322,66.590554805
0.06602783,66.590020630,66.589483901
0.06608276,66.589662799,66.589867274
0.06613770,66.589095193,66.588328278
0.06619263,66.588509320,66.588667311
0.06624756,66.588110285,66.587550826
0.06630249,66.587705230,66.587885122
0.06635742,66.587091029,66.586302168
0.06641235,66.586457738,66.586590538
0.06646729,66.586008911,66.585424980
0.06652222,66.585553101,66.585706636
0.06657715,66.584888675,66.584076023
0.06663208,66.584204251,66.584309997
0.06668701,66.583701846,66.583091530
0.06674194,66.583191408,66.583316636
0.06679688,66.582472771,66.581634305
0.06685181,66.581733135,66.581809779
0.06690674,66.581172993,66.580534193
0.06696167,66.580603669,66.580698445
0.06701660,66.579826442,66.578959938
0.06707153,66.579027106,66.579072396
0.06712646,66.578404650,66.577735052
0.06718140,66.577771749,66.577833711
0.06723633,66.576931109,66.576034120
0.06729126,66.576067131,66.576078581
0.06734619,66.575377311,66.574674364
0.06740112,66.574675657,66.574702198
0.06745605,66.573766282,66.572836108
0.06751099,66.572832203,66.572807070
0.06756592,66.572069441,66.571330327
0.06762085,66.571293314,66.571281549
0.06767578,66.570309318,66.569342975
0.06773071,66.569299102,66.569234346
0.06778564,66.568457220,66.567678816
0.06784058,66.567600282,66.567547016
0.06789551,66.566535144,66.565529326
0.06795044,66.565442097,66.565334350
0.06800537,66.564514242,66.563693086
0.06806030,66.563569458,66.563471141
0.06811523,66.562415938,66.561366976
0.06817017,66.561232624,66.561078139
0.06822510,66.560211175,66.559343414
0.06828003,66.559170716,66.559023399
0.06833496,66.557920755,66.556824565
0.06838989,66.556638894,66.556433497
0.06844482,66.555515357,66.554596698
0.06849976,66.554370494,66.554169769
0.06855469,66.553015102,66.551867130
0.06860962,66.551625451,66.551364481
0.06866455,66.550390337,66.549415981
0.06871948,66.549131311,66.548872250
0.06877441,66.547660435,66.546455586
0.06882935,66.546152648,66.545830887
0.06888428,66.544795331,66.543759904
0.06893921,66.543411205,66.543088284
0.06899414,66.541813571,66.540546135
0.06904907,66.540176046,66.539787634
0.06910400,66.538684590,66.537582055
0.06915894,66.537163074,66.536770084
0.06921387,66.535426010,66.534089566
0.06926880,66.533645688,66.533184033
0.06932373,66.532006657,66.530830215
0.06937866,66.530333903,66.529863842
0.06943359,66.528443119,66.527030428
0.06948853,66.526505269,66.525962927
0.06954346,66.524703487,66.523445458
0.06959839,66.522863845,66.522308798
0.06965332,66.520803182,66.519306056
0.06970825,66.518691133,66.518059676
0.06976318,66.516709410,66.515361094
0.06981812,66.514685139,66.514036132
0.06987305,66.512436267,66.510845418
0.06992798,66.510131093,66.509400950
0.06998291,66.507949896,66.506501402
0.07003784,66.505720818,66.504967641
0.07009277,66.503262877,66.501567731
0.07014771,66.500743017,66.499903282
0.07020264,66.498340077,66.496780125
0.07025757,66.495883168,66.495014163
0.07031250,66.493192332,66.491380813
0.07036743,66.490433144,66.489471341
0.07042236,66.487782978,66.486098657
0.07047729,66.485071867,66.484073680
0.07053223,66.482120828,66.480179088
0.07058716,66.479094037,66.477995850
0.07064209,66.476167378,66.474343856
0.07069702,66.473171751,66.472029022
0.07075195,66.469929085,66.467841187
0.07080688,66.466602124,66.465351054
0.07086182,66.463365227,66.461385393
0.07091675,66.460050091,66.458745083
0.07097168,66.456479492,66.454227016
0.07102661,66.452814694,66.451391648
0.07108154,66.449228482,66.447072518
0.07113647,66.445553276,66.444065421
0.07119141,66.441612614,66.439174180
0.07124634,66.437566221,66.435949009
0.07130127,66.433585247,66.431230090
0.07135620,66.429502739,66.427808072
0.07141113,66.425142899,66.422493573
0.07146606,66.420663840,66.418826549
0.07152100,66.416234990,66.413653680
0.07157593,66.411689915,66.409760387
0.07163086,66.406853364,66.403963924
0.07168579,66.401881731,66.399793951
0.07174072,66.396942625,66.394103479
0.07179565,66.391869988,66.389672590
0.07185059,66.386488970,66.383324989
0.07190552,66.380954123,66.378579972
0.07196045,66.375431093,66.372296678
0.07201538,66.369754033,66.367249710
0.07207031,66.363748313,66.360269002
0.07212524,66.357566475,66.354863376
0.07218018,66.351372027,66.347897859
0.07223511,66.344999118,66.342141386
0.07229004,66.338273110,66.334429850
0.07234497,66.331344320,66.328261440
0.07239990,66.324373888,66.320506773
0.07245483,66.317195687,66.313928870
0.07250977,66.309634786,66.305369251
0.07256470,66.301838991,66.298315239
0.07261963,66.293966773,66.289642674
0.07267456,66.285851384,66.282108335
0.07272949,66.277317226,66.272558952
0.07278442,66.268509223,66.264470656
0.07283936,66.259582778,66.254724043
0.07289429,66.250370070,66.246069213
0.07294922,66.240694354,66.235357573
0.07300415,66.230697177,66.226053613
0.07305908,66.220530344,66.215042075
0.07311401,66.210024367,66.205065801
0.07316895,66.199000717,66.192980179
0.07322388,66.187596902,66.182237429
0.07327881,66.175960416,66.169725649
0.07333374,66.163919315,66.158179629
0.07338867,66.151292429,66.144457822
0.07344360,66.138212333,66.131999306
0.07349854,66.124821240,66.117694471
0.07355347,66.110943680,66.104268978
0.07360840,66.096394687,66.088583107
0.07366333,66.081300670,66.074061571
0.07371826,66.065797229,66.057595614
0.07377319,66.049703897,66.041900265
0.07382813,66.032830317,66.023835939
0.07388306,66.015295021,66.006811260
0.07393799,65.997225131,65.987716328
0.07399292,65.978433133,65.969253435
0.07404785,65.958721042,65.948280763
0.07410278,65.938197093,65.928188377
0.07415771,65.916977288,65.905862421
0.07421265,65.894864148,65.883989432
0.07426758,65.871648869,65.859421992
0.07432251,65.847425908,65.835528022
0.07437744,65.822296325,65.809185658
0.07443237,65.796048453,65.783061287
0.07448730,65.768458016,65.753996988
0.07454224,65.739600588,65.725333236
0.07459717,65.709556650,65.693934195
0.07465210,65.678094092,65.662439565
0.07470703,65.644966242,65.627673612
0.07476196,65.610222131,65.592941371
0.07481689,65.573913152,65.555084030
0.07487183,65.535777268,65.516704642
0.07492676,65.495534837,65.474598492
0.07498169,65.453196569,65.432022805
0.07503662,65.408771599,65.385781838
0.07509155,65.361953178,65.338426416
0.07514648,65.312412110,65.286705274
0.07520142,65.260102149,65.233808161
0.07525635,65.204969170,65.176480112
0.07531128,65.146637983,65.117194595
0.07536621,65.084702985,65.052625267
0.07542114,65.019030543,64.985862130
0.07547607,64.949468688,64.913554177
0.07553101,64.875534372,64.838055582
0.07558594,64.796700577,64.755916946
0.07564087,64.712694793,64.670073643
0.07569580,64.623208129,64.577015487
0.07575073,64.527581709,64.478904722
0.07580566,64.425088723,64.372084974
0.07586060,64.315227206,64.259239983
0.07591553,64.197426363,64.136587720
0.07597046,64.070729508,64.005967525
0.07602539,63.934067970,63.863363287
0.07608032,63.786544497,63.711028695
0.07613525,63.627132394,63.544700861
0.07619019,63.454349733,63.365651061
0.07624512,63.266518978,63.169215378
0.07630005,63.062033771,62.956878802
0.07635498,62.839042441,62.723499151
0.07640991,62.595103861,62.469311329
0.07646484,62.327422028,62.188454006
0.07651978,62.033084582,61.881000642
0.07657471,61.708718628,61.540181388
0.07662964,61.350116668,61.164329921
0.07668457,60.952436632,60.745397829
0.07673950,60.510406802,60.280929911
0.07679443,60.017955894,59.761290168
0.07684937,59.467822482,59.181571339
0.07690430,58.851750596,58.530136448
0.07695923,58.160714025,57.800604112
0.07701416,57.384603131,56.979177119
0.07706909,56.511936278,56.056652562
0.07712402,55.530210643,55.017171673
0.07717896,54.426348801,53.850440038
0.07723389,53.186685627,52.539421544
0.07728882,51.797055858,51.072736510
0.07734375,50.243586618,49.433908439
0.07739868,48.513636863,47.614075773
0.07745361,46.596301177,45.600233162
0.07750854,44.482991044,43.388076273
0.07756348,42.168638803,40.971631366
0.07761841,39.652906064,38.356128981
0.07767334,36.940752709,35.546220656
0.07772827,34.042818423,32.558454147
0.07778320,30.976117561,29.410256096
0.07783813,27.764417878,26.131791062
0.07789307,24.437682364,22.752932984
0.07794800,21.031080479,19.314235396
0.07800293,17.584160919,15.854360902
0.07805786,14.139684748,12.420385878
0.07811279,10.741644606,9.053465150
0.07816772,7.433117274,5.798777571
0.07822266,4.254665447,2.692426948
0.07827759,1.242883426,-0.228305679
0.07833252,-1.571339886,-2.938756435
0.07838745,-4.164208154,-5.415946104
0.07844238,-6.519409466,-7.650241498
0.07849731,-8.628029134,-9.633442183
0.07855225,-8.961670000,-9.843867889
0.07860718,-9.025839927,-9.895817996
0.07866211,-9.051126606,-9.931829462
0.07871704,-9.064307804,-9.934559019
0.07877197,-9.072749438,-9.904455183
0.07882690,-9.078415458,-9.916444131
0.07888184,-9.082555085,-9.892639625
0.07893677,-9.085715814,-9.885509117
0.07899170,-9.088183544,-9.878983721
0.07904663,-9.090186458,-9.863569099
0.07910156,-9.091829774,-9.857929746
0.07915649,-9.093206121,-9.844751558
0.07921143,-9.094381774,-9.833966805
0.07926636,-9.095383063,-9.827369131
0.07932129,-9.096267718,-9.809680854
0.07937622,-9.097028118,-9.811072209
0.07943115,-9.097719184,-9.786615576
0.07948608,-9.098316239,-9.795698365
0.07954102,-9.098871508,-9.765269724
0.07959595,-9.099352818,-9.780716088
0.07965088,-9.099809089,-9.745513786
0.07970581,-9.100205459,-9.766180125
0.07976074,-9.100587344,-9.727213864
0.07981567,-9.100919609,-9.752216932
0.07987061,-9.101244198,-9.710313464
0.07992554,-9.101526934,-9.738913607
0.07998047,-9.101806452,-9.694735017
0.08003540,-9.102050115,-9.726297978
0.08009033,-9.102293514,-9.680300937
0.08014526,-9.102505803,-9.714303290
0.08020020,-9.102719787,-9.666873092
0.08025513,-9.102906503,-9.702865216
0.08031006,-9.103096203,-9.654355094
0.08036499,-9.103261802,-9.691943799
0.08041992,-9.103431215,-9.642670595
0.08047485,-9.103579177,-9.681517253
0.08052979,-9.103731468,-9.631757438
0.08058472,-9.103864550,-9.671572352
0.08063965,-9.104002251,-9.621557262
0.08069458,-9.104122661,-9.662076915
0.08074951,-9.104247823,-9.611999853
0.08080444,-9.104357347,-9.652996716
0.08085937,-9.104471651,-9.603014916
0.08091431,-9.104571753,-9.644302650
0.08096924,-9.104676589,-9.594541454
0.08102417,-9.104768475,-9.635972001
0.08107910,-9.104865006,-9.586529654
0.08113403,-9.104949685,-9.627986847
0.08118896,-9.105038888,-9.578939873
0.08124390,-9.105117210,-9.620332675
0.08129883,-9.105199916,-9.571740016
0.08135376,-9.105272599,-9.612996470
0.08140869,-9.105349516,-9.564898871
0.08146362,-9.105417174,-9.605962274
0.08151855,-9.105488911,-9.558386272
0.08157349,-9.105552069,-9.599211680
0.08162842,-9.105619150,-9.552174547
0.08168335,-9.105678262,-9.592725986
0.08173828,-9.105741143,-9.546239377
0.08179321,-9.105796603,-9.586487852
0.08184814,-9.105855680,-9.540559937
0.08190308,-9.105907831,-9.580482065
0.08195801,-9.105963454,-9.535118598
0.08201294,-9.106012597,-9.574695624
0.08206787,-9.106065070,-9.529900360
0.08212280,-9.106111472,-9.569116491
0.08217773,-9.106161066,-9.524891466
0.08223267,-9.106204960,-9.563733074
0.08228760,-9.106251916,-9.520078719
0.08234253,-9.106293511,-9.558534257
0.08239746,-9.106338042,-9.515449449
0.08245239,-9.106377522,-9.553509622
0.08250732,-9.106419819,-9.510991767
0.08256226,-9.106457351,-9.548649631
0.08261719,-9.106497584,-9.506694794
0.08267212,-9.106533316,-9.543945710
0.08272705,-9.106571640,-9.502548782
0.08278198,-9.106605705,-9.539390239
0.08283691,-9.106642258,-9.498545107
0.08289185,-9.106674777,-9.534976457
0.08294678,-9.106709685,-9.494675954
0.08300171,-9.106740765,-9.530698140
0.08305664,-9.106774142,-9.490934038
0.08311157,-9.106803883,-9.526549327
0.08316650,-9.106835831,-9.487312472
0.08322144,-9.106864323,-9.522524194
0.08327637,-9.106894937,-9.483804754
0.08333130,-9.106922260,-9.518617063
0.08338623,-9.106951626,-9.480404791
0.08344116,-9.106977856,-9.514822475
0.08349609,-9.107006052,-9.477106951
0.08355103,-9.107031256,-9.511135268
0.08360596,-9.107058355,-9.473906076
0.08366089,-9.107082596,-9.507550635
0.08371582,-9.107108663,-9.470797491
0.08377075,-9.107131999,-9.504064154
0.08382568,-9.107157095,-9.467776980
0.08388062,-9.107179578,-9.500671784
0.08393555,-9.107203759,-9.464840747
0.08399048,-9.107225438,-9.497369791
0.08404541,-9.107248756,-9.461985319
0.08410034,-9.107269677,-9.494154651
0.08415527,-9.107292179,-9.459207432
0.08421021,-9.107312382,-9.491022978
0.08426514,-9.107334114,-9.456503951
0.08432007,-9.107353639,-9.487971488
0.08437500,-9.107374641,-9.453871822
0.08442993,-9.107393523,-9.484996997
0.08448486,-9.107413833,-9.451308076
0.08453979,-9.107432105,-9.482096437
0.08459473,-9.107451760,-9.448809846
0.08464966,-9.107469454,-9.479266872
0.08470459,-9.107488485,-9.446374387
0.08475952,-9.107505629,-9.476505527
0.08481445,-9.107524068,-9.443999106
0.08486938,-9.107540690,-9.473809793
0.08492432,-9.107558566,-9.441681575
0.08497925,-9.107574690,-9.471177238
0.08503418,-9.107592029,-9.439419527
0.08508911,-9.107607679,-9.468605592
0.08514404,-9.107624507,-9.437210832
0.08519897,-9.107639705,-9.466092718
0.08525391,-9.107656046,-9.435053473
0.08530884,-9.107670812,-9.463636583
0.08536377,-9.107686687,-9.432945521
0.08541870,-9.107701042,-9.461235229
0.08547363,-9.107716472,-9.430885127
0.08552856,-9.107730433,-9.458886764
0.08558350,-9.107745438,-9.428870513
0.08563843,-9.107759022,-9.456589355
0.08569336,-9.107773621,-9.426899977
0.08574829,-9.107786844,-9.454341231
0.08580322,-9.107801053,-9.424971893
0.08585815,-9.107813932,-9.452140690
0.08591309,-9.107827768,-9.423084721
0.08596802,-9.107840315,-9.449986107
0.08602295,-9.107853793,-9.421237007
0.08607788,-9.107866023,-9.447875939
0.08613281,-9.107879158,-9.419427390
0.08618774,-9.107891083,-9.445808726
0.08624268,-9.107903889,-9.417654593
0.08629761,-9.107915521,-9.443783098
0.08635254,-9.107928011,-9.415917421
0.08640747,-9.107939362,-9.441797756
0.08646240,-9.107951548,-9.414214745
0.08651733,-9.107962628,-9.439851471
0.08657227,-9.107974521,-9.412545489
0.08662720,-9.107985341,-9.437943063
0.08668213,-9.107996954,-9.410908624
0.08673706,-9.108007523,-9.436071399
0.08679199,-9.108018865,-9.409303156
0.08684692,-9.108029193,-9.434235380
0.08690186,-9.108040274,-9.407728124
0.08695679,-9.108050370,-9.432433942
0.08701172,-9.108061200,-9.406182600
0.08706665,-9.108071071,-9.430666054
0.08712158,-9.108081659,-9.404665688
0.08717651,-9.108091314,-9.428930719
0.08723145,-9.108101668,-9.403176526
0.08728638,-9.108111115,-9.427226974
0.08734131,-9.108121243,-9.401714288
0.08739624,-9.108130488,-9.425553898
0.08745117,-9.108140399,-9.400278187
0.08750610,-9.108149450,-9.423910609
0.08756104,-9.108159151,-9.398867475
0.08761597,-9.108168013,-9.422296264
0.08767090,-9.108177511,-9.397481440
0.08772583,-9.108186191,-9.420710058
0.08778076,-9.108195492,-9.396119404
0.08783569,-9.108203997,-9.419151219
0.08789062,-9.108213108,-9.394780721
0.08794556,-9.108221443,-9.417619005
0.08800049,-9.108230370,-9.393464767
0.08805542,-9.108238541,-9.416112700
0.08811035,-9.108247290,-9.392170942
0.08816528,-9.108255301,-9.414631613
0.08822021,-9.108263878,-9.390898663
0.08827515,-9.108271734,-9.413175071
0.08833008,-9.108280144,-9.389647363
0.08838501,-9.108287851,-9.411742425
0.08843994,-9.108296099,-9.388416491
0.08849487,-9.108303660,-9.410333046
0.08854980,-9.108311752,-9.387205514
0.08860474,-9.108319173,-9.408946324
0.08865967,-9.108327113,-9.386013913
0.08871460,-9.108334397,-9.407581672
0.08876953,-9.108342189,-9.384841186
0.08882446,-9.108349341,-9.406238525
0.08887939,-9.108356990,-9.383686853
0.08893433,-9.108364013,-9.404916342
0.08898926,-9.108371523,-9.382550448
0.08904419,-9.108378421,-9.403614601
0.08909912,-9.108385796,-9.381431529
0.08915405,-9.108392573,-9.402332805
0.08920898,-9.108399817,-9.380329670
0.08926392,-9.108406476,-9.401070476
0.08931885,-9.108413593,-9.379244461
0.08937378,-9.108420137,-9.399827154
0.08942871,-9.108427131,-9.378175512
0.08948364,-9.108433563,-9.398602396
0.08953857,-9.108440436,-9.377122441
0.08959351,-9.108446761,-9.397395774
0.08964844,-9.108453517,-9.376084883
0.08970337,-9.108459736,-9.396206871
0.08975830,-9.108466378,-9.375062479
0.08981323,-9.108472494,-9.395035284
0.08986816,-9.108479025,-9.374054883
0.08992310,-9.108485042,-9.393880619
0.08997803,-9.108491465,-9.373061756
0.09003296,-9.108497385,-9.392742494
0.09008789,-9.108503703,-9.372082767
0.09014282,-9.108509528,-9.391620536
0.09019775,-9.108515744,-9.371117595
0.09025269,-9.108521477,-9.390514383
0.09030762,-9.108527593,-9.370165928
0.09036255,-9.108533236,-9.389423686
0.09041748,-9.108539256,-9.369227463
0.09047241,-9.108544810,-9.388348103
0.09052734,-9.108550736,-9.368301905
0.09058228,-9.108556205,-9.387287305
0.09063721,-9.108562038,-9.367388970
0.09069214,-9.108567424,-9.386240975
0.09074707,-9.108573167,-9.366488385
0.09080200,-9.108578472,-9.385208803
0.09085693,-9.108584127,-9.365599882
0.09091187,-9.108589353,-9.384190491
0.09096680,-9.108594923,-9.364723206
0.09102173,-9.108600071,-9.383185749
0.09107666,-9.108605558,-9.363858105
0.09113159,-9.108610630,-9.382194294
0.09118652,-9.108616035,-9.363004339
0.09124146,-9.108621034,-9.381215854
0.09129639,-9.108626360,-9.362161671
0.09135132,-9.108631287,-9.380250160
0.09140625,-9.108636535,-9.361329871
0.09146118,-9.108641392,-9.379296953
0.09151611,-9.108646564,-9.360508716
0.09157104,-9.108651352,-9.378355977
0.09162598,-9.108656450,-9.359697985
0.09168091,-9.108661171,-9.377426985
0.09173584,-9.108666197,-9.358897466
0.09179077,-9.108670852,-9.376509736
0.09184570,-9.108675807,-9.358106951
0.09190063,-9.108680398,-9.375603993
0.09195557,-9.108685284,-9.357326237
0.09201050,-9.108689813,-9.374709529
0.09206543,-9.108694631,-9.356555129
0.09212036,-9.108699098,-9.373826121
0.09217529,-9.108703851,-9.355793434
0.09223022,-9.108708258,-9.372953553
0.09228516,-9.108712946,-9.355040970
0.09234009,-9.108717295,-9.372091616
0.09239502,-9.108721919,-9.354297556
0.09244995,-9.108726210,-9.371240108
0.09250488,-9.108730773,-9.353563019
0.09255981,-9.108735008,-9.370398833
0.09261475,-9.108739511,-9.352837192
0.09266968,-9.108743691,-9.369567598
0.09272461,-9.108748134,-9.352119913
0.09277954,-9.108752260,-9.368746220
0.09283447,-9.108756646,-9.351411024
0.09288940,-9.108760719,-9.367934518
0.09294434,-9.108765048,-9.350710370
0.09299927,-9.108769070,-9.367132316
0.09305420,-9.108773343,-9.350017804
0.09310913,-9.108777314,-9.366339442
0.09316406,-9.108781533,-9.349333179
0.09321899,-9.108785455,-9.365555731
0.09327393,-9.108789620,-9.348656353
0.09332886,-9.108793494,-9.364781016
0.09338379,-9.108797607,-9.347987186
0.09343872,-9.108801433,-9.364015140
0.09349365,-9.108805495,-9.347325544
0.09354858,-9.108809274,-9.363257946
0.09360352,-9.108813286,-9.346671293
0.09365845,-9.108817020,-9.362509280
0.09371338,-9.108820983,-9.346024303
0.09376831,-9.108824672,-9.361768994
0.09382324,-9.108828587,-9.345384447
0.09387817,-9.108832232,-9.361036941
0.09393311,-9.108836099,-9.344751601
0.09398804,-9.108839701,-9.360312980
0.09404297,-9.108843522,-9.344125645
0.09409790,-9.108847082,-9.359596972
0.09415283,-9.108850858,-9.343506461
0.09420776,-9.108854376,-9.358888781
0.09426270,-9.108858108,-9.342893933
0.09431763,-9.108861586,-9.358188277
0.09437256,-9.108865273,-9.342287950
0.09442749,-9.108868711,-9.357495330
0.09448242,-9.108872356,-9.341688403
0.09453735,-9.108875755,-9.356809817
0.09459229,-9.108879358,-9.341095186
0.09464722,-9.108882718,-9.356131614
0.09470215,-9.108886280,-9.340508194
0.09475708,-9.108889602,-9.355460602
0.09481201,-9.108893123,-9.339927326
0.09486694,-9.108896409,-9.354796666
0.09492188,-9.108899891,-9.339352483
0.09497681,-9.108903140,-9.354139690
0.09503174,-9.108906582,-9.338783567
0.09508667,-9.108909796,-9.353489564
0.09514160,-9.108913200,-9.338220482
0.09519653,-9.108916379,-9.352846178
0.09525146,-9.108919745,-9.337663137
0.09530640,-9.108922889,-9.352209425
0.09536133,-9.108926219,-9.337111438
0.09541626,-9.108929329,-9.351579199
0.09547119,-9.108932622,-9.336565296
0.09552612,-9.108935700,-9.350955397
0.09558105,-9.108938957,-9.336024623
0.09563599,-9.108942002,-9.350337918
0.09569092,-9.108945224,-9.335489334
0.09574585,-9.108948237,-9.349726663
0.09580078,-9.108951425,-9.334959343
0.09585571,-9.108954406,-9.349121535
0.09591064,-9.108957560,-9.334434569
0.09596558,-9.108960510,-9.348522440
0.09602051,-9.108963631,-9.333914930
0.09607544,-9.108966551,-9.347929283
0.09613037,-9.108969639,-9.333400350
0.09618530,-9.108972529,-9.347341975
0.09624023,-9.108975585,-9.332890750
0.09629517,-9.108978445,-9.346760427
0.09635010,-9.108981470,-9.332386056
0.09640503,-9.108984301,-9.346184552
0.09645996,-9.108987295,-9.331886195
0.09651489,-9.108990098,-9.345614265
0.09656982,-9.108993061,-9.331391097
0.09662476,-9.108995836,-9.345049483
0.09667969,-9.108998769,-9.330900691
0.09673462,-9.109001516,-9.344490126
0.09678955,-9.109004420,-9.330414911
0.09684448,-9.109007140,-9.343936114
0.09689941,-9.109010014,-9.329933688
0.09695435,-9.109012708,-9.343387368
0.09700928,-9.109015554,-9.329456960
0.09706421,-9.109018221,-9.342843814
0.09711914,-9.109021039,-9.328984661
0.09717407,-9.109023680,-9.342305375
0.09722900,-9.109026470,-9.328516729
0.09728394,-9.109029086,-9.341771978
0.09733887,-9.109031849,-9.328053103
0.09739380,-9.109034440,-9.341243552
0.09744873,-9.109037176,-9.327593723
0.09750366,-9.109039742,-9.340720025
0.09755859,-9.109042452,-9.327138530
0.09761353,-9.109044994,-9.340201328
0.09766846,-9.109047678,-9.326687465
0.09772339,-9.109050196,-9.339687392
0.09777832,-9.109052855,-9.326240472
0.09783325,-9.109055349,-9.339178151
0.09788818,-9.109057983,-9.325797494
0.09794312,-9.109060454,-9.338673538
0.09799805,-9.109063063,-9.325358476
0.09805298,-9.109065511,-9.338173489
0.09810791,-9.109068095,-9.324923364
0.09816284,-9.109070522,-9.337677941
0.09821777,-9.109073082,-9.324492106
0.09827271,-9.109075486,-9.337186831
0.09832764,-9.109078022,-9.324064650
0.09838257,-9.109080405,-9.336700099
0.09843750,-9.109082918,-9.323640944
0.09849243,-9.109085279,-9.336217686
0.09854736,-9.109087769,-9.323220939
0.09860229,-9.109090109,-9.335739532
0.09865723,-9.109092576,-9.322804586
0.09871216,-9.109094895,-9.335265581
0.09876709,-9.109097340,-9.322391838
0.09882202,-9.109099639,-9.334795777
0.09887695,-9.109102062,-9.321982647
0.09893188,-9.109104340,-9.334330065
0.09898682,-9.109106742,-9.321576968
0.09904175,-9.109109000,-9.333868391
0.09909668,-9.109111381,-9.321174755
0.09915161,-9.109113619,-9.333410702
0.09920654,-9.109115979,-9.320775965
0.09926147,-9.109118198,-9.332956947
0.09931641,-9.109120536,-9.320380553
0.09937134,-9.109122737,-9.332507075
0.09942627,-9.109125055,-9.319988478
0.09948120,-9.109127236,-9.332061035
0.09953613,-9.109129534,-9.319599696
0.09959106,-9.109131697,-9.331618778
0.09964600,-9.109133975,-9.319214167
0.09970093,-9.109136120,-9.331180256
0.09975586,-9.109138379,-9.318831850
0.09981079,-9.109140505,-9.330745421
0.09986572,-9.109142745,-9.318452705
0.09992065,-9.109144853,-9.330314227
0.09997559,-9.109147074,-9.318076691
0.10003052,-9.109149165,-9.329886626
0.10008545,-9.109151366,-9.317703771
0.10014038,-9.109153440,-9.329462575
0.10019531,-9.109155623,-9.317333906
0.10025024,-9.109157680,-9.329042027
0.10030518,-9.109159845,-9.316967057
0.10036011,-9.109161885,-9.328624940
0.10041504,-9.109164032,-9.316603189
0.10046997,-9.109166055,-9.328211270
0.10052490,-9.109168184,-9.316242263
0.10057983,-9.109170191,-9.327800974
0.10063477,-9.109172303,-9.315884245
0.10068970,-9.109174293,-9.327394011
0.10074463,-9.109176388,-9.315529099
0.10079956,-9.109178363,-9.326990340
0.10085449,-9.109180440,-9.315176791
0.10090942,-9.109182399,-9.326589921
0.10096436,-9.109184460,-9.314827285
0.10101929,-9.109186403,-9.326192714
0.10107422,-9.109188447,-9.314480549
0.10112915,-9.109190375,-9.325798681
0.10118408,-9.109192403,-9.314136549
0.10123901,-9.109194315,-9.325407783
0.10129395,-9.109196327,-9.313795253
0.10134888,-9.109198225,-9.325019982
0.10140381,-9.109200220,-9.313456629
0.10145874,-9.109202103,-9.324635243
0.10151367,-9.109204083,-9.313120645
0.10156860,-9.109205952,-9.324253528
0.10162354,-9.109207916,-9.312787271
0.10167847,-9.109209770,-9.323874802
0.10173340,-9.109211719,-9.312456476
0.10178833,-9.109213559,-9.323499030
0.10184326,-9.109215493,-9.312128230
0.10189819,-9.109217319,-9.323126177
0.10195313,-9.109219238,-9.311802503
0.10200806,-9.109221050,-9.322756210
0.10206299,-9.109222954,-9.311479265
0.10211792,-9.109224752,-9.322389093
0.10217285,-9.109226642,-9.311158489
0.10222778,-9.109228427,-9.322024795
0.10228271,-9.109230302,-9.310840145
0.10233765,-9.109232073,-9.321663283
0.10239258,-9.109233934,-9.310524206
0.10244751,-9.109235693,-9.321304524
0.10250244,-9.109237540,-9.310210644
0.10255737,-9.109239285,-9.320948486
0.10261230,-9.109241118,-9.309899432
0.10266724,-9.109242850,-9.320595140
0.10272217,-9.109244670,-9.309590543
0.10277710,-9.109246390,-9.320244452
0.10283203,-9.109248195,-9.309283950
0.10288696,-9.109249903,-9.319896395
0.10294189,-9.109251695,-9.308979628
0.10299683,-9.109253390,-9.319550937
0.10305176,-9.109255169,-9.308677550
0.10310669,-9.109256852,-9.319208049
0.10316162,-9.109258618,-9.308377693
0.10321655,-9.109260288,-9.318867702
0.10327148,-9.109262042,-9.308080030
0.10332642,-9.109263700,-9.318529869
0.10338135,-9.109265441,-9.307784538
0.10343628,-9.109267087,-9.318194520
0.10349121,-9.109268815,-9.307491193
0.10354614,-9.109270450,-9.317861628
0.10360107,-9.109272166,-9.307199972
0.10365601,-9.109273790,-9.317531167
0.10371094,-9.109275493,-9.306910850
0.10376587,-9.109277105,-9.317203109
0.10382080,-9.109278796,-9.306623806
0.10387573,-9.109280397,-9.316877429
0.10393066,-9.109282076,-9.306338817
0.10398560,-9.109283666,-9.316554100
0.10404053,-9.109285333,-9.306055861
0.10409546,-9.109286911,-9.316233097
0.10415039,-9.109288567,-9.305774916
0.10420532,-9.109290135,-9.315914395
0.10426025,-9.109291779,-9.305495961
0.10431519,-9.109293336,-9.315597969
0.10437012,-9.109294968,-9.305218976
0.10442505,-9.109296514,-9.315283795
0.10447998,-9.109298136,-9.304943938
0.10453491,-9.109299671,-9.314971849
0.10458984,-9.109301281,-9.304670828
0.10464478,-9.109302807,-9.314662106
0.10469971,-9.109304406,-9.304399626
0.10475464,-9.109305921,-9.314354545
0.10480957,-9.109307509,-9.304130312
0.10486450,-9.109309014,-9.314049141
0.10491943,-9.109310591,-9.303862866
0.10497437,-9.109312086,-9.313745872
0.10502930,-9.109313652,-9.303597268
0.10508423,-9.109315137,-9.313444715
0.10513916,-9.109316693,-9.303333500
0.10519409,-9.109318168,-9.313145649
0.10524902,-9.109319713,-9.303071543
0.10530396,-9.109321179,-9.312848651
0.10535889,-9.109322714,-9.302811378
0.10541382,-9.109324169,-9.312553700
0.10546875,-9.109325694,-9.302552987
0.10552368,-9.109327140,-9.312260775
0.10557861,-9.109328655,-9.302296352
0.10563354,-9.109330092,-9.311969855
0.10568848,-9.109331596,-9.302041455
0.10574341,-9.109333024,-9.311680918
0.10579834,-9.109334519,-9.301788279
0.10585327,-9.109335937,-9.311393946
0.10590820,-9.109337422,-9.301536806
0.10596313,-9.109338831,-9.311108917
0.10601807,-9.109340306,-9.301287018
0.10607300,-9.109341706,-9.310825813
0.10612793,-9.109343172,-9.301038901
0.10618286,-9.109344563,-9.310544613
0.10623779,-9.109346019,-9.300792436
0.10629272,-9.109347401,-9.310265300
0.10634766,-9.109348848,-9.300547608
0.10640259,-9.109350222,-9.309987853
0.10645752,-9.109351659,-9.300304401
0.10651245,-9.109353024,-9.309712254
0.10656738,-9.109354452,-9.300062799
0.10662231,-9.109355809,-9.309438486
0.10667725,-9.109357228,-9.299822786
0.10673218,-9.109358576,-9.309166530
0.10678711,-9.109359986,-9.299584348
0.10684204,-9.109361325,-9.308896368
0.10689697,-9.109362727,-9.299347468
0.10695190,-9.109364058,-9.308627983
0.10700684,-9.109365450,-9.299112133
0.10706177,-9.109366773,-9.308361359
0.10711670,-9.109368157,-9.298878327
0.10717163,-9.109369472,-9.308096476
0.10722656,-9.109370847,-9.298646036
0.10728149,-9.109372154,-9.307833321
0.10733643,-9.109373520,-9.298415247
0.10739136,-9.109374819,-9.307571874
0.10744629,-9.109376177,-9.298185944
0.10750122,-9.109377468,-9.307312121
0.10755615,-9.109378818,-9.297958113
0.10761108,-9.109380101,-9.307054045
0.10766602,-9.109381442,-9.297731742
0.10772095,-9.109382718,-9.306797630
0.10777588,-9.109384051,-9.297506816
0.10783081,-9.109385319,-9.306542860
0.10788574,-9.109386644,-9.297283322
0.10794067,-9.109387904,-9.306289720
0.10799561,-9.109389221,-9.297061247
0.10805054,-9.109390474,-9.306038195
0.10810547,-9.109391783,-9.296840577
0.10816040,-9.109393028,-9.305788269
0.10821533,-9.109394329,-9.296621300
0.10827026,-9.109395567,-9.305539928
0.10832520,-9.109396861,-9.296403402
0.10838013,-9.109398091,-9.305293156
0.10843506,-9.109399377,-9.296186872
0.10848999,-9.109400600,-9.305047939
0.10854492,-9.109401878,-9.295971696
0.10859985,-9.109403094,-9.304804262
0.10865479,-9.109404365,-9.295757863
0.10870972,-9.109405574,-9.304562112
0.10876465,-9.109406837,-9.295545359
0.10881958,-9.109408039,-9.304321474
0.10887451,-9.109409295,-9.295334173
0.10892944,-9.109410490,-9.304082335
0.10898438,-9.109411738,-9.295124293
0.10903931,-9.109412926,-9.303844681
0.10909424,-9.109414167,-9.294915708
0.10914917,-9.109415349,-9.303608497
0.10920410,-9.109416583,-9.294708405
0.10925903,-9.109417757,-9.303373772
0.10931396,-9.109418984,-9.294502374
0.10936890,-9.109420152,-9.303140492
0.10942383,-9.109421371,-9.294297603
0.10947876,-9.109422533,-9.302908643
0.10953369,-9.109423745,-9.294094080
0.10958862,-9.109424900,-9.302678214
0.10964355,-9.109426106,-9.293891796
0.10969849,-9.109427254,-9.302449191
0.10975342,-9.109428453,-9.293690738
0.10980835,-9.109429595,-9.302221562
0.10986328,-9.109430787,-9.293490897
0.10991821,-9.109431922,-9.301995316
0.10997314,-9.109433107,-9.293292261
0.11002808,-9.109434237,-9.301770438
0.11008301,-9.109435415,-9.293094821
0.11013794,-9.109436538,-9.301546919
0.11019287,-9.109437710,-9.292898565
0.11024780,-9.109438826,-9.301324745
0.11030273,-9.109439992,-9.292703485
0.11035767,-9.109441102,-9.301103906
0.11041260,-9.109442261,-9.292509568
0.11046753,-9.109443366,-9.300884389
0.11052246,-9.109444518,-9.292316806
0.11057739,-9.109445616,-9.300666183
0.11063232,-9.109446762,-9.292125189
0.11068726,-9.109447855,-9.300449276
0.11074219,-9.109448995,-9.291934707
0.11079712,-9.109450081,-9.300233659
0.11085205,-9.109451214,-9.291745349
0.11090698,-9.109452295,-9.300019319
0.11096191,-9.109453422,-9.291557107
0.11101685,-9.109454497,-9.299806245
0.11107178,-9.109455618,-9.291369972
0.11112671,-9.109456687,-9.299594427
0.11118164,-9.109457802,-9.291183932
0.11123657,-9.109458866,-9.299383854
0.11129150,-9.109459974,-9.290998980
0.11134644,-9.109461032,-9.299174516
0.11140137,-9.109462135,-9.290815107
0.11145630,-9.109463187,-9.298966401
0.11151123,-9.109464284,-9.290632302
0.11156616,-9.109465330,-9.298759500
0.11162109,-9.109466422,-9.290450557
0.11167603,-9.109467463,-9.298553802
0.11173096,-9.109468548,-9.290269863
0.11178589,-9.109469583,-9.298349297
0.11184082,-9.109470663,-9.290090211
0.11189575,-9.109471693,-9.298145975
0.11195068,-9.109472766,-9.289911593
0.11200562,-9.109473791,-9.297943826
0.11206055,-9.109474859,-9.289734000
0.11211548,-9.109475879,-9.297742841
0.11217041,-9.109476941,-9.289557424
0.11222534,-9.109477955,-9.297543009
0.11228027,-9.109479012,-9.289381855
0.11233521,-9.109480021,-9.297344321
0.11239014,-9.109481072,-9.289207287
0.11244507,-9.109482076,-9.297146768
0.11250000,-9.109483121,-9.289033710
0.11255493,-9.109484120,-9.296950340
0.11260986,-9.109485160,-9.288861117
0.11266479,-9.109486154,-9.296755028
0.11271973,-9.109487189,-9.288689499
0.11277466,-9.109488177,-9.296560824
0.11282959,-9.109489207,-9.288518849
0.11288452,-9.109490190,-9.296367717
0.11293945,-9.109491214,-9.288349159
0.11299438,-9.109492193,-9.296175699
0.11304932,-9.109493212,-9.288180422
0.11310425,-9.109494185,-9.295984762
0.11315918,-9.109495199,-9.288012629
0.11321411,-9.109496168,-9.295794897
0.11326904,-9.109497176,-9.287845773
0.11332397,-9.109498140,-9.295606094
0.11337891,-9.109499143,-9.287679848
0.11343384,-9.109500102,-9.295418347
0.11348877,-9.109501101,-9.287514844
0.11354370,-9.109502055,-9.295231646
0.11359863,-9.109503048,-9.287350757
0.11365356,-9.109503998,-9.295045982
0.11370850,-9.109504986,-9.287187577
0.11376343,-9.109505931,-9.294861349
0.11381836,-9.109506914,-9.287025298
0.11387329,-9.109507854,-9.294677737
0.11392822,-9.109508833,-9.286863913
0.11398315,-9.109509768,-9.294495140
0.11403809,-9.109510742,-9.286703416
0.11409302,-9.109511673,-9.294313548
0.11414795,-9.109512641,-9.286543799
0.11420288,-9.109513568,-9.294132954
0.11425781,-9.109514532,-9.286385055
0.11431274,-9.109515454,-9.293953350
0.11436768,-9.109516413,-9.286227178
0.11442261,-9.109517330,-9.293774728
0.11447754,-9.109518285,-9.286070161
0.11453247,-9.109519198,-9.293597082
0.11458740,-9.109520147,-9.285913997
0.11464233,-9.109521056,-9.293420403
0.11469727,-9.109522001,-9.285758680
0.11475220,-9.109522905,-9.293244683
0.11480713,-9.109523846,-9.285604204
0.11486206,-9.109524746,-9.293069916
0.11491699,-9.109525682,-9.285450561
0.11497192,-9.109526577,-9.292896094
0.11502686,-9.109527509,-9.285297747
0.11508179,-9.109528400,-9.292723210
0.11513672,-9.109529327,-9.285145753
0.11519165,-9.109530214,-9.292551256
0.11524658,-9.109531137,-9.284994575
0.11530151,-9.109532019,-9.292380225
0.11535645,-9.109532937,-9.284844205
0.11541138,-9.109533816,-9.292210111
0.11546631,-9.109534730,-9.284694638
0.11552124,-9.109535604,-9.292040907
0.11557617,-9.109536514,-9.284545868
0.11563110,-9.109537384,-9.291872604
0.11568604,-9.109538289,-9.284397889
0.11574097,-9.109539156,-9.291705198
0.11579590,-9.109540056,-9.284250695
0.11585083,-9.109540919,-9.291538680
0.11590576,-9.109541815,-9.284104279
0.11596069,-9.109542674,-9.291373044
0.11601562,-9.109543566,-9.283958637
0.11607056,-9.109544420,-9.291208284
0.11612549,-9.109545308,-9.283813763
0.11618042,-9.109546159,-9.291044393
0.11623535,-9.109547043,-9.283669650
0.11629028,-9.109547889,-9.290881364
0.11634521,-9.109548769,-9.283526293
0.11640015,-9.109549612,-9.290719192
0.11645508,-9.109550488,-9.283383688
0.11651001,-9.109551326,-9.290557869
0.11656494,-9.109552198,-9.283241827
0.11661987,-9.109553033,-9.290397390
0.11667480,-9.109553901,-9.283100707
0.11672974,-9.109554732,-9.290237748
0.11678467,-9.109555596,-9.282960321
0.11683960,-9.109556423,-9.290078937
0.11689453,-9.109557283,-9.282820664
0.11694946,-9.109558106,-9.289920952
0.11700439,-9.109558962,-9.282681731
0.11705933,-9.109559782,-9.289763786
0.11711426,-9.109560634,-9.282543518
0.11716919,-9.109561450,-9.289607433
0.11722412,-9.109562298,-9.282406018
0.11727905,-9.109563111,-9.289451888
0.11733398,-9.109563955,-9.282269227
0.11738892,-9.109564764,-9.289297144
0.11744385,-9.109565604,-9.282133140
0.11749878,-9.109566410,-9.289143197
0.11755371,-9.109567246,-9.281997751
0.11760864,-9.109568048,-9.288990039
0.11766357,-9.109568881,-9.281863057
0.11771851,-9.109569679,-9.288837667
0.11777344,-9.109570508,-9.281729051
0.11782837,-9.109571303,-9.288686073
0.11788330,-9.109572128,-9.281595730
0.11793823,-9.109572920,-9.288535253
0.11799316,-9.109573741,-9.281463088
0.11804810,-9.109574529,-9.288385201
0.11810303,-9.109575347,-9.281331121
0.11815796,-9.109576131,-9.288235912
0.11821289,-9.109576946,-9.281199824
0.11826782,-9.109577727,-9.288087380
0.11832275,-9.109578537,-9.281069193
0.11837769,-9.109579315,-9.287939600
0.11843262,-9.109580122,-9.280939222
0.11848755,-9.109580896,-9.287792566
0.11854248,-9.109581700,-9.280809907
0.11859741,-9.109582471,-9.287646274
0.11865234,-9.109583271,-9.280681244
0.11870728,-9.109584038,-9.287500718
0.11876221,-9.109584835,-9.280553228
0.11881714,-9.109585599,-9.287355893
0.11887207,-9.109586392,-9.280425854
0.11892700,-9.109587153,-9.287211793
0.11898193,-9.109587943,-9.280299118
0.11903687,-9.109588701,-9.287068415
0.11909180,-9.109589487,-9.280173017
0.11914673,-9.109590242,-9.286925752
0.11920166,-9.109591024,-9.280047544
0.11925659,-9.109591776,-9.286783799
0.11931152,-9.109592555,-9.279922696
0.11936646,-9.109593303,-9.286642553
0.11942139,-9.109594079,-9.279798469
0.11947632,-9.109594824,-9.286502007
0.11953125,-9.109595597,-9.279674859
0.11958618,-9.109596339,-9.286362157
0.11964111,-9.109597109,-9.279551860
0.11969604,-9.109597847,-9.286222998
0.11975098,-9.109598613,-9.279429469
0.11980591,-9.109599349,-9.286084525
0.11986084,-9.109600112,-9.279307682
0.11991577,-9.109600845,-9.285946733
0.11997070,-9.109601604,-9.279186495
0.12002563,-9.109602334,-9.285809619
0.12008057,-9.109603090,-9.279065903
0.12013550,-9.109603817,-9.285673176
0.12019043,-9.109604570,-9.278945903
0.12024536,-9.109605294,-9.285537401
0.12030029,-9.109606044,-9.278826490
0.12035522,-9.109606764,-9.285402289
0.12041016,-9.109607511,-9.278707660
0.12046509,-9.109608229,-9.285267835
0.12052002,-9.109608973,-9.278589411
0.12057495,-9.109609687,-9.285134035
0.12062988,-9.109610428,-9.278471737
0.12068481,-9.109611140,-9.285000885
0.12073975,-9.109611877,-9.278354634
0.12079468,-9.109612586,-9.284868380
0.12084961,-9.109613321,-9.278238100
0.12090454,-9.109614027,-9.284736515
0.12095947,-9.109614758,-9.278122130
0.12101440,-9.109615461,-9.284605287
0.12106934,-9.109616190,-9.278006721
0.12112427,-9.109616890,-9.284474691
0.12117920,-9.109617616,-9.277891869
0.12123413,-9.109618313,-9.284344724
0.12128906,-9.109619036,-9.277777570
0.12134399,-9.109619730,-9.284215380
0.12139893,-9.109620450,-9.277663821
0.12145386,-9.109621141,-9.284086656
0.12150879,-9.109621858,-9.277550618
0.12156372,-9.109622547,-9.283958548
0.12161865,-9.109623261,-9.277437957
0.12167358,-9.109623947,-9.283831051
0.12172852,-9.109624658,-9.277325836
0.12178345,-9.109625341,-9.283704162
0.12183838,-9.109626050,-9.277214250
0.12189331,-9.109626730,-9.283577877
0.12194824,-9.109627435,-9.277103197
0.12200317,-9.109628113,-9.283452192
0.12205811,-9.109628816,-9.276992673
0.12211304,-9.109629491,-9.283327103
0.12216797,-9.109630191,-9.276882674
0.12222290,-9.109630863,-9.283202606
0.12227783,-9.109631560,-9.276773197
0.12233276,-9.109632230,-9.283078697
0.12238770,-9.109632924,-9.276664240
0.12244263,-9.109633591,-9.282955373
0.12249756,-9.109634283,-9.276555797
0.12255249,-9.109634947,-9.282832629
0.12260742,-9.109635636,-9.276447867
0.12266235,-9.109636298,-9.282710463
0.12271729,-9.109636984,-9.276340447
0.12277222,-9.109637643,-9.282588870
0.12282715,-9.109638327,-9.276233532
0.12288208,-9.109638984,-9.282467847
0.12293701,-9.109639664,-9.276127120
0.12299194,-9.109640318,-9.282347390
0.12304688,-9.109640996,-9.276021207
0.12310181,-9.109641648,-9.282227496
0.12315674,-9.109642323,-9.275915791
0.12321167,-9.109642972,-9.282108160
0.12326660,-9.109643645,-9.275810867
0.12332153,-9.109644292,-9.281989380
0.12337646,-9.109644962,-9.275706434
0.12343140,-9.109645606,-9.281871151
0.12348633,-9.109646273,-9.275602488
0.12354126,-9.109646915,-9.281753470
0.12359619,-9.109647580,-9.275499026
0.12365112,-9.109648219,-9.281636334
0.12370605,-9.109648881,-9.275396045
0.12376099,-9.109649518,-9.281519740
0.12381592,-9.109650178,-9.275293541
0.12387085,-9.109650812,-9.281403683
0.12392578,-9.109651469,-9.275191512
0.12398071,-9.109652102,-9.281288160
0.12403564,-9.109652756,-9.275089955
0.12409058,-9.109653386,-9.281173168
0.12414551,-9.109654038,-9.274988866
0.12420044,-9.109654665,-9.281058704
0.12425537,-9.109655315,-9.274888244
0.12431030,-9.109655940,-9.280944763
0.12436523,-9.109656587,-9.274788083
0.12442017,-9.109657210,-9.280831344
0.12447510,-9.109657854,-9.274688383
0.12453003,-9.109658475,-9.280718441
0.12458496,-9.109659117,-9.274589140
0.12463989,-9.109659735,-9.280606053
0.12469482,-9.109660374,-9.274490350
0.12474976,-9.109660990,-9.280494175
0.12480469,-9.109661627,-9.274392012
0.12485962,-9.109662241,-9.280382805
0.12491455,-9.109662876,-9.274294122
0.12496948,-9.109663487,-9.280271939
0.12502441,-9.109664119,-9.274196677
0.12507935,-9.109664728,-9.280161574
0.12513428,-9.109665358,-9.274099675
0.12518921,-9.109665965,-9.280051707
0.12524414,-9.109666593,-9.274003112
0.12529907,-9.109667197,-9.279942334
0.12535400,-9.109667823,-9.273906987
0.12540894,-9.109668425,-9.279833453
0.12546387,-9.109669048,-9.273811296
0.12551880,-9.109669648,-9.279725061
0.12557373,-9.109670269,-9.273716036
0.12562866,-9.109670867,-9.279617153
0.12568359,-9.109671485,-9.273621205
0.12573853,-9.109672081,-9.279509728
0.12579346,-9.109672697,-9.273526800
0.12584839,-9.109673291,-9.279402782
0.12590332,-9.109673905,-9.273432819
0.12595825,-9.109674496,-9.279296312
0.12601318,-9.109675108,-9.273339258
0.12606812,-9.109675697,-9.279190316
0.12612305,-9.109676307,-9.273246116
0.12617798,-9.109676894,-9.279084790
0.12623291,-9.109677501,-9.273153389
0.12628784,-9.109678086,-9.278979731
0.12634277,-9.109678691,-9.273061076
0.12639771,-9.109679274,-9.278875137
0.12645264,-9.109679877,-9.272969173
0.12650757,-9.109680457,-9.278771005
0.12656250,-9.109681058,-9.272877679
0.12661743,-9.109681637,-9.278667331
0.12667236,-9.109682235,-9.272786590
0.12672729,-9.109682812,-9.278564114
0.12678223,-9.109683408,-9.272695904
0.12683716,-9.109683983,-9.278461350
0.12689209,-9.109684577,-9.272605619
0.12694702,-9.109685150,-9.278359036
0.12700195,-9.109685741,-9.272515733
0.12705688,-9.109686312,-9.278257170
0.12711182,-9.109686902,-9.272426243
0.12716675,-9.109687471,-9.278155750
0.12722168,-9.109688058,-9.272337147
0.12727661,-9.109688625,-9.278054773
0.12733154,-9.109689210,-9.272248442
0.12738647,-9.109689775,-9.277954235
0.12744141,-9.109690359,-9.272160127
0.12749634,-9.109690921,-9.277854135
0.12755127,-9.109691503,-9.272072198
0.12760620,-9.109692063,-9.277754470
0.12766113,-9.109692643,-9.271984655
0.12771606,-9.109693201,-9.277655237
0.12777100,-9.109693779,-9.271897494
0.12782593,-9.109694336,-9.277556434
0.12788086,-9.109694911,-9.271810713
0.12793579,-9.109695466,-9.277458059
0.12799072,-9.109696039,-9.271724311
0.12804565,-9.109696592,-9.277360108
0.12810059,-9.109697163,-9.271638285
0.12815552,-9.109697714,-9.277262581
0.12821045,-9.109698283,-9.271552634
0.12826538,-9.109698832,-9.277165473
0.12832031,-9.109699400,-9.271467354
0.12837524,-9.109699947,-9.277068784
0.12843018,-9.109700512,-9.271382444
0.12848511,-9.109701058,-9.276972510
0.12854004,-9.109701621,-9.271297903
0.12859497,-9.109702164,-9.276876649
0.12864990,-9.109702726,-9.271213727
0.12870483,-9.109703267,-9.276781200
0.12875977,-9.109703827,-9.271129916
0.12881470,-9.109704367,-9.276686159
0.12886963,-9.109704924,-9.271046467
0.12892456,-9.109705462,-9.276591525
0.12897949,-9.109706018,-9.270963378
0.12903442,-9.109706554,-9.276497295
0.12908936,-9.109707107,-9.270880647
0.12914429,-9.109707642,-9.276403467
0.12919922,-9.109708193,-9.270798273
0.12925415,-9.109708726,-9.276310040
0.12930908,-9.109709276,-9.270716253
0.12936401,-9.109709806,-9.276217010
0.12941895,-9.109710354,-9.270634585
0.12947388,-9.109710883,-9.276124376
0.12952881,-9.109711429,-9.270553269
0.12958374,-9.109711956,-9.276032135
0.12963867,-9.109712501,-9.270472301
0.12969360,-9.109713026,-9.275940286
0.12974854,-9.109713568,-9.270391681
0.12980347,-9.109714092,-9.275848826
0.12985840,-9.109714633,-9.270311406
0.12991333,-9.109715154,-9.275757754
0.12996826,-9.109715693,-9.270231474
0.13002319,-9.109716213,-9.275667067
0.13007813,-9.109716750,-9.270151884
0.13013306,-9.109717269,-9.275576763
0.13018799,-9.109717804,-9.270072634
0.13024292,-9.109718320,-9.275486840
0.13029785,-9.109718854,-9.269993723
0.13035278,-9.109719369,-9.275397297
0.13040771,-9.109719900,-9.269915147
0.13046265,-9.109720414,-9.275308130
0.13051758,-9.109720943,-9.269836907
0.13057251,-9.109721455,-9.275219339
0.13062744,-9.109721983,-9.269758999
0.13068237,-9.109722493,-9.275130921
0.13073730,-9.109723019,-9.269681422
0.13079224,-9.109723527,-9.275042874
0.13084717,-9.109724052,-9.269604175
0.13090210,-9.109724558,-9.274955196
0.13095703,-9.109725081,-9.269527256
0.13101196,-9.109725586,-9.274867886
0.13106689,-9.109726107,-9.269450662
0.13112183,-9.109726610,-9.274780941
0.13117676,-9.109727130,-9.269374393
0.13123169,-9.109727631,-9.274694359
0.13128662,-9.109728149,-9.269298446
0.13134155,-9.109728649,-9.274608138
0.13139648,-9.109729165,-9.269222819
0.13145142,-9.109729663,-9.274522276
0.13150635,-9.109730177,-9.269147512
0.13156128,-9.109730674,-9.274436772
0.13161621,-9.109731187,-9.269072522
0.13167114,-9.109731682,-9.274351623
0.13172607,-9.109732193,-9.268997847
0.13178101,-9.109732686,-9.274266827
0.13183594,-9.109733196,-9.268923486
0.13189087,-9.109733688,-9.274182382
0.13194580,-9.109734195,-9.268849437
0.13200073,-9.109734686,-9.274098287
0.13205566,-9.109735192,-9.268775697
0.13211060,-9.109735680,-9.274014539
0.13216553,-9.109736185,-9.268702266
0.13222046,-9.109736672,-9.273931136
0.13227539,-9.109737175,-9.268629142
0.13233032,-9.109737660,-9.273848076
0.13238525,-9.109738161,-9.268556321
0.13244019,-9.109738646,-9.273765357
0.13249512,-9.109739145,-9.268483804
0.13255005,-9.109739628,-9.273682977
0.13260498,-9.109740126,-9.268411587
0.13265991,-9.109740607,-9.273600933
0.13271484,-9.109741103,-9.268339669
0.13276978,-9.109741583,-9.273519224
0.13282471,-9.109742077,-9.268268048
0.13287964,-9.109742555,-9.273437848
0.13293457,-9.109743048,-9.268196722
0.13298950,-9.109743525,-9.273356801
0.13304443,-9.109744016,-9.268125688
0.13309937,-9.109744492,-9.273276083
0.13315430,-9.109744982,-9.268054945
0.13320923,-9.109745455,-9.273195690
0.13326416,-9.109745944,-9.267984491
0.13331909,-9.109746416,-9.273115621
0.13337402,-9.109746903,-9.267914323
0.13342896,-9.109747373,-9.273035872
0.13348389,-9.109747859,-9.267844440
0.13353882,-9.109748328,-9.272956442
0.13359375,-9.109748812,-9.267774838
0.13364868,-9.109749279,-9.272877327
0.13370361,-9.109749762,-9.267705516
0.13375854,-9.109750228,-9.272798526
0.13381348,-9.109750709,-9.267636472
0.13386841,-9.109751174,-9.272720036
0.13392334,-9.109751653,-9.267567701
0.13397827,-9.109752116,-9.272641853
0.13403320,-9.109752594,-9.267499203
0.13408813,-9.109753056,-9.272563974
0.13414307,-9.109753532,-9.267430973
0.13419800,-9.109753993,-9.272486397
0.13425293,-9.109754468,-9.267363008
0.13430786,-9.109754927,-9.272409116
0.13436279,-9.109755400,-9.267295302
0.13441772,-9.109755858,-9.272332123
0.13447266,-9.109756330,-9.267227844
0.13452759,-9.109756786,-9.272255402
0.13458252,-9.109757257,-9.267160612
0.13463745,-9.109757712,-9.272178922
0.13469238,-9.109758181,-9.267093557
0.13474731,-9.109758634,-9.272102611
0.13480225,-9.109759102,-9.267026574
0.13485718,-9.109759554,-9.272026310
0.13491211,-9.109760020,-9.266959436
0.13496704,-9.109760471,-9.271949682
0.13502197,-9.109760935,-9.266891682
0.13507690,-9.109761385,-9.271872060
0.13513184,-9.109761848,-9.266822429
0.13518677,-9.109762296,-9.271792178
0.13524170,-9.109762758,-9.266750035
0.13529663,-9.109763205,-9.271707760
0.13535156,-9.109763665,-9.266671618
0.13540649,-9.109764110,-9.271615024
0.13546143,-9.109764569,-9.266582303
0.13551636,-9.109765013,-9.271507863
0.13557129,-9.109765470,-9.266474265
0.13562622,-9.109765913,-9.271376845
0.13568115,-9.109766368,-9.266335794
0.13573608,-9.109766809,-9.271208303
0.13579102,-9.109767262,-9.266149936
0.13584595,-9.109767701,-9.270982719
0.13590088,-9.109768153,-9.265892821
0.13595581,-9.109768590,-9.270673070
0.13601074,-9.109769039,-9.265532654
0.13606567,-9.109769473,-9.270244160
0.13612061,-9.109769920,-9.265026848
0.13617554,-9.109770351,-9.269648530
0.13623047,-9.109770794,-9.264319085
0.13628540,-9.109771221,-9.268823697
0.13634033,-9.109771660,-9.263339014
0.13639526,-9.109772083,-9.267693200
0.13645020,-9.109772516,-9.262005565
0.13650513,-9.109772933,-9.266171306
0.13656006,-9.109773360,-9.260221289
0.13661499,-9.109773769,-9.264151618
0.13666992,-9.109774187,-9.257867978
0.13672485,-9.109774587,-9.261505591
0.13677979,-9.109774995,-9.254811457
0.13683472,-9.109775383,-9.258091460
0.13688965,-9.109775779,-9.250914138
0.13694458,-9.109776152,-9.253769868
0.13699951,-9.109776532,-9.246047991
0.13705444,-9.109776889,-9.248374950
0.13710938,-9.109777249,-9.240042021
0.13716431,-9.109777585,-9.241707127
0.13721924,-9.109777923,-9.232688436
0.13727417,-9.109778234,-9.233555880
0.13732910,-9.109778544,-9.223779929
0.13738403,-9.109778825,-9.223738120
0.13743896,-9.109779104,-9.213148030
0.13749390,-9.109779351,-9.212121643
0.13754883,-9.109779591,-9.200683412
0.13760376,-9.109779799,-9.198485557
0.13765869,-9.109779996,-9.186106447
0.13771362,-9.109780156,-9.182510323
0.13776855,-9.109780303,-9.169078391
0.13782349,-9.109780410,-9.163910605
0.13787842,-9.109780499,-9.149333219
0.13793335,-9.109780545,-9.142515572
0.13798828,-9.109780568,-9.126756180
0.13804321,-9.109780545,-9.118308208
0.13809814,-9.109780495,-9.101382629
0.13815308,-9.109780397,-9.091400607
0.13820801,-9.109780266,-9.073372412
0.13826294,-9.109780083,-9.061444439
0.13831787,-9.109779860,-9.042088689
0.13837280,-9.109779581,-9.027851136
0.13842773,-9.109779257,-9.006966165
0.13848267,-9.109778871,-8.990311572
0.13853760,-9.109778433,-8.967791546
0.13859253,-9.109777929,-8.948879691
0.13864746,-9.109777367,-8.924799585
0.13870239,-9.109776735,-8.903948914
0.13875732,-9.109776040,-8.878463956
0.13881226,-9.109775270,-8.856079019
0.13886719,-9.109774434,-8.829435798
0.13892212,-9.109773514,-8.805926711
0.13897705,-9.109772521,-8.776212155
0.13903198,-9.109771432,-8.750780164
0.13908691,-9.109770263,-8.717404744
0.13914185,-9.109768986,-8.689655762
0.13919678,-9.109767621,-8.652861619
0.13925171,-9.109766139,-8.622872252
0.13930664,-9.109764561,-8.583614236
0.13936157,-9.109762860,-8.551874733
0.13941650,-9.109761056,-8.511021545
0.13947144,-9.109759124,-8.478085858
0.13952637,-9.109757084,-8.436603437
0.13958130,-9.109754911,-8.403087700
0.13963623,-9.109752626,-8.361613485
0.13969116,-9.109750206,-8.328000273
0.13974609,-9.109747670,-8.287154585
0.13980103,-9.109744974,-8.253783494
0.13985596,-9.109742145,-8.206154337
0.13991089,-9.109739131,-8.168946281
0.13996582,-9.109735966,-8.115596550
0.14002075,-9.109732597,-8.074529769
0.14007568,-9.109729058,-8.017584703
0.14013062,-9.109725304,-7.973498835
0.14018555,-9.109721366,-7.916129703
0.14024048,-9.109717205,-7.870893946
0.14029541,-9.109712848,-7.814520767
0.14035034,-9.109708263,-7.769117931
0.14040527,-9.109703473,-7.715451136
0.14046021,-9.109698449,-7.671157941
0.14051514,-9.109693212,-7.620463932
0.14057007,-9.109687739,-7.577639079
0.14062500,-9.109682043,-7.530662924
0.14067993,-9.109676106,-7.489960679
0.14073486,-9.109669829,-7.446318546
0.14078979,-9.109663246,-7.377875945
0.14084473,-9.109656255,-7.322850203
0.14089966,-9.109648901,-7.243847421
0.14095459,-9.109641095,-7.181600956
0.14100952,-9.109632885,-7.100648809
0.14106445,-9.109624204,-7.037304197
0.14111938,-9.109615085,-6.962536534
0.14117432,-9.109605473,-6.901341802
0.14122925,-9.109595393,-6.832823909
0.14128418,-9.109584807,-6.776105959
0.14133911,-9.109573721,-6.716481322
0.14139404,-9.109562104,-6.664534358
0.14144897,-9.109549954,-6.611614274
0.14150391,-9.109537248,-6.565026805
0.14155884,-9.109523969,-6.519977539
0.14161377,-9.109510096,-6.478026121
0.14166870,-9.109495605,-6.438387029
0.14172363,-9.109480476,-6.401057030
0.14177856,-9.109464000,-6.366877968
0.14183350,-9.109446401,-6.217033891
0.14188843,-9.109427279,-6.123383553
0.14194336,-9.109406836,-5.979783482
0.14199829,-9.109384731,-5.888557495
0.14205322,-9.109361065,-5.764071969
0.14210815,-9.109335642,-5.676432022
0.14216309,-9.109308504,-5.581865128
0.14221802,-9.109279397,-5.515061021
0.14227295,-9.109248275,-5.437335961
0.14232788,-9.109214961,-5.377414203
0.14238281,-9.109179362,-5.320549633
0.14243774,-9.109141193,-5.277756669
0.14249268,-9.109100265,-5.230209072
0.14254761,-9.109056334,-5.190882650
0.14260254,-9.109009142,-5.156772508
0.14265747,-9.108958101,-5.129231412
0.14271240,-9.108895220,-5.085249282
0.14276733,-9.108822126,-4.511657022
0.14282227,-9.108737231,-4.207408749
0.14287720,-9.108639180,-3.936626022
0.14293213,-9.108525364,-3.733812788
0.14298706,-9.108392964,-3.551149994
0.14304199,-9.108239382,-3.411958634
0.14309692,-9.108058478,-3.349759590
0.14315186,-9.107842981,-3.268097213
0.14320679,-9.107582051,-3.203050210
0.14326172,-9.107259450,-3.139561799
0.14331665,-9.106611002,-3.071803735
0.14337158,-9.105406694,-0.031867238
0.14342651,-9.103078111,1.575405847
0.14348145,-9.096715276,1.674972346
0.14353638,-9.011199053,1.816197899
0.14359131,12.698290146,23.526412532
0.14364624,33.758402021,45.070873267
0.14370117,44.883252426,45.986515923
0.14375610,45.553489891,45.247975140
0.14381104,45.287599043,45.243261246
0.14386597,45.693829491,46.143969964
0.14392090,46.017582134,45.977093581
0.14397583,45.655127993,45.332175024
0.14403076,45.375684037,45.344082287
0.14408569,45.696717951,46.049761809
0.14414062,45.945813255,45.910537342
0.14419556,45.647349672,45.382339795
0.14425049,45.424443339,45.405567532
0.14430542,45.687919597,45.971723838
0.14436035,45.883749129,45.851803467
0.14441528,45.633860804,45.413403653
0.14447021,45.454608811,45.445293710
0.14452515,45.677361783,45.911586936
0.14458008,45.836246180,45.807517159
0.14463501,45.625267335,45.439986882
0.14468994,45.481146096,45.479692859
0.14474487,45.675227387,45.873458978
0.14479980,45.808188908,45.782461962
0.14485474,45.628164546,45.470508025
0.14490967,45.511511444,45.516016518
0.14496460,45.683696161,45.854524728
0.14501953,45.796520003,45.772684657
0.14507446,45.639539787,45.502843962
0.14512939,45.542670359,45.550793684
0.14518433,45.695913843,45.844545659
0.14523926,45.791073476,45.767591811
0.14529419,45.649989942,45.528707111
0.14534912,45.566274038,45.575921076
0.14540405,45.702153503,45.832149658
0.14545898,45.781279930,45.757053358
0.14551392,45.651070645,45.541278399
0.14556885,45.576269813,45.586329078
0.14562378,45.697032721,45.811629811
0.14567871,45.762768143,45.737786336
0.14573364,45.641427982,45.541106328
0.14578857,45.574353779,45.585041719
0.14584351,45.683829161,45.786543093
0.14589844,45.740326016,45.715675509
0.14595337,45.628402069,45.537016876
0.14600830,45.569989762,45.582345061
0.14606323,45.672582649,45.766755730
0.14611816,45.724035930,45.700971756
0.14617310,45.622437976,45.539710422
0.14622803,45.573337280,45.588017098
0.14628296,45.671831506,45.759627305
0.14633789,45.720372370,45.699219639
0.14639282,45.628287266,45.553163235
0.14644775,45.587206688,45.603778898
0.14650269,45.681836614,45.763953757
0.14655762,45.727171177,45.707208512
0.14661255,45.642090191,45.572828112
0.14666748,45.606337074,45.623668251
0.14672241,45.695874650,45.772212636
0.14677734,45.736638003,45.716784871
0.14683228,45.655719271,45.590563760
0.14688721,45.622578147,45.639534222
0.14694214,45.705728294,45.776097593
0.14699707,45.740726154,45.720105179
0.14705200,45.661771156,45.599386282
0.14710693,45.629322608,45.645159305
0.14716187,45.705495621,45.770007401
0.14721680,45.734403648,45.712661158
0.14727173,45.656469877,45.596230291
0.14732666,45.624220877,45.638913149
0.14738159,45.694242086,45.753687334
0.14743652,45.718312963,45.695958427
0.14749146,45.642314346,45.584581080
0.14754639,45.611660156,45.626108289
0.14760132,45.678036339,45.733981552
0.14765625,45.700034172,45.678327834
0.14771118,45.628234606,45.574010449
0.14776611,45.601511717,45.616983751
0.14782104,45.667083265,45.721122220
0.14787598,45.689565758,45.669582819
0.14793091,45.623576815,45.573454061
0.14798584,45.601954676,45.619022500
0.14804077,45.667874730,45.720647101
0.14809570,45.691406363,45.673192904
0.14815063,45.630763387,45.584290251
0.14820557,45.613313665,45.631492780
0.14826050,45.678683585,45.729809137
0.14831543,45.702016791,45.684783171
0.14837036,45.644833146,45.600930171
0.14842529,45.629571403,45.647914353
0.14848022,45.692751513,45.741533084
0.14853516,45.714249305,45.697092554
0.14859009,45.658602655,45.616240975
0.14864502,45.643737236,45.661426526
0.14869995,45.703388850,45.749289901
0.14875488,45.721809180,45.704049919
0.14880981,45.666259765,45.624667681
0.14886475,45.650491325,45.666949432
0.14891968,45.705730861,45.748428601
0.14897461,45.720308077,45.701519384
0.14902954,45.663984759,45.622696020
0.14908447,45.646679589,45.661677928
0.14913940,45.697398672,45.736976997
0.14919434,45.708325334,45.688605441
0.14924927,45.651548410,45.610740814
0.14930420,45.633456437,45.647491643
0.14935913,45.681055481,45.718371630
0.14941406,45.690118043,45.670382448
0.14946899,45.634815235,45.595469460
0.14952393,45.618162191,45.632433656
0.14957886,45.665238778,45.701684388
0.14963379,45.675053508,45.656560581
0.14968872,45.623545805,45.586749848
0.14974365,45.610433588,45.625971299
0.14979858,45.658911464,45.695429753
0.14985352,45.670927666,45.654262261
0.14990845,45.623973888,45.589962040
0.14996338,45.614640304,45.631486183
0.15001831,45.664396520,45.700876140
0.15007324,45.677997989,45.662720319
0.15012817,45.634425945,45.602501245
0.15018311,45.627409349,45.644804625
0.15023804,45.676921366,45.712612112
0.15029297,45.690455357,45.675684579
0.15034790,45.648442433,45.617659390
0.15040283,45.641975812,45.659073115
0.15045776,45.689695683,45.723884711
0.15051270,45.701709928,45.686709091
0.15056763,45.659797459,45.629420975
0.15062256,45.652556408,45.668739246
0.15067749,45.697387595,45.729584465
0.15073242,45.706863789,45.691109937
0.15078735,45.664004338,45.633499795
0.15084229,45.655047954,45.669884603
0.15089722,45.696267738,45.726166787
0.15095215,45.702607007,45.685800420
0.15100708,45.658279935,45.627400244
0.15106201,45.647341877,45.660768138
0.15111694,45.685081378,45.712840028
0.15117188,45.688748621,45.671166186
0.15122681,45.643708921,45.612886814
0.15128174,45.631962873,45.644664021
0.15133667,45.667880363,45.694432466
0.15139160,45.670867235,45.653546531
0.15144653,45.627288894,45.597640241
0.15150146,45.617090170,45.630288608
0.15155640,45.653668151,45.680282916
0.15161133,45.658350388,45.642431817
0.15166626,45.618301686,45.590790848
0.15172119,45.611388906,45.625896709
0.15177612,45.650008239,45.677309696
0.15183105,45.657257564,45.643056016
0.15188599,45.621016731,45.595662939
0.15194092,45.617178740,45.632807765
0.15199585,45.657246544,45.684873730
0.15205078,45.666077974,45.653011327
0.15210571,45.632303392,45.608368592
0.15216064,45.630024445,45.645999588
0.15221558,45.670002616,45.697194196
0.15227051,45.678863623,45.666141800
0.15232544,45.646007429,45.622720252
0.15238037,45.643872763,45.659526193
0.15243530,45.682559408,45.708763964
0.15249023,45.690396591,45.677507950
0.15254517,45.657498206,45.634394167
0.15260010,45.654690512,45.669650524
0.15265503,45.691426494,45.716349454
0.15270996,45.697634700,45.684271797
0.15276489,45.664065169,45.640821460
0.15281982,45.659971215,45.673942045
0.15287476,45.694183333,45.717549943
0.15292969,45.698160378,45.684003307
0.15298462,45.663260013,45.639534172
0.15303955,45.657254758,45.669940613
0.15309448,45.688436328,45.710023077
0.15314941,45.689790907,45.674657460
0.15320435,45.653312450,45.629010699
0.15325928,45.645419392,45.656896616
0.15331421,45.673961061,45.694042531
0.15336914,45.673439009,45.657763011
0.15342407,45.636471103,45.612204854
0.15347900,45.628170453,45.639263529
0.15353394,45.655937517,45.675523983
0.15358887,45.655663354,45.640544129
0.15364380,45.620457531,45.597371358
0.15369873,45.614059532,45.625936499
0.15375366,45.643320582,45.663535284
0.15380859,45.645341184,45.631742586
0.15386353,45.613577535,45.592432730
0.15391846,45.610354013,45.623573206
0.15397339,45.641942217,45.663116230
0.15402832,45.646581582,45.634555756
0.15408325,45.618061272,45.598655881
0.15413818,45.617383975,45.631556321
0.15419312,45.650340761,45.671937104
0.15424805,45.656354708,45.645219922
0.15430298,45.629620291,45.611188147
0.15435791,45.629959438,45.644317260
0.15441284,45.662795029,45.684084111
0.15446777,45.668763991,45.657820007
0.15452271,45.642497229,45.624401094
0.15457764,45.642713259,45.656729487
0.15463257,45.674506335,45.695073642
0.15468750,45.679686592,45.668588682
0.15474243,45.653285415,45.635250468
0.15479736,45.652933343,45.666420545
0.15485229,45.683385972,45.703112077
0.15490723,45.687552746,45.676193846
0.15496216,45.660808093,45.642730315
0.15501709,45.659696375,45.672565699
0.15507202,45.688621594,45.707414436
0.15512695,45.691528113,45.679764914
0.15518188,45.664093259,45.645777972
0.15523682,45.661799091,45.673828576
0.15529175,45.688715766,45.706325174
0.15534668,45.689799863,45.677329388
0.15540161,45.661039738,45.642155614
0.15545654,45.656929671,45.667809465
0.15551147,45.681277243,45.697441499
0.15556641,45.680082703,45.666694191
0.15562134,45.649699075,45.630130768
0.15567627,45.643735351,45.653505568
0.15573120,45.665815098,45.680756082
0.15578613,45.662997282,45.649084413
0.15584106,45.632007019,45.612334617
0.15589600,45.625592891,45.635035103
0.15595093,45.647171539,45.661843702
0.15600586,45.644760607,45.631381282
0.15606079,45.615344525,45.596682760
0.15611572,45.610722347,45.620968095
0.15617065,45.633989385,45.649472174
0.15622559,45.633966275,45.622058540
0.15628052,45.607769160,45.590868470
0.15633545,45.606185566,45.617779622
0.15639038,45.631944291,45.648550968
0.15644531,45.634618655,45.624234648
0.15650024,45.611456191,45.596128117
0.15655518,45.612304473,45.624867023
0.15661011,45.639608854,45.656805025
0.15666504,45.643756976,45.634230469
0.15671997,45.622211171,45.607713464
0.15677490,45.623999277,45.636778452
0.15682983,45.651381215,45.668443242
0.15688477,45.655606185,45.646251977
0.15693970,45.634394570,45.620110959
0.15699463,45.636015032,45.648496668
0.15704956,45.662571433,45.679089745
0.15710449,45.666153220,45.656642921
0.15715942,45.644717726,45.630400007
0.15721436,45.645777955,45.657800372
0.15726929,45.671265950,45.687148009
0.15732422,45.674058783,45.664332875
0.15737915,45.652309328,45.637921519
0.15743408,45.652766225,45.664318676
0.15748901,45.677169701,45.692412177
0.15754395,45.679134777,45.669164176
0.15759888,45.656975092,45.642456378
0.15765381,45.656674486,45.667670542
0.15770874,45.679773103,45.694252857
0.15776367,45.680591088,45.670192412
0.15781860,45.657589303,45.642701223
0.15787354,45.656012103,45.666178160
0.15792847,45.677224186,45.690639515
0.15798340,45.676259192,45.665101514
0.15803833,45.651758248,45.636169771
0.15809326,45.648299807,45.657349036
0.15814819,45.667145065,45.679283857
0.15820312,45.664091124,45.652055490
0.15825806,45.638020130,45.621745038
0.15831299,45.632924645,45.641046593
0.15836792,45.650015795,45.661259622
0.15842285,45.645858563,45.633508890
0.15847778,45.619563070,45.603344420
0.15853271,45.614517248,45.622623037
0.15858765,45.631821352,45.643206054
0.15864258,45.628694921,45.617123221
0.15869751,45.604353273,45.589283083
0.15875244,45.601471466,45.610601954
0.15880737,45.620921491,45.633372361
0.15886230,45.620448921,45.610397422
0.15891724,45.599279149,45.585882553
0.15897217,45.599333458,45.609786877
0.15902710,45.621239106,45.634819887
0.15908203,45.623263052,45.614559496
0.15913696,45.604677623,45.592578901
0.15919189,45.606734871,45.617982947
0.15924683,45.629908783,45.643981092
0.15930176,45.633064946,45.624994758
0.15935669,45.615608814,45.604067504
0.15941162,45.618222911,45.629551019
0.15946655,45.641304403,45.655208777
0.15952148,45.644355991,45.636325182
0.15957642,45.626946333,45.615452915
0.15963135,45.629222101,45.640222420
0.15968628,45.651512924,45.664939306
0.15974121,45.653935636,45.645713037
0.15979614,45.636199730,45.624596470
0.15985107,45.637908196,45.648495183
0.15990601,45.659303667,45.672223069
0.15996094,45.661077995,45.652666731
0.16001587,45.643052784,45.631367894
0.16007080,45.644280089,45.654507317
0.16012573,45.664902142,45.677381953
0.16018066,45.666156400,45.657618759
0.16023560,45.647958182,45.636246784
0.16029053,45.648810195,45.658729949
0.16034546,45.668748161,45.680829684
0.16040039,45.669531415,45.660881374
0.16045532,45.651153632,45.639401105
0.16051025,45.651570071,45.661143103
0.16056519,45.670703227,45.682314115
0.16062012,45.670810813,45.661926976
0.16067505,45.651951261,45.639986962
0.16072998,45.651538981,45.660552391
0.16078491,45.669386965,45.680270139
0.16083984,45.668246086,45.658822087
0.16089478,45.648252247,45.635734939
0.16094971,45.646319589,45.654422790
0.16100464,45.662196582,45.672012308
0.16105957,45.659168140,45.648893931
0.16111450,45.637505969,45.624192067
0.16116943,45.633703422,45.640762669
0.16122437,45.647515787,45.656270861
0.16127930,45.642810567,45.631852207
0.16133423,45.620036410,45.606274078
0.16138916,45.615299843,45.621860289
0.16144409,45.628361457,45.636786997
0.16149902,45.623624073,45.612865167
0.16155396,45.601642666,45.588432049
0.16160889,45.598053793,45.605187944
0.16166382,45.612512902,45.621690632
0.16171875,45.609823371,45.600282569
0.16177368,45.590520245,45.578759844
0.16182861,45.589670462,45.598112354
0.16188354,45.606740148,45.617198282
0.16193848,45.606865486,45.598834327
0.16199341,45.590535085,45.580278486
0.16204834,45.592267627,45.601852673
0.16210327,45.611385304,45.622765562
0.16215820,45.613414080,45.606370478
0.16221313,45.598876722,45.589486060
0.16226807,45.601845054,45.611873610
0.16232300,45.621591152,45.633174423
0.16237793,45.624103885,45.617340869
0.16243286,45.610006725,45.600822284
0.16248779,45.612987197,45.622876849
0.16254272,45.632305543,45.643598457
0.16259766,45.634422657,45.627534330
0.16265259,45.620063685,45.610769338
0.16270752,45.622533142,45.632058124
0.16276245,45.641065748,45.651920799
0.16281738,45.642563652,45.635461782
0.16287231,45.627826975,45.618384541
0.16292725,45.629762142,45.638928908
0.16298218,45.647558526,45.658013612
0.16303711,45.648530918,45.641268470
0.16309204,45.633535253,45.624008134
0.16314697,45.635075280,45.643957953
0.16320190,45.652287317,45.662420445
0.16325684,45.652882731,45.645531528
0.16331177,45.637765525,45.628220055
0.16336670,45.639041597,45.647705603
0.16342163,45.655794142,45.665666502
0.16347656,45.656120988,45.648730602
0.16353149,45.640970262,45.631446465
0.16358643,45.642056349,45.650537068
0.16364136,45.658409108,45.668047793
0.16369629,45.658501274,45.651082180
0.16375122,45.643318055,45.633809905
0.16380615,45.644183930,45.652461059
0.16386108,45.660069664,45.669433592
0.16391602,45.659805715,45.652284939
0.16397095,45.644401920,45.634801938
0.16402588,45.644790141,45.652722029
0.16408081,45.659874912,45.668781768
0.16413574,45.658830579,45.650976721
0.16419067,45.642688410,45.632719286
0.16424561,45.642001380,45.649274846
0.16430054,45.655625639,45.663734161
0.16435547,45.653099279,45.644553184
0.16441040,45.635512489,45.624821932
0.16446533,45.633097736,45.639400400
0.16452026,45.644725308,45.651793015
0.16457520,45.640356014,45.630973500
0.16463013,45.621203045,45.609780378
0.16468506,45.617244216,45.622731603
0.16473999,45.627409922,45.633775310
0.16479492,45.622099200,45.612402961
0.16484985,45.602641674,45.591188221
0.16490479,45.598732229,45.604265479
0.16495972,45.609297739,45.615941109
0.16501465,45.605076778,45.596110039
0.16506958,45.587402167,45.576967218
0.16512451,45.585570981,45.592147939
0.16517944,45.598387759,45.606194058
0.16523438,45.596815840,45.589294483
0.16528931,45.582103552,45.573198108
0.16534424,45.583100048,45.591009311
0.16539917,45.598465959,45.607494607
0.16545410,45.599393539,45.593154798
0.16550903,45.587086057,45.579353765
0.16556396,45.590016391,45.598749610
0.16561890,45.606784520,45.616416898
0.16567383,45.608894845,45.603250853
0.16572876,45.597592892,45.590322715
0.16578369,45.601062455,45.609928398
0.16583862,45.617912373,45.627506364
0.16589355,45.620005084,45.614380882
0.16594849,45.608661681,45.601361961
0.16600342,45.611801095,45.620401569
0.16605835,45.628046269,45.637294504
0.16611328,45.629604141,45.623772804
0.16616821,45.617854085,45.610371082
0.16622314,45.620434938,45.628682147
0.16627808,45.635961738,45.644828563
0.16633301,45.636956800,45.630918898
0.16638794,45.624834640,45.617196723
0.16644287,45.626940411,45.634885443
0.16649780,45.641866391,45.650416387
0.16655273,45.642431804,45.636255396
0.16660767,45.630075198,45.622351613
0.16666260,45.631846375,45.639560455
0.16671753,45.646311149,45.654613705
0.16677246,45.646577103,45.640324428
0.16682739,45.634103853,45.626351053
0.16688232,45.635650421,45.643187764
0.16693726,45.649757229,45.657862649
0.16699219,45.649815274,45.643529018
0.16704712,45.637304700,45.629560052
0.16710205,45.638699692,45.646096393
0.16715698,45.652517174,45.660458964
0.16721191,45.652427172,45.646134783
0.16726685,45.639929956,45.632217112
0.16732178,45.641220580,45.648500346
0.16737671,45.654794056,45.662594534
0.16743164,45.654594808,45.648313655
0.16748657,45.642142406,45.634475736
0.16754150,45.643357723,45.650535352
0.16759644,45.656714601,45.664387143
0.16765137,45.656426307,45.650164301
0.16770630,45.644029488,45.636412564
0.16776123,45.645173750,45.652250743
0.16781616,45.658309926,45.665850739
0.16787109,45.657911400,45.651653724
0.16792603,45.645525621,45.637931466
0.16798096,45.646528824,45.653465623
0.16803589,45.659341436,45.666692309
0.16809082,45.658682610,45.652343863
0.16814575,45.646099067,45.638411379
0.16820068,45.646687575,45.653334855
0.16825562,45.658829582,45.665802142
0.16831055,45.657478897,45.650825679
0.16836548,45.644178990,45.636121313
0.16842041,45.643757223,45.649802900
0.16847534,45.654571908,45.660826341
0.16853027,45.651833174,45.644510021
0.16858521,45.637118411,45.628342725
0.16864014,45.635039434,45.640172965
0.16869507,45.643991126,45.649284052
0.16875000,45.639500012,45.631360661
0.16880493,45.623240923,45.613731642
0.16885986,45.619671912,45.624038443
0.16891479,45.627268618,45.631922984
0.16896973,45.621892091,45.613440912
0.16902466,45.605309617,45.595746549
0.16907959,45.601795837,45.606230613
0.16913452,45.609844587,45.614812132
0.16918945,45.605557974,45.597810599
0.16924438,45.590686364,45.582092851
0.16929932,45.589206493,45.594682627
0.16935425,45.599513472,45.605657545
0.16940918,45.597840636,45.591497723
0.16946411,45.585836358,45.578714460
0.16951904,45.587127760,45.593929633
0.16957397,45.599988867,45.607369819
0.16962891,45.600790139,45.595696558
0.16968384,45.591116817,45.585122884
0.16973877,45.594313660,45.601947816
0.16979370,45.608613736,45.616629379
0.16984863,45.610607871,45.606094522
0.16990356,45.601904021,45.596346238
0.16995850,45.605647387,45.613439585
0.17001343,45.620097163,45.628119934
0.17006836,45.622111556,45.617617018
0.17012329,45.613354606,45.607752824
0.17017822,45.616793615,45.624353413
0.17023315,45.630718474,45.638445629
0.17028809,45.632243856,45.627544805
0.17034302,45.623073928,45.617276588
0.17039795,45.625981360,45.633220472
0.17045288,45.639264740,45.646658346
0.17050781,45.640268967,45.635364045
0.17056274,45.630716557,45.624750055
0.17061768,45.633170386,45.640136584
0.17067261,45.645922645,45.653043332
0.17072754,45.646532433,45.641486994
0.17078247,45.636730439,45.630661981
0.17083740,45.638866182,45.645627876
0.17089233,45.651221188,45.658135283
0.17094727,45.651562274,45.646436923
0.17100220,45.641625994,45.635511158
0.17105713,45.643551061,45.650160876
0.17111206,45.655608734,45.662364694
0.17116699,45.655770517,45.650607416
0.17122192,45.645778857,45.639655135
0.17127686,45.647565627,45.654059000
0.17133179,45.659393062,45.666023408
0.17138672,45.659434841,45.654261663
0.17144165,45.649439489,45.643331331
0.17149658,45.651135885,45.657536553
0.17155151,45.662778313,45.669305126
0.17160645,45.662739965,45.657575152
0.17166138,45.652775418,45.646699103
0.17171631,45.654414099,45.660738518
0.17177124,45.665903165,45.672342051
0.17182617,45.665812531,45.660668805
0.17188110,45.655902630,45.649869366
0.17193604,45.657506748,45.663766824
0.17199097,45.668865579,45.675228066
0.17204590,45.668742912,45.663629392
0.17210083,45.658904757,45.652922540
0.17215576,45.660491402,45.666696130
0.17221069,45.671737647,45.678032637
0.17226563,45.671598304,45.666521776
0.17232056,45.661844628,45.655919369
0.17237549,45.663426940,45.669583408
0.17243042,45.674574649,45.680809305
0.17248535,45.674430757,45.669396476
0.17254028,45.664771421,45.658907665
0.17259521,45.666359926,45.672473955
0.17265015,45.677420748,45.683601076
0.17270508,45.677282288,45.672294493
0.17276001,45.667725250,45.661926634
0.17281494,45.669328736,45.675405300
0.17286987,45.680312714,45.686443940
0.17292480,45.680188237,45.675250496
0.17297974,45.670740206,45.665009776
0.17303467,45.672366318,45.678409830
0.17308960,45.683282434,45.689369266
0.17314453,45.683179559,45.678295007
0.17319946,45.673846445,45.668186877
0.17325439,45.675502102,45.681516618
0.17330933,45.686358660,45.692405479
0.17336426,45.686284429,45.681455942
0.17341919,45.677071678,45.671485430
0.17347412,45.678763377,45.684752742
0.17352905,45.689568287,45.695579281
0.17358398,45.689529430,45.684759752
0.17363892,45.680442263,45.674931702
0.17369385,45.682176312,45.688144274
0.17374878,45.692937311,45.698916584
0.17380371,45.692940452,45.688232295
0.17385864,45.683984061,45.678551554
0.17391357,45.685766762,45.691717063
0.17396851,45.696491590,45.702443248
0.17402344,45.696543413,45.691899541
0.17407837,45.687723125,45.682371118
0.17413330,45.689560929,45.695497382
0.17418823,45.700257478,45.706185704
0.17424316,45.700364875,45.695788174
0.17429810,45.691686289,45.686417376
0.17435303,45.693585934,45.699512488
0.17440796,45.704262385,45.710171506
0.17446289,45.704432589,45.699926131
0.17451782,45.695901705,45.690718693
0.17457275,45.697870345,45.703791156
0.17462769,45.708535298,45.714429851
0.17468262,45.708776009,45.704343120
0.17473755,45.700399359,45.695305333
0.17479248,45.702444692,45.708364182
0.17484741,45.713107293,45.718992089
0.17490234,45.713426810,45.709071133
0.17495728,45.705211586,45.700209973
0.17501221,45.707341987,45.713264912
0.17506714,45.718012064,45.723892255
0.17512207,45.718419421,45.714144982
0.17517700,45.710373613,45.705468249
0.17523193,45.712598274,45.718529796
0.17528687,45.723286482,45.729167638
0.17534180,45.723791597,45.719602883
0.17539673,45.715924146,45.711119356
0.17545166,45.718253232,45.724199000
0.17550659,45.728971218,45.734859405
0.17556152,45.729585057,45.725487099
0.17561646,45.721906026,45.717206710
0.17567139,45.724350855,45.730317091
0.17572632,45.735111436,45.741013312
0.17578125,45.735846207,45.731844675
0.17583618,45.728366975,45.723778704
0.17589111,45.730940218,45.736933822
0.17594604,45.741757597,45.747680516
0.17600098,45.742626965,45.738728278
0.17605591,45.735360454,45.730889590
0.17611084,45.738076373,45.744105044
0.17616577,45.748966384,45.754918525
0.17622070,45.749985728,45.746197188
0.17627563,45.742946672,45.738600497
0.17633057,45.745821396,45.751893775
0.17638550,45.756801795,45.762792309
0.17644043,45.757988514,45.754318457
0.17649536,45.751193773,45.746980656
0.17655029,45.754245633,45.760371466
0.17660522,45.765336444,45.771375628
0.17666016,45.766710317,45.763168295
0.17671509,45.760179254,45.756108840
0.17677002,45.763429176,45.769619521
0.17682495,45.774653108,45.780752621
0.17687988,45.776236730,45.772833735
0.17693481,45.769991670,45.766075110
0.17698975,45.773463653,45.779731122
0.17704468,45.784846600,45.791019716
0.17709961,45.786665908,45.783414642
0.17715454,45.780732690,45.776982925
0.17720947,45.784454388,45.790813442
0.17726440,45.796026044,45.802287962
0.17731934,45.798110960,45.795026158
0.17737427,45.792519610,45.788951716
0.17742920,45.796523045,45.802990360
0.17748413,45.808317651,45.814685884
0.17753906,45.810702873,45.807801709
0.17759399,45.805488440,45.802120052
0.17764893,45.809810878,45.816405791
0.17770386,45.821868150,45.828362990
0.17775879,45.824594129,45.821896713
0.17781372,45.819797713,45.816649549
0.17786865,45.824482755,45.831227819
0.17792358,45.836849037,45.843494150
0.17797852,45.839963196,45.837493197
0.17803345,45.835633241,45.832729763
0.17808838,45.840732188,45.847653875
0.17814331,45.853461899,45.860285063
0.17819824,45.857020169,45.854805599
0.17825317,45.853214085,45.850584332
0.17830811,45.858787666,45.865917246
0.17836304,45.871945133,45.878979172
0.17841797,45.876013893,45.874088103
0.17847290,45.872800128,45.870478770
0.17852783,45.878920696,45.886295361
0.17858276,45.892582491,45.899866478
0.17863770,45.897241065,45.895644018
0.17869263,45.894701755,45.892730452
0.17874756,45.901456114,45.909120431
0.17880249,45.915714078,45.923294879
0.17885742,45.921057954,45.919837877
0.17891235,45.919292365,45.917721535
0.17896729,45.926785456,45.934793252
0.17902222,45.941750629,45.949684922
0.17907715,45.947895674,45.947111222
0.17913208,45.947024720,45.945915851
0.17918701,45.955384456,45.963801304
0.17924194,45.971192278,45.979549222
0.17929687,45.978280319,45.978003439
0.17935181,45.978452554,45.977881289
0.17940674,45.987836275,45.996742809
0.17946167,46.004653532,46.013518338
0.17951660,46.012859840,46.013179621
0.17957153,46.014259536,46.014319826
0.17962646,46.024862728,46.034359131
0.17968140,46.042896972,46.052375756
0.17973633,46.052440458,46.053468382
0.17979126,46.055298646,46.056108438
0.17984619,46.067366909,46.077579081
0.17990112,46.086879454,46.097105933
0.17995605,46.098036786,46.099914007
0.18001099,46.102646609,46.104355768
0.18006592,46.116492382,46.127580578
0.18012085,46.137816542,46.148961456
0.18017578,46.150942058,46.153849699
0.18023071,46.157680550,46.160482121
0.18028564,46.173706954,46.185878113
0.18034058,46.197274182,46.209558823
0.18039551,46.212828595,46.217002600
0.18045044,46.222188236,46.226334788
0.18050537,46.240923828,46.254449587
0.18056030,46.267302049,46.281018139
0.18061523,46.285894792,46.291647905
0.18067017,46.298530364,46.304358317
0.18072510,46.320681058,46.335924723
0.18078003,46.350632293,46.366171931
0.18083496,46.373085550,46.380840608
0.18088989,46.389885373,46.397852055
0.18094482,46.416413748,46.433871560
0.18099976,46.450982426,46.468884042
0.18105469,46.478429402,46.488770456
0.18110962,46.500624475,46.511364852
0.18116455,46.532870537,46.553234360
0.18121948,46.573516265,46.594533384
0.18127441,46.607545725,46.621292615
0.18132935,46.636864668,46.651270837
0.18138428,46.676708166,46.700948014
0.18143921,46.725469873,46.750653374
0.18149414,46.768282996,46.786568067
0.18154907,46.807087823,46.826372283
0.18160400,46.857043100,46.886445823
0.18165894,46.916566021,46.947263318
0.18171387,46.970900806,46.995109629
0.18176880,47.021966443,47.047521723
0.18182373,47.084768958,47.120691591
0.18187866,47.157647925,47.195124620
0.18193359,47.225833202,47.257072576
0.18198853,47.291079420,47.323778984
0.18204346,47.368087480,47.411092370
0.18209839,47.454967970,47.499399970
0.18215332,47.536803287,47.574800570
0.18220825,47.615092076,47.654178378
0.18226318,47.704201977,47.753046092
0.18231812,47.802067253,47.851768889
0.18237305,47.893769875,47.936489700
0.18242798,47.980799929,48.024032003
0.18248291,48.077529810,48.129953017
0.18253784,48.182118576,48.235022036
0.18259277,48.280072493,48.325854587
0.18264771,48.373273969,48.419592688
0.18270264,48.476423670,48.532111712
0.18275757,48.588100447,48.644705600
0.18281250,48.694266585,48.744406842
0.18286743,48.797054955,48.848446650
0.18292236,48.911192997,48.972640996
0.18297729,49.035256092,49.098332898
0.18303223,49.155178600,49.212471175
0.18308716,49.272873841,49.331928774
0.18314209,49.402710746,49.472132897
0.18319702,49.543014547,49.614307845
0.18325195,49.679614854,49.745332141
0.18330688,49.814301648,49.881902409
0.18336182,49.961325549,50.039361526
0.18341675,50.119090405,50.199175596
0.18347168,50.273671546,50.348500671
0.18352661,50.427042021,50.504128604
0.18358154,50.593539085,50.681461084
0.18363647,50.771708540,50.862191406
0.18369141,50.947779674,51.033582934
0.18374634,51.123675737,51.212223643
0.18380127,51.313480528,51.413187812
0.18385620,51.515482142,51.617976398
0.18391113,51.715662831,51.813570736
0.18396606,51.915554705,52.016055653
0.18402100,52.128758125,52.240013163
0.18407593,52.353220264,52.466748052
0.18413086,52.574758059,52.683126838
0.18418579,52.794757043,52.905055815
0.18424072,53.026714423,53.147066039
0.18429565,53.268702847,53.390764465
0.18435059,53.506864331,53.623392575
0.18440552,53.742886212,53.861092361
0.18446045,53.990504830,54.118620381
0.18451538,54.248102133,54.377980451
0.18457031,54.502142250,54.626688621
0.18462524,54.754425418,54.880842491
0.18468018,55.018579023,55.155002823
0.18473511,55.292836018,55.431067570
0.18479004,55.563482418,55.696320899
0.18484497,55.831967405,55.966386168
0.18489990,56.111455527,56.255343587
0.18495483,56.399846816,56.544897159
0.18500977,56.683277612,56.822241526
0.18506470,56.963107209,57.102906293
0.18511963,57.252523562,57.401086758
0.18517456,57.549769768,57.699055388
0.18522949,57.841641713,57.984781300
0.18528442,58.130277598,58.274583748
0.18533936,58.429727652,58.583578469
0.18539429,58.739287974,58.895231785
0.18544922,59.046898407,59.198640334
0.18550415,59.355650445,59.510916374
0.18555908,59.680255374,59.847694801
0.18561401,60.020449644,60.192811589
0.18566895,60.364299976,60.535275328
0.18572388,60.714485214,60.891464307
0.18577881,61.084763081,61.275815388
0.18583374,61.473584593,61.670781689
0.18588867,61.867470805,62.063671892
0.18594360,62.267240275,62.468829430
0.18599854,62.684627426,62.898641338
0.18605347,63.116219210,63.333864877
0.18610840,63.546964616,63.760368104
0.18616333,63.976349157,64.191260824
0.18621826,64.415104674,64.638132383
0.18627319,64.859357231,65.081613898
0.18632813,65.294128879,65.507869952
0.18638306,65.719310307,65.930531886
0.18643799,66.146321878,66.362031686
0.18649292,66.572357474,66.784300462
0.18654785,66.983801540,67.184956309
0.18660278,67.381963543,67.579023087
0.18665771,67.779685766,67.980369527
0.18671265,68.175699920,68.372569504
0.18676758,68.557987838,68.744818673
0.18682251,68.929304609,69.113461495
0.18687744,69.303744907,69.493537010
0.18693237,69.681204336,69.869782810
0.18698730,70.050661507,70.232253076
0.18704224,70.415461976,70.597624416
0.18709717,70.789819725,70.980829249
0.18715210,71.173380401,71.366214708
0.18720703,71.554460882,71.742921800
0.18726196,71.935178964,72.126080371
0.18731689,72.328021817,72.528684340
0.18737183,72.730680824,72.933092327
0.18742676,73.129440313,73.326367435
0.18748169,73.524339346,73.721538411
0.18753662,73.925953815,74.129836346
0.18759155,74.330581008,74.532575716
0.18764648,74.723769861,74.916401759
0.18770142,75.105413791,75.294468512
0.18775635,75.486556379,75.678803885
0.18781128,75.864668958,76.052286731
0.18786621,76.227036009,76.403509027
0.18792114,76.575502389,76.747606325
0.18797607,76.923070765,77.098548436
0.18803101,77.269116652,77.441101326
0.18808594,77.602572823,77.765302202
0.18814087,77.926379910,78.087043492
0.18819580,78.254017097,78.420473468
0.18825073,78.584865908,78.750184445
0.18830566,78.907445102,79.065566443
0.18836060,79.223817832,79.381390081
0.18841553,79.546269238,79.710502703
0.18847046,79.872962228,80.036345556
0.18852539,80.191281286,80.347200389
0.18858032,80.502169693,80.656702525
0.18863525,80.816857539,80.976704749
0.18869019,81.132675483,81.289978422
0.18874512,81.436378230,81.584235467
0.18880005,81.728322730,81.872508696
0.18885498,82.019215926,82.166184729
0.18890991,82.306115276,82.447946970
0.18896484,82.575803441,82.705661820
0.18901978,82.828887162,82.952701591
0.18907471,83.076611417,83.201167933
0.18912964,83.317031357,83.435025488
0.18918457,83.538354203,83.643734279
0.18923950,83.742819186,83.842350996
0.18929443,83.943411321,84.044769204
0.18934937,84.140050177,84.236903896
0.18940430,84.322793447,84.409996574
0.18945923,84.495458322,84.580489826
0.18951416,84.672253144,84.763328417
0.18956909,84.854036202,84.945260053
0.18962402,85.031441943,85.117872566
0.18967896,85.208289234,85.297274443
0.18973389,85.398153137,85.497466850
0.18978882,85.600711172,85.703781166
0.18984375,85.804843853,85.905726469
0.18989868,86.011955127,86.116645697
0.18995361,86.232704613,86.347429943
0.19000854,86.463749728,86.580442492
0.19006348,86.691174130,86.802542567
0.19011841,86.914040109,87.025001611
0.19017334,87.141470261,87.257662990
0.19022827,87.369761069,87.483205785
0.19028320,87.585860899,87.689933825
0.19033813,87.790637843,87.891322192
0.19039307,87.995633600,88.099883480
0.19044800,88.199842642,88.301080676
0.19050293,88.392663681,88.485403653
0.19055786,88.576578077,88.667403358
0.19061279,88.763629238,88.859511458
0.19066772,88.952290310,89.046208478
0.19072266,89.130609002,89.216237340
0.19077759,89.299163656,89.382031466
0.19083252,89.468087915,89.554242770
0.19088745,89.634609398,89.716591511
0.19094238,89.786592881,89.858208337
0.19099731,89.925541403,89.992996717
0.19105225,90.063532599,90.134047793
0.19110718,90.200526821,90.268168301
0.19116211,90.327340485,90.387393589
0.19121704,90.447877555,90.507590733
0.19127197,90.575505932,90.642496110
0.19132690,90.710126714,90.778165056
0.19138184,90.841055262,90.904375766
0.19143677,90.969359330,91.033524974
0.19149170,91.104770943,91.175452707
0.19154663,91.243601668,91.312845137
0.19160156,91.372374098,91.433205272
0.19165649,91.490678373,91.548201904
0.19171143,91.608494781,91.668872073
0.19176636,91.724299100,91.781062873
0.19182129,91.828374091,91.876720652
0.19187622,91.924900189,91.972345869
0.19193115,92.028436190,92.083387462
0.19198608,92.141240307,92.198937402
0.19204102,92.255765262,92.312118258
0.19209595,92.376074168,92.438045015
0.19215088,92.514155945,92.588374481
0.19220581,92.667616239,92.746618606
0.19226074,92.822793254,92.899166278
0.19231567,92.976969045,93.054186008
0.19237061,93.135762686,93.217407918
0.19242554,93.291986770,93.368586717
0.19248047,93.429590230,93.493045585
0.19253540,93.546236839,93.600770189
0.19259033,93.650772383,93.702148855
0.19264526,93.741823489,93.783988324
0.19270020,93.810951365,93.839916011
0.19275513,93.864043823,93.888194204
0.19281006,93.917607537,93.946369050
0.19286499,93.976361222,94.006377970
0.19291992,94.035473163,94.064013481
0.19297485,94.101282069,94.136292692
0.19302979,94.187493768,94.236355754
0.19308472,94.293251944,94.349314365
0.19313965,94.406129864,94.462495759
0.19319458,94.523793386,94.583902222
0.19324951,94.651423167,94.718488159
0.19330444,94.781103962,94.845316338
0.19335938,94.895817057,94.948512862
0.19341431,94.991666672,95.036123256
0.19346924,95.075578829,95.116549660
0.19352417,95.144625682,95.175444930
0.19357910,95.189395265,95.205677052
0.19363403,95.215139969,95.224976149
0.19368896,95.238310710,95.251233119
0.19374390,95.264763831,95.278309380
0.19379883,95.291980004,95.304768875
0.19385376,95.329191749,95.350673073
0.19390869,95.393375341,95.432638160
0.19396362,95.487437777,95.539874132
0.19401855,95.602710769,95.663242928
0.19407349,95.739626157,95.812802794
0.19412842,95.904679421,95.994070877
0.19418335,96.089875533,96.185418656
0.19423828,96.276401383,96.368146593
0.19429321,96.456287049,96.544967774
0.19434814,96.630280958,96.717163701
0.19440308,96.788023882,96.862578533
0.19445801,96.911976504,96.965608997
0.19451294,96.998862930,97.035306870
0.19456787,97.057104505,97.082026925
0.19462280,97.086359031,97.094679912
0.19467773,97.080465816,97.069489267
0.19473267,97.047675094,97.026858040
0.19478760,97.006973989,96.987023358
0.19484253,96.966713611,96.946495777
0.19489746,96.926708986,96.905931148
0.19495239,96.897790885,96.886492484
0.19500732,96.897903327,96.905548740
0.19506226,96.930952541,96.953543001
0.19511719,96.989337632,97.022303104
0.19517212,97.074112830,97.122165711
0.19522705,97.192024874,97.258801934
0.19528198,97.335517799,97.411309579
0.19533691,97.486309147,97.561402938
0.19539185,97.636408646,97.711352385
0.19544678,97.785961745,97.861613234
0.19550171,97.923926012,97.989490565
0.19555664,98.031920634,98.078306134
0.19561157,98.105123217,98.135088882
0.19566650,98.149826088,98.167874338
0.19572144,98.163670524,98.163836799
0.19577637,98.138726981,98.117444434
0.19583130,98.081378667,98.047099511
0.19588623,98.008915634,97.971553592
0.19594116,97.928920487,97.887244820
0.19599609,97.841477975,97.795498989
0.19605103,97.758261175,97.718494793
0.19610596,97.698681169,97.675459311
0.19616089,97.669203300,97.660111031
0.19621582,97.665660618,97.667965090
0.19627075,97.692621975,97.712735734
0.19632568,97.760175473,97.803368075
0.19638062,97.864147261,97.922485230
0.19643555,97.989293925,98.054457461
0.19649048,98.129462734,98.202607112
0.19654541,98.285217522,98.367129087
0.19660034,98.444867921,98.524301866
0.19665527,98.588182203,98.654837733
0.19671021,98.706770856,98.761228039
0.19676514,98.801841886,98.845780865
0.19682007,98.865251546,98.889782541
0.19687500,98.882934500,98.881330651
0.19692993,98.854740512,98.832073787
0.19698486,98.791614440,98.754699878
0.19703979,98.696055177,98.641485391
0.19709473,98.564766321,98.491177553
0.19714966,98.407590095,98.324847621
0.19720459,98.243922894,98.162729320
0.19725952,98.082588801,98.002265994
0.19731445,97.923938129,97.844385182
0.19736938,97.778336690,97.709039656
0.19742432,97.662492086,97.612176045
0.19747925,97.579596308,97.544215524
0.19753418,97.521843161,97.496736547
0.19758911,97.489474356,97.478701838
0.19764404,97.487949616,97.494435944
0.19769897,97.509127428,97.523207957
0.19775391,97.534727148,97.546712075
0.19780884,97.556158473,97.566047375
0.19786377,97.572436132,97.580438531
0.19791870,97.571981380,97.567347510
0.19797363,97.536331949,97.509924830
0.19802856,97.459838912,97.413729077
0.19808350,97.347265728,97.285073870
0.19813843,97.195092598,97.110539361
0.19819336,96.994391114,96.883346989
0.19824829,96.749430151,96.618939879
0.19830322,96.474208986,96.332325867
0.19835815,96.172796657,96.016676534
0.19841309,95.841243891,95.668679119
0.19846802,95.485340950,95.303410144
0.19852295,95.116692223,94.931461369
0.19857788,94.733018867,94.537704654
0.19863281,94.320275406,94.106890152
0.19868774,93.870849946,93.639140033
0.19874268,93.380457269,93.128099687
0.19879761,92.829534591,92.540898405
0.19885254,92.186436311,91.844719022
0.19890747,91.426625456,91.023286689
0.19896240,90.530594802,90.056085252
0.19901733,89.466268737,88.899290247
0.19907227,88.192980976,87.512931056
0.19912720,86.681262259,85.877952246
0.19918213,84.911393730,83.976118423
0.19923706,82.856480885,81.771626967
0.19929199,80.486945733,79.238624528
0.19934692,77.790644121,76.378558720
0.19940186,74.771667814,73.200302721
0.19945679,71.433445703,69.701641802
0.19951172,67.782715509,65.895889093
0.19956665,63.848477614,61.827794584
0.19962158,59.679124055,57.551764173
0.19967651,55.323362239,53.110908360
0.19973145,50.831434998,48.560569552
0.19978638,46.270989158,43.981092290
0.19984131,41.721277230,39.453288668
0.19989624,37.251626103,35.035318779
0.19995117,32.920796926,30.784637906
0.20000610,28.791852739,26.770304624
0.20006104,24.926543395,23.049272966
0.20011597,21.365118273,19.645171967
0.20017090,18.127861573,16.572731597
0.20022583,15.232739606,13.853182509
0.20028076,12.693043419,11.494009587
0.20033569,10.500576538,9.471079819
0.20039063,8.630175592,7.755720469
0.20044556,7.059717658,6.332183073
0.20050049,5.769518269,5.178851934
0.20055542,4.726580797,4.251061867
0.20061035,3.889322658,3.507887680
0.20066528,3.227051805,2.928795562
0.20072021,2.718434129,2.493782943
0.20077515,2.334569443,2.164921251
0.20083008,2.042293169,1.911554369
0.20088501,1.822149433,1.725497807
0.20093994,1.665577351,1.600058805
0.20099487,1.556988775,1.510719990
0.20104980,1.476213772,1.439484029
0.20110474,1.415784333,1.389527284
0.20115967,1.377759022,1.364045458
0.20121460,1.355713341,1.346964016
0.20126953,1.337150254,1.327191575
0.20132446,1.320775560,1.313330487
0.20137939,1.313479139,1.312781993
0.20143433,1.312595607,1.312762715
0.20148926,1.308496613,1.304618016
0.20154419,1.301960173,1.298639745
0.20159912,1.301324099,1.303408762
0.20165405,1.304974038,1.307050836
0.20170898,1.304041523,1.301522489
0.20176392,1.299776763,1.297441050
0.20181885,1.300780987,1.303571838
0.20187378,1.305634290,1.308240355
0.20192871,1.305623762,1.303522097
0.20198364,1.302057527,1.300029231
0.20203857,1.303525585,1.306497446
0.20209351,1.308627638,1.311319769
0.20214844,1.308701796,1.306616216
0.20220337,1.305058716,1.302959310
0.20225830,1.306254898,1.309046475
0.20231323,1.310908150,1.313344854
0.20236816,1.310418510,1.308034824
0.20242310,1.306117198,1.303669973
0.20247803,1.306547942,1.308930655
0.20253296,1.310366174,1.312376250
0.20258789,1.309049981,1.306261688
0.20264282,1.303963052,1.301131351
0.20269775,1.303643036,1.305652338
0.20275269,1.306783267,1.308473014
0.20280762,1.304933682,1.301913613
0.20286255,1.299478757,1.296495129
0.20291748,1.298933405,1.300852277
0.20297241,1.302007286,1.303698290
0.20302734,1.300296681,1.297391597
0.20308228,1.295179205,1.292401487
0.20313721,1.295118365,1.297301222
0.20319214,1.298810918,1.300839391
0.20324707,1.297870910,1.295384764
0.20330200,1.293642981,1.291330429
0.20335693,1.294516570,1.297167350
0.20341187,1.299156533,1.301662241
0.20346680,1.299180135,1.297182196
0.20352173,1.295890221,1.294038427
0.20357666,1.297599410,1.300639841
0.20363159,1.302943442,1.305776617
0.20368652,1.303551085,1.301825349
0.20374146,1.300697541,1.299032552
0.20379639,1.302638043,1.305746931
0.20385132,1.308002492,1.310806937
0.20390625,1.308457354,1.306626287
0.20396118,1.305278876,1.303416680
0.20401611,1.306694855,1.309496855
0.20407104,1.311358645,1.313782029
0.20412598,1.311001867,1.308749509
0.20418091,1.306926967,1.304600121
0.20423584,1.307356117,1.309642495
0.20429077,1.310983133,1.312882851
0.20434570,1.309616446,1.306871109
0.20440063,1.304591298,1.301801412
0.20445557,1.304125656,1.305970996
0.20451050,1.306949512,1.308469763
0.20456543,1.304938487,1.301908201
0.20462036,1.299446838,1.296458172
0.20467529,1.298670996,1.300386447
0.20473022,1.301356338,1.302844026
0.20478516,1.299422268,1.296477554
0.20484009,1.294217472,1.291411760
0.20489502,1.293891845,1.295857804
0.20494995,1.297180887,1.299002315
0.20500488,1.296023001,1.293503856
0.20505981,1.291738327,1.289418229
0.20511475,1.292409652,1.294881639
0.20516968,1.296744377,1.299099202
0.20522461,1.296684612,1.294727817
0.20527954,1.293510675,1.291745340
0.20533447,1.295231352,1.298208301
0.20538940,1.300523137,1.303339377
0.20544434,1.301333353,1.299797664
0.20549927,1.298909015,1.297492244
0.20555420,1.301196315,1.304413718
0.20560913,1.306856281,1.309819517
0.20566406,1.307860522,1.306391868
0.20571899,1.305445442,1.303995618
0.20577393,1.307520155,1.310582097
0.20582886,1.312757019,1.315470546
0.20588379,1.313179039,1.311393533
0.20593872,1.310038959,1.308198474
0.20599365,1.311234507,1.313822201
0.20604858,1.315472224,1.317666792
0.20610352,1.314845656,1.312532436
0.20615845,1.310639219,1.308262550
0.20621338,1.310750208,1.312788053
0.20626831,1.313925035,1.315596675
0.20632324,1.312328185,1.309554108
0.20637817,1.307271554,1.304493477
0.20643311,1.306643544,1.308329174
0.20648804,1.309217607,1.310619467
0.20654297,1.307212595,1.304277385
0.20659790,1.301948848,1.299105761
0.20665283,1.301285039,1.302980784
0.20670776,1.303999169,1.305507885
0.20676270,1.302341032,1.299623805
0.20681763,1.297616259,1.295078341
0.20687256,1.297631484,1.299687608
0.20692749,1.301147754,1.303083013
0.20698242,1.300425644,1.298205756
0.20703735,1.296738284,1.294736210
0.20709229,1.297825240,1.300416772
0.20714722,1.302418186,1.304893595
0.20720215,1.302779075,1.301104654
0.20725708,1.300143045,1.298657562
0.20731201,1.302181252,1.305221698
0.20736694,1.307598449,1.310462158
0.20742188,1.308664329,1.307322154
0.20747681,1.306586815,1.305349645
0.20753174,1.308983606,1.312157904
0.20758667,1.314550743,1.317450535
0.20764160,1.315586610,1.314198333
0.20769653,1.313295440,1.311914402
0.20775146,1.315266712,1.318181744
0.20780640,1.320213203,1.322767656
0.20786133,1.320486698,1.318694790
0.20791626,1.317311263,1.315464265
0.20797119,1.318269529,1.320648854
0.20802612,1.322108904,1.324095358
0.20808105,1.321248365,1.318890054
0.20813599,1.316941610,1.314529926
0.20819092,1.316769974,1.318580832
0.20824585,1.319516276,1.320967313
0.20830078,1.317662957,1.314833469
0.20835571,1.312486044,1.309663274
0.20841064,1.311555211,1.313003821
0.20846558,1.313675396,1.314842580
0.20852051,1.311377002,1.308365131
0.20857544,1.305941866,1.303025684
0.20863037,1.304911090,1.306335483
0.20868530,1.307094419,1.308327355
0.20874023,1.305052996,1.302211387
0.20879517,1.300058162,1.297396348
0.20885010,1.299607210,1.301342903
0.20890503,1.302500151,1.304114868
0.20895996,1.301315068,1.298933546
0.20901489,1.297300275,1.295150492
0.20906982,1.297897973,1.300165054
0.20912476,1.301887924,1.304061745
0.20917969,1.301855544,1.300064076
0.20923462,1.299018085,1.297459302
0.20928955,1.300756410,1.303580070
0.20934448,1.305825376,1.308527628
0.20939941,1.306815046,1.305526192
0.20945435,1.304911760,1.303800465
0.20950928,1.307438308,1.310621218
0.20956421,1.313130790,1.316113891
0.20961914,1.314593113,1.313514271
0.20967407,1.312993417,1.311999095
0.20972900,1.315612436,1.318794801
0.20978394,1.321185959,1.324070428
0.20983887,1.322352072,1.321094628
0.20989380,1.320282728,1.319018985
0.20994873,1.322239404,1.325048549
0.21000366,1.326979762,1.329417497
0.21005859,1.327196747,1.325447197
0.21011353,1.324084876,1.322281820
0.21016846,1.324902389,1.327119462
0.21022339,1.328440995,1.330269406
0.21027832,1.327456429,1.325111596
0.21033325,1.323169727,1.320784838
0.21038818,1.322835862,1.324478201
0.21044312,1.325276349,1.326569619
0.21049805,1.323301730,1.320487976
0.21055298,1.318148914,1.315354975
0.21060791,1.317056977,1.318337110
0.21066284,1.318862928,1.319865807
0.21071777,1.316416921,1.313403520
0.21077271,1.310956842,1.308040358
0.21082764,1.309691867,1.310906721
0.21088257,1.311461398,1.312474809
0.21093750,1.309143365,1.306229621
0.21099243,1.303966690,1.301220801
0.21104736,1.303102558,1.304535423
0.21110229,1.305385936,1.306680066
0.21115723,1.303716723,1.301157034
0.21121216,1.299310211,1.296971456
0.21126709,1.299295664,1.301163363
0.21132202,1.302499579,1.304269403
0.21137695,1.301839398,1.299804617
0.21143188,1.298512171,1.296724975
0.21148682,1.299600289,1.302018263
0.21154175,1.303916045,1.306244919
0.21159668,1.304388091,1.302926243
0.21165161,1.302189045,1.300963100
0.21170654,1.304348758,1.307285642
0.21176147,1.309660239,1.312473268
0.21181641,1.311059445,1.310050440
0.21187134,1.309692839,1.308862503
0.21192627,1.312538677,1.315784289
0.21198120,1.318374275,1.321418997
0.21203613,1.320149447,1.319302442
0.21209106,1.318994543,1.318236353
0.21214600,1.321849629,1.325055236
0.21220093,1.327492353,1.330403196
0.21225586,1.328904529,1.327846613
0.21231079,1.327220415,1.326164510
0.21236572,1.329362915,1.332172366
0.21242065,1.334130692,1.336575377
0.21247559,1.334557002,1.332989227
0.21253052,1.331797724,1.330187015
0.21258545,1.332773759,1.334978851
0.21264038,1.336316304,1.338140460
0.21269531,1.335517510,1.333342276
0.21275024,1.331558456,1.329353180
0.21280518,1.331357699,1.332975569
0.21286011,1.333774525,1.335049095
0.21291504,1.331951864,1.329289202
0.21296997,1.327085232,1.324448690
0.21302490,1.326078115,1.327308607
0.21307983,1.327803536,1.328757391
0.21313477,1.325440077,1.322540235
0.21318970,1.320182932,1.317379531
0.21324463,1.318906779,1.320021819
0.21329956,1.320485798,1.321392273
0.21335449,1.318123208,1.315255784
0.21340942,1.313005102,1.310296806
0.21346436,1.311970828,1.313221923
0.21351929,1.313890961,1.314988999
0.21357422,1.311990166,1.309380266
0.21362915,1.307443865,1.305041506
0.21368408,1.307055678,1.308639387
0.21373901,1.309692477,1.311164277
0.21379395,1.308600117,1.306415432
0.21384888,1.304942904,1.302999427
0.21390381,1.305487685,1.307541538
0.21395874,1.309095300,1.311061478
0.21401367,1.309029053,1.307371158
0.21406860,1.306437367,1.305032767
0.21412354,1.308044626,1.310624007
0.21417847,1.312698895,1.315186596
0.21423340,1.313673585,1.312537645
0.21428833,1.312094202,1.311188272
0.21434326,1.314636499,1.317662939
0.21439819,1.320130714,1.323020863
0.21445312,1.321857066,1.321082147
0.21450806,1.320917535,1.320307783
0.21456299,1.323941759,1.327173090
0.21461792,1.329747678,1.332761729
0.21467285,1.331630994,1.330907167
0.21472778,1.330682286,1.330034172
0.21478271,1.333500295,1.336585558
0.21483765,1.338908081,1.341687706
0.21489258,1.340235786,1.339207130
0.21494751,1.338582640,1.337552892
0.21500244,1.340536690,1.343155342
0.21505737,1.344945153,1.347201718
0.21511230,1.345189610,1.343607480
0.21516724,1.342392469,1.340779222
0.21522217,1.343142467,1.345144452
0.21527710,1.346318354,1.347956434
0.21533203,1.345356303,1.343180674
0.21538696,1.341401184,1.339218734
0.21544189,1.341037994,1.342488998
0.21549683,1.343168904,1.344300750
0.21555176,1.341273467,1.338657002
0.21560669,1.336505766,1.333940243
0.21566162,1.335432498,1.336544613
0.21571655,1.336963801,1.337819543
0.21577148,1.334607043,1.331790171
0.21582642,1.329510907,1.326805997
0.21588135,1.328210700,1.329224643
0.21593628,1.329613050,1.330424978
0.21599121,1.327243650,1.324445917
0.21604614,1.322238822,1.319598396
0.21610107,1.321098084,1.322200344
0.21615601,1.322722278,1.323658707
0.21621094,1.320655103,1.318026900
0.21626587,1.316022270,1.313580092
0.21632080,1.315290933,1.316600670
0.21637573,1.317360513,1.318528281
0.21643066,1.315797630,1.313436040
0.21648560,1.311722764,1.309568970
0.21654053,1.311576118,1.313179198
0.21659546,1.314260359,1.315743177
0.21665039,1.313368618,1.311356787
0.21670532,1.310018684,1.308236940
0.21676025,1.310624998,1.312605926
0.21681519,1.314092779,1.315975198
0.21687012,1.314038994,1.312459822
0.21692505,1.311574437,1.310243559
0.21697998,1.313081915,1.315512174
0.21703491,1.317461606,1.319803597
0.21708984,1.318345354,1.317242590
0.21714478,1.316827396,1.315970075
0.21719971,1.319249235,1.322125618
0.21725464,1.324496474,1.327264157
0.21730957,1.326207089,1.325512026
0.21736450,1.325451808,1.324961448
0.21741943,1.328526239,1.331702453
0.21747437,1.334299377,1.337306217
0.21752930,1.336416308,1.335903285
0.21758423,1.335928821,1.335543682
0.21763916,1.339094862,1.342277913
0.21769409,1.344778229,1.347706244
0.21774902,1.346645404,1.345979169
0.21780396,1.345746210,1.345122788
0.21785889,1.348319844,1.351167777
0.21791382,1.353244604,1.355763285
0.21796875,1.354227944,1.353099184
0.21802368,1.352336584,1.351196044
0.21807861,1.353808185,1.356080877
0.21813354,1.357549972,1.359464479
0.21818848,1.357321381,1.355585366
0.21824341,1.354213473,1.352464240
0.21829834,1.354465983,1.356126041
0.21835327,1.357014450,1.358340390
0.21840820,1.355665684,1.353387967
0.21846313,1.351527184,1.349280218
0.21851807,1.350830076,1.352028008
0.21857300,1.352525093,1.353445459
0.21862793,1.350451611,1.347840005
0.21868286,1.345718176,1.343198369
0.21873779,1.344532016,1.345502205
0.21879272,1.345844233,1.346595554
0.21884766,1.343513007,1.340799564
0.21890259,1.338635994,1.336065376
0.21895752,1.337386732,1.338336713
0.21901245,1.338708893,1.339480655
0.21906738,1.336473750,1.333827491
0.21912231,1.331764727,1.329290673
0.21917725,1.330720520,1.331775863
0.21923218,1.332277889,1.333174376
0.21928711,1.330323158,1.327828351
0.21934204,1.325928949,1.323617736
0.21939697,1.325203708,1.326415198
0.21945190,1.327082437,1.328141563
0.21950684,1.325472000,1.323156507
0.21956177,1.321440116,1.319312608
0.21961670,1.321071055,1.322455612
0.21967163,1.323303816,1.324541311
0.21972656,1.322071100,1.319952036
0.21978149,1.318440725,1.316517892
0.21983643,1.318477324,1.320061944
0.21989136,1.321127525,1.322577987
0.21994629,1.320352474,1.318473164
0.22000122,1.317221845,1.315556480
0.22005615,1.317781377,1.319628480
0.22011108,1.320984615,1.322719393
0.22016602,1.320818904,1.319258223
0.22022095,1.318352218,1.317028718
0.22027588,1.319606479,1.321803250
0.22033081,1.323535590,1.325641004
0.22038574,1.324145024,1.322984127
0.22044067,1.322491986,1.321581651
0.22049561,1.324564766,1.327167605
0.22055054,1.329307155,1.331819310
0.22060547,1.330732131,1.329981528
0.22066040,1.329876185,1.329359154
0.22071533,1.332685283,1.335639873
0.22077026,1.338085946,1.340912771
0.22082520,1.340093639,1.339621466
0.22088013,1.339722051,1.339426249
0.22093506,1.342876024,1.345971340
0.22098999,1.348469248,1.351363580
0.22104492,1.350527433,1.350054942
0.22109985,1.350052706,1.349674131
0.22115479,1.352923144,1.355837697
0.22120972,1.358056268,1.360687834
0.22126465,1.359506326,1.358703921
0.22131958,1.358283286,1.357502924
0.22137451,1.360258042,1.362693178
0.22142944,1.364370498,1.366469983
0.22148438,1.364720103,1.363355748
0.22153931,1.362338937,1.360968695
0.22159424,1.363101923,1.364918457
0.22164917,1.365978737,1.367458745
0.22170410,1.365117375,1.363156352
0.22175903,1.361571577,1.359628473
0.22181396,1.361216187,1.362480118
0.22186890,1.363042990,1.364013936
0.22192383,1.361237848,1.358829109
0.22197876,1.356863396,1.354528200
0.22203369,1.355780254,1.356696850
0.22208862,1.356987227,1.357671144
0.22214355,1.354692770,1.352067499
0.22219849,1.349953884,1.347459875
0.22225342,1.348603710,1.349401989
0.22230835,1.349636253,1.350252244
0.22236328,1.347272513,1.344635256
0.22241821,1.342556031,1.340089759
0.22247314,1.341286898,1.342133070
0.22252808,1.342450670,1.343143098
0.22258301,1.340279027,1.337751738
0.22263794,1.335802045,1.333463430
0.22269287,1.334788314,1.335761324
0.22274780,1.336217485,1.337045728
0.22280273,1.334335194,1.331959465
0.22285767,1.330162044,1.327977047
0.22291260,1.329439563,1.330552028
0.22296753,1.331145889,1.332111347
0.22302246,1.329544804,1.327312889
0.22307739,1.325651567,1.323605371
0.22313232,1.325184593,1.326416556
0.22318726,1.327123950,1.328203097
0.22324219,1.325754508,1.323640706
0.22329712,1.322088900,1.320154972
0.22335205,1.321824923,1.323150221
0.22340698,1.323946631,1.325114576
0.22346191,1.322761679,1.320743170
0.22351685,1.319281735,1.317440187
0.22357178,1.319185648,1.320588157
0.22362671,1.321462921,1.322707949
0.22368164,1.320445315,1.318515456
0.22373657,1.317145022,1.315395086
0.22379150,1.317223575,1.318709243
0.22384644,1.319677430,1.321012889
0.22390137,1.318863830,1.317044051
0.22395630,1.315796928,1.314168873
0.22401123,1.316122331,1.317730944
0.22406616,1.318844413,1.320319958
0.22412109,1.318346322,1.316696262
0.22417603,1.315644148,1.314207523
0.22423096,1.316366915,1.318177466
0.22428589,1.319525193,1.321228136
0.22434082,1.319525116,1.318138730
0.22439575,1.317380735,1.316233966
0.22445068,1.318699356,1.320811939
0.22450562,1.322491183,1.324519679
0.22456055,1.323177438,1.322146758
0.22461548,1.321761321,1.320985762
0.22467041,1.323818916,1.326299330
0.22472534,1.328349978,1.330749087
0.22478027,1.329780612,1.329124874
0.22483521,1.329093613,1.328678079
0.22489014,1.331825480,1.334628189
0.22494507,1.336958659,1.339645347
0.22500000,1.338919370,1.338516110
0.22505493,1.338668049,1.338450272
0.22510986,1.341702832,1.344627010
0.22516479,1.346993239,1.349730898
0.22521973,1.348973231,1.348554532
0.22527466,1.348591881,1.348278813
0.22532959,1.351322977,1.354058024
0.22538452,1.356139395,1.358608389
0.22543945,1.357500736,1.356747180
0.22549438,1.356363676,1.355645794
0.22554932,1.358196791,1.360452633
0.22560425,1.361994473,1.363932982
0.22565918,1.362258312,1.360944129
0.22571411,1.359966596,1.358660717
0.22576904,1.360593699,1.362234622
0.22582397,1.363162844,1.364485491
0.22587891,1.362220995,1.360312080
0.22593384,1.358767716,1.356890133
0.22598877,1.358279260,1.359369303
0.22604370,1.359800298,1.360614474
0.22609863,1.357912854,1.355554263
0.22615356,1.353625386,1.351352291
0.22620850,1.352402266,1.353141631
0.22626343,1.353294938,1.353817339
0.22631836,1.350905630,1.348323147
0.22637329,1.346237533,1.343796905
0.22642822,1.344730182,1.345342828
0.22648315,1.345430246,1.345875295
0.22653809,1.342950344,1.340344318
0.22659302,1.338280725,1.335855457
0.22664795,1.336830589,1.337479630
0.22670288,1.337638220,1.338147765
0.22675781,1.335324774,1.332815221
0.22681274,1.330867493,1.328556099
0.22686768,1.329646682,1.330410122
0.22692261,1.330694666,1.331327555
0.22697754,1.328644292,1.326272625
0.22703247,1.324463633,1.322292156
0.22708740,1.323508349,1.324399050
0.22714233,1.324809020,1.325566979
0.22719727,1.323014206,1.320773003
0.22725220,1.319086737,1.317040564
0.22730713,1.318361329,1.319359287
0.22736206,1.319870007,1.320729097
0.22741699,1.318279712,1.316142342
0.22747192,1.314550393,1.312601351
0.22752686,1.313997877,1.315074340
0.22758179,1.315657175,1.316588695
0.22763672,1.314214699,1.312152993
0.22769165,1.310628427,1.308749326
0.22774658,1.310196046,1.311325144
0.22780151,1.311955966,1.312935469
0.22785645,1.310614203,1.308605171
0.22791138,1.307126883,1.305296272
0.22796631,1.306773671,1.307935546
0.22802124,1.308596288,1.309605393
0.22807617,1.307320118,1.305346726
0.22813110,1.303899285,1.302101442
0.22818604,1.303595359,1.304775581
0.22824097,1.305453172,1.306478575
0.22829590,1.304217172,1.302267089
0.22835083,1.300839305,1.299062834
0.22840576,1.300562976,1.301751066
0.22846069,1.302435950,1.303467939
0.22851562,1.301221474,1.299285624
0.22857056,1.297869181,1.296105628
0.22862549,1.297604293,1.298792424
0.22868042,1.299477378,1.300508629
0.22873535,1.298270265,1.296341724
0.22879028,1.294930192,1.293173035
0.22884521,1.294664216,1.295846297
0.22890015,1.296525621,1.297550372
0.22895508,1.295314640,1.293387884
0.22901001,1.291976063,1.290220038
0.22906494,1.291698834,1.292869904
0.22911987,1.293538889,1.294552391
0.22917480,1.292314714,1.290385130
0.22922974,1.288968618,1.287209281
0.22928467,1.288671502,1.289827334
0.22933960,1.290481909,1.291480069
0.22939453,1.289236439,1.287300000
0.22944946,1.285874902,1.284108330
0.22950439,1.285550237,1.286687065
0.22955933,1.287323558,1.288302693
0.22961426,1.286049451,1.284102493
0.22966919,1.282665221,1.280887805
0.22972412,1.282305924,1.283420256
0.22977905,1.284035220,1.284991882
0.22983398,1.282725564,1.280764619
0.22988892,1.279311743,1.277520042
0.22994385,1.278911026,1.279999506
0.22999878,1.280589595,1.281520439
0.23005371,1.279237651,1.277259331
0.23010864,1.275787468,1.273978093
0.23016357,1.275338618,1.276397913
0.23021851,1.276959778,1.277861465
0.23027344,1.275558790,1.273559688
0.23032837,1.272065411,1.270234931
0.23038330,1.271561606,1.272588327
0.23043823,1.273118534,1.273987642
0.23049316,1.271661559,1.269638168
0.23054810,1.268117926,1.266262794
0.23060303,1.267552086,1.268542703
0.23065796,1.269037658,1.269870611
0.23071289,1.267517421,1.265466063
0.23076782,1.263916110,1.262032587
0.23082275,1.263280751,1.264231526
0.23087769,1.264687406,1.265480401
0.23093262,1.263096161,1.261012912
0.23098755,1.259429239,1.257513326
0.23104248,1.258716338,1.259623255
0.23109741,1.260035938,1.260784877
0.23115234,1.258365327,1.256245951
0.23120728,1.254624217,1.252671585
0.23126221,1.253825064,1.254683760
0.23131714,1.255048754,1.255749172
0.23137207,1.253289661,1.251129540
0.23142700,1.249464992,1.247470909
0.23148193,1.248570047,1.249375734
0.23153687,1.249688095,1.250335083
0.23159180,1.247830493,1.245624541
0.23164673,1.243911936,1.241871183
0.23170166,1.242910660,1.243658040
0.23175659,1.243912291,1.244500409
0.23181152,1.241945062,1.239687641
0.23186646,1.237921154,1.235827933
0.23192139,1.236801819,1.237484994
0.23197632,1.237675022,1.238198201
0.23203125,1.235585757,1.233270574
0.23208618,1.231443690,1.229291524
0.23214111,1.230193170,1.230805528
0.23219604,1.230924472,1.231375902
0.23225098,1.228699243,1.226319232
0.23230591,1.224424624,1.222206227
0.23236084,1.223028139,1.223562229
0.23241577,1.223602346,1.223974342
0.23247070,1.221225430,1.218772613
0.23252563,1.216801997,1.214509137
0.23258057,1.215242820,1.215690203
0.23263550,1.215642708,1.215926553
0.23269043,1.213096266,1.210561593
0.23274536,1.208505552,1.206128874
0.23280029,1.206764655,1.207115721
0.23285522,1.206970599,1.207156357
0.23291016,1.204234289,1.201607435
0.23296509,1.199455215,1.196984038
0.23302002,1.197510845,1.197754599
0.23307495,1.197500375,1.197576665
0.23312988,1.194550885,1.191820019
0.23318481,1.189559272,1.186981340
0.23323975,1.187386436,1.187510237
0.23329468,1.187133698,1.187087416
0.23334961,1.183944178,1.181095668
0.23340454,1.178712147,1.176013321
0.23345947,1.176281984,1.176271222
0.23351440,1.175757076,1.175573060
0.23356934,1.172296442,1.169314501
0.23362427,1.166791682,1.163955569
0.23367920,1.164070688,1.163908392
0.23373413,1.163238844,1.162899457
0.23378906,1.159470915,1.156337165
0.23384399,1.153655774,1.150663261
0.23389893,1.150604842,1.150271187
0.23395386,1.149425418,1.148910031
0.23400879,1.145307845,1.142000764
0.23406372,1.139138191,1.135966866
0.23411865,1.135711411,1.135183105
0.23417358,1.134136613,1.133420949
0.23422852,1.129619526,1.126113761
0.23428345,1.123043321,1.119666741
0.23433838,1.119186460,1.118435969
0.23439331,1.117159730,1.116215048
0.23444824,1.112184033,1.108449524
0.23450317,1.105139513,1.101526273
0.23455811,1.100788083,1.099782640
0.23461304,1.098242044,1.097034082
0.23466797,1.092737220,1.088738080
0.23472290,1.085150562,1.081263102
0.23477783,1.080227330,1.078927661
0.23483276,1.077081131,1.075568743
0.23488770,1.070962408,1.066655468
0.23494263,1.062744696,1.058537746
0.23499756,1.057156445,1.055515107
0.23505249,1.053312292,1.051445673
0.23510742,1.046476927,1.041809830
0.23516235,1.037520176,1.032938712
0.23521729,1.031153432,1.029112620
0.23527222,1.026492002,1.024210330
0.23532715,1.018814354,1.013723023
0.23538208,1.008986204,1.003962724
0.23543701,1.001701531,0.999190142
0.23549194,0.996075818,0.993304093
0.23554688,0.987400714,0.981805939
0.23560181,0.976537267,0.970988103
0.23565674,0.968161517,0.965091166
0.23571167,0.961388456,0.958033179
0.23576660,0.951522106,0.945324865
0.23582153,0.939418077,0.933238318
0.23587646,0.929733700,0.925993201
0.23593140,0.921582537,0.917525714
0.23598633,0.910279883,0.903354809
0.23604126,0.896674811,0.889731183
0.23609619,0.885404811,0.880852408
0.23615112,0.875580672,0.870671325
0.23620605,0.862527426,0.854713521
0.23626099,0.847086012,0.839206710
0.23631592,0.833872406,0.828324630
0.23637085,0.821992692,0.816034640
0.23642578,0.806779441,0.797866680
0.23648071,0.789063159,0.780023156
0.23653564,0.773435863,0.766651431
0.23659058,0.758996169,0.751730406
0.23664551,0.741081126,0.730791199
0.23670044,0.720507598,0.710007666
0.23675537,0.701840281,0.693497335
0.23681030,0.684166668,0.675246788
0.23686523,0.662824387,0.650784362
0.23692017,0.638612736,0.626251470
0.23697510,0.616065209,0.605731938
0.23703003,0.594254285,0.583216102
0.23708496,0.568514438,0.554225939
0.23713989,0.539624170,0.524867509
0.23719482,0.512083250,0.499188792
0.23724976,0.484947442,0.471182585
0.23730469,0.453547504,0.436364619
0.23735962,0.418642214,0.400807594
0.23741455,0.384700658,0.368527715
0.23746948,0.350767086,0.333526535
0.23752441,0.312176247,0.291322607
0.23757935,0.269677831,0.247967450
0.23763428,0.227723969,0.207460782
0.23768921,0.185364117,0.163831079
0.23774414,0.137956639,0.112620806
0.23779907,0.086264516,0.059884021
0.23785400,0.034747507,0.009629512
0.23790894,-0.017513831,-0.044060995
0.23796387,-0.075111299,-0.105594896
0.23801880,-0.137243123,-0.168890656
0.23807373,-0.199418488,-0.229908335
0.23812866,-0.262506003,-0.294495401
0.23818359,-0.331033020,-0.366997300
0.23823853,-0.404150676,-0.441300122
0.23829346,-0.477336291,-0.513335933
0.23834839,-0.551415270,-0.588893448
0.23840332,-0.630866964,-0.672277033
0.23845825,-0.714820429,-0.757369612
0.23851318,-0.798754052,-0.840112021
0.23856812,-0.883489849,-0.926277266
0.23862305,-0.973504155,-1.020175814
0.23867798,-1.067951883,-1.115736369
0.23873291,-1.162361021,-1.208956918
0.23878784,-1.257597019,-1.305640296
0.23884277,-1.358175916,-1.410143224
0.23889771,-1.463314801,-1.516472878
0.23895264,-1.568619491,-1.620708278
0.23900757,-1.675017941,-1.728696424
0.23906250,-1.787075188,-1.844844569
0.23911743,-1.904069882,-1.963232794
0.23917236,-2.021675721,-2.080006694
0.23922729,-2.140865059,-2.201035531
0.23928223,-2.266227027,-2.330749027
0.23933716,-2.397071520,-2.463267432
0.23939209,-2.529105984,-2.594767201
0.23944702,-2.663310816,-2.731102717
0.23950195,-2.804261873,-2.876688492
0.23955688,-2.951262765,-3.025647472
0.23961182,-3.100017681,-3.174150374
0.23966675,-3.251479190,-3.328001519
0.23972168,-3.410175411,-3.491566456
0.23977661,-3.575370695,-3.658938609
0.23983154,-3.742734758,-3.826252687
0.23988647,-3.913163360,-3.999235210
0.23994141,-4.091110629,-4.182177934
0.23999634,-4.275778632,-4.369123463
0.24005127,-4.462783603,-4.556153667
0.24010620,-4.652950432,-4.748905890
0.24016113,-4.850650871,-4.951592654
0.24021606,-5.055022440,-5.158206617
0.24027100,-5.261632065,-5.364784270
0.24032593,-5.471244501,-5.576887818
0.24038086,-5.688166014,-5.798670392
0.24043579,-5.911491802,-6.024099410
0.24049072,-6.136766110,-6.249194632
0.24054565,-6.364723648,-6.479474783
0.24060059,-6.599637719,-6.719067097
0.24065552,-6.840595166,-6.961948254
0.24071045,-7.083152442,-7.204156567
0.24076538,-7.328050033,-7.451203608
0.24082031,-7.579565295,-7.707228364
0.24087524,-7.836815437,-7.966256485
0.24093018,-8.095410436,-8.224387639
0.24098511,-8.356141446,-8.487173148
0.24104004,-8.623338942,-8.758814990
0.24109497,-8.896203698,-9.033443005
0.24114990,-8.836680521,-8.973501075
0.24120483,-8.886439940,-9.024640517
0.24125977,-8.920838917,-9.061040452
0.24131470,-8.946262238,-9.086199742
0.24136963,-8.965643592,-9.106746970
0.24142456,-8.981022743,-9.121872125
0.24147949,-8.993424989,-9.135202700
0.24153442,-9.003697094,-9.145170485
0.24158936,-9.012284802,-9.154344075
0.24164429,-9.019625968,-9.161204784
0.24169922,-9.025913244,-9.168164018
0.24175415,-9.031422425,-9.172888993
0.24180908,-9.036221679,-9.178680748
0.24186401,-9.040510042,-9.181842695
0.24191895,-9.044293638,-9.186986821
0.24197388,-9.047727339,-9.188982452
0.24202881,-9.050787488,-9.193727053
0.24208374,-9.053599209,-9.194850451
0.24213867,-9.056125937,-9.199311619
0.24219360,-9.058470704,-9.199784596
0.24224854,-9.060592782,-9.204016735
0.24230347,-9.062577935,-9.204006595
0.24235840,-9.064385683,-9.208036381
0.24241333,-9.066087947,-9.207668889
0.24246826,-9.067646587,-9.211511168
0.24252319,-9.069122284,-9.210880630
0.24257813,-9.070480101,-9.214545598
0.24263306,-9.071771523,-9.213722697
0.24268799,-9.072965040,-9.217218965
0.24274292,-9.074104568,-9.216256738
0.24279785,-9.075161929,-9.219592510
0.24285278,-9.076174779,-9.218530852
0.24290771,-9.077118029,-9.221714282
0.24296265,-9.078024131,-9.220583296
0.24301758,-9.078870788,-9.223622506
0.24307251,-9.079686103,-9.222444984
0.24312744,-9.080450266,-9.225347980
0.24318237,-9.081187729,-9.224141235
0.24323730,-9.081880876,-9.226915800
0.24329224,-9.082551079,-9.225693022
0.24334717,-9.083182650,-9.228346631
0.24340210,-9.083794350,-9.227117884
0.24345703,-9.084372182,-9.229657645
0.24351196,-9.084932682,-9.228430619
0.24356689,-9.085463335,-9.230863237
0.24362183,-9.085978773,-9.229643802
0.24367676,-9.086467781,-9.231975567
0.24373169,-9.086943354,-9.230768192
0.24378662,-9.087395419,-9.233004982
0.24384155,-9.087835556,-9.231813050
0.24389648,-9.088254697,-9.233960343
0.24395142,-9.088663196,-9.232786395
0.24400635,-9.089052870,-9.234849282
0.24406128,-9.089433007,-9.233695201
0.24411621,-9.089796204,-9.235678413
0.24417114,-9.090150817,-9.234545563
0.24422607,-9.090490137,-9.236453496
0.24428101,-9.090821700,-9.235342834
0.24433594,-9.091139413,-9.237179567
0.24439087,-9.091450090,-9.236091731
0.24444580,-9.091748187,-9.237861056
0.24450073,-9.092039882,-9.236796429
0.24455566,-9.092320118,-9.238501871
0.24461060,-9.092594509,-9.237460636
0.24466553,-9.092858436,-9.239105472
0.24472046,-9.093117011,-9.238087654
0.24477539,-9.093366005,-9.239674938
0.24483032,-9.093610086,-9.238680437
0.24488525,-9.093845375,-9.240213015
0.24494019,-9.094076140,-9.239241632
0.24499512,-9.094298820,-9.240722161
0.24505005,-9.094517325,-9.239773621
0.24510498,-9.094728378,-9.241204583
0.24515991,-9.094935569,-9.240278551
0.24521484,-9.095135879,-9.241662268
0.24526978,-9.095332608,-9.240758364
0.24532471,-9.095522971,-9.242097010
0.24537964,-9.095710008,-9.241214819
0.24543457,-9.095891143,-9.242510433
0.24548950,-9.096069182,-9.241649514
0.24554443,-9.096241741,-9.242904011
0.24559937,-9.096411414,-9.242063904
0.24565430,-9.096575990,-9.243279084
0.24570923,-9.096737868,-9.242459319
0.24576416,-9.096895000,-9.243636874
0.24581909,-9.097049607,-9.242836972
0.24587402,-9.097199786,-9.243978498
0.24592896,-9.097347599,-9.243197975
0.24598389,-9.097491274,-9.244304978
0.24603882,-9.097632728,-9.243543351
0.24609375,-9.097770311,-9.244617249
0.24614868,-9.097905806,-9.243874037
0.24620361,-9.098037675,-9.244916173
0.24625854,-9.098167578,-9.244190898
0.24631348,-9.098294080,-9.245202543
0.24636841,-9.098418728,-9.244494731
0.24642334,-9.098540182,-9.245477087
0.24647827,-9.098659887,-9.244786275
0.24653320,-9.098776588,-9.245740481
0.24658813,-9.098891636,-9.245066209
0.24664307,-9.099003857,-9.245993348
0.24669800,-9.099114514,-9.245335166
0.24675293,-9.099222506,-9.246236264
0.24680786,-9.099329017,-9.245593732
0.24686279,-9.099433014,-9.246469764
0.24691772,-9.099535607,-9.245842451
0.24697266,-9.099635826,-9.246694345
0.24702759,-9.099734711,-9.246081829
0.24708252,-9.099831354,-9.246910468
0.24713745,-9.099926728,-9.246312337
0.24719238,-9.100019981,-9.247118563
0.24724731,-9.100112028,-9.246534416
0.24730225,-9.100202065,-9.247319029
0.24735718,-9.100290955,-9.246748474
0.24741211,-9.100377939,-9.247512241
0.24746704,-9.100463830,-9.246954895
0.24752197,-9.100547914,-9.247698546
0.24757690,-9.100630955,-9.247154038
0.24763184,-9.100712280,-9.247878271
0.24768677,-9.100792611,-9.247346237
0.24774170,-9.100871310,-9.248051720
0.24779663,-9.100949059,-9.247531809
0.24785156,-9.101025258,-9.248219178
0.24790649,-9.101100548,-9.247711047
0.24796143,-9.101174362,-9.248380915
0.24801636,-9.101247307,-9.247884230
0.24807129,-9.101318847,-9.248537180
0.24812622,-9.101389554,-9.248051617
0.24818115,-9.101458922,-9.248688212
0.24823608,-9.101527493,-9.248213455
0.24829102,-9.101594787,-9.248834231
0.24834595,-9.101661316,-9.248369974
0.24840088,-9.101726626,-9.248975449
0.24845581,-9.101791204,-9.248521392
0.24851074,-9.101854616,-9.249112061
0.24856567,-9.101917326,-9.248667916
0.24862061,-9.101978922,-9.249244256
0.24867554,-9.102039844,-9.248809740
0.24873047,-9.102099700,-9.249372208
0.24878540,-9.102158908,-9.248947048
0.24884033,-9.102217098,-9.249496084
0.24889526,-9.102274663,-9.249080014
0.24895020,-9.102331254,-9.249616042
0.24900513,-9.102387244,-9.249208803
0.24906006,-9.102442300,-9.249732231
0.24911499,-9.102496779,-9.249333571
0.24916992,-9.102550362,-9.249844793
0.24922485,-9.102603390,-9.249454468
0.24927979,-9.102655558,-9.249953863
0.24933472,-9.102707190,-9.249571635
0.24938965,-9.102757999,-9.250059567
0.24944458,-9.102808291,-9.249685206
0.24949951,-9.102857792,-9.250162027
0.24955444,-9.102906794,-9.249795308
0.24960937,-9.102955037,-9.250261359
0.24966431,-9.103002800,-9.249902063
0.24971924,-9.103049831,-9.250357673
0.24977417,-9.103096400,-9.250005588
0.24982910,-9.103142265,-9.250451073
0.24988403,-9.103187683,-9.250105994
0.24993896,-9.103232425,-9.250541660
0.24999390,-9.103276735,-9.250203385
0.25004883,-9.103320395,-9.250629529
0.25010376,-9.103363636,-9.250297863
0.25015869,-9.103406251,-9.250714771
0.25021362,-9.103448462,-9.250389524
0.25026855,-9.103490070,-9.250797474
0.25032349,-9.103531287,-9.250478460
0.25037842,-9.103571923,-9.250877720
0.25043335,-9.103612180,-9.250564761
0.25048828,-9.103651877,-9.250955590
0.25054321,-9.103691208,-9.250648510
0.25059814,-9.103729998,-9.251031159
0.25065308,-9.103768433,-9.250729789
0.25070801,-9.103806347,-9.251104501
0.25076294,-9.103843918,-9.250808675
0.25081787,-9.103880985,-9.251175686
0.25087280,-9.103917720,-9.250885243
0.25092773,-9.103953968,-9.251244782
0.25098267,-9.103989893,-9.250959564
0.25103760,-9.104025349,-9.251311852
0.25109253,-9.104060492,-9.251031708
0.25114746,-9.104095181,-9.251376960
0.25120239,-9.104129567,-9.251101740
0.25125732,-9.104163514,-9.251440163
0.25131226,-9.104197167,-9.251169723
0.25136719,-9.104230395,-9.251501521
0.25142212,-9.104263338,-9.251235720
0.25147705,-9.104295869,-9.251561087
0.25153198,-9.104328124,-9.251299788
0.25158691,-9.104359981,-9.251618915
0.25164185,-9.104391569,-9.251361983
0.25169678,-9.104422772,-9.251675055
0.25175171,-9.104453714,-9.251422362
0.25180664,-9.104484283,-9.251729556
0.25186157,-9.104514598,-9.251480975
0.25191650,-9.104544551,-9.251782467
0.25197144,-9.104574259,-9.251537873
0.25202637,-9.104603615,-9.251833832
0.25208130,-9.104632732,-9.251593106
0.25213623,-9.104661510,-9.251883695
0.25219116,-9.104690054,-9.251646720
0.25224609,-9.104718269,-9.251932098
0.25230103,-9.104746258,-9.251698760
0.25235596,-9.104773927,-9.251979082
0.25241089,-9.104801376,-9.251749271
0.25246582,-9.104828514,-9.252024688
0.25252075,-9.104855438,-9.251798294
0.25257568,-9.104882061,-9.252068951
0.25263062,-9.104908476,-9.251845870
0.25268555,-9.104934598,-9.252111911
0.25274048,-9.104960517,-9.251892040
0.25279541,-9.104986152,-9.252153601
0.25285034,-9.105011589,-9.251936840
0.25290527,-9.105036750,-9.252194056
0.25296021,-9.105061719,-9.251980308
0.25301514,-9.105086420,-9.252233309
0.25307007,-9.105110933,-9.252022480
0.25312500,-9.105135186,-9.252271393
0.25317993,-9.105159256,-9.252063390
0.25323486,-9.105183072,-9.252308338
0.25328979,-9.105206711,-9.252103071
0.25334473,-9.105230103,-9.252344175
0.25339966,-9.105253321,-9.252141557
0.25345459,-9.105276300,-9.252378932
0.25350952,-9.105299110,-9.252178878
0.25356445,-9.105321686,-9.252412637
0.25361938,-9.105344097,-9.252215064
0.25367432,-9.105366281,-9.252445319
0.25372925,-9.105388304,-9.252250145
0.25378418,-9.105410107,-9.252477002
0.25383911,-9.105431752,-9.252284150
0.25389404,-9.105453182,-9.252507714
0.25394897,-9.105474459,-9.252317106
0.25400391,-9.105495526,-9.252537477
0.25405884,-9.105516443,-9.252349040
0.25411377,-9.105537157,-9.252566318
0.25416870,-9.105557724,-9.252379978
0.25422363,-9.105578093,-9.252594258
0.25427856,-9.105598319,-9.252409946
0.25433350,-9.105618351,-9.252621321
0.25438843,-9.105638244,-9.252438967
0.25444336,-9.105657948,-9.252647529
0.25449829,-9.105677516,-9.252467066
0.25455322,-9.105696900,-9.252672902
0.25460815,-9.105716151,-9.252494265
0.25466309,-9.105735222,-9.252697462
0.25471802,-9.105754164,-9.252520588
0.25477295,-9.105772930,-9.252721228
0.25482788,-9.105791569,-9.252546055
0.25488281,-9.105810037,-9.252744220
0.25493774,-9.105828382,-9.252570688
0.25499268,-9.105846560,-9.252766457
0.25504761,-9.105864617,-9.252594507
0.25510254,-9.105882510,-9.252787958
0.25515747,-9.105900286,-9.252617533
0.25521240,-9.105917901,-9.252808739
0.25526733,-9.105935402,-9.252639784
0.25532227,-9.105952747,-9.252828819
0.25537720,-9.105969980,-9.252661280
0.25543213,-9.105987059,-9.252848214
0.25548706,-9.106004030,-9.252682039
0.25554199,-9.106020851,-9.252866942
0.25559692,-9.106037564,-9.252702079
0.25565186,-9.106054132,-9.252885016
0.25570679,-9.106070595,-9.252721417
0.25576172,-9.106086916,-9.252902454
0.25581665,-9.106103134,-9.252740069
0.25587158,-9.106119212,-9.252919270
0.25592651,-9.106135191,-9.252758053
0.25598145,-9.106151033,-9.252935479
0.25603638,-9.106166776,-9.252775384
0.25609131,-9.106182387,-9.252951095
0.25614624,-9.106197901,-9.252792077
0.25620117,-9.106213286,-9.252966132
0.25625610,-9.106228576,-9.252808148
0.25631104,-9.106243739,-9.252980603
0.25636597,-9.106258809,-9.252823611
0.25642090,-9.106273755,-9.252994522
0.25647583,-9.106288611,-9.252838482
0.25653076,-9.106303344,-9.253007901
0.25658569,-9.106317990,-9.252852772
0.25664063,-9.106332516,-9.253020753
0.25669556,-9.106346955,-9.252866497
0.25675049,-9.106361278,-9.253033089
0.25680542,-9.106375516,-9.252879668
0.25686035,-9.106389639,-9.253044922
0.25691528,-9.106403680,-9.252892300
0.25697021,-9.106417608,-9.253056263
0.25702515,-9.106431455,-9.252904404
0.25708008,-9.106445193,-9.253067123
0.25713501,-9.106458850,-9.252915993
0.25718994,-9.106472401,-9.253077513
0.25724487,-9.106485873,-9.252927078
0.25729980,-9.106499240,-9.253087443
0.25735474,-9.106512530,-9.252937672
0.25740967,-9.106525717,-9.253096924
0.25746460,-9.106538830,-9.252947784
0.25751953,-9.106551841,-9.253105965
0.25757446,-9.106564779,-9.252957426
0.25762939,-9.106577617,-9.253114577
0.25768433,-9.106590384,-9.252966609
0.25773926,-9.106603053,-9.253122769
0.25779419,-9.106615652,-9.252975343
0.25784912,-9.106628155,-9.253130550
0.25790405,-9.106640590,-9.252983638
0.25795898,-9.106652931,-9.253137929
0.25801392,-9.106665204,-9.252991503
0.25806885,-9.106677385,-9.253144915
0.25812378,-9.106689500,-9.252998949
0.25817871,-9.106701525,-9.253151516
0.25823364,-9.106713485,-9.253005985
0.25828857,-9.106725356,-9.253157741
0.25834351,-9.106737164,-9.253012620
0.25839844,-9.106748884,-9.253163598
0.25845337,-9.106760543,-9.253018862
0.25850830,-9.106772116,-9.253169094
0.25856323,-9.106783628,-9.253024720
0.25861816,-9.106795056,-9.253174237
0.25867310,-9.106806424,-9.253030203
0.25872803,-9.106817710,-9.253179035
0.25878296,-9.106828937,-9.253035318
0.25883789,-9.106840083,-9.253183495
0.25889282,-9.106851172,-9.253040074
0.25894775,-9.106862181,-9.253187624
0.25900269,-9.106873133,-9.253044479
0.25905762,-9.106884008,-9.253191429
0.25911255,-9.106894827,-9.253048540
0.25916748,-9.106905570,-9.253194917
0.25922241,-9.106916258,-9.253052263
0.25927734,-9.106926871,-9.253198094
0.25933228,-9.106937430,-9.253055658
0.25938721,-9.106947916,-9.253200967
0.25944214,-9.106958349,-9.253058729
0.25949707,-9.106968709,-9.253203541
0.25955200,-9.106979018,-9.253061486
0.25960693,-9.106989256,-9.253205823
0.25966187,-9.106999443,-9.253063933
0.25971680,-9.107009560,-9.253207820
0.25977173,-9.107019627,-9.253066077
0.25982666,-9.107029625,-9.253209536
0.25988159,-9.107039575,-9.253067925
0.25993652,-9.107049456,-9.253210977
0.25999146,-9.107059290,-9.253069483
0.26004639,-9.107069058,-9.253212148
0.26010132,-9.107078778,-9.253070757
0.26015625,-9.107088433,-9.253213056
0.26021118,-9.107098041,-9.253071753
0.26026611,-9.107107586,-9.253213706
0.26032104,-9.107117084,-9.253072476
0.26037598,-9.107126520,-9.253214102
0.26043091,-9.107135911,-9.253072933
0.26048584,-9.107145239,-9.253214249
0.26054077,-9.107154524,-9.253073127
0.26059570,-9.107163748,-9.253214152
0.26065063,-9.107172928,-9.253073066
0.26070557,-9.107182049,-9.253213817
0.26076050,-9.107191127,-9.253072754
0.26081543,-9.107200145,-9.253213248
0.26087036,-9.107209123,-9.253072196
0.26092529,-9.107218041,-9.253212449
0.26098022,-9.107226919,-9.253071397
0.26103516,-9.107235740,-9.253211424
0.26109009,-9.107244520,-9.253070363
0.26114502,-9.107253244,-9.253210179
0.26119995,-9.107261929,-9.253069097
0.26125488,-9.107270558,-9.253208717
0.26130981,-9.107279148,-9.253067604
0.26136475,-9.107287683,-9.253207043
0.26141968,-9.107296181,-9.253065889
0.26147461,-9.107304624,-9.253205160
0.26152954,-9.107313030,-9.253063957
0.26158447,-9.107321383,-9.253203073
0.26163940,-9.107329699,-9.253061811
0.26169434,-9.107337963,-9.253200785
0.26174927,-9.107346190,-9.253059456
0.26180420,-9.107354367,-9.253198300
0.26185913,-9.107362507,-9.253056895
0.26191406,-9.107370597,-9.253195619
0.26196899,-9.107378652,-9.253054125
0.26202393,-9.107386657,-9.253192738
0.26207886,-9.107394627,-9.253051132
0.26213379,-9.107402549,-9.253189628
0.26218872,-9.107410436,-9.253047859
0.26224365,-9.107418275,-9.253186196
0.26229858,-9.107426081,-9.253044148
0.26235352,-9.107433839,-9.253182184
0.26240845,-9.107441564,-9.253039582
0.26246338,-9.107449242,-9.253176966
0.26251831,-9.107456888,-9.253033214
0.26257324,-9.107464487,-9.253169064
0.26262817,-9.107472054,-9.253022948
0.26268311,-9.107479576,-9.253155371
0.26273804,-9.107487065,-9.253004084
0.26279297,-9.107494508,-9.253129294
0.26284790,-9.107501919,-9.252967278
0.26290283,-9.107509284,-9.253078552
0.26295776,-9.107516617,-9.252894554
0.26301270,-9.107523901,-9.252979900
0.26306763,-9.107531151,-9.252755121
0.26312256,-9.107538350,-9.252794978
0.26317749,-9.107545512,-9.252494643
0.26323242,-9.107552617,-9.252454774
0.26328735,-9.107559679,-9.252027764
0.26334229,-9.107566675,-9.251856260
0.26339722,-9.107573618,-9.251205471
0.26345215,-9.107580479,-9.250808411
0.26350708,-9.107587271,-9.249807874
0.26356201,-9.107593954,-9.249053400
0.26361694,-9.107600540,-9.247431222
0.26367188,-9.107606976,-9.246055738
0.26372681,-9.107613274,-9.243527066
0.26378174,-9.107619345,-9.241206473
0.26383667,-9.107625202,-9.236972145
0.26389160,-9.107630734,-9.232931938
0.26394653,-9.107635944,-9.226459491
0.26400146,-9.107640714,-9.219972026
0.26405640,-9.107644926,-9.210847727
0.26411133,-9.107648528,-9.199080904
0.26416626,-9.107651303,-9.186051315
0.26422119,-9.107653264,-9.168204058
0.26427612,-9.107653692,-9.150495759
0.26433105,-9.107652809,-9.117009383
0.26438599,-9.107649843,-9.088342830
0.26444092,-9.107645013,-9.042876832
0.26449585,-9.107637681,-9.002452393
0.26455078,-9.107626204,-8.948644294
0.26460571,-9.107610960,-8.860404132
0.26466064,-9.107590349,-8.782303472
0.26471558,-9.107564730,-8.673262333
0.26477051,-9.107533004,-8.576294101
0.26482544,-9.107487710,-8.462487641
0.26488037,-9.107430602,-8.210429934
0.26493530,-9.107357550,-8.014535777
0.26499023,-9.107269096,-7.767938723
0.26504517,-9.107162597,-7.567396890
0.26510010,-9.106994492,-7.362582325
0.26515503,-9.106763858,-6.571176218
0.26520996,-9.106465111,-6.002554751
0.26526489,-9.106071275,-5.617685091
0.26531982,-9.105557810,-5.231833379
0.26537476,-9.104303959,-4.987795726
0.26542969,-9.101395465,-1.932930463
0.26548462,-9.093482971,-0.096983558
0.26553955,-8.890841642,-0.011950480
0.26559448,9.495415214,18.885174814
0.26564941,27.940934425,37.877790796
0.26570435,38.236982512,39.696463834
0.26575928,39.579220686,39.613442583
0.26581421,39.781873208,39.878168717
0.26586914,40.596205016,41.279642599
0.26592407,41.608450630,42.016132666
0.26597900,41.954008044,41.927578841
0.26603394,42.077454941,42.163878180
0.26608887,42.731346176,43.275992498
0.26614380,43.499994854,43.791811957
0.26619873,43.698062175,43.632375392
0.26625366,43.724948789,43.764198893
0.26630859,44.195330259,44.609552997
0.26636353,44.744112179,44.935539262
0.26641846,44.817476109,44.719887583
0.26647339,44.774197085,44.781352552
0.26652832,45.121962218,45.448759940
0.26658325,45.532484355,45.663946901
0.26663818,45.546697917,45.443852393
0.26669312,45.488407464,45.490238903
0.26674805,45.783953009,46.065620135
0.26680298,46.135760035,46.246013986
0.26685791,46.157420633,46.078061245
0.26691284,46.145142107,46.172290394
0.26696777,46.463908455,46.743942189
0.26702271,46.841903147,46.973310066
0.26707764,46.947331687,46.926351687
0.26713257,47.050204275,47.136625776
0.26718750,47.462953292,47.778852983
0.26724243,47.929365482,48.109636992
0.26729736,48.153575212,48.201643646
0.26735229,48.377141540,48.520241080
0.26740723,48.866275852,49.205929296
0.26746216,49.376657493,49.577188487
0.26751709,49.642545168,49.713973232
0.26757202,49.886364867,50.032253367
0.26762695,50.344609555,50.654565671
0.26768188,50.792531666,50.960020406
0.26773682,50.997706463,51.041957737
0.26779175,51.173798383,51.282200139
0.26784668,51.538838062,51.794039245
0.26790161,51.888588906,52.009921054
0.26795654,52.019510228,52.033668954
0.26801147,52.137008393,52.217214565
0.26806641,52.442272897,52.664630962
0.26812134,52.746372510,52.850880871
0.26817627,52.866656728,52.884113419
0.26823120,52.997064286,53.086445132
0.26828613,53.319971810,53.549558614
0.26834106,53.654547655,53.779387141
0.26839600,53.829847362,53.880780069
0.26845093,54.023401527,54.143988616
0.26850586,54.395868444,54.645110363
0.26856079,54.769467987,54.913795993
0.26861572,54.981263897,55.050772271
0.26867065,55.195252382,55.321216108
0.26872559,55.557451151,55.793606869
0.26878052,55.899657324,56.026334731
0.26883545,56.073715946,56.124229006
0.26889038,56.239133619,56.337624387
0.26894531,56.535130186,56.733367770
0.26900024,56.805631191,56.897535736
0.26905518,56.916346225,56.937813644
0.26911011,57.021579519,57.089571679
0.26916504,57.252542844,57.415973649
0.26921997,57.461818501,57.525673788
0.26927490,57.525309980,57.526646837
0.26932983,57.590753673,57.639302966
0.26938477,57.780630601,57.921985326
0.26943970,57.953743183,58.002048591
0.26949463,57.993475693,57.985902453
0.26954956,58.040365505,58.079673995
0.26960449,58.208713350,58.337531151
0.26965942,58.363605935,58.404908338
0.26971436,58.396491006,58.388260234
0.26976929,58.443036075,58.482659443
0.26982422,58.611731764,58.739873230
0.26987915,58.774338746,58.822339758
0.26993408,58.829623610,58.835945600
0.26998901,58.908021213,58.964678972
0.27004395,59.111400067,59.256482706
0.27009888,59.315654515,59.387058302
0.27015381,59.423425122,59.458419929
0.27020874,59.556731013,59.640482897
0.27026367,59.807225336,59.973252898
0.27031860,60.050456147,60.140641802
0.27037354,60.189507358,60.238693212
0.27042847,60.337951058,60.425254005
0.27048340,60.580724097,60.737503989
0.27053833,60.799082196,60.874596831
0.27059326,60.904793101,60.936145105
0.27064819,61.012360935,61.077473962
0.27070312,61.207573838,61.338851036
0.27075806,61.380532971,61.435050031
0.27081299,61.450448514,61.466209570
0.27086792,61.528721712,61.579975616
0.27092285,61.696343817,61.813428998
0.27097778,61.846334703,61.891135729
0.27103271,61.901300333,61.911327623
0.27108765,61.968589594,62.014626453
0.27114258,62.125333932,62.236387209
0.27119751,62.268258995,62.311183629
0.27125244,62.323187104,62.334764744
0.27130737,62.392257237,62.439014380
0.27136230,62.546445258,62.654641031
0.27141724,62.683298584,62.723171626
0.27147217,62.730228764,62.737485125
0.27152710,62.785251702,62.823331747
0.27158203,62.916459496,63.010894638
0.27163696,63.026091426,63.052404892
0.27169189,63.046463387,63.040848415
0.27174683,63.073321547,63.096696221
0.27180176,63.171246896,63.247518038
0.27185669,63.244088812,63.251979265
0.27191162,63.225345637,63.199739656
0.27196655,63.206322735,63.204964368
0.27202148,63.248405910,63.294272933
0.27207642,63.259787988,63.236600275
0.27213135,63.179939426,63.124131365
0.27218628,63.101484138,63.070621346
0.27224121,63.087312674,63.105444712
0.27229614,63.051970265,63.008141090
0.27235107,62.940127560,62.871452164
0.27240601,62.842959541,62.805087181
0.27246094,62.820725857,62.836468096
0.27251587,62.789524463,62.750720042
0.27257080,62.694876884,62.637366214
0.27262573,62.623354457,62.599557650
0.27268066,62.630397576,62.660952347
0.27273560,62.632033481,62.610803059
0.27279053,62.573798507,62.535157285
0.27284546,62.537927198,62.531426816
0.27290039,62.576133683,62.620925104
0.27295532,62.605868528,62.598607148
0.27301025,62.574518861,62.549153525
0.27306519,62.561992946,62.566225000
0.27312012,62.617791989,62.669892946
0.27317505,62.661325139,62.660751460
0.27322998,62.641704872,62.621858668
0.27328491,62.636283957,62.642906822
0.27333984,62.692125164,62.742500783
0.27339478,62.730322582,62.726529958
0.27344971,62.701566017,62.676471442
0.27350464,62.680627734,62.678010817
0.27355957,62.711762904,62.747627215
0.27361450,62.716755812,62.695128872
0.27366943,62.646706096,62.599370239
0.27372437,62.573169163,62.541759964
0.27377930,62.537813527,62.537350776
0.27383423,62.464317536,62.401555165
0.27388916,62.306549383,62.213648831
0.27394409,62.136180634,62.054471242
0.27399902,61.995824162,61.941094406
0.27405396,61.814027644,61.697062371
0.27410889,61.549683906,61.404040819
0.27416382,61.276243326,61.143659754
0.27421875,61.038305740,60.935737455
0.27427368,60.769727538,60.612072485
0.27432861,60.434504198,60.256742279
0.27438354,60.107621501,59.951709298
0.27443848,59.834635656,59.717996682
0.27449341,59.552390672,59.392566556
0.27454834,59.226316647,59.057640765
0.27460327,58.928114271,58.790124050
0.27465820,58.698496022,58.605993773
0.27471313,58.470932769,58.340810587
0.27476807,58.206221918,58.069270356
0.27482300,57.967866277,57.859010225
0.27487793,57.788446983,57.718563237
0.27493286,57.596712031,57.481740544
0.27498779,57.349820610,57.218019463
0.27504272,57.106625922,56.990585448
0.27509766,56.897410261,56.807431587
0.27515259,56.653822535,56.509013516
0.27520752,56.338317123,56.169138275
0.27526245,56.014607092,55.856140324
0.27531738,55.719577786,55.585819336
0.27537231,55.394821564,55.211118112
0.27542725,55.012368554,54.812961401
0.27548218,54.641705067,54.463920169
0.27553711,54.323484768,54.182834850
0.27559204,54.002827093,53.826972969
0.27564697,53.652246692,53.474214236
0.27570190,53.336516063,53.190417718
0.27575684,53.089402474,52.986971688
0.27581177,52.849920260,52.716561865
0.27586670,52.583640779,52.447972797
0.27592163,52.346240573,52.237604331
0.27597656,52.163519866,52.089988103
0.27603149,51.970512500,51.856901985
0.27608643,51.730965012,51.604647529
0.27614136,51.499075269,51.388889418
0.27619629,51.301850897,51.217055794
0.27625122,51.079927467,50.949550911
0.27630615,50.804107104,50.658546163
0.27636108,50.534142586,50.404820339
0.27641602,50.302258666,50.200965843
0.27647095,50.054885718,49.914143896
0.27652588,49.766228605,49.616891161
0.27658081,49.494766683,49.366824349
0.27663574,49.269109778,49.172133113
0.27669067,49.032298788,48.897715363
0.27674561,48.754347328,48.610112654
0.27680054,48.488100373,48.361316813
0.27685547,48.258236636,48.156943557
0.27691040,48.008069211,47.865201834
0.27696533,47.710264493,47.554908799
0.27702026,47.420589379,47.281487303
0.27707520,47.168143400,47.055831706
0.27713013,46.902889796,46.754497919
0.27718506,46.603439546,46.450177669
0.27723999,46.328292087,46.199731863
0.27729492,46.107502645,46.014312637
0.27734985,45.891754584,45.771841524
0.27740479,45.658497363,45.541502492
0.27745972,45.462005488,45.374948879
0.27751465,45.327456718,45.278498336
0.27756958,45.202159294,45.128298694
0.27762451,45.060371809,44.989107474
0.27767944,44.952126467,44.908302931
0.27773438,44.899263360,44.889581791
0.27778931,44.848227421,44.810181866
0.27784424,44.773096489,44.733635604
0.27789917,44.722763603,44.706097631
0.27795410,44.718523230,44.731208086
0.27800903,44.708182062,44.689182772
0.27806396,44.667287760,44.643732013
0.27811890,44.644754743,44.640702072
0.27817383,44.662030798,44.684153662
0.27822876,44.668585202,44.657385290
0.27828369,44.641514876,44.624320810
0.27833862,44.629762624,44.630475583
0.27839355,44.654867234,44.680232859
0.27844849,44.667802071,44.659749255
0.27850342,44.647007849,44.632971731
0.27855835,44.641226104,44.644825694
0.27861328,44.671744859,44.699601790
0.27866821,44.690519103,44.685678791
0.27872314,44.676690066,44.666365631
0.27877808,44.678119433,44.685300520
0.27883301,44.715142549,44.745972555
0.27888794,44.740004006,44.738293286
0.27894287,44.731990475,44.724500014
0.27899780,44.737765725,44.746743857
0.27905273,44.776603346,44.807701087
0.27910767,44.801083387,44.798917246
0.27916260,44.790854224,44.781887926
0.27921753,44.791770166,44.797733508
0.27927246,44.822520405,44.848824198
0.27932739,44.836523226,44.828834505
0.27938232,44.814352226,44.799145771
0.27943726,44.801705480,44.800534350
0.27949219,44.817358059,44.835729154
0.27954712,44.816163283,44.801065684
0.27960205,44.780113596,44.758270253
0.27965698,44.755096144,44.748019842
0.27971191,44.760052651,44.773329037
0.27976685,44.751012603,44.732744109
0.27982178,44.710845306,44.687690234
0.27987671,44.684908548,44.677946483
0.27993164,44.691488185,44.705956519
0.27998657,44.686963071,44.671661311
0.28004150,44.654416887,44.635660026
0.28009644,44.638308244,44.636618420
0.28015137,44.656188325,44.676473831
0.28020630,44.664938642,44.656808399
0.28026123,44.648197473,44.637838460
0.28031616,44.649956859,44.657559389
0.28037109,44.687370097,44.717653896
0.28042603,44.717884727,44.721229443
0.28048096,44.725408221,44.727667062
0.28053589,44.752809418,44.773433574
0.28059082,44.815801379,44.858724026
0.28064575,44.871045389,44.886675956
0.28070068,44.901276492,44.914416294
0.28075562,44.946980954,44.975758115
0.28081055,45.021578764,45.068806050
0.28086548,45.080698847,45.096816257
0.28092041,45.106450140,45.115655911
0.28097534,45.138340129,45.158310542
0.28103027,45.189625744,45.223255756
0.28108521,45.217508554,45.216645662
0.28114014,45.206270498,45.195941723
0.28119507,45.197111724,45.195831332
0.28125000,45.205312744,45.217037510
0.28130493,45.191076341,45.169605762
0.28135986,45.141427759,45.112737212
0.28141479,45.098993885,45.082136208
0.28146973,45.080055238,45.079393838
0.28152466,45.046200619,45.016566808
0.28157959,44.985254944,44.952558867
0.28163452,44.939259160,44.922083271
0.28168945,44.923583431,44.925773001
0.28174438,44.899515298,44.876134714
0.28179932,44.854324220,44.830619718
0.28185425,44.828484240,44.822149742
0.28190918,44.835786243,44.849872926
0.28196411,44.836768351,44.826382224
0.28201904,44.817864923,44.807485582
0.28207397,44.817826556,44.824198793
0.28212891,44.848766251,44.874105535
0.28218384,44.870414538,44.869840342
0.28223877,44.868429177,44.865717262
0.28229370,44.880118195,44.891250746
0.28234863,44.916487019,44.943190545
0.28240356,44.937367927,44.935295205
0.28245850,44.928933855,44.921888307
0.28251343,44.928688879,44.932773936
0.28256836,44.948353847,44.965747936
0.28262329,44.949646773,44.937404222
0.28267822,44.920791484,44.903458065
0.28273315,44.900577377,44.894820946
0.28278809,44.901901485,44.910449760
0.28284302,44.888116588,44.869150526
0.28289795,44.848603603,44.826847894
0.28295288,44.822065341,44.813978356
0.28300781,44.820916195,44.828900382
0.28306274,44.808419597,44.790915491
0.28311768,44.773569169,44.754763249
0.28317261,44.753803811,44.749436091
0.28322754,44.760315856,44.772184471
0.28328247,44.755973436,44.742706062
0.28333740,44.729478656,44.714854326
0.28339233,44.717423823,44.716728762
0.28344727,44.730379042,44.745135728
0.28350220,44.731468057,44.720815338
0.28355713,44.709731516,44.697353640
0.28361206,44.701479556,44.702473332
0.28366699,44.717107993,44.732919370
0.28372192,44.720308070,44.710711394
0.28377686,44.700672319,44.689352082
0.28383179,44.694389321,44.696323102
0.28388672,44.711800723,44.728411604
0.28394165,44.717255987,44.708990429
0.28399658,44.700996898,44.691597250
0.28405151,44.699212426,44.703601912
0.28410645,44.722301164,44.741932730
0.28416138,44.735319815,44.731318475
0.28421631,44.729112351,44.725239741
0.28427124,44.739677571,44.750674608
0.28432617,44.777056454,44.804150992
0.28438110,44.806313716,44.810896521
0.28443604,44.817919129,44.823232940
0.28449097,44.846485414,44.866447391
0.28454590,44.900369900,44.935298180
0.28460083,44.943345641,44.954255668
0.28465576,44.964471140,44.973636321
0.28471069,44.996447793,45.016810432
0.28476563,45.046124127,45.077328798
0.28482056,45.076968705,45.080312558
0.28487549,45.078450252,45.076319402
0.28493042,45.083891204,45.089651944
0.28498535,45.101584056,45.115752760
0.28504028,45.097678233,45.083309645
0.28509521,45.064673670,45.045488929
0.28515015,45.038405745,45.028976062
0.28520508,45.029483019,45.031416774
0.28526001,45.006451216,44.984180349
0.28531494,44.963459687,44.941141229
0.28536987,44.936585808,44.928695105
0.28542480,44.935881417,44.943580503
0.28547974,44.929153300,44.916647620
0.28553467,44.909161305,44.899566685
0.28558960,44.909585797,44.916054864
0.28564453,44.937880748,44.960236525
0.28569946,44.959786229,44.961486256
0.28575439,44.966122095,44.969124971
0.28580933,44.988395009,45.004791699
0.28586426,45.032375023,45.061238029
0.28591919,45.063213699,45.068093247
0.28597412,45.071692238,45.074420329
0.28602905,45.089291378,45.102009023
0.28608398,45.122268858,45.144377580
0.28613892,45.137163262,45.133240915
0.28619385,45.126328753,45.118809735
0.28624878,45.122352510,45.123891867
0.28630371,45.132567378,45.143079123
0.28635864,45.124957467,45.109970722
0.28641357,45.093087591,45.075385140
0.28646851,45.070016785,45.062403923
0.28652344,45.063380215,45.065878329
0.28657837,45.041810875,45.020501607
0.28663330,44.999358326,44.977032767
0.28668823,44.968941965,44.958273197
0.28674316,44.957982561,44.958858706
0.28679810,44.935300535,44.914130748
0.28685303,44.895005953,44.874386644
0.28690796,44.869487589,44.861768440
0.28696289,44.865591192,44.870352736
0.28701782,44.852013534,44.835845264
0.28707275,44.822713069,44.807936231
0.28712769,44.809475906,44.808109417
0.28718262,44.818640042,44.830018677
0.28723755,44.818957262,44.809958671
0.28729248,44.804487888,44.797301102
0.28734741,44.806683290,44.813128735
0.28740234,44.831566538,44.850810442
0.28745728,44.847983219,44.847173760
0.28751221,44.849947339,44.851031359
0.28756714,44.868244866,44.882641429
0.28762207,44.908100583,44.934537109
0.28767700,44.937892020,44.943492224
0.28773193,44.951070811,44.957299701
0.28778687,44.977420078,44.995167564
0.28784180,45.021305875,45.048890777
0.28789673,45.050914887,45.055643054
0.28795166,45.059773304,45.063021683
0.28800659,45.077614664,45.090279662
0.28806152,45.109096984,45.129697206
0.28811646,45.123410428,45.120029327
0.28817139,45.115250420,45.109699554
0.28822632,45.115172983,45.118739508
0.28828125,45.128681174,45.140292437
0.28833618,45.126163492,45.114703640
0.28839111,45.103352152,45.090941579
0.28844604,45.091232718,45.089304630
0.28850098,45.095565069,45.103127534
0.28855591,45.087215754,45.073569440
0.28861084,45.062166086,45.049339363
0.28866577,45.051021449,45.050185455
0.28872070,45.058983907,45.068819911
0.28877563,45.056597277,45.046423317
0.28883057,45.039350811,45.030748751
0.28888550,45.036846421,45.040438440
0.28894043,45.053273062,45.067221873
0.28899536,45.058612040,45.052176361
0.28905029,45.047880685,45.042262107
0.28910522,45.049968708,45.055439144
0.28916016,45.068572166,45.083079084
0.28921509,45.073785372,45.066890740
0.28927002,45.060907147,45.053822354
0.28932495,45.058866061,45.061882240
0.28937988,45.071533410,45.082696365
0.28943481,45.069649201,45.059059316
0.28948975,45.049183645,45.038231079
0.28954468,45.039367584,45.038469745
0.28959961,45.044399336,45.051755864
0.28965454,45.035722142,45.021981867
0.28970947,45.009964756,44.996680270
0.28976440,44.996586734,44.994252838
0.28981934,44.999962078,45.006840827
0.28987427,44.991985840,44.979126367
0.28992920,44.969587242,44.958506357
0.28998413,44.961990955,44.963007322
0.29003906,44.973177917,44.984311109
0.29009399,44.974838306,44.967191297
0.29014893,44.963503897,44.958204952
0.29020386,44.967484265,44.974341154
0.29025879,44.989759420,45.006262285
0.29031372,45.001339554,44.998435052
0.29036865,44.998089049,44.996427859
0.29042358,45.007399321,45.016331500
0.29047852,45.031541807,45.048234164
0.29053345,45.041434604,45.037028337
0.29058838,45.033134525,45.028287247
0.29064331,45.034182486,45.038357425
0.29069824,45.047304181,45.057939608
0.29075317,45.044448473,45.033425373
0.29080811,45.022820218,45.011243329
0.29086304,45.010786608,45.008509110
0.29091797,45.011837782,45.016647880
0.29097290,44.998860919,44.983250580
0.29102783,44.969746249,44.954966754
0.29108276,44.952936580,44.948802719
0.29113770,44.951753675,44.955907363
0.29119263,44.939030496,44.924072039
0.29124756,44.912419278,44.899307277
0.29130249,44.899688280,44.897862988
0.29135742,44.903469655,44.910214305
0.29141235,44.896266056,44.884198913
0.29146729,44.875451970,44.865266668
0.29152222,44.868280417,44.869158509
0.29157715,44.876987313,44.886022923
0.29163208,44.874104228,44.864121060
0.29168701,44.857102352,44.848718203
0.29174194,44.853070466,44.855376257
0.29179688,44.864141061,44.874175163
0.29185181,44.863090325,44.853972426
0.29190674,44.847629649,44.839961302
0.29196167,44.844768027,44.847580258
0.29201660,44.856566914,44.866848996
0.29207153,44.856036733,44.847190117
0.29212646,44.841095328,44.833686587
0.29218140,44.838631424,44.841610375
0.29223633,44.850591080,44.860875319
0.29229126,44.850171311,44.841418467
0.29234619,44.835454338,44.828178111
0.29240112,44.833178587,44.836234622
0.29245605,44.845151347,44.855375087
0.29251099,44.844733950,44.836026850
0.29256592,44.830156286,44.822973690
0.29262085,44.827999247,44.831100443
0.29267578,44.839927202,44.850063860
0.29273071,44.839459034,44.830771140
0.29278564,44.824967495,44.817851761
0.29284058,44.822877364,44.825998278
0.29289551,44.834712091,44.844738552
0.29295044,44.834145639,44.825452716
0.29300537,44.819691576,44.812618131
0.29306030,44.817621514,44.820739351
0.29311523,44.829320727,44.839217203
0.29317017,44.828616105,44.819898050
0.29322510,44.814159965,44.807109063
0.29328003,44.812073393,44.815170690
0.29333496,44.823605917,44.833358312
0.29338989,44.822735104,44.813977898
0.29344482,44.808250004,44.801208390
0.29349976,44.806123953,44.809190236
0.29355469,44.817473496,44.827075411
0.29360962,44.816425207,44.807623603
0.29366455,44.801903449,44.794867964
0.29371948,44.799736960,44.802773333
0.29377441,44.810912214,44.820370330
0.29382935,44.809703004,44.800866251
0.29388428,44.795166991,44.788149947
0.29393921,44.792990264,44.796013565
0.29399414,44.804030497,44.813366588
0.29404907,44.802705068,44.793855934
0.29410400,44.788200935,44.781225545
0.29415894,44.786061519,44.789095908
0.29421387,44.797015386,44.806254267
0.29426880,44.795618977,44.786778732
0.29432373,44.781184412,44.774267890
0.29437866,44.779112990,44.782172566
0.29443359,44.790005211,44.799158410
0.29448853,44.788554151,44.779728750
0.29454346,44.774195427,44.767338915
0.29459839,44.772191296,44.775274601
0.29465332,44.783017663,44.792082837
0.29470825,44.781504011,44.772688308
0.29476318,44.767209580,44.760406651
0.29481812,44.765261977,44.768364084
0.29487305,44.776017187,44.784993219
0.29492798,44.774442552,44.765638288
0.29498291,44.760223879,44.753482280
0.29503784,44.758363561,44.761504016
0.29509277,44.769111279,44.778037113
0.29514771,44.767588626,44.758861944
0.29520264,44.753634245,44.747063839
0.29525757,44.752169131,44.755526809
0.29531250,44.763398542,44.772556661
0.29536743,44.762678957,44.754459167
0.29542236,44.750108535,44.744345423
0.29547729,44.750664388,44.755156917
0.29553223,44.764668686,44.775343505
0.29558716,44.767884663,44.761909740
0.29564209,44.760837961,44.758157518
0.29569702,44.768701400,44.777204462
0.29575195,44.791983786,44.807670723
0.29580688,44.806806557,44.807141098
0.29586182,44.813913400,44.818811978
0.29591675,44.838267364,44.855465424
0.29597168,44.879938998,44.905153505
0.29602661,44.914571587,44.925101250
0.29608154,44.942135371,44.957345647
0.29613647,44.986339348,45.013283618
0.29619141,45.045856181,45.079511328
0.29624634,45.095140687,45.112341694
0.29630127,45.133101471,45.152611786
0.29635620,45.182467639,45.210913813
0.29641113,45.241415319,45.273612739
0.29646606,45.284705694,45.297888637
0.29652100,45.312133068,45.325520592
0.29657593,45.347597706,45.368492815
0.29663086,45.390801483,45.414827047
0.29668579,45.418348974,45.423792015
0.29674072,45.431664817,45.438400351
0.29679565,45.455575827,45.471254280
0.29685059,45.490035887,45.510244627
0.29690552,45.511338957,45.514173214
0.29696045,45.519838106,45.524387500
0.29701538,45.538496873,45.551370604
0.29707031,45.565144977,45.580815148
0.29712524,45.574258213,45.570069751
0.29718018,45.564803443,45.559157344
0.29723511,45.558879953,45.558109599
0.29729004,45.554389074,45.553179644
0.29734497,45.527050219,45.503680021
0.29739990,45.477892944,45.451850480
0.29745483,45.431444221,45.410372504
0.29750977,45.388296429,45.368243099
0.29756470,45.326968864,45.287692451
0.29761963,45.250849574,45.212815850
0.29767456,45.185942437,45.157383666
0.29772949,45.133535972,45.110670479
0.29778442,45.072256885,45.034858314
0.29783936,45.004886583,44.972885894
0.29789429,44.956088774,44.936950825
0.29794922,44.925522914,44.914589695
0.29800415,44.890316316,44.866726136
0.29805908,44.851850211,44.834768195
0.29811401,44.833430258,44.829694899
0.29816895,44.833693500,44.838188282
0.29822388,44.829277240,44.821076256
0.29827881,44.821329242,44.819433505
0.29833374,44.832885717,44.844023251
0.29838867,44.862372876,44.881309243
0.29844360,44.886338987,44.892195848
0.29849854,44.905639683,44.917132001
0.29855347,44.942557475,44.965977996
0.29860840,44.994504213,45.024041114
0.29866333,45.036986047,45.051310412
0.29871826,45.069679602,45.086801614
0.29877319,45.113519348,45.139068309
0.29882812,45.164797700,45.192438657
0.29888306,45.198500565,45.206845420
0.29893799,45.214329238,45.221423672
0.29899292,45.233704917,45.245554218
0.29904785,45.254103497,45.265085420
0.29910278,45.252508851,45.242464363
0.29915771,45.231077052,45.219270250
0.29921265,45.213744632,45.207475570
0.29926758,45.200518294,45.195402479
0.29932251,45.170848223,45.148006017
0.29937744,45.128853609,45.108329341
0.29943237,45.099575811,45.089080355
0.29948730,45.083371922,45.078524977
0.29954224,45.059443993,45.041195140
0.29959717,45.030917577,45.018581461
0.29965210,45.021043208,45.021321335
0.29970703,45.027968464,45.035284941
0.29976196,45.028646693,45.022900691
0.29981689,45.023929347,45.023215616
0.29987183,45.034801645,45.044737115
0.29992676,45.057539039,45.071680333
0.29998169,45.067931223,45.065812367
0.30003662,45.066267122,45.065736133
0.30009155,45.073433217,45.080186070
0.30014648,45.086241739,45.094208828
0.30020142,45.081738730,45.071288810
0.30025635,45.061858026,45.051643511
0.30031128,45.049184786,45.045788453
0.30036621,45.042301411,45.040525368
0.30042114,45.020090838,45.001295514
0.30047607,44.986049565,44.969520666
0.30053101,44.963778935,44.956530167
0.30058594,44.952466461,44.949500895
0.30064087,44.931340423,44.914208398
0.30069580,44.903815495,44.891593903
0.30075073,44.892873752,44.892199930
0.30080566,44.896807834,44.902169275
0.30086060,44.893911809,44.886456161
0.30091553,44.886507185,44.884652257
0.30097046,44.896228169,44.905926085
0.30102539,44.920016636,44.935063663
0.30108032,44.935032979,44.936122606
0.30113525,44.942555161,44.947519395
0.30119019,44.963169700,44.977474221
0.30124512,44.993021006,45.010097295
0.30130005,45.008940778,45.009479761
0.30135498,45.012206897,45.014023687
0.30140991,45.023600173,45.032332271
0.30146484,45.039831008,45.049247279
0.30151978,45.038779342,45.030253624
0.30157471,45.022989294,45.014925587
0.30162964,45.014464814,45.013133477
0.30168457,45.011160273,45.010931643
0.30173950,44.992254339,44.975221830
0.30179443,44.961358709,44.946326918
0.30184937,44.941087106,44.934572627
0.30190430,44.929691231,44.926131430
0.30195923,44.906487455,44.888078621
0.30201416,44.874920752,44.860244677
0.30206909,44.857045449,44.852300471
0.30212402,44.850418983,44.849654667
0.30217896,44.833758097,44.818958569
0.30223389,44.809896938,44.799259253
0.30228882,44.800178058,44.799563010
0.30234375,44.801565049,44.804732037
0.30239868,44.792466621,44.781367036
0.30245361,44.775520931,44.768195440
0.30250854,44.771830282,44.774045165
0.30256348,44.778231884,44.783686029
0.30261841,44.773243796,44.764051850
0.30267334,44.759650056,44.753851608
0.30272827,44.758569543,44.761947476
0.30278320,44.766884244,44.773145806
0.30283813,44.763315143,44.754769931
0.30289307,44.750824991,44.745517495
0.30294800,44.750540089,44.754257887
0.30300293,44.759350325,44.765785986
0.30305786,44.756126781,44.747755566
0.30311279,44.743954797,44.738798553
0.30316772,44.743918817,44.747746881
0.30322266,44.752878417,44.759351962
0.30327759,44.749830123,44.741580099
0.30333252,44.737976187,44.733003395
0.30338745,44.738378114,44.742448006
0.30344238,44.747910995,44.754681633
0.30349731,44.745771938,44.738072983
0.30355225,44.735390321,44.731264285
0.30360718,44.737954709,44.743246109
0.30366211,44.750543538,44.759008714
0.30371704,44.752772465,44.747554136
0.30377197,44.748533745,44.747837642
0.30382690,44.759373615,44.769236694
0.30388184,44.782760342,44.797120286
0.30393677,44.798818656,44.801155076
0.30399170,44.811839906,44.820457400
0.30404663,44.843448089,44.864390530
0.30410156,44.890946183,44.917997915
0.30415649,44.934097724,44.950575441
0.30421143,44.976405414,45.000055974
0.30426636,45.038111674,45.074204101
0.30432129,45.114723018,45.156043020
0.30437622,45.183996575,45.212879219
0.30443115,45.247196573,45.280154774
0.30448608,45.322165451,45.363280451
0.30454102,45.402252420,45.443271700
0.30459595,45.463684776,45.486373961
0.30465088,45.506900427,45.527434719
0.30470581,45.549672580,45.572291335
0.30476074,45.586292175,45.603398420
0.30481567,45.595050143,45.589720250
0.30487061,45.579281572,45.569222364
0.30492554,45.560134584,45.551389462
0.30498047,45.535608482,45.522465354
0.30503540,45.487822911,45.455337117
0.30509033,45.423575877,45.391022915
0.30514526,45.366710167,45.341349879
0.30520020,45.317110606,45.293985509
0.30525513,45.257993513,45.222605637
0.30531006,45.196302368,45.167740205
0.30536499,45.155029943,45.139972125
0.30541992,45.132511487,45.125077323
0.30547485,45.110011023,45.094714933
0.30552979,45.092149517,45.086783453
0.30558472,45.099287683,45.109197427
0.30563965,45.127137816,45.145122119
0.30569458,45.154611614,45.164126131
0.30574951,45.184215141,45.201974249
0.30580444,45.234413459,45.264897087
0.30585937,45.299476790,45.334836124
0.30591431,45.357503315,45.380970252
0.30596924,45.410688261,45.438849869
0.30602417,45.477559074,45.515033607
0.30607910,45.552916197,45.592189844
0.30613403,45.615867424,45.640822431
0.30618896,45.669800552,45.697577363
0.30624390,45.734332545,45.770099341
0.30629883,45.805228620,45.841900896
0.30635376,45.862402717,45.884282539
0.30640869,45.909641257,45.933911532
0.30646362,45.966407785,45.998083602
0.30651855,46.027957351,46.059611550
0.30657349,46.073565547,46.089217314
0.30662842,46.106270086,46.122644356
0.30668335,46.144752032,46.166510327
0.30673828,46.183777569,46.203296272
0.30679321,46.202676596,46.204171738
0.30684814,46.205011465,46.205496802
0.30690308,46.210347985,46.215032644
0.30695801,46.214774098,46.216758157
0.30701294,46.199361520,46.183862740
0.30706787,46.169527197,46.154430540
0.30712280,46.146525165,46.137876420
0.30717773,46.127956203,46.119549875
0.30723267,46.096214710,46.073940954
0.30728760,46.057622549,46.039663529
0.30734253,46.033771820,46.026263595
0.30739746,46.022174321,46.018763935
0.30745239,46.004837609,45.991219391
0.30750732,45.987294868,45.981111506
0.30756226,45.989891417,45.996602754
0.30761719,46.008634531,46.021068335
0.30767212,46.023937668,46.027030754
0.30772705,46.039577816,46.049997854
0.30778198,46.073956994,46.096193288
0.30783691,46.121185569,46.147111218
0.30789185,46.160030457,46.173866426
0.30794678,46.192833994,46.210509075
0.30800171,46.236769458,46.262237806
0.30805664,46.285147361,46.309950751
0.30811157,46.316521386,46.324945218
0.30816650,46.333487307,46.341611925
0.30822144,46.353819142,46.366000218
0.30827637,46.371863004,46.380222894
0.30833130,46.367663210,46.357370348
0.30838623,46.345523224,46.333481721
0.30844116,46.324937308,46.316393858
0.30849609,46.302025723,46.289975545
0.30855103,46.258675966,46.229270902
0.30860596,46.200896203,46.171795396
0.30866089,46.149592044,46.126721953
0.30871582,46.102093606,46.078993450
0.30877075,46.041353027,46.004729223
0.30882568,45.974118907,45.941869175
0.30888062,45.921574171,45.899705105
0.30893555,45.880965128,45.862881964
0.30899048,45.834875007,45.807094631
0.30904541,45.789264243,45.769141851
0.30910034,45.764045182,45.756892847
0.30915527,45.754916841,45.753295442
0.30921021,45.742838658,45.732494855
0.30926514,45.732066681,45.729428455
0.30932007,45.740777458,45.750324128
0.30937500,45.763179300,45.776762059
0.30942993,45.779201545,45.782199925
0.30948486,45.792481955,45.801034663
0.30953979,45.820936507,45.839498780
0.30959473,45.858996023,45.879604871
0.30964966,45.887334526,45.895892346
0.30970459,45.910632329,45.923787689
0.30975952,45.947937252,45.970756678
0.30981445,45.994907466,46.020034063
0.30986938,46.033506221,46.047543369
0.30992432,46.069518079,46.089559759
0.30997925,46.122722220,46.154156637
0.31003418,46.189194212,46.224788275
0.31008911,46.251044883,46.277470904
0.31014404,46.313788122,46.347857460
0.31019897,46.396439658,46.443096603
0.31025391,46.494001900,46.545398514
0.31030884,46.587381758,46.629616841
0.31036377,46.680753078,46.729883116
0.31041870,46.791720137,46.852010997
0.31047363,46.914101957,46.977147418
0.31052856,47.028103114,47.079803439
0.31058350,47.137682842,47.194026613
0.31063843,47.260713950,47.326234932
0.31069336,47.391906131,47.458747069
0.31074829,47.512987211,47.567980511
0.31080322,47.629780887,47.689843375
0.31085815,47.762044937,47.832679207
0.31091309,47.906245827,47.980413912
0.31096802,48.045543605,48.110764660
0.31102295,48.186497705,48.259843506
0.31107788,48.348654797,48.435361016
0.31113281,48.527396908,48.619688319
0.31118774,48.704083481,48.788489974
0.31124268,48.882826617,48.975015996
0.31129761,49.080293076,49.184024902
0.31135254,49.289040719,49.395137330
0.31140747,49.488118015,49.582122635
0.31146240,49.680045489,49.776926640
0.31151733,49.880776404,49.984156307
0.31157227,50.083273571,50.184383415
0.31162720,50.268159265,50.353605887
0.31168213,50.440396317,50.526469179
0.31173706,50.618873509,50.710778204
0.31179199,50.799737919,50.890307445
0.31184692,50.966732690,51.044149039
0.31190186,51.127392347,51.209041915
0.31195679,51.302268405,51.394028384
0.31201172,51.488225900,51.583074015
0.31206665,51.668837415,51.754741961
0.31212158,51.850564505,51.944142260
0.31217651,52.052125404,52.158233002
0.31223145,52.268211884,52.378669489
0.31228638,52.480287854,52.582086891
0.31234131,52.692954985,52.801786481
0.31239624,52.923488818,53.043617175
0.31245117,53.165834112,53.288831351
0.31250610,53.401528395,53.514633949
0.31256104,53.635882632,53.755203209
0.31261597,53.887280908,54.017739335
0.31267090,54.151068145,54.284962079
0.31272583,54.410282980,54.535655184
0.31278076,54.671448896,54.804881009
0.31283569,54.953565036,55.100191534
0.31289063,55.251948788,55.403898537
0.31294556,55.548964786,55.693858706
0.31300049,55.849712383,56.003212971
0.31305542,56.171052475,56.337124070
0.31311035,56.505761380,56.675172985
0.31316528,56.833579254,56.992682038
0.31322021,57.157045388,57.320188223
0.31327515,57.490709050,57.660796318
0.31333008,57.825621524,57.992666233
0.31338501,58.140612035,58.290723631
0.31343994,58.438079581,58.585632021
0.31349487,58.733125934,58.881468988
0.31354980,59.018089452,59.157999500
0.31360474,59.273759099,59.392495799
0.31365967,59.504878052,59.617994104
0.31371460,59.729023482,59.841155921
0.31376953,59.941087686,60.044276123
0.31382446,60.124418554,60.207240897
0.31387939,60.286096447,60.365165628
0.31393433,60.445673378,60.526573007
0.31398926,60.599738367,60.675280601
0.31404419,60.733122099,60.792629829
0.31409912,60.854066346,60.914612477
0.31415405,60.982907019,61.050428207
0.31420898,61.116765074,61.184271372
0.31426392,61.240816977,61.297813275
0.31431885,61.363329736,61.426779780
0.31437378,61.504245620,61.579839637
0.31442871,61.659956603,61.740253027
0.31448364,61.814617331,61.888596191
0.31453857,61.975056676,62.058822057
0.31459351,62.159315313,62.257550056
0.31464844,62.361592864,62.465684807
0.31470337,62.563723071,62.661515548
0.31475830,62.770097929,62.876401907
0.31481323,62.996288470,63.114586510
0.31486816,63.234265221,63.354865817
0.31492310,63.464088573,63.574089563
0.31497803,63.688840356,63.802436786
0.31503296,63.923260110,64.043650305
0.31508789,64.159113415,64.276607939
0.31514282,64.376931202,64.479038597
0.31519775,64.580765467,64.682202755
0.31525269,64.786663273,64.891376857
0.31530762,64.988030682,65.087190310
0.31536255,65.167311813,65.249473118
0.31541748,65.330512732,65.411314100
0.31547241,65.495508871,65.579814341
0.31552734,65.657442032,65.737247077
0.31558228,65.800406266,65.865115517
0.31563721,65.931822312,65.997676779
0.31569214,66.070658919,66.143039096
0.31574707,66.212927315,66.284199429
0.31580200,66.343416344,66.403341433
0.31585693,66.469938592,66.534837112
0.31591187,66.611469067,66.686681879
0.31596680,66.763730726,66.841401508
0.31602173,66.910976043,66.980591399
0.31607666,67.060119130,67.137422495
0.31613159,67.228830693,67.318465298
0.31618652,67.411279666,67.504545326
0.31624146,67.590049999,67.675622936
0.31629639,67.770262680,67.862913912
0.31635132,67.967729202,68.071198698
0.31640625,68.174929982,68.279693299
0.31646118,68.373110008,68.467291149
0.31651611,68.566387394,68.664270775
0.31657104,68.769909908,68.875006775
0.31662598,68.975965968,69.078729672
0.31668091,69.166120476,69.254976682
0.31673584,69.345157469,69.434732514
0.31679077,69.529093165,69.623401010
0.31684570,69.711296046,69.801346310
0.31690063,69.874577399,69.949488152
0.31695557,70.024929128,70.099862385
0.31701050,70.179399255,70.258879456
0.31706543,70.332263664,70.407706907
0.31712036,70.467141261,70.528090119
0.31717529,70.590613421,70.652426098
0.31723022,70.720051701,70.787396157
0.31728516,70.849922373,70.914265362
0.31734009,70.963992449,71.014985935
0.31739502,71.068879563,71.121824947
0.31744995,71.181860810,71.241388474
0.31750488,71.297319077,71.354838246
0.31755981,71.399033699,71.444264262
0.31761475,71.493645205,71.541848369
0.31766968,71.598423359,71.654253911
0.31772461,71.707828416,71.762731514
0.31777954,71.805857258,71.849730461
0.31783447,71.899393147,71.947569101
0.31788940,72.005900362,72.063154146
0.31794434,72.120062681,72.177935914
0.31799927,72.226143809,72.274715289
0.31805420,72.331181485,72.385782439
0.31810913,72.452572312,72.517930953
0.31816406,72.584760645,72.652242669
0.31821899,72.711605252,72.771092883
0.31827393,72.839437985,72.905794545
0.31832886,72.984592129,73.061976614
0.31838379,73.140228465,73.219302885
0.31843872,73.288825776,73.358807107
0.31849365,73.435243680,73.510192109
0.31854858,73.594338027,73.677712629
0.31860352,73.758048071,73.839938299
0.31865845,73.908092416,73.977473914
0.31871338,74.049055782,74.119899560
0.31876831,74.196034686,74.272058959
0.31882324,74.341848480,74.413689897
0.31887817,74.469734973,74.527292155
0.31893311,74.586212115,74.644444566
0.31898804,74.708493660,74.772238404
0.31904297,74.831588036,74.892559610
0.31909790,74.940817843,74.989965090
0.31915283,75.044368961,75.097339393
0.31920776,75.160490050,75.222538224
0.31926270,75.284592511,75.347485274
0.31931763,75.401792842,75.456294718
0.31937256,75.519408769,75.580552754
0.31942749,75.654227243,75.726459701
0.31948242,75.799876337,75.873998564
0.31953735,75.939613430,76.005495538
0.31959229,76.078917011,76.150634031
0.31964722,76.232880118,76.314102271
0.31970215,76.393815277,76.474747655
0.31975708,76.544166256,76.614414018
0.31981201,76.689014944,76.762484843
0.31986694,76.843391181,76.923818148
0.31992188,76.999904116,77.077688319
0.31997681,77.141601732,77.206744543
0.32003174,77.274267052,77.340986639
0.32008667,77.413573293,77.485942384
0.32014160,77.552717776,77.621395414
0.32019653,77.675239286,77.730488148
0.32025146,77.787130927,77.843163631
0.32030640,77.903867130,77.964606642
0.32036133,78.018051801,78.073760377
0.32041626,78.112184606,78.152553342
0.32047119,78.190561548,78.228769551
0.32052612,78.266127795,78.304698361
0.32058105,78.328083612,78.355380710
0.32063599,78.354545957,78.357909903
0.32069092,78.344204437,78.333713240
0.32074585,78.303010941,78.277446475
0.32080078,78.211825022,78.155093340
0.32085571,78.039156334,77.933583956
0.32091064,77.772896950,77.622883688
0.32096558,77.407323593,77.205687652
0.32102051,76.911414352,76.636083955
0.32107544,76.242437409,75.870315799
0.32113037,75.378604345,74.909550327
0.32118530,74.307219575,73.731182309
0.32124023,72.994376875,72.288683397
0.32129517,71.399846320,70.543804311
0.32135010,69.510711899,68.509866961
0.32140503,67.330230129,66.183966502
0.32145996,64.847897240,63.546700876
0.32151489,62.054046531,60.593936339
0.32156982,58.972375679,57.378293821
0.32162476,55.647069898,53.939664585
0.32167969,52.110672473,50.302239282
0.32173462,48.395984848,46.503567329
0.32178955,44.565547822,42.632602034
0.32184448,40.695858638,38.757798085
0.32189941,36.842861277,34.921790433
0.32195435,33.052066535,31.169232439
0.32200928,29.386981112,27.583921257
0.32206421,25.913307060,24.217767299
0.32211914,22.665511940,21.086797718
0.32217407,19.658795644,18.201399122
0.32222900,16.919841846,15.605689070
0.32228394,14.473748060,13.309720307
0.32233887,12.313523120,11.288158323
0.32239380,10.414706920,9.513193321
0.32244873,8.768206688,7.995405995
0.32250366,7.368796873,6.717613003
0.32255859,6.185681363,5.634055677
0.32261353,5.177485391,4.703549576
0.32266846,4.324772352,3.929437634
0.32272339,3.617849758,3.292932219
0.32277832,3.026481630,2.751114462
0.32283325,2.513821959,2.269154054
0.32288818,2.067716959,1.858728733
0.32294312,1.687434853,1.510727365
0.32299805,1.352584266,1.192318689
0.32305298,1.036377640,0.878772597
0.32310791,0.736320554,0.591031049
0.32316284,0.460564815,0.328497042
0.32321777,0.196734324,0.065858765
0.32327271,-0.074846539,-0.214898647
0.32332764,-0.350549892,-0.487304108
0.32338257,-0.617068936,-0.747194200
0.32343750,-0.882412570,-1.015922764
0.32349243,-1.162550637,-1.308049379
0.32354736,-1.450822331,-1.594494591
0.32360229,-1.731525384,-1.868930250
0.32365723,-2.010756655,-2.151062149
0.32371216,-2.302973586,-2.454066532
0.32376709,-2.600456994,-2.748128788
0.32382202,-2.886898822,-3.026459677
0.32387695,-3.168109638,-3.308663951
0.32393188,-3.458502250,-3.607923834
0.32398682,-3.750600687,-3.894905319
0.32404175,-4.028609070,-4.163380533
0.32409668,-4.298965575,-4.433660704
0.32415161,-4.576729143,-4.719509729
0.32420654,-4.855120545,-4.992406240
0.32426147,-5.119067812,-5.246774381
0.32431641,-5.375615116,-5.503495741
0.32437134,-5.640234023,-5.776581488
0.32442627,-5.906429335,-6.037827213
0.32448120,-6.159303940,-6.281701026
0.32453613,-6.405873745,-6.528988304
0.32459106,-6.661358224,-6.793278657
0.32464600,-6.918904288,-7.046064138
0.32470093,-7.163219161,-7.281331534
0.32475586,-7.400832887,-7.519376512
0.32481079,-7.646399007,-7.773130850
0.32486572,-7.892553744,-8.013713156
0.32492065,-8.123620889,-8.234723985
0.32497559,-8.345814148,-8.456215215
0.32503052,-8.573529189,-8.690834075
0.32508545,-8.799309633,-8.909792425
0.32514038,-9.007589478,-9.106829198
0.32519531,-8.837889848,-8.935388582
0.32525024,-8.874815617,-8.976410872
0.32530518,-8.903151809,-9.002499969
0.32536011,-8.925192457,-9.025430219
0.32541504,-8.943532532,-9.042700123
0.32546997,-8.958792000,-9.061270531
0.32552490,-8.971201818,-9.075355418
0.32557983,-8.982126775,-9.083659274
0.32563477,-8.991003421,-9.096639411
0.32568970,-8.999139499,-9.099196947
0.32574463,-9.005823456,-9.111548365
0.32579956,-9.012091955,-9.111248239
0.32585449,-9.017325406,-9.122562532
0.32590942,-9.022292500,-9.121003073
0.32596436,-9.026513101,-9.131038314
0.32601929,-9.030542500,-9.129079000
0.32607422,-9.034025075,-9.137808389
0.32612915,-9.037359229,-9.135873300
0.32618408,-9.040285789,-9.143395843
0.32623901,-9.043091308,-9.141670437
0.32629395,-9.045587621,-9.148129743
0.32634888,-9.047982142,-9.146679037
0.32640381,-9.050138138,-9.152221053
0.32645874,-9.052206817,-9.151054147
0.32651367,-9.054088644,-9.155810534
0.32656860,-9.055894546,-9.154912772
0.32662354,-9.057552031,-9.158996695
0.32667847,-9.059142838,-9.158344669
0.32673340,-9.060614277,-9.161851622
0.32678833,-9.062026714,-9.161419803
0.32684326,-9.063342060,-9.164430015
0.32689819,-9.064604877,-9.164193556
0.32695313,-9.065787918,-9.166774557
0.32700806,-9.066923955,-9.166710380
0.32706299,-9.067993836,-9.168919247
0.32711792,-9.069021474,-9.169006399
0.32717285,-9.069993786,-9.170891604
0.32722778,-9.070927991,-9.171111289
0.32728271,-9.071815567,-9.172714176
0.32733765,-9.072668651,-9.173049657
0.32739258,-9.073482152,-9.174405627
0.32744751,-9.074264338,-9.174842070
0.32750244,-9.075012701,-9.175981536
0.32755737,-9.075732552,-9.176505844
0.32761230,-9.076423322,-9.177455007
0.32766724,-9.077088066,-9.178055650
0.32772217,-9.077727661,-9.178837134
0.32777710,-9.078343440,-9.179503989
0.32783203,-9.078937357,-9.180137372
0.32788696,-9.079509427,-9.180861571
0.32794189,-9.080062396,-9.181363826
0.32799683,-9.080595282,-9.182137620
0.32805176,-9.081111400,-9.182523485
0.32810669,-9.081609019,-9.183340116
0.32816162,-9.082091853,-9.183622412
0.32821655,-9.082557611,-9.184476000
0.32827148,-9.083010281,-9.184665892
0.32832642,-9.083447157,-9.185551328
0.32838135,-9.083872401,-9.185658560
0.32843628,-9.084283011,-9.186571417
0.32849121,-9.084683248,-9.186604500
0.32854614,-9.085069898,-9.187540947
0.32860107,-9.085447267,-9.187507331
0.32865601,-9.085812001,-9.188464057
0.32871094,-9.086168403,-9.188370271
0.32876587,-9.086513036,-9.189344423
0.32882080,-9.086850168,-9.189196199
0.32887573,-9.087176319,-9.190185317
0.32893066,-9.087495698,-9.189987698
0.32898560,-9.087804815,-9.190989669
0.32904053,-9.088107804,-9.190747097
0.32909546,-9.088401188,-9.191760106
0.32915039,-9.088689011,-9.191476504
0.32920532,-9.088967832,-9.192498992
0.32926025,-9.089241597,-9.192177828
0.32931519,-9.089506910,-9.193208462
0.32937012,-9.089767618,-9.192852812
0.32942505,-9.090020381,-9.193890448
0.32947998,-9.090268939,-9.193503045
0.32953491,-9.090510019,-9.194546705
0.32958984,-9.090747253,-9.194129980
0.32964478,-9.090977439,-9.195178828
0.32969971,-9.091204102,-9.194734952
0.32975464,-9.091424113,-9.195788274
0.32980957,-9.091640891,-9.195319189
0.32986450,-9.091851386,-9.196376373
0.32991943,-9.092058908,-9.195883819
0.32997437,-9.092260487,-9.196944342
0.33002930,-9.092459330,-9.196429886
0.33008423,-9.092652544,-9.197493301
0.33013916,-9.092843238,-9.196958353
0.33019409,-9.093028595,-9.198024277
0.33024902,-9.093211627,-9.197470112
0.33030396,-9.093389594,-9.198538216
0.33035889,-9.093565412,-9.197965990
0.33041382,-9.093736419,-9.199035990
0.33046875,-9.093905439,-9.198446752
0.33052368,-9.094069884,-9.199518404
0.33057861,-9.094232489,-9.198913110
0.33063354,-9.094390740,-9.199986203
0.33068848,-9.094547285,-9.199365726
0.33074341,-9.094699682,-9.200440074
0.33079834,-9.094850498,-9.199805213
0.33085327,-9.094997356,-9.200880654
0.33090820,-9.095142748,-9.200232142
0.33096313,-9.095284363,-9.201308531
0.33101807,-9.095424615,-9.200647041
0.33107300,-9.095561259,-9.201724244
0.33112793,-9.095696637,-9.201050395
0.33118286,-9.095828565,-9.202128287
0.33123779,-9.095959315,-9.201442649
0.33129272,-9.096086765,-9.202521106
0.33134766,-9.096213118,-9.201824199
0.33140259,-9.096336311,-9.202903088
0.33145752,-9.096458482,-9.202195386
0.33151245,-9.096577625,-9.203274556
0.33156738,-9.096695816,-9.202556474
0.33162231,-9.096811103,-9.203635738
0.33167725,-9.096925502,-9.202907620
0.33173218,-9.097037115,-9.203986727
0.33178711,-9.097147898,-9.203248810
0.33184204,-9.097256005,-9.204327393
0.33189697,-9.097363337,-9.203579745
0.33195190,-9.097468097,-9.204657252
0.33200684,-9.097572132,-9.203899666
0.33206177,-9.097673691,-9.204975197
0.33211670,-9.097774570,-9.204206994
0.33217163,-9.097873065,-9.205279121
0.33222656,-9.097970920,-9.204498865
0.33228149,-9.098066473,-9.205565096
0.33233643,-9.098161420,-9.204769973
0.33239136,-9.098254142,-9.205826393
0.33244629,-9.098346283,-9.205011506
0.33250122,-9.098436263,-9.206050905
0.33255615,-9.098525679,-9.205207311
0.33261108,-9.098612984,-9.206218941
0.33266602,-9.098699725,-9.205332172
0.33272095,-9.098784384,-9.206294715
0.33277588,-9.098868458,-9.205338124
0.33283081,-9.098950449,-9.206222994
0.33288574,-9.099031791,-9.205156222
0.33294067,-9.099110997,-9.205898757
0.33299561,-9.099189446,-9.204643169
0.33305054,-9.099265638,-9.205172629
0.33310547,-9.099340836,-9.203621168
0.33316040,-9.099413509,-9.203733576
0.33321533,-9.099484876,-9.201651542
0.33327026,-9.099553304,-9.201200574
0.33332520,-9.099619688,-9.198329115
0.33338013,-9.099682284,-9.196634502
0.33343506,-9.099742079,-9.192254001
0.33348999,-9.099796979,-9.189178870
0.33354492,-9.099846801,-9.182794168
0.33359985,-9.099889208,-9.175906454
0.33365479,-9.099925023,-9.165192723
0.33370972,-9.099950783,-9.155482827
0.33376465,-9.099953838,-9.140128184
0.33381958,-9.099959763,-9.104737555
0.33387451,-9.099932294,-9.109205320
0.33392944,-9.099905764,-9.056999217
0.33398438,-9.099841290,-9.058614166
0.33403931,-9.099766984,-9.000431201
0.33409424,-9.099632549,-8.986635960
0.33414917,-9.099467323,-8.898969422
0.33420410,-9.099234328,-8.859529996
0.33425903,-9.098957084,-8.772922976
0.33431396,-9.098605041,-8.727854001
0.33436890,-9.098062705,-8.652264978
0.33442383,-9.097305592,-8.460064988
0.33447876,-9.096341376,-8.294588239
0.33453369,-9.095101427,-8.198482861
0.33458862,-9.093504324,-8.105909251
0.33464355,-9.088998097,-8.029725154
0.33469849,-9.085272947,-6.946294672
0.33475342,-9.077679377,-7.887226711
0.33480835,-9.054210524,-7.465310819
0.33486328,-8.908781332,-6.709688899
0.33491821,-4.473417007,-2.258232995
0.33497314,-0.125507256,2.263348400
0.33502808,1.915835061,1.825827262
0.33508301,1.933068725,2.004373673
0.33513794,2.232100395,2.465521176
0.33519287,2.429551242,2.449609459
0.33524780,2.179928485,1.909095929
0.33530273,1.989767481,2.020190188
0.33535767,2.200943720,2.382350754
0.33541260,2.362918468,2.387459527
0.33546753,2.172489974,1.958136925
0.33552246,2.017135765,2.036128438
0.33557739,2.182915507,2.328617941
0.33563232,2.322060758,2.350815060
0.33568726,2.176873529,2.004772600
0.33574219,2.049371744,2.061560734
0.33579712,2.183293121,2.302883580
0.33585205,2.305391793,2.336858078
0.33590698,2.193109436,2.052077254
0.33596191,2.085750066,2.092768276
0.33601685,2.194353178,2.293212402
0.33607178,2.300512889,2.332062161
0.33612671,2.209335109,2.089955268
0.33618164,2.113609792,2.115034228
0.33623657,2.198746733,2.279437675
0.33629150,2.287382441,2.316000913
0.33634644,2.206873206,2.101500800
0.33640137,2.115152168,2.109972960
0.33645630,2.177273891,2.241376671
0.33651123,2.247141476,2.270745611
0.33656616,2.170369500,2.073918312
0.33662109,2.078462563,2.066742420
0.33667603,2.120053157,2.169981518
0.33673096,2.173232609,2.191953836
0.33678589,2.098792253,2.009489391
0.33684082,2.007849302,1.991842067
0.33689575,2.035460849,2.075462292
0.33695068,2.078580425,2.095129225
0.33700562,2.010623670,1.929749105
0.33706055,1.926556452,1.910426355
0.33711548,1.949828725,1.985391149
0.33717041,1.992100444,2.010529852
0.33722534,1.937222727,1.867304141
0.33728027,1.866980191,1.854912769
0.33733521,1.894614526,1.930387193
0.33739014,1.943286789,1.966581175
0.33744507,1.905529044,1.847748605
0.33750000,1.852205225,1.846054396
0.33755493,1.887553848,1.925240442
0.33760986,1.943952969,1.972117847
0.33766479,1.921418803,1.874034244
0.33771973,1.881856756,1.880191277
0.33777466,1.921741264,1.959748617
0.33782959,1.981190568,2.011408794
0.33788452,1.967006116,1.926026987
0.33793945,1.933902142,1.933308433
0.33799438,1.971809466,2.007050107
0.33804932,2.027608489,2.056358292
0.33810425,2.014415034,1.975932885
0.33815918,1.981189056,1.978788896
0.33821411,2.012303669,2.042728497
0.33826904,2.060563315,2.085972654
0.33832397,2.044870343,2.007124496
0.33837891,2.009400480,2.004601651
0.33843384,2.033579664,2.059507125
0.33848877,2.075243547,2.097899675
0.33854370,2.058398293,2.022048397
0.33859863,2.022985740,2.017278492
0.33865356,2.043791822,2.067243241
0.33870850,2.082784879,2.104634831
0.33876343,2.068360887,2.035037492
0.33881836,2.036581471,2.031876484
0.33887329,2.057820130,2.080737426
0.33892822,2.097451762,2.119983917
0.33898315,2.087712314,2.058269238
0.33903809,2.061166615,2.058242031
0.33909302,2.084105209,2.107059782
0.33914795,2.124857379,2.148110228
0.33920288,2.119184981,2.093042296
0.33925781,2.096628378,2.094838177
0.33931274,2.119826052,2.142069922
0.33936768,2.159807296,2.182713135
0.33942261,2.155679025,2.131406713
0.33947754,2.134415134,2.132464799
0.33953247,2.155405579,2.175762078
0.33958740,2.192164810,2.213473009
0.33964233,2.186952545,2.163159846
0.33969727,2.164511824,2.161270137
0.33975220,2.181269737,2.198820019
0.33980713,2.212970821,2.231772995
0.33986206,2.204782275,2.180470217
0.33991699,2.179436589,2.174130814
0.33997192,2.190598545,2.204735807
0.34002686,2.215991675,2.231660122
0.34008179,2.203460558,2.177884607
0.34013672,2.173925666,2.165981590
0.34019165,2.178499729,2.188789998
0.34024658,2.196718099,2.208824847
0.34030151,2.178959793,2.151642251
0.34035645,2.144573806,2.133752949
0.34041138,2.142377961,2.148832136
0.34046631,2.153635985,2.162352672
0.34052124,2.131177025,2.102415662
0.34057617,2.093009840,2.079997972
0.34063110,2.085879708,2.089572771
0.34068604,2.092666416,2.099352609
0.34074097,2.068496595,2.039856721
0.34079590,2.030133611,2.016874542
0.34085083,2.022313926,2.025497686
0.34090576,2.029279260,2.036320805
0.34096069,2.008149956,1.981993987
0.34101562,1.974364499,1.963272130
0.34107056,1.970564445,1.975574401
0.34112549,1.982013982,1.991462845
0.34118042,1.967482582,1.945408997
0.34123535,1.940992962,1.933281716
0.34129028,1.943056757,1.950640063
0.34134521,1.959757608,1.971771984
0.34140015,1.951358985,1.932870804
0.34145508,1.930587910,1.925278930
0.34151001,1.936033101,1.944779700
0.34156494,1.954670283,1.967429449
0.34161987,1.948368496,1.931297853
0.34167480,1.928898661,1.923745032
0.34172974,1.933308921,1.941028206
0.34178467,1.949674554,1.961122366
0.34183960,1.941646352,1.924152460
0.34189453,1.920352110,1.913960824
0.34194946,1.921583162,1.927407700
0.34200439,1.934574420,1.944363327
0.34205933,1.924733241,1.906958105
0.34211426,1.902602747,1.895697112
0.34216919,1.902727192,1.907904550
0.34222412,1.915301036,1.925069911
0.34227905,1.907220011,1.891045862
0.34233398,1.888277989,1.882965111
0.34238892,1.891605079,1.898335974
0.34244385,1.908046274,1.919915046
0.34249878,1.905667805,1.892972440
0.34255371,1.893347141,1.891249028
0.34260864,1.902685378,1.912245343
0.34266357,1.924980124,1.939769477
0.34271851,1.929298896,1.920367717
0.34277344,1.923599664,1.924534402
0.34282837,1.938017526,1.949761226
0.34288330,1.964295562,1.980885118
0.34293823,1.972516800,1.965763510
0.34299316,1.969874508,1.971928808
0.34304810,1.985235928,1.996992932
0.34310303,2.010900208,2.026905554
0.34315796,2.018069728,2.010944107
0.34321289,2.013380428,2.013993926
0.34326782,2.024654934,2.033934714
0.34332275,2.044867903,2.057912450
0.34337769,2.046432870,2.036710427
0.34343262,2.035598321,2.032828634
0.34348755,2.039312943,2.044508720
0.34354248,2.051289358,2.060116458
0.34359741,2.045178008,2.031955628
0.34365234,2.026929029,2.020311491
0.34370728,2.022699927,2.023795994
0.34376221,2.026916700,2.031930479
0.34381714,2.014400955,1.998459363
0.34387207,1.990792058,1.981514447
0.34392700,1.981434777,1.979985936
0.34398193,1.981345563,1.984390494
0.34403687,1.966356555,1.949739988
0.34409180,1.941690056,1.931978631
0.34414673,1.931773034,1.930109904
0.34420166,1.932026797,1.935433178
0.34425659,1.919090957,1.904022435
0.34431152,1.897640525,1.889583618
0.34436646,1.891081528,1.891087984
0.34442139,1.895089253,1.900455429
0.34447632,1.886970595,1.874692896
0.34453125,1.870806846,1.865308801
0.34458618,1.868984998,1.871215253
0.34464111,1.877409260,1.884924702
0.34469604,1.874049383,1.864386726
0.34475098,1.862479908,1.859081397
0.34480591,1.864197435,1.867960023
0.34486084,1.875427071,1.884209610
0.34491577,1.874893909,1.866817086
0.34497070,1.865819610,1.863452240
0.34502563,1.868975585,1.873227809
0.34508057,1.881008588,1.890081318
0.34513550,1.881469632,1.874094302
0.34519043,1.873327273,1.871272796
0.34524536,1.876714005,1.880925699
0.34530029,1.888705030,1.897716183
0.34535522,1.889642884,1.882768177
0.34541016,1.882230565,1.880454388
0.34546509,1.885938801,1.890211173
0.34552002,1.898182786,1.907314971
0.34557495,1.899984276,1.893811498
0.34562988,1.893709150,1.892420087
0.34568481,1.898109013,1.902616663
0.34573975,1.910845616,1.920188038
0.34579468,1.913529428,1.908015851
0.34584961,1.908161003,1.907198135
0.34590454,1.912779055,1.917237659
0.34595947,1.925280441,1.934418415
0.34601440,1.927866033,1.922467908
0.34606934,1.922235675,1.920985331
0.34612427,1.925810180,1.929575053
0.34617920,1.936791107,1.945080538
0.34623413,1.938036769,1.932141248
0.34628906,1.931052973,1.929008164
0.34634399,1.932754831,1.935468125
0.34639893,1.941711489,1.948967034
0.34645386,1.941473268,1.935076938
0.34650879,1.933399737,1.930778372
0.34656372,1.933932695,1.936033853
0.34661865,1.941978837,1.948835962
0.34667358,1.941713806,1.935605693
0.34672852,1.934294009,1.932024741
0.34678345,1.935621239,1.938131375
0.34683838,1.944825710,1.952333708
0.34689331,1.946577393,1.941764562
0.34694824,1.941730481,1.940747118
0.34700317,1.945564509,1.949295221
0.34705811,1.957333215,1.966129965
0.34711304,1.962110797,1.959012694
0.34716797,1.960412550,1.960919717
0.34722290,1.966893710,1.971829808
0.34727783,1.980925457,1.990773679
0.34733276,1.987995442,1.986158392
0.34738770,1.988339149,1.989716696
0.34744263,1.996072452,2.001464294
0.34749756,2.010752448,2.020805221
0.34755249,2.018346247,2.016856507
0.34760742,2.018903319,2.020232987
0.34766235,2.026098135,2.031062688
0.34771729,2.039736242,2.049171272
0.34777222,2.046306491,2.044417772
0.34782715,2.045726322,2.046376800
0.34788208,2.051276120,2.055310048
0.34793701,2.063017051,2.071456053
0.34799194,2.067945196,2.065391140
0.34804688,2.065844056,2.065671863
0.34810181,2.069596457,2.072668387
0.34815674,2.079484665,2.086986446
0.34821167,2.082965370,2.079867775
0.34826660,2.079662767,2.078853224
0.34832153,2.082044588,2.084387810
0.34837646,2.090575642,2.097399373
0.34843140,2.093130388,2.089750512
0.34848633,2.089156937,2.087978673
0.34854126,2.090702959,2.092585288
0.34859619,2.098393551,2.104792890
0.34865112,2.100495801,2.097058438
0.34870605,2.096281478,2.094943290
0.34876099,2.097388367,2.099002057
0.34881592,2.104594040,2.110738344
0.34887085,2.106545596,2.103188405
0.34892578,2.102347366,2.100971661
0.34898071,2.103244036,2.104698838
0.34903564,2.110163263,2.116145727
0.34909058,2.112123328,2.108915780
0.34914551,2.108071317,2.106720121
0.34920044,2.108875393,2.110228440
0.34925537,2.115610708,2.121479547
0.34931030,2.117657306,2.114631212
0.34936523,2.113813355,2.112516872
0.34942017,2.114584786,2.115866326
0.34947510,2.121190208,2.126971094
0.34953003,2.123360866,2.120529369
0.34958496,2.119752518,2.118524828
0.34963989,2.120521303,2.121747363
0.34969482,2.127024432,2.132730478
0.34974976,2.129333409,2.126698686
0.34980469,2.125967130,2.124812065
0.34985962,2.126743396,2.127920254
0.34991455,2.133153114,2.138788296
0.34996948,2.135597389,2.133153344
0.35002441,2.132463467,2.131376889
0.35007935,2.133241785,2.134368042
0.35013428,2.139552321,2.145113488
0.35018921,2.142115613,2.139849885
0.35024414,2.139192214,2.138164063
0.35029907,2.139955642,2.141024239
0.35035400,2.146150341,2.151629029
0.35040894,2.148806137,2.146701450
0.35046387,2.146060978,2.145075820
0.35051880,2.146780525,2.147778014
0.35057373,2.152827957,2.158207752
0.35062866,2.155530835,2.153559663
0.35068359,2.152905985,2.151934077
0.35073853,2.153516837,2.154409731
0.35079346,2.159335998,2.164572873
0.35084839,2.161972992,2.160070420
0.35090332,2.159319345,2.158280445
0.35095825,2.159635178,2.160323036
0.35101318,2.164986309,2.169949294
0.35106812,2.167241078,2.165231529
0.35112305,2.164153280,2.162828268
0.35117798,2.163670330,2.163881656
0.35123291,2.167927965,2.172279578
0.35128784,2.169024782,2.166488374
0.35134277,2.164560891,2.162447013
0.35139771,2.162161421,2.161302555
0.35145264,2.164013733,2.167059326
0.35150757,2.162429056,2.158560463
0.35156250,2.154855113,2.151045618
0.35161743,2.148609830,2.145678548
0.35167236,2.145946916,2.146596866
0.35172729,2.139413434,2.133047907
0.35178223,2.126353077,2.119641876
0.35183716,2.113843517,2.107625326
0.35189209,2.104274307,2.101341598
0.35194702,2.090505578,2.080522600
0.35200195,2.069874179,2.059264092
0.35205688,2.049324208,2.038996232
0.35211182,2.031477578,2.024360324
0.35216675,2.009595024,1.995654441
0.35222168,1.981093922,1.966554207
0.35227661,1.952860302,1.938732482
0.35233154,1.927793127,1.917158652
0.35238647,1.899570467,1.882698720
0.35244141,1.865691080,1.848608667
0.35249634,1.832961906,1.816763114
0.35255127,1.804504226,1.792390082
0.35260620,1.774334746,1.756833252
0.35266113,1.739949429,1.722850715
0.35271606,1.707986627,1.692419148
0.35277100,1.681687918,1.670919724
0.35282593,1.655305359,1.640070554
0.35288086,1.626244726,1.612060493
0.35293579,1.600901184,1.588892014
0.35299072,1.582562331,1.576026838
0.35304565,1.565645398,1.555488517
0.35310059,1.547408761,1.538852228
0.35315552,1.533950033,1.528084142
0.35321045,1.528533706,1.528650448
0.35326538,1.525658799,1.522788306
0.35332031,1.522347274,1.521373622
0.35337524,1.524298203,1.526221303
0.35343018,1.534629557,1.542669247
0.35348511,1.547785753,1.553025929
0.35354004,1.560421652,1.567348318
0.35359497,1.577717222,1.587178909
0.35364990,1.602532630,1.617624236
0.35370483,1.629171549,1.640992272
0.35375977,1.653882075,1.666512995
0.35381470,1.681335488,1.695486158
0.35386963,1.714189052,1.732866366
0.35392456,1.746711881,1.761092761
0.35397949,1.774912089,1.788771126
0.35403442,1.803170077,1.817193565
0.35408936,1.834190187,1.851428379
0.35414429,1.862483064,1.874332417
0.35419922,1.884117315,1.894203491
0.35425415,1.903490202,1.912628052
0.35430908,1.923645164,1.935071086
0.35436401,1.939603264,1.945061808
0.35441895,1.947739113,1.950827746
0.35447388,1.952676180,1.954432780
0.35452881,1.957953434,1.961868576
0.35458374,1.959205101,1.957411316
0.35463867,1.953167328,1.949255268
0.35469360,1.944692443,1.939911311
0.35474854,1.937754831,1.935807524
0.35480347,1.928484237,1.921820540
0.35485840,1.913815346,1.905931741
0.35491333,1.898621513,1.890863516
0.35496826,1.887056766,1.883203077
0.35502319,1.875454696,1.868119152
0.35507813,1.860640236,1.853071020
0.35513306,1.847191239,1.840668400
0.35518799,1.839121182,1.837339491
0.35524292,1.832661963,1.828249391
0.35529785,1.824261491,1.820095184
0.35535278,1.817983584,1.815176679
0.35540771,1.817534859,1.819626289
0.35546265,1.818944410,1.818538255
0.35551758,1.818261374,1.817871285
0.35557251,1.819090868,1.819703579
0.35562744,1.824953009,1.830024758
0.35568237,1.831854509,1.834066356
0.35573730,1.835681734,1.837314620
0.35579224,1.839853139,1.841907408
0.35584717,1.847983639,1.853974765
0.35590210,1.856331941,1.859152155
0.35595703,1.860878163,1.862701956
0.35601196,1.865072688,1.867012846
0.35606689,1.872784480,1.878483431
0.35612183,1.880618309,1.883212608
0.35617676,1.884680696,1.886244861
0.35623169,1.888423450,1.890153051
0.35628662,1.895874696,1.901479763
0.35634155,1.903839957,1.906618761
0.35639648,1.908378270,1.910215858
0.35645142,1.912753940,1.914830041
0.35650635,1.920960118,1.926955545
0.35656128,1.929823398,1.933111350
0.35661621,1.935212035,1.937426563
0.35667114,1.940104661,1.942368017
0.35672607,1.948406922,1.954354134
0.35678101,1.956965819,1.960054412
0.35683594,1.961515977,1.963171025
0.35689087,1.964857204,1.966204445
0.35694580,1.970948237,1.975653732
0.35700073,1.976821830,1.978513753
0.35705566,1.978262295,1.978253363
0.35711060,1.978074922,1.977584104
0.35716553,1.980436117,1.983238584
0.35722046,1.982699414,1.982654510
0.35727539,1.980800697,1.979154772
0.35733032,1.977609617,1.975693714
0.35738525,1.977525691,1.979216500
0.35744019,1.978177542,1.977532141
0.35749512,1.975565409,1.973714208
0.35755005,1.972498371,1.970813191
0.35760498,1.973438926,1.975811813
0.35765991,1.976108751,1.976699198
0.35771484,1.976386540,1.976117855
0.35776978,1.976840596,1.977035284
0.35782471,1.981827009,1.986310796
0.35787964,1.989014227,1.991980353
0.35793457,1.994050060,1.996169583
0.35798950,1.999192570,2.001710343
0.35804443,2.008658340,2.015324783
0.35809937,2.020067939,2.025119691
0.35815430,2.028885105,2.032774176
0.35820923,2.037138555,2.041077382
0.35826416,2.049007715,2.056726749
0.35831909,2.062183436,2.068023956
0.35837402,2.072076671,2.076341212
0.35842896,2.080620777,2.084554875
0.35848389,2.092081499,2.099455244
0.35853882,2.104328768,2.109638772
0.35859375,2.112815494,2.116260927
0.35864868,2.119454917,2.122346528
0.35870361,2.128647701,2.134814535
0.35875854,2.138466824,2.142567486
0.35881348,2.144413058,2.146544545
0.35886841,2.148367552,2.149894976
0.35892334,2.154833639,2.159625366
0.35897827,2.162040217,2.164890066
0.35903320,2.165482586,2.166359339
0.35908813,2.166951540,2.167243296
0.35914307,2.170987630,2.174568397
0.35919800,2.175907551,2.177671425
0.35925293,2.177137453,2.176895745
0.35930786,2.176318222,2.175451713
0.35936279,2.177968442,2.180327606
0.35941772,2.180436831,2.180988397
0.35947266,2.179034053,2.177412141
0.35952759,2.175213518,2.172773187
0.35958252,2.173439616,2.173993075
0.35963745,2.172069930,2.170646335
0.35969238,2.166292559,2.162350065
0.35974731,2.157383183,2.152258054
0.35980225,2.149776523,2.147258252
0.35985718,2.141882856,2.137088389
0.35991211,2.128837875,2.121091229
0.35996704,2.111835858,2.102506567
0.36002197,2.095400211,2.088318844
0.36007690,2.078134984,2.068580789
0.36013184,2.055288863,2.042540508
0.36018677,2.028157608,2.013711268
0.36024170,2.001541781,1.989364379
0.36029663,1.974425436,1.960050329
0.36035156,1.942347220,1.925095293
0.36040649,1.906857682,1.888421941
0.36046143,1.873146494,1.857677736
0.36051636,1.840637112,1.823941177
0.36057129,1.805157914,1.786586949
0.36062622,1.768444007,1.749837392
0.36068115,1.735924606,1.721526701
0.36073608,1.707234768,1.692994226
0.36079102,1.678195392,1.663334976
0.36084595,1.650367929,1.636681634
0.36090088,1.629012895,1.620625709
0.36095581,1.613539884,1.606319625
0.36101074,1.599323489,1.592146210
0.36106567,1.587334340,1.581744372
0.36112061,1.582289865,1.582115478
0.36117554,1.583067659,1.583956610
0.36123047,1.584381524,1.584776201
0.36128540,1.586502630,1.587663725
0.36134033,1.593607694,1.599090378
0.36139526,1.604159410,1.609472077
0.36145020,1.612441519,1.615731493
0.36150513,1.618356891,1.620784771
0.36156006,1.625951546,1.631019180
0.36161499,1.633741133,1.637061279
0.36166992,1.636083300,1.635767197
0.36172485,1.633024548,1.630387802
0.36177979,1.628970201,1.627700966
0.36183472,1.622934522,1.618962485
0.36188965,1.609734025,1.601315131
0.36194458,1.589866645,1.578608513
0.36199951,1.568314487,1.558182411
0.36205444,1.544715207,1.531999520
0.36210938,1.514381635,1.497485909
0.36216431,1.478218567,1.459003452
0.36221924,1.441665258,1.424299498
0.36227417,1.404802592,1.385835580
0.36232910,1.363217022,1.341082214
0.36238403,1.317968347,1.294647582
0.36243896,1.274682108,1.254409388
0.36249390,1.233605559,1.213050010
0.36254883,1.190328582,1.167821349
0.36260376,1.145807727,1.123324423
0.36265869,1.105609099,1.087329003
0.36271362,1.069916144,1.052515785
0.36276855,1.034111009,1.015718427
0.36282349,0.998852970,0.981342871
0.36287842,0.969467811,0.956877015
0.36293335,0.945908572,0.934840096
0.36298828,0.923201690,0.911511190
0.36304321,0.901581244,0.890981621
0.36309814,0.886025719,0.880362318
0.36315308,0.876178295,0.871946159
0.36320801,0.866667084,0.861436692
0.36326294,0.857300312,0.852630027
0.36331787,0.852752944,0.852327698
0.36337280,0.852451768,0.852714948
0.36342773,0.850774672,0.849097431
0.36348267,0.847304716,0.845200588
0.36353760,0.846659458,0.847784932
0.36359253,0.848334580,0.849231014
0.36364746,0.846774711,0.844779103
0.36370239,0.841672153,0.838422330
0.36375732,0.837920829,0.837211077
0.36381226,0.835403307,0.834027752
0.36386719,0.828919724,0.824320049
0.36392212,0.818514623,0.812563896
0.36397705,0.809539020,0.806247053
0.36403198,0.802371063,0.798824160
0.36408691,0.792198557,0.785944797
0.36414185,0.779369544,0.772476051
0.36419678,0.769560591,0.766170993
0.36425171,0.763437363,0.760811102
0.36430664,0.756302826,0.751946902
0.36436157,0.748483386,0.744485952
0.36441650,0.745616381,0.746065723
0.36447144,0.748269328,0.750401671
0.36452637,0.751475304,0.752566008
0.36458130,0.755172503,0.757151209
0.36463623,0.764626065,0.771366883
0.36469116,0.780022878,0.788607924
0.36474609,0.795909873,0.803289223
0.36480103,0.811695674,0.819584115
0.36485596,0.832209775,0.844251224
0.36491089,0.857275284,0.870421632
0.36496582,0.881049870,0.891990720
0.36502075,0.902581663,0.912914496
0.36507568,0.926492688,0.939756530
0.36513062,0.952516960,0.965678945
0.36518555,0.974730916,0.984380767
0.36524048,0.992145708,0.999926787
0.36529541,1.009495221,1.018999838
0.36535034,1.026724075,1.035079499
0.36540527,1.038095418,1.041919351
0.36546021,1.042806776,1.043890083
0.36551514,1.045871584,1.047932570
0.36557007,1.047553173,1.047921105
0.36562500,1.042351475,1.037686492
0.36567993,1.029644617,1.021870721
0.36573486,1.014668176,1.007591381
0.36578979,0.997905499,0.988999852
0.36584473,0.973967236,0.959868321
0.36589966,0.942270474,0.924961516
0.36595459,0.908126045,0.891427140
0.36600952,0.872097718,0.853559662
0.36606445,0.828786639,0.804965438
0.36611938,0.777554324,0.750449883
0.36617432,0.723719799,0.697138553
0.36622925,0.667889339,0.639445357
0.36628418,0.604645797,0.570817473
0.36633911,0.533309752,0.496124654
0.36639404,0.459237472,0.422505546
0.36644897,0.383114232,0.344531842
0.36650391,0.299542893,0.255530661
0.36655884,0.207835525,0.160462703
0.36661377,0.113404881,0.066491848
0.36666870,0.017019359,-0.031656552
0.36672363,-0.086707052,-0.140789279
0.36677856,-0.198490854,-0.255881214
0.36683350,-0.312891273,-0.369774417
0.36688843,-0.429086372,-0.487618946
0.36694336,-0.552472504,-0.616370057
0.36699829,-0.683802088,-0.750938686
0.36705322,-0.817596285,-0.884152711
0.36710815,-0.952948305,-1.020995435
0.36716309,-1.095209769,-1.168502337
0.36721802,-1.245093024,-1.321436014
0.36727295,-1.396989889,-1.472511691
0.36732788,-1.549804388,-1.626435994
0.36738281,-1.708723028,-1.790194606
0.36743774,-1.874273023,-1.958243693
0.36749268,-2.040527037,-2.122968298
0.36754761,-2.205927740,-2.288477122
0.36760254,-2.375092294,-2.461224056
0.36765747,-2.547782534,-2.634682561
0.36771240,-2.716982052,-2.800039840
0.36776733,-2.879759303,-2.959834615
0.36782227,-3.039243308,-3.119098416
0.36787720,-3.193736888,-3.269794437
0.36793213,-3.334936530,-3.402019906
0.36798706,-3.459021547,-3.517607519
0.36804199,-3.568744141,-3.621568521
0.36809692,-3.662250766,-3.705646907
0.36815186,-3.730636398,-3.759035698
0.36820679,-3.768358179,-3.781066031
0.36826172,-3.775081532,-3.773012490
0.36831665,-3.745274190,-3.722742924
0.36837158,-3.668291024,-3.619358685
0.36842651,-3.543288847,-3.471081540
0.36848145,-3.386287467,-3.302592373
0.36853638,-3.222910168,-3.140812089
0.36859131,-3.086315742,-3.024363545
0.36864624,-3.022647611,-3.007652203
0.36870117,-3.082245448,-3.139808520
0.36875610,-3.295045519,-3.433321644
0.36881104,-3.657407079,-3.867617909
0.36886597,-4.139517829,-4.402665150
0.36892090,-4.693301673,-4.982285518
0.36897583,-5.254173137,-5.532194113
0.36903076,-5.754200340,-5.987983557
0.36908569,-6.146025773,-6.318053549
0.36914062,-6.411894769,-6.519807792
0.36919556,-6.552090198,-6.597471703
0.36925049,-6.576877680,-6.566898813
0.36930542,-6.509778829,-6.459623936
0.36936035,-6.382907842,-6.310243165
0.36941528,-6.221035605,-6.134417984
0.36947021,-6.037228255,-5.941254170
0.36952515,-5.844440644,-5.746882281
0.36958008,-5.659752577,-5.570482085
0.36963501,-5.494766814,-5.416475591
0.36968994,-5.353731456,-5.287644572
0.36974487,-5.244245411,-5.196038964
0.36979980,-5.178695065,-5.155873763
0.36985474,-5.161735043,-5.162825219
0.36990967,-5.186996990,-5.207115623
0.36996460,-5.248657856,-5.286226272
0.37001953,-5.345493106,-5.401376082
0.37007446,-5.471350195,-5.539373317
0.37012939,-5.613926422,-5.687368282
0.37018433,-5.766782060,-5.844806344
0.37023926,-5.932119086,-6.018066359
0.37029419,-6.108789856,-6.199103331
0.37034912,-6.288508486,-6.378145916
0.37040405,-6.466307057,-6.554530021
0.37045898,-6.643228844,-6.732309817
0.37051392,-6.815466783,-6.900250345
0.37056885,-6.972342856,-7.046784427
0.37062378,-7.108502672,-7.172144674
0.37067871,-7.227615294,-7.284743034
0.37073364,-7.331373283,-7.380101190
0.37078857,-7.416390923,-7.454639729
0.37084351,-7.484969552,-7.516065795
0.37089844,-7.547470181,-7.578821198
0.37095337,-7.610277060,-7.641853623
0.37100830,-7.672108902,-7.702373605
0.37106323,-7.734776244,-7.766267983
0.37111816,-7.806020641,-7.844483448
0.37117310,-7.888180874,-7.931281254
0.37122803,-7.975329711,-8.019165920
0.37128296,-8.064919512,-8.109930109
0.37133789,-8.161324545,-8.211847690
0.37139282,-8.264748830,-8.317601030
0.37144775,-8.368185439,-8.419149034
0.37150269,-8.468749180,-8.518188693
0.37155762,-8.570911528,-8.623320801
0.37161255,-8.675080770,-8.727342334
0.37166748,-8.774288140,-8.822183041
0.37172241,-8.865461434,-8.909181132
0.37177734,-8.952787423,-8.996710571
0.37183228,-9.036434819,-9.077302797
0.37188721,-8.811000669,-8.844630241
0.37194214,-8.855358641,-8.888415237
0.37199707,-8.879119882,-8.979463091
0.37205200,-8.906005504,-8.975583260
0.37210693,-8.921742220,-9.019970291
0.37216187,-8.927127917,-8.997607915
0.37221680,-8.934876028,-8.961775940
0.37227173,-8.943200832,-8.984794950
0.37232666,-8.949586517,-8.998570897
0.37238159,-8.956767898,-8.997777968
0.37243652,-8.961440138,-9.011631419
0.37249146,-8.966351940,-9.001604029
0.37254639,-8.970043426,-9.009567621
0.37260132,-8.974491729,-9.006016241
0.37265625,-8.978036889,-9.018298525
0.37271118,-8.982157693,-9.016181789
0.37276611,-8.985403368,-9.027315042
0.37282104,-8.989044989,-9.024000398
0.37287598,-8.992013133,-9.033457464
0.37293091,-8.995353534,-9.031018169
0.37298584,-8.998163893,-9.040501198
0.37304077,-9.001267383,-9.038837654
0.37309570,-9.003907259,-9.047643198
0.37315063,-9.006763340,-9.045970992
0.37320557,-9.009226868,-9.053893719
0.37326050,-9.011863176,-9.052415256
0.37331543,-9.014170654,-9.059811416
0.37337036,-9.016611896,-9.058610784
0.37342529,-9.018770056,-9.065451822
0.37348022,-9.021027705,-9.064366387
0.37353516,-9.023041419,-9.070616404
0.37359009,-9.025130050,-9.069637941
0.37364502,-9.027009146,-9.075392129
0.37369995,-9.028943968,-9.074542590
0.37375488,-9.030697426,-9.079844922
0.37380981,-9.032491031,-9.079091056
0.37386475,-9.034126987,-9.083962392
0.37391968,-9.035791259,-9.083288485
0.37397461,-9.037318275,-9.087773096
0.37402954,-9.038864578,-9.087178075
0.37408447,-9.040290911,-9.091314584
0.37413940,-9.041729504,-9.090788215
0.37419434,-9.043062819,-9.094605608
0.37424927,-9.044403045,-9.094138458
0.37430420,-9.045650599,-9.097667057
0.37435913,-9.046901035,-9.097253949
0.37441406,-9.048069611,-9.100522254
0.37446899,-9.049238033,-9.100157305
0.37452393,-9.050333884,-9.103189731
0.37457886,-9.051427324,-9.102867031
0.37463379,-9.052456210,-9.105686061
0.37468872,-9.053481040,-9.105400915
0.37474365,-9.054448255,-9.108027227
0.37479858,-9.055410234,-9.107775331
0.37485352,-9.056320619,-9.110227307
0.37490845,-9.057224951,-9.110004582
0.37496338,-9.058082928,-9.112298749
0.37501831,-9.058934314,-9.112101614
0.37507324,-9.059743921,-9.114252921
0.37512817,-9.059654919,-9.113186484
0.37518311,-9.059684163,-9.053715846
0.37523804,-9.059590444,-9.061549189
0.37529297,-9.059595844,-9.053326580
0.37534790,-9.059639594,-9.060000155
0.37540283,-9.059744833,-9.062669227
0.37545776,-9.059921199,-9.066976377
0.37551270,-9.060129923,-9.072019210
0.37556763,-9.060409583,-9.074587909
0.37562256,-9.060701883,-9.079884054
0.37567749,-9.061056486,-9.081336177
0.37573242,-9.061410856,-9.086335205
0.37578735,-9.061817573,-9.087085506
0.37584229,-9.062215783,-9.091670020
0.37589722,-9.062657171,-9.091976380
0.37595215,-9.063084831,-9.096153977
0.37600708,-9.063547814,-9.096176023
0.37606201,-9.063993879,-9.099987669
0.37611694,-9.064468732,-9.099825647
0.37617187,-9.064924843,-9.103317203
0.37622681,-9.065404375,-9.103035306
0.37628174,-9.065864260,-9.106248967
0.37633667,-9.066343182,-9.105889107
0.37639160,-9.066802173,-9.108861375
0.37644653,-9.067276628,-9.108451396
0.37650146,-9.067731284,-9.111213174
0.37655640,-9.068198492,-9.110771846
0.37661133,-9.068646308,-9.113349145
0.37666626,-9.069104299,-9.112889260
0.37672119,-9.069543482,-9.115303997
0.37677612,-9.069990899,-9.114834338
0.37683105,-9.070420202,-9.117105051
0.37688599,-9.070856148,-9.116631668
0.37694092,-9.071274736,-9.118774124
0.37699585,-9.071698665,-9.118301173
0.37705078,-9.072106017,-9.120328857
0.37710571,-9.072517640,-9.119859169
0.37716064,-9.072913476,-9.121783688
0.37721558,-9.073312701,-9.121319150
0.37727051,-9.073696917,-9.123150547
0.37732544,-9.074083797,-9.122692374
0.37738037,-9.074456425,-9.124439390
0.37743530,-9.074831119,-9.123988312
0.37749023,-9.075192291,-9.125658592
0.37754517,-9.075555034,-9.125214987
0.37760010,-9.075904953,-9.126815253
0.37765503,-9.076256036,-9.126379244
0.37770996,-9.076594959,-9.127915434
0.37776489,-9.076934710,-9.127486962
0.37781982,-9.077262930,-9.128964344
0.37787476,-9.077591699,-9.128543217
0.37792969,-9.077909532,-9.129966485
0.37798462,-9.078227686,-9.129552421
0.37803955,-9.078535464,-9.130925773
0.37809448,-9.078843375,-9.130518429
0.37814941,-9.079141436,-9.131845633
0.37820435,-9.079439478,-9.131444624
0.37825928,-9.079728165,-9.132729078
0.37831421,-9.080016707,-9.132333995
0.37836914,-9.080296360,-9.133578768
0.37842407,-9.080575766,-9.133189194
0.37847900,-9.080846707,-9.134397050
0.37853394,-9.081112630,-9.134005495
0.37858887,-9.080849708,-9.133712571
0.37864380,-9.068570984,-9.016299461
0.37869873,-6.046382446,-4.336053291
0.37875366,7.258978183,18.647439175
0.37880859,21.177183127,24.746153748
0.37886353,26.592156911,28.627483942
0.37891846,30.345761511,32.210791779
0.37897339,32.731025556,33.445562598
0.37902832,33.534030158,33.650328100
0.37908325,34.194781821,34.658844971
0.37913818,35.458677587,36.298489240
0.37919312,36.290122021,36.394371125
0.37924805,36.223533352,36.049797985
0.37930298,36.257679437,36.388006975
0.37935791,36.894150020,37.418399658
0.37941284,37.309636607,37.277003815
0.37946777,37.126374219,36.965451523
0.37952271,37.088974235,37.148979434
0.37957764,37.547639252,37.958374060
0.37963257,37.853012787,37.804342475
0.37968750,37.715408842,37.615924999
0.37974243,37.711775325,37.758056932
0.37979736,38.094464981,38.441099531
0.37985229,38.351529316,38.305771994
0.37990723,38.267850447,38.220168956
0.37996216,38.300636937,38.342719122
0.38001709,38.630939789,38.928730407
0.38007202,38.850151762,38.806104079
0.38012695,38.802077713,38.789089673
0.38018188,38.855506201,38.892113585
0.38023682,39.138291816,39.393586022
0.38029175,39.320935819,39.275499200
0.38034668,39.294626441,39.304998391
0.38040161,39.361999816,39.395360808
0.38045654,39.610075912,39.833211718
0.38051147,39.769610997,39.727185489
0.38056641,39.768653557,39.801212442
0.38062134,39.857958062,39.895715201
0.38067627,40.091265185,40.294720354
0.38073120,40.244815007,40.211425342
0.38078613,40.275137327,40.329951357
0.38084106,40.391750996,40.438442918
0.38089600,40.621464805,40.812248242
0.38095093,40.776059209,40.752897047
0.38100586,40.835157495,40.908699077
0.38106079,40.975860748,41.031168364
0.38111572,41.203614234,41.383842272
0.38117065,41.358822416,41.344090403
0.38122559,41.440277561,41.527914997
0.38128052,41.599341898,41.661557361
0.38133545,41.824289305,41.994829643
0.38139038,41.978727688,41.970667500
0.38144531,42.077261925,42.175426347
0.38150024,42.250284306,42.318094102
0.38155518,42.471824604,42.633422445
0.38161011,42.624164551,42.621168194
0.38166504,42.734617807,42.839861803
0.38171997,42.915772265,42.986626404
0.38177490,43.129158979,43.279909836
0.38182983,43.271616661,43.268506168
0.38188477,43.380129247,43.484235947
0.38193970,43.551593498,43.616130370
0.38199463,43.736520324,43.866013093
0.38204956,43.843833805,43.826445285
0.38210449,43.919443713,44.005819552
0.38215942,44.049005905,44.091220653
0.38221436,44.176997095,44.272117370
0.38226929,44.226834105,44.184954316
0.38232422,44.256907590,44.321396581
0.38237915,44.348131611,44.373430358
0.38243408,44.443519979,44.520935513
0.38248901,44.480148968,44.439514470
0.38254395,44.525284515,44.601331622
0.38259888,44.650723027,44.697594942
0.38265381,44.790321777,44.889044270
0.38270874,44.883060328,44.875971295
0.38276367,44.993808797,45.102477090
0.38281860,45.178287454,45.253721243
0.38287354,45.357769456,45.469826881
0.38292847,45.472661718,45.476012556
0.38298340,45.590358877,45.697772283
0.38303833,45.761582083,45.827329103
0.38309326,45.908488023,45.998466418
0.38314819,45.985074098,45.971445812
0.38320313,46.071525741,46.163627822
0.38325806,46.221112525,46.279284839
0.38331299,46.358563576,46.444477128
0.38336792,46.445752671,46.444211617
0.38342285,46.564925035,46.676187946
0.38347778,46.759175686,46.842689149
0.38353271,46.942217317,47.048748680
0.38358765,47.071082069,47.091566727
0.38364258,47.221906798,47.345076721
0.38369751,47.426475215,47.511491149
0.38375244,47.592468647,47.683081561
0.38380737,47.681389334,47.679686499
0.38386230,47.776045066,47.866753440
0.38391724,47.911398090,47.960546974
0.38397217,48.001546648,48.051716897
0.38402710,48.019888626,47.986502333
0.38408203,48.057980001,48.122172455
0.38413696,48.151383586,48.183564204
0.38419189,48.213638480,48.251105549
0.38424683,48.220037900,48.185683389
0.38430176,48.261002710,48.328051545
0.38435669,48.365569847,48.405649696
0.38441162,48.442719213,48.486714119
0.38446655,48.468268345,48.446019689
0.38452148,48.532589351,48.610810195
0.38457642,48.660927550,48.713818225
0.38463135,48.760105176,48.813366126
0.38468628,48.807269186,48.797393857
0.38474121,48.892523494,48.979789954
0.38479614,49.037134000,49.098027247
0.38485107,49.145791215,49.201114851
0.38490601,49.197306259,49.190162473
0.38496094,49.282674884,49.368015269
0.38501587,49.421047851,49.478452267
0.38507080,49.516229664,49.562223531
0.38512573,49.548332622,49.531788792
0.38518066,49.607715962,49.677586100
0.38523560,49.709823822,49.747793253
0.38529053,49.756731942,49.775016687
0.38534546,49.730759228,49.684614166
0.38540039,49.725506623,49.760779803
0.38545532,49.759751990,49.764180417
0.38551025,49.742391703,49.728558719
0.38556519,49.665607485,49.598434342
0.38562012,49.630964672,49.655128870
0.38567505,49.660684529,49.668806563
0.38572998,49.664694484,49.665761301
0.38578491,49.633555757,49.595067718
0.38583984,49.661767605,49.719376884
0.38589478,49.759484560,49.802811988
0.38594971,49.824487477,49.853118981
0.38600464,49.837367819,49.818091109
0.38605957,49.884019969,49.944381404
0.38611450,49.968355087,49.999185195
0.38616943,49.987814039,49.986467657
0.38622437,49.928385505,49.868992663
0.38627930,49.883716314,49.894166154
0.38633423,49.866228060,49.845299517
0.38638916,49.783693036,49.731056927
0.38644409,49.632629063,49.530967199
0.38649902,49.514047986,49.490517922
0.38655396,49.443921605,49.401757405
0.38660889,49.332030624,49.268611520
0.38666382,49.175310178,49.076376903
0.38671875,49.072098861,49.059367189
0.38677368,49.033439386,49.010588784
0.38682861,48.964827871,48.924401395
0.38688354,48.859685769,48.788825255
0.38693848,48.812165805,48.827043342
0.38699341,48.829008530,48.834315136
0.38704834,48.813431370,48.798236147
0.38710327,48.758003338,48.712113067
0.38715820,48.755641537,48.791363477
0.38721313,48.811753662,48.836122157
0.38726807,48.829844697,48.829761852
0.38732300,48.803557267,48.772174224
0.38737793,48.825976878,48.872500152
0.38743286,48.902219147,48.936350514
0.38748779,48.936687464,48.943499382
0.38754272,48.924278381,48.900135051
0.38759766,48.958218315,49.009331193
0.38765259,49.043278473,49.081868608
0.38770752,49.084612714,49.093939883
0.38776245,49.078089469,49.057432030
0.38781738,49.116808381,49.169398766
0.38787231,49.205052303,49.245468543
0.38792725,49.248591817,49.258317869
0.38798218,49.244070135,49.225061360
0.38803711,49.284302879,49.336878290
0.38809204,49.373042752,49.414028936
0.38814697,49.416634379,49.425814279
0.38820190,49.412382072,49.394198135
0.38825684,49.452727009,49.504672470
0.38831177,49.540896816,49.581963592
0.38836670,49.583813424,49.592177015
0.38842163,49.579392567,49.561835513
0.38847656,49.619695659,49.671012699
0.38853149,49.707540646,49.748871543
0.38858643,49.750587190,49.758677680
0.38864136,49.747535962,49.731493272
0.38869629,49.790353045,49.842552272
0.38875122,49.881910385,49.925812594
0.38880615,49.931162157,49.942464513
0.38886108,49.938171138,49.928498214
0.38891602,49.995409918,50.055128215
0.38897095,50.106362333,50.161430069
0.38902588,50.181545348,50.206761081
0.38908081,50.222117746,50.231281393
0.38913574,50.320112847,50.401065731
0.38919067,50.477879610,50.557950360
0.38924561,50.604825409,50.656466429
0.38930054,50.699690089,50.736867088
0.38935547,50.850094294,50.956155254
0.38941040,51.053383316,51.155056481
0.38946533,51.214691400,51.280746385
0.38952026,51.328543788,51.372436348
0.38957520,51.478346601,51.579545156
0.38963013,51.658971745,51.745269535
0.38968506,51.776020137,51.815377851
0.38973999,51.826267110,51.835100881
0.38979492,51.896348016,51.954205124
0.38984985,51.986120725,52.025464725
0.38990479,52.008074889,51.999076396
0.38995972,51.965785358,51.929607273
0.39001465,51.951352692,51.968337625
0.39006958,51.969477188,51.976143477
0.39012451,51.937251990,51.904496394
0.39017944,51.861175438,51.812618713
0.39023438,51.834086563,51.848452890
0.39028931,51.860637791,51.875994760
0.39034424,51.857925071,51.843742783
0.39039917,51.831293810,51.811664169
0.39045410,51.870792483,51.921236197
0.39050903,51.977841548,52.036373297
0.39056396,52.066352249,52.099458365
0.39061890,52.137071434,52.167458700
0.39067383,52.273547845,52.371686180
0.39072876,52.470264481,52.572209002
0.39078369,52.634761800,52.702604119
0.39083862,52.761281250,52.815620057
0.39089355,52.927084810,53.033972023
0.39094849,53.122687052,53.218223665
0.39100342,53.255176219,53.300669134
0.39105835,53.320850651,53.339524001
0.39111328,53.401081029,53.460147444
0.39116821,53.493392757,53.534481610
0.39122314,53.514509388,53.502983942
0.39127808,53.470636920,53.435704781
0.39133301,53.451913682,53.463654303
0.39138794,53.463888902,53.469171277
0.39144287,53.430352655,53.396663295
0.39149780,53.361822227,53.320941251
0.39155273,53.349439193,53.370109011
0.39160767,53.397755094,53.427327247
0.39166260,53.428132481,53.431467672
0.39171753,53.446071515,53.452874043
0.39177246,53.535054059,53.608601077
0.39182739,53.691034994,53.775534476
0.39188232,53.826802881,53.881759782
0.39193726,53.938646779,53.989949778
0.39199219,54.100739187,54.205952049
0.39204712,54.301871798,54.403363673
0.39210205,54.451085106,54.506148789
0.39215698,54.543628319,54.579039916
0.39221191,54.655342046,54.729017116
0.39226685,54.780546879,54.839601987
0.39232178,54.837401433,54.843348373
0.39237671,54.831435656,54.817163307
0.39243164,54.848305486,54.875489119
0.39248657,54.891542279,54.912896846
0.39254150,54.886899452,54.866370415
0.39259644,54.843431152,54.815570509
0.39265137,54.845291854,54.869055243
0.39270630,54.890600426,54.916361375
0.39276123,54.896464138,54.882285633
0.39281616,54.859586454,54.833878815
0.39287109,54.849176194,54.862073827
0.39292603,54.848832344,54.844722421
0.39298096,54.763779241,54.694492846
0.39303589,54.581987317,54.472966366
0.39309082,54.368416515,54.267768974
0.39314575,54.109230909,53.965089231
0.39320068,53.719624971,53.489410077
0.39325562,53.203065164,52.921679487
0.39331055,52.643952963,52.369105357
0.39336548,52.051099732,51.743804239
0.39342041,51.363386823,50.992148583
0.39347534,50.605155999,50.215248675
0.39353027,49.876423917,49.531419127
0.39358521,49.195995721,48.861709346
0.39364014,48.506543074,48.151305635
0.39369507,47.828710092,47.495064881
0.39375000,47.251998277,46.996208422
0.39380493,46.780669345,46.561533757
0.39385986,46.340949741,46.117528748
0.39391479,45.935774008,45.742171468
0.39396973,45.637245377,45.520454771
0.39402466,45.435174881,45.348353052
0.39407959,45.245371287,45.142458172
0.39413452,45.063403157,44.975963527
0.39418945,44.956751437,44.929299891
0.39424438,44.914139345,44.900854823
0.39429932,44.853368480,44.809032727
0.39435425,44.773041668,44.731401839
0.39440918,44.743848958,44.750352139
0.39446411,44.758565949,44.770421569
0.39451904,44.739661816,44.713388705
0.39457397,44.689450514,44.660926370
0.39462891,44.681068955,44.696069429
0.39468384,44.709676115,44.727430960
0.39473877,44.700287683,44.677954727
0.39479370,44.656721214,44.631183177
0.39484863,44.652512591,44.668920356
0.39490356,44.683440108,44.702196920
0.39495850,44.675627999,44.653902215
0.39501343,44.633292684,44.608461274
0.39506836,44.629567958,44.645839086
0.39512329,44.660291829,44.678980427
0.39517822,44.652314512,44.630462946
0.39523315,44.610006742,44.585366197
0.39528809,44.605958959,44.621766469
0.39534302,44.635988181,44.654414903
0.39539795,44.627617796,44.605580204
0.39545288,44.585342834,44.560933928
0.39550781,44.581198855,44.596705082
0.39556274,44.610971797,44.629391198
0.39561768,44.602837633,44.580969692
0.39567261,44.561394554,44.537643349
0.39572754,44.558107354,44.573824030
0.39578247,44.588709940,44.607684688
0.39583740,44.581997938,44.560915079
0.39589233,44.542640533,44.520180268
0.39594727,44.541507060,44.558095670
0.39600220,44.574252227,44.594435596
0.39605713,44.570255178,44.550602484
0.39611206,44.534223577,44.513657425
0.39616699,44.536408278,44.554440791
0.39622192,44.572360655,44.594259566
0.39627686,44.572011725,44.554232818
0.39633179,44.540080907,44.521759425
0.39638672,44.546184185,44.565931410
0.39644165,44.585752893,44.609529228
0.39649658,44.589247126,44.573400685
0.39655151,44.561381992,44.545237386
0.39660645,44.571134737,44.592421516
0.39666138,44.613814527,44.639165073
0.39671631,44.620405032,44.606073999
0.39677124,44.595621126,44.581110598
0.39682617,44.607819989,44.630007848
0.39688110,44.652210980,44.678394236
0.39693604,44.660321967,44.646688711
0.39699097,44.636898535,44.623130671
0.39704590,44.649722626,44.671888565
0.39710083,44.693950201,44.720016483
0.39715576,44.701694779,44.687818902
0.39721069,44.677779797,44.663833632
0.39726563,44.689466752,44.710754416
0.39732056,44.731907196,44.757070132
0.39737549,44.737836491,44.723032749
0.39743042,44.712189579,44.697483417
0.39748535,44.721740460,44.741703642
0.39754028,44.761655637,44.785594214
0.39759521,44.765292493,44.749376426
0.39765015,44.737690319,44.722158015
0.39770508,44.745124669,44.763824371
0.39776001,44.782751599,44.805621853
0.39781494,44.784507750,44.767720217
0.39786987,44.755490812,44.739421934
0.39792480,44.761434341,44.779202066
0.39797974,44.797434031,44.819567291
0.39803467,44.797948323,44.780604387
0.39808960,44.768083430,44.751741395
0.39814453,44.772994295,44.790040062
0.39819946,44.807683867,44.829206040
0.39825439,44.807102378,44.789242836
0.39830933,44.776350492,44.759675597
0.39836426,44.780009939,44.796193355
0.39841919,44.813004445,44.833687875
0.39847412,44.810793501,44.792125856
0.39852905,44.778504529,44.761147405
0.39858398,44.780194042,44.795148566
0.39863892,44.810756623,44.830228520
0.39869385,44.806207290,44.786387250
0.39874878,44.771752072,44.753413257
0.39880371,44.770979435,44.784492131
0.39885864,44.798803369,44.816945888
0.39891357,44.791828869,44.770860046
0.39896851,44.755370923,44.736179676
0.39902344,44.752576978,44.764927266
0.39907837,44.778391826,44.795623706
0.39913330,44.770002707,44.748447123
0.39918823,44.732818684,44.713461820
0.39924316,44.729526854,44.741527087
0.39929810,44.755068816,44.772295168
0.39935303,44.747164030,44.726002656
0.39940796,44.711263171,44.692761655
0.39946289,44.709542104,44.722239016
0.39951782,44.736880934,44.755131246
0.39957275,44.731465230,44.711686595
0.39962769,44.698727293,44.681991175
0.39968262,44.700281930,44.714494645
0.39973755,44.730898931,44.750865170
0.39979248,44.729181384,44.711336520
0.39984741,44.700507946,44.685923892
0.39990234,44.705913283,44.721867747
0.39995728,44.740043695,44.761773985
0.40001221,44.741910543,44.725875928
0.40006714,44.716845048,44.704115908
0.40012207,44.725324664,44.742574392
0.40017700,44.761900140,44.784802253
0.40023193,44.766020766,44.751083203
0.40028687,44.743011757,44.731318556
0.40034180,44.752846519,44.770504756
0.40039673,44.790032497,44.813166821
0.40045166,44.794504293,44.779703281
0.40050659,44.771633049,44.760013731
0.40056152,44.780944224,44.798084988
0.40061646,44.816949757,44.839437994
0.40067139,44.820105568,44.804635117
0.40072632,44.795862919,44.783593374
0.40078125,44.803332150,44.819337821
0.40083618,44.837049905,44.858378307
0.40089111,44.837998965,44.821457779
0.40094604,44.811712866,44.798497865
0.40100098,44.816887411,44.831577020
0.40105591,44.848073211,44.868157635
0.40111084,44.846757209,44.829152722
0.40116577,44.818532850,44.804453835
0.40122070,44.821661988,44.835189796
0.40127563,44.850683714,44.869727804
0.40133057,44.847557327,44.829133591
0.40138550,44.817910220,44.803233642
0.40144043,44.819552429,44.832207555
0.40149536,44.846992212,44.865288589
0.40155029,44.842639496,44.823689147
0.40160522,44.812142531,44.797150217
0.40166016,44.812856134,44.824917067
0.40171509,44.839253456,44.857065984
0.40177002,44.834187934,44.814963612
0.40182495,44.803328637,44.788257610
0.40187988,44.803582391,44.815282534
0.40193481,44.829390691,44.846941403
0.40198975,44.824047910,44.804765064
0.40204468,44.793245091,44.778299992
0.40209961,44.793446260,44.804989542
0.40215454,44.819059992,44.836541772
0.40220947,44.813812357,44.794653678
0.40226440,44.783409573,44.768754729
0.40231934,44.783869668,44.795407644
0.40237427,44.809559203,44.827097019
0.40242920,44.804620399,44.785682068
0.40248413,44.774763696,44.760456920
0.40253906,44.775556443,44.787113743
0.40259399,44.801315814,44.818889037
0.40264893,44.796589732,44.777806659
0.40270386,44.767090171,44.753017300
0.40275879,44.767940161,44.779364531
0.40281372,44.793413444,44.810826997
0.40286865,44.788468153,44.769610770
0.40292358,44.758830671,44.744731086
0.40297852,44.759201241,44.770219241
0.40303345,44.783830074,44.800799884
0.40308838,44.778101904,44.758889116
0.40314331,44.747779321,44.733382393
0.40319824,44.747166641,44.757538050
0.40325317,44.770511899,44.786830516
0.40330811,44.763640297,44.743908792
0.40336304,44.732365916,44.717556101
0.40341797,44.730613762,44.740284713
0.40347290,44.752637736,44.768308320
0.40352783,44.744701752,44.724514660
0.40358276,44.712669424,44.697564734
0.40363770,44.710085069,44.719233068
0.40369263,44.731198763,44.746445109
0.40374756,44.722694822,44.702316973
0.40380249,44.690469696,44.675364109
0.40385742,44.687673321,44.696620260
0.40391235,44.708532937,44.723687802
0.40396729,44.700128964,44.679896216
0.40402222,44.668371313,44.653591374
0.40407715,44.666002354,44.675064926
0.40413208,44.687211044,44.702566773
0.40418701,44.679455873,44.659631933
0.40424194,44.648649217,44.634422311
0.40429688,44.647122583,44.656496347
0.40435181,44.669022121,44.684733783
0.40440674,44.662177800,44.642878568
0.40446167,44.632504730,44.618905634
0.40451660,44.631930865,44.641658952
0.40457153,44.654564679,44.670639894
0.40462646,44.648609451,44.629812158
0.40468140,44.619990189,44.606967066
0.40473633,44.620243820,44.630256916
0.40479126,44.643449902,44.659799700
0.40484619,44.638189017,44.619790798
0.40490112,44.610403925,44.597841542
0.40495605,44.611252425,44.621433803
0.40501099,44.634792299,44.651295456
0.40506592,44.629983066,44.611862496
0.40512085,44.602790105,44.590566887
0.40517578,44.604000559,44.614237441
0.40523071,44.627654026,44.644201924
0.40528564,44.623087111,44.605142171
0.40534058,44.596289299,44.584308342
0.40539551,44.597682349,44.607890179
0.40545044,44.621288421,44.637803044
0.40550537,44.616816971,44.598977367
0.40556030,44.590281025,44.578477438
0.40561523,44.591740506,44.601866105
0.40567017,44.615199588,44.631633227
0.40572510,44.610735446,44.592959632
0.40578003,44.584383460,44.572719396
0.40583496,44.585844850,44.595860065
0.40588989,44.609105091,44.625433179
0.40594482,44.604604053,44.586871699
0.40599976,44.578398492,44.566855631
0.40605469,44.579834321,44.589728856
0.40610962,44.602878015,44.619092542
0.40616455,44.598327683,44.580633908
0.40621948,44.572261078,44.560835851
0.40627441,44.573672816,44.583450619
0.40632935,44.596510821,44.612618048
0.40638428,44.591927884,44.574282469
0.40643921,44.566023351,44.554727845
0.40649414,44.567445586,44.577127667
0.40654907,44.590125630,44.606151067
0.40660400,44.585568837,44.568003643
0.40665894,44.559898300,44.548770418
0.40671387,44.561422842,44.571060499
0.40676880,44.584060140,44.600065156
0.40682373,44.579668059,44.562257329
0.40687866,44.554397689,44.543525392
0.40693359,44.556227103,44.565930295
0.40698853,44.579066216,44.595180600
0.40704346,44.575127335,44.558024359
0.40709839,44.550595486,44.540157270
0.40715332,44.553127974,44.563109078
0.40720825,44.576633214,44.593101398
0.40726318,44.573679852,44.557164517
0.40731812,44.550491748,44.540804032
0.40737305,44.554413210,44.565032397
0.40742798,44.579353930,44.596576133
0.40748291,44.578235922,44.562749081
0.40753784,44.557320320,44.548862204
0.40759277,44.563638085,44.575415444
0.40764771,44.591093304,44.609621876
0.40770264,44.592947300,44.579068239
0.40775757,44.575484489,44.568853418
0.40781250,44.585408622,44.598955451
0.40786743,44.616597185,44.637041499
0.40792236,44.622622499,44.610946113
0.40797729,44.609764316,44.605525109
0.40803223,44.624372231,44.640212534
0.40808716,44.660264637,44.683086808
0.40814209,44.671287279,44.662196978
0.40819702,44.663680732,44.662119848
0.40825195,44.683410145,44.701721580
0.40830688,44.724202724,44.749451589
0.40836182,44.740144520,44.733546457
0.40841675,44.737410980,44.738278791
0.40847168,44.761565158,44.781937510
0.40852661,44.806227656,44.833321607
0.40858154,44.825712092,44.820850203
0.40863647,44.826126342,44.828491654
0.40869141,44.852639781,44.873975335
0.40874634,44.898779023,44.926457486
0.40880127,44.919101826,44.914564406
0.40885620,44.919675821,44.921990119
0.40891113,44.945314616,44.965951244
0.40896606,44.989492119,45.015997239
0.40902100,45.007054043,45.001012473
0.40907593,45.004080312,45.004470790
0.40913086,45.025089413,45.043144097
0.40918579,45.063563750,45.087029674
0.40924072,45.074697599,45.065335847
0.40929565,45.064648982,45.061381999
0.40935059,45.077711296,45.091570617
0.40940552,45.107441913,45.126404718
0.40946045,45.109445062,45.095480788
0.40951538,45.090018509,45.082022880
0.40957031,45.093291091,45.102126969
0.40962524,45.112946464,45.126841841
0.40968018,45.105039105,45.086192050
0.40973511,45.076040806,45.063335051
0.40979004,45.069942710,45.074086249
0.40984497,45.080566318,45.090037644
0.40989990,45.064411218,45.041633446
0.40995483,45.028107029,45.011940472
0.41000977,45.015479490,45.016462979
0.41006470,45.020442250,45.027275453
0.41011963,44.999876518,44.975174623
0.41017456,44.960495782,44.943055630
0.41022949,44.945877487,44.946027397
0.41028442,44.949931283,44.956538646
0.41033936,44.929812827,44.905631442
0.41039429,44.892210425,44.875917878
0.41044922,44.880345535,44.882007920
0.41050415,44.888014649,44.896609561
0.41055908,44.872540451,44.850909193
0.41061401,44.840489980,44.827144234
0.41066895,44.834647202,44.839354737
0.41072388,44.848625263,44.860438404
0.41077881,44.839857210,44.821681211
0.41083374,44.814753598,44.804919979
0.41088867,44.815648412,44.823626462
0.41094360,44.835976139,44.850895962
0.41099854,44.833301585,44.818148313
0.41105347,44.813921990,44.806871873
0.41110840,44.819784644,44.830045522
0.41116333,44.844220490,44.861037403
0.41121826,44.845009964,44.831493332
0.41127319,44.828432225,44.822651862
0.41132812,44.836150928,44.847107595
0.41138306,44.861494732,44.878595960
0.41143799,44.862555257,44.849085100
0.41149292,44.845685803,44.839652114
0.41154785,44.852352165,44.862591540
0.41160278,44.875951609,44.892064011
0.41165771,44.874940743,44.860409126
0.41171265,44.855788191,44.848575745
0.41176758,44.859789943,44.868581926
0.41182251,44.880421288,44.895008768
0.41187744,44.876495373,44.860554290
0.41193237,44.854577146,44.846013825
0.41198730,44.855765446,44.863099956
0.41204224,44.873574815,44.886765494
0.41209717,44.867127385,44.850019514
0.41215210,44.843036617,44.833455159
0.41220703,44.842158963,44.848438127
0.41226196,44.858002517,44.870242814
0.41231689,44.849954203,44.832150213
0.41237183,44.824640478,44.814519178
0.41242676,44.822649670,44.828349755
0.41248169,44.837462409,44.849214773
0.41253662,44.828713805,44.810656494
0.41259155,44.803035932,44.792795388
0.41264648,44.800749740,44.806272267
0.41270142,44.815310419,44.826956307
0.41275635,44.806602788,44.788655684
0.41281128,44.781269292,44.771257446
0.41286621,44.779369989,44.785051979
0.41292114,44.794336170,44.806199302
0.41297607,44.786297850,44.768769385
0.41303101,44.761902034,44.752408286
0.41308594,44.760940725,44.767049828
0.41314087,44.776807896,44.789124174
0.41319580,44.769859697,44.752944911
0.41325073,44.746729421,44.737898489
0.41330566,44.746924960,44.753549140
0.41336060,44.763785487,44.776575163
0.41341553,44.757875839,44.741520057
0.41347046,44.735804844,44.727502644
0.41352539,44.736793560,44.743720651
0.41358032,44.754127498,44.767099724
0.41363525,44.748585624,44.732424302
0.41369019,44.726767334,44.718564559
0.41374512,44.727631220,44.734382165
0.41380005,44.744437046,44.757075716
0.41385498,44.738208143,44.721704987
0.41390991,44.715570662,44.706929580
0.41396484,44.715261272,44.721318931
0.41401978,44.730552144,44.742377355
0.41407471,44.722744848,44.705474519
0.41412964,44.698525206,44.689090814
0.41418457,44.696438495,44.701533881
0.41423950,44.709791325,44.720627574
0.41429443,44.700176077,44.682062221
0.41434937,44.674345797,44.664143276
0.41440430,44.670656875,44.674917890
0.41445923,44.682443290,44.692514018
0.41451416,44.671572120,44.652925172
0.41456909,44.644844315,44.634260487
0.41462402,44.640406102,44.644285889
0.41467896,44.651592175,44.661400795
0.41473389,44.640513626,44.621872412
0.41478882,44.613990835,44.603585869
0.41484375,44.609935032,44.614004325
0.41489868,44.621656957,44.631770826
0.41495361,44.611488143,44.593406295
0.41500854,44.586251472,44.576557831
0.41506348,44.583613489,44.588381010
0.41511841,44.596854129,44.607753713
0.41517334,44.588521254,44.571450589
0.41522827,44.565443250,44.556886689
0.41528320,44.565051628,44.570923971
0.41533813,44.580606468,44.592683266
0.41539307,44.574883175,44.559206818
0.41544800,44.554730669,44.547693868
0.41550293,44.557363132,44.564732634
0.41555786,44.576035417,44.589696481
0.41561279,44.573760662,44.559905629
0.41566772,44.557417441,44.552351422
0.41572266,44.564009591,44.573355039
0.41577759,44.586786095,44.602534580
0.41583252,44.588988687,44.577477273
0.41588745,44.577511877,44.574950054
0.41594238,44.589130608,44.600987032
0.41599731,44.617060222,44.635415572
0.41605225,44.624734330,44.616051312
0.41610718,44.619022890,44.619394216
0.41616211,44.636428888,44.651148127
0.41621704,44.670085513,44.691295725
0.41627197,44.683566079,44.677829885
0.41632690,44.683666705,44.686935854
0.41638184,44.706574472,44.723947310
0.41643677,44.745300091,44.768961272
0.41649170,44.763522376,44.760119619
0.41654663,44.767942358,44.773278288
0.41660156,44.794425276,44.813403799
0.41665649,44.835866424,44.860718546
0.41671143,44.856071513,44.853544551
0.41676636,44.861687242,44.867458721
0.41682129,44.888317234,44.907131179
0.41687622,44.928816152,44.952988750
0.41693115,44.947204257,44.943629586
0.41698608,44.950176178,44.954460384
0.41704102,44.973187658,44.989974453
0.41709595,45.009169942,45.030918448
0.41715088,45.022474037,45.016283667
0.41720581,45.019957099,45.021419240
0.41726074,45.037035192,45.050746447
0.41731567,45.066809138,45.085413548
0.41737061,45.074034030,45.064869812
0.41742554,45.065783553,45.064450261
0.41748047,45.077465835,45.088524910
0.41753540,45.102354703,45.118629898
0.41759033,45.105583431,45.094633879
0.41764526,45.094391293,45.091794257
0.41770020,45.104103925,45.114344410
0.41775513,45.128068501,45.144094108
0.41781006,45.131675123,45.121201964
0.41786499,45.122193897,45.120707076
0.41791992,45.134724819,45.146560456
0.41797485,45.162538257,45.180690395
0.41802979,45.171129388,45.163395987
0.41808472,45.167655109,45.169358782
0.41813965,45.186858549,45.202124184
0.41819458,45.221815516,45.243626372
0.41824951,45.238025700,45.234215613
0.41830444,45.242456264,45.248151855
0.41835938,45.269443099,45.288538544
0.41841431,45.311840558,45.337298342
0.41846924,45.335149502,45.334843013
0.41852417,45.346170678,45.355047311
0.41857910,45.378881267,45.400634065
0.41863403,45.425981931,45.453588986
0.41868896,45.453058838,45.454478930
0.41874390,45.466847344,45.476902242
0.41879883,45.501080364,45.523322103
0.41885376,45.548425276,45.575907613
0.41890869,45.574676038,45.575505305
0.41896362,45.586627119,45.595561882
0.41901855,45.617890100,45.638402818
0.41907349,45.661213324,45.686487575
0.41912842,45.682700830,45.681039843
0.41918335,45.689297401,45.695439821
0.41923828,45.714571005,45.731946251
0.41929321,45.751409544,45.773355408
0.41934814,45.766265023,45.761297130
0.41940308,45.766252402,45.769095831
0.41945801,45.784897531,45.798936218
0.41951294,45.815207610,45.833918149
0.41956787,45.823941354,45.816027721
0.41962280,45.818326715,45.818468799
0.41967773,45.831776442,45.843275004
0.41973267,45.857331333,45.873755145
0.41978760,45.861959471,45.852150697
0.41984253,45.852899948,45.851441664
0.41989746,45.863349975,45.873409007
0.41995239,45.886281465,45.901466696
0.42000732,45.888773306,45.878017384
0.42006226,45.877988514,45.875736520
0.42011719,45.886836548,45.896088731
0.42017212,45.908162858,45.922541458
0.42022705,45.909116620,45.897628552
0.42028198,45.896766513,45.893714189
0.42033691,45.903739183,45.911963679
0.42039185,45.922778343,45.935930510
0.42044678,45.921146944,45.908333911
0.42050171,45.905883196,45.901300567
0.42055664,45.909412605,45.915786803
0.42061157,45.924469904,45.935527837
0.42066650,45.918531710,45.903532419
0.42072144,45.898711886,45.891798285
0.42077637,45.897342780,45.901181102
0.42083130,45.907252230,45.915694186
0.42088623,45.896222435,45.878723295
0.42094116,45.871524260,45.862212719
0.42099609,45.865464548,45.866977962
0.42105103,45.871012469,45.877346651
0.42110596,45.856282924,45.837099257
0.42116089,45.828712351,45.818126003
0.42121582,45.820572344,45.821183658
0.42127075,45.824943107,45.830872000
0.42132568,45.810223104,45.791309431
0.42138062,45.783952067,45.774263956
0.42143555,45.778293954,45.780357007
0.42149048,45.786357601,45.794371988
0.42154541,45.776736012,45.760674933
0.42160034,45.756983239,45.750823548
0.42165527,45.759070024,45.765220910
0.42171021,45.776051449,45.788752064
0.42176514,45.776638266,45.765958468
0.42182007,45.768332789,45.768127403
0.42187500,45.782858634,45.795396191
0.42192993,45.813172974,45.832710650
0.42198486,45.828069941,45.824759456
0.42203979,45.834978166,45.842543831
0.42209473,45.865363679,45.885930595
0.42214966,45.912082197,45.939924255
0.42220459,45.944012606,45.949365411
0.42225952,45.968516928,45.984978902
0.42231445,46.016813864,46.046372561
0.42236938,46.081665219,46.118613570
0.42242432,46.132036264,46.146693721
0.42247925,46.175217788,46.201053275
0.42253418,46.242166977,46.281021643
0.42258911,46.325521765,46.371688572
0.42264404,46.394285049,46.418139537
0.42269897,46.455609701,46.490454413
0.42275391,46.540106093,46.587589651
0.42280884,46.640182557,46.694540350
0.42286377,46.724756965,46.756356525
0.42291870,46.800714066,46.842625336
0.42297363,46.898189168,46.951805155
0.42302856,47.009243766,47.068685635
0.42308350,47.102617762,47.138204415
0.42313843,47.184875126,47.229426257
0.42319336,47.285674241,47.340337102
0.42324829,47.396781029,47.455598255
0.42330322,47.486859326,47.520162478
0.42335815,47.562296420,47.602734908
0.42341309,47.652440328,47.701002557
0.42346802,47.748922151,47.799649337
0.42352295,47.820459311,47.843753186
0.42357788,47.873347286,47.901719345
0.42363281,47.936666211,47.970958455
0.42368774,48.001940880,48.036204530
0.42374268,48.038024243,48.042785453
0.42379761,48.051363138,48.059153321
0.42385254,48.071308603,48.083157334
0.42390747,48.090255074,48.100804217
0.42396240,48.078727486,48.059513586
0.42401733,48.045486221,48.030269882
0.42407227,48.022899195,48.014386053
0.42412720,48.007373986,48.002439746
0.42418213,47.974303848,47.947090255
0.42423706,47.937517197,47.924282212
0.42429199,47.934105422,47.939849182
0.42434692,47.964512384,47.987992449
0.42440186,48.006792180,48.023184168
0.42445679,48.075070496,48.120220241
0.42451172,48.203820459,48.280841682
0.42456665,48.388004898,48.492365564
0.42462158,48.597465164,48.699709286
0.42467651,48.835575533,48.965635431
0.42473145,49.124365206,49.278866369
0.42478638,49.446127013,49.614244282
0.42484131,49.759141933,49.905933331
0.42489624,50.057307707,50.208381134
0.42495117,50.356303077,50.505802898
0.42500610,50.636208065,50.773080478
0.42506104,50.857505756,50.948800263
0.42511597,51.020169726,51.095219017
0.42517090,51.149115969,51.207291990
0.42522583,51.236099309,51.272636960
0.42528076,51.254528674,51.243131706
0.42533569,51.217014645,51.193150435
0.42539063,51.159678364,51.128005728
0.42544556,51.083474519,51.043415392
0.42550049,50.968481896,50.896560534
0.42555542,50.830941868,50.763773571
0.42561035,50.707640559,50.649665900
0.42566528,50.597880786,50.547287329
0.42572021,50.478328567,50.409629007
0.42577515,50.360372622,50.307446375
0.42583008,50.275098516,50.239427723
0.42588501,50.216112607,50.193092762
0.42593994,50.154873995,50.116545761
0.42599487,50.098095220,50.076060575
0.42604980,50.072891013,50.066819721
0.42610474,50.069974960,50.074055880
0.42615967,50.059005678,50.044603261
0.42621460,50.045614604,50.043865465
0.42626953,50.056397765,50.066839686
0.42632446,50.082248609,50.099312877
0.42637939,50.093579816,50.089123629
0.42643433,50.096925566,50.102497959
0.42648926,50.119786442,50.135396149
0.42654419,50.154150542,50.174831929
0.42659912,50.171670326,50.169937085
0.42665405,50.179929932,50.187756052
0.42670898,50.207228270,50.224995578
0.42676392,50.246360605,50.269530921
0.42681885,50.269811486,50.271331190
0.42687378,50.285737112,50.297755167
0.42692871,50.322722537,50.345733050
0.42698364,50.373847599,50.403477370
0.42703857,50.411914196,50.421287705
0.42709351,50.445157347,50.466356956
0.42714844,50.501980742,50.535384546
0.42720337,50.575301381,50.616480825
0.42725830,50.637800553,50.659840862
0.42731323,50.697349756,50.732043975
0.42736816,50.781706457,50.829078842
0.42742310,50.883120321,50.938425397
0.42747803,50.973602954,51.009602964
0.42753296,51.060082538,51.107985532
0.42758789,51.169092687,51.228281911
0.42764282,51.291693107,51.356857468
0.42769775,51.398831832,51.442242548
0.42775269,51.496314908,51.548552088
0.42780762,51.609569968,51.669497299
0.42786255,51.728942803,51.790994905
0.42791748,51.825182660,51.861650594
0.42797241,51.904214814,51.945745289
0.42802734,51.991913288,52.037684912
0.42808228,52.079655445,52.124753272
0.42813721,52.139774172,52.157400144
0.42819214,52.179956172,52.201608354
0.42824707,52.227843400,52.253603979
0.42830200,52.276686403,52.302608791
0.42835693,52.300652758,52.300853651
0.42841187,52.308807141,52.315317182
0.42846680,52.329569297,52.342761231
0.42852173,52.356565295,52.372616954
0.42857666,52.363956593,52.356920174
0.42863159,52.360211437,52.361647619
0.42868652,52.372642994,52.382302303
0.42874146,52.393666640,52.407127413
0.42879639,52.396318671,52.387110053
0.42885132,52.387927013,52.386986658
0.42890625,52.394759162,52.401366376
0.42896118,52.408635057,52.418182315
0.42901611,52.402518942,52.388618963
0.42907104,52.383926286,52.377603005
0.42912598,52.379492998,52.380268449
0.42918091,52.381757250,52.385464836
0.42923584,52.364668898,52.345475281
0.42929077,52.336626845,52.325913545
0.42934570,52.324919286,52.322509446
0.42940063,52.322680104,52.324707038
0.42945557,52.304373651,52.285257327
0.42951050,52.278558503,52.269631864
0.42956543,52.272311249,52.273245253
0.42962036,52.278469022,52.285250802
0.42967529,52.271189665,52.258101567
0.42973022,52.258520226,52.256544655
0.42978516,52.266851754,52.275311716
0.42984009,52.288464334,52.303112994
0.42989502,52.297155839,52.292151416
0.42994995,52.300591859,52.306665930
0.43000488,52.324754966,52.341047879
0.43005981,52.361749221,52.383988388
0.43011475,52.385457463,52.387909953
0.43016968,52.403639032,52.417027458
0.43022461,52.442343458,52.465861818
0.43027954,52.493947020,52.523514210
0.43033447,52.532815720,52.542996174
0.43038940,52.567130330,52.588787013
0.43044434,52.623240508,52.655718212
0.43049927,52.693905199,52.733343995
0.43055420,52.753934022,52.775145437
0.43060913,52.811716868,52.845563158
0.43066406,52.893501591,52.939239266
0.43071899,52.991833268,53.045486371
0.43077393,53.081190759,53.117396515
0.43082886,53.169263888,53.218404674
0.43088379,53.281221329,53.341966347
0.43093872,53.408435726,53.476221229
0.43099365,53.524218755,53.573118632
0.43104858,53.634953911,53.694618236
0.43110352,53.764448976,53.832887420
0.43115845,53.903012393,53.975207364
0.43121338,54.023314039,54.073122485
0.43126831,54.131354609,54.188233634
0.43132324,54.250832166,54.312818485
0.43137817,54.372453564,54.434842484
0.43143311,54.469775818,54.506977554
0.43148804,54.549856873,54.591830163
0.43154297,54.637488377,54.682844363
0.43159790,54.724622041,54.769315383
0.43165283,54.786119688,54.805234689
0.43170776,54.830071871,54.853968936
0.43176270,54.881939390,54.909515455
0.43181763,54.934185921,54.961632487
0.43187256,54.962065961,54.964657121
0.43192749,54.973758399,54.981785784
0.43198242,54.994555785,55.006811979
0.43203735,55.016813403,55.029465046
0.43209229,55.015844334,55.004248552
0.43214722,54.999887912,54.994315171
0.43220215,54.994313580,54.993626707
0.43225708,54.991808278,54.992403067
0.43231201,54.968274134,54.945868292
0.43236694,54.932519621,54.917606583
0.43242188,54.910373373,54.902046831
0.43247681,54.895028900,54.889955842
0.43253174,54.862902048,54.837071651
0.43258667,54.823044355,54.806960726
0.43264160,54.801202338,54.793878937
0.43269653,54.790382588,54.788384079
0.43275146,54.766751190,54.745947227
0.43280640,54.738857553,54.729398711
0.43286133,54.731717802,54.732236357
0.43291626,54.737659751,54.744405729
0.43297119,54.732302643,54.720917936
0.43302612,54.723607238,54.723887813
0.43308105,54.735974808,54.746268645
0.43313599,54.761343065,54.777762063
0.43319092,54.775205292,54.773397918
0.43324585,54.785438777,54.795113207
0.43330078,54.816364754,54.835855240
0.43335571,54.860035795,54.885559776
0.43341064,54.892233982,54.899633636
0.43346558,54.921016063,54.940011007
0.43352051,54.970667143,54.999554137
0.43357544,55.033106174,55.068023397
0.43363037,55.083788121,55.100388445
0.43368530,55.129892685,55.157289510
0.43374023,55.194103431,55.229670487
0.43379517,55.266077024,55.304695626
0.43385010,55.318224338,55.333882797
0.43390503,55.353561488,55.373012376
0.43395996,55.389388919,55.407097600
0.43401489,55.408969213,55.416430857
0.43406982,55.377417545,55.344815949
0.43412476,55.289538107,55.239294312
0.43417969,55.153814144,55.075906138
0.43423462,54.944780316,54.826387106
0.43428955,54.619560297,54.427058873
0.43434448,54.166235511,53.918914039
0.43439941,53.588639634,53.274621560
0.43445435,52.859794494,52.466166624
0.43450928,51.939264313,51.434454394
0.43456421,50.821949571,50.229491603
0.43461914,49.523240017,48.838010397
0.43467407,48.032699027,47.251046027
0.43472900,46.331065061,45.432913578
0.43478394,44.438013869,43.459899995
0.43483887,42.396046629,41.346827949
0.43489380,40.222797234,39.112977291
0.43494873,37.926246441,36.749137654
0.43500366,35.550404773,34.353993828
0.43505859,33.157438729,31.959440357
0.43511353,30.778755973,29.595342334
0.43516846,28.429262859,27.255835459
0.43522339,26.152412533,25.035137651
0.43527832,24.002481152,22.953728126
0.43533325,21.996601434,21.024201248
0.43538818,20.130253644,19.218967218
0.43544312,18.423650738,17.607304383
0.43549805,16.905710020,16.183696057
0.43555298,15.568011041,14.935443883
0.43560791,14.381865995,13.811793491
0.43566284,13.345775336,12.861661452
0.43571777,12.470299489,12.063089805
0.43577271,11.732759075,11.391275557
0.43582764,11.094489986,10.787656023
0.43588257,10.547932166,10.296884665
0.43593750,10.101066015,9.896145179
0.43599243,9.731735813,9.562608200
0.43604736,9.404260387,9.241803936
0.43610229,9.115639251,8.983489513
0.43615723,8.879331957,8.770741087
0.43621216,8.679234182,8.586984336
0.43626709,8.485868404,8.383964059
0.43632202,8.302059800,8.216905719
0.43637695,8.146472162,8.073816253
0.43643188,8.007658583,7.942505688
0.43648682,7.860226030,7.778527165
0.43654175,7.710320817,7.639940821
0.43659668,7.579190577,7.517054576
0.43665161,7.457506255,7.399598099
0.43670654,7.321632748,7.244735286
0.43676147,7.179001261,7.111482140
0.43681641,7.051728518,6.990896949
0.43687134,6.931206931,6.873389339
0.43692627,6.794457885,6.716774497
0.43698120,6.649356469,6.580306313
0.43703613,6.518266490,6.455272284
0.43709106,6.392855408,6.332394727
0.43714600,6.250491198,6.169891274
0.43720093,6.099286828,6.027093734
0.43725586,5.961722767,5.895420701
0.43731079,5.829662553,5.765849383
0.43736572,5.680775670,5.596968825
0.43742065,5.523390138,5.448175197
0.43747559,5.380092888,5.311012358
0.43753052,5.242937208,5.176706284
0.43758545,5.089885695,5.004207153
0.43764038,4.929467210,4.852957887
0.43769531,4.784350256,4.714596166
0.43775024,4.646735795,4.580544632
0.43780518,4.494815068,4.410038140
0.43786011,4.337227451,4.262462603
0.43791504,4.196602794,4.129413334
0.43796997,4.065135576,4.002337621
0.43802490,3.921057115,3.840549465
0.43807983,3.772898332,3.703144701
0.43813477,3.643007246,3.581422106
0.43818970,3.523312886,3.466588435
0.43824463,3.391825188,3.317777146
0.43829956,3.256720315,3.193559052
0.43835449,3.139851289,3.084743163
0.43840942,3.032718291,2.982160312
0.43846436,2.913012430,2.844702278
0.43851929,2.788537599,2.730440065
0.43857422,2.680721472,2.629807032
0.43862915,2.580791187,2.533456301
0.43868408,2.466353904,2.400310852
0.43873901,2.345142364,2.288273408
0.43879395,2.238505949,2.187767140
0.43884888,2.137765740,2.089638950
0.43890381,2.020805417,1.953195144
0.43895874,1.895616574,1.836480475
0.43901367,1.783748540,1.730156041
0.43906860,1.676826324,1.625435317
0.43912354,1.553144400,1.482103528
0.43917847,1.421014091,1.358372700
0.43923340,1.302180914,1.245107659
0.43928833,1.188518769,1.133810612
0.43934326,1.058644726,0.984644881
0.43939819,0.921088503,0.855886007
0.43945312,0.797693711,0.738508946
0.43950806,0.680498389,0.624228129
0.43956299,0.548375506,0.473528092
0.43961792,0.410023591,0.344706483
0.43967285,0.287343390,0.228809460
0.43972778,0.172490263,0.117710698
0.43978271,0.044525166,-0.027865432
0.43983765,-0.087786444,-0.149720379
0.43989258,-0.202632767,-0.256907031
0.43994751,-0.307936790,-0.357613819
0.44000244,-0.424691450,-0.491140271
0.44005737,-0.544339841,-0.599676146
0.44011230,-0.645449839,-0.692668025
0.44016724,-0.736306806,-0.778642661
0.44022217,-0.838209417,-0.897153920
0.44027710,-0.943002871,-0.990938993
0.44033203,-1.029748766,-1.069908719
0.44038696,-1.107115679,-1.142900161
0.44044189,-1.196628669,-1.249590904
0.44049683,-1.290355810,-1.333036734
0.44055176,-1.367583359,-1.403301428
0.44060669,-1.437023025,-1.469160943
0.44066162,-1.520038489,-1.570009665
0.44071655,-1.608510836,-1.648806066
0.44077148,-1.681547044,-1.715371687
0.44082642,-1.747532381,-1.778074618
0.44088135,-1.827358376,-1.875749128
0.44093628,-1.912485913,-1.951065195
0.44099121,-1.981701489,-2.013509748
0.44104614,-2.043024404,-2.071055996
0.44110107,-2.116938226,-2.162094057
0.44115601,-2.194645839,-2.229215009
0.44121094,-2.254862684,-2.281862025
0.44126587,-2.305563447,-2.327967614
0.44132080,-2.367195593,-2.405870229
0.44137573,-2.431099552,-2.458483803
0.44143066,-2.476310554,-2.495590825
0.44148560,-2.511116740,-2.525419306
0.44154053,-2.556226526,-2.586516936
0.44159546,-2.603327749,-2.622281595
0.44165039,-2.631878764,-2.642881882
0.44170532,-2.650467839,-2.656768152
0.44176025,-2.679932847,-2.702506763
0.44181519,-2.712067369,-2.723684695
0.44187012,-2.726421082,-2.730484529
0.44192505,-2.731491595,-2.731165382
0.44197998,-2.747834074,-2.763897034
0.44203491,-2.766954941,-2.772080314
0.44208984,-2.768163581,-2.765619350
0.44214478,-2.759635762,-2.752408624
0.44219971,-2.761542849,-2.770190560
0.44225464,-2.765149631,-2.762301118
0.44230957,-2.749720720,-2.738636696
0.44236450,-2.723445075,-2.707129200
0.44241943,-2.706558924,-2.705593198
0.44247437,-2.690608642,-2.677851819
0.44252930,-2.655365736,-2.634350411
0.44258423,-2.609564066,-2.583570424
0.44263916,-2.573968409,-2.563818752
0.44269409,-2.540759373,-2.519694501
0.44274902,-2.490425250,-2.462325038
0.44280396,-2.432294471,-2.400708259
0.44285889,-2.387545648,-2.373446245
0.44291382,-2.348723292,-2.325568213
0.44296875,-2.296628913,-2.268418651
0.44302368,-2.240682064,-2.210965636
0.44307861,-2.201910406,-2.191518709
0.44313354,-2.172635971,-2.154947747
0.44318848,-2.133404948,-2.112262628
0.44324341,-2.093213380,-2.071920836
0.44329834,-2.072505271,-2.071552609
0.44335327,-2.063047651,-2.055588982
0.44340820,-2.044909182,-2.034539925
0.44346313,-2.026553018,-2.016299465
0.44351807,-2.027836720,-2.037867291
0.44357300,-2.040062537,-2.043369148
0.44362793,-2.042987957,-2.043016239
0.44368286,-2.044767680,-2.044389029
0.44373779,-2.064935751,-2.084134855
0.44379272,-2.094611319,-2.106361228
0.44384766,-2.113524571,-2.121262676
0.44390259,-2.129795387,-2.136372427
0.44395752,-2.162887683,-2.188226821
0.44401245,-2.203962901,-2.221125010
0.44406738,-2.232917765,-2.245422638
0.44412231,-2.258000002,-2.268753050
0.44417725,-2.298736470,-2.327660179
0.44423218,-2.346436429,-2.366726870
0.44428711,-2.381245047,-2.396541025
0.44434204,-2.411601548,-2.424891782
0.44439697,-2.457145315,-2.488373891
0.44445190,-2.509371275,-2.531886120
0.44450684,-2.548701349,-2.566272773
0.44456177,-2.583786949,-2.599496045
0.44461670,-2.634392518,-2.668209661
0.44467163,-2.692199791,-2.717622856
0.44472656,-2.737893408,-2.758814132
0.44478149,-2.780303893,-2.799875397
0.44483643,-2.839263063,-2.877448096
0.44489136,-2.906550294,-2.936945488
0.44494629,-2.962986875,-2.989534928
0.44500122,-3.017416500,-3.043251690
0.44505615,-3.089530907,-3.134496401
0.44511108,-3.170958524,-3.208617215
0.44516602,-3.242372584,-3.276568949
0.44522095,-3.312319494,-3.346009215
0.44527588,-3.400028558,-3.452772327
0.44533081,-3.496659862,-3.541829742
0.44538574,-3.582447191,-3.623649852
0.44544067,-3.665398446,-3.705301401
0.44549561,-3.764113179,-3.821926577
0.44555054,-3.869210749,-3.918099113
0.44560547,-3.960526224,-4.003901880
0.44566040,-4.045696272,-4.086047715
0.44571533,-4.142989366,-4.199351543
0.44577026,-4.242908992,-4.288475679
0.44582520,-4.325428451,-4.363707462
0.44588013,-4.398439570,-4.432070094
0.44593506,-4.480563362,-4.528756621
0.44598999,-4.562888074,-4.599218677
0.44604492,-4.626199145,-4.654600048
0.44609985,-4.679246637,-4.702793315
0.44615479,-4.741493245,-4.779793350
0.44620972,-4.804948192,-4.832093291
0.44626465,-4.851362574,-4.871750355
0.44631958,-4.890297650,-4.907376263
0.44637451,-4.941804099,-4.975410020
0.44642944,-4.998358309,-5.022834159
0.44648437,-5.042044259,-5.061902129
0.44653931,-5.082457635,-5.101103547
0.44659424,-5.139361334,-5.176405537
0.44664917,-5.204776334,-5.234344486
0.44670410,-5.260208090,-5.286476083
0.44675903,-5.314446606,-5.340375254
0.44681396,-5.386254536,-5.430899406
0.44686890,-5.466661078,-5.503699431
0.44692383,-5.536271539,-5.569426272
0.44697876,-5.602989284,-5.634784004
0.44703369,-5.684745486,-5.733814831
0.44708862,-5.771986763,-5.811810714
0.44714355,-5.845042069,-5.879243243
0.44719849,-5.911725583,-5.942821160
0.44725342,-5.990052818,-6.036734864
0.44730835,-6.070855849,-6.106897914
0.44736328,-6.135137096,-6.164529407
0.44741821,-6.191483838,-6.217147737
0.44747314,-6.258706151,-6.299713245
0.44752808,-6.328525058,-6.359150830
0.44758301,-6.382874643,-6.407556098
0.44763794,-6.431109308,-6.453116304
0.44769287,-6.492564253,-6.531161634
0.44774780,-6.559336790,-6.588998888
0.44780273,-6.613576759,-6.638791657
0.44785767,-6.664542928,-6.688471768
0.44791260,-6.731152279,-6.772769061
0.44796753,-6.804924584,-6.838426979
0.44802246,-6.867330570,-6.896825490
0.44807739,-6.926760238,-6.954940671
0.44813232,-7.001109701,-7.046393440
0.44818726,-7.080919468,-7.117067511
0.44824219,-7.146791660,-7.177477259
0.44829712,-7.206262169,-7.233757164
0.44835205,-7.276397549,-7.318692386
0.44840698,-7.347083490,-7.377688422
0.44846191,-7.398458771,-7.420829156
0.44851685,-7.437636769,-7.453841375
0.44857178,-7.481260947,-7.509058383
0.44862671,-7.518901569,-7.531705394
0.44868164,-7.530481224,-7.531632916
0.44873657,-7.522841197,-7.514262261
0.44879150,-7.512271340,-7.511507981
0.44884644,-7.488049658,-7.468422659
0.44890137,-7.429910961,-7.394665693
0.44895630,-7.344520536,-7.295495679
0.44901123,-7.248042030,-7.202714076
0.44906616,-7.129876029,-7.061719935
0.44912109,-6.970213812,-6.882748307
0.44917603,-6.776438892,-6.671917270
0.44923096,-6.565724889,-6.462169315
0.44928589,-6.328934115,-6.200681300
0.44934082,-6.048189209,-5.899792269
0.44939575,-5.733111234,-5.568002178
0.44945068,-5.403337558,-5.240792959
0.44950562,-5.052461479,-4.868272385
0.44956055,-4.665506251,-4.465680368
0.44961548,-4.254899021,-4.044247894
0.44967041,-3.842831437,-3.641833806
0.44972534,-3.425194571,-3.210774243
0.44978027,-2.988947643,-2.767980101
0.44983521,-2.547860185,-2.325708598
0.44989014,-2.124784548,-1.922102315
0.44994507,-1.715686096,-1.509358394
0.45000000,-1.307030636,-1.103551982
