t_s,H_m,H_boundary_m
0.00000000,23.033796695,23.033428949
0.00005493,23.033796695,23.033500710
0.00010986,23.033868455,23.033573012
0.00016479,23.033940755,23.033645859
0.00021973,23.034013603,23.033719257
0.00027466,23.034087000,23.033793213
0.00032959,23.034160955,23.033867731
0.00038452,23.034235472,23.033942817
0.00043945,23.034310559,23.034018478
0.00049438,23.034386218,23.034094718
0.00054932,23.034462458,23.034171545
0.00060425,23.034539284,23.034248963
0.00065918,23.034616702,23.034326979
0.00071411,23.034694717,23.034405600
0.00076904,23.034773338,23.034484831
0.00082397,23.034852567,23.034564679
0.00087891,23.034932415,23.034645150
0.00093384,23.035012885,23.034726251
0.00098877,23.035093986,23.034807988
0.00104370,23.035175722,23.034890368
0.00109863,23.035258102,23.034973398
0.00115356,23.035341130,23.035057085
0.00120850,23.035424817,23.035141435
0.00126343,23.035509165,23.035226455
0.00131836,23.035594186,23.035312154
0.00137329,23.035679883,23.035398537
0.00142822,23.035766266,23.035485612
0.00148315,23.035853340,23.035573387
0.00153809,23.035941115,23.035661869
0.00159302,23.036029595,23.035751066
0.00164795,23.036118792,23.035840985
0.00170288,23.036208710,23.035931635
0.00175781,23.036299360,23.036023023
0.00181274,23.036390746,23.036115157
0.00186768,23.036482880,23.036208046
0.00192261,23.036575767,23.036301697
0.00197754,23.036669418,23.036396119
0.00203247,23.036763839,23.036491321
0.00208740,23.036859041,23.036587311
0.00214233,23.036955029,23.036684098
0.00219727,23.037051816,23.036781690
0.00225220,23.037149407,23.036880097
0.00230713,23.037247814,23.036979328
0.00236206,23.037347043,23.037079392
0.00241699,23.037447107,23.037180298
0.00247192,23.037548011,23.037282056
0.00252686,23.037649769,23.037384675
0.00258179,23.037752387,23.037488165
0.00263672,23.037855877,23.037592537
0.00269165,23.037960247,23.037697799
0.00274658,23.038065509,23.037803963
0.00280151,23.038171671,23.037911038
0.00285645,23.038278746,23.038019035
0.00291138,23.038386742,23.038127965
0.00296631,23.038495671,23.038237839
0.00302124,23.038605543,23.038348666
0.00307617,23.038716370,23.038460459
0.00313110,23.038828162,23.038573228
0.00318604,23.038940931,23.038686986
0.00324097,23.039054687,23.038801743
0.00329590,23.039169443,23.038917511
0.00335083,23.039285210,23.039034303
0.00340576,23.039402002,23.039152130
0.00346069,23.039519827,23.039271005
0.00351563,23.039638701,23.039390940
0.00357056,23.039758634,23.039511947
0.00362549,23.039879641,23.039634040
0.00368042,23.040001733,23.039757231
0.00373535,23.040124924,23.039881535
0.00379028,23.040249225,23.040006963
0.00384521,23.040374653,23.040133530
0.00390015,23.040501219,23.040261250
0.00395508,23.040628938,23.040390137
0.00401001,23.040757823,23.040520204
0.00406494,23.040887890,23.040651467
0.00411987,23.041019151,23.040783940
0.00417480,23.041151623,23.040917637
0.00422974,23.041285319,23.041052575
0.00428467,23.041420257,23.041188769
0.00433960,23.041556448,23.041326233
0.00439453,23.041693912,23.041464984
0.00444946,23.041832662,23.041605039
0.00450439,23.041972716,23.041746413
0.00455933,23.042114088,23.041889123
0.00461426,23.042256797,23.042033186
0.00466919,23.042400858,23.042178619
0.00472412,23.042546291,23.042325440
0.00477905,23.042693109,23.042473665
0.00483398,23.042841335,23.042623314
0.00488892,23.042990982,23.042774405
0.00494385,23.043142072,23.042926955
0.00499878,23.043294620,23.043080985
0.00505371,23.043448649,23.043236512
0.00510864,23.043604174,23.043393557
0.00516357,23.043761219,23.043552139
0.00521851,23.043919799,23.043712279
0.00527344,23.044079938,23.043873997
0.00532837,23.044241654,23.044037314
0.00538330,23.044404970,23.044202250
0.00543823,23.044569904,23.044368828
0.00549316,23.044736481,23.044537068
0.00554810,23.044904720,23.044706995
0.00560303,23.045074645,23.044878629
0.00565796,23.045246277,23.045051994
0.00571289,23.045419642,23.045227114
0.00576782,23.045594759,23.045404011
0.00582275,23.045771656,23.045582711
0.00587769,23.045950353,23.045763237
0.00593262,23.046130879,23.045945615
0.00598755,23.046313255,23.046129870
0.00604248,23.046497509,23.046316028
0.00609741,23.046683665,23.046504115
0.00615234,23.046871751,23.046694159
0.00620728,23.047061792,23.046886185
0.00626221,23.047253817,23.047080222
0.00631714,23.047447852,23.047276298
0.00637207,23.047643927,23.047474442
0.00642700,23.047842068,23.047674682
0.00648193,23.048042308,23.047877049
0.00653687,23.048244672,23.048081573
0.00659180,23.048449195,23.048288284
0.00664673,23.048655904,23.048497214
0.00670166,23.048864832,23.048708394
0.00675659,23.049076010,23.048921857
0.00681152,23.049289472,23.049137637
0.00686646,23.049505249,23.049355765
0.00692139,23.049723377,23.049576278
0.00697632,23.049943887,23.049799210
0.00703125,23.050166817,23.050024595
0.00708618,23.050392200,23.050252471
0.00714111,23.050620075,23.050482874
0.00719604,23.050850475,23.050715841
0.00725098,23.051083441,23.050951412
0.00730591,23.051319009,23.051189623
0.00736084,23.051557219,23.051430517
0.00741577,23.051798110,23.051674132
0.00747070,23.052041723,23.051920509
0.00752563,23.052288098,23.052169692
0.00758057,23.052537279,23.052421721
0.00763550,23.052789306,23.052676642
0.00769043,23.053044225,23.052934498
0.00774536,23.053302079,23.053195335
0.00780029,23.053562914,23.053459198
0.00785522,23.053826774,23.053726135
0.00791016,23.054093709,23.053996193
0.00796509,23.054363765,23.054269422
0.00802002,23.054636992,23.054545870
0.00807495,23.054913437,23.054825590
0.00812988,23.055193155,23.055108632
0.00818481,23.055476194,23.055395050
0.00823975,23.055762610,23.055684897
0.00829468,23.056052454,23.055978228
0.00834961,23.056345784,23.056275100
0.00840454,23.056642652,23.056575569
0.00845947,23.056943119,23.056879694
0.00851440,23.057247241,23.057187534
0.00856934,23.057555079,23.057499150
0.00862427,23.057866692,23.057814604
0.00867920,23.058182144,23.058133960
0.00873413,23.058501497,23.058457281
0.00878906,23.058824816,23.058784634
0.00884399,23.059152165,23.059116086
0.00889893,23.059483615,23.059451706
0.00895386,23.059819231,23.059791563
0.00900879,23.060159086,23.060135730
0.00906372,23.060503250,23.060484279
0.00911865,23.060851797,23.060837286
0.00917358,23.061204799,23.061194825
0.00922852,23.061562337,23.061556977
0.00928345,23.061924485,23.061923819
0.00933838,23.062291324,23.062295433
0.00939331,23.062662935,23.062671903
0.00944824,23.063039402,23.063053313
0.00950317,23.063420808,23.063439750
0.00955811,23.063807243,23.063831303
0.00961304,23.064198792,23.064228062
0.00966797,23.064595548,23.064630120
0.00972290,23.064997602,23.065037571
0.00977783,23.065405051,23.065450513
0.00983276,23.065817989,23.065869045
0.00988770,23.066236517,23.066293267
0.00994263,23.066660735,23.066723284
0.00999756,23.067090749,23.067159201
0.01005249,23.067526662,23.067601127
0.01010742,23.067968584,23.068049172
0.01016235,23.068416625,23.068503450
0.01021729,23.068870900,23.068964077
0.01027222,23.069331522,23.069431172
0.01032715,23.069798614,23.069904856
0.01038208,23.070272293,23.070385253
0.01043701,23.070752687,23.070872492
0.01049194,23.071239921,23.071366702
0.01054688,23.071734128,23.071868018
0.01060181,23.072235439,23.072376575
0.01065674,23.072743992,23.072892514
0.01071167,23.073259926,23.073415978
0.01076660,23.073783387,23.073947114
0.01082153,23.074314518,23.074486074
0.01087646,23.074853473,23.075033010
0.01093140,23.075400404,23.075588081
0.01098633,23.075955471,23.076151449
0.01104126,23.076518834,23.076723280
0.01109619,23.077090661,23.077303745
0.01115112,23.077671120,23.077893017
0.01120605,23.078260388,23.078491276
0.01126099,23.078858641,23.079098705
0.01131592,23.079466066,23.079715493
0.01137085,23.080082848,23.080341832
0.01142578,23.080709182,23.080977920
0.01148071,23.081345265,23.081623962
0.01153564,23.081991301,23.082280164
0.01159058,23.082647498,23.082946742
0.01164551,23.083314071,23.083623915
0.01170044,23.083991237,23.084311908
0.01175537,23.084679225,23.085010954
0.01181030,23.085378264,23.085721288
0.01186523,23.086088594,23.086443157
0.01192017,23.086810456,23.087176811
0.01197510,23.087544104,23.087922506
0.01203003,23.088289792,23.088680509
0.01208496,23.089047789,23.089451091
0.01213989,23.089818364,23.090234532
0.01219482,23.090601799,23.091031118
0.01224976,23.091398378,23.091841146
0.01230469,23.092208400,23.092664919
0.01235962,23.093032165,23.093502750
0.01241455,23.093869989,23.094354959
0.01246948,23.094722191,23.095221879
0.01252441,23.095589104,23.096103847
0.01257935,23.096471064,23.097001215
0.01263428,23.097368426,23.097914343
0.01268921,23.098281545,23.098843601
0.01274414,23.099210796,23.099789371
0.01279907,23.100156558,23.100752047
0.01285400,23.101119226,23.101732032
0.01290894,23.102099202,23.102729744
0.01296387,23.103096906,23.103745613
0.01301880,23.104112766,23.104780080
0.01307373,23.105147225,23.105833603
0.01312866,23.106200739,23.106906652
0.01318359,23.107273779,23.107999711
0.01323853,23.108366828,23.109113280
0.01329346,23.109480388,23.110247875
0.01334839,23.110614974,23.111404028
0.01340332,23.111771118,23.112582288
0.01345825,23.112949367,23.113783221
0.01351318,23.114150291,23.115007412
0.01356812,23.115374471,23.116255464
0.01362305,23.116622513,23.117528001
0.01367798,23.117895038,23.118825666
0.01373291,23.119192693,23.120149124
0.01378784,23.120516139,23.121499062
0.01384277,23.121866067,23.122876190
0.01389771,23.123243183,23.124281243
0.01395264,23.124648224,23.125714979
0.01400757,23.126081948,23.127178182
0.01406250,23.127545139,23.128671665
0.01411743,23.129038609,23.130196267
0.01417236,23.130563199,23.131752858
0.01422729,23.132119776,23.133342337
0.01428223,23.133709242,23.134965635
0.01433716,23.135332526,23.136623717
0.01439209,23.136990595,23.138317582
0.01444702,23.138684445,23.140048265
0.01450195,23.140415114,23.141816839
0.01455688,23.142183673,23.143624416
0.01461182,23.143991236,23.145472149
0.01466675,23.145838953,23.147361235
0.01472168,23.147728023,23.149292913
0.01477661,23.149659684,23.151268472
0.01483154,23.151635227,23.153289247
0.01488647,23.153655985,23.155356626
0.01494141,23.155723347,23.157472051
0.01499634,23.157838754,23.159637018
0.01505127,23.160003703,23.161853083
0.01510620,23.162219749,23.164121864
0.01516113,23.164488512,23.166445041
0.01521606,23.166811669,23.168824364
0.01527100,23.169190973,23.171261653
0.01532593,23.171628240,23.173758800
0.01538086,23.174125368,23.176317778
0.01543579,23.176684324,23.178940640
0.01549072,23.179307164,23.181629524
0.01554565,23.181996025,23.184386660
0.01560059,23.184753139,23.187214371
0.01565552,23.187580825,23.190115080
0.01571045,23.190481511,23.193091314
0.01576538,23.193457720,23.196145712
0.01582031,23.196512093,23.199281027
0.01587524,23.199647380,23.202500133
0.01593018,23.202866461,23.205806036
0.01598511,23.206172335,23.209201874
0.01604004,23.209568145,23.212690929
0.01609497,23.213057171,23.216276635
0.01614990,23.216642848,23.219962583
0.01620483,23.220328764,23.223752533
0.01625977,23.224118683,23.227650421
0.01631470,23.228016539,23.231660373
0.01636963,23.232026458,23.235786711
0.01642456,23.236152761,23.240033968
0.01647949,23.240399982,23.244406897
0.01653442,23.244772875,23.248910488
0.01658936,23.249276429,23.253549981
0.01664429,23.253915883,23.258330878
0.01669922,23.258696741,23.263258963
0.01675415,23.263624784,23.268340316
0.01680908,23.268706096,23.273581335
0.01686401,23.273947070,23.278988752
0.01691895,23.279354442,23.284569657
0.01697388,23.284935301,23.290331520
0.01702881,23.290697117,23.296282217
0.01708374,23.296647763,23.302430052
0.01713867,23.302795548,23.308783792
0.01719360,23.309149235,23.315352693
0.01724854,23.315718082,23.322146533
0.01730347,23.322511866,23.329175653
0.01735840,23.329540927,23.336450987
0.01741333,23.336816201,23.343984114
0.01746826,23.344349266,23.351787293
0.01752319,23.352152380,23.359873521
0.01757812,23.360238541,23.368256578
0.01763306,23.368621528,23.376951091
0.01768799,23.377315970,23.385972593
0.01774292,23.386337397,23.395337593
0.01779785,23.395702320,23.405063646
0.01785278,23.405428293,23.415169439
0.01790771,23.415534003,23.425674874
0.01796265,23.426039350,23.436601166
0.01801758,23.436965553,23.447970948
0.01807251,23.448335241,23.459808383
0.01812744,23.460172579,23.472139292
0.01818237,23.472503386,23.484991288
0.01823730,23.485355277,23.498393931
0.01829224,23.498757809,23.512378888
0.01834717,23.512742651,23.526980117
0.01840210,23.527343760,23.542234070
0.01845703,23.542597588,23.558179909
0.01851196,23.558543297,23.574859754
0.01856689,23.575223005,23.592318948
0.01862183,23.592682055,23.610606357
0.01867676,23.610969316,23.629774704
0.01873169,23.630137505,23.649880929
0.01878662,23.650243567,23.670986602
0.01884155,23.671349067,23.693158376
0.01889648,23.693520660,23.716468489
0.01895142,23.716830583,23.740995336
0.01900635,23.741357231,23.766824095
0.01906128,23.767185780,23.794047441
0.01911621,23.794408905,23.822766334
0.01917114,23.823127564,23.853090919
0.01922607,23.853451904,23.885141529
0.01928101,23.885502254,23.919049821
0.01933594,23.919410272,23.954960060
0.01939087,23.955320221,23.993030574
0.01944580,23.993390428,24.033435399
0.01950073,24.033794927,24.076366160
0.01955566,24.076725344,24.122034207
0.01961060,24.122393024,24.170673054
0.01966553,24.171031482,24.222541172
0.01972046,24.222899185,24.277925194
0.01977539,24.278282766,24.337143597
0.01983032,24.337500696,24.400550941
0.01988525,24.400907536,24.468542771
0.01994019,24.468898827,24.541561291
0.01999512,24.541916770,24.620101945
0.02005005,24.620456803,24.704721075
0.02010498,24.705075268,24.796044862
0.02015991,24.796398338,24.894779769
0.02021484,24.895132473,25.001724798
0.02026978,25.002076668,25.117785894
0.02032471,25.118136863,25.243992927
0.02037964,25.244342919,25.381519759
0.02043457,25.381868692,25.531708026
0.02048950,25.532055806,25.696095390
0.02054443,25.696441916,25.876449186
0.02059937,25.876794341,26.074806587
0.02065430,26.075150245,26.293522667
0.02070923,26.293864684,26.535328017
0.02076416,26.535668232,26.803397950
0.02081909,26.803736181,27.101435733
0.02087402,27.101771779,27.433772810
0.02092896,27.434106440,27.805489516
0.02098389,27.805820472,28.222560458
0.02103882,28.222888445,28.692029400
0.02109375,28.692354088,29.222219172
0.02114868,29.222540186,29.822982719
0.02120361,29.823299637,30.506001705
0.02125854,30.506314048,31.285138994
0.02131348,31.285446225,32.176850310
0.02136841,32.177151825,33.200658130
0.02142334,33.200953260,34.379686675
0.02147827,34.379974681,35.741250041
0.02153320,35.741530123,37.317475516
0.02158813,37.317746823,39.145930524
0.02164307,39.146192182,41.270205035
0.02169800,41.270456188,43.740383330
0.02175293,43.740623219,46.613323523
0.02180786,46.613551585,49.952655441
0.02186279,49.952871481,53.828414196
0.02191772,53.828618604,58.316253078
0.02197266,58.316447144,63.496226795
0.02202759,63.496413112,66.358560938
0.02208252,66.358743935,66.358926932
0.02213745,66.359111643,66.359296355
0.02219238,66.359479352,66.359662349
0.02224731,66.359847060,66.360031772
0.02230225,66.360214769,66.360397766
0.02235718,66.360582478,66.360767189
0.02241211,66.360950186,66.361133183
0.02246704,66.361317895,66.361502606
0.02252197,66.361685603,66.361868600
0.02257690,66.362053312,66.362238023
0.02263184,66.362421020,66.362604017
0.02268677,66.362788729,66.362973441
0.02274170,66.363156437,66.363339434
0.02279663,66.363524146,66.363708858
0.02285156,66.363891855,66.364074852
0.02290649,66.364259563,66.364444275
0.02296143,66.364627272,66.364810269
0.02301636,66.364994980,66.365179692
0.02307129,66.365362689,66.365545686
0.02312622,66.365730397,66.365915109
0.02318115,66.366098106,66.366281103
0.02323608,66.366465815,66.366650526
0.02329102,66.366833523,66.367016520
0.02334595,66.367201232,66.367385943
0.02340088,66.367568940,66.367751937
0.02345581,66.367936649,66.368121360
0.02351074,66.368304357,66.368487354
0.02356567,66.368672066,66.368856777
0.02362061,66.369039774,66.369222772
0.02367554,66.369407483,66.369592195
0.02373047,66.369775192,66.369958189
0.02378540,66.370142900,66.370327612
0.02384033,66.370510609,66.370693606
0.02389526,66.370878317,66.371063029
0.02395020,66.371246026,66.371429023
0.02400513,66.371613734,66.371798446
0.02406006,66.371981443,66.372164440
0.02411499,66.372349151,66.372533863
0.02416992,66.372716860,66.372899857
0.02422485,66.373084569,66.373269280
0.02427979,66.373452277,66.373635274
0.02433472,66.373819986,66.374004697
0.02438965,66.374187694,66.374370691
0.02444458,66.374555403,66.374740114
0.02449951,66.374923111,66.375106108
0.02455444,66.375290820,66.375475531
0.02460937,66.375658528,66.375841526
0.02466431,66.376026237,66.376210948
0.02471924,66.376393946,66.376576943
0.02477417,66.376761654,66.376946366
0.02482910,66.377129363,66.377312360
0.02488403,66.377497071,66.377681783
0.02493896,66.377864780,66.378047777
0.02499390,66.378232488,66.378417200
0.02504883,66.378600197,66.378783194
0.02510376,66.378967905,66.379152617
0.02515869,66.379335614,66.379518611
0.02521362,66.379703323,66.379888034
0.02526855,66.380071031,66.380254028
0.02532349,66.380438740,66.380623451
0.02537842,66.380806448,66.380989445
0.02543335,66.381174157,66.381358868
0.02548828,66.381541865,66.381724862
0.02554321,66.381909574,66.382094285
0.02559814,66.382277282,66.382460280
0.02565308,66.382644991,66.382829702
0.02570801,66.383012699,66.383195697
0.02576294,66.383380408,66.383565119
0.02581787,66.383748117,66.383931114
0.02587280,66.384115825,66.384300536
0.02592773,66.384483534,66.384666531
0.02598267,66.384851242,66.385035954
0.02603760,66.385218951,66.385401948
0.02609253,66.385586659,66.385771371
0.02614746,66.385954368,66.386137365
0.02620239,66.386322076,66.386506788
0.02625732,66.386689785,66.386872782
0.02631226,66.387057493,66.387242205
0.02636719,66.387425202,66.387608199
0.02642212,66.387792910,66.387977622
0.02647705,66.388160619,66.388343616
0.02653198,66.388528328,66.388713039
0.02658691,66.388896036,66.389079033
0.02664185,66.389263745,66.389448456
0.02669678,66.389631453,66.389814450
0.02675171,66.389999162,66.390183873
0.02680664,66.390366870,66.390549867
0.02686157,66.390734579,66.390919290
0.02691650,66.391102287,66.391285284
0.02697144,66.391469996,66.391654707
0.02702637,66.391837704,66.392020702
0.02708130,66.392205413,66.392390124
0.02713623,66.392573121,66.392756119
0.02719116,66.392940830,66.393125541
0.02724609,66.393308538,66.393491536
0.02730103,66.393676247,66.393860958
0.02735596,66.394043955,66.394226953
0.02741089,66.394411664,66.394596375
0.02746582,66.394779372,66.394962370
0.02752075,66.395147081,66.395331792
0.02757568,66.395514789,66.395697787
0.02763062,66.395882498,66.396067209
0.02768555,66.396250207,66.396433204
0.02774048,66.396617915,66.396802626
0.02779541,66.396985624,66.397168621
0.02785034,66.397353332,66.397538043
0.02790527,66.397721041,66.397904038
0.02796021,66.398088749,66.398273460
0.02801514,66.398456458,66.398639455
0.02807007,66.398824166,66.399008877
0.02812500,66.399191875,66.399374872
0.02817993,66.399559583,66.399744294
0.02823486,66.399927292,66.400110289
0.02828979,66.400295000,66.400479711
0.02834473,66.400662709,66.400845706
0.02839966,66.401030417,66.401215128
0.02845459,66.401398126,66.401581123
0.02850952,66.401765834,66.401950545
0.02856445,66.402133543,66.402316540
0.02861938,66.402501251,66.402685962
0.02867432,66.402868959,66.403051957
0.02872925,66.403236668,66.403421379
0.02878418,66.403604376,66.403787374
0.02883911,66.403972085,66.404156796
0.02889404,66.404339793,66.404522791
0.02894897,66.404707502,66.404892213
0.02900391,66.405075210,66.405258208
0.02905884,66.405442919,66.405627630
0.02911377,66.405810627,66.405993625
0.02916870,66.406178336,66.406363047
0.02922363,66.406546044,66.406729042
0.02927856,66.406913753,66.407098464
0.02933350,66.407281461,66.407464459
0.02938843,66.407649170,66.407833881
0.02944336,66.408016878,66.408199876
0.02949829,66.408384587,66.408569298
0.02955322,66.408752295,66.408935292
0.02960815,66.409120004,66.409304715
0.02966309,66.409487712,66.409670709
0.02971802,66.409855420,66.410040132
0.02977295,66.410223129,66.410406126
0.02982788,66.410590837,66.410775548
0.02988281,66.410958546,66.411141543
0.02993774,66.411326254,66.411510965
0.02999268,66.411693963,66.411876960
0.03004761,66.412061671,66.412246382
0.03010254,66.412429380,66.412612377
0.03015747,66.412797088,66.412981799
0.03021240,66.413164797,66.413347794
0.03026733,66.413532505,66.413717216
0.03032227,66.413900213,66.414083211
0.03037720,66.414267922,66.414452633
0.03043213,66.414635630,66.414818628
0.03048706,66.415003339,66.415188050
0.03054199,66.415371047,66.415554045
0.03059692,66.415738756,66.415923467
0.03065186,66.416106464,66.416289461
0.03070679,66.416474172,66.416658883
0.03076172,66.416841881,66.417024878
0.03081665,66.417209589,66.417394300
0.03087158,66.417577298,66.417760295
0.03092651,66.417945006,66.418129717
0.03098145,66.418312715,66.418495712
0.03103638,66.418680423,66.418865134
0.03109131,66.419048131,66.419231129
0.03114624,66.419415840,66.419600551
0.03120117,66.419783548,66.419966546
0.03125610,66.420151257,66.420335968
0.03131104,66.420518965,66.420701962
0.03136597,66.420886673,66.421071384
0.03142090,66.421254382,66.421437379
0.03147583,66.421622090,66.421806801
0.03153076,66.421989799,66.422172796
0.03158569,66.422357507,66.422542218
0.03164062,66.422725215,66.422908213
0.03169556,66.423092924,66.423277635
0.03175049,66.423460632,66.423643630
0.03180542,66.423828341,66.424013052
0.03186035,66.424196049,66.424379046
0.03191528,66.424563757,66.424748468
0.03197021,66.424931466,66.425114463
0.03202515,66.425299174,66.425483885
0.03208008,66.425666883,66.425849880
0.03213501,66.426034591,66.426219302
0.03218994,66.426402299,66.426585297
0.03224487,66.426770008,66.426954718
0.03229980,66.427137716,66.427320713
0.03235474,66.427505424,66.427690135
0.03240967,66.427873133,66.428056130
0.03246460,66.428240841,66.428425552
0.03251953,66.428608549,66.428791547
0.03257446,66.428976258,66.429160969
0.03262939,66.429343966,66.429526964
0.03268433,66.429711674,66.429896385
0.03273926,66.430079383,66.430262380
0.03279419,66.430447091,66.430631802
0.03284912,66.430814800,66.430997797
0.03290405,66.431182508,66.431367219
0.03295898,66.431550216,66.431733214
0.03301392,66.431917925,66.432102635
0.03306885,66.432285633,66.432468630
0.03312378,66.432653341,66.432838052
0.03317871,66.433021050,66.433204047
0.03323364,66.433388758,66.433573469
0.03328857,66.433756466,66.433939464
0.03334351,66.434124175,66.434308885
0.03339844,66.434491883,66.434674880
0.03345337,66.434859591,66.435044302
0.03350830,66.435227299,66.435410297
0.03356323,66.435595008,66.435779719
0.03361816,66.435962716,66.436145714
0.03367310,66.436330424,66.436515135
0.03372803,66.436698133,66.436881130
0.03378296,66.437065841,66.437250552
0.03383789,66.437433549,66.437616547
0.03389282,66.437801258,66.437985968
0.03394775,66.438168966,66.438351963
0.03400269,66.438536674,66.438721385
0.03405762,66.438904382,66.439087380
0.03411255,66.439272091,66.439456801
0.03416748,66.439639799,66.439822797
0.03422241,66.440007507,66.440192218
0.03427734,66.440375216,66.440558213
0.03433228,66.440742924,66.440927635
0.03438721,66.441110632,66.441293630
0.03444214,66.441478340,66.441663051
0.03449707,66.441846049,66.442029046
0.03455200,66.442213757,66.442398468
0.03460693,66.442581465,66.442764463
0.03466187,66.442949173,66.443133884
0.03471680,66.443316882,66.443499879
0.03477173,66.443684590,66.443869301
0.03482666,66.444052298,66.444235296
0.03488159,66.444420006,66.444604717
0.03493652,66.444787715,66.444970712
0.03499146,66.445155423,66.445340134
0.03504639,66.445523131,66.445706129
0.03510132,66.445890839,66.446075550
0.03515625,66.446258548,66.446441545
0.03521118,66.446626256,66.446810967
0.03526611,66.446993964,66.447176962
0.03532104,66.447361672,66.447546383
0.03537598,66.447729381,66.447912378
0.03543091,66.448097089,66.448281799
0.03548584,66.448464797,66.448647795
0.03554077,66.448832505,66.449017216
0.03559570,66.449200213,66.449383211
0.03565063,66.449567922,66.449752632
0.03570557,66.449935630,66.450118627
0.03576050,66.450303338,66.450488049
0.03581543,66.450671046,66.450854044
0.03587036,66.451038754,66.451223465
0.03592529,66.451406463,66.451589460
0.03598022,66.451774171,66.451958881
0.03603516,66.452141879,66.452324877
0.03609009,66.452509587,66.452694298
0.03614502,66.452877295,66.453060293
0.03619995,66.453245003,66.453429714
0.03625488,66.453612712,66.453795709
0.03630981,66.453980420,66.454165130
0.03636475,66.454348128,66.454531126
0.03641968,66.454715836,66.454900547
0.03647461,66.455083544,66.455266542
0.03652954,66.455451252,66.455635963
0.03658447,66.455818961,66.456001958
0.03663940,66.456186669,66.456371379
0.03669434,66.456554377,66.456737375
0.03674927,66.456922085,66.457106796
0.03680420,66.457289793,66.457472791
0.03685913,66.457657501,66.457842212
0.03691406,66.458025209,66.458208207
0.03696899,66.458392918,66.458577628
0.03702393,66.458760626,66.458943623
0.03707886,66.459128334,66.459313044
0.03713379,66.459496042,66.459679040
0.03718872,66.459863750,66.460048460
0.03724365,66.460231458,66.460414456
0.03729858,66.460599166,66.460783877
0.03735352,66.460966874,66.461149872
0.03740845,66.461334582,66.461519293
0.03746338,66.461702291,66.461885288
0.03751831,66.462069999,66.462254709
0.03757324,66.462437707,66.462620704
0.03762817,66.462805415,66.462990125
0.03768311,66.463173123,66.463356121
0.03773804,66.463540831,66.463725541
0.03779297,66.463908539,66.464091537
0.03784790,66.464276247,66.464460958
0.03790283,66.464643955,66.464826953
0.03795776,66.465011663,66.465196374
0.03801270,66.465379371,66.465562369
0.03806763,66.465747079,66.465931790
0.03812256,66.466114787,66.466297785
0.03817749,66.466482496,66.466667206
0.03823242,66.466850204,66.467033201
0.03828735,66.467217912,66.467402622
0.03834229,66.467585620,66.467768617
0.03839722,66.467953328,66.468138038
0.03845215,66.468321036,66.468504033
0.03850708,66.468688744,66.468873454
0.03856201,66.469056452,66.469239449
0.03861694,66.469424160,66.469608870
0.03867188,66.469791868,66.469974866
0.03872681,66.470159576,66.470344286
0.03878174,66.470527284,66.470710282
0.03883667,66.470894992,66.471079702
0.03889160,66.471262700,66.471445698
0.03894653,66.471630408,66.471815118
0.03900146,66.471998116,66.472181114
0.03905640,66.472365824,66.472550534
0.03911133,66.472733532,66.472916530
0.03916626,66.473101240,66.473285950
0.03922119,66.473468948,66.473651945
0.03927612,66.473836656,66.474021366
0.03933105,66.474204364,66.474387361
0.03938599,66.474572072,66.474756782
0.03944092,66.474939780,66.475122777
0.03949585,66.475307488,66.475492198
0.03955078,66.475675196,66.475858193
0.03960571,66.476042903,66.476227614
0.03966064,66.476410611,66.476593609
0.03971558,66.476778319,66.476963030
0.03977051,66.477146027,66.477329025
0.03982544,66.477513735,66.477698445
0.03988037,66.477881443,66.478064441
0.03993530,66.478249151,66.478433861
0.03999023,66.478616859,66.478799857
0.04004517,66.478984567,66.479169277
0.04010010,66.479352275,66.479535273
0.04015503,66.479719983,66.479904693
0.04020996,66.480087691,66.480270688
0.04026489,66.480455399,66.480640109
0.04031982,66.480823106,66.481006104
0.04037476,66.481190814,66.481375524
0.04042969,66.481558522,66.481741520
0.04048462,66.481926230,66.482110940
0.04053955,66.482293938,66.482476936
0.04059448,66.482661646,66.482846356
0.04064941,66.483029354,66.483212352
0.04070435,66.483397062,66.483581772
0.04075928,66.483764769,66.483947767
0.04081421,66.484132477,66.484317187
0.04086914,66.484500185,66.484683183
0.04092407,66.484867893,66.485052603
0.04097900,66.485235601,66.485418599
0.04103394,66.485603309,66.485788019
0.04108887,66.485971017,66.486154014
0.04114380,66.486338724,66.486523434
0.04119873,66.486706432,66.486889430
0.04125366,66.487074140,66.487258850
0.04130859,66.487441848,66.487624846
0.04136353,66.487809556,66.487994266
0.04141846,66.488177263,66.488360261
0.04147339,66.488544971,66.488729681
0.04152832,66.488912679,66.489095677
0.04158325,66.489280387,66.489465097
0.04163818,66.489648095,66.489831092
0.04169312,66.490015802,66.490200512
0.04174805,66.490383510,66.490566508
0.04180298,66.490751218,66.490935928
0.04185791,66.491118926,66.491301924
0.04191284,66.491486634,66.491671344
0.04196777,66.491854341,66.492037339
0.04202271,66.492222049,66.492406759
0.04207764,66.492589757,66.492772755
0.04213257,66.492957465,66.493142175
0.04218750,66.493325172,66.493508170
0.04224243,66.493692880,66.493877590
0.04229736,66.494060588,66.494243586
0.04235229,66.494428296,66.494613005
0.04240723,66.494796003,66.494979001
0.04246216,66.495163711,66.495348421
0.04251709,66.495531419,66.495714417
0.04257202,66.495899126,66.496083836
0.04262695,66.496266834,66.496449832
0.04268188,66.496634542,66.496819252
0.04273682,66.497002250,66.497185247
0.04279175,66.497369957,66.497554667
0.04284668,66.497737665,66.497920663
0.04290161,66.498105373,66.498290082
0.04295654,66.498473080,66.498656078
0.04301147,66.498840788,66.499025498
0.04306641,66.499208496,66.499391493
0.04312134,66.499576203,66.499760913
0.04317627,66.499943911,66.500126909
0.04323120,66.500311619,66.500496328
0.04328613,66.500679326,66.500862324
0.04334106,66.501047034,66.501231744
0.04339600,66.501414742,66.501597739
0.04345093,66.501782449,66.501967159
0.04350586,66.502150157,66.502333155
0.04356079,66.502517864,66.502702574
0.04361572,66.502885572,66.503068570
0.04367065,66.503253280,66.503437989
0.04372559,66.503620987,66.503803985
0.04378052,66.503988695,66.504173405
0.04383545,66.504356402,66.504539400
0.04389038,66.504724110,66.504908820
0.04394531,66.505091818,66.505274816
0.04400024,66.505459525,66.505644235
0.04405518,66.505827233,66.506010231
0.04411011,66.506194940,66.506379650
0.04416504,66.506562648,66.506745646
0.04421997,66.506930356,66.507115065
0.04427490,66.507298063,66.507481061
0.04432983,66.507665771,66.507850480
0.04438477,66.508033478,66.508216476
0.04443970,66.508401186,66.508585895
0.04449463,66.508768893,66.508951891
0.04454956,66.509136601,66.509321310
0.04460449,66.509504308,66.509687306
0.04465942,66.509872016,66.510056726
0.04471436,66.510239723,66.510422721
0.04476929,66.510607431,66.510792141
0.04482422,66.510975138,66.511158136
0.04487915,66.511342846,66.511527556
0.04493408,66.511710553,66.511893551
0.04498901,66.512078261,66.512262971
0.04504395,66.512445968,66.512628966
0.04509888,66.512813676,66.512998385
0.04515381,66.513181383,66.513364381
0.04520874,66.513549091,66.513733800
0.04526367,66.513916798,66.514099796
0.04531860,66.514284506,66.514469215
0.04537354,66.514652213,66.514835211
0.04542847,66.515019921,66.515204630
0.04548340,66.515387628,66.515570626
0.04553833,66.515755336,66.515940045
0.04559326,66.516123043,66.516306041
0.04564819,66.516490750,66.516675460
0.04570313,66.516858458,66.517041456
0.04575806,66.517226165,66.517410875
0.04581299,66.517593873,66.517776871
0.04586792,66.517961580,66.518146290
0.04592285,66.518329287,66.518512285
0.04597778,66.518696995,66.518881704
0.04603271,66.519064702,66.519247700
0.04608765,66.519432410,66.519617119
0.04614258,66.519800117,66.519983115
0.04619751,66.520167824,66.520352534
0.04625244,66.520535532,66.520718530
0.04630737,66.520903239,66.521087949
0.04636230,66.521270946,66.521453944
0.04641724,66.521638654,66.521823363
0.04647217,66.522006361,66.522189359
0.04652710,66.522374068,66.522558778
0.04658203,66.522741776,66.522924774
0.04663696,66.523109483,66.523294193
0.04669189,66.523477190,66.523660188
0.04674683,66.523844898,66.524029607
0.04680176,66.524212605,66.524395603
0.04685669,66.524580312,66.524765022
0.04691162,66.524948020,66.525131018
0.04696655,66.525315727,66.525500436
0.04702148,66.525683434,66.525866432
0.04707642,66.526051142,66.526235851
0.04713135,66.526418849,66.526601847
0.04718628,66.526786556,66.526971265
0.04724121,66.527154263,66.527337261
0.04729614,66.527521971,66.527706680
0.04735107,66.527889678,66.528072676
0.04740601,66.528257385,66.528442094
0.04746094,66.528625092,66.528808090
0.04751587,66.528992800,66.529177509
0.04757080,66.529360507,66.529543505
0.04762573,66.529728214,66.529912923
0.04768066,66.530095921,66.530278919
0.04773560,66.530463628,66.530648338
0.04779053,66.530831336,66.531014334
0.04784546,66.531199043,66.531383752
0.04790039,66.531566750,66.531749748
0.04795532,66.531934457,66.532119166
0.04801025,66.532302164,66.532485162
0.04806519,66.532669872,66.532854581
0.04812012,66.533037579,66.533220577
0.04817505,66.533405286,66.533589995
0.04822998,66.533772993,66.533955991
0.04828491,66.534140700,66.534325409
0.04833984,66.534508407,66.534691405
0.04839478,66.534876114,66.535060824
0.04844971,66.535243822,66.535426819
0.04850464,66.535611529,66.535796238
0.04855957,66.535979236,66.536162234
0.04861450,66.536346943,66.536531652
0.04866943,66.536714650,66.536897648
0.04872437,66.537082357,66.537267066
0.04877930,66.537450064,66.537633062
0.04883423,66.537817771,66.538002480
0.04888916,66.538185478,66.538368476
0.04894409,66.538553185,66.538737895
0.04899902,66.538920893,66.539103890
0.04905396,66.539288600,66.539473309
0.04910889,66.539656307,66.539839305
0.04916382,66.540024014,66.540208723
0.04921875,66.540391721,66.540574719
0.04927368,66.540759428,66.540944137
0.04932861,66.541127135,66.541310133
0.04938354,66.541494842,66.541679551
0.04943848,66.541862549,66.542045547
0.04949341,66.542230256,66.542414965
0.04954834,66.542597963,66.542780961
0.04960327,66.542965670,66.543150379
0.04965820,66.543333377,66.543516375
0.04971313,66.543701084,66.543885793
0.04976807,66.544068791,66.544251789
0.04982300,66.544436498,66.544621207
0.04987793,66.544804205,66.544987203
0.04993286,66.545171912,66.545356621
0.04998779,66.545539619,66.545722617
0.05004272,66.545907326,66.546092035
0.05009766,66.546275033,66.546458030
0.05015259,66.546642739,66.546827448
0.05020752,66.547010446,66.547193444
0.05026245,66.547378153,66.547562862
0.05031738,66.547745860,66.547928858
0.05037231,66.548113567,66.548298276
0.05042725,66.548481274,66.548664272
0.05048218,66.548848981,66.549033690
0.05053711,66.549216688,66.549399686
0.05059204,66.549584395,66.549769104
0.05064697,66.549952102,66.550135099
0.05070190,66.550319808,66.550504517
0.05075684,66.550687515,66.550870513
0.05081177,66.551055222,66.551239931
0.05086670,66.551422929,66.551605927
0.05092163,66.551790636,66.551975345
0.05097656,66.552158343,66.552341341
0.05103149,66.552526049,66.552710758
0.05108643,66.552893756,66.553076754
0.05114136,66.553261463,66.553446172
0.05119629,66.553629170,66.553812168
0.05125122,66.553996877,66.554181586
0.05130615,66.554364584,66.554547581
0.05136108,66.554732290,66.554916999
0.05141602,66.555099997,66.555282995
0.05147095,66.555467704,66.555652413
0.05152588,66.555835411,66.556018409
0.05158081,66.556203117,66.556387826
0.05163574,66.556570824,66.556753822
0.05169067,66.556938531,66.557123240
0.05174561,66.557306238,66.557489236
0.05180054,66.557673944,66.557858653
0.05185547,66.558041651,66.558224649
0.05191040,66.558409358,66.558594067
0.05196533,66.558777064,66.558960062
0.05202026,66.559144771,66.559329480
0.05207520,66.559512478,66.559695476
0.05213013,66.559880185,66.560064893
0.05218506,66.560247891,66.560430889
0.05223999,66.560615598,66.560800307
0.05229492,66.560983305,66.561166303
0.05234985,66.561351011,66.561535720
0.05240479,66.561718718,66.561901716
0.05245972,66.562086425,66.562271133
0.05251465,66.562454131,66.562637129
0.05256958,66.562821838,66.563006547
0.05262451,66.563189544,66.563372542
0.05267944,66.563557251,66.563741960
0.05273438,66.563924958,66.564107956
0.05278931,66.564292664,66.564477373
0.05284424,66.564660371,66.564843369
0.05289917,66.565028077,66.565212786
0.05295410,66.565395784,66.565578782
0.05300903,66.565763491,66.565948199
0.05306396,66.566131197,66.566314195
0.05311890,66.566498904,66.566683612
0.05317383,66.566866610,66.567049608
0.05322876,66.567234317,66.567419025
0.05328369,66.567602023,66.567785021
0.05333862,66.567969730,66.568154438
0.05339355,66.568337436,66.568520434
0.05344849,66.568705143,66.568889851
0.05350342,66.569072849,66.569255847
0.05355835,66.569440556,66.569625264
0.05361328,66.569808262,66.569991260
0.05366821,66.570175969,66.570360677
0.05372314,66.570543675,66.570726673
0.05377808,66.570911382,66.571096090
0.05383301,66.571279088,66.571462086
0.05388794,66.571646795,66.571831503
0.05394287,66.572014501,66.572197499
0.05399780,66.572382208,66.572566916
0.05405273,66.572749914,66.572932912
0.05410767,66.573117621,66.573302329
0.05416260,66.573485327,66.573668325
0.05421753,66.573853033,66.574037742
0.05427246,66.574220740,66.574403738
0.05432739,66.574588446,66.574773155
0.05438232,66.574956153,66.575139150
0.05443726,66.575323859,66.575508567
0.05449219,66.575691565,66.575874563
0.05454712,66.576059272,66.576243980
0.05460205,66.576426978,66.576609976
0.05465698,66.576794684,66.576979393
0.05471191,66.577162391,66.577345389
0.05476685,66.577530097,66.577714805
0.05482178,66.577897803,66.578080801
0.05487671,66.578265510,66.578450218
0.05493164,66.578633216,66.578816214
0.05498657,66.579000922,66.579185631
0.05504150,66.579368629,66.579551627
0.05509644,66.579736335,66.579921043
0.05515137,66.580104041,66.580287039
0.05520630,66.580471747,66.580656456
0.05526123,66.580839454,66.581022452
0.05531616,66.581207160,66.581391868
0.05537109,66.581574866,66.581757864
0.05542603,66.581942572,66.582127281
0.05548096,66.582310279,66.582493277
0.05553589,66.582677985,66.582862693
0.05559082,66.583045691,66.583228689
0.05564575,66.583413397,66.583598106
0.05570068,66.583781104,66.583964101
0.05575562,66.584148810,66.584333518
0.05581055,66.584516516,66.584699514
0.05586548,66.584884222,66.585068930
0.05592041,66.585251928,66.585434926
0.05597534,66.585619634,66.585804343
0.05603027,66.585987341,66.586170338
0.05608521,66.586355047,66.586539755
0.05614014,66.586722753,66.586905751
0.05619507,66.587090459,66.587275167
0.05625000,66.587458165,66.587641163
0.05630493,66.587754967,66.587868771
0.05635986,66.587980331,66.588091891
0.05641479,66.588204621,66.588317350
0.05646973,66.588427825,66.588538299
0.05652466,66.588649932,66.588761566
0.05657959,66.588870933,66.588980300
0.05663452,66.589090814,66.589201329
0.05668945,66.589309565,66.589417802
0.05674438,66.589527175,66.589636548
0.05679932,66.589743631,66.589850715
0.05685425,66.589958922,66.590067130
0.05690918,66.590173036,66.590278943
0.05696411,66.590385961,66.590492979
0.05701904,66.590597684,66.590702388
0.05707397,66.590808193,66.590913997
0.05712891,66.591017475,66.591120953
0.05718384,66.591225517,66.591330082
0.05723877,66.591432308,66.591534533
0.05729370,66.591637832,66.591741131
0.05734863,66.591842078,66.591943024
0.05740356,66.592045031,66.592147038
0.05745850,66.592246678,66.592346319
0.05751343,66.592447006,66.592547693
0.05756836,66.592646000,66.592744306
0.05762329,66.592843645,66.592942984
0.05767822,66.593039929,66.593136873
0.05773315,66.593234835,66.593332797
0.05778809,66.593428349,66.593523902
0.05784302,66.593620457,66.593717012
0.05789795,66.593811143,66.593905273
0.05795288,66.594000391,66.594095509
0.05800781,66.594188187,66.594280864
0.05806274,66.594374513,66.594468162
0.05811768,66.594559356,66.594650549
0.05817261,66.594742697,66.594834845
0.05822754,66.594924520,66.595014196
0.05828247,66.595104810,66.595195424
0.05833740,66.595283549,66.595371673
0.05839233,66.595460719,66.595549765
0.05844727,66.595636304,66.595722843
0.05850220,66.595810286,66.595897728
0.05855713,66.595982646,66.596067565
0.05861206,66.596153368,66.596239171
0.05866699,66.596322432,66.596405692
0.05872192,66.596489820,66.596573947
0.05877686,66.596655512,66.596737078
0.05883179,66.596819491,66.596901904
0.05888672,66.596981736,66.597061568
0.05894165,66.597142227,66.597222887
0.05899658,66.597300945,66.597379004
0.05905151,66.597457870,66.597536735
0.05910645,66.597612980,66.597689224
0.05916138,66.597766255,66.597843286
0.05921631,66.597917674,66.597992062
0.05927124,66.598067215,66.598142368
0.05932617,66.598214856,66.598287345
0.05938110,66.598360576,66.598433808
0.05943604,66.598504352,66.598574897
0.05949097,66.598646161,66.598717426
0.05954590,66.598785981,66.598854535
0.05960083,66.598923787,66.598993038
0.05965576,66.599059556,66.599126073
0.05971069,66.599193264,66.599260454
0.05976563,66.599324886,66.599389318
0.05982056,66.599454398,66.599519478
0.05987549,66.599581774,66.599644070
0.05993042,66.599706989,66.599769908
0.05998535,66.599830017,66.599890126
0.06004028,66.599950831,66.600011536
0.06009521,66.600069404,66.600127273
0.06015015,66.600185710,66.600244148
0.06020508,66.600299721,66.600355295
0.06026001,66.600411409,66.600467524
0.06031494,66.600520746,66.600573968
0.06036987,66.600627702,66.600681436
0.06042480,66.600732248,66.600783060
0.06047974,66.600834355,66.600885650
0.06053467,66.600933992,66.600982335
0.06058960,66.601031129,66.601079923
0.06064453,66.601125734,66.601171545
0.06069946,66.601217776,66.601264007
0.06075439,66.601307223,66.601350439
0.06080933,66.601394042,66.601437645
0.06086426,66.601478199,66.601518754
0.06091919,66.601559662,66.601600570
0.06097412,66.601638395,66.601676221
0.06102905,66.601714365,66.601752509
0.06108398,66.601787536,66.601822562
0.06113892,66.601857871,66.601893180
0.06119385,66.601925335,66.601957490
0.06124878,66.601989890,66.602022291
0.06130371,66.602051499,66.602080707
0.06135864,66.602110123,66.602139539
0.06141357,66.602165724,66.602191909
0.06146851,66.602218262,66.602244615
0.06152344,66.602267697,66.602290779
0.06157837,66.602313987,66.602337196
0.06163330,66.602357093,66.602376989
0.06168823,66.602396970,66.602416951
0.06174316,66.602433577,66.602450202
0.06179810,66.602466869,66.602483536
0.06185303,66.602496803,66.602510070
0.06190796,66.602523334,66.602536597
0.06196289,66.602546414,66.602556232
0.06201782,66.602565999,66.602575766
0.06207275,66.602582040,66.602588314
0.06212769,66.602594489,66.602600665
0.06218262,66.602603298,66.602605931
0.06223755,66.602608416,66.602610900
0.06229248,66.602609792,66.602608684
0.06234741,66.602607375,66.602606067
0.06240234,66.602601113,66.602596160
0.06245728,66.602590952,66.602585745
0.06251221,66.602576838,66.602567931
0.06256714,66.602558715,66.602549499
0.06262207,66.602536527,66.602523555
0.06267700,66.602510217,66.602496879
0.06273193,66.602479727,66.602462574
0.06278687,66.602444997,66.602427419
0.06284180,66.602405967,66.602384514
0.06289673,66.602362575,66.602340636
0.06295166,66.602314760,66.602288884
0.06300659,66.602262457,66.602236030
0.06306152,66.602205602,66.602175173
0.06311646,66.602144128,66.602113083
0.06317139,66.602077968,66.602042854
0.06322632,66.602007055,66.601971256
0.06328125,66.601931318,66.601891381
0.06333618,66.601850687,66.601809993
0.06339111,66.601765089,66.601720184
0.06344604,66.601674450,66.601628716
0.06350098,66.601578697,66.601528677
0.06355591,66.601477751,66.601426826
0.06361084,66.601371537,66.601316247
0.06366577,66.601259973,66.601203699
0.06372070,66.601142981,66.601082262
0.06377563,66.601020477,66.600958691
0.06383057,66.600892377,66.600826063
0.06388550,66.600758597,66.600691131
0.06394043,66.600619049,66.600546967
0.06399536,66.600473644,66.600400321
0.06405029,66.600322293,66.600244264
0.06410522,66.600164902,66.600085540
0.06416016,66.600001379,66.599917217
0.06421509,66.599831626,66.599746035
0.06427002,66.599655547,66.599565059
0.06432495,66.599473042,66.599381025
0.06437988,66.599284009,66.599186993
0.06443481,66.599088345,66.598989697
0.06448975,66.598885944,66.598782191
0.06454468,66.598676698,66.598571206
0.06459961,66.598460498,66.598349791
0.06465454,66.598237231,66.598124672
0.06470947,66.598006783,66.597888895
0.06476440,66.597769038,66.597649180
0.06481934,66.597523875,66.597398570
0.06487427,66.597271174,66.597143779
0.06492920,66.597010811,66.596877843
0.06498413,66.596742659,66.596607474
0.06503906,66.596466588,66.596325702
0.06509399,66.596182468,66.596039233
0.06514893,66.595890162,66.595741092
0.06520386,66.595589535,66.595437978
0.06525879,66.595280445,66.595122912
0.06531372,66.594962749,66.594802586
0.06536865,66.594636300,66.594470015
0.06542358,66.594300950,66.594131886
0.06547852,66.593956546,66.593781206
0.06553345,66.593602931,66.593424656
0.06558838,66.593239946,66.593055236
0.06564331,66.592867428,66.592679620
0.06569824,66.592485211,66.592290802
0.06575317,66.592093125,66.591895448
0.06580811,66.591690997,66.591486545
0.06586304,66.591278648,66.591070750
0.06591797,66.590855896,66.590641043
0.06597290,66.590422558,66.590204073
0.06602783,66.589978442,66.589752810
0.06608276,66.589523354,66.589293898
0.06613770,66.589057097,66.588820296
0.06619263,66.588579468,66.588338639
0.06624756,66.588090258,66.587841877
0.06630249,66.587589256,66.587336635
0.06635742,66.587076244,66.586815854
0.06641235,66.586551001,66.586286148
0.06646729,66.586013299,66.585740450
0.06652222,66.585462905,66.585185361
0.06657715,66.584899582,66.584613803
0.06663208,66.584323085,66.584032368
0.06668701,66.583733166,66.583433964
0.06674194,66.583129569,66.582825173
0.06679688,66.582512032,66.582198891
0.06685181,66.581880288,66.581561685
0.06690674,66.581234062,66.580906440
0.06696167,66.580573075,66.580239710
0.06701660,66.579897037,66.579554365
0.06707153,66.579205655,66.578856946
0.06712646,66.578498627,66.578140308
0.06718140,66.577775642,66.577410977
0.06723633,66.577036385,66.576661794
0.06729126,66.576280531,66.575899267
0.06734619,66.575507745,66.575116222
0.06740112,66.574717687,66.574319151
0.06745605,66.573910006,66.573500861
0.06751099,66.573084344,66.572667827
0.06756592,66.572240332,66.571812837
0.06762085,66.571377592,66.570942348
0.06767578,66.570495738,66.570049128
0.06773071,66.569594371,66.569139614
0.06778564,66.568673084,66.568206554
0.06784058,66.567731458,66.567256362
0.06789551,66.566769064,66.566281765
0.06795044,66.565785460,66.565289155
0.06800537,66.564780194,66.564271233
0.06806030,66.563752800,66.563234368
0.06811523,66.562702803,66.562171237
0.06817017,66.561629710,66.561088183
0.06822510,66.560533018,66.559977854
0.06828003,66.559412211,66.558846567
0.06833496,66.558266755,66.557686943
0.06838989,66.557096106,66.556505268
0.06844482,66.555899700,66.555294132
0.06849976,66.554676961,66.554059789
0.06855469,66.553427294,66.552794799
0.06860962,66.552150090,66.551505382
0.06866455,66.550844721,66.550184061
0.06871948,66.549510541,66.548837021
0.06877441,66.548146885,66.547456749
0.06882935,66.546753070,66.546049391
0.06888428,66.545328392,66.544607394
0.06893921,66.543872128,66.543136862
0.06899414,66.542383531,66.541630200
0.06904907,66.540861834,66.540093469
0.06910400,66.539306247,66.538519026
0.06915894,66.537715956,66.536912886
0.06921387,66.536090121,66.535267356
0.06926880,66.534427879,66.533588401
0.06932373,66.532728338,66.531868276
0.06937866,66.530990582,66.530112889
0.06943359,66.529213664,66.528314439
0.06948853,66.527396608,66.526478777
0.06954346,66.525538408,66.524598038
0.06959839,66.523638025,66.522678012
0.06965332,66.521694390,66.520710768
0.06970825,66.519706397,66.518702026
0.06976318,66.517672905,66.516643785
0.06981812,66.515592738,66.514541692
0.06987305,66.513464680,66.512387668
0.06992798,66.511287475,66.510187283
0.06998291,66.509059828,66.507932373
0.07003784,66.506780398,66.505628422
0.07009277,66.504447801,66.503267179
0.07014771,66.502060606,66.500854034
0.07020264,66.499617335,66.498380637
0.07025757,66.497116458,66.495852279
0.07031250,66.494556392,66.493260506
0.07036743,66.491935502,66.490610499
0.07042236,66.489252095,66.487893690
0.07047729,66.486504416,66.485115143
0.07053223,66.483690654,66.482266165
0.07058716,66.480808927,66.479351690
0.07064209,66.477857292,66.476362894
0.07069702,66.474833733,66.473304571
0.07075195,66.471736159,66.470167748
0.07080688,66.468562408,66.466957068
0.07086182,66.465310233,66.463663399
0.07091675,66.461977308,66.460291218
0.07097168,66.458561218,66.456831218
0.07102661,66.455059458,66.453287697
0.07108154,66.451469427,66.449651157
0.07113647,66.447788426,66.445925696
0.07119141,66.444013653,66.442101611
0.07124634,66.440142196,66.438182782
0.07130127,66.436171030,66.434159278
0.07135620,66.432097010,66.430034743
0.07141113,66.427916869,66.425798994
0.07146606,66.423627205,66.421455416
0.07152100,66.419224485,66.416993553
0.07157593,66.414705027,66.412416501
0.07163086,66.410065001,66.407713502
0.07168579,66.405300420,66.402887338
0.07174072,66.400407128,66.397926919
0.07179565,66.395380799,66.392834679
0.07185059,66.390216920,66.387599161
0.07190552,66.384910787,66.382222414
0.07196045,66.379457496,66.376692578
0.07201538,66.373851927,66.371011277
0.07207031,66.368088738,66.365166200
0.07212524,66.362162352,66.359158503
0.07218018,66.356066940,66.352975377
0.07223511,66.349796417,66.346617456
0.07229004,66.343344417,66.340071378
0.07234497,66.336704287,66.333337195
0.07239990,66.329869064,66.326400933
0.07245483,66.322831464,66.319261996
0.07250977,66.315583859,66.311905723
0.07256470,66.308118260,66.304330797
0.07261963,66.300426296,66.296521794
0.07267456,66.292499190,66.288476585
0.07272949,66.284327739,66.280178892
0.07278442,66.275902286,66.271625680
0.07283936,66.267212695,66.262799709
0.07289429,66.258248319,66.253696929
0.07294922,66.248997974,66.244299019
0.07300415,66.239449901,66.234600783
0.07305908,66.229591734,66.224582685
0.07311401,66.219410460,66.214238235
0.07316895,66.208892380,66.203546525
0.07322388,66.198023063,66.192499602
0.07327881,66.186787303,66.181075003
0.07333374,66.175169061,66.169263118
0.07338867,66.163151419,66.157039719
0.07344360,66.150716515,66.144393311
0.07349854,66.137845485,66.131297658
0.07355347,66.124518387,66.117739116
0.07360840,66.110714136,66.103689157
0.07366333,66.096410419,66.089131682
0.07371826,66.081583611,66.074035540
0.07377319,66.066208678,66.058381816
0.07382813,66.050259082,66.042136349
0.07388306,66.033706666,66.025276984
0.07393799,66.016521539,66.007766095
0.07399292,65.998671942,65.989577790
0.07404785,65.980124114,65.970670438
0.07410278,65.960842131,65.951013823
0.07415771,65.940787748,65.930561672
0.07421265,65.919920208,65.909278744
0.07426758,65.898196054,65.887113364
0.07432251,65.875568899,65.864024435
0.07437744,65.851989205,65.839953975
0.07443237,65.827404004,65.814854032
0.07448730,65.801756631,65.788659230
0.07454224,65.774986396,65.761313562
0.07459717,65.747028255,65.732742947
0.07465210,65.717812411,65.702881874
0.07470703,65.687263922,65.671645969
0.07476196,65.655302214,65.638958459
0.07481689,65.621840601,65.604722743
0.07487183,65.586785690,65.568848637
0.07492676,65.550036793,65.531224950
0.07498169,65.511485201,65.491745452
0.07503662,65.471013452,65.450281451
0.07509155,65.428494434,65.406707417
0.07514648,65.383790487,65.360873556
0.07520142,65.336752278,65.312631000
0.07525635,65.287217683,65.261804365
0.07531128,65.235010384,65.208216402
0.07536621,65.179938459,65.151660515
0.07542114,65.121792621,65.091924727
0.07547607,65.060344429,65.028764131
0.07553101,64.995344061,64.961923991
0.07558594,64.926518031,64.891112071
0.07564087,64.853566346,64.816020622
0.07569580,64.776159574,64.736298527
0.07575073,64.693935188,64.651571849
0.07580566,64.606493766,64.561415683
0.07586060,64.513394252,64.465372823
0.07591553,64.414148995,64.362925168
0.07597046,64.308217546,64.253509925
0.07602539,64.195000122,64.136490321
0.07608032,64.073829428,64.011168536
0.07613525,63.943961951,63.876755367
0.07619019,63.804567074,63.732378783
0.07624512,63.654715388,63.577051995
0.07630005,63.493364041,63.409676090
0.07635498,63.319340891,63.229005695
0.07640991,63.131324592,63.033643492
0.07646484,62.927822880,62.822002273
0.07651978,62.707145234,62.592288200
0.07657471,62.467372798,62.342457402
0.07662964,62.206320444,62.070183492
0.07668457,61.921494692,61.772805900
0.07673950,61.610040490,61.447275091
0.07679443,61.268681748,61.090088417
0.07684937,60.893645908,60.697203415
0.07690430,60.480579105,60.263954813
0.07695923,60.024438337,59.784921884
0.07701416,59.519369123,59.253816389
0.07706909,58.958550693,58.663285030
0.07712402,58.334017809,58.004750631
0.07717896,57.636438040,57.268125502
0.07723389,56.854851367,56.441577300
0.07728882,55.976349490,55.511121765
0.07734375,54.985696817,54.460271977
0.07739868,53.864871679,53.269471520
0.07745361,52.592521676,51.915572011
0.07750854,51.143319505,50.371067232
0.07756348,49.487201295,48.603335663
0.07761841,47.588495290,46.573655321
0.07767334,45.404912981,44.236171178
0.07772827,42.886441773,41.536713082
0.07778320,39.974142638,38.411573151
0.07783813,36.598906125,34.786240387
0.07789307,32.680259848,30.574281046
0.07794800,28.125321051,25.676363406
0.07800293,22.828052474,19.979744722
0.07805786,16.668991634,13.358242843
0.07811279,9.515623807,5.673010558
0.07816772,1.223538206,-3.225926386
0.07822266,-8.361547822,-13.497158921
0.07827759,-9.110464449,-11.948111538
0.07833252,-9.110464449,-11.678352218
0.07838745,-9.110464449,-11.051605248
0.07844238,-9.110464449,-11.037394137
0.07849731,-9.110464449,-10.992926669
0.07855225,-9.110464449,-10.569176692
0.07860718,-9.110464449,-10.783342059
0.07866211,-9.110464449,-10.332185789
0.07871704,-9.110464449,-10.658846767
0.07877197,-9.110464449,-10.164469757
0.07882690,-9.110464449,-10.553131047
0.07888184,-9.110464449,-10.045699234
0.07893677,-9.110464449,-10.468580573
0.07899170,-9.110464449,-9.955227339
0.07904663,-9.110464449,-10.397601954
0.07910156,-9.110464449,-9.884147571
0.07915649,-9.110464449,-10.337189620
0.07921143,-9.110464449,-9.826598414
0.07926636,-9.110464449,-10.284867766
0.07932129,-9.110464449,-9.778971421
0.07937622,-9.110464449,-10.238834444
0.07943115,-9.110464449,-9.738901331
0.07948608,-9.110464449,-10.197879290
0.07954102,-9.110464449,-9.704710402
0.07959595,-9.110464449,-10.161119249
0.07965088,-9.110464449,-9.675174053
0.07970581,-9.110464449,-10.127883505
0.07976074,-9.110464449,-9.649381242
0.07981567,-9.110464449,-10.097642679
0.07987061,-9.110464449,-9.626644591
0.07992554,-9.110464449,-10.069974299
0.07998047,-9.110464449,-9.606435082
0.08003540,-9.110464449,-10.044534707
0.08009033,-9.110464449,-9.588339769
0.08014526,-9.110464449,-10.021041453
0.08020020,-9.110464449,-9.572031603
0.08025513,-9.110464449,-9.999259642
0.08031006,-9.110464449,-9.557248388
0.08036499,-9.110464449,-9.978992288
0.08041992,-9.110464449,-9.543777306
0.08047485,-9.110464449,-9.960072724
0.08052979,-9.110464449,-9.531443797
0.08058472,-9.110464449,-9.942358762
0.08063965,-9.110464449,-9.520103372
0.08069458,-9.110464449,-9.925728340
0.08074951,-9.110464449,-9.509635352
0.08080444,-9.110464449,-9.910076048
0.08085937,-9.110464449,-9.499938113
0.08091431,-9.110464449,-9.895310319
0.08096924,-9.110464449,-9.490925442
0.08102417,-9.110464449,-9.881351154
0.08107910,-9.110464449,-9.482523715
0.08113403,-9.110464449,-9.868128312
0.08118896,-9.110464449,-9.474669678
0.08124390,-9.110464449,-9.855579830
0.08129883,-9.110464449,-9.467308664
0.08135376,-9.110464449,-9.843650814
0.08140869,-9.110464449,-9.460393177
0.08146362,-9.110464449,-9.832292426
0.08151855,-9.110464449,-9.453881740
0.08157349,-9.110464449,-9.821461050
0.08162842,-9.110464449,-9.447737970
0.08168335,-9.110464449,-9.811117588
0.08173828,-9.110464449,-9.441929812
0.08179321,-9.110464449,-9.801226872
0.08184814,-9.110464449,-9.436428917
0.08190308,-9.110464449,-9.791757176
0.08195801,-9.110464449,-9.431210113
0.08201294,-9.110464449,-9.782679792
0.08206787,-9.110464449,-9.426250969
0.08212280,-9.110464449,-9.773968674
0.08217773,-9.110464449,-9.421531425
0.08223267,-9.110464449,-9.765600129
0.08228760,-9.110464449,-9.417033489
0.08234253,-9.110464449,-9.757552546
0.08239746,-9.110464449,-9.412740967
0.08245239,-9.110464449,-9.749806173
0.08250732,-9.110464449,-9.408639251
0.08256226,-9.110464449,-9.742342909
0.08261719,-9.110464449,-9.404715119
0.08267212,-9.110464449,-9.735146140
0.08272705,-9.110464449,-9.400956577
0.08278198,-9.110464449,-9.728200578
0.08283691,-9.110464449,-9.397352720
0.08289185,-9.110464449,-9.721492134
0.08294678,-9.110464449,-9.393893602
0.08300171,-9.110464449,-9.715007796
0.08305664,-9.110464449,-9.390570137
0.08311157,-9.110464449,-9.708735530
0.08316650,-9.110464449,-9.387374008
0.08322144,-9.110464449,-9.702664181
0.08327637,-9.110464449,-9.384297580
0.08333130,-9.110464449,-9.696783397
0.08338623,-9.110464449,-9.381333838
0.08344116,-9.110464449,-9.691083555
0.08349609,-9.110464449,-9.378476320
0.08355103,-9.110464449,-9.685555696
0.08360596,-9.110464449,-9.375719062
0.08366089,-9.110464449,-9.680191469
0.08371582,-9.110464449,-9.373056555
0.08377075,-9.110464449,-9.674983077
0.08382568,-9.110464449,-9.370483698
0.08388062,-9.110464449,-9.669923232
0.08393555,-9.110464449,-9.367995760
0.08399048,-9.110464449,-9.665005112
0.08404541,-9.110464449,-9.365588347
0.08410034,-9.110464449,-9.660222325
0.08415527,-9.110464449,-9.363257376
0.08421021,-9.110464449,-9.655568873
0.08426514,-9.110464449,-9.360999040
0.08432007,-9.110464449,-9.651039123
0.08437500,-9.110464449,-9.358809793
0.08442993,-9.110464449,-9.646627779
0.08448486,-9.110464449,-9.356686320
0.08453979,-9.110464449,-9.642329853
0.08459473,-9.110464449,-9.354625525
0.08464966,-9.110464449,-9.638140648
0.08470459,-9.110464449,-9.352624508
0.08475952,-9.110464449,-9.634055733
0.08481445,-9.110464449,-9.350680551
0.08486938,-9.110464449,-9.630070924
0.08492432,-9.110464449,-9.348791105
0.08497925,-9.110464449,-9.626182269
0.08503418,-9.110464449,-9.346953775
0.08508911,-9.110464449,-9.622386028
0.08514404,-9.110464449,-9.345166309
0.08519897,-9.110464449,-9.618678664
0.08525391,-9.110464449,-9.343426587
0.08530884,-9.110464449,-9.615056822
0.08536377,-9.110464449,-9.341732612
0.08541870,-9.110464449,-9.611517323
0.08547363,-9.110464449,-9.340082501
0.08552856,-9.110464449,-9.608057151
0.08558350,-9.110464449,-9.338474477
0.08563843,-9.110464449,-9.604673440
0.08569336,-9.110464449,-9.336906859
0.08574829,-9.110464449,-9.601363467
0.08580322,-9.110464449,-9.335378059
0.08585815,-9.110464449,-9.598124644
0.08591309,-9.110464449,-9.333886575
0.08596802,-9.110464449,-9.594954505
0.08602295,-9.110464449,-9.332430982
0.08607788,-9.110464449,-9.591850704
0.08613281,-9.110464449,-9.331009930
0.08618774,-9.110464449,-9.588811003
0.08624268,-9.110464449,-9.329622139
0.08629761,-9.110464449,-9.585833270
0.08635254,-9.110464449,-9.328266394
0.08640747,-9.110464449,-9.582915470
0.08646240,-9.110464449,-9.326941538
0.08651733,-9.110464449,-9.580055658
0.08657227,-9.110464449,-9.325646474
0.08662720,-9.110464449,-9.577251979
0.08668213,-9.110464449,-9.324380156
0.08673706,-9.110464449,-9.574502656
0.08679199,-9.110464449,-9.323141589
0.08684692,-9.110464449,-9.571805994
0.08690186,-9.110464449,-9.321929826
0.08695679,-9.110464449,-9.569160367
0.08701172,-9.110464449,-9.320743963
0.08706665,-9.110464449,-9.566564219
0.08712158,-9.110464449,-9.319583138
0.08717651,-9.110464449,-9.564016060
0.08723145,-9.110464449,-9.318446527
0.08728638,-9.110464449,-9.561514462
0.08734131,-9.110464449,-9.317333345
0.08739624,-9.110464449,-9.559058054
0.08745117,-9.110464449,-9.316242842
0.08750610,-9.110464449,-9.556645523
0.08756104,-9.110464449,-9.315174297
0.08761597,-9.110464449,-9.554275607
0.08767090,-9.110464449,-9.314127026
0.08772583,-9.110464449,-9.551947094
0.08778076,-9.110464449,-9.313100369
0.08783569,-9.110464449,-9.549658819
0.08789062,-9.110464449,-9.312093698
0.08794556,-9.110464449,-9.547409665
0.08800049,-9.110464449,-9.311106407
0.08805542,-9.110464449,-9.545198553
0.08811035,-9.110464449,-9.310137920
0.08816528,-9.110464449,-9.543024450
0.08822021,-9.110464449,-9.309187680
0.08827515,-9.110464449,-9.540886358
0.08833008,-9.110464449,-9.308255156
0.08838501,-9.110464449,-9.538783318
0.08843994,-9.110464449,-9.307339835
0.08849487,-9.110464449,-9.536714406
0.08854980,-9.110464449,-9.306441227
0.08860474,-9.110464449,-9.534678730
0.08865967,-9.110464449,-9.305558861
0.08871460,-9.110464449,-9.532675433
0.08876953,-9.110464449,-9.304692281
0.08882446,-9.110464449,-9.530703687
0.08887939,-9.110464449,-9.303841052
0.08893433,-9.110464449,-9.528762691
0.08898926,-9.110464449,-9.303004754
0.08904419,-9.110464449,-9.526851677
0.08909912,-9.110464449,-9.302182983
0.08915405,-9.110464449,-9.524969898
0.08920898,-9.110464449,-9.301375349
0.08926392,-9.110464449,-9.523116637
0.08931885,-9.110464449,-9.300581478
0.08937378,-9.110464449,-9.521291200
0.08942871,-9.110464449,-9.299801008
0.08948364,-9.110464449,-9.519492914
0.08953857,-9.110464449,-9.299033592
0.08959351,-9.110464449,-9.517721132
0.08964844,-9.110464449,-9.298278893
0.08970337,-9.110464449,-9.515975226
0.08975830,-9.110464449,-9.297536587
0.08981323,-9.110464449,-9.514254589
0.08986816,-9.110464449,-9.296806361
0.08992310,-9.110464449,-9.512558634
0.08997803,-9.110464449,-9.296087913
0.09003296,-9.110464449,-9.510886792
0.09008789,-9.110464449,-9.295380953
0.09014282,-9.110464449,-9.509238514
0.09019775,-9.110464449,-9.294685197
0.09025269,-9.110464449,-9.507613267
0.09030762,-9.110464449,-9.294000374
0.09036255,-9.110464449,-9.506010533
0.09041748,-9.110464449,-9.293326221
0.09047241,-9.110464449,-9.504429814
0.09052734,-9.110464449,-9.292662482
0.09058228,-9.110464449,-9.502870623
0.09063721,-9.110464449,-9.292008913
0.09069214,-9.110464449,-9.501332491
0.09074707,-9.110464449,-9.291365273
0.09080200,-9.110464449,-9.499814961
0.09085693,-9.110464449,-9.290731334
0.09091187,-9.110464449,-9.498317591
0.09096680,-9.110464449,-9.290106871
0.09102173,-9.110464449,-9.496839952
0.09107666,-9.110464449,-9.289491669
0.09113159,-9.110464449,-9.495381628
0.09118652,-9.110464449,-9.288885517
0.09124146,-9.110464449,-9.493942212
0.09129639,-9.110464449,-9.288288214
0.09135132,-9.110464449,-9.492521314
0.09140625,-9.110464449,-9.287699561
0.09146118,-9.110464449,-9.491118551
0.09151611,-9.110464449,-9.287119369
0.09157104,-9.110464449,-9.489733552
0.09162598,-9.110464449,-9.286547452
0.09168091,-9.110464449,-9.488365957
0.09173584,-9.110464449,-9.285983632
0.09179077,-9.110464449,-9.487015417
0.09184570,-9.110464449,-9.285427733
0.09190063,-9.110464449,-9.485681590
0.09195557,-9.110464449,-9.284879587
0.09201050,-9.110464449,-9.484364146
0.09206543,-9.110464449,-9.284339029
0.09212036,-9.110464449,-9.483062762
0.09217529,-9.110464449,-9.283805902
0.09223022,-9.110464449,-9.481777125
0.09228516,-9.110464449,-9.283280049
0.09234009,-9.110464449,-9.480506931
0.09239502,-9.110464449,-9.282761320
0.09244995,-9.110464449,-9.479251883
0.09250488,-9.110464449,-9.282249571
0.09255981,-9.110464449,-9.478011692
0.09261475,-9.110464449,-9.281744657
0.09266968,-9.110464449,-9.476786077
0.09272461,-9.110464449,-9.281246443
0.09277954,-9.110464449,-9.475574763
0.09283447,-9.110464449,-9.280754792
0.09288940,-9.110464449,-9.474377485
0.09294434,-9.110464449,-9.280269576
0.09299927,-9.110464449,-9.473193982
0.09305420,-9.110464449,-9.279790666
0.09310913,-9.110464449,-9.472024002
0.09316406,-9.110464449,-9.279317940
0.09321899,-9.110464449,-9.470867297
0.09327393,-9.110464449,-9.278851278
0.09332886,-9.110464449,-9.469723626
0.09338379,-9.110464449,-9.278390561
0.09343872,-9.110464449,-9.468592756
0.09349365,-9.110464449,-9.277935677
0.09354858,-9.110464449,-9.467474457
0.09360352,-9.110464449,-9.277486515
0.09365845,-9.110464449,-9.466368506
0.09371338,-9.110464449,-9.277042966
0.09376831,-9.110464449,-9.465274687
0.09382324,-9.110464449,-9.276604925
0.09387817,-9.110464449,-9.464192786
0.09393311,-9.110464449,-9.276172290
0.09398804,-9.110464449,-9.463122596
0.09404297,-9.110464449,-9.275744961
0.09409790,-9.110464449,-9.462063915
0.09415283,-9.110464449,-9.275322840
0.09420776,-9.110464449,-9.461016546
0.09426270,-9.110464449,-9.274905833
0.09431763,-9.110464449,-9.459980296
0.09437256,-9.110464449,-9.274493846
0.09442749,-9.110464449,-9.458954976
0.09448242,-9.110464449,-9.274086791
0.09453735,-9.110464449,-9.457940404
0.09459229,-9.110464449,-9.273684578
0.09464722,-9.110464449,-9.456936400
0.09470215,-9.110464449,-9.273287121
0.09475708,-9.110464449,-9.455942787
0.09481201,-9.110464449,-9.272894338
0.09486694,-9.110464449,-9.454959395
0.09492188,-9.110464449,-9.272506146
0.09497681,-9.110464449,-9.453986057
0.09503174,-9.110464449,-9.272122464
0.09508667,-9.110464449,-9.453022609
0.09514160,-9.110464449,-9.271743217
0.09519653,-9.110464449,-9.452068890
0.09525146,-9.110464449,-9.271368326
0.09530640,-9.110464449,-9.451124745
0.09536133,-9.110464449,-9.270997719
0.09541626,-9.110464449,-9.450190020
0.09547119,-9.110464449,-9.270631322
0.09552612,-9.110464449,-9.449264566
0.09558105,-9.110464449,-9.270269065
0.09563599,-9.110464449,-9.448348237
0.09569092,-9.110464449,-9.269910877
0.09574585,-9.110464449,-9.447440889
0.09580078,-9.110464449,-9.269556693
0.09585571,-9.110464449,-9.446542382
0.09591064,-9.110464449,-9.269206445
0.09596558,-9.110464449,-9.445652581
0.09602051,-9.110464449,-9.268860069
0.09607544,-9.110464449,-9.444771349
0.09613037,-9.110464449,-9.268517501
0.09618530,-9.110464449,-9.443898558
0.09624023,-9.110464449,-9.268178681
0.09629517,-9.110464449,-9.443034077
0.09635010,-9.110464449,-9.267843547
0.09640503,-9.110464449,-9.442177781
0.09645996,-9.110464449,-9.267512040
0.09651489,-9.110464449,-9.441329547
0.09656982,-9.110464449,-9.267184104
0.09662476,-9.110464449,-9.440489255
0.09667969,-9.110464449,-9.266859680
0.09673462,-9.110464449,-9.439656787
0.09678955,-9.110464449,-9.266538714
0.09684448,-9.110464449,-9.438832026
0.09689941,-9.110464449,-9.266221153
0.09695435,-9.110464449,-9.438014860
0.09700928,-9.110464449,-9.265906942
0.09706421,-9.110464449,-9.437205178
0.09711914,-9.110464449,-9.265596030
0.09717407,-9.110464449,-9.436402871
0.09722900,-9.110464449,-9.265288366
0.09728394,-9.110464449,-9.435607832
0.09733887,-9.110464449,-9.264983901
0.09739380,-9.110464449,-9.434819957
0.09744873,-9.110464449,-9.264682587
0.09750366,-9.110464449,-9.434039144
0.09755859,-9.110464449,-9.264384374
0.09761353,-9.110464449,-9.433265292
0.09766846,-9.110464449,-9.264089218
0.09772339,-9.110464449,-9.432498304
0.09777832,-9.110464449,-9.263797072
0.09783325,-9.110464449,-9.431738081
0.09788818,-9.110464449,-9.263507891
0.09794312,-9.110464449,-9.430984531
0.09799805,-9.110464449,-9.263221632
0.09805298,-9.110464449,-9.430237560
0.09810791,-9.110464449,-9.262938252
0.09816284,-9.110464449,-9.429497077
0.09821777,-9.110464449,-9.262657708
0.09827271,-9.110464449,-9.428762993
0.09832764,-9.110464449,-9.262379960
0.09838257,-9.110464449,-9.428035221
0.09843750,-9.110464449,-9.262104967
0.09849243,-9.110464449,-9.427313674
0.09854736,-9.110464449,-9.261832689
0.09860229,-9.110464449,-9.426598269
0.09865723,-9.110464449,-9.261563088
0.09871216,-9.110464449,-9.425888922
0.09876709,-9.110464449,-9.261296126
0.09882202,-9.110464449,-9.425185553
0.09887695,-9.110464449,-9.261031764
0.09893188,-9.110464449,-9.424488081
0.09898682,-9.110464449,-9.260769968
0.09904175,-9.110464449,-9.423796429
0.09909668,-9.110464449,-9.260510699
0.09915161,-9.110464449,-9.423110521
0.09920654,-9.110464449,-9.260253925
0.09926147,-9.110464449,-9.422430279
0.09931641,-9.110464449,-9.259999609
0.09937134,-9.110464449,-9.421755632
0.09942627,-9.110464449,-9.259747718
0.09948120,-9.110464449,-9.421086505
0.09953613,-9.110464449,-9.259498219
0.09959106,-9.110464449,-9.420422828
0.09964600,-9.110464449,-9.259251078
0.09970093,-9.110464449,-9.419764530
0.09975586,-9.110464449,-9.259006265
0.09981079,-9.110464449,-9.419111543
0.09986572,-9.110464449,-9.258763748
0.09992065,-9.110464449,-9.418463799
0.09997559,-9.110464449,-9.258523495
0.10003052,-9.110464449,-9.417821232
0.10008545,-9.110464449,-9.258285477
0.10014038,-9.110464449,-9.417183775
0.10019531,-9.110464449,-9.258049663
0.10025024,-9.110464449,-9.416551366
0.10030518,-9.110464449,-9.257816026
0.10036011,-9.110464449,-9.415923941
0.10041504,-9.110464449,-9.257584534
0.10046997,-9.110464449,-9.415301439
0.10052490,-9.110464449,-9.257355162
0.10057983,-9.110464449,-9.414683797
0.10063477,-9.110464449,-9.257127881
0.10068970,-9.110464449,-9.414070957
0.10074463,-9.110464449,-9.256902663
0.10079956,-9.110464449,-9.413462860
0.10085449,-9.110464449,-9.256679483
0.10090942,-9.110464449,-9.412859448
0.10096436,-9.110464449,-9.256458314
0.10101929,-9.110464449,-9.412260663
0.10107422,-9.110464449,-9.256239130
0.10112915,-9.110464449,-9.411666451
0.10118408,-9.110464449,-9.256021907
0.10123901,-9.110464449,-9.411076756
0.10129395,-9.110464449,-9.255806618
0.10134888,-9.110464449,-9.410491524
0.10140381,-9.110464449,-9.255593240
0.10145874,-9.110464449,-9.409910702
0.10151367,-9.110464449,-9.255381749
0.10156860,-9.110464449,-9.409334237
0.10162354,-9.110464449,-9.255172121
0.10167847,-9.110464449,-9.408762079
0.10173340,-9.110464449,-9.254964333
0.10178833,-9.110464449,-9.408194176
0.10184326,-9.110464449,-9.254758362
0.10189819,-9.110464449,-9.407630479
0.10195313,-9.110464449,-9.254554185
0.10200806,-9.110464449,-9.407070939
0.10206299,-9.110464449,-9.254351782
0.10211792,-9.110464449,-9.406515507
0.10217285,-9.110464449,-9.254151129
0.10222778,-9.110464449,-9.405964137
0.10228271,-9.110464449,-9.253952206
0.10233765,-9.110464449,-9.405416781
0.10239258,-9.110464449,-9.253754992
0.10244751,-9.110464449,-9.404873395
0.10250244,-9.110464449,-9.253559466
0.10255737,-9.110464449,-9.404333931
0.10261230,-9.110464449,-9.253365608
0.10266724,-9.110464449,-9.403798347
0.10272217,-9.110464449,-9.253173398
0.10277710,-9.110464449,-9.403266597
0.10283203,-9.110464449,-9.252982816
0.10288696,-9.110464449,-9.402738640
0.10294189,-9.110464449,-9.252793843
0.10299683,-9.110464449,-9.402214433
0.10305176,-9.110464449,-9.252606460
0.10310669,-9.110464449,-9.401693933
0.10316162,-9.110464449,-9.252420649
0.10321655,-9.110464449,-9.401177100
0.10327148,-9.110464449,-9.252236390
0.10332642,-9.110464449,-9.400663893
0.10338135,-9.110464449,-9.252053667
0.10343628,-9.110464449,-9.400154273
0.10349121,-9.110464449,-9.251872460
0.10354614,-9.110464449,-9.399648200
0.10360107,-9.110464449,-9.251692753
0.10365601,-9.110464449,-9.399145635
0.10371094,-9.110464449,-9.251514529
0.10376587,-9.110464449,-9.398646540
0.10382080,-9.110464449,-9.251337770
0.10387573,-9.110464449,-9.398150878
0.10393066,-9.110464449,-9.251162459
0.10398560,-9.110464449,-9.397658612
0.10404053,-9.110464449,-9.250988581
0.10409546,-9.110464449,-9.397169705
0.10415039,-9.110464449,-9.250816118
0.10420532,-9.110464449,-9.396684121
0.10426025,-9.110464449,-9.250645056
0.10431519,-9.110464449,-9.396201826
0.10437012,-9.110464449,-9.250475378
0.10442505,-9.110464449,-9.395722784
0.10447998,-9.110464449,-9.250307068
0.10453491,-9.110464449,-9.395246960
0.10458984,-9.110464449,-9.250140113
0.10464478,-9.110464449,-9.394774322
0.10469971,-9.110464449,-9.249974496
0.10475464,-9.110464449,-9.394304835
0.10480957,-9.110464449,-9.249810203
0.10486450,-9.110464449,-9.393838467
0.10491943,-9.110464449,-9.249647219
0.10497437,-9.110464449,-9.393375186
0.10502930,-9.110464449,-9.249485530
0.10508423,-9.110464449,-9.392914959
0.10513916,-9.110464449,-9.249325122
0.10519409,-9.110464449,-9.392457755
0.10524902,-9.110464449,-9.249165981
0.10530396,-9.110464449,-9.392003543
0.10535889,-9.110464449,-9.249008094
0.10541382,-9.110464449,-9.391552293
0.10546875,-9.110464449,-9.248851445
0.10552368,-9.110464449,-9.391103974
0.10557861,-9.110464449,-9.248696024
0.10563354,-9.110464449,-9.390658557
0.10568848,-9.110464449,-9.248541815
0.10574341,-9.110464449,-9.390216011
0.10579834,-9.110464449,-9.248388807
0.10585327,-9.110464449,-9.389776310
0.10590820,-9.110464449,-9.248236987
0.10596313,-9.110464449,-9.389339423
0.10601807,-9.110464449,-9.248086342
0.10607300,-9.110464449,-9.388905323
0.10612793,-9.110464449,-9.247936859
0.10618286,-9.110464449,-9.388473981
0.10623779,-9.110464449,-9.247788527
0.10629272,-9.110464449,-9.388045372
0.10634766,-9.110464449,-9.247641333
0.10640259,-9.110464449,-9.387619467
0.10645752,-9.110464449,-9.247495266
0.10651245,-9.110464449,-9.387196240
0.10656738,-9.110464449,-9.247350314
0.10662231,-9.110464449,-9.386775666
0.10667725,-9.110464449,-9.247206465
0.10673218,-9.110464449,-9.386357717
0.10678711,-9.110464449,-9.247063708
0.10684204,-9.110464449,-9.385942368
0.10689697,-9.110464449,-9.246922032
0.10695190,-9.110464449,-9.385529595
0.10700684,-9.110464449,-9.246781426
0.10706177,-9.110464449,-9.385119373
0.10711670,-9.110464449,-9.246641879
0.10717163,-9.110464449,-9.384711676
0.10722656,-9.110464449,-9.246503380
0.10728149,-9.110464449,-9.384306481
0.10733643,-9.110464449,-9.246365919
0.10739136,-9.110464449,-9.383903763
0.10744629,-9.110464449,-9.246229484
0.10750122,-9.110464449,-9.383503500
0.10755615,-9.110464449,-9.246094067
0.10761108,-9.110464449,-9.383105668
0.10766602,-9.110464449,-9.245959656
0.10772095,-9.110464449,-9.382710244
0.10777588,-9.110464449,-9.245826242
0.10783081,-9.110464449,-9.382317205
0.10788574,-9.110464449,-9.245693814
0.10794067,-9.110464449,-9.381926529
0.10799561,-9.110464449,-9.245562364
0.10805054,-9.110464449,-9.381538194
0.10810547,-9.110464449,-9.245431880
0.10816040,-9.110464449,-9.381152179
0.10821533,-9.110464449,-9.245302355
0.10827026,-9.110464449,-9.380768460
0.10832520,-9.110464449,-9.245173778
0.10838013,-9.110464449,-9.380387019
0.10843506,-9.110464449,-9.245046140
0.10848999,-9.110464449,-9.380007832
0.10854492,-9.110464449,-9.244919432
0.10859985,-9.110464449,-9.379630881
0.10865479,-9.110464449,-9.244793645
0.10870972,-9.110464449,-9.379256143
0.10876465,-9.110464449,-9.244668771
0.10881958,-9.110464449,-9.378883600
0.10887451,-9.110464449,-9.244544799
0.10892944,-9.110464449,-9.378513231
0.10898438,-9.110464449,-9.244421723
0.10903931,-9.110464449,-9.378145017
0.10909424,-9.110464449,-9.244299532
0.10914917,-9.110464449,-9.377778937
0.10920410,-9.110464449,-9.244178220
0.10925903,-9.110464449,-9.377414974
0.10931396,-9.110464449,-9.244057776
0.10936890,-9.110464449,-9.377053107
0.10942383,-9.110464449,-9.243938194
0.10947876,-9.110464449,-9.376693319
0.10953369,-9.110464449,-9.243819465
0.10958862,-9.110464449,-9.376335590
0.10964355,-9.110464449,-9.243701581
0.10969849,-9.110464449,-9.375979903
0.10975342,-9.110464449,-9.243584534
0.10980835,-9.110464449,-9.375626239
0.10986328,-9.110464449,-9.243468316
0.10991821,-9.110464449,-9.375274581
0.10997314,-9.110464449,-9.243352920
0.11002808,-9.110464449,-9.374924911
0.11008301,-9.110464449,-9.243238338
0.11013794,-9.110464449,-9.374577211
0.11019287,-9.110464449,-9.243124562
0.11024780,-9.110464449,-9.374231465
0.11030273,-9.110464449,-9.243011586
0.11035767,-9.110464449,-9.373887655
0.11041260,-9.110464449,-9.242899401
0.11046753,-9.110464449,-9.373545765
0.11052246,-9.110464449,-9.242788000
0.11057739,-9.110464449,-9.373205778
0.11063232,-9.110464449,-9.242677377
0.11068726,-9.110464449,-9.372867678
0.11074219,-9.110464449,-9.242567524
0.11079712,-9.110464449,-9.372531449
0.11085205,-9.110464449,-9.242458435
0.11090698,-9.110464449,-9.372197074
0.11096191,-9.110464449,-9.242350101
0.11101685,-9.110464449,-9.371864538
0.11107178,-9.110464449,-9.242242517
0.11112671,-9.110464449,-9.371533824
0.11118164,-9.110464449,-9.242135676
0.11123657,-9.110464449,-9.371204919
0.11129150,-9.110464449,-9.242029571
0.11134644,-9.110464449,-9.370877806
0.11140137,-9.110464449,-9.241924196
0.11145630,-9.110464449,-9.370552471
0.11151123,-9.110464449,-9.241819544
0.11156616,-9.110464449,-9.370228898
0.11162109,-9.110464449,-9.241715609
0.11167603,-9.110464449,-9.369907073
0.11173096,-9.110464449,-9.241612384
0.11178589,-9.110464449,-9.369586981
0.11184082,-9.110464449,-9.241509863
0.11189575,-9.110464449,-9.369268608
0.11195068,-9.110464449,-9.241408040
0.11200562,-9.110464449,-9.368951939
0.11206055,-9.110464449,-9.241306908
0.11211548,-9.110464449,-9.368636961
0.11217041,-9.110464449,-9.241206463
0.11222534,-9.110464449,-9.368323659
0.11228027,-9.110464449,-9.241106697
0.11233521,-9.110464449,-9.368012021
0.11239014,-9.110464449,-9.241007606
0.11244507,-9.110464449,-9.367702032
0.11250000,-9.110464449,-9.240909182
0.11255493,-9.110464449,-9.367393678
0.11260986,-9.110464449,-9.240811421
0.11266479,-9.110464449,-9.367086947
0.11271973,-9.110464449,-9.240714316
0.11277466,-9.110464449,-9.366781826
0.11282959,-9.110464449,-9.240617862
0.11288452,-9.110464449,-9.366478300
0.11293945,-9.110464449,-9.240522054
0.11299438,-9.110464449,-9.366176359
0.11304932,-9.110464449,-9.240426886
0.11310425,-9.110464449,-9.365875988
0.11315918,-9.110464449,-9.240332352
0.11321411,-9.110464449,-9.365577176
0.11326904,-9.110464449,-9.240238447
0.11332397,-9.110464449,-9.365279909
0.11337891,-9.110464449,-9.240145166
0.11343384,-9.110464449,-9.364984176
0.11348877,-9.110464449,-9.240052504
0.11354370,-9.110464449,-9.364689964
0.11359863,-9.110464449,-9.239960455
0.11365356,-9.110464449,-9.364397262
0.11370850,-9.110464449,-9.239869014
0.11376343,-9.110464449,-9.364106057
0.11381836,-9.110464449,-9.239778177
0.11387329,-9.110464449,-9.363816338
0.11392822,-9.110464449,-9.239687938
0.11398315,-9.110464449,-9.363528092
0.11403809,-9.110464449,-9.239598291
0.11409302,-9.110464449,-9.363241310
0.11414795,-9.110464449,-9.239509234
0.11420288,-9.110464449,-9.362955978
0.11425781,-9.110464449,-9.239420759
0.11431274,-9.110464449,-9.362672086
0.11436768,-9.110464449,-9.239332864
0.11442261,-9.110464449,-9.362389624
0.11447754,-9.110464449,-9.239245542
0.11453247,-9.110464449,-9.362108578
0.11458740,-9.110464449,-9.239158789
0.11464233,-9.110464449,-9.361828940
0.11469727,-9.110464449,-9.239072601
0.11475220,-9.110464449,-9.361550697
0.11480713,-9.110464449,-9.238986973
0.11486206,-9.110464449,-9.361273840
0.11491699,-9.110464449,-9.238901900
0.11497192,-9.110464449,-9.360998358
0.11502686,-9.110464449,-9.238817378
0.11508179,-9.110464449,-9.360724239
0.11513672,-9.110464449,-9.238733403
0.11519165,-9.110464449,-9.360451475
0.11524658,-9.110464449,-9.238649970
0.11530151,-9.110464449,-9.360180055
0.11535645,-9.110464449,-9.238567075
0.11541138,-9.110464449,-9.359909967
0.11546631,-9.110464449,-9.238484713
0.11552124,-9.110464449,-9.359641204
0.11557617,-9.110464449,-9.238402880
0.11563110,-9.110464449,-9.359373754
0.11568604,-9.110464449,-9.238321572
0.11574097,-9.110464449,-9.359107608
0.11579590,-9.110464449,-9.238240786
0.11585083,-9.110464449,-9.358842755
0.11590576,-9.110464449,-9.238160515
0.11596069,-9.110464449,-9.358579187
0.11601562,-9.110464449,-9.238080758
0.11607056,-9.110464449,-9.358316894
0.11612549,-9.110464449,-9.238001509
0.11618042,-9.110464449,-9.358055867
0.11623535,-9.110464449,-9.237922765
0.11629028,-9.110464449,-9.357796095
0.11634521,-9.110464449,-9.237844521
0.11640015,-9.110464449,-9.357537571
0.11645508,-9.110464449,-9.237766774
0.11651001,-9.110464449,-9.357280284
0.11656494,-9.110464449,-9.237689520
0.11661987,-9.110464449,-9.357024225
0.11667480,-9.110464449,-9.237612755
0.11672974,-9.110464449,-9.356769387
0.11678467,-9.110464449,-9.237536475
0.11683960,-9.110464449,-9.356515759
0.11689453,-9.110464449,-9.237460677
0.11694946,-9.110464449,-9.356263333
0.11700439,-9.110464449,-9.237385357
0.11705933,-9.110464449,-9.356012101
0.11711426,-9.110464449,-9.237310510
0.11716919,-9.110464449,-9.355762053
0.11722412,-9.110464449,-9.237236135
0.11727905,-9.110464449,-9.355513181
0.11733398,-9.110464449,-9.237162226
0.11738892,-9.110464449,-9.355265477
0.11744385,-9.110464449,-9.237088780
0.11749878,-9.110464449,-9.355018932
0.11755371,-9.110464449,-9.237015795
0.11760864,-9.110464449,-9.354773539
0.11766357,-9.110464449,-9.236943265
0.11771851,-9.110464449,-9.354529288
0.11777344,-9.110464449,-9.236871189
0.11782837,-9.110464449,-9.354286172
0.11788330,-9.110464449,-9.236799562
0.11793823,-9.110464449,-9.354044183
0.11799316,-9.110464449,-9.236728380
0.11804810,-9.110464449,-9.353803312
0.11810303,-9.110464449,-9.236657642
0.11815796,-9.110464449,-9.353563552
0.11821289,-9.110464449,-9.236587343
0.11826782,-9.110464449,-9.353324895
0.11832275,-9.110464449,-9.236517480
0.11837769,-9.110464449,-9.353087333
0.11843262,-9.110464449,-9.236448051
0.11848755,-9.110464449,-9.352850859
0.11854248,-9.110464449,-9.236379050
0.11859741,-9.110464449,-9.352615464
0.11865234,-9.110464449,-9.236310476
0.11870728,-9.110464449,-9.352381142
0.11876221,-9.110464449,-9.236242326
0.11881714,-9.110464449,-9.352147885
0.11887207,-9.110464449,-9.236174595
0.11892700,-9.110464449,-9.351915686
0.11898193,-9.110464449,-9.236107282
0.11903687,-9.110464449,-9.351684537
0.11909180,-9.110464449,-9.236040383
0.11914673,-9.110464449,-9.351454430
0.11920166,-9.110464449,-9.235973894
0.11925659,-9.110464449,-9.351225360
0.11931152,-9.110464449,-9.235907814
0.11936646,-9.110464449,-9.350997318
0.11942139,-9.110464449,-9.235842138
0.11947632,-9.110464449,-9.350770298
0.11953125,-9.110464449,-9.235776865
0.11958618,-9.110464449,-9.350544292
0.11964111,-9.110464449,-9.235711991
0.11969604,-9.110464449,-9.350319294
0.11975098,-9.110464449,-9.235647513
0.11980591,-9.110464449,-9.350095297
0.11986084,-9.110464449,-9.235583428
0.11991577,-9.110464449,-9.349872294
0.11997070,-9.110464449,-9.235519733
0.12002563,-9.110464449,-9.349650278
0.12008057,-9.110464449,-9.235456427
0.12013550,-9.110464449,-9.349429242
0.12019043,-9.110464449,-9.235393505
0.12024536,-9.110464449,-9.349209181
0.12030029,-9.110464449,-9.235330965
0.12035522,-9.110464449,-9.348990087
0.12041016,-9.110464449,-9.235268805
0.12046509,-9.110464449,-9.348771954
0.12052002,-9.110464449,-9.235207021
0.12057495,-9.110464449,-9.348554776
0.12062988,-9.110464449,-9.235145612
0.12068481,-9.110464449,-9.348338545
0.12073975,-9.110464449,-9.235084573
0.12079468,-9.110464449,-9.348123257
0.12084961,-9.110464449,-9.235023904
0.12090454,-9.110464449,-9.347908904
0.12095947,-9.110464449,-9.234963600
0.12101440,-9.110464449,-9.347695480
0.12106934,-9.110464449,-9.234903660
0.12112427,-9.110464449,-9.347482979
0.12117920,-9.110464449,-9.234844080
0.12123413,-9.110464449,-9.347271396
0.12128906,-9.110464449,-9.234784859
0.12134399,-9.110464449,-9.347060723
0.12139893,-9.110464449,-9.234725994
0.12145386,-9.110464449,-9.346850955
0.12150879,-9.110464449,-9.234667482
0.12156372,-9.110464449,-9.346642086
0.12161865,-9.110464449,-9.234609320
0.12167358,-9.110464449,-9.346434111
0.12172852,-9.110464449,-9.234551507
0.12178345,-9.110464449,-9.346227022
0.12183838,-9.110464449,-9.234494040
0.12189331,-9.110464449,-9.346020815
0.12194824,-9.110464449,-9.234436917
0.12200317,-9.110464449,-9.345815484
0.12205811,-9.110464449,-9.234380134
0.12211304,-9.110464449,-9.345611023
0.12216797,-9.110464449,-9.234323690
0.12222290,-9.110464449,-9.345407426
0.12227783,-9.110464449,-9.234267582
0.12233276,-9.110464449,-9.345204689
0.12238770,-9.110464449,-9.234211809
0.12244263,-9.110464449,-9.345002804
0.12249756,-9.110464449,-9.234156367
0.12255249,-9.110464449,-9.344801767
0.12260742,-9.110464449,-9.234101254
0.12266235,-9.110464449,-9.344601572
0.12271729,-9.110464449,-9.234046469
0.12277222,-9.110464449,-9.344402214
0.12282715,-9.110464449,-9.233992008
0.12288208,-9.110464449,-9.344203688
0.12293701,-9.110464449,-9.233937870
0.12299194,-9.110464449,-9.344005988
0.12304688,-9.110464449,-9.233884053
0.12310181,-9.110464449,-9.343809108
0.12315674,-9.110464449,-9.233830553
0.12321167,-9.110464449,-9.343613045
0.12326660,-9.110464449,-9.233777370
0.12332153,-9.110464449,-9.343417791
0.12337646,-9.110464449,-9.233724500
0.12343140,-9.110464449,-9.343223343
0.12348633,-9.110464449,-9.233671942
0.12354126,-9.110464449,-9.343029696
0.12359619,-9.110464449,-9.233619693
0.12365112,-9.110464449,-9.342836843
0.12370605,-9.110464449,-9.233567752
0.12376099,-9.110464449,-9.342644781
0.12381592,-9.110464449,-9.233516117
0.12387085,-9.110464449,-9.342453503
0.12392578,-9.110464449,-9.233464784
0.12398071,-9.110464449,-9.342263006
0.12403564,-9.110464449,-9.233413753
0.12409058,-9.110464449,-9.342073284
0.12414551,-9.110464449,-9.233363021
0.12420044,-9.110464449,-9.341884332
0.12425537,-9.110464449,-9.233312586
0.12431030,-9.110464449,-9.341696146
0.12436523,-9.110464449,-9.233262446
0.12442017,-9.110464449,-9.341508721
0.12447510,-9.110464449,-9.233212599
0.12453003,-9.110464449,-9.341322052
0.12458496,-9.110464449,-9.233163044
0.12463989,-9.110464449,-9.341136134
0.12469482,-9.110464449,-9.233113777
0.12474976,-9.110464449,-9.340950963
0.12480469,-9.110464449,-9.233064798
0.12485962,-9.110464449,-9.340766533
0.12491455,-9.110464449,-9.233016105
0.12496948,-9.110464449,-9.340582841
0.12502441,-9.110464449,-9.232967694
0.12507935,-9.110464449,-9.340399882
0.12513428,-9.110464449,-9.232919565
0.12518921,-9.110464449,-9.340217651
0.12524414,-9.110464449,-9.232871716
0.12529907,-9.110464449,-9.340036144
0.12535400,-9.110464449,-9.232824145
0.12540894,-9.110464449,-9.339855357
0.12546387,-9.110464449,-9.232776849
0.12551880,-9.110464449,-9.339675284
0.12557373,-9.110464449,-9.232729828
0.12562866,-9.110464449,-9.339495921
0.12568359,-9.110464449,-9.232683079
0.12573853,-9.110464449,-9.339317265
0.12579346,-9.110464449,-9.232636600
0.12584839,-9.110464449,-9.339139310
0.12590332,-9.110464449,-9.232590390
0.12595825,-9.110464449,-9.338962053
0.12601318,-9.110464449,-9.232544447
0.12606812,-9.110464449,-9.338785489
0.12612305,-9.110464449,-9.232498769
0.12617798,-9.110464449,-9.338609614
0.12623291,-9.110464449,-9.232453355
0.12628784,-9.110464449,-9.338434424
0.12634277,-9.110464449,-9.232408202
0.12639771,-9.110464449,-9.338259914
0.12645264,-9.110464449,-9.232363309
0.12650757,-9.110464449,-9.338086081
0.12656250,-9.110464449,-9.232318674
0.12661743,-9.110464449,-9.337912920
0.12667236,-9.110464449,-9.232274296
0.12672729,-9.110464449,-9.337740427
0.12678223,-9.110464449,-9.232230172
0.12683716,-9.110464449,-9.337568598
0.12689209,-9.110464449,-9.232186302
0.12694702,-9.110464449,-9.337397430
0.12700195,-9.110464449,-9.232142683
0.12705688,-9.110464449,-9.337226917
0.12711182,-9.110464449,-9.232099314
0.12716675,-9.110464449,-9.337057057
0.12722168,-9.110464449,-9.232056193
0.12727661,-9.110464449,-9.336887845
0.12733154,-9.110464449,-9.232013319
0.12738647,-9.110464449,-9.336719277
0.12744141,-9.110464449,-9.231970690
0.12749634,-9.110464449,-9.336551349
0.12755127,-9.110464449,-9.231928304
0.12760620,-9.110464449,-9.336384058
0.12766113,-9.110464449,-9.231886159
0.12771606,-9.110464449,-9.336217399
0.12777100,-9.110464449,-9.231844255
0.12782593,-9.110464449,-9.336051370
0.12788086,-9.110464449,-9.231802590
0.12793579,-9.110464449,-9.335885965
0.12799072,-9.110464449,-9.231761161
0.12804565,-9.110464449,-9.335721181
0.12810059,-9.110464449,-9.231719968
0.12815552,-9.110464449,-9.335557015
0.12821045,-9.110464449,-9.231679009
0.12826538,-9.110464449,-9.335393463
0.12832031,-9.110464449,-9.231638283
0.12837524,-9.110464449,-9.335230521
0.12843018,-9.110464449,-9.231597787
0.12848511,-9.110464449,-9.335068185
0.12854004,-9.110464449,-9.231557520
0.12859497,-9.110464449,-9.334906452
0.12864990,-9.110464449,-9.231517482
0.12870483,-9.110464449,-9.334745318
0.12875977,-9.110464449,-9.231477669
0.12881470,-9.110464449,-9.334584779
0.12886963,-9.110464449,-9.231438082
0.12892456,-9.110464449,-9.334424833
0.12897949,-9.110464449,-9.231398718
0.12903442,-9.110464449,-9.334265475
0.12908936,-9.110464449,-9.231359576
0.12914429,-9.110464449,-9.334106701
0.12919922,-9.110464449,-9.231320654
0.12925415,-9.110464449,-9.333948509
0.12930908,-9.110464449,-9.231281951
0.12936401,-9.110464449,-9.333790894
0.12941895,-9.110464449,-9.231243465
0.12947388,-9.110464449,-9.333633854
0.12952881,-9.110464449,-9.231205196
0.12958374,-9.110464449,-9.333477384
0.12963867,-9.110464449,-9.231167141
0.12969360,-9.110464449,-9.333321482
0.12974854,-9.110464449,-9.231129299
0.12980347,-9.110464449,-9.333166143
0.12985840,-9.110464449,-9.231091669
0.12991333,-9.110464449,-9.333011365
0.12996826,-9.110464449,-9.231054249
0.13002319,-9.110464449,-9.332857144
0.13007813,-9.110464449,-9.231017038
0.13013306,-9.110464449,-9.332703477
0.13018799,-9.110464449,-9.230980034
0.13024292,-9.110464449,-9.332550359
0.13029785,-9.110464449,-9.230943236
0.13035278,-9.110464449,-9.332397789
0.13040771,-9.110464449,-9.230906643
0.13046265,-9.110464449,-9.332245762
0.13051758,-9.110464449,-9.230870253
0.13057251,-9.110464449,-9.332094276
0.13062744,-9.110464449,-9.230834064
0.13068237,-9.110464449,-9.331943326
0.13073730,-9.110464449,-9.230798076
0.13079224,-9.110464449,-9.331792909
0.13084717,-9.110464449,-9.230762286
0.13090210,-9.110464449,-9.331643023
0.13095703,-9.110464449,-9.230726693
0.13101196,-9.110464449,-9.331493664
0.13106689,-9.110464449,-9.230691297
0.13112183,-9.110464449,-9.331344828
0.13117676,-9.110464449,-9.230656095
0.13123169,-9.110464449,-9.331196513
0.13128662,-9.110464449,-9.230621085
0.13134155,-9.110464449,-9.331048715
0.13139648,-9.110464449,-9.230586268
0.13145142,-9.110464449,-9.330901430
0.13150635,-9.110464449,-9.230551640
0.13156128,-9.110464449,-9.330754656
0.13161621,-9.110464449,-9.230517201
0.13167114,-9.110464449,-9.330608389
0.13172607,-9.110464449,-9.230482949
0.13178101,-9.110464449,-9.330462626
0.13183594,-9.110464449,-9.230448882
0.13189087,-9.110464449,-9.330317363
0.13194580,-9.110464449,-9.230414999
0.13200073,-9.110464449,-9.330172598
0.13205566,-9.110464449,-9.230381299
0.13211060,-9.110464449,-9.330028326
0.13216553,-9.110464449,-9.230347780
0.13222046,-9.110464449,-9.329884545
0.13227539,-9.110464449,-9.230314440
0.13233032,-9.110464449,-9.329741251
0.13238525,-9.110464449,-9.230281277
0.13244019,-9.110464449,-9.329598440
0.13249512,-9.110464449,-9.230248291
0.13255005,-9.110464449,-9.329456110
0.13260498,-9.110464449,-9.230215478
0.13265991,-9.110464449,-9.329314257
0.13271484,-9.110464449,-9.230182838
0.13276978,-9.110464449,-9.329172878
0.13282471,-9.110464449,-9.230150369
0.13287964,-9.110464449,-9.329031968
0.13293457,-9.110464449,-9.230118069
0.13298950,-9.110464449,-9.328891524
0.13304443,-9.110464449,-9.230085935
0.13309937,-9.110464449,-9.328751543
0.13315430,-9.110464449,-9.230053967
0.13320923,-9.110464449,-9.328612020
0.13326416,-9.110464449,-9.230022161
0.13331909,-9.110464449,-9.328472953
0.13337402,-9.110464449,-9.229990515
0.13342896,-9.110464449,-9.328334336
0.13348389,-9.110464449,-9.229959028
0.13353882,-9.110464449,-9.328196166
0.13359375,-9.110464449,-9.229927696
0.13364868,-9.110464449,-9.328058439
0.13370361,-9.110464449,-9.229896517
0.13375854,-9.110464449,-9.327921150
0.13381348,-9.110464449,-9.229865488
0.13386841,-9.110464449,-9.327784293
0.13392334,-9.110464449,-9.229834606
0.13397827,-9.110464449,-9.327647865
0.13403320,-9.110464449,-9.229803866
0.13408813,-9.110464449,-9.327511859
0.13414307,-9.110464449,-9.229773264
0.13419800,-9.110464449,-9.327376267
0.13425293,-9.110464449,-9.229742793
0.13430786,-9.110464449,-9.327241080
0.13436279,-9.110464449,-9.229712440
0.13441772,-9.110464449,-9.327106277
0.13447266,-9.110464449,-9.229682178
0.13452759,-9.110464449,-9.326971810
0.13458252,-9.110464449,-9.229651930
0.13463745,-9.110464449,-9.326837553
0.13469238,-9.110464449,-9.229621502
0.13474731,-9.110464449,-9.326703196
0.13480225,-9.110464449,-9.229590433
0.13485718,-9.110464449,-9.326568062
0.13491211,-9.110464449,-9.229557724
0.13496704,-9.110464449,-9.326430751
0.13502197,-9.110464449,-9.229521412
0.13507690,-9.110464449,-9.326288631
0.13513184,-9.110464449,-9.229477842
0.13518677,-9.110464449,-9.326136895
0.13524170,-9.110464449,-9.229420630
0.13529663,-9.110464449,-9.325967361
0.13535156,-9.110464449,-9.229339617
0.13540649,-9.110464449,-9.325767397
0.13546143,-9.110464449,-9.229219354
0.13551636,-9.110464449,-9.325518083
0.13557129,-9.110464449,-9.229037345
0.13562622,-9.110464449,-9.325192367
0.13568115,-9.110464449,-9.228762911
0.13573608,-9.110464449,-9.324754312
0.13579102,-9.110464449,-9.228354301
0.13584595,-9.110464449,-9.324154972
0.13590088,-9.110464449,-9.227755585
0.13595581,-9.110464449,-9.323329503
0.13601074,-9.110464449,-9.226896385
0.13606567,-9.110464449,-9.322198483
0.13612061,-9.110464449,-9.225695123
0.13617554,-9.110464449,-9.320672921
0.13623047,-9.110464449,-9.224053598
0.13628540,-9.110464449,-9.318643346
0.13634033,-9.110464449,-9.221852347
0.13639526,-9.110464449,-9.315977314
0.13645020,-9.110464449,-9.218955758
0.13650513,-9.110464449,-9.312529393
0.13656006,-9.110464449,-9.215224440
0.13661499,-9.110464449,-9.308156599
0.13666992,-9.110464449,-9.210528981
0.13672485,-9.110464449,-9.302691526
0.13677979,-9.110464449,-9.204695400
0.13683472,-9.110464449,-9.295932359
0.13688965,-9.110464449,-9.197510287
0.13694458,-9.110464449,-9.287668600
0.13699951,-9.110464449,-9.188761068
0.13705444,-9.110464449,-9.277716441
0.13710938,-9.110464449,-9.178274635
0.13716431,-9.110464449,-9.265944656
0.13721924,-9.110464449,-9.165939794
0.13727417,-9.110464449,-9.252131201
0.13732910,-9.110464449,-9.151469666
0.13738403,-9.110464449,-9.235964776
0.13743896,-9.110464449,-9.134512066
0.13749390,-9.110464449,-9.217161649
0.13754883,-9.110464449,-9.114796845
0.13760376,-9.110464449,-9.195554997
0.13765869,-9.110464449,-9.092207460
0.13771362,-9.110464449,-9.171124364
0.13776855,-9.110464449,-9.066786086
0.13782349,-9.110464449,-9.143983047
0.13787842,-9.110464449,-9.038704535
0.13793335,-9.110464449,-9.113775495
0.13798828,-9.110464449,-9.007334065
0.13804321,-9.110464449,-9.079934554
0.13809814,-9.110464449,-8.972068013
0.13815308,-9.110464449,-9.042138235
0.13820801,-9.110464449,-8.932715062
0.13826294,-9.110464449,-9.000444345
0.13831787,-9.110464449,-8.889501200
0.13837280,-9.110464449,-8.955224742
0.13842773,-9.110464449,-8.842935707
0.13848267,-9.110464449,-8.907043939
0.13853760,-9.110464449,-8.793671479
0.13859253,-9.110464449,-8.856550135
0.13864746,-9.110464449,-8.742400643
0.13870239,-9.110464449,-8.802299867
0.13875732,-9.110464449,-8.686538542
0.13881226,-9.110464449,-8.742832243
0.13886719,-9.110464449,-8.624930826
0.13892212,-9.110464449,-8.678019195
0.13897705,-9.110464449,-8.558029006
0.13903198,-9.110464449,-8.608749460
0.13908691,-9.110464449,-8.487118390
0.13914185,-9.110464449,-8.536361566
0.13919678,-9.110464449,-8.413716382
0.13925171,-9.110464449,-8.462252251
0.13930664,-9.110464449,-8.339250440
0.13936157,-9.110464449,-8.387675744
0.13941650,-9.110464449,-8.264925109
0.13947144,-9.110464449,-8.313667423
0.13952637,-9.110464449,-8.191691085
0.13958130,-9.110464449,-8.233305909
0.13963623,-9.110464449,-8.108353164
0.13969116,-9.110464449,-8.143406866
0.13974609,-9.110464449,-8.014876601
0.13980103,-9.110464449,-8.046166722
0.13985596,-9.110464449,-7.915252834
0.13991089,-9.110464449,-7.945326200
0.13996582,-9.110464449,-7.813670009
0.14002075,-9.110464449,-7.844285835
0.14007568,-9.110464449,-7.713375286
0.14013062,-9.110464449,-7.745579591
0.14018555,-9.110464449,-7.616571816
0.14024048,-9.110464449,-7.650893201
0.14029541,-9.110464449,-7.524612736
0.14035034,-9.110464449,-7.561238827
0.14040527,-9.110464449,-7.438232934
0.14046021,-9.110464449,-7.477140313
0.14051514,-9.110464449,-7.357743312
0.14057007,-9.110464449,-7.398785751
0.14062500,-9.110464449,-7.254668709
0.14067993,-9.110464449,-7.282228711
0.14073486,-9.110464449,-7.129232098
0.14078979,-9.110464449,-7.146794586
0.14084473,-9.110464449,-6.996275883
0.14089966,-9.110464449,-7.009245394
0.14095459,-9.110464449,-6.866589510
0.14100952,-9.110464449,-6.878707646
0.14106445,-9.110464449,-6.745878526
0.14111938,-9.110464449,-6.759240041
0.14117432,-9.110464449,-6.636519499
0.14122925,-9.110464449,-6.652113404
0.14128418,-9.110464449,-6.539028550
0.14133911,-9.110464449,-6.557185868
0.14139404,-9.110464449,-6.452969288
0.14144897,-9.110464449,-6.473657233
0.14150391,-9.110464449,-6.377466646
0.14155884,-9.110464449,-6.400466145
0.14161377,-9.110464449,-6.311484373
0.14166870,-9.110464449,-6.219695579
0.14172363,-9.110464449,-6.075952520
0.14177856,-9.110464449,-5.989298910
0.14183350,-9.110464449,-5.836804610
0.14188843,-9.110464449,-5.775967583
0.14194336,-9.110464449,-5.633602957
0.14199829,-9.110464449,-5.597008232
0.14205322,-9.110464449,-5.470037940
0.14210815,-9.110464449,-5.452330979
0.14216309,-9.110464449,-5.340925861
0.14221802,-9.110464449,-5.337104046
0.14227295,-9.110464449,-5.239770140
0.14232788,-9.110464449,-5.245902553
0.14238281,-9.110464449,-5.160746305
0.14243774,-9.110464449,-5.173917407
0.14249268,-9.110464449,-5.099097543
0.14254761,-9.110464449,-5.117155265
0.14260254,-9.110464449,-5.051054395
0.14265747,-9.110464449,-4.523872758
0.14271240,-9.110464449,-4.183307923
0.14276733,-9.110464449,-3.940518223
0.14282227,-9.110464449,-3.678964022
0.14287720,-9.110464449,-3.575410584
0.14293213,-9.110464449,-3.391749970
0.14298706,-9.110464449,-3.355644386
0.14304199,-9.110464449,-3.226554048
0.14309692,-9.110464449,-3.224511374
0.14315186,-9.110464449,-3.131314526
0.14320679,-9.110464449,-3.146291689
0.14326172,-9.110464449,-3.076613958
0.14331665,-9.110464449,-0.037351121
0.14337158,-9.110464449,1.576772779
0.14342651,-9.110464449,1.529877805
0.14348145,-9.110464449,1.956240872
0.14353638,-9.110464449,1.731722567
0.14359131,12.792181812,23.852593109
0.14364624,34.801842437,45.751044776
0.14370117,45.749910136,45.748775497
0.14375610,45.749863523,45.750951550
0.14381104,45.750125767,45.749299984
0.14386597,45.749794476,45.750288967
0.14392090,45.749685859,45.749082750
0.14397583,45.749470365,45.749857980
0.14403076,45.749177742,45.748497504
0.14408569,45.748975237,45.749452969
0.14414062,45.748708003,45.747963036
0.14419556,45.748521854,45.749080672
0.14425049,45.748282196,45.747483720
0.14430542,45.748110844,45.748737969
0.14436035,45.747893735,45.747049501
0.14441528,45.747735397,45.748421292
0.14447021,45.747536711,45.746652130
0.14452515,45.747389893,45.748127655
0.14458008,45.747206641,45.746285626
0.14463501,45.747070141,45.747854655
0.14468994,45.746900142,45.745945629
0.14474487,45.746772988,45.747600347
0.14479980,45.746614607,45.745628868
0.14485474,45.746495998,45.747363129
0.14490967,45.746347971,45.745332813
0.14496460,45.746237237,45.747141661
0.14501953,45.746098557,45.745055453
0.14507446,45.745995126,45.746934798
0.14512939,45.745864975,45.744795151
0.14518433,45.745768350,45.746741549
0.14523926,45.745646044,45.744550540
0.14529419,45.745555791,45.746561043
0.14534912,45.745440751,45.744320459
0.14540405,45.745356481,45.746392503
0.14545898,45.745545142,45.744697780
0.14551392,45.745156357,45.745614934
0.14556885,45.745028706,45.744442478
0.14562378,45.744805585,45.745168693
0.14567871,45.744504643,45.743840592
0.14573364,45.744287634,45.744734675
0.14578857,45.744007882,45.743281090
0.14584351,45.743802653,45.744324216
0.14589844,45.743546634,45.742769051
0.14595337,45.743352724,45.743936397
0.14600830,45.743116060,45.742295723
0.14606323,45.742932315,45.743568907
0.14611816,45.742711356,45.741853804
0.14617310,45.742536686,45.743219567
0.14622803,45.742328779,45.741437992
0.14628296,45.742162265,45.742886537
0.14633789,45.741965481,45.741044424
0.14639282,45.741806359,45.742568294
0.14644775,45.741619254,45.740670213
0.14650269,45.741466889,45.742263565
0.14655762,45.741288352,45.740313138
0.14661255,45.741142209,45.741971280
0.14666748,45.740971361,45.739971441
0.14672241,45.740830981,45.741690520
0.14677734,45.740667110,45.739643701
0.14683228,45.740532096,45.741420490
0.14688721,45.740374615,45.739328740
0.14694214,45.740244616,45.741160493
0.14699707,45.740093029,45.739025565
0.14705200,45.739967737,45.740909909
0.14710693,45.739821617,45.738733325
0.14716187,45.739700753,45.740668181
0.14721680,45.739559731,45.738451280
0.14727173,45.739443044,45.740434808
0.14732666,45.739550364,45.738665920
0.14738159,45.739085158,45.739504396
0.14743652,45.738936718,45.738369039
0.14749146,45.738711728,45.739054417
0.14754639,45.738405843,45.737757269
0.14760132,45.738179487,45.738601705
0.14765625,45.737891015,45.737180325
0.14771118,45.737671793,45.738163261
0.14776611,45.737403462,45.736643662
0.14782104,45.737192216,45.737740770
0.14787598,45.736940320,45.736139869
0.14793091,45.736736613,45.737333357
0.14798584,45.736497999,45.735662641
0.14804077,45.736301186,45.736939731
0.14809570,45.736073553,45.735207375
0.14815063,45.735883014,45.736558653
0.14820557,45.735664684,45.734770715
0.14826050,45.735479875,45.736189034
0.14831543,45.735269595,45.734350155
0.14837036,45.735090043,45.735829931
0.14842529,45.734886851,45.733943770
0.14848022,45.734712151,45.735480531
0.14853516,45.734515287,45.733550043
0.14859009,45.734345087,45.735140132
0.14864502,45.734153941,45.733167750
0.14869995,45.733987933,45.734808117
0.14875488,45.733801999,45.732795882
0.14880981,45.733639912,45.734483941
0.14886475,45.733458768,45.732433594
0.14891968,45.733300358,45.734167123
0.14897461,45.733123644,45.732080165
0.14902954,45.732968695,45.733857225
0.14908447,45.732796098,45.731734970
0.14913940,45.732644413,45.733553855
0.14919434,45.732475660,45.731397465
0.14924927,45.732327060,45.733256654
0.14930420,45.732467144,45.731677634
0.14935913,45.732309372,45.732941111
0.14941406,45.732046824,45.731152538
0.14946899,45.731796723,45.732440908
0.14952393,45.731459462,45.730478016
0.14957886,45.730911519,45.731345021
0.14963379,45.730743902,45.730142782
0.14968872,45.730539549,45.730936316
0.14974365,45.730258014,45.729579711
0.14979858,45.730037428,45.730495146
0.14985352,45.729762378,45.729029610
0.14990845,45.729541281,45.730052952
0.14996338,45.729277801,45.728502650
0.15001831,45.729059763,45.729616877
0.15007324,45.728806718,45.727996558
0.15012817,45.728592668,45.729188777
0.15018311,45.728348530,45.727508283
0.15023804,45.728138619,45.728768954
0.15029297,45.727902113,45.727035271
0.15034790,45.727696231,45.728357191
0.15040283,45.727466351,45.726575512
0.15045776,45.727264304,45.727953096
0.15051270,45.727040259,45.726127422
0.15056763,45.726841828,45.727556233
0.15062256,45.726622986,45.725689739
0.15067749,45.726427956,45.727166172
0.15073242,45.726213804,45.725261436
0.15078735,45.726021972,45.726782508
0.15084229,45.725812087,45.724841665
0.15089722,45.725623265,45.726404864
0.15095215,45.725417289,45.724429714
0.15100708,45.725231304,45.726032895
0.15106201,45.725028936,45.724024977
0.15111694,45.724845629,45.725666281
0.15117188,45.724646606,45.723626931
0.15122681,45.724465832,45.725304732
0.15128174,45.724269925,45.723235118
0.15133667,45.724091548,45.724947978
0.15139160,45.723898557,45.722849136
0.15144653,45.723722452,45.724595768
0.15150146,45.723532197,45.722468625
0.15155640,45.723358249,45.724247873
0.15161133,45.723458118,45.722668363
0.15166626,45.723278245,45.723888126
0.15172119,45.723003950,45.722119773
0.15177612,45.722739298,45.723358824
0.15183105,45.722394263,45.721429703
0.15188599,45.721846721,45.722263739
0.15194092,45.721672350,45.721080960
0.15199585,45.721453566,45.721826171
0.15205078,45.721160849,45.720495528
0.15210571,45.720924916,45.721354305
0.15216064,45.720636848,45.719919392
0.15221558,45.720399256,45.720879119
0.15227051,45.720121344,45.719363568
0.15232544,45.719885727,45.720407885
0.15238037,45.719617050,45.718826215
0.15243530,45.719384431,45.719942647
0.15249023,45.719123610,45.718304572
0.15254517,45.718894226,45.719483880
0.15260010,45.718640091,45.717796302
0.15265503,45.718413907,45.719031511
0.15270996,45.718165537,45.717299562
0.15276489,45.717942418,45.718585274
0.15281982,45.717699090,45.716812906
0.15287476,45.717478873,45.718144840
0.15292969,45.717240012,45.716335184
0.15298462,45.717022528,45.717709872
0.15303955,45.716787670,45.715865468
0.15309448,45.716572757,45.717280046
0.15314941,45.716341519,45.715402992
0.15320435,45.716129025,45.716855057
0.15325928,45.715901089,45.714947121
0.15331421,45.715690873,45.716434625
0.15336914,45.715465970,45.714497314
0.15342407,45.715257903,45.716018492
0.15347900,45.715035800,45.714053109
0.15353394,45.714829764,45.715606420
0.15358887,45.714610261,45.713614102
0.15364380,45.714406146,45.715198189
0.15369873,45.714189066,45.713179943
0.15375366,45.713986770,45.714793597
0.15380859,45.713771958,45.712750318
0.15386353,45.713571388,45.714392458
0.15391846,45.713358703,45.712324949
0.15397339,45.713159772,45.713994595
0.15402832,45.712949090,45.711903586
0.15408325,45.712751717,45.713599848
0.15413818,45.712542924,45.711485999
0.15419312,45.712347032,45.713208064
0.15424805,45.712376811,45.711545557
0.15430298,45.712139483,45.712733408
0.15435791,45.711855153,45.710976898
0.15441284,45.711325996,45.711675094
0.15446777,45.711108554,45.710542014
0.15452271,45.710866801,45.711191589
0.15457764,45.710551377,45.709911166
0.15463257,45.710295668,45.710680170
0.15468750,45.709987872,45.709295574
0.15474243,45.709731326,45.710167079
0.15479736,45.709434751,45.708702423
0.15485229,45.709180306,45.709658188
0.15490723,45.708893341,45.708128493
0.15496216,45.708641742,45.709154991
0.15501709,45.708362677,45.707570363
0.15507202,45.708114039,45.708657715
0.15512695,45.707841529,45.707025343
0.15518188,45.707595757,45.708166172
0.15523682,45.707328785,45.706491398
0.15529175,45.707085721,45.707680043
0.15534668,45.706823507,45.705966972
0.15540161,45.706582977,45.707198982
0.15545654,45.706324918,45.705450854
0.15551147,45.706086753,45.706722652
0.15556641,45.705832369,45.704942086
0.15562134,45.705596412,45.706250739
0.15567627,45.705345315,45.704439892
0.15573120,45.705111424,45.705782955
0.15578613,45.704863295,45.703943636
0.15584106,45.704631338,45.705319040
0.15589600,45.704385912,45.703452783
0.15595093,45.704155770,45.704858758
0.15600586,45.703912821,45.702966884
0.15606079,45.703684388,45.704401892
0.15611572,45.703443722,45.702485552
0.15617065,45.703216900,45.703948248
0.15622559,45.702978350,45.702008451
0.15628052,45.702753048,45.703497646
0.15633545,45.702516467,45.701535288
0.15639038,45.702292604,45.703049920
0.15644531,45.702057861,45.701065802
0.15650024,45.701835361,45.702604919
0.15655518,45.701602341,45.700599763
0.15661011,45.701381133,45.702162504
0.15666504,45.701149732,45.700136961
0.15671997,45.700929752,45.701722542
0.15677490,45.700699876,45.699677210
0.15682983,45.700481061,45.701284913
0.15688477,45.700252625,45.699220337
0.15693970,45.700034920,45.700849503
0.15699463,45.699807845,45.698766187
0.15704956,45.699591196,45.700416206
0.15710449,45.699622204,45.698828202
0.15715942,45.699402890,45.699977579
0.15721436,45.699108936,45.698240293
0.15726929,45.698820837,45.699401381
0.15732422,45.698463265,45.697525149
0.15737915,45.697915039,45.698304928
0.15743408,45.697729176,45.697153424
0.15748901,45.697487252,45.697821081
0.15754395,45.697176264,45.696531447
0.15759888,45.696915590,45.697299734
0.15765381,45.696606350,45.695912967
0.15770874,45.696342172,45.696771377
0.15776367,45.696040874,45.695310371
0.15781860,45.695776978,45.696243586
0.15787354,45.695483063,45.694722541
0.15792847,45.695220649,45.695718756
0.15798340,45.694932981,45.694147206
0.15803833,45.694672435,45.695197664
0.15809326,45.694390027,45.693582389
0.15814819,45.694131439,45.694680489
0.15820312,45.693853507,45.693026525
0.15825806,45.693596849,45.694167172
0.15831299,45.693322782,45.692478392
0.15836792,45.693067975,45.693657559
0.15842285,45.692797291,45.691937022
0.15847778,45.692544242,45.693151461
0.15853271,45.692276552,45.691401643
0.15858765,45.692025163,45.692648683
0.15864258,45.691760153,45.690871623
0.15869751,45.691510329,45.692149036
0.15875244,45.691247738,45.690346441
0.15880737,45.690999389,45.691652337
0.15886230,45.690738998,45.689825658
0.15891724,45.690492039,45.691158420
0.15897217,45.690233662,45.689308905
0.15902710,45.689988016,45.690667127
0.15908203,45.689731494,45.688795862
0.15913696,45.689487088,45.690178314
0.15919189,45.689232283,45.688286251
0.15924683,45.688989049,45.689691847
0.15930176,45.688735839,45.687779831
0.15935669,45.688493717,45.689207602
0.15941162,45.688241994,45.687276386
0.15946655,45.688000925,45.688725465
0.15952148,45.687750595,45.686775725
0.15957642,45.687510526,45.688245327
0.15963135,45.687261502,45.686277677
0.15968628,45.687022383,45.687767089
0.15974121,45.686774588,45.685782087
0.15979614,45.686536373,45.687290658
0.15985107,45.686289737,45.685288815
0.15990601,45.686052381,45.686815947
0.15996094,45.685806839,45.684797731
0.16001587,45.685570301,45.686342872
0.16007080,45.685325795,45.684308718
0.16012573,45.685090038,45.685871357
0.16018066,45.684846512,45.683821667
0.16023560,45.684611498,45.685401329
0.16029053,45.684368903,45.683336477
0.16034546,45.684134598,45.684932719
0.16040039,45.684119139,45.683305559
0.16045532,45.683865734,45.684425909
0.16051025,45.683563624,45.682701339
0.16056519,45.683270399,45.683839459
0.16062012,45.682912125,45.681984792
0.16067505,45.682353577,45.682722362
0.16072998,45.682157990,45.681593618
0.16078491,45.681910424,45.682227229
0.16083984,45.681593075,45.680958921
0.16089478,45.681324569,45.681690217
0.16094971,45.681007954,45.680325691
0.16100464,45.680734563,45.681143434
0.16105957,45.680424847,45.679706259
0.16111450,45.680150717,45.680595175
0.16116943,45.679847494,45.679099813
0.16122437,45.679574030,45.680048248
0.16127930,45.679276298,45.678504349
0.16133423,45.679004022,45.679503696
0.16138916,45.678710896,45.677918096
0.16144409,45.678439992,45.678961889
0.16149902,45.678150769,45.677339649
0.16155396,45.677881278,45.678422908
0.16160889,45.677595409,45.676767909
0.16166382,45.677327309,45.677886710
0.16171875,45.677044360,45.676202011
0.16177368,45.676777601,45.677353192
0.16182861,45.676497226,45.675641261
0.16188354,45.676231746,45.676822230
0.16193848,45.675953663,45.675085097
0.16199341,45.675689396,45.676293695
0.16204834,45.675413374,45.674533053
0.16210327,45.675150255,45.675767456
0.16215820,45.674876100,45.673984744
0.16221313,45.674614066,45.675243389
0.16226807,45.674341614,45.673439839
0.16232300,45.674080608,45.674721377
0.16237793,45.673809717,45.672898058
0.16243286,45.673549684,45.674201310
0.16248779,45.673280233,45.672359157
0.16254272,45.673021120,45.673683083
0.16259766,45.672753004,45.671822925
0.16265259,45.672494764,45.673166602
0.16270752,45.672227888,45.671289174
0.16276245,45.671970475,45.672651776
0.16281738,45.671704757,45.670757739
0.16287231,45.671448130,45.672138521
0.16292725,45.671218358,45.670298196
0.16298218,45.671032466,45.671766736
0.16303711,45.670848081,45.669929426
0.16309204,45.670681458,45.671433490
0.16314697,45.670512374,45.669591258
0.16320190,45.670356523,45.671121789
0.16325684,45.670196884,45.669271978
0.16331177,45.670048654,45.670825329
0.16336670,45.669896082,45.668966835
0.16342163,45.669753915,45.670540996
0.16347656,45.669607168,45.668673341
0.16353149,45.669470171,45.670267000
0.16358643,45.669328505,45.668390009
0.16364136,45.669196112,45.670002216
0.16369629,45.669059044,45.668115871
0.16375122,45.668930880,45.669745889
0.16380615,45.668798076,45.667850264
0.16386108,45.668673878,45.669497492
0.16391602,45.668545104,45.667592715
0.16397095,45.668424682,45.669256648
0.16402588,45.668299764,45.667342880
0.16408081,45.668182981,45.669023083
0.16413574,45.668061793,45.667100502
0.16419067,45.667948548,45.668796594
0.16424561,45.667830994,45.666865395
0.16430054,45.667721215,45.668577035
0.16435547,45.667607226,45.666637416
0.16441040,45.667500859,45.668364301
0.16446533,45.667390384,45.666416466
0.16452026,45.667287393,45.668158320
0.16457520,45.667180397,45.666202475
0.16463013,45.667080760,45.667959045
0.16468506,45.666977220,45.665995395
0.16473999,45.666880924,45.667766452
0.16479492,45.666780829,45.665795205
0.16484985,45.666687871,45.667580537
0.16490479,45.666912958,45.666245378
0.16495972,45.666804414,45.667363450
0.16501465,45.666672989,45.665982527
0.16506958,45.666548962,45.667115397
0.16512451,45.666340470,45.665565542
0.16517944,45.666228009,45.666890477
0.16523438,45.666092810,45.665295142
0.16528931,45.665988147,45.666681151
0.16534424,45.665848766,45.665016381
0.16539917,45.665538396,45.666060411
0.16545410,45.665514937,45.664969463
0.16550903,45.665444382,45.665919301
0.16556396,45.665320513,45.664721726
0.16561890,45.665235510,45.665749294
0.16567383,45.665113040,45.664476787
0.16572876,45.665026401,45.665576015
0.16578369,45.664911312,45.664246609
0.16583862,45.664826572,45.665406534
0.16589355,45.664719084,45.664031633
0.16594849,45.664637587,45.665243541
0.16600342,45.664537245,45.663830949
0.16605835,45.664459606,45.665088263
0.16611328,45.664365949,45.663643636
0.16616821,45.664292489,45.664941342
0.16622314,45.664205151,45.663468959
0.16627808,45.664136057,45.664803155
0.16633301,45.664054760,45.663306365
0.16638794,45.663990159,45.664673953
0.16644287,45.663914699,45.663155446
0.16649780,45.663854684,45.664553922
0.16655273,45.663784916,45.663015910
0.16660767,45.663729566,45.664443221
0.16666260,45.663665389,45.662887556
0.16671753,45.663614774,45.664341992
0.16677246,45.663556123,45.662770253
0.16682739,45.663510315,45.664250377
0.16688232,45.663457151,45.662663925
0.16693726,45.663416221,45.664168517
0.16699219,45.663368531,45.662568546
0.16704712,45.663332553,45.664096560
0.16710205,45.663290342,45.662484123
0.16715698,45.663259391,45.664034659
0.16721191,45.663222681,45.662410702
0.16726685,45.663196840,45.663982978
0.16732178,45.663165665,45.662348351
0.16737671,45.663145020,45.663941689
0.16743164,45.663119428,45.662297167
0.16748657,45.663104069,45.663910971
0.16754150,45.663084119,45.662257267
0.16759644,45.663074142,45.663891017
0.16765137,45.663059903,45.662228789
0.16770630,45.663055407,45.663882026
0.16776123,45.663046957,45.662211887
0.16781616,45.663048049,45.663884211
0.16787109,45.663045473,45.662206736
0.16792603,45.663052264,45.663897792
0.16798096,45.663055658,45.662213524
0.16803589,45.663068263,45.663923003
0.16809082,45.663077729,45.662232456
0.16814575,45.663096271,45.663960087
0.16820068,45.663111919,45.662263752
0.16825562,45.663136525,45.664009298
0.16831055,45.663158472,45.662307646
0.16836548,45.663189275,45.664070904
0.16842041,45.663217646,45.662364388
0.16847534,45.663254785,45.664145181
0.16853027,45.663289711,45.662434241
0.16858521,45.663333331,45.664232420
0.16864014,45.663374951,45.662517482
0.16869507,45.663425203,45.664332924
0.16875000,45.663473664,45.662614404
0.16880493,45.663530705,45.664447006
0.16885986,45.663586160,45.662725314
0.16891479,45.663650155,45.664574996
0.16896973,45.663712764,45.662850532
0.16902466,45.663783883,45.664717235
0.16907959,45.663853815,45.662990395
0.16913452,45.663932237,45.664874078
0.16918945,45.664009667,45.663145255
0.16924438,45.664095576,45.665045897
0.16929932,45.664180688,45.663315480
0.16935425,45.664274278,45.665233076
0.16940918,45.664367264,45.663501452
0.16946411,45.664468733,45.665436015
0.16951904,45.664569793,45.663703571
0.16957397,45.664679351,45.665655132
0.16962891,45.664788693,45.663922255
0.16968384,45.664906557,45.665890859
0.16973877,45.665024399,45.664157939
0.16979370,45.665150793,45.666143648
0.16984863,45.665277361,45.664411074
0.16990356,45.665412521,45.666413968
0.16995850,45.665548051,45.664682134
0.17001343,45.665692220,45.666702305
0.17006836,45.665836957,45.664971610
0.17012329,45.665990389,45.667009168
0.17017822,45.666144590,45.665280013
0.17023315,45.666307548,45.667335083
0.17028809,45.666471479,45.665607876
0.17034302,45.666644238,45.667680599
0.17039795,45.666818177,45.665955755
0.17045288,45.667001021,45.668046287
0.17050781,45.667185257,45.666324227
0.17056274,45.667378484,45.668432742
0.17061768,45.667573318,45.666713894
0.17067261,45.667777237,45.668840581
0.17072754,45.667982982,45.667125382
0.17078247,45.668197915,45.669270448
0.17083740,45.668414897,45.667559346
0.17089233,45.668641178,45.669723011
0.17094727,45.668869737,45.668016463
0.17100220,45.669107717,45.670198970
0.17105713,45.669348207,45.668497444
0.17111206,45.669598247,45.670699050
0.17116699,45.669851038,45.669003025
0.17122192,45.670113516,45.671224007
0.17127686,45.670378992,45.669533977
0.17133179,45.670654303,45.671774629
0.17138672,45.670932865,45.670091101
0.17144165,45.671221419,45.672351738
0.17149658,45.671513485,45.670675232
0.17155151,45.671815711,45.672956190
0.17160645,45.672121717,45.671287243
0.17166138,45.672438060,45.673588877
0.17171631,45.672758460,45.671928043
0.17177124,45.673089387,45.674250731
0.17182617,45.673424656,45.672598581
0.17188110,45.673770652,45.674942723
0.17193604,45.674121284,45.673299845
0.17199097,45.674482856,45.675665866
0.17204590,45.674849368,45.674032871
0.17210083,45.675227044,45.676421217
0.17215576,45.675609977,45.674798736
0.17221069,45.676004310,45.677209883
0.17226563,45.676404226,45.675598569
0.17232056,45.676815792,45.678033016
0.17237549,45.677233281,45.676433546
0.17243042,45.677662684,45.678891822
0.17248535,45.678098360,45.677304898
0.17254028,45.678546230,45.679787561
0.17259521,45.679000737,45.678213913
0.17265015,45.679467732,45.680721552
0.17270508,45.679941744,45.679161936
0.17276001,45.680428554,45.681695171
0.17281494,45.680922773,45.680150376
0.17286987,45.681430118,45.682709861
0.17292480,45.681945283,45.681180705
0.17297974,45.682473918,45.683767132
0.17303467,45.683010800,45.682254468
0.17308960,45.683561515,45.684868563
0.17314453,45.684120922,45.683373280
0.17319946,45.684694546,45.686015811
0.17325439,45.685277323,45.684538836
0.17330933,45.685874723,45.687210610
0.17336426,45.686481760,45.685752910
0.17341919,45.687103845,45.688454780
0.17347412,45.687736072,45.687017364
0.17352905,45.688383797,45.689750230
0.17358398,45.689042191,45.688334152
0.17363892,45.689716556,45.691098960
0.17369385,45.690402142,45.689705324
0.17374878,45.691104199,45.692503073
0.17380371,45.691818053,45.691133033
0.17385864,45.692548905,45.693964777
0.17391357,45.693292159,45.692619540
0.17396851,45.694052966,45.695486391
0.17402344,45.694826807,45.694167223
0.17407837,45.695618789,45.697070354
0.17413330,45.696424468,45.695778581
0.17418823,45.697248906,45.698719230
0.17424316,45.698087738,45.697456245
0.17429810,45.698945982,45.700435719
0.17435303,45.699819351,45.699202983
0.17440796,45.700712822,45.702222661
0.17446289,45.701622185,45.701021709
0.17451782,45.702552380,45.704083051
0.17457275,45.703499274,45.702915497
0.17462769,45.704467770,45.706020043
0.17468262,45.705453813,45.704887584
0.17473755,45.706462274,45.708036964
0.17479248,45.707489175,45.706941386
0.17484741,45.708539355,45.710137324
0.17490234,45.709608917,45.709080511
0.17495728,45.710702670,45.712324829
0.17501221,45.711816797,45.711308764
0.17506714,45.712956079,45.714603393
0.17512207,45.714116782,45.713630171
0.17517700,45.715303663,45.716977155
0.17523193,45.716513069,45.716048984
0.17528687,45.717749737,45.719450490
0.17534180,45.719010098,45.718569705
0.17539673,45.720298867,45.722028029
0.17545166,45.721612564,45.721197099
0.17550659,45.722955888,45.724714677
0.17556152,45.724325445,45.723936213
0.17561646,45.725725922,45.727515632
0.17567139,45.727154015,45.726792398
0.17572632,45.728614400,45.730436403
0.17578125,45.730103865,45.729771328
0.17583618,45.731627083,45.733482838
0.17589111,45.733180934,45.732879030
0.17594604,45.734770088,45.736661147
0.17600098,45.736391524,45.736121902
0.17605591,45.738049915,45.739977928
0.17611084,45.739742338,45.739506747
0.17616577,45.741473473,45.743440198
0.17622070,45.743240501,45.743040805
0.17627563,45.745048115,45.747055425
0.17633057,45.746893602,45.746731779
0.17638550,45.748781670,45.750831562
0.17644043,45.750709721,45.750587880
0.17649536,45.752682484,45.754777088
0.17655029,45.754697476,45.754617864
0.17660522,45.756759455,45.758901047
0.17666016,45.758866060,45.758831074
0.17671509,45.761022085,45.763213096
0.17677002,45.763225294,45.763237493
0.17682495,45.765480524,45.767723555
0.17687988,45.767785673,45.767847791
0.17693481,45.770145626,45.772443462
0.17698975,45.772558424,45.772673387
0.17704468,45.775029011,45.777384634
0.17709961,45.777555574,45.777726513
0.17715454,45.780143124,45.782559735
0.17720947,45.782790008,45.783020281
0.17726440,45.785501314,45.787982346
0.17731934,45.788275555,45.788568764
0.17737427,45.791117908,45.793667053
0.17742920,45.794027065,45.794387077
0.17748413,45.797008302,45.799629528
0.17753906,45.800060502,45.800491477
0.17759399,45.803189057,45.805886636
0.17764893,45.806393050,45.806899463
0.17770386,45.809678003,45.812456543
0.17775879,45.813043219,45.813629894
0.17781372,45.816494364,45.819358834
0.17786865,45.820030976,45.820703119
0.17792358,45.823658887,45.826614654
0.17797852,45.827377885,45.828141115
0.17803345,45.831193987,45.834246858
0.17808838,45.835107256,45.835967654
0.17814331,45.839123915,45.842280176
0.17819824,45.843244325,45.844208473
0.17825317,45.847474939,45.850741406
0.17830811,45.851816443,45.852891480
0.17836304,45.856275550,45.859659620
0.17841797,45.860853295,45.862046971
0.17847290,45.865556687,45.869066403
0.17852783,45.870387143,45.871707884
0.17858276,45.875352000,45.878996116
0.17863770,45.880453097,45.881910078
0.17869263,45.885698137,45.889486195
0.17874756,45.891089423,45.892692651
0.17880249,45.896635070,45.900577489
0.17885742,45.902337890,45.904098292
0.17891235,45.908206463,45.912314633
0.17896729,45.914244164,45.916173694
0.17902222,45.920460090,45.924746487
0.17907715,45.906962882,45.889179277
0.17913208,45.880911371,45.872643466
0.17918701,45.871573678,45.870503890
0.17924194,45.882388202,45.894272514
0.17929687,45.904058287,45.913844059
0.17935181,45.920597524,45.927350989
0.17940674,45.930910838,45.934470688
0.17946167,45.940498278,45.946525868
0.17951660,45.949352871,45.952179873
0.17957153,45.958062652,45.963945431
0.17962646,45.966693060,45.969440688
0.17968140,45.975371273,45.981301858
0.17973633,45.984165896,45.987029935
0.17979126,45.993103334,45.999176733
0.17984619,46.002246187,46.005315640
0.17990112,46.011592742,46.017869844
0.17995605,46.021199287,46.024528729
0.18001099,46.031056661,46.037584593
0.18006592,46.041216051,46.044847509
0.18012085,46.051667896,46.058488283
0.18017578,46.062459617,46.066430952
0.18023071,46.073583923,46.080736894
0.18028564,46.085085662,46.089434429
0.18034058,46.096960903,46.104487376
0.18039551,46.109252950,46.114018525
0.18045044,46.121961738,46.129904951
0.18050537,46.135129929,46.140354906
0.18056030,46.148761614,46.157168321
0.18061523,46.162899641,46.168630960
0.18067017,46.177552510,46.186474059
0.18072510,46.192764038,46.199054017
0.18078003,46.208547423,46.218040829
0.18083496,46.224948232,46.231855635
0.18088989,46.241984725,46.252113815
0.18094482,46.259705033,46.267296250
0.18099976,46.278132950,46.288969650
0.18105469,46.297320046,46.305670442
0.18110962,46.317296257,46.328922071
0.18116455,46.338117560,46.347313048
0.18121948,46.359820800,46.372328551
0.18127441,46.382467470,46.392606389
0.18132935,46.406102286,46.419598183
0.18138428,46.430793542,46.441988901
0.18143921,46.456595021,46.471201142
0.18149414,46.483583338,46.495965534
0.18154907,46.422693732,46.349421932
0.18160400,46.292403599,46.235385268
0.18165894,46.247621789,46.259858311
0.18171387,46.297017316,46.334176320
0.18176880,46.392591184,46.451006048
0.18182373,46.469580147,46.488154246
0.18187866,46.515958866,46.543763487
0.18193359,46.560836593,46.577909699
0.18198853,46.602079073,46.626248448
0.18204346,46.644015950,46.661783453
0.18209839,46.685842892,46.709902331
0.18215332,46.729167528,46.748432726
0.18220825,46.773623945,46.798815164
0.18226318,46.820083340,46.841351516
0.18231812,46.868389235,46.895426954
0.18237305,46.919140025,46.942853097
0.18242798,46.972307513,47.001761928
0.18248291,47.028378654,47.054995378
0.18253784,47.087421298,47.119847216
0.18259277,47.149884387,47.179921558
0.18264771,47.215920679,47.251919799
0.18270264,47.285983490,47.320047182
0.18275757,47.360310933,47.400574683
0.18281250,47.439391736,47.478208788
0.18286743,47.273068103,47.067927434
0.18292236,46.917545237,46.767163049
0.18297729,46.795121758,46.823080466
0.18303223,46.930462947,47.037845424
0.18308716,47.197965123,47.358084813
0.18314209,47.416796565,47.475508317
0.18319702,47.554126475,47.632744631
0.18325195,47.689878837,47.747013042
0.18330688,47.818832453,47.890651861
0.18336182,47.953001801,48.015351739
0.18341675,48.090865955,48.166380168
0.18347168,48.237192000,48.308003829
0.18352661,48.391766162,48.475528493
0.18358154,48.557569822,48.639611148
0.18363647,48.735141711,48.830672271
0.18369141,48.391556252,47.952440309
0.18374634,47.664456497,47.376472718
0.18380127,47.417551062,47.458629405
0.18385620,47.701122476,47.943615524
0.18391113,48.273150194,48.602684822
0.18396606,48.746028975,48.889373120
0.18402100,49.055874657,49.222376183
0.18407593,49.367705101,49.513034011
0.18413086,49.673857608,49.834681194
0.18418579,49.999149674,50.163618143
0.18424072,50.343392477,50.523166799
0.18429565,50.717402364,50.911637914
0.18435059,50.073475343,49.235313047
0.18440552,48.689359053,48.143405176
0.18446045,48.240558785,48.337712391
0.18451538,48.794839885,49.251967298
0.18457031,49.917029395,50.582091320
0.18462524,50.873199570,51.164307788
0.18468018,51.522551918,51.880795997
0.18473511,52.195111887,52.509427739
0.18479004,52.875276554,53.241125317
0.18484497,53.617969348,53.994813323
0.18489990,52.486498714,50.978184997
0.18495483,50.020484137,49.062783637
0.18500977,49.261096763,49.459409874
0.18506470,50.277315103,51.095220071
0.18511963,52.348247539,53.601274392
0.18517456,54.162007921,54.722741327
0.18522949,55.437631581,56.152521634
0.18528442,56.793226114,57.433930433
0.18533936,55.028445638,52.622963111
0.18539429,51.141651927,49.660341604
0.18544922,50.026954004,50.393566352
0.18550415,51.693248674,52.992930334
0.18555908,55.081776235,57.170620426
0.18561401,58.103251316,59.035881864
0.18566895,60.257604153,61.479325858
0.18572388,57.752325570,54.025330726
0.18577881,52.117286847,50.209244395
0.18583374,50.660420857,51.111597239
0.18588867,53.137294692,55.162990536
0.18594360,58.277593069,61.392191800
0.18599854,62.831788446,64.271384279
0.18605347,66.132853353,67.994321068
0.18610840,62.487555311,56.980801441
0.18616333,54.223132548,51.465466636
0.18621826,52.131629081,52.797791351
0.18627319,55.799802490,58.801810096
0.18632813,63.473875085,68.145931518
0.18638306,70.363033035,72.580132624
0.18643799,65.609041602,58.637969627
0.18649292,54.777839339,50.917714891
0.18654785,52.220104281,53.522493006
0.18660278,57.264615079,61.006731664
0.18665771,67.690020331,74.373291492
0.18671265,78.352178554,82.331059412
0.18676758,72.104628508,61.878238592
0.18682251,56.708630484,51.539032850
0.18687744,53.396330274,55.253626346
0.18693237,60.677365788,66.101093701
0.18698730,73.531116477,80.961117615
0.18704224,82.387375144,83.813631876
0.18709717,85.801503078,87.789372731
0.18715210,78.122900959,68.456465811
0.18720703,62.872593652,57.288733714
0.18726196,58.445756446,59.602778652
0.18731689,65.007152861,70.411515622
0.18737183,76.381048629,82.350567669
0.18742676,83.849610442,85.348652334
0.18748169,86.966200640,88.583747920
0.18753662,79.420166261,70.256617514
0.18759155,64.490342526,58.724080571
0.18764648,59.960767375,61.197453579
0.18770142,66.295305419,71.393147072
0.18775635,77.194409641,82.995659019
0.18781128,84.406385092,85.817110385
0.18786621,87.406015920,88.994920466
0.18792114,89.738205161,90.481489639
0.18797607,82.377773273,74.274082646
0.18803101,68.092933077,61.911798483
0.18808594,63.239597646,64.567396119
0.18814087,69.057614925,73.547825829
0.18819580,78.908617179,84.269397266
0.18825073,85.531251261,86.793104632
0.18830566,88.285141260,89.777177017
0.18836060,90.454234996,91.131292796
0.18841553,83.267935573,75.404602586
0.18847046,69.308261308,63.211934597
0.18852539,64.487483407,65.763031581
0.18858032,70.109464060,74.455889135
0.18863525,79.639336254,84.822772843
0.18869019,86.045560538,87.268347648
0.18874512,88.713619379,90.158890291
0.18880005,90.816248896,91.473607331
0.18885498,92.244112913,93.014618263
0.18890991,93.446728354,93.878838371
0.18896484,86.814694285,79.750569757
0.18901978,73.933533223,68.116509951
0.18907471,69.063723884,70.010937465
0.18912964,73.897915484,77.784887582
0.18918457,82.207795764,86.630696280
0.18923950,87.732399770,88.834102785
0.18929443,90.082565251,91.331027106
0.18934937,91.930563966,92.530100685
0.18940430,93.204248354,93.878395845
0.18945923,94.276805140,94.675214373
0.18951416,87.897664858,81.120133346
0.18956909,75.502216574,69.884312172
0.18962402,70.734576366,71.584840276
0.18967896,75.310430376,79.036015035
0.18973389,83.223957837,87.411893765
0.18978882,88.469632591,89.527370980
0.18984375,90.706925556,91.886479587
0.18989868,92.463276776,93.040073834
0.18995361,93.678041781,94.316009568
0.19000854,94.700533324,95.085057022
0.19006348,95.505859538,95.926661983
0.19011841,96.209573176,96.492484338
0.19017334,90.354566216,84.216662860
0.19022827,78.953568519,73.690485034
0.19028320,74.332712675,74.974940155
0.19033813,78.329081391,81.683218216
0.19039307,85.350104314,89.016985142
0.19044800,89.971058356,90.925131212
0.19050293,91.959117044,92.993102457
0.19055786,93.516964679,94.040826794
0.19061279,94.603345497,95.165864075
0.19066772,95.517337488,95.868810852
0.19072266,96.242933143,96.617055380
0.19077759,96.877608976,97.138162545
0.19083252,97.412195776,97.686228979
0.19088745,91.947491114,86.208766157
0.19094238,81.311685294,76.414613831
0.19099731,76.882178315,77.349742713
0.19105225,80.487840307,83.625934042
0.19110718,86.932318069,90.238697811
0.19116211,91.130726857,92.022755591
0.19121704,92.951362637,93.879969345
0.19127197,94.368417118,94.856864798
0.19132690,95.364820519,95.872776139
0.19138184,96.199286887,96.525797593
0.19143677,96.866658819,97.207520000
0.19149170,97.448214512,97.688909001
0.19154663,97.941695803,98.194482579
0.19160156,98.382574961,98.570667330
0.19165649,93.267969731,87.965283152
0.19171143,83.262086566,78.558898650
0.19176636,79.015599462,79.472300193
0.19182129,82.331683928,85.191064459
0.19187622,88.269597393,91.348126612
0.19193115,92.150737736,92.953348608
0.19198608,93.824163312,94.694977719
0.19204102,95.132670606,95.570363418
0.19209595,96.049484740,96.528605971
0.19215088,96.821053567,97.113501129
0.19220581,97.436595560,97.759689951
0.19226074,97.975496253,98.191302537
0.19231567,98.431938057,98.672573554
0.19237061,98.841488159,99.010402753
0.19242554,99.200466659,99.390530551
0.19248047,99.528008989,99.665487421
0.19253540,94.829726530,89.993974805
0.19259033,85.608513597,81.223059927
0.19264526,81.597469546,81.971879110
0.19270020,84.555570307,87.139258888
0.19275513,89.908471429,92.677680965
0.19281006,93.396982539,94.116283910
0.19286499,94.898921794,95.681559439
0.19291992,96.072694697,96.463829895
0.19297485,96.895868589,97.327907210
0.19302979,97.589157638,97.850408041
0.19308472,98.143078252,98.435748430
0.19313965,98.628754622,98.821760799
0.19319458,99.040793391,99.259825964
0.19324951,99.411159515,99.562493057
0.19330444,99.736317554,99.910142040
0.19335938,100.033551694,100.156961342
0.19341431,100.300326041,100.443690733
0.19346924,100.547172003,100.650653270
0.19352417,96.243485594,91.836325532
0.19357910,87.775212376,83.714105684
0.19363403,84.015896293,84.317686867
0.19368896,86.654629353,88.991569699
0.19374390,91.479845596,93.968119067
0.19379883,94.613364385,95.258609541
0.19385376,95.958686877,96.658764022
0.19390869,97.008881609,97.358999148
0.19396362,97.745447848,98.131896488
0.19401855,98.365412715,98.598928921
0.19407349,98.861359742,99.123790536
0.19412842,99.296241919,99.468693291
0.19418335,99.665673551,99.862653797
0.19423828,99.997940160,100.133226515
0.19429321,100.290032405,100.446838286
0.19434814,100.557243415,100.667648539
0.19440308,100.797360214,100.927071883
0.19445801,101.019709940,101.112347994
0.19451294,101.222574669,101.332801339
0.19456787,101.412146693,101.491492044
0.19462280,97.457887174,93.424288681
0.19467773,89.659823782,85.895364436
0.19473267,86.138668395,86.381972331
0.19478760,88.505825640,90.629677182
0.19484253,92.876975960,95.124272759
0.19489746,95.705176414,96.286079936
0.19495239,96.913889095,97.541698099
0.19500732,97.855004856,98.168311575
0.19506226,98.513427182,98.858542741
0.19511719,99.067003482,99.275464206
0.19517212,99.509298977,99.743133727
0.19522705,99.896377476,100.049621216
0.19528198,100.224979373,100.400337517
0.19533691,100.519994429,100.639651335
0.19539185,100.779044411,100.918437478
0.19544678,101.015642777,101.112848072
0.19550171,101.227931403,101.343014728
0.19555664,101.424156145,101.505297559
0.19561157,101.602839933,101.700382305
0.19566650,101.769459933,101.838537559
0.19572144,101.922806649,102.007075737
0.19577637,102.066757107,102.126438475
0.19583130,102.200291438,102.274144398
0.19588623,98.549363505,94.824588049
0.19594116,91.359060255,87.893537168
0.19599609,88.023696728,88.153856282
0.19605103,90.123609702,92.093361600
0.19610596,94.079270355,96.065177564
0.19616089,96.608989125,97.152800569
0.19621582,97.682930145,98.213059611
0.19627075,98.508916912,98.804774179
0.19632568,99.084702541,99.364630871
0.19638062,99.562865713,99.761100539
0.19643555,99.943759514,100.126418475
0.19649048,100.273475511,100.420532539
0.19654541,100.552281737,100.684030928
0.19660034,100.799665342,100.915299750
0.19665527,101.016183423,101.117067092
0.19671021,101.211369830,101.305672565
0.19676514,101.385997127,101.466321686
0.19682007,101.545203005,101.624084322
0.19687500,101.689695890,101.755307457
0.19692993,101.822457159,101.889606859
0.19698486,101.944109777,101.998612695
0.19703979,102.056459314,102.114305932
0.19709473,102.160076230,102.205846527
0.19714966,98.448237742,94.690634490
0.19720459,91.081907653,87.473185919
0.19725952,87.600148373,87.727110820
0.19731445,89.661677429,91.596242571
0.19736938,93.594243048,95.592241959
0.19742432,96.097753278,96.603264496
0.19747925,97.133620150,97.663975695
0.19753418,97.924390960,98.184806200
0.19758911,98.462796733,98.740787236
0.19764404,98.906247876,99.071708504
0.19769897,99.251597321,99.431486125
0.19775391,99.547912793,99.664339456
0.19780884,99.793325093,99.922310723
0.19786377,100.009281680,100.096252633
0.19791870,100.193567853,100.290883070
0.19797363,100.357521436,100.424159801
0.19802856,100.499645052,100.575130301
0.19808350,100.626224873,100.677319445
0.19813843,100.736771998,100.796224550
0.19819336,100.835413027,100.874601504
0.19824829,100.921751655,100.968901805
0.19830322,100.998871960,101.028842115
0.19835815,96.660048845,92.291263055
0.19841309,88.006429318,83.721602777
0.19846802,83.806033779,83.890464779
0.19852295,86.101065966,88.311665238
0.19857788,90.574030678,92.836394112
0.19863281,93.393322974,93.950251714
0.19868774,94.529288859,95.108325873
0.19874268,95.385776979,95.663228054
0.19879761,95.956530495,96.249832903
0.19885254,96.421216482,96.592600050
0.19890747,96.759973655,96.927347248
0.19896240,97.028222104,97.129096956
0.19901733,97.228640847,97.328184735
0.19907227,97.385258141,97.442331545
0.19912720,97.503156050,97.563980554
0.19918213,97.595021015,97.626061475
0.19923706,91.555158140,85.484269250
0.19929199,79.463585874,73.442916706
0.19934692,73.504620591,73.566324475
0.19940186,76.605466857,79.644605618
0.19945679,82.739990091,85.835370809
0.19951172,86.585684011,87.335996993
0.19956665,87.733973889,88.131950722
0.19962158,88.120778026,88.109605330
0.19967651,88.214532295,88.319459256
0.19973145,77.385635121,66.451857841
0.19978638,55.697901873,44.943991230
0.19984131,33.957228791,22.970513662
0.19989624,12.094138098,1.217808899
0.19995117,1.219015576,1.220222254
0.20000610,1.219060792,1.217899329
0.20006104,1.218799206,1.219699083
0.20011597,1.219127204,1.218555324
0.20017090,1.219234007,1.219912691
0.20022583,1.219446978,1.218981266
0.20028076,1.219736561,1.220491857
0.20033569,1.219936631,1.219381404
0.20039063,1.220200994,1.221020584
0.20044556,1.220384815,1.219749047
0.20050049,1.220621787,1.221494527
0.20055542,1.220790910,1.220087294
0.20061035,1.221005483,1.221923673
0.20066528,1.221161680,1.220399687
0.20072021,1.221357952,1.222316217
0.20077515,1.221502706,1.220689194
0.20083008,1.221683647,1.222678100
0.20088501,1.221818151,1.220958202
0.20093994,1.221985927,1.223013653
0.20099487,1.222111148,1.221208643
0.20104980,1.222267384,1.223326125
0.20110474,1.222384116,1.221442107
0.20115967,1.222530068,1.223618029
0.20121460,1.222638978,1.221659926
0.20126953,1.222775644,1.223891362
0.20132446,1.222877300,1.221863238
0.20137939,1.223005495,1.224147751
0.20143433,1.223100389,1.222053027
0.20148926,1.223220791,1.224388555
0.20154419,1.223309356,1.222230158
0.20159912,1.223422541,1.224614925
0.20165405,1.223505163,1.222395402
0.20170898,1.223316671,1.224237940
0.20176392,1.223701779,1.223165618
0.20181885,1.223827491,1.224489363
0.20187378,1.224048039,1.223606714
0.20192871,1.224345887,1.225085060
0.20198364,1.224560364,1.224035669
0.20203857,1.224837163,1.225638657
0.20209351,1.225039939,1.224441221
0.20214844,1.225293163,1.226145105
0.20220337,1.225484695,1.224824285
0.20225830,1.225718694,1.226613102
0.20231323,1.225900128,1.225187155
0.20236816,1.226118527,1.227049899
0.20242310,1.226290947,1.225531995
0.20247803,1.226496380,1.227460764
0.20253296,1.226660699,1.225860635
0.20258789,1.226855083,1.227849532
0.20264282,1.227012059,1.226174587
0.20269775,1.227196830,1.228219073
0.20275269,1.227347093,1.226475113
0.20280762,1.227523353,1.228571592
0.20286255,1.227667436,1.226763280
0.20291748,1.227836058,1.228908835
0.20297241,1.227974417,1.227039999
0.20302734,1.228136107,1.229232215
0.20308228,1.228269136,1.227306058
0.20313721,1.228424480,1.229542901
0.20319214,1.228552527,1.227562152
0.20324707,1.228702016,1.229841880
0.20330200,1.228825388,1.227808896
0.20335693,1.228969446,1.230129996
0.20341187,1.229088419,1.228046842
0.20346680,1.229227414,1.230407986
0.20352173,1.229342238,1.228276490
0.20357666,1.229234545,1.230192600
0.20363159,1.229695567,1.229198533
0.20368652,1.229841930,1.230485326
0.20374146,1.230064336,1.229643345
0.20379639,1.230367095,1.231090844
0.20385132,1.230590858,1.230090871
0.20390625,1.230876320,1.231661769
0.20396118,1.231092997,1.230524224
0.20401611,1.231358452,1.232192680
0.20407104,1.231567205,1.230941731
0.20412598,1.231816336,1.232690941
0.20418091,1.232017600,1.231344260
0.20423584,1.232253537,1.233162814
0.20429077,1.232447954,1.231733094
0.20434570,1.232672983,1.233612871
0.20440063,1.232861167,1.232109463
0.20445557,1.233076955,1.234044446
0.20451050,1.233259449,1.232474451
0.20456543,1.233467240,1.234460029
0.20462036,1.233644511,1.232828993
0.20467529,1.233845262,1.234861532
0.20473022,1.234017714,1.233173895
0.20478516,1.234212178,1.235250461
0.20484009,1.234380159,1.233509858
0.20489502,1.234568945,1.235628033
0.20494995,1.234732763,1.233837492
0.20500488,1.234916370,1.235995249
0.20505981,1.235076294,1.234157339
0.20511475,1.235255143,1.236352948
0.20516968,1.235411413,1.234469878
0.20522461,1.235585863,1.236701848
0.20527954,1.235738695,1.234775542
0.20533447,1.235909056,1.237042569
0.20538940,1.236058646,1.235074722
0.20544434,1.236225187,1.237375652
0.20549927,1.236371713,1.235367775
0.20555420,1.236231475,1.237095175
0.20560913,1.236387111,1.235679047
0.20566406,1.236646823,1.237614599
0.20571899,1.236894175,1.236173751
0.20577393,1.237228102,1.238282452
0.20582886,1.237771312,1.237260171
0.20588379,1.237936725,1.238613279
0.20593872,1.238138632,1.237663986
0.20599365,1.238417206,1.239170426
0.20604858,1.238635238,1.238100050
0.20610352,1.238907369,1.239714689
0.20615845,1.239125910,1.238537130
0.20621338,1.239386547,1.240235964
0.20626831,1.239602049,1.238968134
0.20632324,1.239852323,1.240736512
0.20637817,1.240063863,1.239391215
0.20643311,1.240305288,1.241219361
0.20648804,1.240512717,1.239806073
0.20654297,1.240746561,1.241687049
0.20659790,1.240949988,1.240212927
0.20665283,1.241177250,1.242141573
0.20670776,1.241376868,1.240612163
0.20676270,1.241598334,1.242584505
0.20681763,1.241794360,1.241004216
0.20687256,1.242010658,1.243017099
0.20692749,1.242203305,1.241389511
0.20698242,1.242414944,1.243440377
0.20703735,1.242604415,1.241768453
0.20709229,1.242811816,1.243855179
0.20714722,1.242998297,1.242141415
0.20720215,1.243201814,1.244262213
0.20725708,1.243385477,1.242508740
0.20731201,1.243585411,1.244662082
0.20736694,1.243766413,1.242870745
0.20742188,1.243963025,1.245055305
0.20747681,1.244141512,1.243227720
0.20753174,1.244335027,1.245442335
0.20758667,1.244511133,1.243579932
0.20764160,1.244701753,1.245823574
0.20769653,1.244875601,1.243927629
0.20775146,1.245063504,1.246199379
0.20780640,1.245235210,1.244271040
0.20786133,1.245134920,1.245998799
0.20791626,1.245312512,1.244626225
0.20797119,1.245583894,1.246541563
0.20802612,1.245845700,1.245149837
0.20808105,1.246187351,1.247224865
0.20813599,1.246730165,1.246235465
0.20819092,1.246902289,1.247569114
0.20824585,1.247118533,1.246667953
0.20830078,1.247408214,1.248148476
0.20835571,1.247641494,1.247134512
0.20841064,1.247926557,1.248718603
0.20846558,1.248161485,1.247604367
0.20852051,1.248436460,1.249268554
0.20857544,1.248669426,1.248070298
0.20863037,1.248935227,1.249800157
0.20868530,1.249165215,1.248530273
0.20874023,1.249423214,1.250316155
0.20879517,1.249649987,1.248983820
0.20885010,1.249901344,1.250818869
0.20890503,1.250124940,1.249431011
0.20895996,1.250370571,1.251310130
0.20901489,1.250591121,1.249872112
0.20906982,1.250831743,1.251791374
0.20912476,1.251049411,1.250307448
0.20917969,1.251285596,1.252263744
0.20923462,1.251500550,1.250737355
0.20928955,1.251732759,1.252728162
0.20934448,1.251945159,1.251162155
0.20939941,1.252173771,1.253185387
0.20945435,1.252383768,1.251582149
0.20950928,1.252609101,1.253636052
0.20956421,1.252816835,1.251997617
0.20961914,1.253039155,1.254080694
0.20967407,1.253244754,1.252408815
0.20972900,1.253464293,1.254519771
0.20978394,1.253667875,1.252815979
0.20983887,1.253884832,1.254953684
0.20989380,1.254086506,1.253219328
0.20994873,1.254301055,1.255382782
0.21000366,1.254500922,1.253619061
0.21005859,1.254713219,1.255807377
0.21011353,1.254911371,1.254015366
0.21016846,1.255121555,1.256227743
0.21022339,1.255318079,1.254408415
0.21027832,1.255526273,1.256644132
0.21033325,1.255721251,1.254798370
0.21038818,1.255927569,1.257056768
0.21044312,1.256121075,1.255185382
0.21049805,1.256090409,1.256995437
0.21055298,1.256325075,1.255654714
0.21060791,1.256606427,1.257558140
0.21066284,1.257130980,1.256703820
0.21071777,1.257345890,1.257987959
0.21077271,1.257584952,1.257181944
0.21082764,1.257897191,1.258612438
0.21088257,1.258150116,1.257687795
0.21093750,1.258454778,1.259221762
0.21099243,1.258708534,1.258195307
0.21104736,1.259002051,1.259808794
0.21110229,1.259253721,1.258698647
0.21115723,1.259537691,1.260376734
0.21121216,1.259786533,1.259196332
0.21126709,1.260062656,1.260928980
0.21132202,1.260308557,1.259688135
0.21137695,1.260578169,1.261468202
0.21143188,1.260821223,1.260174243
0.21148682,1.261085334,1.261996424
0.21154175,1.261325699,1.260654973
0.21159668,1.261585082,1.262515191
0.21165161,1.261822930,1.261130669
0.21170654,1.262078187,1.263025704
0.21176147,1.262313685,1.261601666
0.21181641,1.262565292,1.263528917
0.21187134,1.262798596,1.262068276
0.21192627,1.263046938,1.264025599
0.21198120,1.263278191,1.262530784
0.21203613,1.263523584,1.264516384
0.21209106,1.263752916,1.262989448
0.21214600,1.263995625,1.265001801
0.21220093,1.264223153,1.263444505
0.21225586,1.264463401,1.265482297
0.21231079,1.264689232,1.263896167
0.21236572,1.264927212,1.265958257
0.21242065,1.265151444,1.264344630
0.21247559,1.265387323,1.266430015
0.21253052,1.265610043,1.264790072
0.21258545,1.265843966,1.266897861
0.21264038,1.266065258,1.265232656
0.21269531,1.266297355,1.267362054
0.21275024,1.266517293,1.265672533
0.21280518,1.266747678,1.267822824
0.21286011,1.266966333,1.266109843
0.21291504,1.267195110,1.268280378
0.21296997,1.267412546,1.266544714
0.21302490,1.267639808,1.268734902
0.21307983,1.267856086,1.266977269
0.21313477,1.268081918,1.269186566
0.21318970,1.268297093,1.267407620
0.21324463,1.268521573,1.269635526
0.21329956,1.268735700,1.267835873
0.21335449,1.268703815,1.269571758
0.21340942,1.268920589,1.268269420
0.21346436,1.269211503,1.270153586
0.21351929,1.269496604,1.268839622
0.21357422,1.269850713,1.270861803
0.21362915,1.270394211,1.269926618
0.21368408,1.270577753,1.271228888
0.21373901,1.270816987,1.270405085
0.21379395,1.271124822,1.271844559
0.21384888,1.271382681,1.270920802
0.21390381,1.271688779,1.272456756
0.21395874,1.271950119,1.271443483
0.21401367,1.272248329,1.273053175
0.21406860,1.272509388,1.271965602
0.21412354,1.272800264,1.273634926
0.21417847,1.273059852,1.272484778
0.21423340,1.273344522,1.274204266
0.21428833,1.273602254,1.273000243
0.21434326,1.273881700,1.274763158
0.21439819,1.274137487,1.273511816
0.21445312,1.274412487,1.275313157
0.21450806,1.274666357,1.274019558
0.21456299,1.274937517,1.275855477
0.21461792,1.275189549,1.274523621
0.21467285,1.275457349,1.276391077
0.21472778,1.275707634,1.275024191
0.21478271,1.275972460,1.276920728
0.21483765,1.276221096,1.275521463
0.21489258,1.276483259,1.277445055
0.21494751,1.276730341,1.276015627
0.21500244,1.276990102,1.277964578
0.21505737,1.277235720,1.276506861
0.21511230,1.277493295,1.278479729
0.21516724,1.277737531,1.276995333
0.21522217,1.277993106,1.278990878
0.21527710,1.278236038,1.277481198
0.21533203,1.278489770,1.279498342
0.21538696,1.278731471,1.277964600
0.21544189,1.278983498,1.280002397
0.21549683,1.279224034,1.278445671
0.21555176,1.279474477,1.280503283
0.21560669,1.279713909,1.278924535
0.21566162,1.279962874,1.281001213
0.21571655,1.280201259,1.279401306
0.21577148,1.280448841,1.281496377
0.21582642,1.280686234,1.279876090
0.21588135,1.280932518,1.281988947
0.21593628,1.281168967,1.280348987
0.21599121,1.281414031,1.282479074
0.21604614,1.281649582,1.280820090
0.21610107,1.281893495,1.282966901
0.21615601,1.282128193,1.281289485
0.21621094,1.282371019,1.283452553
0.21626587,1.282604903,1.281757254
0.21632080,1.282846701,1.283936148
0.21637573,1.283079811,1.282223474
0.21643066,1.283320634,1.284417794
0.21648560,1.283553006,1.282688217
0.21654053,1.283792904,1.284897591
0.21659546,1.284024572,1.283151552
0.21665039,1.284038846,1.284926140
0.21670532,1.284289486,1.283652832
0.21676025,1.284588504,1.285524177
0.21681519,1.284878700,1.284233223
0.21687012,1.285233508,1.286233792
0.21692505,1.285787262,1.285340731
0.21697998,1.285980466,1.286620200
0.21703491,1.286225307,1.285830413
0.21708984,1.286539462,1.287248511
0.21714478,1.286805103,1.286361696
0.21719971,1.287118530,1.287875364
0.21725464,1.287389024,1.286902684
0.21730957,1.287695598,1.288488512
0.21736450,1.287966825,1.287445139
0.21741943,1.288266949,1.289088760
0.21747437,1.288537516,1.287986271
0.21752930,1.288832186,1.289678100
0.21758423,1.289101572,1.288525044
0.21763916,1.289391667,1.290258290
0.21769409,1.289659690,1.289061090
0.21774902,1.289945908,1.290830726
0.21780396,1.290212527,1.289594329
0.21785889,1.290495414,1.291396499
0.21791382,1.290760652,1.290124804
0.21796875,1.291040637,1.291956470
0.21802368,1.291304543,1.290652617
0.21807861,1.291581972,1.292511327
0.21813354,1.291844609,1.291177890
0.21818848,1.292119760,1.293061629
0.21824341,1.292381191,1.291700754
0.21829834,1.292654296,1.293607838
0.21835327,1.292914587,1.292221336
0.21840820,1.293185837,1.294150338
0.21846313,1.293445049,1.292739761
0.21851807,1.293714608,1.294689456
0.21857300,1.293972800,1.293256145
0.21862793,1.294240808,1.295225471
0.21868286,1.294498034,1.293770598
0.21873779,1.294764611,1.295758625
0.21879272,1.295020923,1.294283221
0.21884766,1.295286175,1.296289128
0.21890259,1.295541620,1.294794112
0.21895752,1.295805639,1.296817167
0.21901245,1.296060263,1.295303359
0.21906738,1.296323132,1.297342906
0.21912231,1.296576975,1.295811044
0.21917725,1.296804137,1.297797231
0.21923218,1.296987716,1.296178201
0.21928711,1.297169794,1.298161386
0.21934204,1.297334231,1.296507076
0.21939697,1.297501110,1.298495145
0.21945190,1.297654846,1.296814548
0.21950684,1.297812343,1.298810139
0.21956177,1.297958510,1.297106881
0.21961670,1.298108986,1.299111092
0.21967163,1.298249130,1.297387168
0.21972656,1.298393821,1.299400473
0.21978149,1.298528830,1.297657186
0.21983643,1.298668473,1.299679760
0.21989136,1.298798907,1.297918054
0.21994629,1.298933984,1.299949914
0.22000122,1.299060218,1.298170521
0.22005615,1.299191058,1.300211594
0.22011108,1.299313353,1.298415111
0.22016602,1.299440190,1.300465270
0.22022095,1.299558734,1.298652198
0.22027588,1.299681741,1.300711283
0.22033081,1.299796670,1.298882056
0.22038574,1.299915972,1.300949888
0.22044067,1.300027386,1.299104884
0.22049561,1.300143078,1.301181272
0.22055054,1.300251050,1.299320828
0.22060547,1.300363201,1.301405574
0.22066040,1.300467783,1.299529992
0.22071533,1.300576444,1.301622895
0.22077026,1.300677672,1.299732450
0.22082520,1.300782877,1.301833304
0.22088013,1.300880774,1.299928245
0.22093506,1.300982545,1.302036846
0.22098999,1.301077124,1.300117402
0.22104492,1.301175474,1.302233545
0.22109985,1.301266736,1.300299927
0.22115479,1.301042067,1.301784207
0.22120972,1.301148812,1.300513416
0.22126465,1.301278283,1.302043150
0.22131958,1.301400408,1.300757665
0.22137451,1.301606434,1.302455203
0.22142944,1.301717069,1.300978935
0.22148438,1.301850290,1.302721644
0.22153931,1.301953180,1.301184715
0.22159424,1.302090554,1.302996393
0.22164917,1.302397784,1.301799174
0.22170410,1.302420007,1.303040839
0.22175903,1.302489016,1.301937192
0.22181396,1.302610981,1.303284770
0.22186890,1.302694343,1.302103915
0.22192383,1.302814918,1.303525921
0.22197876,1.302899904,1.302273888
0.22203369,1.303013148,1.303752409
0.22208862,1.303096248,1.302440088
0.22214355,1.303201942,1.303963796
0.22219849,1.303281820,1.302599844
0.22225342,1.303380415,1.304160987
0.22230835,1.303456461,1.302751936
0.22236328,1.303548416,1.304344895
0.22241821,1.303620311,1.302895727
0.22247314,1.303705989,1.304516251
0.22252808,1.303773546,1.303030841
0.22258301,1.303853224,1.304675606
0.22263794,1.303916318,1.303157031
0.22269287,1.303990197,1.304823363
0.22274780,1.304048737,1.303274110
0.22280273,1.304116961,1.304959812
0.22285767,1.304170867,1.303381922
0.22291260,1.304233538,1.305085154
0.22296753,1.304282739,1.303480324
0.22302246,1.304339922,1.305199519
0.22307739,1.304384349,1.303569178
0.22313232,1.304436080,1.305302982
0.22318726,1.304475661,1.303648340
0.22324219,1.304521955,1.305395569
0.22329712,1.304556618,1.303717666
0.22335205,1.304597469,1.305477272
0.22340698,1.304627137,1.303777002
0.22346191,1.304662525,1.305548047
0.22351685,1.304687117,1.303826186
0.22357178,1.304717006,1.305607825
0.22362671,1.304736437,1.303865049
0.22368164,1.304760780,1.305656511
0.22373657,1.304774960,1.303893409
0.22379150,1.304793699,1.305693988
0.22384644,1.304802533,1.303911078
0.22390137,1.304815599,1.305720120
0.22395630,1.304818988,1.303917856
0.22401123,1.304826304,1.305734751
0.22406616,1.304824143,1.303913534
0.22412109,1.304825622,1.305737711
0.22417603,1.304817800,1.303897890
0.22423096,1.304813350,1.305728811
0.22428589,1.304799752,1.303870694
0.22434082,1.304789271,1.305707847
0.22439575,1.304769776,1.303831704
0.22445068,1.304753153,1.305674602
0.22450562,1.304727635,1.303780667
0.22456055,1.304704755,1.305628842
0.22461548,1.304673081,1.303717319
0.22467041,1.304643820,1.305570321
0.22472534,1.304605852,1.303641383
0.22478027,1.304570079,1.305498775
0.22483521,1.304525673,1.303552571
0.22489014,1.304483251,1.305413930
0.22494507,1.304432257,1.303450584
0.22500000,1.304383040,1.305315495
0.22505493,1.304325302,1.303335108
0.22510986,1.304269137,1.305203166
0.22516479,1.304204491,1.303205816
0.22521973,1.304141220,1.305076624
0.22527466,1.304069497,1.303062371
0.22532959,1.303998952,1.304935534
0.22538452,1.303919976,1.302904418
0.22543945,1.303841982,1.304779547
0.22549438,1.303755568,1.302731589
0.22554932,1.303669943,1.304608297
0.22560425,1.303575900,1.302543503
0.22565918,1.303482454,1.304421406
0.22571411,1.303380583,1.302339760
0.22576904,1.303279117,1.304218473
0.22582397,1.303169211,1.302119948
0.22587891,1.303059517,1.303999087
0.22593384,1.302941361,1.301883636
0.22598877,1.302823225,1.303762814
0.22604370,1.302696594,1.301630375
0.22609863,1.302569790,1.303509205
0.22615356,1.302434453,1.301359700
0.22620850,1.302298745,1.303237791
0.22626343,1.302154459,1.301071128
0.22631836,1.302009606,1.302948083
0.22637329,1.301856118,1.300764153
0.22642822,1.301701864,1.302639575
0.22648315,1.301538914,1.300438252
0.22653809,1.301374994,1.302311735
0.22659302,1.301202308,1.300092881
0.22664795,1.301028447,1.301964013
0.22670288,1.300845742,1.299727471
0.22675781,1.300661653,1.301595835
0.22681274,1.300468634,1.299341434
0.22686768,1.300274018,1.301206603
0.22692261,1.300070378,1.298934154
0.22697754,1.299864924,1.300795694
0.22703247,1.299650343,1.298504993
0.22708740,1.299433726,1.300362460
0.22714233,1.299207872,1.298053285
0.22719727,1.298979755,1.299906225
0.22725220,1.298742282,1.297578338
0.22730713,1.298502312,1.299426286
0.22736206,1.298252858,1.297079431
0.22741699,1.298000670,1.298921910
0.22747192,1.297738861,1.296555811
0.22752686,1.297474072,1.298392332
0.22758179,1.297199515,1.296006697
0.22763672,1.296921727,1.297836757
0.22769165,1.296634014,1.295431272
0.22774658,1.296342812,1.297254353
0.22780151,1.296041519,1.294828686
0.22785645,1.295736470,1.296644255
0.22791138,1.295421153,1.294198052
0.22796631,1.295101805,1.296005559
0.22802124,1.294772002,1.293538445
0.22807617,1.294437885,1.295337324
0.22813110,1.294093113,1.292848901
0.22818604,1.293743733,1.294638566
0.22824097,1.293383489,1.292128413
0.22829590,1.293018335,1.293908258
0.22835083,1.292642094,1.291375930
0.22840576,1.292260629,1.293145329
0.22846069,1.291867841,1.290590354
0.22851562,1.291469506,1.292348658
0.22857056,1.291059599,1.289770540
0.22862549,1.290643808,1.291517076
0.22868042,1.290216183,1.288915290
0.22873535,1.289782326,1.290649361
0.22879028,1.289336357,1.288023352
0.22884521,1.288883793,1.289744234
0.22890015,1.288418826,1.287093418
0.22895508,1.287946888,1.288800358
0.22901001,1.287462238,1.286124117
0.22906494,1.286970226,1.287816334
0.22911987,1.286465177,1.285114019
0.22917480,1.285952359,1.286790699
0.22922974,1.285426161,1.284061624
0.22928467,1.284891771,1.285721919
0.22933960,1.284343640,1.282965361
0.22939453,1.283786875,1.284608389
0.22944946,1.283215987,1.281823586
0.22950439,1.282636006,1.283448426
0.22955933,1.282041501,1.280634575
0.22961426,1.281437422,1.282240268
0.22966919,1.280818395,1.279396522
0.22972412,1.280189293,1.280982064
0.22977905,1.279544797,1.278107531
0.22983398,1.278889703,1.279671875
0.22988892,1.278218743,1.276765612
0.22994385,1.277536638,1.278307663
0.22999878,1.276838171,1.275368679
0.23005371,1.276127985,1.276887291
0.23010864,1.275400914,1.273914537
0.23016357,1.274661524,1.275408510
0.23021851,1.273904697,1.272400884
0.23027344,1.273134923,1.273868961
0.23032837,1.272347129,1.270825297
0.23038330,1.271545728,1.272266160
0.23043823,1.270725694,1.269185227
0.23049316,1.269891361,1.270597494
0.23054810,1.269037745,1.267477995
0.23060303,1.268169104,1.268860214
0.23065796,1.267280495,1.265700776
0.23071289,1.266376100,1.267051424
0.23076782,1.265451012,1.263850599
0.23082275,1.264509335,1.265168072
0.23087769,1.263546200,1.261924329
0.23093262,1.262565635,1.263206941
0.23098755,1.261562801,1.259918661
0.23104248,1.260541649,1.261164637
0.23109741,1.259497373,1.257830109
0.23115234,1.258433844,1.259037580
0.23120728,1.257346286,1.255654992
0.23126221,1.256238489,1.256821986
0.23131714,1.255105703,1.253389420
0.23137207,1.253951639,1.254513858
0.23142700,1.252771571,1.251029284
0.23148193,1.251569128,1.252108972
0.23153687,1.250339605,1.248570237
0.23159180,1.249086546,1.249602856
0.23164673,1.247805267,1.246007678
0.23170166,1.246499228,1.246990777
0.23175659,1.245163756,1.243336736
0.23181152,1.243802229,1.244267721
0.23186646,1.242409985,1.240552248
0.23192139,1.240990311,1.241428374
0.23197632,1.239538557,1.237648741
0.23203125,1.238057919,1.238467097
0.23208618,1.236543751,1.234620405
0.23214111,1.234999156,1.235377907
0.23219604,1.233419490,1.231461073
0.23225098,1.231807759,1.232154445
0.23230591,1.230159318,1.228164191
0.23236084,1.228477073,1.228789955
0.23241577,1.226756371,1.224722787
0.23247070,1.225000017,1.225277247
0.23252563,1.223203346,1.221129445
0.23258057,1.221369056,1.221608667
0.23263550,1.219492465,1.217376264
0.23269043,1.217576162,1.217776060
0.23274536,1.215615441,1.213454821
0.23280029,1.213612775,1.213770728
0.23285522,1.211563431,1.209356134
0.23291016,1.209469762,1.209583390
0.23296509,1.207327000,1.205070610
0.23302002,1.205137370,1.205204131
0.23307495,1.202896064,1.200587997
0.23312988,1.200605174,1.200622351
0.23318481,1.198259841,1.195897331
0.23323975,1.195862020,1.195826708
0.23329468,1.193406791,1.190986874
0.23334961,1.190895963,1.190805052
0.23340454,1.188324550,1.185844048
0.23345947,1.185694203,1.185544358
0.23351440,1.182999859,1.180455360
0.23356934,1.180243004,1.180030649
0.23362427,1.177418487,1.174806324
0.23367920,1.174527616,1.174248908
0.23373413,1.171565140,1.168881372
0.23378906,1.168532180,1.168182989
0.23384399,1.165423370,1.162663751
0.23389893,1.162239630,1.161815509
0.23395386,1.158975464,1.156135419
0.23400879,1.155631577,1.155127735
0.23406372,1.152202327,1.149276919
0.23411865,1.148688188,1.148099456
0.23417358,1.145083353,1.142067249
0.23422852,1.141388045,1.140708841
0.23428345,1.137596275,1.134483708
0.23433838,1.133707993,1.132932278
0.23439331,1.129717004,1.126501731
0.23444824,1.125622966,1.124744202
0.23450317,1.121419451,1.118094699
0.23455811,1.117105796,1.116116893
0.23461304,1.112675314,1.109233736
0.23466797,1.108126996,1.107020257
0.23472290,1.103453862,1.099887468
0.23477783,1.098654523,1.097421578
0.23483276,1.093721671,1.090021765
0.23488770,1.088653501,1.087285237
0.23494263,1.083442340,1.079599442
0.23499756,1.078085922,1.076572402
0.23505249,1.072576164,1.068579927
0.23510742,1.066910296,1.065240666
0.23516235,1.061079773,1.056918881
0.23521729,1.055081268,1.053243654
0.23527222,1.048905716,1.044567777
0.23532715,1.062311789,1.080055802
0.23538208,1.088188503,1.096321204
0.23543701,1.097462839,1.098604475
0.23549194,1.086719318,1.074834161
0.23554688,1.065192683,1.055551204
0.23560181,1.048762664,1.041974124
0.23565674,1.038517089,1.035060054
0.23571167,1.028992533,1.022925013
0.23576660,1.020195964,1.017466916
0.23582153,1.011543229,1.005619542
0.23587646,1.002969367,1.000319192
0.23593140,0.994348007,0.988376823
0.23598633,0.985611044,0.982845265
0.23604126,0.976732209,0.970619154
0.23609619,0.967649362,0.964679570
0.23615112,0.958364163,0.952048755
0.23620605,0.948820744,0.945592734
0.23626099,0.939028162,0.932463590
0.23631592,0.928935618,0.925407647
0.23637085,0.918552565,0.911697483
0.23642578,0.907831946,0.903966409
0.23648071,0.896780958,0.889595506
0.23653564,0.885355104,0.881114701
0.23659058,0.873558236,0.866001771
0.23664551,0.861347399,0.856693026
0.23670044,0.848722602,0.840752178
0.23675537,0.835641530,0.830530883
0.23681030,0.822100060,0.813669237
0.23686523,0.808055698,0.802442158
0.23692017,0.793499935,0.784557713
0.23697510,0.778389324,0.772220934
0.23703003,0.762710684,0.753200433
0.23708496,0.746418833,0.739637234
0.23713989,0.729495560,0.719353886
0.23719482,0.711893143,0.704432400
0.23724976,0.693587866,0.682743332
0.23730469,0.674528601,0.666313871
0.23735962,0.654685527,0.643057183
0.23741455,0.634003146,0.624949108
0.23746948,0.612444765,0.599940422
0.23752441,0.589949420,0.579958419
0.23757935,0.566472595,0.552986771
0.23763428,0.541946581,0.530906391
0.23768921,0.516317845,0.501729299
0.23774414,0.489510430,0.477291561
0.23779907,0.549988906,0.622686249
0.23785400,0.679400978,0.736115705
0.23790894,0.723880763,0.711645820
0.23796387,0.674816057,0.637986293
0.23801880,0.579883934,0.521781575
0.23807373,0.503412503,0.485043430
0.23812866,0.457345499,0.429647567
0.23818359,0.412769708,0.395891849
0.23823853,0.371804779,0.347717710
0.23829346,0.330150464,0.312583219
0.23834839,0.288605488,0.264627757
0.23840332,0.245573296,0.226518836
0.23845825,0.201417156,0.176315476
0.23851318,0.155272009,0.134228542
0.23856812,0.107293095,0.080357648
0.23862305,0.056886353,0.033415058
0.23867798,0.004079600,-0.025255858
0.23873291,-0.051610491,-0.077965123
0.23878784,-0.110251509,-0.142537894
0.23884277,-0.172288967,-0.202040039
0.23889771,-0.237874792,-0.273709543
0.23895264,-0.307458769,-0.341207994
0.23900757,-0.381277606,-0.421347218
0.23906250,-0.459816163,-0.498285107
0.23911743,-0.294632302,-0.090979512
0.23917236,0.058459965,0.207899434
0.23922729,0.180049101,0.152198769
0.23928223,0.045627487,-0.060943791
0.23933716,-0.220049925,-0.379156048
0.23939209,-0.437383137,-0.495610225
0.23944702,-0.573769137,-0.651928046
0.23950195,-0.708585820,-0.765243594
0.23955688,-0.836648383,-0.908053170
0.23961182,-0.969887912,-1.031722653
0.23966675,-1.106794209,-1.181865762
0.23972168,-1.252100305,-1.322334846
0.23977661,-1.405594003,-1.488853157
0.23983154,-1.570234463,-1.651615766
0.23988647,-1.746556600,-1.841497431
0.23994141,-1.405376698,-0.969256039
0.23999634,-0.683344078,-0.397432149
0.24005127,-0.438147027,-0.478861903
0.24010620,-0.719761651,-0.960661377
0.24016113,-1.287809164,-1.614956909
0.24021606,-1.757373653,-1.899790390
0.24027100,-2.065025227,-2.230260053
0.24032593,-2.374635737,-2.519011413
0.24038086,-2.678593273,-2.838175123
0.24043579,-3.001539790,-3.164904447
0.24049072,-3.343282052,-3.521659644
0.24054565,-3.714557145,-3.907454631
0.24060059,-3.075283463,-2.243112567
0.24065552,-1.701092992,-1.159073533
0.24071045,-1.255465774,-1.351858011
0.24076538,-1.805839812,-2.259821533
0.24082031,-2.919991189,-3.580160674
0.24087524,-3.869213184,-4.158265660
0.24093018,-4.513748211,-4.869230713
0.24098511,-5.181261873,-5.493292995
0.24104004,-5.856247336,-6.219201625
0.24109497,-6.593213209,-6.967224738
0.24114990,-5.470286837,-3.973349813
0.24120483,-7.425885376,-10.878416266
0.24125977,-9.110464449,-10.461385863
0.24131470,-9.110464449,-10.520848880
0.24136963,-9.110464449,-9.674733005
0.24142456,-9.110464449,-10.196535693
0.24147949,-9.110464449,-9.628140496
0.24153442,-9.110464449,-10.010117940
0.24158936,-9.110464449,-9.631921482
0.24164429,-9.110464449,-9.885173779
0.24169922,-9.110464449,-9.639189861
0.24175415,-9.110464449,-9.794791050
0.24180908,-9.110464449,-9.643769881
0.24186401,-9.110464449,-9.726436379
0.24191895,-9.110464449,-9.645249761
0.24197388,-9.110464449,-9.673223869
0.24202881,-9.110464449,-9.644151922
0.24208374,-9.110464449,-9.630948566
0.24213867,-9.110464449,-9.641058266
0.24219360,-9.110464449,-9.596852742
0.24224854,-9.110464449,-9.636453978
0.24230347,-9.110464449,-9.569033655
0.24235840,-9.110464449,-9.630718883
0.24241333,-9.110464449,-9.546127805
0.24246826,-9.110464449,-9.624146376
0.24252319,-9.110464449,-9.527128943
0.24257813,-9.110464449,-9.616963448
0.24263306,-9.110464449,-9.511276743
0.24268799,-9.110464449,-9.609346739
0.24274292,-9.110464449,-9.497985466
0.24279785,-9.110464449,-9.601434590
0.24285278,-9.110464449,-9.486796517
0.24290771,-9.110464449,-9.593335932
0.24296265,-9.110464449,-9.477345897
0.24301758,-9.110464449,-9.585136876
0.24307251,-9.110464449,-9.469341294
0.24312744,-9.110464449,-9.576905638
0.24318237,-9.110464449,-9.462545594
0.24323730,-9.110464449,-9.568696279
0.24329224,-9.110464449,-9.456764775
0.24334717,-9.110464449,-9.560551567
0.24340210,-9.110464449,-9.451838871
0.24345703,-9.110464449,-9.552505203
0.24351196,-9.110464449,-9.447635123
0.24356689,-9.110464449,-9.544583568
0.24362183,-9.110464449,-9.444042715
0.24367676,-9.110464449,-9.536807105
0.24373169,-9.110464449,-9.440968676
0.24378662,-9.110464449,-9.529191429
0.24384155,-9.110464449,-9.438334665
0.24389648,-9.110464449,-9.521748210
0.24395142,-9.110464449,-9.436074414
0.24400635,-9.110464449,-9.514485901
0.24406128,-9.110464449,-9.434131675
0.24411621,-9.110464449,-9.507410320
0.24417114,-9.110464449,-9.432458566
0.24422607,-9.110464449,-9.500525130
0.24428101,-9.110464449,-9.431014225
0.24433594,-9.110464449,-9.493832236
0.24439087,-9.110464449,-9.429763704
0.24444580,-9.110464449,-9.487332109
0.24450073,-9.110464449,-9.428677061
0.24455566,-9.110464449,-9.481024051
0.24461060,-9.110464449,-9.427728601
0.24466553,-9.110464449,-9.474906425
0.24472046,-9.110464449,-9.426896251
0.24477539,-9.110464449,-9.468976831
0.24483032,-9.110464449,-9.426161029
0.24488525,-9.110464449,-9.463232267
0.24494019,-9.110464449,-9.425506605
0.24499512,-9.110464449,-9.457669251
0.24505005,-9.110464449,-9.424918925
0.24510498,-9.110464449,-9.452283933
0.24515991,-9.110464449,-9.424385893
0.24521484,-9.110464449,-9.447072179
0.24526978,-9.110464449,-9.423897102
0.24532471,-9.110464449,-9.442029646
0.24537964,-9.110464449,-9.423443602
0.24543457,-9.110464449,-9.437151846
0.24548950,-9.110464449,-9.423017710
0.24554443,-9.110464449,-9.432434194
0.24559937,-9.110464449,-9.422612830
0.24565430,-9.110464449,-9.427872053
0.24570923,-9.110464449,-9.422223317
0.24576416,-9.110464449,-9.423460765
0.24581909,-9.110464449,-9.421844348
0.24587402,-9.110464449,-9.419195687
0.24592896,-9.110464449,-9.421471814
0.24598389,-9.110464449,-9.415072206
0.24603882,-9.110464449,-9.421102226
0.24609375,-9.110464449,-9.411085765
0.24614868,-9.110464449,-9.420732636
0.24620361,-9.110464449,-9.407231876
0.24625854,-9.110464449,-9.420360562
0.24631348,-9.110464449,-9.403506133
0.24636841,-9.110464449,-9.419983934
0.24642334,-9.110464449,-9.399904221
0.24647827,-9.110464449,-9.419601033
0.24653320,-9.110464449,-9.396421925
0.24658813,-9.110464449,-9.419210449
0.24664307,-9.110464449,-9.393055137
0.24669800,-9.110464449,-9.418811040
0.24675293,-9.110464449,-9.389799854
0.24680786,-9.110464449,-9.418401893
0.24686279,-9.110464449,-9.386652191
0.24691772,-9.110464449,-9.417982298
0.24697266,-9.110464449,-9.383608373
0.24702759,-9.110464449,-9.417551720
0.24708252,-9.110464449,-9.380664743
0.24713745,-9.110464449,-9.417109771
0.24719238,-9.110464449,-9.377817757
0.24724731,-9.110464449,-9.416656194
0.24730225,-9.110464449,-9.375063987
0.24735718,-9.110464449,-9.416190843
0.24741211,-9.110464449,-9.372400119
0.24746704,-9.110464449,-9.415713666
0.24752197,-9.110464449,-9.369822950
0.24757690,-9.110464449,-9.415224693
0.24763184,-9.110464449,-9.367329389
0.24768677,-9.110464449,-9.414724022
0.24774170,-9.110464449,-9.364916450
0.24779663,-9.110464449,-9.414211811
0.24785156,-9.110464449,-9.362581256
0.24790649,-9.110464449,-9.413688266
0.24796143,-9.110464449,-9.360321033
0.24801636,-9.110464449,-9.413153632
0.24807129,-9.110464449,-9.358133105
0.24812622,-9.110464449,-9.412608189
0.24818115,-9.110464449,-9.356014896
0.24823608,-9.110464449,-9.412052246
0.24829102,-9.110464449,-9.353963925
0.24834595,-9.110464449,-9.411486130
0.24840088,-9.110464449,-9.351977801
0.24845581,-9.110464449,-9.410910187
0.24851074,-9.110464449,-9.350054226
0.24856567,-9.110464449,-9.410324778
0.24862061,-9.110464449,-9.348190985
0.24867554,-9.110464449,-9.409730268
0.24873047,-9.110464449,-9.346385947
0.24878540,-9.110464449,-9.409127034
0.24884033,-9.110464449,-9.344637062
0.24889526,-9.110464449,-9.408515453
0.24895020,-9.110464449,-9.342942358
0.24900513,-9.110464449,-9.407895904
0.24906006,-9.110464449,-9.341299939
0.24911499,-9.110464449,-9.407268765
0.24916992,-9.110464449,-9.339707979
0.24922485,-9.110464449,-9.406634413
0.24927979,-9.110464449,-9.338164723
0.24933472,-9.110464449,-9.405993219
0.24938965,-9.110464449,-9.336668483
0.24944458,-9.110464449,-9.405345551
0.24949951,-9.110464449,-9.335217636
0.24955444,-9.110464449,-9.404691769
0.24960937,-9.110464449,-9.333810620
0.24966431,-9.110464449,-9.404032227
0.24971924,-9.110464449,-9.332445934
0.24977417,-9.110464449,-9.403367271
0.24982910,-9.110464449,-9.331122134
0.24988403,-9.110464449,-9.402697240
0.24993896,-9.110464449,-9.329837831
0.24999390,-9.110464449,-9.402022462
0.25004883,-9.110464449,-9.328591690
0.25010376,-9.110464449,-9.401343258
0.25015869,-9.110464449,-9.327382425
0.25021362,-9.110464449,-9.400659940
0.25026855,-9.110464449,-9.326208801
0.25032349,-9.110464449,-9.399972807
0.25037842,-9.110464449,-9.325069630
0.25043335,-9.110464449,-9.399282154
0.25048828,-9.110464449,-9.323963768
0.25054321,-9.110464449,-9.398588262
0.25059814,-9.110464449,-9.322890115
0.25065308,-9.110464449,-9.397891404
0.25070801,-9.110464449,-9.321847613
0.25076294,-9.110464449,-9.397191844
0.25081787,-9.110464449,-9.320835244
0.25087280,-9.110464449,-9.396489835
0.25092773,-9.110464449,-9.319852027
0.25098267,-9.110464449,-9.395785622
0.25103760,-9.110464449,-9.318897021
0.25109253,-9.110464449,-9.395079441
0.25114746,-9.110464449,-9.317969318
0.25120239,-9.110464449,-9.394371517
0.25125732,-9.110464449,-9.317068043
0.25131226,-9.110464449,-9.393662069
0.25136719,-9.110464449,-9.316192357
0.25142212,-9.110464449,-9.392951304
0.25147705,-9.110464449,-9.315341449
0.25153198,-9.110464449,-9.392239423
0.25158691,-9.110464449,-9.314514540
0.25164185,-9.110464449,-9.391526617
0.25169678,-9.110464449,-9.313710879
0.25175171,-9.110464449,-9.390813071
0.25180664,-9.110464449,-9.312929743
0.25186157,-9.110464449,-9.390098961
0.25191650,-9.110464449,-9.312170436
0.25197144,-9.110464449,-9.389384454
0.25202637,-9.110464449,-9.311432286
0.25208130,-9.110464449,-9.388669712
0.25213623,-9.110464449,-9.310714648
0.25219116,-9.110464449,-9.387954889
0.25224609,-9.110464449,-9.310016897
0.25230103,-9.110464449,-9.387240131
0.25235596,-9.110464449,-9.309338434
0.25241089,-9.110464449,-9.386525579
0.25246582,-9.110464449,-9.308678679
0.25252075,-9.110464449,-9.385811366
0.25257568,-9.110464449,-9.308037074
0.25263062,-9.110464449,-9.385097619
0.25268555,-9.110464449,-9.307413082
0.25274048,-9.110464449,-9.384384461
0.25279541,-9.110464449,-9.306806183
0.25285034,-9.110464449,-9.383672007
0.25290527,-9.110464449,-9.306215877
0.25296021,-9.110464449,-9.382960367
0.25301514,-9.110464449,-9.305641681
0.25307007,-9.110464449,-9.382249646
0.25312500,-9.110464449,-9.305083128
0.25317993,-9.110464449,-9.381539943
0.25323486,-9.110464449,-9.304539770
0.25328979,-9.110464449,-9.380831352
0.25334473,-9.110464449,-9.304011171
0.25339966,-9.110464449,-9.380123965
0.25345459,-9.110464449,-9.303496914
0.25350952,-9.110464449,-9.379417864
0.25356445,-9.110464449,-9.302996593
0.25361938,-9.110464449,-9.378713133
0.25367432,-9.110464449,-9.302509818
0.25372925,-9.110464449,-9.378009846
0.25378418,-9.110464449,-9.302036212
0.25383911,-9.110464449,-9.377308076
0.25389404,-9.110464449,-9.301575409
0.25394897,-9.110464449,-9.376607893
0.25400391,-9.110464449,-9.301127059
0.25405884,-9.110464449,-9.375909361
0.25411377,-9.110464449,-9.300690819
0.25416870,-9.110464449,-9.375212540
0.25422363,-9.110464449,-9.300266363
0.25427856,-9.110464449,-9.374517490
0.25433350,-9.110464449,-9.299853370
0.25438843,-9.110464449,-9.373824264
0.25444336,-9.110464449,-9.299451535
0.25449829,-9.110464449,-9.373132914
0.25455322,-9.110464449,-9.299060559
0.25460815,-9.110464449,-9.372443488
0.25466309,-9.110464449,-9.298680155
0.25471802,-9.110464449,-9.371756033
0.25477295,-9.110464449,-9.298310044
0.25482788,-9.110464449,-9.371070590
0.25488281,-9.110464449,-9.297949958
0.25493774,-9.110464449,-9.370387199
0.25499268,-9.110464449,-9.297599635
0.25504761,-9.110464449,-9.369705900
0.25510254,-9.110464449,-9.297258824
0.25515747,-9.110464449,-9.369026726
0.25521240,-9.110464449,-9.296927280
0.25526733,-9.110464449,-9.368349711
0.25532227,-9.110464449,-9.296604767
0.25537720,-9.110464449,-9.367674886
0.25543213,-9.110464449,-9.296291055
0.25548706,-9.110464449,-9.367002278
0.25554199,-9.110464449,-9.295985923
0.25559692,-9.110464449,-9.366331916
0.25565186,-9.110464449,-9.295689156
0.25570679,-9.110464449,-9.365663823
0.25576172,-9.110464449,-9.295400545
0.25581665,-9.110464449,-9.364998023
0.25587158,-9.110464449,-9.295119888
0.25592651,-9.110464449,-9.364334537
0.25598145,-9.110464449,-9.294846990
0.25603638,-9.110464449,-9.363673385
0.25609131,-9.110464449,-9.294581660
0.25614624,-9.110464449,-9.363014584
0.25620117,-9.110464449,-9.294323716
0.25625610,-9.110464449,-9.362358151
0.25631104,-9.110464449,-9.294072977
0.25636597,-9.110464449,-9.361704101
0.25642090,-9.110464449,-9.293829270
0.25647583,-9.110464449,-9.361052448
0.25653076,-9.110464449,-9.293592429
0.25658569,-9.110464449,-9.360403204
0.25664063,-9.110464449,-9.293362288
0.25669556,-9.110464449,-9.359756380
0.25675049,-9.110464449,-9.293138691
0.25680542,-9.110464449,-9.359111987
0.25686035,-9.110464449,-9.292921483
0.25691528,-9.110464449,-9.358470034
0.25697021,-9.110464449,-9.292710514
0.25702515,-9.110464449,-9.357830528
0.25708008,-9.110464449,-9.292505640
0.25713501,-9.110464449,-9.357193475
0.25718994,-9.110464449,-9.292306719
0.25724487,-9.110464449,-9.356558883
0.25729980,-9.110464449,-9.292113615
0.25735474,-9.110464449,-9.355926755
0.25740967,-9.110464449,-9.291926195
0.25746460,-9.110464449,-9.355297097
0.25751953,-9.110464449,-9.291744329
0.25757446,-9.110464449,-9.354669911
0.25762939,-9.110464449,-9.291567891
0.25768433,-9.110464449,-9.354045199
0.25773926,-9.110464449,-9.291396760
0.25779419,-9.110464449,-9.353422964
0.25784912,-9.110464449,-9.291230815
0.25790405,-9.110464449,-9.352803206
0.25795898,-9.110464449,-9.291069942
0.25801392,-9.110464449,-9.352185926
0.25806885,-9.110464449,-9.290914027
0.25812378,-9.110464449,-9.351571124
0.25817871,-9.110464449,-9.290762962
0.25823364,-9.110464449,-9.350958798
0.25828857,-9.110464449,-9.290616639
0.25834351,-9.110464449,-9.350348948
0.25839844,-9.110464449,-9.290474954
0.25845337,-9.110464449,-9.349741571
0.25850830,-9.110464449,-9.290337808
0.25856323,-9.110464449,-9.349136665
0.25861816,-9.110464449,-9.290205100
0.25867310,-9.110464449,-9.348534227
0.25872803,-9.110464449,-9.290076736
0.25878296,-9.110464449,-9.347934253
0.25883789,-9.110464449,-9.289952622
0.25889282,-9.110464449,-9.347336740
0.25894775,-9.110464449,-9.289832667
0.25900269,-9.110464449,-9.346741684
0.25905762,-9.110464449,-9.289716782
0.25911255,-9.110464449,-9.346149079
0.25916748,-9.110464449,-9.289604881
0.25922241,-9.110464449,-9.345558921
0.25927734,-9.110464449,-9.289496879
0.25933228,-9.110464449,-9.344971204
0.25938721,-9.110464449,-9.289392695
0.25944214,-9.110464449,-9.344385924
0.25949707,-9.110464449,-9.289292249
0.25955200,-9.110464449,-9.343803073
0.25960693,-9.110464449,-9.289195462
0.25966187,-9.110464449,-9.343222646
0.25971680,-9.110464449,-9.289102257
0.25977173,-9.110464449,-9.342644636
0.25982666,-9.110464449,-9.289012562
0.25988159,-9.110464449,-9.342069037
0.25993652,-9.110464449,-9.288926302
0.25999146,-9.110464449,-9.341495841
0.26004639,-9.110464449,-9.288843408
0.26010132,-9.110464449,-9.340925041
0.26015625,-9.110464449,-9.288763811
0.26021118,-9.110464449,-9.340356630
0.26026611,-9.110464449,-9.288687442
0.26032104,-9.110464449,-9.339790600
0.26037598,-9.110464449,-9.288614236
0.26043091,-9.110464449,-9.339226944
0.26048584,-9.110464449,-9.288544129
0.26054077,-9.110464449,-9.338665654
0.26059570,-9.110464449,-9.288477057
0.26065063,-9.110464449,-9.338106721
0.26070557,-9.110464449,-9.288412960
0.26076050,-9.110464449,-9.337550137
0.26081543,-9.110464449,-9.288351778
0.26087036,-9.110464449,-9.336995894
0.26092529,-9.110464449,-9.288293451
0.26098022,-9.110464449,-9.336443983
0.26103516,-9.110464449,-9.288237923
0.26109009,-9.110464449,-9.335894396
0.26114502,-9.110464449,-9.288185138
0.26119995,-9.110464449,-9.335347124
0.26125488,-9.110464449,-9.288135040
0.26130981,-9.110464449,-9.334802158
0.26136475,-9.110464449,-9.288087578
0.26141968,-9.110464449,-9.334259490
0.26147461,-9.110464449,-9.288042697
0.26152954,-9.110464449,-9.333719110
0.26158447,-9.110464449,-9.288000347
0.26163940,-9.110464449,-9.333181009
0.26169434,-9.110464449,-9.287960479
0.26174927,-9.110464449,-9.332645178
0.26180420,-9.110464449,-9.287923043
0.26185913,-9.110464449,-9.332111607
0.26191406,-9.110464449,-9.287887987
0.26196899,-9.110464449,-9.331580265
0.26202393,-9.110464449,-9.287855188
0.26207886,-9.110464449,-9.331050950
0.26213379,-9.110464449,-9.287824095
0.26218872,-9.110464449,-9.330522663
0.26224365,-9.110464449,-9.287792480
0.26229858,-9.110464449,-9.329991599
0.26235352,-9.110464449,-9.287754486
0.26240845,-9.110464449,-9.329446423
0.26246338,-9.110464449,-9.287695380
0.26251831,-9.110464449,-9.328863396
0.26257324,-9.110464449,-9.287587427
0.26262817,-9.110464449,-9.328196152
0.26268311,-9.110464449,-9.287376892
0.26273804,-9.110464449,-9.327369119
0.26279297,-9.110464449,-9.286981161
0.26284790,-9.110464449,-9.326280861
0.26290283,-9.110464449,-9.286269422
0.26295776,-9.110464449,-9.324765536
0.26301270,-9.110464449,-9.285063031
0.26306763,-9.110464449,-9.322605152
0.26312256,-9.110464449,-9.283163539
0.26317749,-9.110464449,-9.319570211
0.26323242,-9.110464449,-9.280385680
0.26328735,-9.110464449,-9.315351798
0.26334229,-9.110464449,-9.276408760
0.26339722,-9.110464449,-9.309583364
0.26345215,-9.110464449,-9.270871099
0.26350708,-9.110464449,-9.301939127
0.26356201,-9.110464449,-9.262159786
0.26361694,-9.110464449,-9.291926334
0.26367188,-9.110464449,-9.248845018
0.26372681,-9.110464449,-9.279452390
0.26378174,-9.110464449,-9.229339769
0.26383667,-9.110464449,-9.263078889
0.26389160,-9.110464449,-9.201686642
0.26394653,-9.110464449,-9.240028441
0.26400146,-9.110464449,-9.165620202
0.26405640,-9.110464449,-9.206049772
0.26411133,-9.110464449,-9.116724581
0.26416626,-9.110464449,-9.163748432
0.26422119,-9.110464449,-9.057139177
0.26427612,-9.110464449,-9.110780586
0.26433105,-9.110464449,-8.968922039
0.26438599,-9.110464449,-9.024415288
0.26444092,-9.110464449,-8.874995256
0.26449585,-9.110464449,-8.918898125
0.26455078,-9.110464449,-8.785254621
0.26460571,-9.110464449,-8.793738475
0.26466064,-9.110464449,-8.680162560
0.26471558,-9.110464449,-8.641530757
0.26477051,-9.110464449,-8.538895854
0.26482544,-9.110464449,-8.481180172
0.26488037,-9.110464449,-8.336925109
0.26493530,-9.110464449,-8.242002971
0.26499023,-9.110464449,-8.177007868
0.26504517,-9.110464449,-8.018509101
0.26510010,-9.110464449,-8.058654133
0.26515503,-9.110464449,-7.782598694
0.26520996,-9.110464449,-7.683696605
0.26526489,-9.110464449,-7.495187296
0.26531982,-9.110464449,-7.358167992
0.26537476,-9.110464449,-7.270890257
0.26542969,-9.110464449,-6.924847250
0.26548462,-9.110464449,-6.772645533
0.26553955,-9.110464449,-6.407635064
0.26559448,-9.110464449,-6.519316882
0.26564941,-9.110464449,-6.227345243
0.26570435,-9.110464449,-5.905560764
0.26575928,-9.110464449,-4.909434059
0.26581421,-9.110464449,-4.260429017
0.26586914,-9.110464449,-3.666034717
0.26592407,-9.110464449,-4.593494627
0.26597900,-9.110464449,-3.684707682
0.26603394,-9.110464449,-4.787060287
0.26608887,-9.110464449,-0.272944526
0.26614380,-9.110464449,3.682583011
0.26619873,-9.110464449,3.224066607
0.26625366,-9.110464449,-1.398932546
0.26630859,8.249429215,17.897754490
0.26636353,26.448116076,34.998449009
0.26641846,39.261242941,43.524029751
0.26647339,49.738365257,55.952685626
0.26652832,56.719509477,57.486333097
0.26658325,59.567235612,61.648136430
0.26663818,53.394046993,45.139984258
0.26669312,40.547754912,35.955533832
0.26674805,37.016085561,38.076636849
0.26680298,42.567757003,47.058869250
0.26685791,51.729130372,56.399382945
0.26691284,58.042496101,59.685608198
0.26696777,60.563669930,61.441731360
0.26702271,62.607619017,63.773506142
0.26707764,56.682456986,49.591427538
0.26713257,44.648847639,39.706277314
0.26718750,40.821653121,41.937028441
0.26724243,45.788305196,49.639576137
0.26729736,53.830321198,58.021059376
0.26735229,59.477397417,60.933734627
0.26740723,61.717370418,62.501005969
0.26746216,63.574692105,64.648377789
0.26751709,64.820986199,64.993594598
0.26757202,59.050233921,53.106887089
0.26762695,48.340988235,43.575098284
0.26768188,44.379806700,45.184514861
0.26773682,48.556967228,51.929415138
0.26779175,56.086613264,60.243804617
0.26784668,60.824870417,61.405936084
0.26790161,62.957532311,64.509127594
0.26795654,64.588036195,64.666944794
0.26801147,65.744406635,66.821868021
0.26806641,60.426301447,54.030750905
0.26812134,49.768217108,45.505690432
0.26817627,46.047499699,46.589308852
0.26823120,50.158265221,53.727216598
0.26828613,57.011312241,60.295403658
0.26834106,61.710445961,63.125487480
0.26839600,63.711771210,64.298054806
0.26845093,65.297302020,66.296548843
0.26850586,66.348839275,66.401129705
0.26856079,67.289611916,68.178093816
0.26861572,62.294197128,56.410314009
0.26867065,52.264756347,48.119205421
0.26872559,48.593945004,49.068684499
0.26878052,52.351790605,55.634892486
0.26883545,58.730172798,61.825449355
0.26889038,63.077888697,64.330327424
0.26894531,64.862550877,65.394774218
0.26900024,66.384697224,67.374619845
0.26905518,67.569981194,67.765342529
0.26911011,62.396126403,57.026921576
0.26916504,52.503694824,47.980476092
0.26921997,48.827104983,49.673733594
0.26927490,52.602940111,55.532143265
0.26932983,59.311971872,63.091794880
0.26938477,64.127016958,65.162238616
0.26943970,66.562298215,67.962357047
0.26949463,67.698946610,67.435536201
0.26954956,68.485442372,69.535348110
0.26960449,69.533810504,69.532272898
0.26965942,64.506090446,59.479917895
0.26971436,54.806087644,50.132265955
0.26976929,51.076329105,52.020391904
0.26982422,54.698021969,57.375649224
0.26987915,61.308445949,65.241236611
0.26993408,65.377152577,65.513068536
0.26998901,66.989076216,68.465083043
0.27004395,68.413146197,68.361209353
0.27009888,69.508324417,70.655438966
0.27015381,70.361552275,70.067665618
0.27020874,70.928523229,71.789380550
0.27026367,66.239603163,60.689837848
0.27031860,57.021178164,53.352523756
0.27037354,53.450513316,53.548502874
0.27042847,56.751993727,59.955480558
0.27048340,62.507177143,65.058871176
0.27053833,66.482998808,67.907125645
0.27059326,68.297185453,68.687245203
0.27064819,69.522768137,70.358290798
0.27070312,70.295253597,70.232216397
0.27075806,71.103704394,71.975192092
0.27081299,71.776897679,71.578603280
0.27086792,67.147898244,62.717200902
0.27092285,58.313717870,53.910242438
0.27097778,54.752482615,55.594722513
0.27103271,57.904360722,60.213996841
0.27108765,63.443067154,66.672133381
0.27114258,67.010626030,67.349118634
0.27119751,68.631867647,69.914616014
0.27125244,69.903813198,69.893010382
0.27130737,70.678495664,71.463980705
0.27136230,71.371972724,71.279964747
0.27141724,66.820677218,62.361397483
0.27147217,58.014293364,53.667196651
0.27152710,54.559031917,55.450866872
0.27158203,57.759656593,60.068444224
0.27163696,63.391087186,66.713725820
0.27169189,67.117905842,67.522085800
0.27174683,68.668350969,69.814615622
0.27180176,69.903714991,69.992814357
0.27185669,70.768241369,71.543668145
0.27191162,71.733097569,71.922526980
0.27196655,67.226772034,62.531025731
0.27202148,58.245752520,53.960486507
0.27207642,54.845570562,55.730654310
0.27213135,58.156925133,60.583193649
0.27218628,63.722611494,66.862025476
0.27224121,67.481202443,68.100379260
0.27229614,69.052258510,70.004137406
0.27235107,70.697632341,71.391127089
0.27240601,71.673273922,71.955420725
0.27246094,72.376962450,72.798504105
0.27251587,67.869320341,62.940146099
0.27257080,58.832072864,54.724006244
0.27262573,55.450371871,56.176737292
0.27268066,58.766027570,61.355315219
0.27273560,64.475001826,67.594684619
0.27279053,68.663178286,69.731671505
0.27284546,70.394230776,71.056789875
0.27290039,71.611483808,72.166177620
0.27295532,72.585439458,73.004701227
0.27301025,67.754555369,62.504420315
0.27306519,58.563608820,54.622803412
0.27312012,55.067959623,55.513115755
0.27317505,58.525364727,61.537610143
0.27322998,64.862006733,68.186398991
0.27328491,68.872852293,69.559305410
0.27333984,70.548349734,71.537393675
0.27339478,71.907483558,72.277573387
0.27344971,72.958017992,73.638462414
0.27350464,68.193104493,62.747758194
0.27355957,58.641319653,54.534887722
0.27361450,55.225120189,55.915352469
0.27366943,58.837034598,61.758713381
0.27372437,64.904056049,68.049394839
0.27377930,68.967676243,69.885957317
0.27383423,70.641133506,71.396309472
0.27388916,71.993773109,72.591236607
0.27394409,72.851801669,73.112366705
0.27399902,73.615311203,74.118255602
0.27405396,69.085863047,64.053480417
0.27410889,59.991015005,55.928556061
0.27416382,56.603574845,57.278593450
0.27421875,59.950306012,62.622015776
0.27427368,66.795877288,70.969731971
0.27432861,70.600492609,70.231253299
0.27438354,71.135918975,72.040584330
0.27443848,72.380128166,72.719671957
0.27449341,67.728356551,62.737050910
0.27454834,58.325342271,53.913641260
0.27460327,54.987430745,56.061219779
0.27465820,58.640899671,61.220576954
0.27471313,65.152311888,69.084040763
0.27476807,72.007221173,74.930398233
0.27482300,66.847637860,58.764903092
0.27487793,54.232653930,49.700412818
0.27493286,51.154822483,52.609231319
0.27498779,56.780807590,60.952377041
0.27504272,64.004954944,67.057529195
0.27509766,68.035811488,69.014093407
0.27515259,69.828601042,70.643108418
0.27520752,64.747283878,58.851472962
0.27526245,54.976041217,51.100615358
0.27531738,51.802996541,52.505377531
0.27537231,55.871363290,59.237344608
0.27542725,64.674652156,70.111948116
0.27548218,61.357721274,52.603524468
0.27553711,49.443950576,46.284380596
0.27559204,47.523085168,48.761789139
0.27564697,53.138496024,57.515195401
0.27570190,64.091846310,70.668480266
0.27575684,69.944074569,69.219669078
0.27581177,63.610001489,58.000346234
0.27586670,52.628499304,47.256663684
0.27592163,49.286526529,51.316387759
0.27597656,54.308371670,57.300352071
0.27603149,61.554699814,65.809040463
0.27608643,58.328975929,50.848933325
0.27614136,48.404101700,45.959272417
0.27619629,46.667466561,47.375660507
0.27625122,51.395628510,55.415590179
0.27630615,60.664560323,65.913519669
0.27636108,57.950258203,49.987021591
0.27641602,47.280485911,44.573953102
0.27647095,45.870627376,47.167300991
0.27652588,51.088781835,55.010256652
0.27658081,61.301947313,67.593622459
0.27663574,58.523016423,49.452442634
0.27669067,47.231290061,45.010139421
0.27674561,45.823229189,46.636318698
0.27680054,51.387445754,56.138563963
0.27685547,50.687257739,45.235963163
0.27691040,44.888852595,44.541742075
0.27696533,44.549779007,44.557815939
0.27702026,47.440733905,50.323648614
0.27707520,47.290071540,44.256498073
0.27713013,44.394915626,44.533333172
0.27718506,44.337670212,44.142007267
0.27723999,45.795813814,47.449619289
0.27729492,45.788756992,44.127895777
0.27734985,44.383180395,44.638464987
0.27740479,44.398024173,44.157583381
0.27745972,45.114615088,46.071646437
0.27751465,45.142588537,44.213530976
0.27756958,44.486176432,44.758821860
0.27762451,44.516839654,44.274857471
0.27767944,44.857696808,45.440536013
0.27773438,44.891556568,44.342577241
0.27778931,44.604848418,44.867119567
0.27784424,44.636304805,44.405490063
0.27789917,44.790052525,45.174614928
0.27795410,44.822147598,44.469680318
0.27800903,44.713295165,44.956909989
0.27806396,44.741761690,44.526613410
0.27811890,44.804208303,45.081803165
0.27817383,44.832790472,44.583777803
0.27822876,44.805897787,45.028017753
0.27828369,44.830697814,44.633377890
0.27833862,44.849978427,45.066578946
0.27839355,44.874933088,44.683287245
0.27844849,44.882727185,45.082167110
0.27850342,44.904036571,44.725906046
0.27855835,44.904062112,45.082218166
0.27861328,44.925709580,44.769201004
0.27866821,44.945402773,45.121604530
0.27872314,44.963607105,44.805609690
0.27877808,44.956061381,45.106513064
0.27883301,44.974809233,44.843105410
0.27888794,44.995871299,45.148637180
0.27894287,45.011376399,44.874115625
0.27899780,45.001804337,45.129493042
0.27905273,45.018043695,44.906594354
0.27910767,45.036030411,45.165466462
0.27916260,45.049205830,44.932945204
0.27921753,45.040089285,45.147233362
0.27927246,45.054164761,44.961096164
0.27932739,45.067609629,45.174123090
0.27938232,45.078773721,44.983424355
0.27943726,45.071081509,45.158738659
0.27949219,45.083285129,45.007831601
0.27954712,45.092135841,45.176440079
0.27960205,45.101554996,45.026669916
0.27965698,45.095522933,45.164375948
0.27971191,45.106096629,45.047817312
0.27976685,45.110929456,45.174041598
0.27982178,45.118822615,45.063603633
0.27987671,45.114345724,45.165087814
0.27993164,45.123487099,45.081886384
0.27998657,45.125113055,45.168339725
0.28004150,45.131658228,45.094976731
0.28009644,45.128487746,45.161998761
0.28015137,45.136357009,45.110715257
0.28020630,45.135625749,45.160536241
0.28026123,45.140967135,45.121398030
0.28031616,45.138809178,45.156220326
0.28037109,45.145536277,45.134852227
0.28042603,45.143240365,45.151628502
0.28048096,45.147495359,45.143362215
0.28053589,45.146059872,45.148757528
0.28059082,45.151751272,45.154745015
0.28064575,45.148582023,45.142419032
0.28070068,45.151847691,45.161276350
0.28075562,45.150872062,45.140467775
0.28081055,45.155616862,45.170765949
0.28086548,45.152147292,45.133528636
0.28092041,45.154506083,45.175483529
0.28097534,45.153765617,45.132047705
0.28103027,45.157640822,45.183233939
0.28108521,45.154323323,45.125412707
0.28114014,45.155847884,45.186283060
0.28119507,45.155159260,45.124035461
0.28125000,45.158234129,45.192432797
0.28130493,45.155406494,45.118380191
0.28135986,45.156163543,45.193946895
0.28141479,45.155384372,45.116821849
0.28146973,45.157723817,45.198625784
0.28152466,45.155620138,45.112614493
0.28157959,45.155673406,45.198732318
0.28163452,45.154699502,45.110666686
0.28168945,45.156366586,45.202066485
0.28174438,45.155130949,45.108195413
0.28179932,45.154543243,45.200891071
0.28185425,45.153304544,45.105718018
0.28190918,45.154362143,45.203006268
0.28196411,45.154063690,45.105121114
0.28201904,45.152898183,45.200675251
0.28207397,45.151353886,45.102032521
0.28212891,45.151865618,45.201698713
0.28218384,45.152513912,45.103329112
0.28223877,45.150834743,45.198340374
0.28229370,45.148968079,45.099595786
0.28234863,45.148998616,45.198401446
0.28240356,45.150558398,45.102715351
0.28245850,45.148430719,45.194146087
0.28251343,45.146243721,45.098341356
0.28256836,45.145858592,45.193375827
0.28262329,45.148263219,45.103150611
0.28267822,45.145752788,45.188354965
0.28273315,45.143261325,45.098167686
0.28278809,45.142526331,45.186884975
0.28284302,45.145689338,45.104493701
0.28289795,45.142861780,45.181229859
0.28295288,45.140091104,45.098952349
0.28300781,45.139071449,45.179190549
0.28306274,45.142895872,45.106601195
0.28311768,45.139815707,45.173030219
0.28317261,45.136796684,45.100563149
0.28322754,45.135555926,45.170548702
0.28328247,45.139941229,45.109333756
0.28333740,45.136670764,45.164007772
0.28339233,45.133436904,45.102866036
0.28344727,45.132035810,45.161205583
0.28350220,45.136882477,45.112559371
0.28355713,45.133480650,45.154401929
0.28361206,45.130065970,45.105730010
0.28366699,45.128561368,45.151392725
0.28372192,45.133773394,45.116154062
0.28377686,45.130294655,45.144435247
0.28383179,45.126732336,45.109029425
0.28388672,45.125176044,45.141322662
0.28394165,45.130661726,45.120000789
0.28399658,45.127155027,45.134309266
0.28405151,45.123476783,45.112644300
0.28410645,45.121914683,45.131185067
0.28416138,45.127586214,45.123987362
0.28421631,45.124094192,45.124201023
0.28427124,45.120330172,45.116459320
0.28432617,45.118801510,45.121143699
0.28438110,45.124573915,45.128004130
0.28443604,45.121132316,45.114260501
0.28449097,45.117311386,45.120362270
0.28454590,45.115848340,45.111334410
0.28460083,45.121638277,45.131942143
0.28465576,45.118275687,45.104609231
0.28471069,45.114425884,45.124242538
0.28476563,45.113053466,45.101864394
0.28482056,45.118778324,45.135692255
0.28487549,45.115516238,45.095340221
0.28493042,45.111665219,45.127990218
0.28498535,45.110401509,45.092812801
0.28504028,45.115979130,45.139145460
0.28509521,45.112832363,45.086519268
0.28515015,45.109007711,45.131496155
0.28520508,45.107864449,45.084232743
0.28526001,45.113213617,45.142194490
0.28531494,45.110191058,45.078187627
0.28536987,45.106420336,45.134653044
0.28542480,45.105403819,45.076154594
0.28547974,45.110445538,45.144736482
0.28553467,45.107551188,45.070365894
0.28558960,45.103861711,45.137357527
0.28564453,45.102973956,45.068590387
0.28569946,45.107633379,45.146676370
0.28575439,45.104867604,45.063058838
0.28580933,45.101285935,45.139513031
0.28586426,45.100526010,45.061538990
0.28591919,45.104734783,45.147930575
0.28597412,45.102095703,45.056260833
0.28602905,45.098646929,45.141033025
0.28608398,45.098012357,45.054991690
0.28613892,45.101711100,45.148430509
0.28619385,45.099195985,45.049961462
0.28624878,45.095902869,45.141844275
0.28630371,45.095390993,45.048937712
0.28635864,45.098531622,45.148125531
0.28641357,45.096138195,45.044150860
0.28646851,45.093020308,45.141889755
0.28652344,45.092629506,45.043369258
0.28657837,45.095177150,45.146985042
0.28663330,45.092904687,45.038824332
0.28668823,45.089977618,45.141130903
0.28674316,45.089708265,45.038285629
0.28679810,45.091642612,45.144999594
0.28685303,45.089492746,45.033985899
0.28690796,45.086767476,45.139549052
0.28696289,45.086622580,45.033696108
0.28701782,45.087938560,45.142181009
0.28707275,45.085915735,45.029650463
0.28712769,45.083398223,45.137145983
0.28718262,45.083383678,45.029621375
0.28723755,45.084091504,45.138561633
0.28729248,45.082203032,45.025844433
0.28734741,45.079894035,45.133943635
0.28740234,45.080018483,45.026093332
0.28745728,45.080143118,45.134192904
0.28751221,45.078398842,45.022604781
0.28756714,45.076293958,45.129983133
0.28762207,45.076568268,45.023153403
0.28767700,45.076148442,45.129143479
0.28773193,45.074560040,45.019976601
0.28778687,45.072649937,45.125323272
0.28784180,45.073086348,45.020849425
0.28789673,45.072173261,45.123497096
0.28795166,45.070753250,45.018009406
0.28800659,45.069024038,45.120038669
0.28806152,45.069635040,45.019231411
0.28811646,45.068290864,45.117350316
0.28817139,45.067051384,45.016752452
0.28822632,45.065485071,45.114217689
0.28828125,45.066282112,45.018346537
0.28833618,45.064578386,45.110810235
0.28839111,45.063529853,45.016249473
0.28844604,45.062104867,45.107960259
0.28850098,45.063096993,45.018233728
0.28855591,45.061112941,45.103992153
0.28861084,45.060262697,45.016533242
0.28866577,45.058954421,45.101375599
0.28872070,45.060146950,45.018918302
0.28877563,45.057967743,45.097017183
0.28883057,45.057318784,45.017620386
0.28888550,45.056100124,45.094579862
0.28894043,45.057493463,45.020407064
0.28899536,45.055208404,45.090009744
0.28905029,45.054758310,45.019506876
0.28910522,45.053600270,45.087693664
0.28916016,45.055188968,45.022684273
0.28921509,45.052889592,45.083094911
0.28927002,45.052629728,45.022164545
0.28932495,45.051502023,45.080839501
0.28937988,45.053274153,45.025708806
0.28943481,45.051052224,45.076395641
0.28948975,45.050967307,45.025538973
0.28954468,45.049839003,45.074139032
0.28959961,45.051775919,45.029412806
0.28965454,45.049721368,45.070029931
0.28970947,45.049789436,45.029548941
0.28976440,45.048629630,45.067710319
0.28981934,45.050706151,45.033701983
0.28987427,45.048905002,45.064108021
0.28992920,45.049097811,45.034087601
0.28998413,45.047876336,45.061665071
0.29003906,45.050061365,45.038457660
0.29009399,45.048593720,45.058729781
0.29014893,45.048877581,45.039025381
0.29020386,45.047565714,45.056106046
0.29025879,45.049823279,45.043540512
0.29031372,45.048761466,45.053982420
0.29036865,45.049098479,45.044214537
0.29042358,45.047669614,45.051124691
0.29047852,45.049960283,45.048795875
0.29053345,45.049367242,45.049938609
0.29058838,45.049716872,45.049495135
0.29064331,45.048147146,45.046799157
0.29069824,45.050429744,45.054060332
0.29075317,45.050357710,45.046655087
0.29080811,45.050678629,45.054702170
0.29086304,45.048947442,45.043192713
0.29091797,45.051180987,45.059169262
0.29097290,45.051670488,45.044171714
0.29102783,45.051922569,45.059673424
0.29108276,45.050013006,45.040352588
0.29113770,45.052158737,45.063964885
0.29119263,45.053237895,45.042510904
0.29124756,45.053384244,45.064257585
0.29130249,45.051283381,45.038309178
0.29135742,45.053306762,45.068304347
0.29141235,45.054990830,45.041677313
0.29146729,45.054999739,45.068322165
0.29152222,45.052698849,45.037075532
0.29157715,45.054571434,45.072067335
0.29163208,45.056862494,45.041657653
0.29168701,45.056709179,45.071760705
0.29174194,45.054203860,45.036647016
0.29179688,45.055904885,45.075162754
0.29185181,45.058791639,45.042420524
0.29190674,45.058459663,45.074498801
0.29196167,45.055749925,45.037001049
0.29201660,45.057267533,45.077534017
0.29207153,45.060725131,45.043916244
0.29212646,45.060207410,45.076498576
0.29218140,45.057297740,45.038096905
0.29223633,45.058629752,45.079162599
0.29229126,45.062619662,45.046076725
0.29234619,45.061918984,45.077761242
0.29240112,45.058818412,45.039875582
0.29245605,45.059972576,45.080069571
0.29251099,45.064442569,45.048815567
0.29256592,45.063571572,45.078327576
0.29262085,45.060293729,45.042259883
0.29267578,45.061287430,45.080314977
0.29273071,45.066171794,45.052028612
0.29278564,45.065152392,45.078276173
0.29284058,45.061715543,45.045154914
0.29289551,45.062574947,45.079994980
0.29295044,45.067795131,45.055595283
0.29300537,45.066657398,45.077719514
0.29306030,45.063084382,45.048449251
0.29311523,45.063843063,45.079236874
0.29317017,45.069308942,45.059381010
0.29322510,45.068089490,45.076797970
0.29328003,45.064407515,45.052017061
0.29333496,45.065104606,45.078192151
0.29338989,45.070716579,45.063241008
0.29344482,45.069456503,45.075671998
0.29349976,45.065696710,45.055721423
0.29355469,45.066374669,45.077027915
0.29360962,45.072026728,45.067025540
0.29366455,45.070769215,45.074512889
0.29371948,45.066965940,45.059418992
0.29377441,45.067668033,45.075917074
0.29382935,45.073251862,45.070586649
0.29388428,45.072039590,45.073492531
0.29393921,45.068229274,45.062966018
0.29399414,45.068996917,45.075027816
0.29404907,45.074406954,45.073786091
0.29410400,45.073279412,45.072772733
0.29415894,45.069499146,45.066225559
0.29421387,45.070369251,45.074512943
0.29426880,45.075508502,45.076504060
0.29432373,45.074499402,45.072494744
0.29437866,45.070785131,45.069075519
0.29443359,45.071787624,45.074499728
0.29448853,45.076573881,45.078648035
0.29454346,45.075708823,45.072769612
0.29459839,45.072093300,45.071416989
0.29465332,45.073248974,45.075080959
0.29470825,45.077620977,45.080160995
0.29476318,45.076915536,45.073670078
0.29481812,45.073426142,45.073182206
0.29487305,45.074745019,45.076307832
0.29492798,45.078668000,45.081028167
0.29498291,45.078126396,45.075224625
0.29503784,45.074783007,45.074341388
0.29509277,45.076263346,45.078185303
0.29514771,45.079733395,45.081281487
0.29520264,45.079347867,45.077414247
0.29525757,45.076160960,45.074907673
0.29531250,45.077789025,45.080670378
0.29536743,45.080835735,45.081001092
0.29542236,45.080586723,45.080172353
0.29547729,45.077555923,45.074939492
0.29553223,45.079306588,45.083673684
0.29558716,45.081993521,45.080313358
0.29564209,45.081850697,45.083388035
0.29569702,45.078963951,45.074539867
0.29575195,45.080802154,45.087064440
0.29580688,45.083224850,45.079385260
0.29586182,45.083148982,45.086912705
0.29591675,45.080382514,45.073852323
0.29597168,45.082265509,45.090678696
0.29602661,45.084546927,45.078415157
0.29608154,45.084492496,45.090569835
0.29613647,45.081811624,45.073053413
0.29619141,45.083691928,45.094330444
0.29624634,45.085975437,45.077620431
0.29630127,45.085893861,45.094167290
0.29635620,45.083254717,45.072342145
0.29641113,45.085083555,45.097824966
0.29646606,45.087523832,45.077222699
0.29652100,45.087367079,45.097511459
0.29657593,45.084719165,45.071926871
0.29663086,45.086450195,45.100973519
0.29668579,45.089202567,45.077431615
0.29674072,45.088926920,45.100422224
0.29679565,45.086216364,45.072010505
0.29685059,45.087809401,45.103608297
0.29690552,45.091018364,45.078428431
0.29696045,45.090588029,45.102747627
0.29701538,45.087761354,45.072775081
0.29707031,45.089185794,45.105596506
0.29712524,45.092973556,45.080350605
0.29718018,45.092363833,45.104377061
0.29723511,45.089371956,45.074366851
0.29729004,45.090609616,45.106852381
0.29734497,45.095065558,45.083278735
0.29739990,45.094265285,45.105251834
0.29745483,45.091067466,45.076883098
0.29750977,45.092114577,45.107346057
0.29756470,45.097286519,45.087226980
0.29761963,45.096299554,45.105372127
0.29767456,45.092866971,45.080361815
0.29772949,45.093735111,45.107108406
0.29778442,45.099623162,45.092137918
0.29783936,45.098468738,45.104799558
0.29789429,45.094787386,45.084775214
0.29794922,45.095503224,45.106231235
0.29800415,45.102056856,45.097882477
0.29805908,45.100768709,45.103654941
0.29811401,45.096841359,45.090027777
0.29816895,45.097445177,45.104862577
0.29822388,45.104563895,45.104265214
0.29827881,45.103188184,45.102111154
0.29833374,45.099035196,45.095959238
0.29838867,45.099578230,45.103197221
0.29844360,45.107115998,45.111034776
0.29849854,45.105708117,45.100381458
0.29855347,45.101366984,45.102352511
0.29860840,45.101907760,45.101463008
0.29866333,45.109680983,45.117898958
0.29871826,45.108301477,45.098703996
0.29877319,45.103825074,45.108946152
0.29882812,45.104424978,45.099903805
0.29888306,45.112223593,45.124543382
0.29893799,45.110933468,45.097323555
0.29899292,45.106387075,45.115450596
0.29904785,45.107105489,45.098760383
0.29910278,45.114706413,45.130652444
0.29915771,45.113562187,45.096471929
0.29921265,45.109019476,45.121567022
0.29926758,45.109908842,45.098250662
0.29932251,45.117090811,45.135930959
0.29937744,45.116139694,45.096348430
0.29943237,45.111677951,45.127007473
0.29948730,45.112779174,45.098550874
0.29954224,45.119337842,45.140124810
0.29959717,45.118613453,45.097102096
0.29965210,45.114308379,45.131514661
0.29970703,45.115646932,45.099779203
0.29976196,45.121409052,45.143038902
0.29981689,45.120928011,45.098817121
0.29987183,45.116848507,45.134879893
0.29992676,45.118431602,45.101983312
0.29998169,45.123267126,45.144550940
0.30003662,45.123026851,45.101502762
0.30009155,45.119230199,45.136957636
0.30014648,45.121045259,45.105132883
0.30020142,45.124876354,45.144619824
0.30025635,45.124854262,45.105088700
0.30031128,45.121382096,45.137675492
0.30036621,45.123396711,45.109117931
0.30042114,45.126202914,45.143287897
0.30047607,45.126357138,45.109426380
0.30053101,45.123232551,45.137038723
0.30058594,45.125395955,45.113753187
0.30064087,45.127215010,45.140676833
0.30069580,45.127486618,45.114296402
0.30075073,45.124712647,45.135128892
0.30080566,45.126958637,45.118788381
0.30086060,45.127882912,45.136977443
0.30091553,45.128199477,45.119421512
0.30097046,45.125759117,45.132096723
0.30102539,45.128010218,45.123923714
0.30108032,45.128178996,45.132434278
0.30113525,45.128459277,45.124484277
0.30119019,45.126317017,45.128149757
0.30124512,45.128489584,45.128829411
0.30130005,45.128077872,45.127326333
0.30135498,45.128237238,45.129148144
0.30140991,45.126342008,45.123535872
0.30146484,45.128351871,45.133167869
0.30151978,45.127556695,45.121945521
0.30157471,45.127512881,45.133080241
0.30162964,45.125802150,45.118524060
0.30168457,45.127570365,45.136616669
0.30173950,45.126595730,45.116574792
0.30179443,45.126274471,45.135974150
0.30184937,45.124679149,45.113384148
0.30190430,45.126137403,45.138890659
0.30195923,45.125179215,45.111467771
0.30201416,45.124519316,45.137570861
0.30206909,45.122969026,45.108367192
0.30212402,45.124064276,45.139761361
0.30217896,45.123296511,45.106831661
0.30223389,45.122253958,45.137676255
0.30228882,45.120682235,45.103688215
0.30234375,45.121380207,45.139072199
0.30239868,45.120943503,45.102814808
0.30245361,45.119494294,45.136173780
0.30250854,45.117843249,45.099512719
0.30256348,45.118130553,45.136748388
0.30261841,45.118124134,45.099499880
0.30267334,45.116265634,45.133031389
0.30272827,45.114489712,45.095948035
0.30278320,45.114374421,45.132800808
0.30283813,45.114851948,45.096903087
0.30289307,45.112602696,45.128302304
0.30294800,45.110671201,45.093040099
0.30300293,45.110181896,45.127323692
0.30305786,45.111151480,45.094979267
0.30311279,45.108549499,45.122119731
0.30316772,45.106447732,45.090775734
0.30322266,45.105631126,45.120486519
0.30327759,45.107059324,45.093632129
0.30333252,45.104159133,45.114686138
0.30338745,45.101888068,45.089089999
0.30344238,45.100805482,45.112520964
0.30349731,45.102624731,45.092728498
0.30355225,45.099493355,45.106258212
0.30360718,45.097067958,45.087877704
0.30366211,45.095790961,45.103704218
0.30371704,45.097909617,45.092115016
0.30377197,45.094621974,45.097128931
0.30382690,45.092068373,45.087007815
0.30388184,45.090674022,45.094340230
0.30393677,45.092987926,45.091635623
0.30399170,45.089622017,45.087608411
0.30404663,45.086973844,45.086339277
0.30410156,45.085539935,45.084740593
0.30415649,45.087944346,45.091148100
0.30421143,45.084576677,45.078005255
0.30426636,45.081870953,45.085736651
0.30432129,45.080471709,45.075206766
0.30437622,45.082872448,45.090538129
0.30443115,45.079574076,45.068610022
0.30448608,45.076847067,45.085084112
0.30454102,45.075549621,45.066015131
0.30459595,45.077872386,45.089729641
0.30465088,45.074705908,45.059682174
0.30470581,45.071989347,45.084296520
0.30476074,45.070851297,45.057406073
0.30481567,45.073048364,45.088690655
0.30487061,45.070066072,45.051441490
0.30492554,45.067384083,45.083326677
0.30498047,45.066452272,45.049577867
0.30503540,45.068506084,45.087434301
0.30509033,45.065749390,45.044064480
0.30514526,45.063116385,45.082168290
0.30520020,45.062426962,45.042685633
0.30525513,45.064350439,45.086015244
0.30531006,45.061850542,45.037685841
0.30536499,45.059270235,45.080854629
0.30541992,45.058849897,45.036845165
0.30547485,45.060683683,45.084522201
0.30552979,45.058463343,45.032404486
0.30558472,45.055928907,45.079453328
0.30563965,45.055797136,45.032140944
0.30569458,45.057604281,45.083067618
0.30574951,45.055680443,45.028293269
0.30580444,45.053175714,45.078058160
0.30585937,45.053347715,45.028637271
0.30591431,45.055206560,45.081775849
0.30596924,45.053593517,45.025411186
0.30602417,45.051095049,45.076778912
0.30607910,45.051585040,45.026391168
0.30613403,45.053581224,45.080771280
0.30618896,45.052293941,45.023816603
0.30624390,45.049773618,45.075730633
0.30629883,45.050598093,45.025465554
0.30635376,45.052816665,45.080167776
0.30640869,45.051873887,45.023579998
0.30646362,45.049301771,45.075023544
0.30651855,45.050482365,45.025941186
0.30657349,45.053000915,45.080060643
0.30662842,45.052427703,45.024794763
0.30668335,45.049774769,45.074754775
0.30673828,45.051340391,45.027926006
0.30679321,45.054223981,45.080521956
0.30684814,45.054053382,45.027584809
0.30690308,45.051293822,45.075002835
0.30695801,45.053281805,45.031560775
0.30701294,45.056580222,45.081599669
0.30706787,45.056853857,45.032108046
0.30712280,45.053966700,45.075825354
0.30717773,45.056422799,45.037020245
0.30723267,45.060170380,45.083320514
0.30728760,45.060937839,45.038555164
0.30734253,45.057907722,45.077260280
0.30739746,45.060884912,45.044509545
0.30745239,45.065102867,45.085696189
0.30750732,45.066419918,45.047143648
0.30756226,45.063236947,45.079330247
0.30761719,45.066793072,45.054255898
0.30767212,45.071493965,45.088732031
0.30772705,45.073419694,45.058107357
0.30778198,45.070078434,45.082049511
0.30783691,45.074272890,45.066496269
0.30789185,45.079466656,45.092437044
0.30794678,45.082059760,45.071682475
0.30800171,45.078557510,45.085432545
0.30805664,45.083447225,45.081461905
0.30811157,45.089147985,45.096834064
0.30816650,45.092462525,45.088090985
0.30822144,45.088797103,45.089503221
0.30827637,45.094432166,45.099361111
0.30833130,45.100664982,45.101968853
0.30838623,45.104745986,45.107523119
0.30844116,45.100913301,45.094303484
0.30849609,45.107332630,45.120361777
0.30855103,45.114139443,45.107917109
0.30860596,45.119018749,45.130120389
0.30866089,45.115010455,45.099900521
0.30871582,45.122237926,45.144575331
0.30877075,45.129681999,45.114788667
0.30882568,45.135374763,45.155960858
0.30888062,45.131176271,45.106391684
0.30893555,45.139217697,45.172043710
0.30899048,45.147386159,45.122728609
0.30904541,45.153888398,45.185048186
0.30910034,45.149477459,45.113906733
0.30915527,45.158318778,45.202730823
0.30921021,45.167323111,45.131915400
0.30926514,45.174610598,45.217305795
0.30932007,45.169956594,45.122607393
0.30937500,45.179563528,45.236519661
0.30942993,45.189538172,45.142556684
0.30948486,45.197566905,45.252577125
0.30953979,45.192630869,45.132684614
0.30959473,45.202950230,45.273215845
0.30964966,45.214049764,45.154883684
0.30970459,45.222758125,45.290632565
0.30975952,45.217493422,45.144354281
0.30981445,45.228456127,45.312557970
0.30986938,45.240851735,45.169145502
0.30992432,45.250164348,45.331183192
0.30997925,45.244517825,45.157852461
0.31003418,45.256043565,45.354234666
0.31008911,45.269919685,45.185604708
0.31014404,45.279752857,45.373901002
0.31019897,45.273666203,45.173431408
0.31025391,45.285669612,45.397907811
0.31030884,45.301221717,45.204535628
0.31036377,45.311490267,45.418444903
0.31041870,45.304901258,45.191357619
0.31047363,45.317299330,45.443241035
0.31052856,45.334733793,45.226226555
0.31058350,45.345358989,45.464491417
0.31063843,45.338202277,45.211913143
0.31069336,45.350922735,45.489932320
0.31074829,45.370459568,45.250986822
0.31080322,45.381377841,45.511768853
0.31085815,45.373584967,45.235401088
0.31091309,45.386575241,45.537749386
0.31096802,45.408454311,45.279159243
0.31102295,45.419626407,45.560093562
0.31107788,45.411124763,45.262155972
0.31113281,45.424361235,45.586566487
0.31118774,45.448852235,45.311137990
0.31124268,45.460272472,45.609406946
0.31129761,45.450983028,45.292559120
0.31135254,45.464480221,45.636401310
0.31140747,45.491896371,45.347391439
0.31146240,45.503601693,45.659811938
0.31151733,45.493435402,45.327058876
0.31157227,45.507254825,45.687450762
0.31162720,45.537969915,45.388489077
0.31168213,45.550048463,45.711607839
0.31173706,45.538901379,45.366194930
0.31179199,45.553159769,45.740124594
0.31184692,45.587627853,45.435131122
0.31190186,45.600226813,45.765322494
0.31195679,45.587974073,45.410625664
0.31201172,45.602850794,45.795075909
0.31206665,45.641627526,45.488179153
0.31212158,45.654960031,45.821740897
0.31217651,45.641448961,45.461157037
0.31223145,45.657192346,45.853227639
0.31228638,45.700956719,45.548685809
0.31234131,45.715307568,45.881929317
0.31239624,45.700350271,45.518771238
0.31245117,45.717282661,45.915794069
0.31250610,45.766857727,45.617921394
0.31256104,45.782587675,45.947253946
0.31261597,45.765953534,45.584653136
0.31267090,45.784474737,45.984296324
0.31272583,45.840845760,45.697395205
0.31278076,45.858394066,46.019392917
0.31283569,45.839802664,45.660212423
0.31289063,45.860391506,46.060570573
0.31294556,45.924719946,45.788869325
0.31300049,45.944604829,46.100340324
0.31305542,45.923719809,45.747099305
0.31311035,45.946933398,46.146767475
0.31316528,46.020565124,45.894362779
0.31322021,46.043381733,46.192400677
0.31327515,46.019806152,45.847211638
0.31333008,46.046276435,46.245341216
0.31338501,46.130742655,46.016144098
0.31343994,46.157158108,46.298172110
0.31349487,46.130431829,45.962691559
0.31354980,46.160859027,46.359026479
0.31360474,46.257868558,46.156710641
0.31365967,46.288613674,46.420516700
0.31371460,46.258213303,46.095909916
0.31376953,46.293355844,46.490801757
0.31382446,46.404777619,46.318753483
0.31387939,46.440634994,46.562516499
0.31393433,46.405976833,46.249437177
0.31398926,46.446637536,46.643837880
0.31404419,46.574472550,46.505107223
0.31409912,46.616260820,46.727414413
0.31415405,46.576707210,46.426000016
0.31420898,57.828839006,69.231627035
0.31426392,57.901994382,46.572412038
0.31431885,46.745511756,46.918611463
0.31437378,46.810122718,46.701633978
0.31442871,52.418779228,58.135911668
0.31448364,62.083304071,66.030690366
0.31453857,59.335390483,52.640108169
0.31459351,49.800771947,46.961438885
0.31464844,48.455032148,49.948624536
0.31470337,53.258925399,56.569221968
0.31475830,61.457043025,66.344854719
0.31481323,59.126282783,51.907731271
0.31486816,50.003365541,48.099001232
0.31492310,48.873975322,49.648949177
0.31497803,53.384997064,57.121039480
0.31503296,61.664249699,66.207451828
0.31508789,59.350590621,52.493747842
0.31514282,50.327952022,48.162158040
0.31519775,49.186895499,50.211632547
0.31525269,53.667967404,57.124297580
0.31530762,62.786146700,68.447983256
0.31536255,69.427359134,70.406734636
0.31541748,64.487964148,58.569207390
0.31547241,54.476970210,50.384739594
0.31552734,51.967478487,53.550216397
0.31558228,56.720514151,59.890807966
0.31563721,64.703372214,69.515927385
0.31569214,69.747413146,69.978898887
0.31574707,64.838551466,59.698214402
0.31580200,55.664146707,51.630085389
0.31585693,53.077583218,54.525080225
0.31591187,57.326639588,60.128195874
0.31596680,64.253319529,68.378436514
0.31602173,68.953481928,69.528527213
0.31607666,71.180419697,72.832311112
0.31613159,66.845248890,60.858200717
0.31618652,57.784202934,54.710208854
0.31624146,55.274671741,55.839134503
0.31629639,59.188768262,62.538397624
0.31635132,65.401153332,68.263905828
0.31640625,69.396889673,70.529873015
0.31646118,71.041411793,71.552950469
0.31651611,72.598197407,73.643443917
0.31657104,68.545465963,63.447498195
0.31662598,60.227609091,57.007724050
0.31668091,57.589642998,58.171561813
0.31673584,61.015598203,63.859631422
0.31679077,66.447608251,69.035582456
0.31684570,70.124548209,71.213513497
0.31690063,71.662369492,72.111225407
0.31695557,73.008649357,73.906072992
0.31701050,73.859779797,73.813486604
0.31706543,69.895114964,65.976749343
0.31712036,62.554628695,59.132512638
0.31717529,59.823419691,60.514326557
0.31723022,62.680426012,64.846523628
0.31728516,67.765174573,70.683822179
0.31734009,71.060580868,71.437339502
0.31739502,72.550418880,73.663497772
0.31744995,73.695854997,73.728212222
0.31750488,74.482951603,75.237690761
0.31755981,75.182758242,75.127825723
0.31761475,75.713581761,76.299337665
0.31766968,72.230839437,68.162347697
0.31772461,65.350245866,62.538147134
0.31777954,62.743842122,62.949537093
0.31783447,65.252055233,67.554571295
0.31788940,69.625516937,71.696460897
0.31794434,72.553871816,73.411282447
0.31799927,73.856789294,74.302296063
0.31805420,77.281552542,80.260805541
0.31810913,83.929134374,87.597457933
0.31816406,77.886034935,68.174648902
0.31821899,65.043181849,61.911718640
0.31827393,62.457589076,63.003459396
0.31832886,68.712803002,74.422133833
0.31838379,73.323191722,72.224250085
0.31843872,74.365880702,76.507509522
0.31849365,74.479758933,72.452009955
0.31854858,79.484040677,86.516052018
0.31860352,87.076203426,87.636354711
0.31865845,88.086996588,88.537638385
0.31871338,82.355169352,76.172715300
0.31876831,71.228080964,66.283456211
0.31882324,66.883308260,67.483160169
0.31887817,69.876440063,72.269717713
0.31893311,73.673414297,75.077110109
0.31898804,75.529473738,75.981837287
0.31904297,81.539312160,87.096774927
0.31909790,88.061665932,89.026556573
0.31915283,85.964787816,82.903022732
0.31920776,83.269040742,83.635058700
0.31926270,82.050822012,80.466586309
0.31931763,78.371906460,76.277228331
0.31937256,72.075255023,67.873288635
0.31942749,68.857812573,69.842336131
0.31948242,70.853602483,71.864868434
0.31953735,79.379349922,86.893809278
0.31959229,87.978395073,89.062980407
0.31964722,84.847504084,80.632034727
0.31970215,81.721651450,82.811267708
0.31975708,81.414707563,80.018148182
0.31981201,84.544678601,89.071200989
0.31986694,91.287256740,93.503310567
0.31992188,90.040452637,86.577599407
0.31997681,84.100231381,81.622865760
0.32003174,76.637481448,71.652106876
0.32008667,72.339587112,73.027067162
0.32014160,74.771745762,76.516423169
0.32019653,77.990281419,79.464138818
0.32025146,79.554486397,79.644833972
0.32030640,84.533718193,89.422593046
0.32036133,90.603167109,91.783740625
0.32041626,88.372243659,84.960751255
0.32047119,85.622162427,86.283573429
0.32052612,84.801839198,83.320105827
0.32058105,87.387324440,91.454536570
0.32063599,92.465052951,93.475568932
0.32069092,87.649014860,81.822474094
0.32074585,76.785324982,71.748185815
0.32080078,73.258981379,74.769776049
0.32085571,78.453335436,82.136889505
0.32091064,82.274273115,82.411656718
0.32096558,82.827649249,83.243641713
0.32102051,82.938162457,82.632683239
0.32107544,85.937533395,89.242379272
0.32113037,92.792077453,96.341770695
0.32118530,96.788185102,97.234599430
0.32124023,98.280090401,99.325580943
0.32129517,94.444122972,89.562674341
0.32135010,89.874602003,90.186529627
0.32140503,86.475929169,82.765334107
0.32145996,79.169906168,75.574483296
0.32151489,75.711888462,75.849293620
0.32156982,77.739891471,79.630487920
0.32162476,83.681340897,87.732187443
0.32167969,92.250841668,96.769487891
0.32173462,96.882093901,96.994699907
0.32178955,97.506186459,98.017672910
0.32184448,94.130104775,90.242542563
0.32189941,89.221732921,88.200923688
0.32195435,91.055060008,93.909193136
0.32200928,86.531433374,79.153694946
0.32206421,75.063597223,70.973506056
0.32211914,70.331386800,69.689267706
0.32217407,73.612317933,77.535362128
0.32222900,83.672591418,89.809805946
0.32228394,91.309061568,92.808316310
0.32233887,88.018414846,83.228522375
0.32239380,82.858902339,82.489282357
0.32244873,72.937709790,63.386172981
0.32250366,55.731047286,48.075944559
0.32255859,38.483248467,28.890588441
0.32261353,20.389348905,11.888137695
0.32266846,7.650055563,3.411980471
0.32272339,-2.762884848,-8.937735222
0.32277832,-9.110464449,-9.871241086
0.32283325,-13.991185261,-18.111122783
0.32288818,-8.152877274,1.805329367
0.32294312,6.370936098,10.936534658
0.32299805,9.882247610,8.827960998
0.32305298,4.362564383,-0.102824418
0.32310791,-2.425950858,-4.749075182
0.32316284,-7.624547716,-10.500017010
0.32321777,-9.110464449,-9.928125887
0.32327271,-12.684987917,-15.441846968
0.32332764,-9.030460980,-2.619091104
0.32338257,2.294130375,7.207342392
0.32343750,6.098597016,4.989852122
0.32349243,1.161132837,-2.667580703
0.32354736,-3.999870758,-5.332160117
0.32360229,-9.130836876,-12.929507980
0.32365723,-9.110464449,-6.945804904
0.32371216,-9.110464449,-12.036174575
0.32376709,-9.110464449,-7.388294098
0.32382202,-9.601589706,-11.814883394
0.32387695,-4.226787612,3.361285603
0.32393188,-0.834883563,-5.031045828
0.32398682,-6.605394675,-8.179742551
0.32404175,-8.970559437,-9.761376079
0.32409668,-9.110464449,-8.117753852
0.32415161,-9.110464449,-10.141747176
0.32420654,-9.110464449,-8.595531462
0.32426147,-9.110464449,-10.038110681
0.32431641,-9.110464449,-8.990188489
0.32437134,-8.240915865,-7.491643461
0.32442627,-3.563502546,0.364632322
0.32448120,-3.594829788,-7.554285754
0.32453613,-8.426455060,-9.298624068
0.32459106,-9.110464449,-9.032819533
0.32464600,-9.110464449,-9.804622195
0.32470093,-9.110464449,-8.933460921
0.32475586,-9.110464449,-9.589686168
0.32481079,-9.110464449,-9.093119445
0.32486572,-9.110464449,-9.495379919
0.32492065,-9.110464449,-9.294018882
0.32497559,-9.110464449,-9.131583998
0.32503052,-9.110464449,-9.370915559
0.32508545,-9.110464449,-9.067181333
0.32514038,-9.110464449,-9.404461663
0.32519531,-9.110464449,-9.035571261
0.32525024,-9.110464449,-9.428137184
0.32530518,-9.110464449,-9.014762840
0.32536011,-9.110464449,-9.459267481
0.32541504,-9.110464449,-8.988268100
0.32546997,-9.110464449,-9.472928230
0.32552490,-9.110464449,-8.951943479
0.32557983,-9.110464449,-9.490057263
0.32563477,-9.110464449,-8.923140328
0.32568970,-9.110464449,-9.506555504
0.32574463,-9.110464449,-8.900356532
0.32579956,-9.110464449,-9.522191301
0.32585449,-9.110464449,-8.881608394
0.32590942,-9.110464449,-9.537159220
0.32596436,-9.110464449,-8.865498717
0.32601929,-9.110464449,-9.551645587
0.32607422,-9.110464449,-8.851107061
0.32612915,-9.110464449,-9.565773081
0.32618408,-9.110464449,-8.837860305
0.32623901,-9.110464449,-9.579602242
0.32629395,-9.110464449,-8.825425562
0.32634888,-9.110464449,-9.593146369
0.32640381,-9.110464449,-8.813626033
0.32645874,-9.110464449,-9.606388575
0.32651367,-9.110464449,-8.802379726
0.32656860,-9.110464449,-9.619293644
0.32662354,-9.110464449,-8.791657805
0.32667847,-9.110464449,-9.631817162
0.32673340,-9.110464449,-8.781457965
0.32678833,-9.110464449,-9.643912982
0.32684326,-9.110464449,-8.771788386
0.32689819,-9.110464449,-9.655538858
0.32695313,-9.110464449,-8.762658697
0.32700806,-9.110464449,-9.666660051
0.32706299,-9.110464449,-8.754075369
0.32711792,-9.110464449,-9.677251127
0.32717285,-9.110464449,-8.746039488
0.32722778,-9.110464449,-9.687296001
0.32728271,-9.110464449,-8.738546116
0.32733765,-9.110464449,-9.696787031
0.32739258,-9.110464449,-8.731584671
0.32744751,-9.110464449,-9.705723814
0.32750244,-9.110464449,-8.725139824
0.32755737,-9.110464449,-9.714112026
0.32761230,-9.110464449,-8.719192567
0.32766724,-9.110464449,-9.721962375
0.32772217,-9.110464449,-8.713721202
0.32777710,-9.110464449,-9.729289688
0.32783203,-9.110464449,-8.708702162
0.32788696,-9.110464449,-9.736112114
0.32794189,-9.110464449,-8.704110661
0.32799683,-9.110464449,-9.742450408
0.32805176,-9.110464449,-8.699921210
0.32810669,-9.110464449,-9.748327290
0.32816162,-9.110464449,-8.696108041
0.32821655,-9.110464449,-9.753766859
0.32827148,-9.110464449,-8.692645467
0.32832642,-9.110464449,-9.758794074
0.32838135,-9.110464449,-8.689508182
0.32843628,-9.110464449,-9.763434286
0.32849121,-9.110464449,-8.686671523
0.32854614,-9.110464449,-9.767712831
0.32860107,-9.110464449,-8.684111675
0.32865601,-9.110464449,-9.771654683
0.32871094,-9.110464449,-8.681805844
0.32876587,-9.110464449,-9.775284177
0.32882080,-9.110464449,-8.679732375
0.32887573,-9.110464449,-9.778624778
0.32893066,-9.110464449,-8.677870841
0.32898560,-9.110464449,-9.781698916
0.32904053,-9.110464449,-8.676202088
0.32909546,-9.110464449,-9.784527865
0.32915039,-9.110464449,-8.674708262
0.32920532,-9.110464449,-9.787131669
0.32926025,-9.110464449,-8.673372795
0.32931519,-9.110464449,-9.789529100
0.32937012,-9.110464449,-8.672180380
0.32942505,-9.110464449,-9.791737654
0.32947998,-9.110464449,-8.671116928
0.32953491,-9.110464449,-9.793773567
0.32958984,-9.110464449,-8.670169517
0.32964478,-9.110464449,-9.795651844
0.32969971,-9.110464449,-8.669326323
0.32975464,-9.110464449,-9.797386314
0.32980957,-9.110464449,-8.668576560
0.32986450,-9.110464449,-9.798989681
0.32991943,-9.110464449,-8.667910412
0.32997437,-9.110464449,-9.800473589
0.33002930,-9.110464449,-8.667318958
0.33008423,-9.110464449,-9.801848686
0.33013916,-9.110464449,-8.666794114
0.33019409,-9.110464449,-9.803124691
0.33024902,-9.110464449,-8.666328566
0.33030396,-9.110464449,-9.804310459
0.33035889,-9.110464449,-8.665915706
0.33041382,-9.110464449,-9.805414045
0.33046875,-9.110464449,-8.665549578
0.33052368,-9.110464449,-9.806442767
0.33057861,-9.110464449,-8.665224824
0.33063354,-9.110464449,-9.807403261
0.33068848,-9.110464449,-8.664936629
0.33074341,-9.110464449,-9.808301541
0.33079834,-9.110464449,-8.664680678
0.33085327,-9.110464449,-9.809143047
0.33090820,-9.110464449,-8.664453113
0.33096313,-9.110464449,-9.809932699
0.33101807,-9.110464449,-8.664250486
0.33107300,-9.110464449,-9.810674936
0.33112793,-9.110464449,-8.664069729
0.33118286,-9.110464449,-9.811373765
0.33123779,-9.110464449,-8.663908113
0.33129272,-9.110464449,-9.812032797
0.33134766,-9.110464449,-8.663763218
0.33140259,-9.110464449,-9.812655284
0.33145752,-9.110464449,-8.663632906
0.33151245,-9.110464449,-9.813244154
0.33156738,-9.110464449,-8.663515287
0.33162231,-9.110464449,-9.813802039
0.33167725,-9.110464449,-8.663408702
0.33173218,-9.110464449,-9.814331308
0.33178711,-9.110464449,-8.663311690
0.33184204,-9.110464449,-9.814834089
0.33189697,-9.110464449,-8.663222976
0.33195190,-9.110464449,-9.815312297
0.33200684,-9.110464449,-8.663141441
0.33206177,-9.110464449,-9.815767654
0.33211670,-9.110464449,-8.663066110
0.33217163,-9.110464449,-9.816201711
0.33222656,-9.110464449,-8.662996116
0.33228149,-9.110464449,-9.816615867
0.33233643,-9.110464449,-8.662930660
0.33239136,-9.110464449,-9.817011395
0.33244629,-9.110464449,-8.662868950
0.33250122,-9.110464449,-9.817389453
0.33255615,-9.110464449,-8.662810137
0.33261108,-9.110464449,-9.817751058
0.33266602,-9.110464449,-8.662753250
0.33272095,-9.110464449,-9.818097024
0.33277588,-9.110464449,-8.662697150
0.33283081,-9.110464449,-9.818427886
0.33288574,-9.110464449,-8.662640496
0.33294067,-9.110464449,-9.818743647
0.33299561,-9.110464449,-8.662581672
0.33305054,-9.110464449,-9.819043413
0.33310547,-9.110464449,-8.662518054
0.33316040,-9.110464449,-9.819324718
0.33321533,-9.110464449,-8.662444105
0.33327026,-9.110464449,-9.819582242
0.33332520,-9.110464449,-8.662345092
0.33338013,-9.110464449,-9.819797936
0.33343506,-9.110464449,-8.662192462
0.33348999,-9.110464449,-9.819938796
0.33354492,-9.110464449,-8.661943625
0.33359985,-9.110464449,-9.819945774
0.33365479,-9.110464449,-8.661524728
0.33370972,-9.110464449,-9.819736137
0.33376465,-9.110464449,-8.660836561
0.33381958,-9.110464449,-9.819213717
0.33387451,-9.110464449,-8.659775745
0.33392944,-9.110464449,-9.818237819
0.33398438,-9.110464449,-8.658176194
0.33403931,-9.110464449,-9.816627799
0.33409424,-9.110464449,-8.655863263
0.33414917,-9.110464449,-9.814213610
0.33420410,-9.110464449,-8.652706714
0.33425903,-9.110464449,-9.810684812
0.33431396,-9.110464449,-8.648366271
0.33436890,-9.110464449,-9.805690510
0.33442383,-9.110464449,-8.642577327
0.33447876,-9.110464449,-9.798998154
0.33453369,-9.110464449,-8.635266862
0.33458862,-9.110464449,-9.790542126
0.33464355,-9.110464449,-8.625902039
0.33469849,-9.110464449,-9.779282039
0.33475342,-9.110464449,-8.614123234
0.33480835,-9.110464449,-9.764771982
0.33486328,-9.110464449,-8.600076420
0.33491821,-9.110464449,-9.747197756
0.33497314,-9.110464449,-8.581804944
0.33502808,-9.110464449,-9.722712337
0.33508301,-9.110464449,-8.558935492
0.33513794,-9.110464449,-9.691764821
0.33519287,-9.110464449,-8.532847877
0.33524780,-9.110464449,-9.656277381
0.33530273,-9.110464449,-8.496004083
0.33535767,-9.110464449,-9.601515969
0.33541260,-9.110464449,-8.450790041
0.33546753,-9.110464449,-9.536554401
0.33552246,-9.110464449,-8.403861813
0.33557739,-9.110464449,-9.469143217
0.33563232,-9.110464449,-8.324158946
0.33568726,-9.110464449,-9.338849342
0.33574219,-9.110464449,-8.235552277
0.33579712,-9.110464449,-9.209373738
0.33585205,-9.110464449,-8.160153818
0.33590698,-9.110464449,-9.096017791
0.33596191,-9.110464449,-8.102372746
0.33601685,-9.110464449,-9.000489713
0.33607178,-9.110464449,-7.931131346
0.33612671,-9.110464449,-8.686789159
0.33618164,-9.110464449,-7.788373782
0.33623657,-9.110464449,-8.486258340
0.33629150,-9.110464449,-7.714665369
0.33634644,-9.110464449,-8.356240418
0.33640137,-9.110464449,-7.684163705
0.33645630,-9.110464449,-7.625039085
0.33651123,-9.110464449,-6.762775758
0.33656616,-9.110464449,-7.187914729
0.33662109,-9.110464449,-6.754343986
0.33667603,-4.725594253,-2.696846132
0.33673096,-0.446942514,1.802959119
0.33678589,1.800016845,1.797074571
0.33684082,1.794357271,1.791639971
0.33689575,1.797507754,1.803375536
0.33695068,1.794260041,1.785144545
0.33700562,1.795229394,1.805314243
0.33706055,1.790511014,1.775707785
0.33711548,1.793960112,1.812212438
0.33717041,1.791614091,1.771015744
0.33722534,1.792349622,1.813683499
0.33728027,1.788495866,1.763308233
0.33733521,1.791793762,1.820279290
0.33739014,1.790277198,1.760275106
0.33744507,1.790961182,1.821647258
0.33750000,1.787903185,1.754159113
0.33755493,1.790714008,1.827268903
0.33760986,1.789960564,1.752652225
0.33766479,1.790734582,1.828816938
0.33771973,1.788407800,1.747998663
0.33777466,1.790498788,1.832998912
0.33782959,1.790445096,1.747891281
0.33788452,1.791412739,1.834934196
0.33793945,1.789754470,1.744574744
0.33799438,1.790982357,1.837389969
0.33804932,1.791565969,1.745741970
0.33810425,1.792796901,1.839851830
0.33815918,1.791744628,1.743637426
0.33821411,1.792040663,1.840443899
0.33826904,1.793198769,1.745953639
0.33832397,1.794733561,1.843513482
0.33837891,1.794224029,1.744934578
0.33843384,1.793578705,1.842222831
0.33848877,1.795247532,1.748272233
0.33854370,1.797102856,1.845933479
0.33859863,1.797071765,1.748210052
0.33865356,1.795520139,1.842830225
0.33870850,1.797634909,1.752439594
0.33876343,1.799808746,1.847177897
0.33881836,1.800190942,1.753203988
0.33887329,1.797799278,1.842394567
0.33892822,1.800294610,1.758194655
0.33898315,1.802771180,1.847347705
0.33903809,1.803501239,1.759654775
0.33909302,1.800355509,1.841056244
0.33914795,1.803166157,1.765276070
0.33920288,1.805920351,1.846564631
0.33925781,1.806933443,1.767302254
0.33931274,1.803130060,1.838957866
0.33936768,1.806191872,1.773425879
0.33942261,1.809193000,1.844960121
0.33947754,1.810425931,1.775891742
0.33953247,1.806064860,1.836237978
0.33958740,1.809315887,1.782393797
0.33964233,1.812530629,1.842667461
0.33969727,1.813922981,1.785178501
0.33975220,1.809103171,1.833027840
0.33980713,1.812484813,1.791941785
0.33986206,1.815879346,1.839816907
0.33991699,1.817374616,1.794932325
0.33997192,1.812191526,1.829450728
0.34002686,1.815649645,1.801848562
0.34008179,1.819190975,1.836533388
0.34013672,1.820737642,1.804941896
0.34019165,1.815282455,1.825623014
0.34024658,1.818768377,1.811913740
0.34030151,1.822424973,1.832936205
0.34035645,1.823977415,1.815018626
0.34041138,1.818337438,1.821656251
0.34046631,1.821808772,1.821961293
0.34052124,1.825550654,1.829140015
0.34057617,1.827069853,1.824999690
0.34063110,1.821329577,1.817659464
0.34068604,1.824750779,1.831842095
0.34074097,1.828549246,1.825256397
0.34079590,1.830003205,1.834750012
0.34085083,1.824245498,1.813740985
0.34090576,1.827588146,1.841435308
0.34096069,1.831415320,1.821395333
0.34101562,1.832779172,1.844163010
0.34107056,1.827086175,1.810009339
0.34112549,1.830328896,1.850648453
0.34118042,1.834157278,1.817666102
0.34123535,1.835413043,1.853159983
0.34129028,1.829866447,1.806572910
0.34134521,1.832994510,1.859416109
0.34140015,1.836796674,1.814177239
0.34145508,1.837932681,1.861688122
0.34151001,1.832613239,1.803538356
0.34156494,1.835617805,1.867697253
0.34161987,1.839366345,1.811035437
0.34167480,1.840376331,1.869717224
0.34172974,1.835362589,1.801007954
0.34178467,1.838239681,1.875471407
0.34183960,1.841907437,1.808343468
0.34189453,1.842789397,1.877235325
0.34194946,1.838155776,1.799076228
0.34200439,1.840905028,1.882733827
0.34205933,1.844465590,1.806197353
0.34211426,1.845220450,1.884243548
0.34216919,1.841034915,1.797826283
0.34222412,1.843658196,1.889490108
0.34227905,1.847086619,1.804683131
0.34233398,1.847716844,1.890750556
0.34238892,1.844038435,1.797326314
0.34244385,1.846538460,1.895750604
0.34249878,1.849812110,1.803873618
0.34255371,1.850320341,1.896767063
0.34260864,1.847196869,1.797626676
0.34266357,1.849575902,1.901525126
0.34271851,1.852675321,1.803825516
0.34277344,1.853063169,1.902300820
0.34282837,1.850529306,1.798757793
0.34288330,1.852788067,1.906818341
0.34293823,1.855697755,1.804577170
0.34299316,1.855964847,1.907352524
0.34304810,1.854040791,1.800729059
0.34310303,1.856177655,1.911626250
0.34315796,1.858886693,1.806147138
0.34321289,1.859030041,1.911912943
0.34326782,1.857720831,1.803528721
0.34332275,1.859731380,1.915934037
0.34337769,1.862233844,1.808533652
0.34343262,1.862247585,1.915961517
0.34348755,1.861543068,1.807124620
0.34354248,1.863420031,1.919715442
0.34359741,1.865715169,1.811714896
0.34365234,1.865590710,1.919466523
0.34370728,1.865466065,1.811465608
0.34376221,1.867199658,1.922933706
0.34381714,1.869291844,1.815649983
0.34387207,1.869018380,1.922386776
0.34392700,1.869435098,1.816483421
0.34398193,1.871013706,1.925543991
0.34403687,1.872912221,1.820280452
0.34409180,1.872477582,1.924674711
0.34414673,1.873384755,1.822094799
0.34420166,1.874795934,1.927497067
0.34425659,1.876514589,1.825532111
0.34431152,1.875906356,1.926280601
0.34436646,1.877242166,1.828203732
0.34442139,1.878473846,1.928743960
0.34447632,1.880030529,1.831317100
0.34453125,1.879237320,1.927157539
0.34458618,1.880930635,1.834703733
0.34464111,1.881972459,1.929241184
0.34469604,1.883388621,1.837536059
0.34475098,1.882401440,1.927266821
0.34480591,1.884373489,1.841480158
0.34486084,1.885218156,1.928956154
0.34491577,1.886518273,1.844080393
0.34497070,1.885331834,1.926583275
0.34502563,1.887497929,1.848412584
0.34508057,1.888142460,1.927872336
0.34513550,1.889353472,1.850834608
0.34519043,1.887967371,1.925100133
0.34524536,1.890238716,1.855377300
0.34530029,1.890685520,1.925993739
0.34535522,1.891836256,1.857678773
0.34541016,1.890255911,1.922833048
0.34546509,1.892541494,1.862249940
0.34552002,1.892799153,1.923348366
0.34557495,1.893919728,1.864491091
0.34562988,1.892156999,1.919822906
0.34568481,1.894365577,1.868908248
0.34573975,1.894449288,1.919990327
0.34579468,1.895570459,1.871150592
0.34584961,1.893643885,1.916137178
0.34590454,1.895686037,1.875234896
0.34595947,1.895617637,1.916000378
0.34601440,1.896770132,1.877539887
0.34606934,1.894704750,1.911869613
0.34612427,1.896494942,1.881120271
0.34617920,1.896302513,1.911484756
0.34623413,1.897516327,1.883547899
0.34628906,1.895343056,1.907138213
0.34634399,1.896801641,1.886465069
0.34639893,1.896518680,1.906572291
0.34645386,1.897822374,1.889072456
0.34650879,1.895576980,1.902081505
0.34656372,1.896632041,1.891182577
0.34661865,1.896296232,1.901409887
0.34667358,1.897716257,1.894022628
0.34672852,1.895437950,1.896853271
0.34678345,1.896026904,1.895200536
0.34683838,1.895678549,1.896156562
0.34689331,1.897238636,1.898320710
0.34694824,1.894968352,1.891615994
0.34700317,1.895039262,1.898462530
0.34705811,1.894719454,1.890976377
0.34711304,1.896440084,1.901903791
0.34716797,1.894218573,1.886533355
0.34722290,1.893731140,1.900928925
0.34727783,1.893479777,1.886030628
0.34733276,1.895377770,1.904724911
0.34738770,1.893243572,1.881762232
0.34744263,1.892169833,1.902577434
0.34749756,1.892023597,1.881469760
0.34755249,1.894111803,1.906753845
0.34760742,1.892099255,1.877444666
0.34766235,1.890424046,1.903403425
0.34771729,1.890414465,1.877425505
0.34777222,1.892701561,1.907977618
0.34782715,1.890838949,1.873700280
0.34788208,1.888560197,1.903420114
0.34793701,1.888711914,1.874003714
0.34799194,1.891202277,1.908400839
0.34804688,1.889510245,1.870619650
0.34810181,1.886639185,1.902658719
0.34815674,1.886968542,1.871278366
0.34821167,1.889662162,1.908045959
0.34826660,1.888152499,1.868259040
0.34832153,1.884713841,1.901168641
0.34837646,1.885227882,1.869287123
0.34843140,1.888120297,1.906953472
0.34848633,1.886795171,1.866636870
0.34854126,1.882827225,1.899017580
0.34859619,1.883523179,1.868028777
0.34865112,1.886605411,1.905182045
0.34870605,1.885457116,1.865732187
0.34876099,1.881011817,1.896291447
0.34881592,1.881877117,1.867462787
0.34887085,1.885135612,1.902808437
0.34892578,1.884146864,1.865485292
0.34898071,1.879289548,1.893093805
0.34903564,1.880302405,1.867511006
0.34909058,1.883719003,1.899927000
0.34914551,1.882863786,1.865800571
0.34920044,1.877672559,1.889544547
0.34925537,1.878803071,1.868061596
0.34931030,1.882355062,1.896648528
0.34936523,1.881599992,1.866551456
0.34942017,1.876164467,1.885777478
0.34947510,1.877376232,1.868974987
0.34953003,1.881036562,1.893098136
0.34958496,1.880342729,1.867587323
0.34963989,1.874761942,1.881936560
0.34969482,1.876014100,1.870091639
0.34974976,1.879751804,1.889411969
0.34980469,1.879076995,1.868742020
0.34985962,1.873456349,1.878170678
0.34991455,1.874705958,1.871241238
0.34996948,1.878486897,1.885732556
0.35002441,1.877788091,1.869843627
0.35007935,1.872235289,1.874626951
0.35013428,1.873439915,1.872252880
0.35018921,1.877227855,1.882202829
0.35024414,1.876463873,1.870724918
0.35029907,1.871083875,1.871442833
0.35035400,1.872204255,1.872965678
0.35040894,1.875962316,1.878958954
0.35046387,1.875096457,1.871233961
0.35051880,1.869985706,1.868737451
0.35057373,1.870988321,1.873239191
0.35062866,1.874680761,1.876122330
0.35068359,1.873683271,1.871244212
0.35073853,1.868923506,1.866602800
0.35079346,1.869782902,1.872963004
0.35084839,1.873377156,1.873791307
0.35090332,1.872227360,1.870663412
0.35095825,1.867879494,1.865095576
0.35101318,1.868580184,1.872064792
0.35106812,1.872049026,1.872033260
0.35112305,1.870736958,1.869440656
0.35117798,1.866835562,1.864230469
0.35123291,1.867373351,1.870516233
0.35128784,1.870697018,1.870877802
0.35134277,1.869224410,1.867571017
0.35139771,1.865773371,1.863975724
0.35145264,1.866155975,1.868336226
0.35150757,1.869324049,1.870311873
0.35156250,1.867704559,1.865097246
0.35161743,1.864674453,1.864251660
0.35167236,1.864921321,1.865590981
0.35172729,1.867934175,1.870277370
0.35178223,1.866192785,1.862108201
0.35183716,1.863520411,1.864932620
0.35189209,1.863661697,1.862390773
0.35194702,1.866531316,1.870671858
0.35200195,1.864702888,1.858733918
0.35205688,1.862293248,1.865852578
0.35211182,1.862367960,1.858883342
0.35216675,1.865117986,1.871352630
0.35222168,1.863245022,1.855137413
0.35227661,1.860975857,1.866814301
0.35233154,1.861029254,1.855244206
0.35238647,1.863694171,1.872144135
0.35244141,1.861823882,1.851503630
0.35249634,1.859552638,1.867601646
0.35255127,1.859633026,1.851664405
0.35260620,1.862256451,1.872848497
0.35266113,1.860437335,1.848026174
0.35271606,1.858010214,1.867994253
0.35277100,1.858165349,1.848336444
0.35282593,1.860797495,1.873258546
0.35288086,1.859075629,1.844892711
0.35293579,1.856338186,1.867783661
0.35299072,1.856611536,1.845439411
0.35304565,1.859305968,1.873172525
0.35310059,1.857721307,1.842270089
0.35315552,1.854529868,1.866789648
0.35321045,1.854957022,1.843124397
0.35326538,1.857766914,1.872409431
0.35332031,1.856349887,1.840290343
0.35337524,1.852582940,1.864875536
0.35343018,1.853188457,1.841501377
0.35348511,1.856162611,1.870823846
0.35354004,1.854931297,1.839038749
0.35359497,1.850499968,1.861961187
0.35364990,1.851294947,1.840628707
0.35370483,1.854473872,1.868319038
0.35375977,1.853432019,1.838545000
0.35381470,1.848288761,1.858032522
0.35386963,1.849269365,1.840506209
0.35392456,1.852681720,1.864857230
0.35397949,1.851817815,1.838778400
0.35403442,1.845962519,1.853146637
0.35408936,1.847109626,1.841072615
0.35414429,1.850769335,1.860466054
0.35419922,1.850056861,1.839647669
0.35425415,1.843539770,1.847431871
0.35430908,1.844819837,1.842207802
0.35436401,1.848724143,1.855240484
0.35441895,1.848123051,1.841005618
0.35447388,1.841044087,1.841082556
0.35452881,1.842411218,1.843739881
0.35458374,1.846539878,1.849339876
0.35463867,1.845999223,1.842658571
0.35469360,1.838503594,1.834348618
0.35474854,1.839902713,1.845456807
0.35480347,1.844218445,1.842980083
0.35485840,1.843680035,1.844379988
0.35491333,1.835950294,1.827520600
0.35496826,1.837321199,1.847121798
0.35502319,1.841771430,1.836421063
0.35507813,1.841174229,1.845927396
0.35513306,1.833419244,1.820911092
0.35518799,1.834701279,1.848491465
0.35524292,1.839221100,1.829950735
0.35529785,1.838506066,1.847061397
0.35535278,1.830947651,1.814833904
0.35540771,1.832084621,1.849335337
0.35546265,1.836600778,1.823866220
0.35551758,1.835715768,1.847565316
0.35557251,1.828573928,1.809582541
0.35562744,1.829518891,1.849455241
0.35568237,1.833954539,1.818453838
0.35573730,1.832858883,1.847263929
0.35579224,1.826336801,1.805409674
0.35584717,1.827056331,1.848702988
0.35590210,1.831336200,1.813969412
0.35595703,1.830004568,1.846039724
0.35601196,1.824274505,1.802509286
0.35606689,1.824752076,1.846994866
0.35612183,1.828807657,1.810620448
0.35617676,1.827232880,1.843845311
0.35623169,1.822424143,1.801002976
0.35628662,1.822662324,1.844321671
0.35634155,1.826436661,1.808551651
0.35639648,1.824631243,1.840710835
0.35645142,1.820821223,1.800931611
0.35650635,1.820842466,1.840753321
0.35656128,1.824294163,1.807835005
0.35661621,1.822290330,1.836745654
0.35667114,1.819499371,1.802253088
0.35672607,1.819345305,1.836437521
0.35678101,1.822451400,1.808465280
0.35683594,1.820299629,1.832133978
0.35689087,1.818490203,1.804846427
0.35694580,1.818219424,1.831592420
0.35700073,1.820976898,1.810361376
0.35705566,1.818743013,1.827124650
0.35711060,1.817823277,1.808521904
0.35716553,1.817507796,1.826493689
0.35722046,1.819933559,1.813373429
0.35727539,1.817694592,1.822015756
0.35733032,1.817526057,1.813036358
0.35738525,1.817246653,1.821456948
0.35744019,1.819376012,1.817295077
0.35749512,1.817215132,1.817135186
0.35755005,1.817623785,1.818112384
0.35760498,1.817464606,1.816816827
0.35765991,1.819348341,1.821879855
0.35771484,1.817349236,1.812818617
0.35776978,1.818139172,1.823459728
0.35782471,1.818182013,1.812904298
0.35787964,1.819882299,1.826860300
0.35793457,1.818123462,1.809386625
0.35798950,1.819091838,1.828797051
0.35804443,1.819410538,1.810024025
0.35809937,1.820996072,1.831968120
0.35815430,1.819545425,1.807122731
0.35820923,1.820497449,1.833872168
0.35826416,1.821152854,1.808433540
0.35831909,1.822693613,1.836953687
0.35837402,1.821603897,1.806254107
0.35842896,1.822366581,1.838479055
0.35848389,1.823402453,1.808325852
0.35853882,1.824964526,1.841603199
0.35859375,1.824269817,1.806936436
0.35864868,1.824703322,1.842470208
0.35870361,1.826143528,1.809816848
0.35875854,1.827784471,1.845752094
0.35881348,1.827498084,1.809244075
0.35886841,1.827503751,1.845763428
0.35892334,1.829350910,1.812938393
0.35897827,1.831116022,1.849293652
0.35903320,1.831229930,1.813166210
0.35908813,1.830754402,1.848342595
0.35914307,1.832990082,1.817637570
0.35919800,1.834909883,1.852182196
0.35925293,1.835395670,1.818609145
0.35930786,1.834430881,1.850252617
0.35936279,1.837017277,1.823781937
0.35941772,1.839106382,1.854430828
0.35947266,1.839917601,1.825404375
0.35952759,1.838496805,1.851589235
0.35958252,1.841379710,1.831170185
0.35963745,1.843637152,1.856104118
0.35969238,1.844712833,1.833321549
0.35974731,1.842903208,1.852484867
0.35980225,1.846015980,1.839547094
0.35985718,1.848426878,1.857306661
0.35991211,1.849695861,1.842085060
0.35996704,1.847588530,1.853092000
0.36002197,1.850856680,1.848621360
0.36007690,1.853395052,1.858168743
0.36013184,1.854780720,1.851392697
0.36018677,1.852479251,1.853565805
0.36024170,1.855825223,1.858084640
0.36029663,1.858457630,1.858830620
0.36035156,1.859882632,1.860934644
0.36040649,1.857491169,1.854047695
0.36046143,1.860838893,1.867630090
0.36051636,1.863528525,1.859426959
0.36057129,1.864919061,1.870411162
0.36062622,1.862531250,1.854651337
0.36068115,1.865810073,1.876968809
0.36073608,1.868520868,1.860072928
0.36079102,1.869810188,1.879547448
0.36084595,1.867499908,1.855452368
0.36090088,1.870647592,1.885842815
0.36095581,1.873347999,1.860853183
0.36101074,1.874478833,1.888104484
0.36106567,1.872293536,1.856482588
0.36112061,1.875258086,1.894033583
0.36117554,1.877924118,1.861814653
0.36123047,1.878849891,1.895885129
0.36128540,1.876807035,1.857728941
0.36134033,1.879547275,1.901365609
0.36139526,1.882164602,1.862963596
0.36145020,1.882849371,1.902735147
0.36150513,1.880936109,1.859137073
0.36156006,1.883421018,1.907704964
0.36161499,1.885985948,1.864266931
0.36166992,1.886403167,1.908539403
0.36172485,1.884579087,1.860618770
0.36177979,1.886786035,1.912953300
0.36183472,1.889305355,1.865657410
0.36188965,1.889435655,1.913213899
0.36194458,1.887638063,1.862062228
0.36199951,1.889550203,1.917038177
0.36205444,1.892039984,1.867041791
0.36210938,1.891868246,1.916694701
0.36216431,1.890019248,1.863343796
0.36221924,1.891622366,1.919900936
0.36227417,1.894105923,1.868310910
0.36232910,1.893618010,1.918925109
0.36238403,1.891632453,1.864339797
0.36243896,1.892911670,1.921483543
0.36249390,1.895416958,1.869350373
0.36254883,1.894596470,1.919842566
0.36260376,1.892389789,1.864937012
0.36265869,1.893326468,1.921715923
0.36271362,1.895883254,1.870050586
0.36276855,1.894708680,1.919366773
0.36282349,1.892203725,1.865040676
0.36287842,1.892772947,1.920505217
0.36293335,1.895410092,1.870314968
0.36298828,1.893852687,1.917390406
0.36304321,1.890984766,1.864579126
0.36309814,1.891153672,1.917728217
0.36315308,1.893896838,1.870065459
0.36320801,1.891919482,1.913773505
0.36326294,1.888639091,1.863504677
0.36331787,1.888366298,1.913227919
0.36337280,1.891236337,1.869244754
0.36342773,1.888793535,1.908342315
0.36348267,1.885066533,1.861790751
0.36353760,1.884302734,1.906814718
0.36359253,1.887314920,1.867815122
0.36364746,1.884354000,1.900892879
0.36370239,1.880159297,1.859425715
0.36375732,1.878849042,1.898272370
0.36381226,1.882013213,1.865754056
0.36386719,1.878476663,1.891199269
0.36392212,1.873801766,1.856404263
0.36397705,1.871886307,1.887368351
0.36403198,1.875207867,1.863047383
0.36408691,1.871036629,1.879025875
0.36414185,1.865871659,1.852717442
0.36419678,1.863292634,1.873867827
0.36425171,1.866774269,1.859680711
0.36430664,1.861911740,1.864142770
0.36436157,1.856242659,1.848342548
0.36441650,1.852946316,1.857550083
0.36447144,1.856590194,1.855630304
0.36452637,1.850986575,1.846342846
0.36458130,1.844788461,1.843234077
0.36463623,1.840730032,1.838225988
0.36469116,1.844540222,1.850854456
0.36474609,1.838156821,1.825459185
0.36480103,1.831387975,1.837316764
0.36485596,1.826535808,1.815754852
0.36491089,1.830520607,1.845286362
0.36496582,1.823333691,1.801381020
0.36502075,1.815931208,1.830481397
0.36507568,1.810270241,1.790059086
0.36513062,1.814444156,1.838829225
0.36518555,1.806447955,1.774066685
0.36524048,1.798325204,1.822583723
0.36529541,1.791859405,1.761135088
0.36535034,1.796244556,1.831354023
0.36540527,1.787453060,1.743552098
0.36546021,1.778499195,1.813446291
0.36551514,1.771252660,1.729059030
0.36557007,1.775879491,1.822699951
0.36562500,1.766326791,1.709953632
0.36567993,1.756408138,1.802862643
0.36573486,1.748424625,1.693986609
0.36578979,1.753331880,1.812677150
0.36584473,1.743070869,1.673464590
0.36589966,1.732033733,1.790602874
0.36595459,1.723374516,1.656146160
0.36600952,1.728608563,1.801070964
0.36606445,1.717707938,1.634344914
0.36611938,1.705382111,1.776419305
0.36617432,1.696122144,1.615824985
0.36622925,1.701735831,1.787646675
0.36628418,1.690275449,1.592904226
0.36633911,1.676477549,1.760050869
0.36639404,1.666700053,1.573349241
0.36644897,1.672751358,1.772153472
0.36650391,1.660816104,1.549478742
0.36655884,1.645351779,1.741224812
0.36661377,1.635141452,1.529058097
0.36666870,1.641692241,1.754326381
0.36672363,1.629364652,1.504402929
0.36677856,1.612028716,1.719654499
0.36683350,1.601463845,1.483273198
0.36688843,1.608579089,1.733884975
0.36694336,1.595931032,1.457977096
0.36699829,1.576504740,1.695032378
0.36705322,1.565648535,1.436264699
0.36710815,1.573396298,1.710527890
0.36716309,1.560480046,1.410432211
0.36721802,1.538724915,1.667017613
0.36727295,1.527616409,1.388215212
0.36732788,1.536068878,1.683922536
0.36738281,1.522907919,1.361893313
0.36743774,1.498555817,1.635218313
0.36749268,1.487200662,1.339183019
0.36754761,1.496436409,1.653689789
0.36760254,1.483016308,1.312342838
0.36765747,1.455755830,1.599168814
0.36771240,1.444117300,1.289065796
0.36776733,1.454224854,1.619383901
0.36782227,1.440484462,1.261585035
0.36787720,1.409943989,1.558302934
0.36793213,1.397934459,1.237565993
0.36798706,1.409017157,1.580468310
0.36804199,1.394840420,1.209212543
0.36809692,1.360568539,1.511924526
0.36815186,1.348041681,1.184158846
0.36820679,1.360223657,1.536288455
0.36826172,1.345432257,1.154576072
0.36831665,1.306876554,1.459177026
0.36837158,1.293620480,1.128063945
0.36842651,1.307053512,1.486043068
0.36848145,1.291400569,1.096758085
0.36853638,1.247886021,1.399013947
0.36859131,1.233617598,1.068221259
0.36864624,1.248488480,1.428755689
0.36870117,1.231653542,1.034551411
0.36875610,1.182361923,1.330172427
0.36881104,1.166722514,1.003272611
0.36886597,1.183260504,1.363248383
0.36892090,1.164846115,0.966443863
0.36897583,1.108797965,1.251152058
0.36903076,1.091350899,0.931549750
0.36908569,1.109834753,1.288119744
0.36914062,1.089364919,0.890610109
0.36919556,1.025405654,1.160201192
0.36925049,1.005635780,0.851070377
0.36930542,1.026399854,1.201729318
0.36936035,1.003320776,0.804912249
0.36941528,0.930112552,1.055312849
0.36947021,0.907428269,0.759543697
0.36952515,0.930867126,1.102190543
0.36958008,0.904550639,0.706910751
0.36963501,0.820571459,0.934232162
0.36968994,0.794309653,0.654387152
0.36974487,0.820880652,0.987374140
0.36979980,0.790630766,0.593887407
0.36985474,0.694182203,0.794476996
0.36990967,0.663616493,0.532755996
0.36996460,0.693839830,0.854923653
0.37001953,0.658902751,0.462881864
0.37007446,0.548127397,0.633372927
0.37012939,-0.565640850,-1.764654063
0.37018433,-2.128576838,-2.492499562
0.37023926,-2.199042506,-1.905585484
0.37029419,-2.301775951,-2.697966356
0.37034912,-2.402994450,-2.108022577
0.37040405,-2.293548452,-2.479074312
0.37045898,-2.285367645,-2.091660993
0.37051392,-2.506437234,-2.921213408
0.37056885,-2.559380180,-2.197547003
0.37062378,-2.437932087,-2.678317148
0.37067871,-2.464423971,-2.250530812
0.37073364,-2.609194118,-2.967857373
0.37078857,-2.646304931,-2.324752530
0.37084351,-2.627134021,-2.929515476
0.37089844,-3.188809112,-3.448102721
0.37095337,-3.300021028,-3.151939344
0.37100830,-2.824383525,-2.496827748
0.37106323,-2.915846835,-3.334865853
0.37111816,-3.190302521,-3.045739196
0.37117310,-3.265477708,-3.485216200
0.37122803,-3.220269605,-2.955323036
0.37128296,-3.288800782,-3.622278484
0.37133789,-3.379982751,-3.137687041
0.37139282,-3.443964517,-3.750241955
0.37144775,-3.627511786,-3.504781623
0.37150269,-3.727089547,-3.949397453
0.37155762,-3.697862184,-3.446326939
0.37161255,-4.635157661,-5.823987829
0.37166748,-5.152415144,-4.480842636
0.37172241,-4.390272308,-4.299701982
0.37177734,-4.239326107,-4.178950233
0.37183228,-4.515145407,-4.851340536
0.37188721,-4.628323751,-4.405306985
0.37194214,-4.534324861,-4.663342730
0.37199707,-4.504653600,-4.345964480
0.37205200,-4.704663628,-5.063362726
0.37210693,-4.691653089,-4.319943506
0.37216187,-4.584129320,-4.848315107
0.37221680,-4.575032451,-4.301749825
0.37227173,-4.649598805,-4.997447737
0.37232666,-4.648926848,-4.300406007
0.37238159,-4.612134494,-4.923862943
0.37243652,-5.546790191,-6.169717287
0.37249146,-5.569346054,-4.968974963
0.37254639,-4.651380738,-4.333786552
0.37260132,-4.673710319,-5.013634040
0.37265625,-5.142305973,-5.270977900
0.37271118,-5.164525840,-5.058073784
0.37276611,-4.732026827,-4.405979912
0.37282104,-4.759011684,-5.112043406
0.37287598,-4.987952630,-4.863861860
0.37293091,-5.015696892,-5.167531915
0.37298584,-4.833662930,-4.499793988
0.37304077,-4.865776196,-5.231758351
0.37309570,-4.971388796,-4.711019268
0.37315063,-5.003804439,-5.296589577
0.37320557,-4.952505619,-4.608421707
0.37326050,-4.989175661,-5.369929559
0.37331543,-5.031337513,-4.692745512
0.37337036,-5.068588652,-5.444431736
0.37342529,-5.088964069,-4.733496451
0.37348022,-5.131057130,-5.528617748
0.37353516,-5.139952539,-4.751287390
0.37359009,-6.973415423,-9.195541521
0.37364502,-7.005806422,-4.816073201
0.37369995,-5.264929112,-5.713784943
0.37375488,-5.303641900,-4.893498923
0.37380981,-6.201730346,-7.509961098
0.37386475,-6.242710060,-4.975459651
0.37391968,-5.453600963,-5.931742185
0.37397461,-5.500860371,-5.069978630
0.37402954,-5.927558926,-6.785138934
0.37408447,-8.896026819,-11.006912958
0.37413940,-8.746381570,-6.485852184
0.37419434,-5.884290182,-5.282728321
0.37424927,-5.846309471,-6.409890496
0.37430420,-7.309189947,-8.208489080
0.37435913,-7.326378069,-6.444267363
0.37441406,-5.989491693,-5.534716104
0.37446899,-6.039315292,-6.543914382
0.37452393,-8.821820192,-11.099723969
0.37457886,-9.110464449,-8.625040567
0.37463379,-9.110464449,-10.655188863
0.37468872,-9.110464449,-8.931700912
0.37474365,-9.110464449,-10.152955386
0.37479858,-9.110464449,-9.031291269
0.37485352,-9.110464449,-9.890411020
0.37490845,-9.110464449,-9.305224477
0.37496338,-9.110464449,-9.273031063
0.37501831,-9.110464449,-9.419986706
0.37507324,-9.110464449,-9.194828497
0.37512817,-9.110464449,-9.460443743
0.37518311,-9.110464449,-9.158611466
0.37523804,-9.110464449,-9.481294869
0.37529297,-9.110464449,-9.132411548
0.37534790,-9.110464449,-9.491074898
0.37540283,-9.110464449,-9.112576811
0.37545776,-9.110464449,-9.494493865
0.37551270,-9.110464449,-9.097559036
0.37556763,-9.110464449,-9.494439695
0.37562256,-9.110464449,-9.086097652
0.37567749,-9.110464449,-9.492624092
0.37573242,-9.110464449,-9.077167964
0.37578735,-9.110464449,-9.490045305
0.37584229,-9.110464449,-9.069990006
0.37589722,-9.110464449,-9.487278407
0.37595215,-9.110464449,-9.063997895
0.37600708,-9.110464449,-9.484646858
0.37606201,-9.110464449,-9.058794168
0.37611694,-9.110464449,-9.482323376
0.37617187,-9.110464449,-9.054106184
0.37622681,-9.110464449,-9.480390043
0.37628174,-9.110464449,-9.049750595
0.37633667,-9.110464449,-9.478874721
0.37639160,-9.110464449,-9.045606513
0.37644653,-9.110464449,-9.477773422
0.37650146,-9.110464449,-9.041596053
0.37655640,-9.110464449,-9.477064156
0.37661133,-9.110464449,-9.037670551
0.37666626,-9.110464449,-9.476715529
0.37672119,-9.110464449,-9.033800955
0.37677612,-9.110464449,-9.476692044
0.37683105,-9.110464449,-9.029971184
0.37688599,-9.110464449,-9.476957329
0.37694092,-9.110464449,-9.026173582
0.37699585,-9.110464449,-9.477476042
0.37705078,-9.110464449,-9.022405825
0.37710571,-9.110464449,-9.478214939
0.37716064,-9.110464449,-9.018668826
0.37721558,-9.110464449,-9.479143411
0.37727051,-9.110464449,-9.014965345
0.37732544,-9.110464449,-9.480233695
0.37738037,-9.110464449,-9.011299068
0.37743530,-9.110464449,-9.481460877
0.37749023,-9.110464449,-9.007674008
0.37754517,-9.110464449,-9.482802781
0.37760010,-9.110464449,-9.004094132
0.37765503,-9.110464449,-9.484239786
0.37770996,-9.110464449,-9.000563141
0.37776489,-9.110464449,-9.485754623
0.37781982,-9.110464449,-8.997084336
0.37787476,-9.110464449,-9.487332148
0.37792969,-9.110464449,-8.993660566
0.37798462,-9.110464449,-9.488959128
0.37803955,-9.110464449,-8.990294208
0.37809448,-9.110464449,-9.490624034
0.37814941,-9.110464449,-8.986987181
0.37820435,-9.110464449,-9.492316847
0.37825928,-9.110464449,-8.983740968
0.37831421,-9.110464449,-9.494028882
0.37836914,-9.110464449,-8.980556656
0.37842407,-9.110464449,-9.495752632
0.37847900,-9.110464449,-8.977434972
0.37853394,-9.110464449,-9.497481622
0.37858887,-9.110464449,-8.974376326
0.37864380,-9.110464449,-9.499210284
0.37869873,-9.110464449,-8.971380848
0.37875366,-9.110464449,-9.500933843
0.37880859,-9.110464449,-8.968448428
0.37886353,-9.110464449,-9.502648222
0.37891846,-9.110464449,-8.965578747
0.37897339,-9.110464449,-9.504349946
0.37902832,-9.110464449,-8.962771311
0.37908325,-9.110464449,-9.506036074
0.37913818,-9.110464449,-8.960025479
0.37919312,-9.110464449,-9.507704127
0.37924805,-9.110464449,-8.957340484
0.37930298,-9.110464449,-9.509352028
0.37935791,-9.110464449,-8.954715459
0.37941284,-9.110464449,-9.510978053
0.37946777,-9.110464449,-8.976046105
0.37952271,-9.110464449,-4.599842450
0.37957764,2.675840051,9.951501804
0.37963257,19.376288527,28.801040435
0.37968750,29.070583156,29.340125848
0.37974243,29.046918310,28.753710806
0.37979736,28.662695891,28.571680980
0.37985229,28.702280628,28.832880269
0.37990723,29.461900292,30.090920160
0.37996216,29.536374150,28.981828261
0.38001709,28.906900767,28.831973275
0.38007202,29.010897633,29.189821978
0.38012695,29.585711498,29.981600957
0.38018188,30.604059757,31.226518405
0.38023682,30.326588220,29.426658353
0.38029175,30.893667531,32.360675865
0.38034668,31.092385141,29.824095047
0.38040161,31.209565143,32.595034487
0.38045654,31.064088126,29.533142683
0.38051147,30.965790557,32.398437627
0.38056641,30.993116155,29.587795457
0.38062134,30.846315505,32.104834932
0.38067627,30.852340689,29.599847060
0.38073120,30.745124837,31.890402099
0.38078613,30.887169173,29.883936641
0.38084106,30.842674608,31.801412214
0.38089600,30.849655450,29.897899041
0.38095093,30.870561577,31.843223743
0.38100586,31.221365233,30.599506874
0.38106079,31.292191152,31.984875242
0.38111572,31.229730814,30.474586609
0.38117065,44.518676367,58.562688821
0.38122559,44.788210150,31.013805843
0.38128052,31.747901154,32.481996255
0.38133545,32.010758280,31.539520392
0.38139038,38.612328439,45.685116879
0.38144531,38.876720222,32.068341733
0.38150024,32.602073541,33.135805236
0.38155518,32.863468666,32.591132126
0.38161011,36.089708630,39.588280337
0.38166504,36.349523034,33.110769842
0.38171997,33.486673262,33.862576628
0.38177490,33.738321736,33.614066850
0.38182983,35.262987370,36.911906825
0.38188477,35.508168155,34.104430257
0.38193970,34.364183849,34.623937414
0.38199463,34.597602555,34.571267697
0.38204956,35.265181578,35.959095271
0.38210449,47.886790981,59.814430930
0.38215942,47.747594910,35.680815959
0.38221436,35.563855522,35.446895091
0.38226929,35.590858911,35.734822723
0.38232422,41.787260749,47.839684417
0.38237915,41.900395735,35.961120879
0.38243408,36.104402119,36.247683351
0.38248901,36.257536202,36.267389053
0.38254395,39.249511681,42.231630823
0.38259888,51.419933702,60.608203491
0.38265381,50.110532005,39.612903710
0.38270874,38.298851670,36.984800307
0.38276367,37.732322605,38.479844685
0.38281860,43.734175905,48.988496304
0.38287354,55.809383341,62.630252143
0.38292847,52.997209959,43.364204146
0.38298340,40.717503441,38.070805483
0.38303833,39.402591427,40.734376675
0.38309326,45.585727082,50.437068265
0.38314819,45.021469210,39.605881651
0.38320313,39.046589325,38.487297121
0.38325806,38.853068458,39.218839742
0.38331299,41.914358477,44.609874363
0.38336792,53.840885079,63.071862397
0.38342285,52.464385957,41.856953619
0.38347778,40.611226388,39.365499765
0.38353271,40.003106607,40.640713290
0.38358765,45.993985830,51.347247137
0.38364258,45.773637278,40.200039594
0.38369751,40.049772897,39.899506209
0.38375244,40.020054981,40.140603747
0.38380737,42.956282063,45.771957271
0.38386230,54.591695312,63.411402865
0.38391724,53.274072990,43.136783393
0.38397217,41.818242988,40.499703263
0.38402710,41.232313938,41.964924402
0.38408203,47.029504492,52.094074528
0.38413696,46.810853907,41.527644225
0.38419189,41.291847939,41.056051675
0.38424683,41.252112178,41.448172666
0.38430176,44.084149141,46.720122893
0.38435669,55.969009242,65.217862063
0.38441162,54.699379089,44.180939478
0.38446655,42.956598441,41.732257990
0.38452148,42.392304350,43.052350539
0.38457642,48.321807088,53.591252755
0.38463135,48.111983365,42.632725742
0.38468628,42.414288896,42.195852069
0.38474121,42.377563870,42.559275657
0.38479614,45.287186151,48.015093728
0.38485107,45.338763169,42.662435417
0.38490601,42.674821304,42.687207192
0.38496094,42.766628657,42.846050119
0.38501587,44.158317587,45.470584379
0.38507080,44.272337272,43.074090728
0.38512573,43.123174936,43.172259142
0.38518066,43.244756533,43.317253922
0.38523560,43.877491625,44.437729205
0.38529053,44.005316378,43.572903625
0.38534546,43.609410319,43.645917013
0.38540039,43.737128435,43.828339853
0.38545532,43.991891403,44.155442942
0.38551025,44.122262880,44.089082819
0.38556519,44.099337980,44.109593142
0.38562012,44.227965482,44.346337817
0.38567505,44.295206292,44.244074767
0.38572998,44.425730920,44.607387059
0.38578491,44.586480534,44.565574008
0.38583984,44.714849195,44.864124373
0.38589478,44.689476844,44.514829327
0.38594971,56.257818707,68.000754039
0.38600464,56.383034291,44.765367442
0.38605957,45.072100607,45.378833734
0.38611450,45.189091891,44.999350062
0.38616943,50.910344167,56.821324577
0.38622437,51.025860979,45.230410545
0.38627930,45.558449792,45.886488997
0.38633423,45.670076699,45.453664419
0.38638916,48.465495367,51.477322760
0.38644409,59.205602834,66.933859499
0.38649902,57.931810913,48.929794089
0.38655396,47.413621116,45.897449043
0.38660889,46.835269636,47.773089884
0.38666382,52.150816546,56.528535696
0.38671875,62.739162332,68.949773850
0.38677368,60.191491955,51.433240125
0.38682861,49.315012622,47.196786879
0.38688354,48.093272788,48.989758383
0.38693848,53.546300769,58.102835017
0.38699341,52.990369198,47.877913624
0.38704834,47.628875545,47.379837491
0.38710327,47.402453646,47.425069800
0.38715820,50.124064509,52.823056363
0.38721313,60.559415109,68.295750396
0.38726807,59.284895116,50.274071659
0.38732300,48.810426352,47.346781884
0.38737793,48.216254093,49.085726005
0.38743286,53.485615824,57.885498055
0.38748779,53.233209444,48.580929315
0.38754272,48.104681492,47.628433758
0.38759766,48.018058109,48.407682399
0.38765259,50.625462937,52.843241546
0.38770752,50.622027300,48.400814988
0.38776245,48.192633591,47.984452210
0.38781738,48.225081006,48.465709780
0.38787231,49.483383394,50.501056602
0.38792725,49.533857027,48.566657818
0.38798218,48.453149365,48.339640917
0.38803711,48.506964624,48.674288320
0.38809204,49.088339401,49.502390416
0.38814697,49.144137990,48.785885615
0.38820190,48.729106124,48.672326634
0.38825684,48.780600410,48.888874182
0.38831177,49.025551914,49.162229639
0.38836670,49.075703330,48.989177024
0.38842163,48.982423753,48.975670482
0.38847656,49.027201350,49.078732216
0.38853149,49.107420548,49.136108879
0.38858643,59.627610766,70.119069511
0.38864136,59.655637593,49.192248586
0.38869629,49.218062938,49.243877290
0.38875122,49.261932613,49.279987935
0.38880615,54.501336000,59.722673380
0.38886108,54.554310277,49.385957643
0.38891602,49.389387975,49.392818306
0.38897095,49.442430436,49.492042565
0.38902588,52.042125654,54.592206193
0.38908081,52.096698534,49.601193316
0.38913574,49.568722968,49.536252621
0.38919067,49.619915924,49.703579224
0.38924561,50.900830797,52.098081809
0.38930054,50.952211295,49.806341296
0.38935547,49.745196530,49.684051765
0.38941040,49.792925086,49.901798402
0.38946533,50.414530788,50.927263071
0.38952026,50.462724247,49.998185508
0.38957520,49.921028686,49.843871866
0.38963013,49.966122958,50.088374045
0.38968506,50.257031039,50.425688023
0.38973999,50.303272912,50.180857807
0.38979492,50.100634276,50.020410748
0.38984985,50.144507485,50.268604215
0.38990479,50.268165382,50.267726549
0.38995972,50.313915552,50.360104555
0.39001465,50.287672317,50.215240081
0.39006958,50.331750777,50.448261468
0.39012451,50.369418367,50.290575269
0.39017944,50.416016893,50.541458510
0.39023438,50.484287647,50.427116786
0.39028931,50.529788936,50.632461083
0.39034424,50.522037927,50.411614777
0.39039917,50.570554660,50.729494532
0.39045410,50.691070961,50.652647391
0.39050903,50.738900344,50.825153295
0.39056396,50.706306217,50.587459145
0.39061890,50.757472058,50.927484959
0.39067383,50.907322444,50.887159929
0.39072876,50.958033073,51.028906215
0.39078369,50.911420664,50.793935118
0.39083862,50.965613456,51.137291782
0.39089355,51.131463568,51.125635354
0.39094849,51.185265709,51.244896062
0.39100342,51.130710421,51.016524786
0.39105835,51.187985174,51.359445551
0.39111328,51.361503530,51.363561510
0.39116821,51.418313063,51.473064614
0.39122314,51.359518275,51.245971940
0.39127808,51.419670723,51.593369494
0.39133301,51.595482567,51.597595640
0.39138794,51.654995943,51.712396244
0.39144287,51.594374342,51.476352444
0.39149780,51.657023346,51.837694236
0.39155273,51.831825281,51.825956326
0.39160767,51.893605325,51.961254323
0.39166260,51.832742084,51.704229853
0.39171753,61.234562454,70.764859456
0.39177246,61.320618425,51.876412352
0.39182739,52.047099475,52.217786585
0.39188232,52.116045333,52.014304085
0.39193726,56.786524525,61.558736038
0.39199219,56.849600170,52.140472993
0.39204712,52.310200420,52.479927836
0.39210205,52.367298580,52.254669328
0.39215698,54.669302851,57.083934088
0.39221191,54.726276006,52.368620103
0.39226685,52.557304368,52.745988619
0.39232178,52.611348144,52.476707677
0.39237671,53.728021739,54.979335188
0.39243164,53.783649823,52.587965018
0.39248657,52.801255697,53.014546358
0.39254150,52.854985234,52.695424120
0.39259644,53.378469562,54.061514821
0.39265137,53.434464065,52.807413464
0.39270630,53.045974818,53.284536149
0.39276123,53.100557089,52.916578042
0.39281616,53.327177248,53.737776387
0.39287109,53.384391090,53.031005842
0.39292603,53.293147600,53.555289331
0.39298096,53.349230185,53.143171056
0.39303589,53.427289451,53.711407814
0.39309082,53.486214819,53.261021844
0.39314575,53.543787512,53.826553149
0.39320068,53.601731391,53.376909653
0.39325562,53.605457257,53.834004841
0.39331055,53.666337854,53.498670879
0.39336548,53.798593251,54.098515587
0.39342041,53.858536341,53.618557118
0.39347534,53.825062396,54.031567657
0.39353027,53.887942569,53.744317489
0.39358521,54.058071711,54.371825894
0.39364014,54.119978683,53.868131497
0.39369507,54.067832913,54.267534313
0.39375000,64.078739566,73.889907091
0.39380493,64.173732177,54.457594264
0.39385986,54.291409105,54.125223957
0.39391479,54.372257391,54.619290802
0.39396973,59.347709277,64.076118989
0.39402466,59.424647366,54.773184222
0.39407959,54.580916005,54.388647801
0.39413452,54.653236702,54.917825575
0.39418945,57.107693216,59.297558977
0.39424438,66.609399248,73.921218565
0.39429932,65.448980030,56.976769628
0.39435425,56.090307664,55.203846009
0.39440918,55.540931794,55.878017534
0.39446411,60.255436270,64.632847496
0.39451904,60.010577163,55.388315203
0.39457397,55.419737464,55.451159725
0.39462891,55.311218350,55.171276983
0.39468384,57.611124151,60.050968985
0.39473877,57.520550973,54.990135470
0.39479370,55.113774557,55.237413637
0.39484863,54.846389454,54.455365330
0.39490356,55.687261374,56.919156823
0.39495850,54.939572345,52.959989403
0.39501343,50.785871711,48.611755871
0.39506836,46.788361411,44.964968253
0.39512329,44.920851584,44.876734916
0.39517822,44.918369016,44.960003114
0.39523315,44.915905041,44.871806969
0.39528809,44.915179047,44.958551124
0.39534302,44.918309823,44.878068523
0.39539795,44.915513491,44.952958459
0.39545288,44.912773253,44.872588047
0.39550781,44.911765620,44.950943192
0.39556274,44.915550826,44.880158460
0.39561768,44.912504563,44.944850666
0.39567261,44.909518601,44.874186537
0.39572754,44.908292210,44.942397883
0.39578247,44.912632372,44.882866862
0.39583740,44.909397823,44.935928784
0.39589233,44.906199295,44.876469806
0.39594727,44.904814266,44.933158726
0.39600220,44.909610918,44.886063110
0.39605713,44.906246393,44.926429676
0.39611206,44.902868955,44.879308235
0.39616699,44.901381513,44.923454792
0.39622192,44.906539663,44.889624534
0.39627686,44.903099034,44.916573533
0.39633179,44.899575520,44.882577506
0.39638672,44.898036932,44.913496357
0.39644165,44.903465844,44.893435331
0.39649658,44.899997544,44.906559757
0.39655151,44.896359330,44.886158904
0.39660645,44.894814993,44.903471082
0.39666138,44.900427788,44.897384494
0.39671631,44.896974000,44.896563507
0.39677124,44.893250919,44.889938332
0.39682617,44.891739661,44.893540989
0.39688110,44.897452261,44.901363533
0.39693604,44.894048354,44.886733176
0.39699097,44.890268968,44.893804760
0.39704590,44.888822627,44.883840494
0.39710083,44.894552570,44.905264646
0.39715576,44.891226828,44.877189010
0.39721069,44.887418877,44.897648743
0.39726563,44.886062198,44.874475653
0.39732056,44.891727748,44.908979842
0.39737549,44.888501438,44.868023034
0.39743042,44.884692286,44.901361538
0.39748535,44.883443161,44.865524783
0.39754028,44.888963025,44.912401267
0.39759521,44.885850808,44.859300349
0.39765015,44.882067747,44.904835144
0.39770508,44.880937790,44.857040436
0.39776001,44.886231612,44.915422788
0.39781494,44.883242283,44.851061778
0.39786987,44.879512583,44.907963388
0.39792480,44.878508027,44.849052666
0.39797974,44.883497647,44.917942628
0.39803467,44.880635164,44.843327700
0.39808960,44.876985853,44.910644005
0.39814453,44.876108693,44.841573381
0.39819946,44.880720055,44.919866728
0.39825439,44.877984782,44.836102837
0.39830933,44.874442141,44.912781444
0.39836426,44.873691454,44.834601465
0.39841919,44.877856928,44.921112390
0.39847412,44.875247005,44.829381622
0.39852905,44.871835855,44.914290088
0.39858398,44.871209192,44.828128296
0.39863892,44.874870025,44.921611753
0.39869385,44.872382752,44.823153752
0.39874878,44.869125615,44.915097478
0.39880371,44.868620346,44.822143216
0.39885864,44.871728964,44.921314711
0.39891357,44.869362088,44.817409466
0.39896851,44.866278328,44.915147189
0.39902344,44.865892849,44.816638510
0.39907837,44.868414749,44.920190987
0.39913330,44.866167552,44.812144119
0.39918823,44.863272594,44.914401067
0.39924316,44.863007276,44.811613487
0.39929810,44.864922360,44.918231232
0.39935303,44.862796461,44.807361691
0.39940796,44.860101168,44.912840643
0.39946289,44.859958987,44.807077333
0.39951782,44.861262239,44.915447144
0.39957275,44.859262035,44.803076926
0.39962769,44.856772301,44.910467674
0.39968262,44.856759090,44.803050506
0.39973755,44.857460614,44.911870721
0.39979248,44.855593338,44.799315955
0.39984741,44.853309914,44.907303871
0.39990234,44.853434222,44.799564575
0.39995728,44.853558718,44.907552859
0.40001221,44.851834108,44.796115357
0.40006714,44.849752638,44.903389918
0.40012207,44.850025220,44.796660523
0.40017700,44.849611006,44.902561488
0.40023193,44.848040617,44.793519748
0.40028687,44.846151869,44.898783989
0.40034180,44.846584834,44.794385680
0.40039673,44.845682568,44.896979456
0.40045166,44.844278787,44.791578119
0.40050659,44.842569015,44.893559911
0.40056152,44.843174720,44.792789531
0.40061646,44.841845918,44.890902304
0.40067139,44.840620753,44.790339202
0.40072632,44.839072158,44.887805113
0.40078125,44.839861931,44.791918750
0.40083618,44.838177373,44.884435996
0.40089111,44.837141132,44.789846269
0.40094604,44.835732368,44.881618467
0.40100098,44.836715159,44.791811852
0.40105591,44.834753233,44.877694612
0.40111084,44.833913178,44.790131745
0.40116577,44.832619891,44.875108036
0.40122070,44.833800961,44.792493887
0.40127563,44.831645937,44.870797987
0.40133057,44.831005035,44.791212084
0.40138550,44.829800415,44.868388746
0.40144043,44.831180166,44.793971587
0.40149536,44.828920406,44.863869225
0.40155029,44.828476260,44.793083296
0.40160522,44.827331620,44.861579943
0.40166016,44.828904661,44.796229379
0.40171509,44.826630731,44.857032082
0.40177002,44.826374799,44.795717517
0.40182495,44.825260172,44.854802826
0.40187988,44.827014700,44.799226575
0.40193481,44.824817397,44.850408219
0.40198975,44.824734560,44.799060901
0.40204468,44.823619337,44.848177773
0.40209961,44.825536906,44.802896039
0.40215454,44.823505213,44.844114387
0.40220947,44.823573739,44.803033091
0.40226440,44.822427345,44.841821600
0.40231934,44.824483040,44.807144479
0.40237427,44.822702072,44.838259664
0.40242920,44.822894017,44.807528370
0.40248413,44.821686605,44.835844840
0.40253906,44.823849658,44.811854476
0.40259399,44.822398673,44.832942870
0.40264893,44.822680706,44.812418542
0.40270386,44.821383854,44.830349165
0.40275879,44.823618674,44.816888184
0.40281372,44.822569238,44.828250292
0.40286865,44.822903859,44.817557426
0.40292358,44.821491243,44.825425061
0.40297852,44.823758817,44.822092573
0.40303345,44.823173204,44.824253836
0.40308838,44.823520310,44.822786784
0.40314331,44.821968318,44.821149853
0.40319824,44.824227907,44.827305961
0.40325317,44.824157802,44.821009644
0.40330811,44.824476502,44.827943360
0.40336304,44.822764752,44.817586144
0.40341797,44.824975808,44.832365472
0.40347290,44.825461313,44.818557155
0.40352783,44.825711904,44.832866653
0.40358276,44.823823660,44.814780666
0.40363770,44.825947831,44.837114996
0.40369263,44.827016772,44.816918548
0.40374756,44.827162753,44.837406957
0.40380249,44.825085226,44.812763496
0.40385742,44.827088345,44.841413194
0.40391235,44.828755813,44.816098432
0.40396729,44.828765810,44.841433188
0.40402222,44.826490366,44.811547545
0.40407715,44.828344287,44.845141029
0.40413208,44.830612343,44.816083658
0.40418701,44.830461835,44.844840013
0.40424194,44.827984120,44.811128227
0.40429688,44.829668299,44.848208371
0.40435181,44.832525764,44.816843158
0.40440674,44.832198489,44.847553820
0.40446167,44.829518511,44.811483203
0.40451660,44.831021217,44.850559232
0.40457153,44.834443503,44.818327774
0.40462646,44.833932452,44.849537129
0.40468140,44.831054652,44.812572175
0.40473633,44.832373729,44.852175282
0.40479126,44.836322710,44.820470139
0.40484619,44.835630641,44.850791143
0.40490112,44.832563953,44.814336763
0.40495605,44.833707068,44.853077372
0.40501099,44.838131067,44.823184761
0.40506592,44.837270483,44.851356205
0.40512085,44.834028396,44.816700586
0.40517578,44.835012747,44.853324908
0.40523071,44.839846745,44.826368583
0.40528564,44.838839330,44.851310077
0.40534058,44.835439914,44.819569752
0.40539551,44.836291392,44.853013032
0.40545044,44.841457666,44.829902301
0.40550537,44.840333174,44.850764048
0.40556030,44.836799029,44.822834010
0.40561523,44.837550851,44.852267692
0.40567017,44.842960227,44.833652763
0.40572510,44.841754881,44.849857000
0.40578003,44.838112928,44.826368856
0.40583496,44.838803813,44.851238770
0.40588989,44.844357741,44.837476712
0.40594482,44.843112201,44.848747690
0.40599976,44.839393252,44.830038814
0.40605469,44.840065208,44.850091601
0.40610962,44.845658797,44.841225992
0.40616455,44.844415793,44.847605594
0.40621948,44.840653822,44.833702051
0.40627441,44.841349656,44.848997262
0.40632935,44.846875734,44.844754206
0.40638428,44.845677492,44.846600777
0.40643921,44.841908555,44.837216333
0.40649414,44.842669245,44.848122157
0.40654907,44.848023364,44.847924571
0.40660400,44.846908953,44.845893336
0.40665894,44.843169750,44.840446163
0.40671387,44.844031816,44.847617468
0.40676880,44.849118005,44.850618543
0.40682373,44.848120781,44.845623019
0.40687866,44.844446877,44.843270735
0.40693359,44.845439928,44.847609120
0.40698853,44.850176849,44.852744578
0.40704346,44.849322140,44.845899702
0.40709839,44.845745942,44.845592183
0.40715332,44.846890551,44.848188919
0.40720825,44.851217589,44.854246258
0.40726318,44.850520806,44.846795353
0.40731812,44.847069406,44.847343459
0.40737305,44.848375489,44.849407518
0.40742798,44.852258242,44.855108966
0.40748291,44.851723560,44.848338154
0.40753784,44.848416625,44.848495096
0.40759277,44.849882458,44.851269821
0.40764771,44.853317060,44.855364300
0.40770264,44.852936800,44.850509300
0.40775757,44.849784695,44.849060090
0.40781250,44.851396689,44.853733288
0.40786743,44.854412419,44.855091551
0.40792236,44.854167228,44.853242906
0.40797729,44.851169583,44.849096260
0.40803223,44.852902878,44.856709496
0.40808716,44.855562628,44.854415761
0.40814209,44.855422500,44.856429239
0.40819702,44.852567389,44.848705539
0.40825195,44.854387293,44.860069048
0.40830688,44.856785595,44.853502143
0.40836182,44.856711714,44.859921285
0.40841675,44.853975610,44.848029935
0.40847168,44.855839832,44.863649730
0.40852661,44.858098347,44.852546964
0.40858154,44.858045676,44.863544389
0.40863647,44.855394265,44.847244141
0.40869141,44.857255824,44.867267506
0.40874634,44.859516408,44.851765310
0.40880127,44.859436879,44.867108448
0.40885620,44.856826755,44.846545062
0.40891113,44.858637393,44.870729724
0.40896606,44.861053092,44.851376460
0.40902100,44.860899183,44.870421906
0.40907593,44.858280381,44.846138855
0.40913086,44.859994247,44.873849638
0.40918579,44.862718747,44.851587856
0.40924072,44.862447205,44.873306553
0.40929565,44.859766422,44.846226291
0.40935059,44.861343757,44.876461223
0.40940552,44.864520031,44.852578839
0.40946045,44.864095441,44.875612043
0.40951538,44.861299764,44.846987485
0.40957031,44.862710289,44.878433092
0.40962524,44.866459254,44.854485415
0.40968018,44.865857178,44.877228940
0.40973511,44.862898042,44.848567144
0.40979004,44.864123767,44.879680390
0.40984497,44.868533861,44.857387332
0.40989990,44.867743254,44.878099176
0.40995483,44.864580351,44.851061525
0.41000977,44.865617547,44.880173568
0.41006470,44.870736083,44.861298599
0.41011963,44.869760763,44.878222928
0.41017456,44.866365575,44.854508221
0.41022949,44.867225696,44.879943171
0.41028442,44.873052784,44.866162397
0.41033936,44.871911780,44.877661163
0.41039429,44.868270449,44.858879736
0.41044922,44.868979884,44.879080032
0.41050415,44.875465525,44.871851018
0.41055908,44.874192215,44.876533412
0.41061401,44.870307485,44.864081558
0.41066895,44.870906086,44.877730614
0.41072388,44.877950846,44.878171078
0.41077881,44.876590899,44.875010720
0.41083374,44.872482916,44.869955112
0.41088867,44.873021377,44.876087643
0.41094360,44.880480758,44.884873874
0.41099854,44.879088981,44.873304089
0.41105347,44.874794845,44.876285600
0.41110840,44.875331072,44.874376543
0.41116333,44.883023415,44.891670286
0.41121826,44.881659712,44.871649138
0.41127319,44.877231738,44.882814338
0.41132812,44.877826467,44.872838596
0.41138306,44.885543926,44.898249255
0.41143799,44.884268656,44.870288058
0.41149292,44.879771436,44.889254814
0.41154785,44.880483419,44.871712024
0.41160278,44.888005267,44.904298509
0.41165771,44.886874349,44.869450188
0.41171265,44.882380777,44.895311365
0.41176758,44.883261901,44.871212437
0.41182251,44.890369210,44.909525982
0.41187744,44.889429355,44.869332728
0.41193237,44.885015901,44.900699073
0.41198730,44.886106635,44.871514197
0.41204224,44.892597220,44.913680243
0.41209717,44.891881690,44.870083138
0.41215210,44.887623254,44.905163370
0.41220703,44.888948804,44.872734240
0.41226196,44.894651249,44.916568259
0.41231689,44.894176489,44.871784719
0.41237183,44.890141243,44.908497766
0.41242676,44.891708744,44.874919721
0.41248169,44.896494375,44.918069029
0.41253662,44.896257830,44.874446630
0.41259155,44.892502449,44.910558268
0.41264648,44.894299457,44.878040645
0.41270142,44.898091266,44.918141887
0.41275635,44.898070591,44.877999296
0.41281128,44.894636270,44.911273245
0.41286621,44.896630717,44.881988190
0.41292114,44.899408459,44.916828729
0.41297607,44.899562233,44.882295736
0.41303101,44.896471819,44.910647901
0.41308594,44.898613476,44.886579051
0.41314087,44.900414496,44.914249941
0.41319580,44.900684408,44.887118875
0.41325073,44.897940906,44.908762938
0.41330566,44.900164273,44.891565608
0.41336060,44.901079963,44.910594318
0.41341553,44.901394356,44.892194395
0.41347046,44.898980940,44.905767484
0.41352539,44.901209362,44.896651240
0.41358032,44.901377532,44.906103825
0.41363525,44.901656027,44.897208229
0.41369019,44.899537560,44.901866891
0.41374512,44.901688280,44.901509668
0.41380005,44.901282088,44.901054508
0.41385498,44.901440950,44.901827391
0.41390991,44.899566902,44.897306414
0.41396484,44.901556641,44.905806868
0.41401978,44.900771034,44.895735200
0.41407471,44.900728869,44.905722539
0.41412964,44.899037371,44.892352204
0.41418457,44.900788023,44.909223842
0.41423950,44.899824850,44.890425859
0.41429443,44.899508182,44.908590506
0.41434937,44.897930873,44.887271240
0.41440430,44.899374850,44.911478460
0.41445923,44.898427948,44.885377436
0.41451416,44.897776232,44.910175027
0.41456909,44.896243477,44.882311927
0.41462402,44.897328299,44.912344671
0.41467896,44.896569809,44.880794948
0.41473389,44.895539496,44.910284044
0.41478882,44.893985532,44.877687020
0.41484375,44.894677289,44.911667557
0.41489868,44.894246366,44.876825175
0.41495361,44.892813708,44.908802240
0.41500854,44.891181258,44.873560277
0.41506348,44.891466701,44.909373126
0.41511841,44.891461521,44.873549917
0.41517334,44.889623911,44.905697905
0.41522827,44.887867900,44.870037895
0.41528320,44.887755017,44.905472138
0.41533813,44.888228676,44.870985214
0.41539307,44.886004454,44.901023693
0.41544800,44.884094511,44.867165329
0.41550293,44.883611576,44.900057824
0.41555786,44.884572101,44.869086379
0.41561279,44.881998886,44.894911393
0.41566772,44.879920467,44.864929541
0.41572266,44.879113701,44.893297860
0.41577759,44.880528001,44.867758141
0.41583252,44.877659732,44.887561323
0.41588745,44.875413800,44.863266277
0.41594238,44.874343870,44.885421463
0.41599731,44.876145096,44.866868729
0.41605225,44.873048087,44.879227445
0.41610718,44.870649451,44.862071457
0.41616211,44.869387169,44.876702881
0.41621704,44.871484642,44.866266404
0.41627197,44.868233017,44.870199630
0.41632690,44.865707530,44.861215430
0.41638184,44.864329135,44.867442839
0.41643677,44.866619797,44.865796754
0.41649170,44.863290730,44.860784705
0.41654663,44.860671667,44.860558628
0.41660156,44.859254130,44.857949631
0.41665649,44.861634345,44.865319059
0.41671143,44.858303533,44.851288007
0.41676636,44.855627525,44.859967044
0.41682129,44.854244284,44.848521524
0.41687622,44.856620865,44.864720207
0.41693115,44.853358612,44.841997018
0.41698608,44.850661545,44.859326072
0.41704102,44.849379022,44.839431972
0.41709595,44.851678452,44.863924932
0.41715088,44.848546694,44.833168455
0.41720581,44.845859963,44.858551471
0.41726074,44.844735146,44.830918821
0.41731567,44.846910205,44.862901590
0.41737061,44.843960680,44.825019770
0.41742554,44.841308155,44.857596541
0.41748047,44.840387392,44.823178243
0.41753540,44.842420708,44.861663172
0.41759033,44.839694389,44.817725606
0.41764526,44.837090331,44.856455056
0.41770020,44.836409387,44.816363719
0.41775513,44.838313743,44.860263768
0.41781006,44.835841501,44.811419235
0.41786499,44.833289584,44.855159934
0.41791992,44.832874875,44.810589817
0.41797485,44.834690487,44.858791157
0.41802979,44.832494839,44.806198522
0.41808472,44.829988308,44.853778095
0.41813965,44.829859110,44.805940125
0.41819458,44.831648362,44.857356598
0.41824951,44.829746075,44.802135552
0.41830444,44.827268938,44.852402323
0.41835938,44.827440293,44.802478264
0.41841431,44.829280701,44.856083137
0.41846924,44.827685917,44.799288698
0.41852417,44.825214973,44.851141248
0.41857910,44.825700951,44.800260654
0.41863403,44.827677249,44.855093844
0.41868896,44.826404775,44.797715707
0.41874390,44.823912206,44.850108705
0.41879883,44.824729126,44.799349548
0.41885376,44.826925467,44.854501385
0.41890869,44.825993849,44.797486313
0.41896362,44.823450033,44.849413753
0.41901855,44.824619300,44.799824848
0.41907349,44.827112455,44.854400061
0.41912842,44.826546489,44.798692918
0.41918335,44.823922708,44.849152498
0.41923828,44.825472925,44.801793353
0.41929321,44.828327270,44.854861187
0.41934814,44.828159655,44.801458123
0.41940308,44.825430371,44.849402619
0.41945801,44.827398477,44.805394335
0.41951294,44.830663273,44.855932211
0.41956787,44.830935187,44.805938164
0.41962280,44.828079652,44.850221141
0.41967773,44.830510919,44.810800696
0.41973267,44.834220140,44.857639583
0.41978760,44.834980648,44.812321714
0.41984253,44.831983662,44.851645611
0.41989746,44.834930501,44.818215392
0.41995239,44.839105135,44.859994877
0.42000732,44.840409415,44.820823953
0.42006226,44.837261188,44.853698423
0.42011719,44.840780831,44.827863238
0.42017212,44.845433307,44.863003376
0.42022705,44.847339820,44.831676264
0.42028198,44.844034974,44.856393685
0.42033691,44.848186186,44.839978687
0.42039185,44.853326336,44.866673986
0.42044678,44.855893155,44.845112324
0.42050171,44.852429019,44.859745715
0.42055664,44.857268124,44.854790533
0.42061157,44.862909917,44.871029301
0.42066650,44.866190529,44.861351757
0.42072144,44.862564945,44.863778133
0.42077637,44.868141495,44.872504857
0.42083130,44.874309729,44.876114601
0.42088623,44.878348679,44.880582757
0.42094116,44.874557599,44.868532441
0.42099609,44.880910091,44.893287741
0.42105103,44.887646261,44.882004782
0.42110596,44.892475040,44.902945299
0.42116089,44.888510207,44.874075116
0.42121582,44.895662250,44.917249385
0.42127075,44.903028952,44.888808519
0.42132568,44.908662541,44.928516564
0.42138062,44.904509522,44.880502480
0.42143555,44.912466848,44.944431215
0.42149048,44.920550286,44.896669358
0.42154541,44.926984729,44.957300101
0.42160034,44.922621511,44.887942922
0.42165527,44.931370190,44.974797458
0.42171021,44.940280667,44.905763877
0.42176514,44.947491979,44.989220080
0.42182007,44.942888267,44.896556456
0.42187500,44.952394367,45.008232278
0.42192993,44.962264899,44.916297521
0.42198486,44.970209527,45.024121532
0.42203979,44.965326770,44.906532010
0.42209473,44.975537650,45.044543287
0.42214966,44.986521174,44.928499062
0.42220459,44.995138139,45.061777214
0.42225952,44.989930197,44.918083183
0.42231445,45.000777488,45.083471790
0.42236938,45.013043373,44.942614957
0.42242432,45.022258081,45.101901202
0.42247925,45.016672368,44.931443537
0.42253418,45.028076598,45.124709655
0.42258911,45.041807320,44.958904987
0.42264404,45.051536953,45.144168915
0.42269897,45.045515779,44.946862646
0.42275391,45.057392473,45.167922295
0.42280884,45.072781423,44.977640554
0.42286377,45.082941694,45.188242830
0.42291870,45.076423499,44.964604172
0.42297363,45.088690522,45.212776865
0.42302856,45.105941866,44.999106872
0.42308350,45.116454870,45.233802862
0.42313843,45.109375005,44.984947155
0.42319336,45.121960840,45.258974517
0.42324829,45.141292236,45.023609960
0.42330322,45.152095069,45.280580172
0.42335815,45.144385811,45.008191458
0.42341309,45.157238436,45.306285406
0.42346802,45.178887177,45.051488955
0.42352295,45.189940996,45.328393030
0.42357788,45.181530519,45.034668017
0.42363281,45.194626559,45.354585091
0.42368774,45.218859436,45.083133789
0.42374268,45.230158612,45.377183426
0.42379761,45.220968739,45.064754062
0.42385254,45.234322552,45.403891031
0.42390747,45.261449407,45.119007790
0.42396240,45.273030477,45.427053154
0.42401733,45.262973126,45.098893109
0.42407227,45.276645551,45.454397982
0.42412720,45.307036136,45.159674299
0.42418213,45.318986284,45.478298259
0.42423706,45.307958639,45.137619031
0.42429199,45.322065145,45.506511246
0.42434692,45.356168598,45.205825959
0.42440186,45.368633412,45.531440855
0.42445679,45.356511971,45.181583098
0.42451172,45.371229973,45.560876833
0.42456665,45.409595919,45.258315013
0.42462158,45.422786217,45.587257410
0.42467651,45.409419970,45.231582543
0.42473145,45.424995101,45.618407644
0.42478638,45.468295143,45.318182651
0.42484131,45.482492624,45.646802587
0.42489624,45.467695732,45.288588890
0.42495117,45.484446814,45.680304724
0.42500610,45.533495016,45.386685317
0.42506104,45.549056495,45.711427663
0.42511597,45.532600873,45.353774096
0.42517090,45.550923336,45.748072562
0.42522583,45.606694152,45.465315749
0.42528076,45.624054067,45.782792375
0.42533569,45.605662392,45.428532421
0.42539063,45.626029793,45.823527149
0.42544556,45.689671862,45.555816582
0.42550049,45.709342719,45.862868847
0.42555542,45.688682366,45.514495898
0.42561035,45.711645643,45.908795372
0.42566528,45.784489869,45.660184372
0.42572021,45.807060206,45.953936031
0.42577515,45.783738670,45.613541321
0.42583008,45.809922717,46.006304098
0.42588501,45.893483118,45.780662143
0.42593994,45.919612580,46.058563010
0.42599487,45.893174915,45.727786832
0.42604980,45.923272061,46.118757274
0.42610474,46.019238040,45.919718810
0.42615967,46.049649167,46.179579517
0.42621460,46.019577952,45.859576396
0.42626953,46.054337966,46.249099521
0.42632446,46.164556900,46.080014281
0.42637939,46.909896492,47.739778433
0.42643433,47.960359609,48.180940765
0.42648926,47.990432643,47.799924536
0.42654419,47.932753259,48.065581975
0.42659912,47.971705444,47.877828915
0.42665405,48.021075473,48.164322022
0.42670898,48.063276760,47.962231503
0.42676392,48.122026819,48.281822125
0.42681885,48.211932773,48.142043424
0.42687378,48.260977235,48.379911040
0.42692871,48.371791265,48.363671490
0.42698364,48.381813192,48.399954894
0.42703857,48.431918133,48.463881371
0.42709351,48.523931634,48.583981896
0.42714844,48.852584404,49.121186884
0.42720337,48.910981902,48.700776937
0.42725830,49.174590555,49.648404085
0.42731323,49.303044482,48.957684925
0.42736816,49.057624758,49.157564587
0.42742310,49.166372999,49.175181412
0.42747803,49.268130793,49.361080170
0.42753296,49.340343008,49.319605846
0.42758789,49.245841392,49.172076939
0.42764282,49.304877599,49.437678252
0.42769775,49.353287143,49.268896036
0.42775269,49.408734672,49.548573301
0.42780762,49.435735876,49.322898456
0.42786255,49.474522399,49.626146332
0.42791748,49.463666174,49.301186025
0.42797241,49.699004778,50.096823468
0.42802734,49.780445599,49.464067769
0.42808228,49.881573891,50.299079944
0.42813721,49.885362260,49.471644643
0.42819214,50.521841152,51.572037229
0.42824707,51.176689042,50.781340916
0.42830200,50.948365866,51.115390805
0.42835693,50.587147880,50.058905065
0.42841187,50.487255965,50.915606793
0.42846680,50.714201011,50.512795245
0.42852173,50.671221908,50.829648562
0.42857666,50.592019326,50.354390112
0.42863159,50.569124201,50.783858272
0.42868652,50.619547102,50.455235942
0.42874146,50.606726515,50.758217078
0.42879639,50.592446225,50.426675382
0.42885132,50.580471276,50.734267161
0.42890625,50.589966274,50.445665396
0.42896118,50.581284099,50.716902795
0.42901611,50.586609689,50.456316590
0.42907104,50.577634993,50.698953391
0.42912598,50.577063337,50.455173288
0.42918091,50.572598062,50.690022830
0.42923584,50.586176325,50.482329824
0.42929077,50.583263114,50.684196401
0.42934570,50.576914125,50.469631853
0.42940063,50.580062922,50.690493986
0.42945557,50.591521712,50.492549441
0.42951050,50.597059590,50.701569734
0.42956543,50.589550097,50.477530466
0.42962036,50.601179975,50.724829478
0.42967529,50.606415531,50.488001590
0.42973022,50.619780143,50.751558689
0.42978516,50.615078368,50.478598053
0.42984009,50.633434372,50.788270682
0.42989502,50.637233899,50.486197124
0.42994995,50.656048746,50.825900357
0.43000488,50.654229718,50.482559091
0.43005981,50.676824996,50.871090886
0.43011475,50.688193522,50.505296170
0.43016968,50.710270779,50.915245372
0.43022461,50.708270722,50.501296090
0.43027954,50.733466527,50.965636943
0.43033447,50.759791430,50.553945933
0.43038940,50.784119522,51.014293090
0.43044434,50.778282863,50.542272659
0.43049927,50.805624614,51.068976543
0.43055420,50.849549904,50.630123285
0.43060913,50.876059981,51.121996654
0.43066406,50.864078877,50.606161127
0.43071899,52.012083494,53.418005086
0.43077393,52.041740792,50.665477241
0.43082886,50.952080853,51.238684433
0.43088379,50.978119401,50.717554396
0.43093872,51.536909871,52.356265083
0.43099365,51.564145097,50.772025357
0.43104858,51.067628471,51.363231551
0.43110352,51.092346229,50.821460936
0.43115845,51.355219662,51.888978275
0.43121338,51.381153067,50.873327960
0.43126831,51.182802992,51.492277986
0.43132324,51.205824551,50.919371148
0.43137817,51.319757947,51.720144684
0.43143311,51.343533395,50.966922161
0.43148804,51.294210895,51.621499586
0.43154297,51.314719406,51.007939263
0.43159790,51.353825813,51.699712315
0.43165283,51.374919799,51.050127324
0.43170776,51.398926365,51.747725358
0.43176270,51.416798778,51.085872240
0.43181763,51.418773486,51.751674688
0.43187256,51.437487140,51.123299631
0.43192749,51.496889094,51.870478503
0.43198242,51.512827059,51.155175665
0.43203735,51.496856348,51.838536986
0.43209229,51.514242206,51.189947467
0.43214722,51.591038333,51.992129136
0.43220215,51.606382944,51.220636810
0.43225708,51.581948078,51.943259295
0.43231201,51.599569016,51.255878784
0.43236694,51.686305702,52.116732548
0.43242188,51.702775285,51.288818089
0.43247681,51.674132189,52.059446231
0.43253174,51.693798744,51.328151310
0.43258667,51.788229891,52.248308388
0.43264160,51.807668418,51.367028524
0.43269653,51.776326033,52.185623477
0.43275146,51.799862105,51.414100793
0.43280640,51.901804413,52.389507940
0.43286133,51.925968336,51.462428816
0.43291626,51.892186109,52.321943330
0.43297119,51.921240593,51.520537919
0.43302612,52.030923444,52.541308866
0.43308105,52.061322758,51.581336739
0.43313599,52.025004396,52.468671975
0.43319092,52.060927209,51.653182509
0.43324585,52.178490046,52.703797474
0.43330078,52.216304634,51.728811887
0.43335571,52.177415678,52.626019389
0.43341064,52.221217926,51.816416526
0.43346558,52.346991033,52.877565428
0.43352051,52.393074557,51.908583777
0.43357544,52.351677729,52.794771605
0.43363037,52.404074399,52.013377254
0.43368530,52.539187983,53.064998604
0.43374023,52.594139326,52.123280136
0.43379517,52.550189351,52.977098495
0.43385010,52.611685089,52.246271735
0.43390503,52.758553466,53.270835095
0.43395996,52.822799859,52.374764701
0.43401489,52.775877153,53.176989542
0.43406982,52.846829691,52.516669884
0.43412476,53.009195475,53.501720971
0.43417969,53.083021849,52.664322796
0.43423462,53.032169146,53.400015443
0.43428955,53.112775298,52.825535186
0.43434448,53.295225299,53.764915326
0.43439941,53.378714344,52.992513420
0.43445435,53.322472035,53.652430607
0.43450928,53.412666576,53.172902567
0.43456421,53.619758027,54.066613410
0.43461914,53.712659552,53.358705744
0.43467407,53.649302433,53.939899088
0.43472900,53.748614960,53.557330847
0.43478394,53.983895280,54.410459641
0.43483887,54.085490625,53.760521650
0.43489380,54.013387516,54.266253357
0.43494873,54.120834858,53.975416367
0.43500366,54.386058991,54.796701549
0.43505859,54.495099680,54.193497848
0.43511353,54.413076517,54.632655167
0.43516846,54.527161407,54.421667652
0.43522339,54.821919026,55.222170337
0.43527832,54.936693065,54.651215825
0.43533325,54.844288704,55.037361569
0.43538818,64.684104308,74.330810573
0.43544312,64.844997868,55.359220431
0.43549805,55.242646034,55.126071642
0.43555298,55.381547639,55.637023610
0.43560791,60.246032831,64.855033727
0.43566284,69.762657380,74.670271594
0.43571777,67.458357205,60.246463201
0.43577271,55.765673445,51.284891558
0.43582764,44.045135726,36.805400437
0.43588257,27.424723610,18.044081273
0.43593750,17.775894625,17.507708005
0.43599243,17.799449398,18.091190758
0.43604736,18.181872675,18.272554589
0.43610229,18.142471813,18.012389045
0.43615723,17.386409229,16.760429567
0.43621216,17.312281390,17.864133095
0.43626709,17.938806851,18.013480606
0.43632202,17.835293219,17.657105844
0.43637695,17.263171037,16.869236290
0.43643188,16.249558472,15.629880804
0.43648682,16.525730400,17.421579682
0.43654175,15.961292692,14.501006537
0.43659668,15.763505608,17.026004054
0.43665161,15.646871827,14.267740346
0.43670654,15.791667423,17.315593591
0.43676147,15.889506488,14.463420182
0.43681641,15.862308749,17.261196549
0.43687134,16.008424969,14.755654004
0.43692627,16.002427893,17.249201172
0.43698120,16.109144008,14.969087352
0.43703613,15.967764804,16.966441864
0.43709106,16.012051934,15.057662361
0.43714600,16.005103673,16.952544634
0.43720093,15.984294793,15.016045319
0.43725586,15.635134249,16.254223030
0.43731079,15.564638167,14.875053491
0.43736572,15.626805774,16.378557836
0.43742065,2.408150328,-11.562180684
0.43747559,2.139878965,15.841865029
0.43753052,15.111056482,14.380248144
0.43758545,14.849430947,15.318613665
0.43764038,8.279076570,1.239558897
0.43769531,8.015923815,14.792270736
0.43775024,14.260879317,13.729488008
0.43780518,14.000709693,14.271931349
0.43786011,10.789613687,7.307300777
0.43791504,10.531018046,13.754731243
0.43796997,13.380420320,13.006109452
0.43802490,13.129953038,13.253796618
0.43807983,11.612429911,9.971064261
0.43813477,11.368400676,12.765736327
0.43818970,12.507021809,12.248307317
0.43824463,12.274700096,12.301092875
0.43829956,11.610247657,10.919402625
0.43835449,0.586047804,-9.747265166
0.43840942,-10.731919594,-11.716573642
0.43846436,-0.143488619,11.429543910
0.43851929,11.286073574,11.142603246
0.43857422,5.119521754,-0.903545518
0.43862915,5.006917138,10.917366102
0.43868408,10.774947901,10.632529708
0.43873901,10.622532159,10.612534610
0.43879395,4.034763099,-2.542991455
0.43884888,-6.559474651,-10.575951525
0.43890381,-10.756056066,-10.936160595
0.43895874,-0.518835407,9.898447247
0.43901367,9.154662074,8.410877118
0.43906860,1.047741168,-6.315373533
0.43912354,-9.793401834,-13.271425394
0.43917847,-4.861069234,3.549259202
0.43923340,6.183616889,8.817971856
0.43928833,7.492271515,6.166571862
0.43934326,1.339788787,-3.486985156
0.43939819,1.901374013,7.289721803
0.43945312,7.846587211,8.403452499
0.43950806,8.039192803,7.674933159
0.43956299,2.779105261,-2.116713243
0.43961792,-6.650585574,-11.184449848
0.43967285,-3.067298642,5.049826740
0.43972778,6.289400638,7.528973935
0.43978271,6.894620229,6.260266681
0.43983765,0.933759129,-4.392737303
0.43989258,1.153058585,6.698842418
0.43994751,6.848167070,6.997491712
0.44000244,6.877743296,6.757994886
0.44005737,1.362405450,-4.033172575
0.44011230,-8.008017649,-11.982856530
0.44016724,-4.103619070,3.775594058
0.44022217,5.088100624,6.400606516
0.44027710,5.671237587,4.941868866
0.44033203,-0.096351434,-5.134561786
0.44038696,0.121259226,5.377069411
0.44044189,5.611987888,5.846906343
0.44049683,5.651534500,5.456162672
0.44055176,-2.382264986,-10.220668563
0.44060669,-12.921419853,-15.622168285
0.44066162,-6.442579375,2.736976507
0.44071655,3.955193012,5.173408935
0.44077148,4.516778608,3.860148449
0.44082642,-1.381705787,-6.623549253
0.44088135,-1.172887220,4.277763169
0.44093628,4.494891029,4.712018870
0.44099121,4.531439924,4.350860990
0.44104614,1.636070197,-1.078717708
0.44110107,1.584739594,4.248194115
0.44115601,4.235598558,4.223003001
0.44121094,4.144230308,4.065457617
0.44126587,2.759215264,1.452973580
0.44132080,2.645741311,3.838508485
0.44137573,3.789385994,3.740263505
0.44143066,3.668386720,3.596509938
0.44148560,3.038678376,2.480846935
0.44154053,2.911466302,3.342085596
0.44159546,3.305476334,3.268867073
0.44165039,3.178370842,3.087874615
0.44170532,2.924826656,2.761778706
0.44176025,2.795081018,2.828383329
0.44181519,2.817895688,2.807408047
0.44187012,2.689886134,2.572364226
0.44192505,2.622966979,2.673569732
0.44197998,2.493069942,2.312570165
0.44203491,2.333090512,2.353610860
0.44208984,2.205339620,2.057068390
0.44214478,-3.439963867,-8.936984280
0.44219971,-9.110464449,-10.214518775
0.44225464,-11.024537396,-11.834555760
0.44230957,-5.144844486,1.544849248
0.44236450,1.733387457,1.921925651
0.44241943,-3.955194139,-9.832300392
0.44247437,-4.070153627,1.691980125
0.44252930,1.365832655,1.039685227
0.44258423,1.254747284,1.469809323
0.44263916,-3.139304792,-7.748410581
0.44269409,-7.329588727,-6.910766942
0.44274902,-7.647090442,-8.383413729
0.44280396,-6.857317387,-5.331221959
0.44285889,-8.019853981,-10.708483171
0.44291382,-8.683169856,-6.657858149
0.44296875,-7.840064225,-9.022269753
0.44302368,-7.730431327,-6.438593554
0.44307861,-5.964385218,-5.490176969
0.44313354,-6.104700628,-6.719224138
0.44318848,-8.212915699,-9.706606386
0.44324341,-5.324420152,-0.942241444
0.44329834,-0.694181270,-0.446121119
0.44335327,-2.041151492,-3.636180867
0.44340820,-6.701923918,-9.767663285
0.44346313,-10.243051033,-10.718438693
0.44351807,-7.021670504,-3.324907672
0.44357300,-9.110464449,-7.654933248
0.44362793,-7.896309563,-8.137685854
0.44368286,-8.654854313,-9.172022668
0.44373779,-5.406477047,-1.640936984
0.44379272,-1.167501129,-0.694065362
0.44384766,-1.081335976,-1.468606532
0.44390259,-3.674347306,-5.880086173
0.44395752,-3.670930361,-1.461776461
0.44401245,-1.255010542,-1.048244640
0.44406738,-1.287287373,-1.526330083
0.44412231,-2.538836827,-3.551343169
0.44417725,-2.589044233,-1.626745659
0.44423218,-1.514163745,-1.401581836
0.44428711,-1.567694363,-1.733806880
0.44434204,-2.145976077,-2.558145207
0.44439697,-2.201478695,-1.844812232
0.44445190,-1.788665286,-1.732518342
0.44450684,-1.839885735,-1.947253123
0.44456177,-2.083534586,-2.219816041
0.44461670,-2.133418636,-2.047021233
0.44467163,-2.040637862,-2.034254491
0.44472656,-4.202416529,-6.370576724
0.44478149,-7.759744445,-9.148911410
0.44483643,-8.926793021,-8.704674651
0.44489136,-9.110464449,-9.190679146
0.44494629,-9.205017279,-9.219355412
0.44500122,-9.110464449,-8.961620332
0.44505615,-9.110464449,-9.219559099
0.44511108,-9.480910378,-9.742261631
0.44516602,-6.095375835,-2.448495252
0.44522095,-3.394730954,-4.340966305
0.44527588,-5.963978107,-7.586988877
0.44533081,-5.121695213,-2.656403931
0.44538574,-2.623779634,-2.591155338
0.44544067,-2.674695655,-2.758235969
0.44549561,-3.948420047,-5.138603570
0.44555054,-3.999521857,-2.860440652
0.44560547,-2.799296937,-2.738153225
0.44566040,-2.846765993,-2.955378756
0.44571533,-3.464930656,-3.974482455
0.44577026,-3.512861431,-3.051240491
0.44582520,-2.974171863,-2.897103238
0.44588013,-3.019019793,-3.140936342
0.44593506,-3.308324985,-3.475713618
0.44598999,-3.354313633,-3.232913653
0.44604492,-3.152795126,-3.072676600
0.44609985,-3.196427552,-3.320178498
0.44615479,-3.319404321,-3.318630144
0.44620972,-3.364902798,-3.411175451
0.44626465,-3.338805253,-3.266435057
0.44631958,-3.382640674,-3.498846285
0.44637451,-3.420100655,-3.341355028
0.44642944,-3.466441593,-3.591528153
0.44648437,-3.534334523,-3.477140893
0.44653931,-3.579583674,-3.682026451
0.44659424,-3.571876350,-3.461726255
0.44664917,-3.620123497,-3.778520730
0.44670410,-3.739969366,-3.701418003
0.44675903,-3.787532284,-3.873646563
0.44681396,-3.755120723,-3.636594887
0.44686890,-3.806000679,-3.975406460
0.44692383,-3.955012843,-3.934619225
0.44697876,-4.005439329,-4.076259431
0.44703369,-3.959089238,-3.841919050
0.44708862,-4.012977432,-4.184035802
0.44714355,-4.177894242,-4.171752682
0.44719849,-4.231393059,-4.291033435
0.44725342,-4.177146593,-4.063259755
0.44730835,-4.234097375,-4.404934984
0.44736328,-4.406633134,-4.408331285
0.44741821,-4.438468452,-4.468605619
0.44747314,-5.223453134,-5.978300425
0.44752808,-5.307914697,-4.637529146
0.44758301,-4.639281389,-4.641033631
0.44763794,-4.628594469,-4.616155307
0.44769287,-4.934730673,-5.253305999
0.44774780,-5.066880412,-4.880454839
0.44780273,-4.874270103,-4.868085366
0.44785767,-4.840864382,-4.813643398
0.44791260,-6.996127848,-9.178610432
0.44796753,-9.110464449,-9.131681447
0.44802246,-9.110464449,-10.165034211
0.44807739,-9.110464449,-8.538505170
0.44813232,-9.110464449,-9.747591734
0.44818726,-9.110464449,-8.537555119
0.44824219,-9.121595297,-9.705635342
0.44829712,-7.612297153,-5.518960681
0.44835205,-7.059006915,-8.599052221
0.44840698,-8.710565203,-8.822078180
0.44846191,-7.114831979,-5.407586919
0.44851685,-5.595522072,-5.783457211
0.44857178,-5.649249777,-5.515042351
0.44862671,-6.759097357,-8.003151757
0.44868164,-6.814399068,-5.625646934
0.44873657,-5.838035267,-6.050423583
0.44879150,-5.891448611,-5.732473650
0.44884644,-6.411764613,-7.091055395
0.44890137,-6.467428532,-5.843801821
0.44895630,-6.081301279,-6.318800715
0.44901123,-6.135560303,-5.952319905
0.44906616,-6.360810465,-6.769300960
0.44912109,-6.417684355,-6.066067800
0.44917603,-6.326995758,-6.587923690
0.44923096,-6.382744046,-6.177564418
0.44928589,-6.460330221,-6.743095993
0.44934082,-6.518903149,-6.294710325
0.44939575,-6.576125715,-6.857541075
0.44945068,-6.633721877,-6.409902699
0.44950562,-6.637425774,-6.864948830
0.44956055,-6.697939746,-6.530930673
0.44961548,-6.829385106,-7.127839504
0.44967041,-6.888965976,-6.650092471
0.44972534,-6.855698645,-7.061304803
0.44978027,-6.918197467,-6.775090140
0.44983521,-7.087277073,-7.399463969
0.44989014,-7.786421985,-8.173379944
0.44994507,-8.463298172,-8.753216367
0.45000000,-9.075046138,-9.396875868
