t_s,H_m,H_boundary_m
0.00000000,21.729596706,21.729332382
0.00005508,21.729596706,21.730398822
0.00011017,21.730663146,21.731485032
0.00016525,21.731749342,21.732591503
0.00022034,21.732855812,21.733718740
0.00027542,21.733983036,21.734867267
0.00033051,21.735131562,21.736037621
0.00038559,21.736301902,21.737230359
0.00044067,21.737494638,21.738446054
0.00049576,21.738710318,21.739685297
0.00055084,21.739949561,21.740948701
0.00060593,21.741212949,21.742236896
0.00066101,21.742501143,21.743550534
0.00071610,21.743814766,21.744890289
0.00077118,21.745154518,21.746256855
0.00082627,21.746521069,21.747650953
0.00088135,21.747915165,21.749073325
0.00093643,21.749337520,21.750524739
0.00099152,21.750788932,21.752005991
0.00104660,21.752270168,21.753517902
0.00110169,21.753782076,21.755061323
0.00115677,21.755325480,21.756637134
0.00121186,21.756901288,21.758246246
0.00126694,21.758510382,21.759889601
0.00132202,21.760153733,21.761568177
0.00137711,21.761832291,21.763282984
0.00143219,21.763547095,21.765035073
0.00148728,21.765299165,21.766825527
0.00154236,21.767089615,21.768655475
0.00159745,21.768919544,21.770526083
0.00165253,21.770790147,21.772438562
0.00170761,21.772702606,21.774394169
0.00176270,21.774658207,21.776394207
0.00181778,21.776658225,21.778440029
0.00187287,21.778704041,21.780533040
0.00192795,21.780797032,21.782674700
0.00198304,21.782938685,21.784866524
0.00203812,21.785130488,21.787110088
0.00209321,21.787374045,21.789407029
0.00214829,21.789670964,21.791759049
0.00220337,21.792022975,21.794167919
0.00225846,21.794431823,21.796635482
0.00231354,21.796899377,21.799163654
0.00236863,21.799427526,21.801754433
0.00242371,21.802018295,21.804409896
0.00247880,21.804673733,21.807132209
0.00253388,21.807396036,21.809923628
0.00258896,21.810187430,21.812786507
0.00264405,21.813050297,21.815723297
0.00269913,21.815987062,21.818736558
0.00275422,21.819000310,21.821828961
0.00280930,21.822092686,21.825003291
0.00286439,21.825267003,21.828262461
0.00291947,21.828526145,21.831609512
0.00297455,21.831873181,21.835047620
0.00302964,21.835311260,21.838580109
0.00308472,21.838843733,21.842210453
0.00313981,21.842474047,21.845942288
0.00319489,21.846205865,21.849779420
0.00324998,21.850042965,21.853725834
0.00330506,21.853989360,21.857785703
0.00336014,21.858049197,21.861963403
0.00341523,21.862226877,21.866263522
0.00347031,21.866526961,21.870690871
0.00352540,21.870954289,21.875250500
0.00358048,21.875513881,21.879947710
0.00363557,21.880211068,21.884788070
0.00369065,21.885051390,21.889777433
0.00374574,21.890040728,21.894921952
0.00380082,21.895185207,21.900228099
0.00385590,21.900491326,21.905702687
0.00391099,21.905965872,21.911352889
0.00396607,21.911616045,21.917186263
0.00402116,21.917449375,21.923210776
0.00407624,21.923473856,21.929434831
0.00413133,21.929697864,21.935867293
0.00418641,21.936130292,21.942517526
0.00424149,21.942780475,21.949395421
0.00429658,21.949658333,21.956511436
0.00435166,21.956774296,21.963876630
0.00440675,21.964139450,21.971502711
0.00446183,21.971765475,21.979402078
0.00451692,21.979664798,21.987587870
0.00457200,21.987850531,21.996074021
0.00462708,21.996336635,22.004875319
0.00468217,22.005137870,22.014007466
0.00473725,22.014269965,22.023487149
0.00479234,22.023749580,22.033332112
0.00484742,22.033594487,22.043561240
0.00490251,22.043823544,22.054194645
0.00495759,22.054456888,22.065253764
0.00501268,22.065515930,22.076761463
0.00506776,22.077023561,22.088742151
0.00512284,22.089004166,22.101221908
0.00517793,22.101483852,22.114228625
0.00523301,22.114490479,22.127792149
0.00528810,22.128053924,22.141944455
0.00534318,22.142206133,22.156719824
0.00539827,22.156981415,22.172155048
0.00545335,22.172416534,22.188289651
0.00550843,22.188551042,22.205166131
0.00556352,22.205427408,22.222830231
0.00561860,22.223091403,22.241331242
0.00567369,22.241592291,22.260722328
0.00572877,22.260983261,22.281060899
0.00578386,22.281321697,22.302409015
0.00583894,22.302669685,22.324833842
0.00589402,22.325094364,22.348408161
0.00594911,22.348668542,22.373210930
0.00600419,22.373471148,22.399327915
0.00605928,22.399587976,22.426852402
0.00611436,22.427112283,22.455885984
0.00616945,22.456145689,22.486539457
0.00622453,22.486798964,22.518933823
0.00627962,22.519193134,22.553201417
0.00633470,22.553460507,22.589487187
0.00638978,22.589746058,22.627950140
0.00644487,22.628208765,22.668764976
0.00649995,22.669023355,22.712123956
0.00655504,22.712382058,22.758239012
0.00661012,22.758496835,22.807344170
0.00666521,22.807601684,22.859698308
0.00672029,22.859955506,22.915588322
0.00677537,22.915845168,22.975332748
0.00683046,22.975589234,23.039285954
0.00688554,23.039542041,23.107842942
0.00694063,23.108098616,23.181444924
0.00699571,23.181700142,23.260585765
0.00705080,23.260840508,23.345819475
0.00710588,23.346073695,23.437768924
0.00716096,23.438022594,23.537136014
0.00721605,23.537389079,23.644713573
0.00727113,23.644965998,23.761399307
0.00732622,23.761651027,23.888212192
0.00738130,23.888463162,24.026311794
0.00743639,24.026561938,24.177021078
0.00749147,24.177270338,24.341853411
0.00754656,24.342101696,24.522544586
0.00760164,24.522791822,24.721090899
0.00765672,24.721336975,24.939794467
0.00771181,24.940039288,25.181317313
0.00776689,25.181560743,25.448745911
0.00782198,25.448987828,25.745668389
0.00787706,25.745908626,26.076266794
0.00793215,26.076505193,26.445427451
0.00798723,26.445663804,26.858872718
0.00804231,26.859106823,27.323318096
0.00809740,27.323549692,27.846658848
0.00815248,27.846887674,28.438190775
0.00820757,28.438416508,29.108869511
0.00826265,29.109091818,29.871612466
0.00831774,29.871830944,30.741645972
0.00837282,30.741860206,31.736898090
0.00842790,31.737107591,32.878433237
0.00848299,32.878637502,34.190919180
0.00853807,34.191117643,35.703108397
0.00859316,35.703300495,37.448305684
0.00864824,37.448490822,39.464781557
0.00870333,39.464959200,41.796079598
0.00875841,41.796249267,44.491156630
0.00881350,44.491318035,47.604293136
0.00886858,47.604446233,51.194719770
0.00892366,51.194864970,55.325928924
0.00897875,55.326067241,60.064675381
0.00903383,60.064808756,62.070071147
0.00908892,62.070202729,62.070334311
0.00914400,62.070467033,62.070599756
0.00919909,62.070731337,62.070862919
0.00925417,62.070995642,62.071128364
0.00930925,62.071259946,62.071391528
0.00936434,62.071524250,62.071656972
0.00941942,62.071788554,62.071920136
0.00947451,62.072052858,62.072185580
0.00952959,62.072317162,62.072448744
0.00958468,62.072581466,62.072714189
0.00963976,62.072845771,62.072977352
0.00969484,62.073110075,62.073242797
0.00974993,62.073374379,62.073505961
0.00980501,62.073638683,62.073771405
0.00986010,62.073902987,62.074034569
0.00991518,62.074167291,62.074300014
0.00997027,62.074431595,62.074563177
0.01002535,62.074695899,62.074828622
0.01008043,62.074960204,62.075091785
0.01013552,62.075224508,62.075357230
0.01019060,62.075488812,62.075620394
0.01024569,62.075753116,62.075885838
0.01030077,62.076017420,62.076149002
0.01035586,62.076281724,62.076414447
0.01041094,62.076546028,62.076677610
0.01046603,62.076810333,62.076943055
0.01052111,62.077074637,62.077206218
0.01057619,62.077338941,62.077471663
0.01063128,62.077603245,62.077734826
0.01068636,62.077867549,62.078000272
0.01074145,62.078131853,62.078263435
0.01079653,62.078396157,62.078528880
0.01085162,62.078660461,62.078792043
0.01090670,62.078924766,62.079057488
0.01096178,62.079189070,62.079320651
0.01101687,62.079453374,62.079586096
0.01107195,62.079717678,62.079849259
0.01112704,62.079981982,62.080114705
0.01118212,62.080246286,62.080377868
0.01123721,62.080510590,62.080643313
0.01129229,62.080774894,62.080906476
0.01134737,62.081039199,62.081171921
0.01140246,62.081303503,62.081435084
0.01145754,62.081567807,62.081700530
0.01151263,62.081832111,62.081963692
0.01156771,62.082096415,62.082229138
0.01162280,62.082360719,62.082492301
0.01167788,62.082625023,62.082757746
0.01173297,62.082889328,62.083020909
0.01178805,62.083153632,62.083286354
0.01184313,62.083417936,62.083549517
0.01189822,62.083682240,62.083814963
0.01195330,62.083946544,62.084078125
0.01200839,62.084210848,62.084343571
0.01206347,62.084475152,62.084606734
0.01211856,62.084739456,62.084872179
0.01217364,62.085003761,62.085135342
0.01222872,62.085268065,62.085400788
0.01228381,62.085532369,62.085663950
0.01233889,62.085796673,62.085929396
0.01239398,62.086060977,62.086192558
0.01244906,62.086325281,62.086458004
0.01250415,62.086589585,62.086721167
0.01255923,62.086853889,62.086986612
0.01261431,62.087118194,62.087249775
0.01266940,62.087382498,62.087515221
0.01272448,62.087646802,62.087778383
0.01277957,62.087911106,62.088043829
0.01283465,62.088175410,62.088306991
0.01288974,62.088439714,62.088572437
0.01294482,62.088704018,62.088835599
0.01299991,62.088968322,62.089101045
0.01305499,62.089232627,62.089364208
0.01311007,62.089496931,62.089629654
0.01316516,62.089761235,62.089892816
0.01322024,62.090025539,62.090158262
0.01327533,62.090289843,62.090421424
0.01333041,62.090554147,62.090686870
0.01338550,62.090818451,62.090950032
0.01344058,62.091082755,62.091215479
0.01349566,62.091347060,62.091478641
0.01355075,62.091611364,62.091744087
0.01360583,62.091875668,62.092007249
0.01366092,62.092139972,62.092272695
0.01371600,62.092404276,62.092535857
0.01377109,62.092668580,62.092801303
0.01382617,62.092932884,62.093064465
0.01388125,62.093197188,62.093329912
0.01393634,62.093461492,62.093593073
0.01399142,62.093725797,62.093858520
0.01404651,62.093990101,62.094121682
0.01410159,62.094254405,62.094387128
0.01415668,62.094518709,62.094650290
0.01421176,62.094783013,62.094915736
0.01426685,62.095047317,62.095178898
0.01432193,62.095311621,62.095444345
0.01437701,62.095575925,62.095707506
0.01443210,62.095840230,62.095972953
0.01448718,62.096104534,62.096236114
0.01454227,62.096368838,62.096501561
0.01459735,62.096633142,62.096764723
0.01465244,62.096897446,62.097030169
0.01470752,62.097161750,62.097293331
0.01476260,62.097426054,62.097558778
0.01481769,62.097690358,62.097821939
0.01487277,62.097954662,62.098087386
0.01492786,62.098218967,62.098350547
0.01498294,62.098483271,62.098615994
0.01503803,62.098747575,62.098879155
0.01509311,62.099011879,62.099144602
0.01514819,62.099276183,62.099407764
0.01520328,62.099540487,62.099673211
0.01525836,62.099804791,62.099936372
0.01531345,62.100069095,62.100201819
0.01536853,62.100333399,62.100464980
0.01542362,62.100597703,62.100730427
0.01547870,62.100862008,62.100993588
0.01553379,62.101126312,62.101259035
0.01558887,62.101390616,62.101522196
0.01564395,62.101654920,62.101787643
0.01569904,62.101919224,62.102050805
0.01575412,62.102183528,62.102316252
0.01580921,62.102447832,62.102579413
0.01586429,62.102712136,62.102844860
0.01591938,62.102976440,62.103108021
0.01597446,62.103240744,62.103373468
0.01602954,62.103505049,62.103636629
0.01608463,62.103769353,62.103902076
0.01613971,62.104033657,62.104165237
0.01619480,62.104297961,62.104430685
0.01624988,62.104562265,62.104693845
0.01630497,62.104826569,62.104959293
0.01636005,62.105090873,62.105222454
0.01641513,62.105355177,62.105487901
0.01647022,62.105619481,62.105751062
0.01652530,62.105883785,62.106016509
0.01658039,62.106148090,62.106279670
0.01663547,62.106412394,62.106545117
0.01669056,62.106676698,62.106808278
0.01674564,62.106941002,62.107073726
0.01680072,62.107205306,62.107336886
0.01685581,62.107469610,62.107602334
0.01691089,62.107733914,62.107865494
0.01696598,62.107998218,62.108130942
0.01702106,62.108262522,62.108394102
0.01707615,62.108526826,62.108659550
0.01713123,62.108791130,62.108922711
0.01718632,62.109055434,62.109188158
0.01724140,62.109319739,62.109451319
0.01729648,62.109584043,62.109716767
0.01735157,62.109848347,62.109979927
0.01740665,62.110112651,62.110245375
0.01746174,62.110376955,62.110508535
0.01751682,62.110641259,62.110773983
0.01757191,62.110905563,62.111037143
0.01762699,62.111169867,62.111302591
0.01768207,62.111434171,62.111565751
0.01773716,62.111698475,62.111831199
0.01779224,62.111962779,62.112094359
0.01784733,62.112227083,62.112359807
0.01790241,62.112491387,62.112622968
0.01795750,62.112755692,62.112888416
0.01801258,62.113019996,62.113151576
0.01806766,62.113284300,62.113417024
0.01812275,62.113548604,62.113680184
0.01817783,62.113812908,62.113945632
0.01823292,62.114077212,62.114208792
0.01828800,62.114341516,62.114474240
0.01834309,62.114605820,62.114737400
0.01839817,62.114870124,62.115002848
0.01845326,62.115134428,62.115266008
0.01850834,62.115398732,62.115531456
0.01856342,62.115663036,62.115794616
0.01861851,62.115927340,62.116060064
0.01867359,62.116191644,62.116323224
0.01872868,62.116455948,62.116588673
0.01878376,62.116720253,62.116851832
0.01883885,62.116984557,62.117117281
0.01889393,62.117248861,62.117380440
0.01894901,62.117513165,62.117645889
0.01900410,62.117777469,62.117909049
0.01905918,62.118041773,62.118174497
0.01911427,62.118306077,62.118437657
0.01916935,62.118570381,62.118703105
0.01922444,62.118834685,62.118966265
0.01927952,62.119098989,62.119231713
0.01933460,62.119363293,62.119494873
0.01938969,62.119627597,62.119760321
0.01944477,62.119891901,62.120023481
0.01949986,62.120156205,62.120288930
0.01955494,62.120420509,62.120552089
0.01961003,62.120684813,62.120817538
0.01966511,62.120949117,62.121080697
0.01972020,62.121213421,62.121346146
0.01977528,62.121477725,62.121609305
0.01983036,62.121742029,62.121874754
0.01988545,62.122006333,62.122137913
0.01994053,62.122270638,62.122403362
0.01999562,62.122534942,62.122666521
0.02005070,62.122799246,62.122931970
0.02010579,62.123063550,62.123195129
0.02016087,62.123327854,62.123460578
0.02021595,62.123592158,62.123723737
0.02027104,62.123856462,62.123989186
0.02032612,62.124120766,62.124252345
0.02038121,62.124385070,62.124517794
0.02043629,62.124649374,62.124780953
0.02049138,62.124913678,62.125046402
0.02054646,62.125177982,62.125309561
0.02060154,62.125442286,62.125575010
0.02065663,62.125706590,62.125838169
0.02071171,62.125970894,62.126103619
0.02076680,62.126235198,62.126366777
0.02082188,62.126499502,62.126632227
0.02087697,62.126763806,62.126895385
0.02093205,62.127028110,62.127160835
0.02098714,62.127292414,62.127423993
0.02104222,62.127556718,62.127689443
0.02109730,62.127821022,62.127952601
0.02115239,62.128085326,62.128218051
0.02120747,62.128349630,62.128481209
0.02126256,62.128613934,62.128746659
0.02131764,62.128878238,62.129009817
0.02137273,62.129142542,62.129275267
0.02142781,62.129406846,62.129538425
0.02148289,62.129671150,62.129803875
0.02153798,62.129935454,62.130067033
0.02159306,62.130199758,62.130332483
0.02164815,62.130464062,62.130595641
0.02170323,62.130728366,62.130861091
0.02175832,62.130992670,62.131124249
0.02181340,62.131256974,62.131389699
0.02186848,62.131521278,62.131652857
0.02192357,62.131785582,62.131918307
0.02197865,62.132049886,62.132181465
0.02203374,62.132314190,62.132446915
0.02208882,62.132578494,62.132710073
0.02214391,62.132842798,62.132975523
0.02219899,62.133107102,62.133238681
0.02225408,62.133371406,62.133504131
0.02230916,62.133635710,62.133767289
0.02236424,62.133900014,62.134032739
0.02241933,62.134164318,62.134295897
0.02247441,62.134428622,62.134561347
0.02252950,62.134692926,62.134824505
0.02258458,62.134957230,62.135089955
0.02263967,62.135221534,62.135353113
0.02269475,62.135485838,62.135618563
0.02274983,62.135750142,62.135881721
0.02280492,62.136014446,62.136147171
0.02286000,62.136278750,62.136410329
0.02291509,62.136543054,62.136675779
0.02297017,62.136807358,62.136938937
0.02302526,62.137071662,62.137204387
0.02308034,62.137335966,62.137467545
0.02313542,62.137600270,62.137732995
0.02319051,62.137864574,62.137996153
0.02324559,62.138128878,62.138261603
0.02330068,62.138393182,62.138524761
0.02335576,62.138657486,62.138790211
0.02341085,62.138921790,62.139053368
0.02346593,62.139186094,62.139318819
0.02352101,62.139450397,62.139581976
0.02357610,62.139714701,62.139847427
0.02363118,62.139979005,62.140110584
0.02368627,62.140243309,62.140376034
0.02374135,62.140507613,62.140639192
0.02379644,62.140771917,62.140904642
0.02385152,62.141036221,62.141167800
0.02390661,62.141300525,62.141433250
0.02396169,62.141564829,62.141696408
0.02401677,62.141829133,62.141961858
0.02407186,62.142093437,62.142225016
0.02412694,62.142357741,62.142490466
0.02418203,62.142622045,62.142753624
0.02423711,62.142886349,62.143019074
0.02429220,62.143150653,62.143282231
0.02434728,62.143414957,62.143547682
0.02440236,62.143679261,62.143810839
0.02445745,62.143943565,62.144076290
0.02451253,62.144207868,62.144339447
0.02456762,62.144472172,62.144604898
0.02462270,62.144736476,62.144868055
0.02467779,62.145000780,62.145133506
0.02473287,62.145265084,62.145396663
0.02478795,62.145529388,62.145662113
0.02484304,62.145793692,62.145925271
0.02489812,62.146057996,62.146190721
0.02495321,62.146322300,62.146453878
0.02500829,62.146586604,62.146719329
0.02506338,62.146850908,62.146982486
0.02511846,62.147115212,62.147247937
0.02517355,62.147379516,62.147511094
0.02522863,62.147643819,62.147776545
0.02528371,62.147908123,62.148039702
0.02533880,62.148172427,62.148305153
0.02539388,62.148436731,62.148568310
0.02544897,62.148701035,62.148833761
0.02550405,62.148965339,62.149096917
0.02555914,62.149229643,62.149362368
0.02561422,62.149493947,62.149625525
0.02566930,62.149758251,62.149890976
0.02572439,62.150022555,62.150154133
0.02577947,62.150286859,62.150419584
0.02583456,62.150551162,62.150682741
0.02588964,62.150815466,62.150948192
0.02594473,62.151079770,62.151211348
0.02599981,62.151344074,62.151476800
0.02605489,62.151608378,62.151739956
0.02610998,62.151872682,62.152005407
0.02616506,62.152136986,62.152268564
0.02622015,62.152401290,62.152534015
0.02627523,62.152665593,62.152797172
0.02633032,62.152929897,62.153062623
0.02638540,62.153194201,62.153325779
0.02644049,62.153458505,62.153591231
0.02649557,62.153722809,62.153854387
0.02655065,62.153987113,62.154119839
0.02660574,62.154251417,62.154382995
0.02666082,62.154515721,62.154648446
0.02671591,62.154780024,62.154911603
0.02677099,62.155044328,62.155177054
0.02682608,62.155308632,62.155440210
0.02688116,62.155572936,62.155705662
0.02693624,62.155837240,62.155968818
0.02699133,62.156101544,62.156234270
0.02704641,62.156365848,62.156497426
0.02710150,62.156630151,62.156762877
0.02715658,62.156894455,62.157026033
0.02721167,62.157158759,62.157291485
0.02726675,62.157423063,62.157554641
0.02732183,62.157687367,62.157820093
0.02737692,62.157951671,62.158083249
0.02743200,62.158215975,62.158348700
0.02748709,62.158480278,62.158611856
0.02754217,62.158744582,62.158877308
0.02759726,62.159008886,62.159140464
0.02765234,62.159273190,62.159405916
0.02770743,62.159537494,62.159669072
0.02776251,62.159801798,62.159934524
0.02781759,62.160066101,62.160197679
0.02787268,62.160330405,62.160463131
0.02792776,62.160594709,62.160726287
0.02798285,62.160859013,62.160991739
0.02803793,62.161123317,62.161254895
0.02809302,62.161387621,62.161520347
0.02814810,62.161651924,62.161783502
0.02820318,62.161916228,62.162048954
0.02825827,62.162180532,62.162312110
0.02831335,62.162444836,62.162577562
0.02836844,62.162709140,62.162840717
0.02842352,62.162973443,62.163106170
0.02847861,62.163237747,62.163369325
0.02853369,62.163502051,62.163634777
0.02858877,62.163766355,62.163897933
0.02864386,62.164030659,62.164163385
0.02869894,62.164294962,62.164426540
0.02875403,62.164559266,62.164691992
0.02880911,62.164823570,62.164955148
0.02886420,62.165087874,62.165220600
0.02891928,62.165352178,62.165483755
0.02897437,62.165616481,62.165749208
0.02902945,62.165880785,62.166012363
0.02908453,62.166145089,62.166277815
0.02913962,62.166409393,62.166540970
0.02919470,62.166673697,62.166806423
0.02924979,62.166938000,62.167069578
0.02930487,62.167202304,62.167335030
0.02935996,62.167466608,62.167598186
0.02941504,62.167730912,62.167863638
0.02947012,62.167995215,62.168126793
0.02952521,62.168259519,62.168392246
0.02958029,62.168523823,62.168655401
0.02963538,62.168788127,62.168920853
0.02969046,62.169052431,62.169184008
0.02974555,62.169316734,62.169449461
0.02980063,62.169581038,62.169712616
0.02985571,62.169845342,62.169978068
0.02991080,62.170109646,62.170241223
0.02996588,62.170373949,62.170506676
0.03002097,62.170638253,62.170769831
0.03007605,62.170902557,62.171035283
0.03013114,62.171166861,62.171298438
0.03018622,62.171431164,62.171563891
0.03024130,62.171695468,62.171827045
0.03029639,62.171959772,62.172092498
0.03035147,62.172224076,62.172355653
0.03040656,62.172488379,62.172621106
0.03046164,62.172752683,62.172884260
0.03051673,62.173016987,62.173149713
0.03057181,62.173281291,62.173412868
0.03062690,62.173545594,62.173678321
0.03068198,62.173809898,62.173941475
0.03073706,62.174074202,62.174206928
0.03079215,62.174338505,62.174470083
0.03084723,62.174602809,62.174735536
0.03090232,62.174867113,62.174998690
0.03095740,62.175131417,62.175264143
0.03101249,62.175395720,62.175527298
0.03106757,62.175660024,62.175792751
0.03112265,62.175924328,62.176055905
0.03117774,62.176188631,62.176321358
0.03123282,62.176452935,62.176584512
0.03128791,62.176717239,62.176849965
0.03134299,62.176981543,62.177113120
0.03139808,62.177245846,62.177378573
0.03145316,62.177510150,62.177641727
0.03150824,62.177774454,62.177907180
0.03156333,62.178038757,62.178170334
0.03161841,62.178303061,62.178435788
0.03167350,62.178567365,62.178698942
0.03172858,62.178831668,62.178964395
0.03178367,62.179095972,62.179227549
0.03183875,62.179360276,62.179493002
0.03189384,62.179624579,62.179756156
0.03194892,62.179888883,62.180021610
0.03200400,62.180153187,62.180284764
0.03205909,62.180417490,62.180550217
0.03211417,62.180681794,62.180813371
0.03216926,62.180946098,62.181078825
0.03222434,62.181210401,62.181341978
0.03227943,62.181474705,62.181607432
0.03233451,62.181739009,62.181870586
0.03238959,62.182003312,62.182136039
0.03244468,62.182267616,62.182399193
0.03249976,62.182531920,62.182664647
0.03255485,62.182796223,62.182927800
0.03260993,62.183060527,62.183193254
0.03266502,62.183324831,62.183456408
0.03272010,62.183589134,62.183721861
0.03277518,62.183853438,62.183985015
0.03283027,62.184117742,62.184250468
0.03288535,62.184382045,62.184513622
0.03294044,62.184646349,62.184779076
0.03299552,62.184910653,62.185042229
0.03305061,62.185174956,62.185307683
0.03310569,62.185439260,62.185570837
0.03316078,62.185703563,62.185836290
0.03321586,62.185967867,62.186099444
0.03327094,62.186232171,62.186364898
0.03332603,62.186496474,62.186628051
0.03338111,62.186760778,62.186893505
0.03343620,62.187025082,62.187156658
0.03349128,62.187289385,62.187422112
0.03354637,62.187553689,62.187685265
0.03360145,62.187817992,62.187950719
0.03365653,62.188082296,62.188213873
0.03371162,62.188346600,62.188479327
0.03376670,62.188610903,62.188742480
0.03382179,62.188875207,62.189007934
0.03387687,62.189139510,62.189271087
0.03393196,62.189403814,62.189536541
0.03398704,62.189668118,62.189799694
0.03404212,62.189932421,62.190065148
0.03409721,62.190196725,62.190328301
0.03415229,62.190461028,62.190593755
0.03420738,62.190725332,62.190856908
0.03426246,62.190989635,62.191122363
0.03431755,62.191253939,62.191385515
0.03437263,62.191518243,62.191650970
0.03442772,62.191782546,62.191914123
0.03448280,62.192046850,62.192179577
0.03453788,62.192311153,62.192442730
0.03459297,62.192575457,62.192708184
0.03464805,62.192839760,62.192971337
0.03470314,62.193104064,62.193236791
0.03475822,62.193368367,62.193499944
0.03481331,62.193632671,62.193765398
0.03486839,62.193896975,62.194028551
0.03492347,62.194161278,62.194294005
0.03497856,62.194425582,62.194557158
0.03503364,62.194689885,62.194822612
0.03508873,62.194954189,62.195085765
0.03514381,62.195218492,62.195351220
0.03519890,62.195482796,62.195614372
0.03525398,62.195747099,62.195879827
0.03530906,62.196011403,62.196142979
0.03536415,62.196275706,62.196408434
0.03541923,62.196540010,62.196671586
0.03547432,62.196804313,62.196937041
0.03552940,62.197068617,62.197200193
0.03558449,62.197332920,62.197465648
0.03563957,62.197597224,62.197728800
0.03569466,62.197861528,62.197994255
0.03574974,62.198125831,62.198257407
0.03580482,62.198390135,62.198522862
0.03585991,62.198654438,62.198786014
0.03591499,62.198918742,62.199051469
0.03597008,62.199183045,62.199314621
0.03602516,62.199447348,62.199580076
0.03608025,62.199711652,62.199843228
0.03613533,62.199975955,62.200108683
0.03619041,62.200240259,62.200371835
0.03624550,62.200504562,62.200637290
0.03630058,62.200768866,62.200900442
0.03635567,62.201033169,62.201165897
0.03641075,62.201297473,62.201429049
0.03646584,62.201561776,62.201694504
0.03652092,62.201826080,62.201957656
0.03657600,62.202090383,62.202223111
0.03663109,62.202354687,62.202486263
0.03668617,62.202618990,62.202751718
0.03674126,62.202883294,62.203014870
0.03679634,62.203147597,62.203280325
0.03685143,62.203411901,62.203543476
0.03690651,62.203676204,62.203808932
0.03696159,62.203940507,62.204072083
0.03701668,62.204204811,62.204337539
0.03707176,62.204469114,62.204600690
0.03712685,62.204733418,62.204866145
0.03718193,62.204997721,62.205129297
0.03723702,62.205262025,62.205394752
0.03729210,62.205526328,62.205657904
0.03734719,62.205790632,62.205923359
0.03740227,62.206054935,62.206186511
0.03745735,62.206319238,62.206451966
0.03751244,62.206583542,62.206715117
0.03756752,62.206847845,62.206980573
0.03762261,62.207112149,62.207243724
0.03767769,62.207376452,62.207509180
0.03773278,62.207640755,62.207772331
0.03778786,62.207905059,62.208037787
0.03784294,62.208169362,62.208300938
0.03789803,62.208433666,62.208566393
0.03795311,62.208697969,62.208829545
0.03800820,62.208962272,62.209095000
0.03806328,62.209226576,62.209358151
0.03811837,62.209490879,62.209623607
0.03817345,62.209755183,62.209886758
0.03822853,62.210019486,62.210152214
0.03828362,62.210283789,62.210415365
0.03833870,62.210548093,62.210680821
0.03839379,62.210812396,62.210943972
0.03844887,62.211076699,62.211209427
0.03850396,62.211341003,62.211472578
0.03855904,62.211605306,62.211738034
0.03861413,62.211869610,62.212001185
0.03866921,62.212133913,62.212266641
0.03872429,62.212398216,62.212529792
0.03877938,62.212662520,62.212795247
0.03883446,62.212926823,62.213058398
0.03888955,62.213191126,62.213323854
0.03894463,62.213455430,62.213587005
0.03899972,62.213719733,62.213852461
0.03905480,62.213984036,62.214115612
0.03910988,62.214248340,62.214381068
0.03916497,62.214512643,62.214644218
0.03922005,62.214776946,62.214909674
0.03927514,62.215041250,62.215172825
0.03933022,62.215305553,62.215438281
0.03938531,62.215569856,62.215701432
0.03944039,62.215834160,62.215966888
0.03949547,62.216098463,62.216230038
0.03955056,62.216362766,62.216495494
0.03960564,62.216627069,62.216758645
0.03966073,62.216891373,62.217024101
0.03971581,62.217155676,62.217287251
0.03977090,62.217419979,62.217552707
0.03982598,62.217684283,62.217815858
0.03988107,62.217948586,62.218081314
0.03993615,62.218212889,62.218344464
0.03999123,62.218477193,62.218609921
0.04004632,62.218741496,62.218873071
0.04010140,62.219005799,62.219138527
0.04015649,62.219270102,62.219401677
0.04021157,62.219534406,62.219667134
0.04026666,62.219798709,62.219930284
0.04032174,62.220063012,62.220195740
0.04037682,62.220327315,62.220458890
0.04043191,62.220591619,62.220724347
0.04048699,62.220855922,62.220987497
0.04054208,62.221120225,62.221252953
0.04059716,62.221384528,62.221516103
0.04065225,62.221648832,62.221781560
0.04070733,62.221913135,62.222044710
0.04076241,62.222177438,62.222310166
0.04081750,62.222441741,62.222573316
0.04087258,62.222706045,62.222838773
0.04092767,62.222970348,62.223101923
0.04098275,62.223234651,62.223367379
0.04103784,62.223498954,62.223630529
0.04109292,62.223763258,62.223895986
0.04114801,62.224027561,62.224159136
0.04120309,62.224291864,62.224424592
0.04125817,62.224556167,62.224687742
0.04131326,62.224820470,62.224953199
0.04136834,62.225084774,62.225216348
0.04142343,62.225349077,62.225481805
0.04147851,62.225613380,62.225744955
0.04153360,62.225877683,62.226010412
0.04158868,62.226141986,62.226273561
0.04164376,62.226406290,62.226539018
0.04169885,62.226670593,62.226802168
0.04175393,62.226934896,62.227067624
0.04180902,62.227199199,62.227330774
0.04186410,62.227463502,62.227596231
0.04191919,62.227727805,62.227859380
0.04197427,62.227992109,62.228124837
0.04202935,62.228256412,62.228387986
0.04208444,62.228520715,62.228653443
0.04213952,62.228785018,62.228916593
0.04219461,62.229049321,62.229182050
0.04224969,62.229313624,62.229445199
0.04230478,62.229577928,62.229710656
0.04235986,62.229842231,62.229973805
0.04241495,62.230106534,62.230239262
0.04247003,62.230370837,62.230502412
0.04252511,62.230635140,62.230767869
0.04258020,62.230899443,62.231031018
0.04263528,62.231163746,62.231296475
0.04269037,62.231428050,62.231559624
0.04274545,62.231692353,62.231825081
0.04280054,62.231956656,62.232088230
0.04285562,62.232220959,62.232353688
0.04291070,62.232485262,62.232616836
0.04296579,62.232749565,62.232882294
0.04302087,62.233013868,62.233145443
0.04307596,62.233278171,62.233410900
0.04313104,62.233542474,62.233674049
0.04318613,62.233806778,62.233939506
0.04324121,62.234071081,62.234202655
0.04329629,62.234335384,62.234468112
0.04335138,62.234599687,62.234731261
0.04340646,62.234863990,62.234996719
0.04346155,62.235128293,62.235259867
0.04351663,62.235392596,62.235525325
0.04357172,62.235656899,62.235788473
0.04362680,62.235921202,62.236053931
0.04368188,62.236185505,62.236317079
0.04373697,62.236449808,62.236582537
0.04379205,62.236714111,62.236845686
0.04384714,62.236978414,62.237111143
0.04390222,62.237242717,62.237374292
0.04395731,62.237507020,62.237639749
0.04401239,62.237771324,62.237902898
0.04406748,62.238035627,62.238168355
0.04412256,62.238299930,62.238431504
0.04417764,62.238564233,62.238696961
0.04423273,62.238828536,62.238960110
0.04428781,62.239092839,62.239225568
0.04434290,62.239357142,62.239488716
0.04439798,62.239621445,62.239754174
0.04445307,62.239885748,62.240017322
0.04450815,62.240150051,62.240282780
0.04456323,62.240414354,62.240545928
0.04461832,62.240678657,62.240811386
0.04467340,62.240942960,62.241074534
0.04472849,62.241207263,62.241339992
0.04478357,62.241471566,62.241603140
0.04483866,62.241735869,62.241868598
0.04489374,62.242000172,62.242131746
0.04494882,62.242264475,62.242397204
0.04500391,62.242528778,62.242660352
0.04505899,62.242793081,62.242925810
0.04511408,62.243057384,62.243188958
0.04516916,62.243321687,62.243454416
0.04522425,62.243585990,62.243717563
0.04527933,62.243850293,62.243983022
0.04533442,62.244114595,62.244246169
0.04538950,62.244378898,62.244511627
0.04544458,62.244643201,62.244774775
0.04549967,62.244907504,62.245040233
0.04555475,62.245171807,62.245303381
0.04560984,62.245436110,62.245568839
0.04566492,62.245700413,62.245831987
0.04572001,62.245964716,62.246097445
0.04577509,62.246229019,62.246360593
0.04583017,62.246493322,62.246626051
0.04588526,62.246757625,62.246889199
0.04594034,62.247021928,62.247154657
0.04599543,62.247286231,62.247417804
0.04605051,62.247550534,62.247683263
0.04610560,62.247814836,62.247946410
0.04616068,62.248079139,62.248211869
0.04621576,62.248343442,62.248475016
0.04627085,62.248607745,62.248740474
0.04632593,62.248872048,62.249003622
0.04638102,62.249136351,62.249269080
0.04643610,62.249400654,62.249532227
0.04649119,62.249664957,62.249797686
0.04654627,62.249929260,62.250060833
0.04660136,62.250193562,62.250326292
0.04665644,62.250457865,62.250589439
0.04671152,62.250722168,62.250854897
0.04676661,62.250986471,62.251118045
0.04682169,62.251250774,62.251383503
0.04687678,62.251515077,62.251646650
0.04693186,62.251779380,62.251912109
0.04698695,62.252043682,62.252175256
0.04704203,62.252307985,62.252440715
0.04709711,62.252572288,62.252703862
0.04715220,62.252836591,62.252969320
0.04720728,62.253100894,62.253232467
0.04726237,62.253365197,62.253497926
0.04731745,62.253629499,62.253761073
0.04737254,62.253893802,62.254026532
0.04742762,62.254158105,62.254289678
0.04748270,62.254422408,62.254555137
0.04753779,62.254686711,62.254818284
0.04759287,62.254951013,62.255083743
0.04764796,62.255215316,62.255346890
0.04770304,62.255479619,62.255612349
0.04775813,62.255743922,62.255875495
0.04781321,62.256008225,62.256140954
0.04786830,62.256272527,62.256404101
0.04792338,62.256536830,62.256669560
0.04797846,62.256801133,62.256932706
0.04803355,62.257065436,62.257198165
0.04808863,62.257329738,62.257461312
0.04814372,62.257594041,62.257726771
0.04819880,62.257858344,62.257989917
0.04825389,62.258122647,62.258255376
0.04830897,62.258386950,62.258518523
0.04836405,62.258651252,62.258783982
0.04841914,62.258915555,62.259047128
0.04847422,62.259179858,62.259312587
0.04852931,62.259444160,62.259575734
0.04858439,62.259708463,62.259841193
0.04863948,62.259972766,62.260104339
0.04869456,62.260237069,62.260369798
0.04874964,62.260501371,62.260632944
0.04880473,62.260765674,62.260898404
0.04885981,62.261029977,62.261161550
0.04891490,62.261294280,62.261427009
0.04896998,62.261558582,62.261690155
0.04902507,62.261822885,62.261955615
0.04908015,62.262087188,62.262218761
0.04913524,62.262351490,62.262484220
0.04919032,62.262615793,62.262747366
0.04924540,62.262880096,62.263012825
0.04930049,62.263144398,62.263275971
0.04935557,62.263408701,62.263541431
0.04941066,62.263673004,62.263804577
0.04946574,62.263937306,62.264070036
0.04952083,62.264201609,62.264333182
0.04957591,62.264465912,62.264598641
0.04963099,62.264730214,62.264861787
0.04968608,62.264994517,62.265127247
0.04974116,62.265258820,62.265390392
0.04979625,62.265523122,62.265655852
0.04985133,62.265787425,62.265918998
0.04990642,62.266051728,62.266184457
0.04996150,62.266316030,62.266447603
0.05001658,62.266580333,62.266713063
0.05007167,62.266844635,62.266976208
0.05012675,62.267108938,62.267241668
0.05018184,62.267373241,62.267504813
0.05023692,62.267637543,62.267770273
0.05029201,62.267901846,62.268033419
0.05034709,62.268166148,62.268298878
0.05040217,62.268430451,62.268562024
0.05045726,62.268694754,62.268827484
0.05051234,62.268959056,62.269090629
0.05056743,62.269223359,62.269356089
0.05062251,62.269487661,62.269619234
0.05067760,62.269751964,62.269884694
0.05073268,62.270016267,62.270147839
0.05078777,62.270280569,62.270413299
0.05084285,62.270544872,62.270676444
0.05089793,62.270809174,62.270941904
0.05095302,62.271073477,62.271205049
0.05100810,62.271337779,62.271470509
0.05106319,62.271602082,62.271733654
0.05111827,62.271866384,62.271999114
0.05117336,62.272130687,62.272262259
0.05122844,62.272394990,62.272527720
0.05128352,62.272659292,62.272790864
0.05133861,62.272923595,62.273056325
0.05139369,62.273187897,62.273319470
0.05144878,62.273452200,62.273584930
0.05150386,62.273716502,62.273848075
0.05155895,62.273980805,62.274113535
0.05161403,62.274245107,62.274376679
0.05166911,62.274509410,62.274642140
0.05172420,62.274773712,62.274905284
0.05177928,62.275038015,62.275170745
0.05183437,62.275302317,62.275433889
0.05188945,62.275566620,62.275699350
0.05194454,62.275830922,62.275962494
0.05199962,62.276095225,62.276227955
0.05205471,62.276359527,62.276491099
0.05210979,62.276623829,62.276756560
0.05216487,62.276888132,62.277019704
0.05221996,62.277152434,62.277285165
0.05227504,62.277416737,62.277548309
0.05233013,62.277681039,62.277813769
0.05238521,62.277945342,62.278076914
0.05244030,62.278209644,62.278342374
0.05249538,62.278473947,62.278605519
0.05255046,62.278738249,62.278870979
0.05260555,62.279002551,62.279134124
0.05266063,62.279266854,62.279399584
0.05271572,62.279531156,62.279662728
0.05277080,62.279795459,62.279928189
0.05282589,62.280059761,62.280191333
0.05288097,62.280324063,62.280456794
0.05293605,62.280588366,62.280719938
0.05299114,62.280852668,62.280985399
0.05304622,62.281116971,62.281248543
0.05310131,62.281381273,62.281514003
0.05315639,62.281645575,62.281777147
0.05321148,62.281909878,62.282042608
0.05326656,62.282174180,62.282305752
0.05332165,62.282438483,62.282571213
0.05337673,62.282702785,62.282834357
0.05343181,62.282967087,62.283099818
0.05348690,62.283231390,62.283362962
0.05354198,62.283495692,62.283628422
0.05359707,62.283759994,62.283891566
0.05365215,62.284024297,62.284157027
0.05370724,62.284288599,62.284420171
0.05376232,62.284552901,62.284685632
0.05381740,62.284817204,62.284948775
0.05387249,62.285081506,62.285214236
0.05392757,62.285345808,62.285477380
0.05398266,62.285610111,62.285742841
0.05403774,62.285874413,62.286005985
0.05409283,62.286138715,62.286271446
0.05414791,62.286403017,62.286534589
0.05420299,62.286667320,62.286800050
0.05425808,62.286931622,62.287063194
0.05431316,62.287195924,62.287328655
0.05436825,62.287460227,62.287591798
0.05442333,62.287724529,62.287857260
0.05447842,62.287988831,62.288120403
0.05453350,62.288253133,62.288385864
0.05458859,62.288517436,62.288649007
0.05464367,62.288781738,62.288914469
0.05469875,62.289046040,62.289177612
0.05475384,62.289310342,62.289443073
0.05480892,62.289574645,62.289706216
0.05486401,62.289838947,62.289971678
0.05491909,62.290103249,62.290234821
0.05497418,62.290367551,62.290500282
0.05502926,62.290631854,62.290763425
0.05508434,62.290896156,62.291028887
0.05513943,62.291160458,62.291292030
0.05519451,62.291424760,62.291557491
0.05524960,62.291689063,62.291820634
0.05530468,62.291953365,62.292086095
0.05535977,62.292217667,62.292349238
0.05541485,62.292481969,62.292614700
0.05546993,62.292746271,62.292877843
0.05552502,62.293010573,62.293143304
0.05558010,62.293274876,62.293406447
0.05563519,62.293539178,62.293671909
0.05569027,62.293803480,62.293935051
0.05574536,62.294067782,62.294200513
0.05580044,62.294332084,62.294463656
0.05585553,62.294596386,62.294729117
0.05591061,62.294860689,62.294992260
0.05596569,62.295124991,62.295257722
0.05602078,62.295389293,62.295520864
0.05607586,62.295653595,62.295786326
0.05613095,62.295917897,62.296049468
0.05618603,62.296182199,62.296314930
0.05624112,62.296446501,62.296578073
0.05629620,62.296710804,62.296843534
0.05635128,62.296975106,62.297106677
0.05640637,62.297239408,62.297372139
0.05646145,62.296445472,62.295518804
0.05651654,62.294573679,62.293628553
0.05657162,62.292662148,62.291695744
0.05662671,62.290709890,62.289724037
0.05668179,62.288715884,62.287707731
0.05673687,62.286679075,62.285650420
0.05679196,62.284598378,62.283546337
0.05684704,62.282472671,62.281399005
0.05690213,62.280300797,62.279202589
0.05695721,62.278081561,62.276960533
0.05701230,62.275813730,62.274666927
0.05706738,62.273496030,62.272325133
0.05712246,62.271127145,62.269929157
0.05717755,62.268705716,62.267482275
0.05723263,62.266230338,62.264978402
0.05728772,62.263699560,62.262420718
0.05734280,62.261111880,62.259803042
0.05739789,62.258465746,62.257128450
0.05745297,62.255759554,62.254390657
0.05750806,62.252991642,62.251592626
0.05756314,62.250160293,62.248727959
0.05761822,62.247263727,62.245799496
0.05767331,62.244300105,62.242800715
0.05772839,62.241267520,62.239734324
0.05778348,62.238163997,62.236593669
0.05783856,62.234987491,62.233381312
0.05789365,62.231735883,62.230090453
0.05794873,62.228406975,62.226723498
0.05800381,62.224998491,62.223273485
0.05805890,62.221508069,62.219742652
0.05811398,62.217933258,62.216123864
0.05816907,62.214271517,62.212419169
0.05822415,62.210520207,62.208621244
0.05827924,62.206676590,62.204731935
0.05833432,62.202737821,62.200743708
0.05838940,62.198700947,62.196658186
0.05844449,62.194562898,62.192467610
0.05849957,62.190320484,62.188173358
0.05855466,62.185970388,62.183767419
0.05860974,62.181509162,62.179250905
0.05866483,62.176933218,62.174615531
0.05871991,62.172238822,62.169862113
0.05877500,62.167422089,62.164982065
0.05883008,62.162478971,62.159975878
0.05888516,62.157405256,62.154834633
0.05894025,62.152196550,62.149558467
0.05899533,62.146848278,62.144138090
0.05905042,62.141355668,62.138573246
0.05910550,62.135713743,62.132854240
0.05916059,62.129917310,62.126980380
0.05921567,62.123960950,62.120941520
0.05927075,62.117839004,62.114736488
0.05932584,62.111545562,62.108354637
0.05938092,62.105074449,62.101794260
0.05943601,62.098419209,62.095044158
0.05949109,62.091573092,62.088102027
0.05954618,62.084529039,62.080956051
0.05960126,62.077279658,62.073603265
0.05965634,62.069817215,62.066031165
0.05971143,62.062133606,62.058236047
0.05976651,62.054220342,62.050204637
0.05982160,62.046068521,62.041932405
0.05987668,62.037668811,62.033405217
0.05993177,62.029011417,62.024617618
0.05998685,62.020086062,62.015554506
0.06004194,62.010881948,62.006209390
0.06009702,62.001387734,61.996566079
0.06015210,61.991591497,61.986616916
0.06020719,61.981480700,61.976344485
0.06026227,61.971042147,61.965739810
0.06031736,61.960261951,61.954784093
0.06037244,61.949125481,61.943466869
0.06042753,61.937617321,61.931767772
0.06048261,61.925721212,61.919674651
0.06053769,61.913420007,61.907165362
0.06059278,61.900695598,61.894225834
0.06064786,61.887528867,61.880831900
0.06070295,61.873899603,61.866967305
0.06075803,61.859786438,61.852605571
0.06081312,61.845166759,61.837727947
0.06086820,61.830016629,61.822305310
0.06092328,61.814310680,61.806316050
0.06097837,61.798022028,61.789728008
0.06103345,61.781122146,61.772516284
0.06108854,61.763580755,61.754645227
0.06114362,61.745365685,61.736086144
0.06119871,61.726442745,61.716799346
0.06125379,61.706775550,61.696751754
0.06130888,61.686325376,61.675898998
0.06136396,61.665050952,61.654202907
0.06141904,61.642908285,61.631613664
0.06147413,61.619850416,61.608087167
0.06152921,61.595827203,61.583567240
0.06158430,61.570785040,61.558002840
0.06163938,61.544666590,61.531330340
0.06169447,61.517410443,61.503490546
0.06174955,61.488950803,61.474411060
0.06180463,61.459217069,61.444023078
0.06185972,61.428133456,61.412243834
0.06191480,61.395618489,61.378993143
0.06196989,61.361584536,61.344175929
0.06202497,61.325937196,61.307698463
0.06208006,61.288574723,61.269450983
0.06213514,61.249387278,61.229323573
0.06219022,61.208256218,61.187188863
0.06224531,61.165053171,61.142917479
0.06230039,61.119639157,61.096360836
0.06235548,61.071863445,61.047366054
0.06241056,61.021562446,60.995758837
0.06246565,60.968558292,60.941357746
0.06252073,60.912657448,60.883957149
0.06257582,60.853648926,60.823340703
0.06263090,60.791302526,60.759264349
0.06268598,60.725366581,60.691468814
0.06274107,60.655565716,60.619662618
0.06279615,60.581597978,60.543533338
0.06285124,60.503131951,60.462730565
0.06290632,60.419803090,60.376875616
0.06296141,60.331209975,60.285544335
0.06301649,60.236909576,60.188274818
0.06307157,60.136412369,60.084549920
0.06312666,60.029176160,59.973802401
0.06318174,59.914599659,59.855396919
0.06323683,59.792014371,59.728631823
0.06329191,59.660676049,59.592720276
0.06334700,59.519753947,59.446787620
0.06340208,59.368319374,59.289851130
0.06345716,59.205331294,59.120811459
0.06351225,59.029620853,58.938430250
0.06356733,58.839871914,58.741313580
0.06362242,58.634599928,58.527886280
0.06367750,58.412125356,58.296364436
0.06373259,58.170544558,58.044724684
0.06378767,57.907693135,57.770661592
0.06384275,57.621105420,57.471549255
0.06389784,57.307963511,57.144377775
0.06395292,56.965040186,56.785702607
0.06400801,56.588627679,56.391552764
0.06406309,56.174456417,55.957360086
0.06411818,55.717594704,55.477829340
0.06417326,55.212332367,54.946835417
0.06422835,54.652038541,54.357241694
0.06428343,54.028994523,53.700747388
0.06433851,53.334191513,52.967635682
0.06439360,52.557090637,52.146545647
0.06444868,51.685335945,51.224126312
0.06450377,50.704412151,50.184698078
0.06455885,49.597241692,49.009785419
0.06461394,48.343704556,47.677623836
0.06466902,46.920085641,46.162547632
0.06472410,45.298423641,44.434299892
0.06477919,43.445781839,42.457264103
0.06483427,41.323421823,40.189579961
0.06488936,38.885908919,37.582238430
0.06494444,36.080172471,34.578107246
0.06499953,32.844559725,31.111013182
0.06505461,29.107961197,27.104910516
0.06510969,24.789099229,22.473289685
0.06516478,19.796080348,17.118873340
0.06521986,14.026350862,10.933831492
0.06527495,7.367158841,3.800490324
0.06533003,-0.303375882,-4.407236615
0.06538512,-7.976301692,-12.683618977
0.06544020,-8.000607475,-11.048508738
0.06549529,-8.011013382,-10.121328052
0.06555037,-8.015354530,-10.173596571
0.06560545,-8.018859855,-9.562155949
0.06566054,-8.020670742,-9.837061199
0.06571562,-8.022469071,-9.286111640
0.06577071,-8.023462750,-9.612890429
0.06582579,-8.024576320,-9.098297301
0.06588088,-8.025219384,-9.450309977
0.06593596,-8.025987874,-8.982956239
0.06599104,-8.026444740,-9.331183867
0.06604613,-8.027013010,-8.902073367
0.06610121,-8.027354571,-9.239852103
0.06615630,-8.027794144,-8.833203501
0.06621138,-8.028061341,-9.163167467
0.06626647,-8.028413256,-8.779770360
0.06632155,-8.028629553,-9.098887337
0.06637663,-8.028919028,-8.737395412
0.06643172,-8.029098756,-9.044925481
0.06648680,-8.029341542,-8.702876271
0.06654189,-8.029493752,-8.997017619
0.06659697,-8.029700845,-8.673054703
0.06665206,-8.029831750,-8.955037773
0.06670714,-8.030010974,-8.646848274
0.06676223,-8.030125039,-8.918324688
0.06681731,-8.030282069,-8.623754254
0.06687239,-8.030382594,-8.886085491
0.06692748,-8.030521634,-8.603396973
0.06698256,-8.030611035,-8.857579596
0.06703765,-8.030735224,-8.584972566
0.06709273,-8.030815358,-8.831918253
0.06714782,-8.030927111,-8.568189677
0.06720290,-8.030999446,-8.808557387
0.06725798,-8.031100669,-8.552889484
0.06731307,-8.031166377,-8.787172878
0.06736815,-8.031258598,-8.538940796
0.06742324,-8.031318631,-8.767543496
0.06747832,-8.031403093,-8.526221391
0.06753341,-8.031458215,-8.749487614
0.06758849,-8.031535933,-8.514522292
0.06764357,-8.031586772,-8.732780839
0.06769866,-8.031658580,-8.503687857
0.06775374,-8.031705656,-8.717234357
0.06780883,-8.031772254,-8.493612239
0.06786391,-8.031816005,-8.702708744
0.06791900,-8.031877981,-8.484220239
0.06797408,-8.031918778,-8.689102025
0.06802917,-8.031976635,-8.475454158
0.06808425,-8.032014796,-8.676335829
0.06813933,-8.032068965,-8.467266316
0.06819442,-8.032104761,-8.664344401
0.06824950,-8.032155613,-8.459594815
0.06830459,-8.032189279,-8.653054297
0.06835967,-8.032237134,-8.452380255
0.06841476,-8.032268872,-8.642393717
0.06846984,-8.032314009,-8.445573086
0.06852492,-8.032343995,-8.632300261
0.06858001,-8.032386657,-8.439134138
0.06863509,-8.032415046,-8.622722810
0.06869018,-8.032455448,-8.433032774
0.06874526,-8.032482376,-8.613620151
0.06880035,-8.032520708,-8.427244652
0.06885543,-8.032546297,-8.604958636
0.06891051,-8.032582728,-8.421749815
0.06896560,-8.032607084,-8.596709741
0.06902068,-8.032641764,-8.416526825
0.06907577,-8.032664985,-8.588844856
0.06913085,-8.032698049,-8.411553522
0.06918594,-8.032720219,-8.581335116
0.06924102,-8.032751786,-8.406808909
0.06929611,-8.032772984,-8.574153044
0.06935119,-8.032803163,-8.402274329
0.06940627,-8.032823456,-8.567273871
0.06946136,-8.032852344,-8.397933862
0.06951644,-8.032871796,-8.560676046
0.06957153,-8.032899481,-8.393774195
0.06962661,-8.032918148,-8.554341131
0.06968170,-8.032944711,-8.389784256
0.06973678,-8.032962644,-8.548253386
0.06979186,-8.032988158,-8.385954762
0.06984695,-8.033005405,-8.542399195
0.06990203,-8.033029936,-8.382276810
0.06995712,-8.033046539,-8.536765736
0.07001220,-8.033070148,-8.378741386
0.07006729,-8.033086147,-8.531340356
0.07012237,-8.033108890,-8.375339512
0.07017745,-8.033124321,-8.526110638
0.07023254,-8.033146249,-8.372062591
0.07028762,-8.033161144,-8.521064730
0.07034271,-8.033182304,-8.368902684
0.07039779,-8.033196695,-8.516191651
0.07045288,-8.033217130,-8.365852677
0.07050796,-8.033231044,-8.511481462
0.07056304,-8.033250794,-8.362906328
0.07061813,-8.033264257,-8.506925303
0.07067321,-8.033283360,-8.360058217
0.07072830,-8.033296395,-8.502515335
0.07078338,-8.033314885,-8.357303661
0.07083847,-8.033327516,-8.498244612
0.07089355,-8.033345424,-8.354638376
0.07094864,-8.033357670,-8.494106743
0.07100372,-8.033375026,-8.352058212
0.07105880,-8.033386908,-8.490095609
0.07111389,-8.033403740,-8.349559059
0.07116897,-8.033415275,-8.486205231
0.07122406,-8.033431607,-8.347136865
0.07127914,-8.033442812,-8.482429787
0.07133423,-8.033458670,-8.344787709
0.07138931,-8.033469560,-8.478763681
0.07144439,-8.033484965,-8.342507884
0.07149948,-8.033495555,-8.475201626
0.07155456,-8.033510529,-8.340293956
0.07160965,-8.033520833,-8.471738706
0.07166473,-8.033535394,-8.338142799
0.07171982,-8.033545424,-8.468370408
0.07177490,-8.033559593,-8.336051605
0.07182998,-8.033569361,-8.465092622
0.07188507,-8.033583153,-8.334017871
0.07194015,-8.033592671,-8.461901620
0.07199524,-8.033606102,-8.332039323
0.07205032,-8.033615381,-8.458793972
0.07210541,-8.033628468,-8.330113826
0.07216049,-8.033637516,-8.455766451
0.07221558,-8.033650273,-8.328239311
0.07227066,-8.033659101,-8.452815950
0.07232574,-8.033671540,-8.326413748
0.07238083,-8.033680157,-8.449939449
0.07243591,-8.033692293,-8.324635144
0.07249100,-8.033700706,-8.447134008
0.07254608,-8.033712550,-8.322901558
0.07260117,-8.033720769,-8.444396786
0.07265625,-8.033732332,-8.321211123
0.07271133,-8.033740363,-8.441725065
0.07276642,-8.033751656,-8.319562075
0.07282150,-8.033759507,-8.439116267
0.07287659,-8.033770541,-8.317952763
0.07293167,-8.033778218,-8.436567974
0.07298676,-8.033789002,-8.316381663
0.07304184,-8.033796512,-8.434077937
0.07309692,-8.033807055,-8.314847379
0.07315201,-8.033814404,-8.431644070
0.07320709,-8.033824716,-8.313348641
0.07326218,-8.033831908,-8.429264439
0.07331726,-8.033841997,-8.311884286
0.07337235,-8.033849040,-8.426937227
0.07342743,-8.033858913,-8.310453229
0.07348252,-8.033865810,-8.424660705
0.07353760,-8.033875475,-8.309054427
0.07359268,-8.033882233,-8.422433209
0.07364777,-8.033891697,-8.307686861
0.07370285,-8.033898320,-8.420253123
0.07375794,-8.033907590,-8.306349521
0.07381302,-8.033914082,-8.418118876
0.07386811,-8.033923165,-8.305041406
0.07392319,-8.033929531,-8.416028944
0.07397827,-8.033938432,-8.303761527
0.07403336,-8.033944676,-8.413981854
0.07408844,-8.033953401,-8.302508917
0.07414353,-8.033959527,-8.411976190
0.07419861,-8.033968082,-8.301282641
0.07425370,-8.033974093,-8.410010605
0.07430878,-8.033982485,-8.300081809
0.07436386,-8.033988385,-8.408083817
0.07441895,-8.033996617,-8.298905576
0.07447403,-8.034002410,-8.406194620
0.07452912,-8.034010487,-8.297753152
0.07458420,-8.034016176,-8.404341878
0.07463929,-8.034024104,-8.296623806
0.07469437,-8.034029691,-8.402524525
0.07474946,-8.034037474,-8.295516855
0.07480454,-8.034042964,-8.400741554
0.07485962,-8.034050606,-8.294431666
0.07491471,-8.034056000,-8.398992008
0.07496979,-8.034063506,-8.293367636
0.07502488,-8.034068808,-8.397274966
0.07507996,-8.034076181,-8.292324189
0.07513505,-8.034081393,-8.395589533
0.07519013,-8.034088637,-8.291300760
0.07524521,-8.034093762,-8.393934840
0.07530030,-8.034100882,-8.290296795
0.07535538,-8.034105922,-8.392310035
0.07541047,-8.034112920,-8.289311745
0.07546555,-8.034117878,-8.390714283
0.07552064,-8.034124758,-8.288345069
0.07557572,-8.034129635,-8.389146774
0.07563080,-8.034136400,-8.287396236
0.07568589,-8.034141200,-8.387606717
0.07574097,-8.034147853,-8.286464725
0.07579606,-8.034152577,-8.386093348
0.07585114,-8.034159122,-8.285550037
0.07590623,-8.034163772,-8.384605934
0.07596131,-8.034170211,-8.284651688
0.07601639,-8.034174789,-8.383143770
0.07607148,-8.034181125,-8.283769219
0.07612656,-8.034185633,-8.381706186
0.07618165,-8.034191869,-8.282902197
0.07623673,-8.034196309,-8.380292543
0.07629182,-8.034202447,-8.282050213
0.07634690,-8.034206820,-8.378902237
0.07640199,-8.034212863,-8.281212882
0.07645707,-8.034217172,-8.377534692
0.07651215,-8.034223122,-8.280389841
0.07656724,-8.034227367,-8.376189361
0.07662232,-8.034233228,-8.279580744
0.07667741,-8.034237411,-8.374865715
0.07673249,-8.034243183,-8.278785256
0.07678758,-8.034247306,-8.373563245
0.07684266,-8.034252993,-8.278003054
0.07689774,-8.034257057,-8.372281456
0.07695283,-8.034262660,-8.277233821
0.07700791,-8.034266667,-8.371019859
0.07706300,-8.034272188,-8.276477244
0.07711808,-8.034276139,-8.369777979
0.07717317,-8.034281580,-8.275733017
0.07722825,-8.034285477,-8.368555345
0.07728333,-8.034290840,-8.275000837
0.07733842,-8.034294683,-8.367351498
0.07739350,-8.034299970,-8.274280406
0.07744859,-8.034303761,-8.366165986
0.07750367,-8.034308974,-8.273571435
0.07755876,-8.034312714,-8.364998369
0.07761384,-8.034317854,-8.272873643
0.07766893,-8.034321545,-8.363848221
0.07772401,-8.034326614,-8.272186758
0.07777909,-8.034330256,-8.362715127
0.07783418,-8.034335256,-8.271510517
0.07788926,-8.034338850,-8.361598688
0.07794435,-8.034343782,-8.270844673
0.07799943,-8.034347330,-8.360498521
0.07805452,-8.034352196,-8.270188986
0.07810960,-8.034355699,-8.359414260
0.07816468,-8.034360500,-8.269543233
0.07821977,-8.034363958,-8.358345553
0.07827485,-8.034368695,-8.268907200
0.07832994,-8.034372110,-8.357292066
0.07838502,-8.034376785,-8.268280686
0.07844011,-8.034380157,-8.356253477
0.07849519,-8.034384772,-8.267663499
0.07855027,-8.034388102,-8.355229480
0.07860536,-8.034392658,-8.267055454
0.07866044,-8.034395947,-8.354219778
0.07871553,-8.034400445,-8.266456372
0.07877061,-8.034403694,-8.353224082
0.07882570,-8.034408135,-8.265866080
0.07888078,-8.034411345,-8.352242111
0.07893587,-8.034415730,-8.265284404
0.07899095,-8.034418902,-8.351273590
0.07904603,-8.034423232,-8.264711176
0.07910112,-8.034426366,-8.350318246
0.07915620,-8.034430643,-8.264146226
0.07921129,-8.034433740,-8.349375814
0.07926637,-8.034437965,-8.263589386
0.07932146,-8.034441026,-8.348446028
0.07937654,-8.034445200,-8.263040491
0.07943162,-8.034448225,-8.347528630
0.07948671,-8.034452349,-8.262499376
0.07954179,-8.034455340,-8.346623364
0.07959688,-8.034459414,-8.261965880
0.07965196,-8.034462371,-8.345729982
0.07970705,-8.034466396,-8.261439843
0.07976213,-8.034469320,-8.344848238
0.07981721,-8.034473298,-8.260921110
0.07987230,-8.034476189,-8.343977895
0.07992738,-8.034480121,-8.260409533
0.07998247,-8.034482980,-8.343118723
0.08003755,-8.034486866,-8.259904964
0.08009264,-8.034489694,-8.342270497
0.08014772,-8.034493535,-8.259407264
0.08020281,-8.034496332,-8.341433003
0.08025789,-8.034500129,-8.258916299
0.08031297,-8.034502896,-8.340606033
0.08036806,-8.034506650,-8.258431942
0.08042314,-8.034509387,-8.339789387
0.08047823,-8.034513099,-8.257954069
0.08053331,-8.034515807,-8.338982874
0.08058840,-8.034519478,-8.257482563
0.08064348,-8.034522156,-8.338186308
0.08069856,-8.034525787,-8.257017312
0.08075365,-8.034528437,-8.337399513
0.08080873,-8.034532028,-8.256558208
0.08086382,-8.034534650,-8.336622315
0.08091890,-8.034538202,-8.256105145
0.08097399,-8.034540797,-8.335854546
0.08102907,-8.034544310,-8.255658019
0.08108415,-8.034546879,-8.335096042
0.08113924,-8.034550354,-8.255216730
0.08119432,-8.034552896,-8.334346642
0.08124941,-8.034556334,-8.254781176
0.08130449,-8.034558851,-8.333606186
0.08135958,-8.034562253,-8.254351259
0.08141466,-8.034564744,-8.332874518
0.08146975,-8.034568110,-8.253926877
0.08152483,-8.034570576,-8.332151485
0.08157991,-8.034573907,-8.253507935
0.08163500,-8.034576348,-8.331436931
0.08169008,-8.034579645,-8.253094332
0.08174517,-8.034582062,-8.330730707
0.08180025,-8.034585324,-8.252685972
0.08185534,-8.034587718,-8.330032665
0.08191042,-8.034590947,-8.252282759
0.08196550,-8.034593318,-8.329342657
0.08202059,-8.034596514,-8.251884599
0.08207567,-8.034598862,-8.328660541
0.08213076,-8.034602025,-8.251491399
0.08218584,-8.034604350,-8.327986175
0.08224093,-8.034607482,-8.251103069
0.08229601,-8.034609785,-8.327319424
0.08235109,-8.034612886,-8.250719520
0.08240618,-8.034615167,-8.326660154
0.08246126,-8.034618237,-8.250340668
0.08251635,-8.034620497,-8.326008234
0.08257143,-8.034623537,-8.249966429
0.08262652,-8.034625776,-8.325363541
0.08268160,-8.034628785,-8.249596724
0.08273668,-8.034631004,-8.324725952
0.08279177,-8.034633984,-8.249231478
0.08284685,-8.034636182,-8.324095350
0.08290194,-8.034639134,-8.248870617
0.08295702,-8.034641311,-8.323471624
0.08301211,-8.034644235,-8.248514072
0.08306719,-8.034646393,-8.322854662
0.08312228,-8.034649288,-8.248161775
0.08317736,-8.034651426,-8.322244361
0.08323244,-8.034654295,-8.247813662
0.08328753,-8.034656414,-8.321640619
0.08334261,-8.034659255,-8.247469669
0.08339770,-8.034661355,-8.321043335
0.08345278,-8.034664170,-8.247129737
0.08350787,-8.034666251,-8.320452414
0.08356295,-8.034669040,-8.246793806
0.08361803,-8.034671103,-8.319867760
0.08367312,-8.034673866,-8.246461817
0.08372820,-8.034675911,-8.319289281
0.08378329,-8.034678648,-8.246133711
0.08383837,-8.034680675,-8.318716885
0.08389346,-8.034683388,-8.245809432
0.08394854,-8.034685398,-8.318150480
0.08400362,-8.034688085,-8.245488922
0.08405871,-8.034690078,-8.317589978
0.08411379,-8.034692741,-8.245172124
0.08416888,-8.034694717,-8.317035288
0.08422396,-8.034697356,-8.244858980
0.08427905,-8.034699315,-8.316486322
0.08433413,-8.034701931,-8.244549433
0.08438922,-8.034703873,-8.315942993
0.08444430,-8.034706466,-8.244243427
0.08449938,-8.034708392,-8.315405214
0.08455447,-8.034710962,-8.243940905
0.08460955,-8.034712872,-8.314872899
0.08466464,-8.034715420,-8.243641812
0.08471972,-8.034717314,-8.314345963
0.08477481,-8.034719839,-8.243346092
0.08482989,-8.034721718,-8.313824324
0.08488497,-8.034724221,-8.243053692
0.08494006,-8.034726084,-8.313307900
0.08499514,-8.034728566,-8.242764558
0.08505023,-8.034730414,-8.312796610
0.08510531,-8.034732875,-8.242478638
0.08516040,-8.034734708,-8.312290378
0.08521548,-8.034737147,-8.242195882
0.08527056,-8.034738965,-8.311789126
0.08532565,-8.034741384,-8.241916241
0.08538073,-8.034743188,-8.311292781
0.08543582,-8.034745587,-8.241639668
0.08549090,-8.034747376,-8.310801270
0.08554599,-8.034749755,-8.241366117
0.08560107,-8.034751530,-8.310314524
0.08565616,-8.034753889,-8.241095544
0.08571124,-8.034755650,-8.309832475
0.08576632,-8.034757989,-8.240827906
0.08582141,-8.034759737,-8.309355058
0.08587649,-8.034762057,-8.240563164
0.08593158,-8.034763790,-8.308882209
0.08598666,-8.034766091,-8.240301277
0.08604175,-8.034767812,-8.308413867
0.08609683,-8.034770094,-8.240042210
0.08615191,-8.034771801,-8.307949972
0.08620700,-8.034774065,-8.239785924
0.08626208,-8.034775759,-8.307490466
0.08631717,-8.034778004,-8.239532386
0.08637225,-8.034779686,-8.307035292
0.08642734,-8.034781913,-8.239281561
0.08648242,-8.034783582,-8.306584394
0.08653750,-8.034785791,-8.239033415
0.08659259,-8.034787447,-8.306137718
0.08664767,-8.034789640,-8.238787915
0.08670276,-8.034791283,-8.305695208
0.08675784,-8.034793458,-8.238545029
0.08681293,-8.034795089,-8.305256813
0.08686801,-8.034797247,-8.238304722
0.08692310,-8.034798866,-8.304822478
0.08697818,-8.034801007,-8.238066963
0.08703326,-8.034802614,-8.304392152
0.08708835,-8.034804739,-8.237831718
0.08714343,-8.034806334,-8.303965781
0.08719852,-8.034808442,-8.237598954
0.08725360,-8.034810026,-8.303543314
0.08730869,-8.034812118,-8.237368639
0.08736377,-8.034813690,-8.303124698
0.08741885,-8.034815766,-8.237140738
0.08747394,-8.034817327,-8.302709883
0.08752902,-8.034819387,-8.236915220
0.08758411,-8.034820936,-8.302298817
0.08763919,-8.034822981,-8.236692049
0.08769428,-8.034824519,-8.301891450
0.08774936,-8.034826548,-8.236471194
0.08780444,-8.034828076,-8.301487732
0.08785953,-8.034830090,-8.236252621
0.08791461,-8.034831607,-8.301087613
0.08796970,-8.034833605,-8.236036298
0.08802478,-8.034835112,-8.300691045
0.08807987,-8.034837095,-8.235822193
0.08813495,-8.034838591,-8.300297981
0.08819004,-8.034840560,-8.235610274
0.08824512,-8.034842046,-8.299908373
0.08830020,-8.034844000,-8.235400510
0.08835529,-8.034845475,-8.299522175
0.08841037,-8.034847415,-8.235192871
0.08846546,-8.034848880,-8.299139344
0.08852054,-8.034850806,-8.234987328
0.08857563,-8.034852261,-8.298759834
0.08863071,-8.034854173,-8.234783851
0.08868579,-8.034855618,-8.298383604
0.08874088,-8.034857517,-8.234582413
0.08879596,-8.034858952,-8.298010612
0.08885105,-8.034860837,-8.234382988
0.08890613,-8.034862262,-8.297640817
0.08896122,-8.034864133,-8.234185549
0.08901630,-8.034865549,-8.297274182
0.08907138,-8.034867407,-8.233990071
0.08912647,-8.034868813,-8.296910667
0.08918155,-8.034870658,-8.233796531
0.08923664,-8.034872055,-8.296550237
0.08929172,-8.034873887,-8.233604905
0.08934681,-8.034875274,-8.296192855
0.08940189,-8.034877093,-8.233415171
0.08945697,-8.034878472,-8.295838487
0.08951206,-8.034880278,-8.233227309
0.08956714,-8.034881647,-8.295487099
0.08962223,-8.034883441,-8.233041296
0.08967731,-8.034884802,-8.295138660
0.08973240,-8.034886583,-8.232857114
0.08978748,-8.034887934,-8.294793136
0.08984257,-8.034889703,-8.232674742
0.08989765,-8.034891046,-8.294450497
0.08995273,-8.034892803,-8.232494162
0.09000782,-8.034894137,-8.294110711
0.09006290,-8.034895882,-8.232315355
0.09011799,-8.034897208,-8.293773749
0.09017307,-8.034898941,-8.232138301
0.09022816,-8.034900258,-8.293439580
0.09028324,-8.034901979,-8.231962983
0.09033832,-8.034903288,-8.293108174
0.09039341,-8.034904997,-8.231789382
0.09044849,-8.034906298,-8.292779501
0.09050358,-8.034907996,-8.231617478
0.09055866,-8.034909288,-8.292453532
0.09061375,-8.034910975,-8.231447253
0.09066883,-8.034912259,-8.292130236
0.09072391,-8.034913935,-8.231278689
0.09077900,-8.034915211,-8.291809585
0.09083408,-8.034916875,-8.231111765
0.09088917,-8.034918144,-8.291491547
0.09094425,-8.034919797,-8.230946463
0.09099934,-8.034921058,-8.291176094
0.09105442,-8.034922700,-8.230782764
0.09110951,-8.034923953,-8.290863195
0.09116459,-8.034925585,-8.230620647
0.09121967,-8.034926830,-8.290552821
0.09127476,-8.034928451,-8.230460094
0.09132984,-8.034929688,-8.290244943
0.09138493,-8.034931299,-8.230301084
0.09144001,-8.034932529,-8.289939529
0.09149510,-8.034934129,-8.230143599
0.09155018,-8.034935352,-8.289636552
0.09160526,-8.034936942,-8.229987619
0.09166035,-8.034938157,-8.289335983
0.09171543,-8.034939737,-8.229833124
0.09177052,-8.034940944,-8.289037792
0.09182560,-8.034942514,-8.229680097
0.09188069,-8.034943714,-8.288741951
0.09193577,-8.034945274,-8.229528517
0.09199085,-8.034946468,-8.288448432
0.09204594,-8.034948018,-8.229378368
0.09210102,-8.034949204,-8.288157208
0.09215611,-8.034950744,-8.229229630
0.09221119,-8.034951923,-8.287868252
0.09226628,-8.034953454,-8.229082286
0.09232136,-8.034954626,-8.287581538
0.09237645,-8.034956147,-8.228936320
0.09243153,-8.034957313,-8.287297039
0.09248661,-8.034958824,-8.228791714
0.09254170,-8.034959983,-8.287014731
0.09259678,-8.034961485,-8.228648453
0.09265187,-8.034962637,-8.286734588
0.09270695,-8.034964130,-8.228506520
0.09276204,-8.034965275,-8.286456588
0.09281712,-8.034966759,-8.228365900
0.09287220,-8.034967898,-8.286180706
0.09292729,-8.034969372,-8.228226580
0.09298237,-8.034970505,-8.285906920
0.09303746,-8.034971970,-8.228088545
0.09309254,-8.034973096,-8.285635208
0.09314763,-8.034974553,-8.227951781
0.09320271,-8.034975672,-8.285365549
0.09325779,-8.034977120,-8.227816275
0.09331288,-8.034978233,-8.285097922
0.09336796,-8.034979672,-8.227682016
0.09342305,-8.034980779,-8.284832307
0.09347813,-8.034982209,-8.227548990
0.09353322,-8.034983310,-8.284568684
0.09358830,-8.034984732,-8.227417188
0.09364339,-8.034985826,-8.284307035
0.09369847,-8.034987240,-8.227286596
0.09375355,-8.034988328,-8.284047340
0.09380864,-8.034989733,-8.227157206
0.09386372,-8.034990815,-8.283789583
0.09391881,-8.034992212,-8.227029005
0.09397389,-8.034993288,-8.283533744
0.09402898,-8.034994677,-8.226901985
0.09408406,-8.034995747,-8.283279808
0.09413914,-8.034997128,-8.226776135
0.09419423,-8.034998192,-8.283027757
0.09424931,-8.034999565,-8.226651445
0.09430440,-8.035000623,-8.282777573
0.09435948,-8.035001988,-8.226527905
0.09441457,-8.035003040,-8.282529241
0.09446965,-8.035004397,-8.226405505
0.09452473,-8.035005444,-8.282282743
0.09457982,-8.035006793,-8.226284236
0.09463490,-8.035007834,-8.282038063
0.09468999,-8.035009175,-8.226164087
0.09474507,-8.035010211,-8.281795183
0.09480016,-8.035011544,-8.226045049
0.09485524,-8.035012574,-8.281554088
0.09491033,-8.035013900,-8.225927110
0.09496541,-8.035014925,-8.281314760
0.09502049,-8.035016243,-8.225810260
0.09507558,-8.035017262,-8.281077182
0.09513066,-8.035018573,-8.225694489
0.09518575,-8.035019587,-8.280841337
0.09524083,-8.035020890,-8.225579786
0.09529592,-8.035021899,-8.280607208
0.09535100,-8.035023195,-8.225466139
0.09540608,-8.035024198,-8.280374778
0.09546117,-8.035025487,-8.225353538
0.09551625,-8.035026484,-8.280144029
0.09557134,-8.035027766,-8.225241971
0.09562642,-8.035028759,-8.279914944
0.09568151,-8.035030033,-8.225131427
0.09573659,-8.035031021,-8.279687506
0.09579167,-8.035032288,-8.225021893
0.09584676,-8.035033270,-8.279461697
0.09590184,-8.035034531,-8.224913360
0.09595693,-8.035035508,-8.279237500
0.09601201,-8.035036761,-8.224805814
0.09606710,-8.035037734,-8.279014897
0.09612218,-8.035038980,-8.224699246
0.09617726,-8.035039948,-8.278793872
0.09623235,-8.035041187,-8.224593642
0.09628743,-8.035042150,-8.278574407
0.09634252,-8.035043383,-8.224488993
0.09639760,-8.035044340,-8.278356487
0.09645269,-8.035045566,-8.224385286
0.09650777,-8.035046519,-8.278140093
0.09656286,-8.035047739,-8.224282511
0.09661794,-8.035048686,-8.277925211
0.09667302,-8.035049900,-8.224180657
0.09672811,-8.035050842,-8.277711824
0.09678319,-8.035052049,-8.224079713
0.09683828,-8.035052987,-8.277499915
0.09689336,-8.035054187,-8.223979668
0.09694845,-8.035055121,-8.277289471
0.09700353,-8.035056315,-8.223880514
0.09705861,-8.035057244,-8.277080475
0.09711370,-8.035058431,-8.223782239
0.09716878,-8.035059355,-8.276872914
0.09722387,-8.035060536,-8.223684835
0.09727895,-8.035061456,-8.276666771
0.09733404,-8.035062631,-8.223588291
0.09738912,-8.035063546,-8.276462035
0.09744420,-8.035064715,-8.223492600
0.09749929,-8.035065625,-8.276258690
0.09755437,-8.035066788,-8.223397751
0.09760946,-8.035067694,-8.276056724
0.09766454,-8.035068851,-8.223303738
0.09771963,-8.035069753,-8.275856123
0.09777471,-8.035070903,-8.223210552
0.09782980,-8.035071800,-8.275656876
0.09788488,-8.035072945,-8.223118184
0.09793996,-8.035073838,-8.275458969
0.09799505,-8.035074977,-8.223026629
0.09805013,-8.035075865,-8.275262391
0.09810522,-8.035076998,-8.222935878
0.09816030,-8.035077882,-8.275067132
0.09821539,-8.035079009,-8.222845925
0.09827047,-8.035079890,-8.274873178
0.09832555,-8.035081011,-8.222756762
0.09838064,-8.035081887,-8.274680520
0.09843572,-8.035083002,-8.222668385
0.09849081,-8.035083874,-8.274489147
0.09854589,-8.035084984,-8.222580787
0.09860098,-8.035085851,-8.274299049
0.09865606,-8.035086955,-8.222493962
0.09871114,-8.035087819,-8.274110216
0.09876623,-8.035088918,-8.222407904
0.09882131,-8.035089777,-8.273922639
0.09887640,-8.035090870,-8.222322609
0.09893148,-8.035091725,-8.273736307
0.09898657,-8.035092813,-8.222238071
0.09904165,-8.035093664,-8.273551213
0.09909674,-8.035094746,-8.222154285
0.09915182,-8.035095594,-8.273367346
0.09920690,-8.035096671,-8.222071246
0.09926199,-8.035097514,-8.273184697
0.09931707,-8.035098585,-8.221988950
0.09937216,-8.035099425,-8.273003259
0.09942724,-8.035100491,-8.221907391
0.09948233,-8.035101327,-8.272823021
0.09953741,-8.035102387,-8.221826565
0.09959249,-8.035103219,-8.272643977
0.09964758,-8.035104275,-8.221746467
0.09970266,-8.035105103,-8.272466116
0.09975775,-8.035106153,-8.221667093
0.09981283,-8.035106977,-8.272289429
0.09986792,-8.035108022,-8.221588437
0.09992300,-8.035108843,-8.272113909
0.09997808,-8.035109883,-8.221510494
0.10003317,-8.035110700,-8.271939546
0.10008825,-8.035111735,-8.221433260
0.10014334,-8.035112548,-8.271766331
0.10019842,-8.035113578,-8.221356728
0.10025351,-8.035114387,-8.271594255
0.10030859,-8.035115412,-8.221280893
0.10036368,-8.035116218,-8.271423308
0.10041876,-8.035117238,-8.221205749
0.10047384,-8.035118040,-8.271253481
0.10052893,-8.035119055,-8.221131292
0.10058401,-8.035119854,-8.271084765
0.10063910,-8.035120864,-8.221057513
0.10069418,-8.035121659,-8.270917150
0.10074927,-8.035122664,-8.220984409
0.10080435,-8.035123456,-8.270750626
0.10085943,-8.035124456,-8.220911971
0.10091452,-8.035125244,-8.270585184
0.10096960,-8.035126240,-8.220840193
0.10102469,-8.035127025,-8.270420812
0.10107977,-8.035128016,-8.220769069
0.10113486,-8.035128797,-8.270257502
0.10118994,-8.035129783,-8.220698592
0.10124502,-8.035130561,-8.270095243
0.10130011,-8.035131543,-8.220628755
0.10135519,-8.035132317,-8.269934025
0.10141028,-8.035133294,-8.220559551
0.10146536,-8.035134065,-8.269773838
0.10152045,-8.035135038,-8.220490974
0.10157553,-8.035135805,-8.269614672
0.10163062,-8.035136773,-8.220423015
0.10168570,-8.035137537,-8.269456517
0.10174078,-8.035138501,-8.220355669
0.10179587,-8.035139262,-8.269299362
0.10185095,-8.035140221,-8.220288928
0.10190604,-8.035140978,-8.269143199
0.10196112,-8.035141933,-8.220222786
0.10201621,-8.035142687,-8.268988017
0.10207129,-8.035143638,-8.220157235
0.10212637,-8.035144389,-8.268833806
0.10218146,-8.035145335,-8.220092269
0.10223654,-8.035146082,-8.268680557
0.10229163,-8.035147024,-8.220027881
0.10234671,-8.035147769,-8.268528261
0.10240180,-8.035148706,-8.219964064
0.10245688,-8.035149447,-8.268376908
0.10251196,-8.035150381,-8.219900813
0.10256705,-8.035151119,-8.268226489
0.10262213,-8.035152048,-8.219838120
0.10267722,-8.035152783,-8.268076996
0.10273230,-8.035153708,-8.219775981
0.10278739,-8.035154439,-8.267928419
0.10284247,-8.035155360,-8.219714388
0.10289755,-8.035156089,-8.267780751
0.10295264,-8.035157005,-8.219653336
0.10300772,-8.035157731,-8.267633983
0.10306281,-8.035158644,-8.219592820
0.10311789,-8.035159366,-8.267488106
0.10317298,-8.035160275,-8.219532834
0.10322806,-8.035160994,-8.267343114
0.10328315,-8.035161899,-8.219473372
0.10333823,-8.035162615,-8.267198998
0.10339331,-8.035163516,-8.219414431
0.10344840,-8.035164229,-8.267055751
0.10350348,-8.035165126,-8.219356004
0.10355857,-8.035165836,-8.266913366
0.10361365,-8.035166729,-8.219298088
0.10366874,-8.035167437,-8.266771836
0.10372382,-8.035168325,-8.219240677
0.10377890,-8.035169030,-8.266631154
0.10383399,-8.035169914,-8.219183769
0.10388907,-8.035170616,-8.266491313
0.10394416,-8.035171497,-8.219127357
0.10399924,-8.035172196,-8.266352307
0.10405433,-8.035173073,-8.219071440
0.10410941,-8.035173769,-8.266214130
0.10416449,-8.035174642,-8.219016012
0.10421958,-8.035175336,-8.266076776
0.10427466,-8.035176205,-8.218961070
0.10432975,-8.035176895,-8.265940240
0.10438483,-8.035177761,-8.218906611
0.10443992,-8.035178449,-8.265804514
0.10449500,-8.035179310,-8.218852632
0.10455009,-8.035179995,-8.265669595
0.10460517,-8.035180853,-8.218799129
0.10466025,-8.035181536,-8.265535476
0.10471534,-8.035182390,-8.218746100
0.10477042,-8.035183070,-8.265402152
0.10482551,-8.035183920,-8.218693541
0.10488059,-8.035184597,-8.265269620
0.10493568,-8.035185444,-8.218641450
0.10499076,-8.035186118,-8.265137872
0.10504584,-8.035186961,-8.218589825
0.10510093,-8.035187633,-8.265006906
0.10515601,-8.035188473,-8.218538663
0.10521110,-8.035189141,-8.264876716
0.10526618,-8.035189978,-8.218487961
0.10532127,-8.035190644,-8.264747298
0.10537635,-8.035191476,-8.218437718
0.10543143,-8.035192140,-8.264618647
0.10548652,-8.035192969,-8.218387931
0.10554160,-8.035193630,-8.264490759
0.10559669,-8.035194456,-8.218338598
0.10565177,-8.035195114,-8.264363631
0.10570686,-8.035195936,-8.218289718
0.10576194,-8.035196592,-8.264237257
0.10581703,-8.035197411,-8.218241287
0.10587211,-8.035198064,-8.264111634
0.10592719,-8.035198879,-8.218193305
0.10598228,-8.035199530,-8.263986758
0.10603736,-8.035200342,-8.218145770
0.10609245,-8.035200990,-8.263862624
0.10614753,-8.035201799,-8.218098679
0.10620262,-8.035202444,-8.263739230
0.10625770,-8.035203250,-8.218052031
0.10631278,-8.035203893,-8.263616570
0.10636787,-8.035204695,-8.218005824
0.10642295,-8.035205335,-8.263494642
0.10647804,-8.035206134,-8.217960056
0.10653312,-8.035206772,-8.263373440
0.10658821,-8.035207567,-8.217914725
0.10664329,-8.035208203,-8.263252961
0.10669837,-8.035208995,-8.217869829
0.10675346,-8.035209629,-8.263133200
0.10680854,-8.035210417,-8.217825365
0.10686363,-8.035211048,-8.263014154
0.10691871,-8.035211834,-8.217781333
0.10697380,-8.035212462,-8.262895818
0.10702888,-8.035213245,-8.217737728
0.10708397,-8.035213871,-8.262778187
0.10713905,-8.035214650,-8.217694549
0.10719413,-8.035215274,-8.262661257
0.10724922,-8.035216050,-8.217651793
0.10730430,-8.035216671,-8.262545023
0.10735939,-8.035217444,-8.217609458
0.10741447,-8.035218063,-8.262429480
0.10746956,-8.035218833,-8.217567539
0.10752464,-8.035219450,-8.262314623
0.10757972,-8.035220217,-8.217526034
0.10763481,-8.035220831,-8.262200447
0.10768989,-8.035221595,-8.217484940
0.10774498,-8.035222207,-8.262086947
0.10780006,-8.035222968,-8.217444253
0.10785515,-8.035223578,-8.261974117
0.10791023,-8.035224335,-8.217403969
0.10796531,-8.035224943,-8.261861952
0.10802040,-8.035225697,-8.217364085
0.10807548,-8.035226303,-8.261750446
0.10813057,-8.035227054,-8.217324598
0.10818565,-8.035227657,-8.261639593
0.10824074,-8.035228406,-8.217285502
0.10829582,-8.035229007,-8.261529388
0.10835091,-8.035229753,-8.217246794
0.10840599,-8.035230351,-8.261419825
0.10846107,-8.035231094,-8.217208470
0.10851616,-8.035231691,-8.261310898
0.10857124,-8.035232430,-8.217170526
0.10862633,-8.035233025,-8.261202600
0.10868141,-8.035233762,-8.217132957
0.10873650,-8.035234354,-8.261094927
0.10879158,-8.035235088,-8.217095759
0.10884666,-8.035235678,-8.260987871
0.10890175,-8.035236409,-8.217058928
0.10895683,-8.035236997,-8.260881428
0.10901192,-8.035237725,-8.217022458
0.10906700,-8.035238311,-8.260775591
0.10912209,-8.035239037,-8.216986347
0.10917717,-8.035239620,-8.260670354
0.10923225,-8.035240343,-8.216950590
0.10928734,-8.035240925,-8.260565711
0.10934242,-8.035241644,-8.216915182
0.10939751,-8.035242224,-8.260461657
0.10945259,-8.035242941,-8.216880119
0.10950768,-8.035243518,-8.260358186
0.10956276,-8.035244233,-8.216845397
0.10961784,-8.035244808,-8.260255292
0.10967293,-8.035245520,-8.216811012
0.10972801,-8.035246093,-8.260152970
0.10978310,-8.035246802,-8.216776959
0.10983818,-8.035247373,-8.260051214
0.10989327,-8.035248079,-8.216743235
0.10994835,-8.035248649,-8.259950018
0.11000344,-8.035249352,-8.216709837
0.11005852,-8.035249919,-8.259849379
0.11011360,-8.035250620,-8.216676759
0.11016869,-8.035251185,-8.259749289
0.11022377,-8.035251884,-8.216643998
0.11027886,-8.035252447,-8.259649746
0.11033394,-8.035253142,-8.216611552
0.11038903,-8.035253704,-8.259550743
0.11044411,-8.035254396,-8.216579416
0.11049919,-8.035254956,-8.259452276
0.11055428,-8.035255646,-8.216547586
0.11060936,-8.035256203,-8.259354340
0.11066445,-8.035256891,-8.216516061
0.11071953,-8.035257447,-8.259256931
0.11077462,-8.035258132,-8.216484836
0.11082970,-8.035258685,-8.259160044
0.11088478,-8.035259368,-8.216453910
0.11093987,-8.035259919,-8.259063676
0.11099495,-8.035260599,-8.216423277
0.11105004,-8.035261149,-8.258967822
0.11110512,-8.035261826,-8.216392938
0.11116021,-8.035262374,-8.258872478
0.11121529,-8.035263049,-8.216362887
0.11127038,-8.035263595,-8.258777641
0.11132546,-8.035264268,-8.216333124
0.11138054,-8.035264812,-8.258683306
0.11143563,-8.035265482,-8.216303645
0.11149071,-8.035266024,-8.258589471
0.11154580,-8.035266691,-8.216274448
0.11160088,-8.035267231,-8.258496131
0.11165597,-8.035267897,-8.216245532
0.11171105,-8.035268435,-8.258403283
0.11176613,-8.035269098,-8.216216894
0.11182122,-8.035269634,-8.258310925
0.11187630,-8.035270294,-8.216188532
0.11193139,-8.035270829,-8.258219052
0.11198647,-8.035271487,-8.216160444
0.11204156,-8.035272020,-8.258127663
0.11209664,-8.035272675,-8.216132628
0.11215172,-8.035273206,-8.258036754
0.11220681,-8.035273859,-8.216105084
0.11226189,-8.035274389,-8.257946322
0.11231698,-8.035275039,-8.216077809
0.11237206,-8.035275567,-8.257856365
0.11242715,-8.035276215,-8.216050802
0.11248223,-8.035276741,-8.257766880
0.11253732,-8.035277387,-8.216024062
0.11259240,-8.035277911,-8.257677864
0.11264748,-8.035278555,-8.215997586
0.11270257,-8.035279077,-8.257589315
0.11275765,-8.035279718,-8.215971375
0.11281274,-8.035280239,-8.257501231
0.11286782,-8.035280878,-8.215945426
0.11292291,-8.035281397,-8.257413610
0.11297799,-8.035282033,-8.215919739
0.11303307,-8.035282551,-8.257326449
0.11308816,-8.035283185,-8.215894312
0.11314324,-8.035283700,-8.257239745
0.11319833,-8.035284333,-8.215869145
0.11325341,-8.035284846,-8.257153498
0.11330850,-8.035285476,-8.215844237
0.11336358,-8.035285988,-8.257067705
0.11341866,-8.035286616,-8.215819587
0.11347375,-8.035287126,-8.256982363
0.11352883,-8.035287752,-8.215795194
0.11358392,-8.035288260,-8.256897471
0.11363900,-8.035288883,-8.215771057
0.11369409,-8.035289390,-8.256813028
0.11374917,-8.035290011,-8.215747175
0.11380426,-8.035290517,-8.256729031
0.11385934,-8.035291136,-8.215723548
0.11391442,-8.035291639,-8.256645478
0.11396951,-8.035292256,-8.215700176
0.11402459,-8.035292758,-8.256562367
0.11407968,-8.035293373,-8.215677057
0.11413476,-8.035293873,-8.256479698
0.11418985,-8.035294485,-8.215654190
0.11424493,-8.035294984,-8.256397468
0.11430001,-8.035295594,-8.215631576
0.11435510,-8.035296091,-8.256315675
0.11441018,-8.035296700,-8.215609213
0.11446527,-8.035297195,-8.256234318
0.11452035,-8.035297801,-8.215587102
0.11457544,-8.035298295,-8.256153395
0.11463052,-8.035298899,-8.215565241
0.11468560,-8.035299391,-8.256072905
0.11474069,-8.035299993,-8.215543630
0.11479577,-8.035300484,-8.255992845
0.11485086,-8.035301084,-8.215522268
0.11490594,-8.035301573,-8.255913215
0.11496103,-8.035302171,-8.215501155
0.11501611,-8.035302658,-8.255834013
0.11507120,-8.035303254,-8.215480291
0.11512628,-8.035303740,-8.255755236
0.11518136,-8.035304334,-8.215459674
0.11523645,-8.035304818,-8.255676883
0.11529153,-8.035305410,-8.215439304
0.11534662,-8.035305893,-8.255598954
0.11540170,-8.035306482,-8.215419181
0.11545679,-8.035306964,-8.255521445
0.11551187,-8.035307551,-8.215399304
0.11556695,-8.035308031,-8.255444355
0.11562204,-8.035308617,-8.215379672
0.11567712,-8.035309095,-8.255367683
0.11573221,-8.035309679,-8.215360285
0.11578729,-8.035310156,-8.255291427
0.11584238,-8.035310737,-8.215341141
0.11589746,-8.035311213,-8.255215585
0.11595254,-8.035311792,-8.215322241
0.11600763,-8.035312266,-8.255140155
0.11606271,-8.035312844,-8.215303582
0.11611780,-8.035313316,-8.255065135
0.11617288,-8.035313892,-8.215285166
0.11622797,-8.035314363,-8.254990524
0.11628305,-8.035314937,-8.215266989
0.11633813,-8.035315406,-8.254916319
0.11639322,-8.035315978,-8.215249053
0.11644830,-8.035316446,-8.254842519
0.11650339,-8.035317016,-8.215231354
0.11655847,-8.035317483,-8.254769121
0.11661356,-8.035318051,-8.215213893
0.11666864,-8.035318516,-8.254696123
0.11672373,-8.035319082,-8.215196669
0.11677881,-8.035319546,-8.254623523
0.11683389,-8.035320110,-8.215179679
0.11688898,-8.035320572,-8.254551318
0.11694406,-8.035321135,-8.215162922
0.11699915,-8.035321596,-8.254479507
0.11705423,-8.035322156,-8.215146398
0.11710932,-8.035322616,-8.254408086
0.11716440,-8.035323175,-8.215130105
0.11721948,-8.035323633,-8.254337054
0.11727457,-8.035324189,-8.215114040
0.11732965,-8.035324646,-8.254266407
0.11738474,-8.035325201,-8.215098203
0.11743982,-8.035325656,-8.254196143
0.11749491,-8.035326210,-8.215082590
0.11754999,-8.035326663,-8.254126258
0.11760507,-8.035327215,-8.215067202
0.11766016,-8.035327667,-8.254056751
0.11771524,-8.035328217,-8.215052035
0.11777033,-8.035328668,-8.253987618
0.11782541,-8.035329216,-8.215037087
0.11788050,-8.035329666,-8.253918855
0.11793558,-8.035330212,-8.215022356
0.11799067,-8.035330660,-8.253850459
0.11804575,-8.035331204,-8.215007839
0.11810083,-8.035331651,-8.253782428
0.11815592,-8.035332194,-8.214993535
0.11821100,-8.035332639,-8.253714756
0.11826609,-8.035333180,-8.214979439
0.11832117,-8.035333625,-8.253647442
0.11837626,-8.035334164,-8.214965550
0.11843134,-8.035334607,-8.253580480
0.11848642,-8.035335144,-8.214951865
0.11854151,-8.035335586,-8.253513866
0.11859659,-8.035336121,-8.214938379
0.11865168,-8.035336561,-8.253447598
0.11870676,-8.035337095,-8.214925091
0.11876185,-8.035337534,-8.253381669
0.11881693,-8.035338066,-8.214911996
0.11887201,-8.035338504,-8.253316076
0.11892710,-8.035339035,-8.214899090
0.11898218,-8.035339471,-8.253250814
0.11903727,-8.035340000,-8.214886370
0.11909235,-8.035340435,-8.253185879
0.11914744,-8.035340962,-8.214873832
0.11920252,-8.035341396,-8.253121264
0.11925761,-8.035341921,-8.214861470
0.11931269,-8.035342354,-8.253056964
0.11936777,-8.035342877,-8.214849282
0.11942286,-8.035343309,-8.252992975
0.11947794,-8.035343831,-8.214837261
0.11953303,-8.035344261,-8.252929290
0.11958811,-8.035344781,-8.214825403
0.11964320,-8.035345210,-8.252865903
0.11969828,-8.035345729,-8.214813703
0.11975336,-8.035346156,-8.252802807
0.11980845,-8.035346673,-8.214802154
0.11986353,-8.035347100,-8.252739997
0.11991862,-8.035347615,-8.214790751
0.11997370,-8.035348040,-8.252677465
0.12002879,-8.035348554,-8.214779488
0.12008387,-8.035348978,-8.252615203
0.12013895,-8.035349490,-8.214768357
0.12019404,-8.035349913,-8.252553204
0.12024912,-8.035350423,-8.214757352
0.12030421,-8.035350845,-8.252491460
0.12035929,-8.035351354,-8.214746464
0.12041438,-8.035351774,-8.252429962
0.12046946,-8.035352281,-8.214735687
0.12052455,-8.035352700,-8.252368700
0.12057963,-8.035353206,-8.214725011
0.12063471,-8.035353624,-8.252307666
0.12068980,-8.035354128,-8.214714426
0.12074488,-8.035354545,-8.252246848
0.12079997,-8.035355048,-8.214703924
0.12085505,-8.035355463,-8.252186236
0.12091014,-8.035355964,-8.214693493
0.12096522,-8.035356378,-8.252125818
0.12102030,-8.035356878,-8.214683122
0.12107539,-8.035357291,-8.252065580
0.12113047,-8.035357789,-8.214672798
0.12118556,-8.035358201,-8.252005508
0.12124064,-8.035358697,-8.214662506
0.12129573,-8.035359108,-8.251945586
0.12135081,-8.035359603,-8.214652230
0.12140589,-8.035360012,-8.251885795
0.12146098,-8.035360506,-8.214641950
0.12151606,-8.035360914,-8.251826111
0.12157115,-8.035361406,-8.214631638
0.12162623,-8.035361813,-8.251766502
0.12168132,-8.035362304,-8.214621252
0.12173640,-8.035362710,-8.251706906
0.12179149,-8.035363199,-8.214610706
0.12184657,-8.035363603,-8.251647193
0.12190165,-8.035364091,-8.214599805
0.12195674,-8.035364495,-8.251587072
0.12201182,-8.035364981,-8.214588109
0.12206691,-8.035365383,-8.251525915
0.12212199,-8.035365868,-8.214574681
0.12217708,-8.035366269,-8.251462436
0.12223216,-8.035366752,-8.214557690
0.12228724,-8.035367152,-8.251394211
0.12234233,-8.035367634,-8.214533916
0.12239741,-8.035368033,-8.251316942
0.12245250,-8.035368513,-8.214497952
0.12250758,-8.035368911,-8.251223518
0.12256267,-8.035369389,-8.214441213
0.12261775,-8.035369785,-8.251103118
0.12267283,-8.035370262,-8.214350363
0.12272792,-8.035370657,-8.250939420
0.12278300,-8.035371132,-8.214205439
0.12283809,-8.035371526,-8.250708681
0.12289317,-8.035371999,-8.213978592
0.12294826,-8.035372390,-8.250378804
0.12300334,-8.035372861,-8.213634048
0.12305842,-8.035373250,-8.249907168
0.12311351,-8.035373718,-8.213124945
0.12316859,-8.035374105,-8.249238391
0.12322368,-8.035374570,-8.212390986
0.12327876,-8.035374953,-8.248304574
0.12333385,-8.035375414,-8.211359616
0.12338893,-8.035375793,-8.247028533
0.12344402,-8.035376249,-8.209950339
0.12349910,-8.035376623,-8.245318742
0.12355418,-8.035377073,-8.208064503
0.12360927,-8.035377441,-8.243065105
0.12366435,-8.035377883,-8.205582741
0.12371944,-8.035378243,-8.240143526
0.12377452,-8.035378676,-8.202373799
0.12382961,-8.035379026,-8.236427007
0.12388469,-8.035379448,-8.198308413
0.12393977,-8.035379787,-8.231797925
0.12399486,-8.035380196,-8.193270476
0.12404994,-8.035380521,-8.226119866
0.12410503,-8.035380914,-8.187108918
0.12416011,-8.035381222,-8.219226170
0.12421520,-8.035381597,-8.179642541
0.12427028,-8.035381885,-8.210942286
0.12432536,-8.035382238,-8.170694358
0.12438045,-8.035382503,-8.201116573
0.12443553,-8.035382831,-8.160123925
0.12449062,-8.035383070,-8.189642574
0.12454570,-8.035383369,-8.147845527
0.12460079,-8.035383577,-8.176467971
0.12465587,-8.035383844,-8.133694210
0.12471096,-8.035384018,-8.161376820
0.12476604,-8.035384248,-8.117423989
0.12482112,-8.035384382,-8.144084769
0.12487621,-8.035384570,-8.098809496
0.12493129,-8.035384659,-8.124370380
0.12498638,-8.035384800,-8.077727422
0.12504146,-8.035384840,-8.102143570
0.12509655,-8.035384928,-8.054180504
0.12515163,-8.035384914,-8.077450578
0.12520671,-8.035384945,-8.028284300
0.12526180,-8.035384871,-8.050447449
0.12531688,-8.035384840,-8.000236865
0.12537197,-8.035384701,-8.020856486
0.12542705,-8.035384602,-7.969497513
0.12548214,-8.035384391,-7.988197161
0.12553722,-8.035384215,-7.935523709
0.12559230,-8.035383925,-7.952193682
0.12564739,-8.035383665,-7.898128691
0.12570247,-8.035383288,-7.912897484
0.12575756,-8.035382939,-7.857490180
0.12581264,-8.035382468,-7.870632046
0.12586773,-8.035382023,-7.814047424
0.12592281,-8.035381454,-7.825898581
0.12597790,-8.035380907,-7.768366559
0.12603298,-8.035380234,-7.779268894
0.12608806,-8.035379582,-7.721042406
0.12614315,-8.035378803,-7.731308602
0.12619823,-8.035378039,-7.672600374
0.12625332,-8.035377144,-7.680692958
0.12630840,-8.035376257,-7.620735220
0.12636349,-8.035375234,-7.626081502
0.12641857,-8.035374214,-7.564365377
0.12647365,-8.035373051,-7.567288150
0.12652874,-8.035371887,-7.503796771
0.12658382,-8.035370575,-7.505010276
0.12663891,-8.035369259,-7.440065093
0.12669399,-8.035367790,-7.440341531
0.12674908,-8.035366315,-7.374419099
0.12680416,-8.035364683,-7.374434657
0.12685924,-8.035363044,-7.308041832
0.12691433,-8.035361245,-7.308370972
0.12696941,-8.035359439,-7.241973445
0.12702450,-8.035357471,-7.243022201
0.12707958,-8.035355495,-7.177014313
0.12713467,-8.035353356,-7.179030567
0.12718975,-8.035351194,-7.113679939
0.12724484,-8.035348857,-7.110138054
0.12729992,-8.035346482,-7.042106418
0.12735500,-8.035343920,-7.033402527
0.12741009,-8.035341309,-6.962062111
0.12746517,-8.035338499,-6.950564132
0.12752026,-8.035335635,-6.876835704
0.12757534,-8.035332561,-6.864734541
0.12763043,-8.035329431,-6.789937414
0.12768551,-8.035326082,-6.778765953
0.12774059,-8.035322677,-6.704105429
0.12779568,-8.035319048,-6.694790166
0.12785076,-8.035315362,-6.621203871
0.12790585,-8.035311447,-6.614226619
0.12796093,-8.035307475,-6.542379885
0.12801602,-8.035303270,-6.537925494
0.12807110,-8.035299009,-6.468255013
0.12812618,-8.035294511,-6.466483558
0.12818127,-8.035289956,-6.399234132
0.12823635,-8.035285160,-6.400014255
0.12829144,-8.035280307,-6.335263131
0.12834652,-8.035275134,-6.338083088
0.12840161,-8.035269863,-6.251175979
0.12845669,-8.035264227,-6.242718048
0.12851178,-8.035258454,-6.147106573
0.12856686,-8.035252297,-6.130485490
0.12862194,-8.035245975,-6.035866963
0.12867703,-8.035239259,-6.015831960
0.12873211,-8.035232359,-5.926818486
0.12878720,-8.035225061,-5.906669576
0.12884228,-8.035217562,-5.824959616
0.12889737,-8.035209660,-5.806554623
0.12895245,-8.035201544,-5.732416739
0.12900753,-8.035193018,-5.716641720
0.12906262,-8.035184263,-5.649701807
0.12911770,-8.035175090,-5.636861779
0.12917279,-8.035165672,-5.576492293
0.12922787,-8.035155823,-5.566565607
0.12928296,-8.035145712,-5.512068601
0.12933804,-8.035135153,-5.504854973
0.12939312,-8.035124312,-5.455532891
0.12944821,-8.035113005,-5.450709592
0.12950329,-8.035101389,-5.406406241
0.12955838,-8.035088814,-5.402868412
0.12961346,-8.035075628,-5.260799709
0.12966855,-8.035061393,-5.206127635
0.12972363,-8.035046385,-5.069966099
0.12977871,-8.035030312,-5.003867545
0.12983380,-8.035013362,-4.892010133
0.12988888,-8.034995321,-4.830811030
0.12994397,-8.034976313,-4.742304073
0.12999905,-8.034956160,-4.690659290
0.13005414,-8.034934941,-4.621108947
0.13010922,-8.034912489,-4.579321693
0.13016431,-8.034888853,-4.524502788
0.13021939,-8.034863863,-4.491453869
0.13027447,-8.034837540,-4.447970303
0.13032956,-8.034809704,-4.422194667
0.13038464,-8.034780348,-4.387423074
0.13043973,-8.034749273,-4.367460382
0.13049481,-8.034716441,-4.339295580
0.13054990,-8.034681612,-4.323546482
0.13060498,-8.034639676,-4.298786008
0.13066006,-8.034592005,-3.788973232
0.13071515,-8.034537951,-3.513834209
0.13077023,-8.034476966,-3.263479751
0.13082532,-8.034409011,-3.056259694
0.13088040,-8.034332600,-2.934793830
0.13093549,-8.034247547,-2.794546999
0.13099057,-8.034151629,-2.736956741
0.13104565,-8.034044145,-2.642883929
0.13110074,-8.033922138,-2.618635061
0.13115582,-8.033783766,-2.563423834
0.13121091,-8.033624401,-2.556054184
0.13126599,-8.033440287,-2.513181082
0.13132108,-8.033100922,-2.508912922
0.13137616,-8.032569221,0.315632408
0.13143125,-8.031799285,1.733797886
0.13148633,-8.030527314,1.736259764
0.13154141,-8.028211669,2.094631397
0.13159650,-8.022327345,1.925192279
0.13165158,-7.982368425,2.143344802
0.13170667,12.136605342,22.129833434
0.13176175,32.195916348,42.261966339
0.13181684,42.264803654,42.267640968
0.13187192,42.270845470,42.274049972
0.13192700,42.276125264,42.278200556
0.13198209,42.281028237,42.283855917
0.13203717,42.285376935,42.286897953
0.13209226,42.289441613,42.291985273
0.13214734,42.293090966,42.294196659
0.13220243,42.296524633,42.298852608
0.13225751,42.299639047,42.300425486
0.13231259,42.302588092,42.304750698
0.13236768,42.305286144,42.305821589
0.13242276,42.307856120,42.309890651
0.13247785,42.310224748,42.310558845
0.13253293,42.312493202,42.314427559
0.13258802,42.314597166,42.314766772
0.13264310,42.316622049,42.318477326
0.13269819,42.318510320,42.318543314
0.13275327,42.320335630,42.322127947
0.13280835,42.322045772,42.321963596
0.13286344,42.323705402,42.325447207
0.13291852,42.325266617,42.325086027
0.13297361,42.326787033,42.328488040
0.13302869,42.256581974,42.184675910
0.13308378,42.153179655,42.121683401
0.13313886,42.143859829,42.166036256
0.13319394,42.169858321,42.173680385
0.13324903,42.185680463,42.197680540
0.13330411,42.203046572,42.208412604
0.13335920,42.216044790,42.223676975
0.13341428,42.228447539,42.233218103
0.13346937,42.238433452,42.243648800
0.13352445,42.247685259,42.251721717
0.13357953,42.255424575,42.259127432
0.13363462,42.262552680,42.265977928
0.13368970,42.268664489,42.271351049
0.13374479,42.274303333,42.277255617
0.13379987,42.279226124,42.281196631
0.13385496,42.283789047,42.286381463
0.13391004,42.287829292,42.289277122
0.13396513,42.291595694,42.293914267
0.13402021,42.294969523,42.296024780
0.13407529,42.298133655,42.300242530
0.13413038,42.300995696,42.301748861
0.13418546,42.303695771,42.305642680
0.13424055,42.306158385,42.306674090
0.13429563,42.308494731,42.310315373
0.13435072,42.310640838,42.310966304
0.13440580,42.312687593,42.314408882
0.13446088,42.314579298,42.314749713
0.13451597,42.316392137,42.318034561
0.13457105,42.318076617,42.318118673
0.13462614,42.319697979,42.321277286
0.13468122,42.321211553,42.321145821
0.13473631,42.322674234,42.324202648
0.13479139,42.324045216,42.323887784
0.13484647,42.325374885,42.326861986
0.13490156,42.326625611,42.326389236
0.13495664,42.327842601,42.329295967
0.13501173,42.328990889,42.328685812
0.13506681,42.330111485,42.331537159
0.13512190,42.331171699,42.330806239
0.13517698,42.332209081,42.333611922
0.13523207,42.264516566,42.195421212
0.13528715,42.164875564,42.134329917
0.13534223,42.155228278,42.176126639
0.13539732,42.179525362,42.182924084
0.13545240,42.194203811,42.205483537
0.13550749,42.210443368,42.215403199
0.13556257,42.222587299,42.229771398
0.13561766,42.234211688,42.238651977
0.13567274,42.243573180,42.248494384
0.13572782,42.252259192,42.256024000
0.13578291,42.259526009,42.263028018
0.13583799,42.266220526,42.269413034
0.13589308,42.271958015,42.274502995
0.13594816,42.277247199,42.279991404
0.13600325,42.281859588,42.283727772
0.13605833,42.286127406,42.288527041
0.13611341,42.289899665,42.291272290
0.13616850,42.293407420,42.295542550
0.13622358,42.296542168,42.297541786
0.13627867,42.299472811,42.301403835
0.13633375,42.302116118,42.302828402
0.13638884,42.304600704,42.306373007
0.13644392,42.306859449,42.307345891
0.13649900,42.308993702,42.310641513
0.13655409,42.310947236,42.311252960
0.13660917,42.312802278,42.314351596
0.13666426,42.314510347,42.314669099
0.13671934,42.316139840,42.317610581
0.13677443,42.317648028,42.317685476
0.13682951,42.319093034,42.320500592
0.13688460,42.320436558,42.320372524
0.13693968,42.321728907,42.323085289
0.13699476,42.322935296,42.322785303
0.13704985,42.324099960,42.325414617
0.13710493,42.325190978,42.324967338
0.13716002,42.326247770,42.327528201
0.13721510,42.327240797,42.326953393
0.13727019,42.328205602,42.329457810
0.13732527,42.329114662,42.328771515
0.13738035,42.330000340,42.331229165
0.13743544,42.330836851,42.330444537
0.13749052,42.331653911,42.332863284
0.13754561,42.332427250,42.331991216
0.13760069,42.333184353,42.334377490
0.13765578,42.333902288,42.333427085
0.13771086,42.334606631,42.335786176
0.13776594,42.335275643,42.334765109
0.13782103,42.269565214,42.204365321
0.13787611,42.174076385,42.143787450
0.13793120,42.164140183,42.184492916
0.13798628,42.186843771,42.189194626
0.13804137,42.200584591,42.211974556
0.13809645,42.215764223,42.219553891
0.13815154,42.227205729,42.234857567
0.13820662,42.238092191,42.241326815
0.13826170,42.246941844,42.252556872
0.13831679,42.255089252,42.257621632
0.13837187,42.261972413,42.266323193
0.13842696,42.268254586,42.270185978
0.13848204,42.273692297,42.277198615
0.13853713,42.278650773,42.280102930
0.13859221,42.283018322,42.285933714
0.13864729,42.287009359,42.288085004
0.13870238,42.290573179,42.293061354
0.13875746,42.293840632,42.294619910
0.13881255,42.296791494,42.298963077
0.13886763,42.299507180,42.300051283
0.13892272,42.301983556,42.303915828
0.13897780,42.304271331,42.304626833
0.13903288,42.306375190,42.308123546
0.13908797,42.308326052,42.308528558
0.13914305,42.310133550,42.311738542
0.13919814,42.311815477,42.311892411
0.13925322,42.313384255,42.314876098
0.13930831,42.314848780,42.314821462
0.13936339,42.316223021,42.317624580
0.13941848,42.317509740,42.317394900
0.13947356,42.318723714,42.320052527
0.13952864,42.319863427,42.319674327
0.13958373,42.320944014,42.322213701
0.13963881,42.321960953,42.321708205
0.13969390,42.322929458,42.324150711
0.13974898,42.323842890,42.323535069
0.13980407,42.324716369,42.325897668
0.13985915,42.325541765,42.325185862
0.13991423,42.326333996,42.327482130
0.13996932,42.327083897,42.326685664
0.14002440,42.327806113,42.328926561
0.14007949,42.328490770,42.328054978
0.14013457,42.329152200,42.330249423
0.14018966,42.329780064,42.329310705
0.14024474,42.330388355,42.331466005
0.14029982,42.330966444,42.330466882
0.14035491,42.331527975,42.332589068
0.14040999,42.332062163,42.331535257
0.14046508,42.332582296,42.333629335
0.14052016,42.333077529,42.332525724
0.14057525,42.333560798,42.334595873
0.14063033,42.334021273,42.333446673
0.14068542,42.334471537,42.335496401
0.14074050,42.334900832,42.334305264
0.14079558,42.335321396,42.336337529
0.14085067,42.335722583,42.335107638
0.14090575,42.336116293,42.337124947
0.14096084,42.272931581,42.208738216
0.14101592,42.179950035,42.151161853
0.14107101,42.169952924,42.188743994
0.14112609,42.191489868,42.194235743
0.14118117,42.204316876,42.214398010
0.14123626,42.218708941,42.223019873
0.14129134,42.229446159,42.235872446
0.14134643,42.239783686,42.243694926
0.14140151,42.248110675,42.252526423
0.14145660,42.255860256,42.259194089
0.14151168,42.262346060,42.265498031
0.14156676,42.268327242,42.271156454
0.14162185,42.273451445,42.275746435
0.14167693,42.278171673,42.280596912
0.14173202,42.282281870,42.283966827
0.14178710,42.286075811,42.288184796
0.14184219,42.289420319,42.290655842
0.14189727,42.292518061,42.294380280
0.14195236,42.295275830,42.296171379
0.14200744,42.297840352,42.299509325
0.14206252,42.300142103,42.300774881
0.14211761,42.302291548,42.303808215
0.14217269,42.304234133,42.304660051
0.14222778,42.306055782,42.307451513
0.14228286,42.307711945,42.307972377
0.14233795,42.309271339,42.310570300
0.14239303,42.310696424,42.310822548
0.14244811,42.312043488,42.313264428
0.14250320,42.313280113,42.313295798
0.14255828,42.314453373,42.315610949
0.14261337,42.315534727,42.315458504
0.14266845,42.316564265,42.317670026
0.14272354,42.317516468,42.317362910
0.14277862,42.318426028,42.319489147
0.14283370,42.319269845,42.319050543
0.14288879,42.320078358,42.321106173
0.14294387,42.320830446,42.320554719
0.14299896,42.321553149,42.322551578
0.14305404,42.322226992,42.321902407
0.14310913,42.322876253,42.323850100
0.14316421,42.323482857,42.323115614
0.14321929,42.324068802,42.325021990
0.14327438,42.324617215,42.324212441
0.14332946,42.325148198,42.326083955
0.14338455,42.325645921,42.325207887
0.14343963,42.326128882,42.327049877
0.14349472,42.326582171,42.326114465
0.14354980,42.327022919,42.327931372
0.14360489,42.327437029,42.326942686
0.14365997,42.327840454,42.328738223
0.14371505,42.328219827,42.327701432
0.14377014,42.328590075,42.329478717
0.14382522,42.328938486,42.328398255
0.14388031,42.329279088,42.330159921
0.14393539,42.329599766,42.329039611
0.14399048,42.329913750,42.330787890
0.14404556,42.330209470,42.329631049
0.14410064,42.330499445,42.331367841
0.14415573,42.330772603,42.330177366
0.14421081,42.331040828,42.331904291
0.14426590,42.331293506,42.330682722
0.14432098,42.331541946,42.332401171
0.14437607,42.331775959,42.331150748
0.14443115,42.332006331,42.332861915
0.14448623,42.332223269,42.331584624
0.14454132,42.332437081,42.333289539
0.14459640,42.332638343,42.331987147
0.14465149,42.332836923,42.333686699
0.14470657,42.333023743,42.332360787
0.14476166,42.333208267,42.334055747
0.14481674,42.272064485,42.210073224
0.14487183,42.182090224,42.154107224
0.14492691,42.172017014,42.189926804
0.14498199,42.192405012,42.194883221
0.14503708,42.204466732,42.214050243
0.14509216,42.218084716,42.222119189
0.14514725,42.228232462,42.234345734
0.14520233,42.238028175,42.241710616
0.14525742,42.245919911,42.250129205
0.14531250,42.253275727,42.256422249
0.14536758,42.259434151,42.262446053
0.14542267,42.265117794,42.267789534
0.14547775,42.269987565,42.272185596
0.14553284,42.274473666,42.276761736
0.14558792,42.278378574,42.279995413
0.14564301,42.281980708,42.283966003
0.14569809,42.285153218,42.286340433
0.14575317,42.288087775,42.289835117
0.14580826,42.290696332,42.291557547
0.14586334,42.293117317,42.294677087
0.14591843,42.295285669,42.295894251
0.14597351,42.297305299,42.298716347
0.14602860,42.299125650,42.299534953
0.14608368,42.300827262,42.302119571
0.14613877,42.302369241,42.302618912
0.14619385,42.303815731,42.305012551
0.14624893,42.305132586,42.305252621
0.14630402,42.306372095,42.307491569
0.14635910,42.307505019,42.307518469
0.14641419,42.308574859,42.309631250
0.14646927,42.309556071,42.309480893
0.14652436,42.310485494,42.311490095
0.14657944,42.311340449,42.311190803
0.14663452,42.312152624,42.313114444
0.14668961,42.312901624,42.312688805
0.14674469,42.313615083,42.314541361
0.14679978,42.314274466,42.314007571
0.14685486,42.314904163,42.315800755
0.14690995,42.315487184,42.315173612
0.14696503,42.316045288,42.316916963
0.14702011,42.316562787,42.316208611
0.14707520,42.317059277,42.317909944
0.14713028,42.317520186,42.317130428
0.14718537,42.317963307,42.318796187
0.14724045,42.318375034,42.317953881
0.14729554,42.318771645,42.319589409
0.14735062,42.319140377,42.318691344
0.14740571,42.319496219,42.320301094
0.14746079,42.319827155,42.319353216
0.14751587,42.320147067,42.320940918
0.14757096,42.320444602,42.319948287
0.14762604,42.320732683,42.321517079
0.14768113,42.321000553,42.320484027
0.14773621,42.321260296,42.322036565
0.14779130,42.321501694,42.320966823
0.14784638,42.321736091,42.322505358
0.14790146,42.321953758,42.321402158
0.14795655,42.322165385,42.322928612
0.14801163,42.322361690,42.321794768
0.14806672,42.322552774,42.323310781
0.14812180,42.322729769,42.322148756
0.14817689,42.322902247,42.323655737
0.14823197,42.323061718,42.322467698
0.14828705,42.323217279,42.323966860
0.14834214,42.323360789,42.322754719
0.14839722,42.323500914,42.324247109
0.14845231,42.323629837,42.323012565
0.14850739,42.323755827,42.324499089
0.14856248,42.323871373,42.323243656
0.14861756,42.323984378,42.324725101
0.14867264,42.324087616,42.323450131
0.14872773,42.324188656,42.324927181
0.14878281,42.324280537,42.323633892
0.14883790,42.324370517,42.325107142
0.14889298,42.324451887,42.323796632
0.14894807,42.324531617,42.325266602
0.14900315,42.324603232,42.323939862
0.14905824,42.324673434,42.325407007
0.14911332,42.324735973,42.324064938
0.14916840,42.324797298,42.325529657
0.14922349,42.324851369,42.324173081
0.14927857,42.324904401,42.325635721
0.14933366,42.324950555,42.324265388
0.14938874,42.324995822,42.325726256
0.14944383,42.325034555,42.324342854
0.14949891,42.325072536,42.325802218
0.14955399,42.325104299,42.324406380
0.14960908,42.325135427,42.325864475
0.14966416,42.325160629,42.324456783
0.14971925,42.265016651,42.205576521
0.14977433,42.177560946,42.149545371
0.14982942,42.167379416,42.185213462
0.14988450,42.186924649,42.188635836
0.14993958,42.198527767,42.208419698
0.14999467,42.211576615,42.214733532
0.15004975,42.221369398,42.228005264
0.15010484,42.230761057,42.233516851
0.15015992,42.238387938,42.243259024
0.15021501,42.245444444,42.247629863
0.15027009,42.251401261,42.255172659
0.15032518,42.256853880,42.258535100
0.15038026,42.261564781,42.264594462
0.15043534,42.265865129,42.267135795
0.15049043,42.269639744,42.272143694
0.15054551,42.273086548,42.274029401
0.15060060,42.276147835,42.278266268
0.15065568,42.278947781,42.279629294
0.15071077,42.281457863,42.283286431
0.15076585,42.283758553,42.284230676
0.15082093,42.285836991,42.287443305
0.15087602,42.287746382,42.288049458
0.15093110,42.289482611,42.290915764
0.15098619,42.291081186,42.291246609
0.15104127,42.292543013,42.293839417
0.15109636,42.293891745,42.293944072
0.15115144,42.295131215,42.296318357
0.15120652,42.296276941,42.296235524
0.15126161,42.297334465,42.298433406
0.15131669,42.298313610,42.298193813
0.15137178,42.299220899,42.300247986
0.15142686,42.300062106,42.299876227
0.15148195,42.300844292,42.301812358
0.15153703,42.301570314,42.301328271
0.15159212,42.302247496,42.303166721
0.15164720,42.302876576,42.302586432
0.15170228,42.303464967,42.304343501
0.15175737,42.304011860,42.303680218
0.15181245,42.304524643,42.305369068
0.15186754,42.305001377,42.304633685
0.15192262,42.305449356,42.306265026
0.15197771,42.305865809,42.305466592
0.15203279,42.306257897,42.307049202
0.15208787,42.306622242,42.306195283
0.15214296,42.306965843,42.307736403
0.15219804,42.307284885,42.306833366
0.15225313,42.307586187,42.308339008
0.15230821,42.307865626,42.307392244
0.15236330,42.308129835,42.308867427
0.15241838,42.308374476,42.307881525
0.15247346,42.308605994,42.309330463
0.15252855,42.308819908,42.308309353
0.15258363,42.309022477,42.309735601
0.15263872,42.309209134,42.308682667
0.15269380,42.309385951,42.310089236
0.15274889,42.309548321,42.309007406
0.15280397,42.309702133,42.310396861
0.15285906,42.309842771,42.309288682
0.15291414,42.309975948,42.310663214
0.15296922,42.310097062,42.309530911
0.15302431,42.310211656,42.310892401
0.15307939,42.310315164,42.309737926
0.15313448,42.310412960,42.311087993
0.15318956,42.310500531,42.309913069
0.15324465,42.310583091,42.311253112
0.15329973,42.310656187,42.310059262
0.15335481,42.310724878,42.311390494
0.15340990,42.310784783,42.310179073
0.15346498,42.310840810,42.311502547
0.15352007,42.310888655,42.310274763
0.15357515,42.310933081,42.311591400
0.15363024,42.310969868,42.310348336
0.15368532,42.311003636,42.311658936
0.15374040,42.311030250,42.310401565
0.15379549,42.311054199,42.311706832
0.15385057,42.311071432,42.310436033
0.15390566,42.311086308,42.311736584
0.15396074,42.311094867,42.310453149
0.15401583,42.311101339,42.311749528
0.15407091,42.311101854,42.310454180
0.15412600,42.311100522,42.311746863
0.15418108,42.311093561,42.310440259
0.15423616,42.311084964,42.311729669
0.15429125,42.311071038,42.310412408
0.15434633,42.311055663,42.311698918
0.15440142,42.311035234,42.310371550
0.15445650,42.311013520,42.311655490
0.15451159,42.310987005,42.310318520
0.15456667,42.310959352,42.311600183
0.15462175,42.310927130,42.310254076
0.15467684,42.310893899,42.311533721
0.15473192,42.310856314,42.310178907
0.15478701,42.310817835,42.311456764
0.15484209,42.310775201,42.310093639
0.15489718,42.310731776,42.311369913
0.15495226,42.310684380,42.309998848
0.15500734,42.310636284,42.311273720
0.15506243,42.310584388,42.309895057
0.15511751,42.310531873,42.311168689
0.15517260,42.310475718,42.309782748
0.15522768,42.310419015,42.311055283
0.15528277,42.310358823,42.309662363
0.15533785,42.310298146,42.310933929
0.15539293,42.310234119,42.309534309
0.15544802,42.310169664,42.310805020
0.15550310,42.310101991,42.309398962
0.15555819,42.310033940,42.310668918
0.15561327,42.309962794,42.309256669
0.15566836,42.309891315,42.310525960
0.15572344,42.309816856,42.309107752
0.15577853,42.309742104,42.310376456
0.15583361,42.309664481,42.308952507
0.15588869,42.309586600,42.310220694
0.15594378,42.309505953,42.308791211
0.15599886,42.309425077,42.310058944
0.15605395,42.309341533,42.308624122
0.15610903,42.309257788,42.309891454
0.15616412,42.309171467,42.308451479
0.15621920,42.309084969,42.309718458
0.15627428,42.308995982,42.308273506
0.15632937,42.249551566,42.190829628
0.15638445,42.163123778,42.135417929
0.15643954,42.152921687,42.170425446
0.15649462,42.172062447,42.173699449
0.15654971,42.183388149,42.193076849
0.15660479,42.196159059,42.199241269
0.15665987,42.205731744,42.212222218
0.15671496,42.214922765,42.217623311
0.15677004,42.222381023,42.227138734
0.15682513,42.229285928,42.231433122
0.15688021,42.235110113,42.238787104
0.15693530,42.240442735,42.242098365
0.15699038,42.245045088,42.247991811
0.15704547,42.249245910,42.250500009
0.15710055,42.252927858,42.255355707
0.15715563,42.256288407,42.257221107
0.15721072,42.259267419,42.261313732
0.15726580,42.261989701,42.262665670
0.15732089,42.264424273,42.266182876
0.15737597,42.266652844,42.267122812
0.15743106,42.268660155,42.270197499
0.15748614,42.270500993,42.270804488
0.15754122,42.272168930,42.273533372
0.15759631,42.273701241,42.273869111
0.15765139,42.275096606,42.276324100
0.15770648,42.276380546,42.276436992
0.15776156,42.277554748,42.278672503
0.15781665,42.278636641,42.278600780
0.15787173,42.279629694,42.280658608
0.15792681,42.280545651,42.280432695
0.15798190,42.281389028,42.282345361
0.15803698,42.282167509,42.281989657
0.15809207,42.282886206,42.283782755
0.15814715,42.283549865,42.283316975
0.15820224,42.284163914,42.285010853
0.15825732,42.284730950,42.284451046
0.15831241,42.285256539,42.286062032
0.15836749,42.285741695,42.285421359
0.15842257,42.286192011,42.286962662
0.15847766,42.286607326,42.286251989
0.15853274,42.286993186,42.287734383
0.15858783,42.287348561,42.286962738
0.15864291,42.287678904,42.288395069
0.15869800,42.287982538,42.287570007
0.15875308,42.288264797,42.288959586
0.15880816,42.288523524,42.288087463
0.15886325,42.288763917,42.289440371
0.15891833,42.288983468,42.288526565
0.15897342,42.289187227,42.289847888
0.15902850,42.289372433,42.288896979
0.15908359,42.289543985,42.290190992
0.15913867,42.289698944,42.289206896
0.15919375,42.289842055,42.290477213
0.15924884,42.289970256,42.289463300
0.15930392,42.290088143,42.290712986
0.15935901,42.290192576,42.289672166
0.15941409,42.290288001,42.290903837
0.15946918,42.290371237,42.289838637
0.15952426,42.290446583,42.291054530
0.15957935,42.290510842,42.289967154
0.15963443,42.290568173,42.291169193
0.15968951,42.290615382,42.290061571
0.15974460,42.290656492,42.291251413
0.15979968,42.290688328,42.290125243
0.15985477,42.290714783,42.291304323
0.15990985,42.290732713,42.290161103
0.15996494,42.290745885,42.291330668
0.16002002,42.290751197,42.290171725
0.16007510,42.290752292,42.291332858
0.16013019,42.290746116,42.290159375
0.16018527,42.290736199,42.291313022
0.16024036,42.290719537,42.290126053
0.16029544,42.290699548,42.291273043
0.16035053,42.290673287,42.290073532
0.16040561,42.290644062,42.291214592
0.16046069,42.290608990,42.290003387
0.16051578,42.290571272,42.291139158
0.16057086,42.290528091,42.289917024
0.16062595,42.290482546,42.291048067
0.16068103,42.290431882,42.289815697
0.16073612,42.290379104,42.290942511
0.16079120,42.290321521,42.289700531
0.16084629,42.290262043,42.290823556
0.16090137,42.290198046,42.289572537
0.16095645,42.290132350,42.290692163
0.16101154,42.290062394,42.289432624
0.16106662,42.289990911,42.290549198
0.16112171,42.289915407,42.289281616
0.16117679,42.289838531,42.290395445
0.16123188,42.289757851,42.289120256
0.16128696,42.289675935,42.290231615
0.16134204,42.289590416,42.288949218
0.16139713,42.289503784,42.290058351
0.16145221,42.289413734,42.288769116
0.16150730,42.289322679,42.289876241
0.16156238,42.289228375,42.288580509
0.16161747,42.289133164,42.289685820
0.16167255,42.289034863,42.288383906
0.16172763,42.288935742,42.289487577
0.16178272,42.288833676,42.288179774
0.16183780,42.288730867,42.289281961
0.16189289,42.288625250,42.287968540
0.16194797,42.288518961,42.289069382
0.16200306,42.288409989,42.287750596
0.16205814,42.288300406,42.288850217
0.16211322,42.288188259,42.287526302
0.16216831,42.288075558,42.288624814
0.16222339,42.287960403,42.287295991
0.16227848,42.287844742,42.288393494
0.16233356,42.287726732,42.287059969
0.16238865,42.287608261,42.288156552
0.16244373,42.287487536,42.286818520
0.16249882,42.287366391,42.287914263
0.16255390,42.287243084,42.286571905
0.16260898,42.287119392,42.287666880
0.16266407,42.286993624,42.286320367
0.16271915,42.286867503,42.287414638
0.16277424,42.286739385,42.286064133
0.16282932,42.286610944,42.287157756
0.16288441,42.286480583,42.285803411
0.16293949,42.286349924,42.286896438
0.16299457,42.286217417,42.285538397
0.16304966,42.286084635,42.286630873
0.16310474,42.285950073,42.285269273
0.16315983,42.285815256,42.286361238
0.16321491,42.285678724,42.284996209
0.16327000,42.285541954,42.286087699
0.16332508,42.285403531,42.284719364
0.16338016,42.285264887,42.285810410
0.16343525,42.285124648,42.284438886
0.16349033,42.284984201,42.285529517
0.16354542,42.284842216,42.284154914
0.16360050,42.284700034,42.285245155
0.16365559,42.284556367,42.283867580
0.16371067,42.284412516,42.284957451
0.16376576,42.284267229,42.283577006
0.16382084,42.284121766,42.284666526
0.16387592,42.283974917,42.283283307
0.16393101,42.283827900,42.284372492
0.16398609,42.283679542,42.282986593
0.16404118,42.283531025,42.284075457
0.16409626,42.283381210,42.282686964
0.16415135,42.283231242,42.283775519
0.16420643,42.283080019,42.282384519
0.16426151,42.283450021,42.284515523
0.16431660,42.284348973,42.284182424
0.16437168,42.285396404,42.286610384
0.16442677,42.286594429,42.286578473
0.16448185,42.287881925,42.289185377
0.16453694,42.289259897,42.289334418
0.16459202,42.290706854,42.292079290
0.16464710,42.292223428,42.292367566
0.16470219,42.293799944,42.295232323
0.16475727,42.295436900,42.295641478
0.16481236,42.297129525,42.298617573
0.16486744,42.298878279,42.299138985
0.16492253,42.300680845,42.302222706
0.16497761,42.302537699,42.302852692
0.16503270,42.304447914,42.306043135
0.16508778,42.306412011,42.306780888
0.16514286,42.308429931,42.310078973
0.16519795,42.310502262,42.310925550
0.16525303,42.312629523,42.314333496
0.16530812,42.314812389,42.315291283
0.16536320,42.317051796,42.318812310
0.16541829,42.319348517,42.319884723
0.16547337,42.321703804,42.323522884
0.16552845,42.324118540,42.324714196
0.16558354,42.326594237,42.328474277
0.16563862,42.329131898,42.329789519
0.16569371,42.331733255,42.333676991
0.16574879,42.334399445,42.335121899
0.16580388,42.337132397,42.339142895
0.16585896,42.339933392,42.340723890
0.16591404,42.342804546,42.344885202
0.16596913,42.345747298,42.346609393
0.16602421,42.348763942,42.350918492
0.16607930,42.351856090,42.352793688
0.16613438,42.355026218,42.357258749
0.16618947,42.358276122,42.359293495
0.16624455,42.361608466,42.363923437
0.16629964,42.365025246,42.366127055
0.16635472,42.368529323,42.370931592
0.16640980,42.372122911,42.373314230
0.16646489,42.375809081,42.378303932
0.16651997,42.379590282,42.380876633
0.16657506,42.383469812,42.386062992
0.16663014,42.387450378,42.388837765
0.16668523,42.391535523,42.394233281
0.16674031,42.395728235,42.397223189
0.16679539,42.400032323,42.402841458
0.16685048,42.404451085,42.406060713
0.16690556,42.408988623,42.411916534
0.16696065,42.413648572,42.415380611
0.16701573,42.418435358,42.421490104
0.16707082,42.423352985,42.425215866
0.16712590,42.428406236,42.431596607
0.16718098,42.433599527,42.435602446
0.16723607,42.438938033,42.442273620
0.16729115,42.444426621,42.446579622
0.16734624,42.450070908,42.453562194
0.16740132,42.455876256,42.458190319
0.16745641,42.461848774,42.465507229
0.16751149,42.467994376,42.470481522
0.16756658,42.474319716,42.478157909
0.16762166,42.480831322,42.483504734
0.16767674,42.487536460,42.491568186
0.16773183,42.494442341,42.497316495
0.16778691,42.501556916,42.505797337
0.16784200,42.508888157,42.511978977
0.16789708,42.516444787,42.520910596
0.16795217,42.524235628,42.527560661
0.16800725,42.532270272,42.536979883
0.16806233,42.540558496,42.544137108
0.16811742,42.549110868,42.554084627
0.16817250,42.557938241,42.561791854
0.16822759,42.567052289,42.572312723
0.16828267,42.576465076,42.580617428
0.16833776,42.586189528,42.591761628
0.16839284,42.596239079,42.600716530
0.16844792,42.606628078,42.612539626
0.16850301,42.617371510,42.622203395
0.16855809,42.628485346,42.634767297
0.16861318,42.639986335,42.645205373
0.16866826,42.651892297,42.658579220
0.16872335,42.664221993,42.669864765
0.16877843,42.676995359,42.684125953
0.16883351,42.690233459,42.696340966
0.16888860,42.703958660,42.711576353
0.16894368,42.718194664,42.724812974
0.16899877,42.732966635,42.741120296
0.16905385,42.748301316,42.755482337
0.16910894,42.764227102,42.772971868
0.16916402,42.780774246,42.788576624
0.16921911,42.797974885,42.807373146
0.16927419,42.815863341,42.824353536
0.16932927,42.834476102,42.844598669
0.16938436,42.853852224,42.863105779
0.16943944,42.874033270,42.884960762
0.16949453,42.895063822,42.905166882
0.16954961,42.916991388,42.928815893
0.16960470,42.939867024,42.950918155
0.16965978,42.963745228,42.976572302
0.16971486,42.988684679,43.000797056
0.16976995,43.014748119,43.028699181
0.16982503,43.042003234,43.055307288
0.16988012,43.070522540,43.085737791
0.16993520,43.100384414,43.115031037
0.16999029,43.131672999,43.148314961
0.17004537,43.164479419,43.180643877
0.17010045,43.198901715,43.217159552
0.17015554,43.235046274,43.252932996
0.17021062,43.273027820,43.293122645
0.17026571,43.312971099,43.332819553
0.17032079,43.355010950,43.377202346
0.17037588,43.399294291,43.421386236
0.17043096,43.445980316,43.470574397
0.17048605,43.495242835,43.519911273
0.17054113,43.547270626,43.574629979
0.17059621,43.602270216,43.629910452
0.17065130,43.660466417,43.691022383
0.17070638,43.722105626,43.753188869
0.17076147,43.787456562,43.821724255
0.17081655,43.856814143,43.891904032
0.17087164,43.930500370,43.969096708
0.17092672,44.008868773,44.048640838
0.17098180,44.092305148,44.135969457
0.17103689,44.181232293,44.226495128
0.17109197,44.276109643,44.325724158
0.17114706,44.377437094,44.429150029
0.17120214,44.485750471,44.542350911
0.17125723,44.601619879,44.660888845
0.17131231,44.725630466,44.790372085
0.17136739,44.858356839,44.926341591
0.17142248,45.000285588,45.074229583
0.17147756,45.151674285,45.229118984
0.17153265,45.312171099,45.395223212
0.17158773,45.479886242,45.564549269
0.17164282,45.648277810,45.732006349
0.17169790,45.792939574,45.853872798
0.17175299,45.750915378,45.647957961
0.17180807,45.193746697,44.739535499
0.17186315,44.702404250,44.665273002
0.17191824,44.850967827,45.036662640
0.17197332,45.294345201,45.552027739
0.17202841,45.878711273,46.205394772
0.17208349,46.386140318,46.566885853
0.17213858,46.780439431,46.993992994
0.17219366,47.189094992,47.384196976
0.17224874,47.605323250,47.826449508
0.17230383,48.046365963,48.266282402
0.17235891,48.480487324,48.694692232
0.17241400,47.628765610,46.562839358
0.17246908,45.946907221,45.330975206
0.17252417,45.486756356,45.642537497
0.17257925,46.223022778,46.803507948
0.17263433,47.657449509,48.511390832
0.17268942,48.898323963,49.285257045
0.17274450,49.770484954,50.255712786
0.17279959,50.681412146,51.107111446
0.17285467,51.602036998,52.096962471
0.17290976,52.168464717,52.239966960
0.17296484,50.208359031,48.176752443
0.17301993,47.354814519,46.532876815
0.17307501,47.047428311,47.561979721
0.17313009,48.656141402,49.750302694
0.17318518,51.321886302,52.893469108
0.17324026,53.677421407,54.461373506
0.17329535,55.452661245,56.443948665
0.17335043,57.248053262,58.052157648
0.17340552,54.684270317,51.316386671
0.17346060,49.363909690,47.411433948
0.17351568,47.995874577,48.580315095
0.17357077,50.386586185,52.192856215
0.17362585,55.127179197,58.061499381
0.17368094,59.401332233,60.741164502
0.17373602,62.493747840,64.246330181
0.17379111,58.888371790,53.530422726
0.17384619,50.852416781,48.174413165
0.17390127,48.808553573,49.442693850
0.17395636,52.367097355,55.291498082
0.17401144,59.767708466,64.243912340
0.17406653,66.356672528,68.469431267
0.17412161,61.691218219,54.913020100
0.17417670,51.133231526,47.353447595
0.17423178,48.612539332,49.871630553
0.17428687,53.508691909,57.145748966
0.17434195,63.571232752,69.996703123
0.17439703,73.020202180,76.043698267
0.17445212,77.752433836,79.461168457
0.17450720,70.603493238,61.745843513
0.17456229,56.558369464,51.370904159
0.17461737,52.727332940,54.083761124
0.17467246,58.994823249,63.905877538
0.17472754,69.692116776,75.478345136
0.17478262,76.849060146,78.219774546
0.17483771,79.847618325,81.475461244
0.17489279,72.813938604,64.152440340
0.17494788,58.880364816,53.608298323
0.17500296,54.742142428,55.875986116
0.17505805,60.692619001,65.509244347
0.17511313,70.846601304,76.183949005
0.17516821,77.521770097,78.859590608
0.17522330,80.392101924,81.924612477
0.17527838,82.600803676,83.276994726
0.17533347,75.691725000,68.106473968
0.17538855,62.384797238,56.663131144
0.17544364,57.928374850,59.193618035
0.17549872,63.391399346,67.589174931
0.17555380,72.632420341,77.675657487
0.17560889,78.764390709,79.853123546
0.17566397,81.245305755,82.637487334
0.17571906,83.292652960,83.947818447
0.17577414,84.417460955,84.887103392
0.17582923,77.624238183,70.361390113
0.17588431,65.339863977,60.318346035
0.17593940,61.248128798,62.177911280
0.17599448,66.247955364,70.317994065
0.17604956,74.603390547,78.888781061
0.17610465,80.061246480,81.233711452
0.17615973,82.364361368,83.495010869
0.17621482,84.105023846,84.715036703
0.17626990,85.375297940,86.035559036
0.17632499,79.078084590,72.120625871
0.17638007,66.872896337,61.625175751
0.17643515,62.415196769,63.205217585
0.17649024,67.076629536,70.948036617
0.17654532,75.170788960,79.393535510
0.17660041,80.512414699,81.631293482
0.17665549,82.817528429,84.003762919
0.17671058,84.613563666,85.223364293
0.17676566,85.864317819,86.505271211
0.17682074,86.835555957,87.165840668
0.17687583,87.540387696,87.914934679
0.17693091,81.712381874,75.509841569
0.17698600,70.520767549,65.531701617
0.17704108,66.137592538,66.743483339
0.17709617,70.181735520,73.619983861
0.17715125,77.292106906,80.964225569
0.17720634,81.956596047,82.948966205
0.17726142,83.994636597,85.040306633
0.17731650,85.587035610,86.133764490
0.17737159,86.705069297,87.276373998
0.17742667,87.641333301,88.006292561
0.17748176,88.383430953,88.760569299
0.17753684,89.010080039,89.259590760
0.17759193,83.563137356,77.866694496
0.17764701,73.012029865,68.157372892
0.17770209,68.755296688,69.353220367
0.17775718,72.459998047,75.566772591
0.17781226,78.898109515,82.229442833
0.17786735,83.089532528,83.949621983
0.17792243,84.920555682,85.891489075
0.17797752,86.373762487,86.856035823
0.17803260,87.392887324,87.929738730
0.17808768,88.255440382,88.581142000
0.17814277,88.940548964,89.299955886
0.17819785,89.539416745,89.778877585
0.17825294,90.036775086,90.294672566
0.17830802,90.260992820,90.227313074
0.17836311,85.101813326,79.976322113
0.17841819,75.674402401,71.372488701
0.17847328,71.948386113,72.524283416
0.17852836,75.292837223,78.061388540
0.17858344,80.978970214,83.896549122
0.17863853,84.680358134,85.464166946
0.17869361,86.246393462,87.028619779
0.17874870,87.435909336,87.843198839
0.17880378,88.312963302,88.782727692
0.17885887,89.068716107,89.354704495
0.17891395,89.675707771,89.996711014
0.17896903,90.211230048,90.425749066
0.17902412,90.663542266,90.901335448
0.17907920,91.066590573,91.231845689
0.17913429,91.395175792,91.558505887
0.17918937,86.773448012,81.988397576
0.17924446,77.831259178,73.674126395
0.17929954,74.007066577,74.340006723
0.17935462,76.942569584,79.545130244
0.17940971,82.233332264,84.921531936
0.17946479,85.667347705,86.413163293
0.17951988,87.163209310,87.913255144
0.17957496,88.327111941,88.740968682
0.17963005,89.150448818,89.559928898
0.17968513,89.789517226,90.019105537
0.17974022,90.271644713,90.524183869
0.17979530,90.738417609,90.952651334
0.17985038,91.152427908,91.352204469
0.17990547,91.524301024,91.696397570
0.17996055,91.855201268,92.014004958
0.18001564,92.151787929,92.289570895
0.18007072,92.405357329,92.521143758
0.18012581,88.183422999,83.845708354
0.18018089,79.955500427,76.065297417
0.18023597,76.356393029,76.647488614
0.18029106,78.973700355,81.299910337
0.18034614,83.734717410,86.169522556
0.18040123,86.825266286,87.481009876
0.18045631,88.164536612,88.848063196
0.18051140,89.209104306,89.570145375
0.18056648,89.946096221,90.322047021
0.18062156,90.565937384,90.809827728
0.18067665,91.063869419,91.317911088
0.18073173,91.499844409,91.681777718
0.18078682,91.824702368,91.967627011
0.18084190,92.090650483,92.213673951
0.18089699,92.367640010,92.521606062
0.18095207,92.635645874,92.749685682
0.18100716,92.878365352,93.007045016
0.18106224,93.103870409,93.200695798
0.18111732,93.301842282,93.402988763
0.18117241,93.407453170,93.411917578
0.18122749,89.557848337,85.703783922
0.18128258,82.223797987,78.743815986
0.18133766,79.014432306,79.285048603
0.18139275,81.327755544,83.370461129
0.18144783,85.490565027,87.610667464
0.18150291,88.179181427,88.747695286
0.18155800,89.344135907,89.940576413
0.18161308,90.252046011,90.563515577
0.18166817,90.892459627,91.221403643
0.18172325,91.431585825,91.641767993
0.18177834,91.864776381,92.087784752
0.18183342,92.244717762,92.401650763
0.18188850,92.568717489,92.735784206
0.18194359,92.860065160,92.984346109
0.18199867,93.116945400,93.249544685
0.18205376,93.307666877,93.365789069
0.18210884,93.456099226,93.546409380
0.18216393,93.634870977,93.723332571
0.18221901,93.812436484,93.901540395
0.18227409,93.978430142,94.055319887
0.18232918,94.129916772,94.204513655
0.18238426,94.243298898,94.282084141
0.18243935,90.774716755,87.267353367
0.18249443,84.018984793,80.770619648
0.18254952,80.967453769,81.164287879
0.18260460,83.008829291,84.853369597
0.18265969,86.772400528,88.691430263
0.18271477,89.200406740,89.709383132
0.18276985,90.242540523,90.775697822
0.18282494,91.052842799,91.329987751
0.18288002,91.621893178,91.913798577
0.18293511,92.099865138,92.285931688
0.18299019,92.482868447,92.679805194
0.18304528,92.818074263,92.956343325
0.18310036,93.103325301,93.250307270
0.18315544,93.359302216,93.468297159
0.18321053,93.584592665,93.700888166
0.18326561,93.790114094,93.879340019
0.18332070,93.974829588,94.070319154
0.18337578,94.145220288,94.220121421
0.18343087,94.300433890,94.380746357
0.18348595,94.403101676,94.425456994
0.18354103,94.476024308,94.526591620
0.18359612,94.583111706,94.639631790
0.18365120,94.694588066,94.749544342
0.18370629,94.795321312,94.841098282
0.18376137,94.856702854,94.872307426
0.18381646,91.631540664,88.390777315
0.18387154,85.376281882,82.361789401
0.18392663,82.489851713,82.617914019
0.18398171,84.316481418,86.015047880
0.18403679,87.732019505,89.448990172
0.18409188,89.913709889,90.378429536
0.18414696,90.841436308,91.304443011
0.18420205,91.555523405,91.806603779
0.18425713,92.053343590,92.300083381
0.18431222,92.467282361,92.634481332
0.18436730,92.796813793,92.959146246
0.18442238,93.082271067,93.205395883
0.18447747,93.323678527,93.441961167
0.18453255,93.538034618,93.634108066
0.18458764,93.725540595,93.816973121
0.18464272,93.894745235,93.972517347
0.18469781,94.045900045,94.119282742
0.18475289,94.183798514,94.248314285
0.18480797,94.308633990,94.368953693
0.18486306,94.423264292,94.477574889
0.18491814,94.527768915,94.577962940
0.18497323,94.623799507,94.669636073
0.18502831,94.711090506,94.752544938
0.18508340,94.751048390,94.749551843
0.18513848,94.761546068,94.773540293
0.18519357,94.782077096,94.790613899
0.18524865,91.490081719,88.189553079
0.18530373,85.031792169,81.874034499
0.18535882,81.959716691,82.045398881
0.18541390,83.742232097,85.439064378
0.18546899,87.147598427,88.856131528
0.18552407,89.307689929,89.759248263
0.18557916,90.206160588,90.653072848
0.18563424,90.889876106,91.126679345
0.18568932,91.358042257,91.589405152
0.18574441,91.742394301,91.895383441
0.18579949,92.043425272,92.191467096
0.18585458,92.300830451,92.410193801
0.18590966,92.515236192,92.620278579
0.18596475,92.703193977,92.786109372
0.18601983,92.864489638,92.942869901
0.18607491,93.007334494,93.071799085
0.18613000,93.131633571,93.191468056
0.18618508,93.241877476,93.292286895
0.18624017,93.338206437,93.384125978
0.18629525,93.423037689,93.461949399
0.18635034,93.496161515,93.530373629
0.18640542,93.557111982,93.583850335
0.18646051,93.595198527,93.606546718
0.18651559,89.616002343,85.625463142
0.18657067,81.735073005,77.844687787
0.18662576,77.908089877,77.971491965
0.18668084,79.993836896,82.016180499
0.18673593,84.056828534,86.097475215
0.18679101,86.610944737,87.124414173
0.18684610,87.642478736,88.160543211
0.18690118,88.418845129,88.677147025
0.18695626,88.937600320,89.198053592
0.18701135,89.359248799,89.520443997
0.18706643,89.667439286,89.814434568
0.18712152,89.910866619,90.007298666
0.18717660,90.055900144,90.104501621
0.18723169,90.142981108,90.181460594
0.18728677,90.233986498,90.286512400
0.18734185,90.312012355,90.337512309
0.18739694,90.359561975,90.381611641
0.18745202,84.810213004,79.238824453
0.18750711,73.753631762,68.268448848
0.18756219,68.293391230,68.318333611
0.18761728,71.119529200,73.920722238
0.18767236,76.723035467,79.525346145
0.18772745,80.227971162,80.930596020
0.18778253,81.283082929,81.635569798
0.18783761,81.637295221,81.639020644
0.18789270,81.725789783,81.812558920
0.18794778,81.750028938,81.687498958
0.18800287,71.782361157,61.877255234
0.18805795,51.815576441,41.753930542
0.18811304,31.812412434,21.870926439
0.18816812,11.856919629,1.842945401
0.18822320,1.840166848,1.837388296
0.18827829,1.834155701,1.830923106
0.18833337,1.828902638,1.826882170
0.18838846,1.824024441,1.821166712
0.18844354,1.819697654,1.818228597
0.18849863,1.815653414,1.813078232
0.18855371,1.812022353,1.810966474
0.18860879,1.808605858,1.806245242
0.18866388,1.805506967,1.804768693
0.18871896,1.802572587,1.800376480
0.18877405,1.799887903,1.799399326
0.18882913,1.797330630,1.795261933
0.18888422,1.794973664,1.794685396
0.18893930,1.792716353,1.790747311
0.18899438,1.790622682,1.790498054
0.18904947,1.788607681,1.786717308
0.18910455,1.786728586,1.786739865
0.18915964,1.784912125,1.783084386
0.18921472,1.783210238,1.783336091
0.18926981,1.781558600,1.779781109
0.18932489,1.780004868,1.780228627
0.18937998,1.778491723,1.776754819
0.18943506,1.848332773,1.919910724
0.18949014,1.951199394,1.982488065
0.18954523,1.960470389,1.938452714
0.18960031,1.934605825,1.930758937
0.18965540,1.918864976,1.906971014
0.18971048,1.901588128,1.896205242
0.18976557,1.888656587,1.881107933
0.18982065,1.876317418,1.871526903
0.18987573,1.866382592,1.861238281
0.18993082,1.857178062,1.853117842
0.18998590,1.849478204,1.845838567
0.19004099,1.842386387,1.838934206
0.19009607,1.836305614,1.833677021
0.19015116,1.830695351,1.827713681
0.19020624,1.825797442,1.823881203
0.19026132,1.821257533,1.818633863
0.19031641,1.817237601,1.815841340
0.19037149,1.813490092,1.811138845
0.19042658,1.810133128,1.809127410
0.19048166,1.806984772,1.804842134
0.19053675,1.804136947,1.803431761
0.19059183,1.801450247,1.799468734
0.19064692,1.798999781,1.798530828
0.19070200,1.796674928,1.794819027
0.19075708,1.794539331,1.794259634
0.19081217,1.792502570,1.790745507
0.19086725,1.790620059,1.790494611
0.19092234,1.788816003,1.787137396
0.19097742,1.787139644,1.787141892
0.19103251,1.785526075,1.783910257
0.19108759,1.784019737,1.784129216
0.19114267,1.782564027,1.780998838
0.19119776,1.781199543,1.781400248
0.19125284,1.779876157,1.778352066
0.19130793,1.778631306,1.778910547
0.19136301,1.777420016,1.775929486
0.19141810,1.776277073,1.776624660
0.19147318,1.775161678,1.773698696
0.19152826,1.774106353,1.774514010
0.19158335,1.773073742,1.771633474
0.19163843,1.840415273,1.909197071
0.19169352,1.939540077,1.969883082
0.19174860,1.949136840,1.928390598
0.19180369,1.924964870,1.921539143
0.19185877,1.910361788,1.899184432
0.19191386,1.894205656,1.889226879
0.19196894,1.882123975,1.875021071
0.19202402,1.870559134,1.866097196
0.19207911,1.861245492,1.856393788
0.19213419,1.852603826,1.848813864
0.19218928,1.845374019,1.841934174
0.19224436,1.838713543,1.835492912
0.19229945,1.833005150,1.830517389
0.19235453,1.827742736,1.824968082
0.19240961,1.823153620,1.821339158
0.19246470,1.818907287,1.816475416
0.19251978,1.815153953,1.813832490
0.19257487,1.811663751,1.809495012
0.19262995,1.808544629,1.807594245
0.19268504,1.805628553,1.803662862
0.19274012,1.802998328,1.802333795
0.19279520,1.800526001,1.798718207
0.19285029,1.798278348,1.797838490
0.19290537,1.796154542,1.794470594
0.19296046,1.794210520,1.793950445
0.19301554,1.792364479,1.790778513
0.19307063,1.790664652,1.790550790
0.19312571,1.789042993,1.787535197
0.19318080,1.787542012,1.787548828
0.19323588,1.786103886,1.784658945
0.19329096,1.784766717,1.784874489
0.19334605,1.783480458,1.782086426
0.19340113,1.782279713,1.782473000
0.19345622,1.781120478,1.779767955
0.19351130,1.780034508,1.780301061
0.19356639,1.778982586,1.777664112
0.19362147,1.777994099,1.778324086
0.19367655,1.777033689,1.775743292
0.19373164,1.776128734,1.776514176
0.19378672,1.775247041,1.773979906
0.19384181,1.774414260,1.774848614
0.19389689,1.773600830,1.772353046
0.19395198,1.772830894,1.773308741
0.19400706,1.772077110,1.770845479
0.19406214,1.771362292,1.771879105
0.19411723,1.770660994,1.769442884
0.19417231,1.769994845,1.770546807
0.19422740,1.835364657,1.900182507
0.19428248,1.930358700,1.960534893
0.19433757,1.940242903,1.919950913
0.19439265,1.917656200,1.915361487
0.19444774,1.903985870,1.892610253
0.19450282,1.888884190,1.885158126
0.19455790,1.877501280,1.869844433
0.19461299,1.866670554,1.863496676
0.19466807,1.857866089,1.852235502
0.19472316,1.849760244,1.847284986
0.19477824,1.842912097,1.838539208
0.19483333,1.836661836,1.834784464
0.19488841,1.831251661,1.827718858
0.19494349,1.826318246,1.824917635
0.19499858,1.821972696,1.819027757
0.19505366,1.818001714,1.816975672
0.19510875,1.814455736,1.811935800
0.19516383,1.811204594,1.810473387
0.19521892,1.808268402,1.806063416
0.19527400,1.805566171,1.805068925
0.19532908,1.803102010,1.801135096
0.19538417,1.800825477,1.800515858
0.19543925,1.798731906,1.796947953
0.19549434,1.796790540,1.796633128
0.19554942,1.794991797,1.793350466
0.19560451,1.793317976,1.793285486
0.19565959,1.791756717,1.790227948
0.19571467,1.790299172,1.790370396
0.19576976,1.788931444,1.787492492
0.19582484,1.787650785,1.787809078
0.19587993,1.786442494,1.785075910
0.19593501,1.785308080,1.785540250
0.19599010,1.784232486,1.782924722
0.19604518,1.783220211,1.783515699
0.19610027,1.782256118,1.780996538
0.19615535,1.781346814,1.781697091
0.19621043,1.780477257,1.779257423
0.19626552,1.779655533,1.780053642
0.19632060,1.778866802,1.777679962
0.19637569,1.778120183,1.778560403
0.19643077,1.777401105,1.776241807
0.19648586,1.776719392,1.777196977
0.19654094,1.776060785,1.774924593
0.19659602,1.775435571,1.775946549
0.19665111,1.774829828,1.773713108
0.19670619,1.774254132,1.774795155
0.19676128,1.773694906,1.772594657
0.19681636,1.773162884,1.773731110
0.19687145,1.772644843,1.771558575
0.19692653,1.772151572,1.772744569
0.19698161,1.771670205,1.770595840
0.19703670,1.771211513,1.771827186
0.19709178,1.770762979,1.769698773
0.19714687,1.770335305,1.770971838
0.19720195,1.769916318,1.768860798
0.19725704,1.769516607,1.770172416
0.19731212,1.769124336,1.768076255
0.19736721,1.831981461,1.895886666
0.19742229,1.924481370,1.953076075
0.19747737,1.934426160,1.915776246
0.19753246,1.913000023,1.910223800
0.19758754,1.900238785,1.890253769
0.19764263,1.885920570,1.881587370
0.19769771,1.875238310,1.868889249
0.19775280,1.864953660,1.861018072
0.19780788,1.856669159,1.852320247
0.19786296,1.848959069,1.845597891
0.19791805,1.842506227,1.839414562
0.19797313,1.836555388,1.833696214
0.19802822,1.831457102,1.829217990
0.19808330,1.826760694,1.824303398
0.19813839,1.822671167,1.821038937
0.19819347,1.818896255,1.816753573
0.19824855,1.815568455,1.814383337
0.19830364,1.812486140,1.810588943
0.19835872,1.809742043,1.808895142
0.19841381,1.807190190,1.805485238
0.19846889,1.804899751,1.804314264
0.19852398,1.802760828,1.801207392
0.19857906,1.800827697,1.800448001
0.19863415,1.799014874,1.797581747
0.19868923,1.797366682,1.797151618
0.19874431,1.795814758,1.794477899
0.19879940,1.794396449,1.794314998
0.19885448,1.793055756,1.791796513
0.19890957,1.791824931,1.791853348
0.19896465,1.790657142,1.789460936
0.19901974,1.789580785,1.789700635
0.19907482,1.788555975,1.787411315
0.19912990,1.787608100,1.787804885
0.19918499,1.786702647,1.785600409
0.19924007,1.785862598,1.786124787
0.19929516,1.785057669,1.783990551
0.19935024,1.784308873,1.784627196
0.19940533,1.783589312,1.782551427
0.19946041,1.782918355,1.783285283
0.19951549,1.782271855,1.781258426
0.19957058,1.781667790,1.782077155
0.19962566,1.781084278,1.780091401
0.19968075,1.780538102,1.780984804
0.19973583,1.780009268,1.779033733
0.19979092,1.779513521,1.779993309
0.19984600,1.779032459,1.778071610
0.19990109,1.778580916,1.779090222
0.19995617,1.778141850,1.777193477
0.20001125,1.777729282,1.778265087
0.20006634,1.777327345,1.776389603
0.20012142,1.776949335,1.777509067
0.20017651,1.776580404,1.775651741
0.20023159,1.776233196,1.776814650
0.20028668,1.775893756,1.774972863
0.20034176,1.775574138,1.776175413
0.20039684,1.775261179,1.774346944
0.20045193,1.774966389,1.775585834
0.20050701,1.774677315,1.773768795
0.20056210,1.774404970,1.775041145
0.20061718,1.774137533,1.773233921
0.20067227,1.773885562,1.774537203
0.20072735,1.773637808,1.772738414
0.20078243,1.773404406,1.774070398
0.20083752,1.773174626,1.772278854
0.20089260,1.772958210,1.773637567
0.20094769,1.772744905,1.771852244
0.20100277,1.772544085,1.773235926
0.20105786,1.772345932,1.771455939
0.20111294,1.772159479,1.772863018
0.20116803,1.771975309,1.771087601
0.20122311,1.832802121,1.894516640
0.20127819,1.922310381,1.950104121
0.20133328,1.932330884,1.914557648
0.20138836,1.912047734,1.909537821
0.20144345,1.900047815,1.890557810
0.20149853,1.886499666,1.882441523
0.20155362,1.876403821,1.870366119
0.20160870,1.866658175,1.862950230
0.20166378,1.858806668,1.854663106
0.20171887,1.851488301,1.848313495
0.20177395,1.845361139,1.842408783
0.20182904,1.839706296,1.837003810
0.20188412,1.834861121,1.832718432
0.20193921,1.830397626,1.828076820
0.20199429,1.826512322,1.824947824
0.20204937,1.822928223,1.820908621
0.20210446,1.819771527,1.818634433
0.20215954,1.816851552,1.815068670
0.20221463,1.814255892,1.813443114
0.20226971,1.811846832,1.810250550
0.20232480,1.809689100,1.809127650
0.20237988,1.807679319,1.806230988
0.20243496,1.805867788,1.805504588
0.20249005,1.804174380,1.802844172
0.20254513,1.802639780,1.802435387
0.20260022,1.801200174,1.799964961
0.20265530,1.799889534,1.799814107
0.20271039,1.798655838,1.797497570
0.20276547,1.797528177,1.797558785
0.20282056,1.796463273,1.795367761
0.20287564,1.795486538,1.795605316
0.20293072,1.794561325,1.793517335
0.20298581,1.793710195,1.793903054
0.20304089,1.792901623,1.791900192
0.20309598,1.792155898,1.792411605
0.20315106,1.791445532,1.790479459
0.20320615,1.790788961,1.791098463
0.20326123,1.790161923,1.789225383
0.20331631,1.789581319,1.789937255
0.20337140,1.789025504,1.788113752
0.20342648,1.788510082,1.788906413
0.20348157,1.788015561,1.787124710
0.20353665,1.787556438,1.787988166
0.20359174,1.787115010,1.786241854
0.20364682,1.786704814,1.787167775
0.20370190,1.786309656,1.785451538
0.20375699,1.785942233,1.786432928
0.20381207,1.785587632,1.784742336
0.20386716,1.785257809,1.785773281
0.20392224,1.784938953,1.784104624
0.20397733,1.784642357,1.785180090
0.20403241,1.784355168,1.783530245
0.20408750,1.784088084,1.784645922
0.20414258,1.783829086,1.783012249
0.20419766,1.783588337,1.784164424
0.20425275,1.783354554,1.782544683
0.20430783,1.783137412,1.783730141
0.20436292,1.782926281,1.782122421
0.20441800,1.782730392,1.783338363
0.20447309,1.782539697,1.781741031
0.20452817,1.782363019,1.782985007
0.20458325,1.782190834,1.781396661
0.20463834,1.782031588,1.782666515
0.20469342,1.781876232,1.781085949
0.20474851,1.781732864,1.782379779
0.20480359,1.781592865,1.780805951
0.20485868,1.781464009,1.782122067
0.20491376,1.781338072,1.780554076
0.20496884,1.781222524,1.781890972
0.20502393,1.781109504,1.780328036
0.20507901,1.781006200,1.781684365
0.20513410,1.780905084,1.780125803
0.20518918,1.780813079,1.781500355
0.20524427,1.780722964,1.779945574
0.20529935,1.780641416,1.781337257
0.20535444,1.780561499,1.779785740
0.20540952,1.780489654,1.781193568
0.20546460,1.780419216,1.779644863
0.20551969,1.780356401,1.781067939
0.20557477,1.780294794,1.779521650
0.20562986,1.780240403,1.780959156
0.20568494,1.780187046,1.779414935
0.20574003,1.780140531,1.780866126
0.20579511,1.780094898,1.779323670
0.20585019,1.780055765,1.780787860
0.20590528,1.780017382,1.779246903
0.20596036,1.779985183,1.780723464
0.20601545,1.779953617,1.779183770
0.20607053,1.779927945,1.780672121
0.20612562,1.839760276,1.898848430
0.20618070,1.926763004,1.954677578
0.20623578,1.936891292,1.919105006
0.20629087,1.917446553,1.915788100
0.20634595,1.905902838,1.896017575
0.20640104,1.892920883,1.889824192
0.20645612,1.883178143,1.876532093
0.20651121,1.873834462,1.871136831
0.20656629,1.866246425,1.861356018
0.20662138,1.859225820,1.857095622
0.20667646,1.853299210,1.849502797
0.20673154,1.847874197,1.846245596
0.20678663,1.843187059,1.840128522
0.20684171,1.838908358,1.837688193
0.20689680,1.835152664,1.832617136
0.20695188,1.831723092,1.830829048
0.20700697,1.828677039,1.826525029
0.20706205,1.825890977,1.825256925
0.20711713,1.823393279,1.821529633
0.20717222,1.821103890,1.820678148
0.20722730,1.819035604,1.817393060
0.20728239,1.817135491,1.816877923
0.20733747,1.815407643,1.813937364
0.20739256,1.813816739,1.813696113
0.20744764,1.812361875,1.811027636
0.20750272,1.811019521,1.811011406
0.20755781,1.809785863,1.808560321
0.20761289,1.808645465,1.808730610
0.20766798,1.807592812,1.806455015
0.20772306,1.806618134,1.806781253
0.20777815,1.805714939,1.804648624
0.20783323,1.804877485,1.805106345
0.20788832,1.804098746,1.803091146
0.20794340,1.803375881,1.803660615
0.20799848,1.802701603,1.801742592
0.20805357,1.802075178,1.802407764
0.20810865,1.801489233,1.800570701
0.20816374,1.800944570,1.801318438
0.20821882,1.800433840,1.799549242
0.20827391,1.799958974,1.800368706
0.20832899,1.799512714,1.798656722
0.20838407,1.799097815,1.799538909
0.20843916,1.798707157,1.797875405
0.20849424,1.798344098,1.798812790
0.20854933,1.798001676,1.797190562
0.20860441,1.797683686,1.798176810
0.20865950,1.797383343,1.796589877
0.20871458,1.797104751,1.797619625
0.20876966,1.796841310,1.796062994
0.20882475,1.796597335,1.797131677
0.20887983,1.796366417,1.795601156
0.20893492,1.796153010,1.796704863
0.20899000,1.795950890,1.795196918
0.20904509,1.795764600,1.796332282
0.20910017,1.795588099,1.794843915
0.20915525,1.795425970,1.796008024
0.20921034,1.795272354,1.794536684
0.20926542,1.795131845,1.795727005
0.20932051,1.794998759,1.794270512
0.20937559,1.794877672,1.795484831
0.20943068,1.794763073,1.794041314
0.20948576,1.794659501,1.795277688
0.20954085,1.794561612,1.793845536
0.20959593,1.794473895,1.795102253
0.20965101,1.794391164,1.793680075
0.20970610,1.794317846,1.794955618
0.20976118,1.794248912,1.793542207
0.20981627,1.794188718,1.794835229
0.20987135,1.794132383,1.793429536
0.20992644,1.794084186,1.794738835
0.20998152,1.794039391,1.793339947
0.21003660,1.794002196,1.794664445
0.21009169,1.793968004,1.793271563
0.21014677,1.793940928,1.794610292
0.21020186,1.793916505,1.793222718
0.21025694,1.793898761,1.794574805
0.21031203,1.793883364,1.793191923
0.21036711,1.793874251,1.794556578
0.21042219,1.793867214,1.793177850
0.21047728,1.793866102,1.794554355
0.21053236,1.793866829,1.793179304
0.21058745,1.793873155,1.794567006
0.21064253,1.793881109,1.793195213
0.21069762,1.793894364,1.794593514
0.21075270,1.793909061,1.793224608
0.21080779,1.793928785,1.794632962
0.21086287,1.793949789,1.793266615
0.21091795,1.793975567,1.794684520
0.21097304,1.794002480,1.793320439
0.21102812,1.794033936,1.794747432
0.21108321,1.794066397,1.793385361
0.21113829,1.794103188,1.794821015
0.21119338,1.794140870,1.793460724
0.21124846,1.794182684,1.794904643
0.21130354,1.794225286,1.793545929
0.21135863,1.794271838,1.794997746
0.21141371,1.794319087,1.793640429
0.21146880,1.794370115,1.795099802
0.21152388,1.794421761,1.793743720
0.21157897,1.794477026,1.795210332
0.21163405,1.794532838,1.793855343
0.21168913,1.794592120,1.795328896
0.21174422,1.794651885,1.793974873
0.21179930,1.794714981,1.795455090
0.21185439,1.794778504,1.794101919
0.21190947,1.794845229,1.795588538
0.21196456,1.794912330,1.794236121
0.21201964,1.794982509,1.795728897
0.21207473,1.795053020,1.794377144
0.21212981,1.795126495,1.795875847
0.21218489,1.795200263,1.794524679
0.21223998,1.795276885,1.796029090
0.21229506,1.795353765,1.794678439
0.21235015,1.795433396,1.796188354
0.21240523,1.795513255,1.794838156
0.21246032,1.795595769,1.796353381
0.21251540,1.795678482,1.795003584
0.21257048,1.795763758,1.796523933
0.21262557,1.795849211,1.795174489
0.21268065,1.795937138,1.796699788
0.21273574,1.855073630,1.913447472
0.21279082,1.941053901,1.968660330
0.21284591,1.951202660,1.933744990
0.21290099,1.932160276,1.930575561
0.21295607,1.920892527,1.911209493
0.21301116,1.908187056,1.905164619
0.21306624,1.898663262,1.892161905
0.21312133,1.889519170,1.886876434
0.21317641,1.882098872,1.877321310
0.21323150,1.875229075,1.873136839
0.21328658,1.869434403,1.865731967
0.21334167,1.864128759,1.862525551
0.21339675,1.859549602,1.856573654
0.21345183,1.855369906,1.854166158
0.21350692,1.851706397,1.849246635
0.21356200,1.848362628,1.847478622
0.21361709,1.845398421,1.843318219
0.21367217,1.842689619,1.842061018
0.21372726,1.840267037,1.838473055
0.21378234,1.838049393,1.837625730
0.21383742,1.836051862,1.834477994
0.21389251,1.834219946,1.833961898
0.21394759,1.832560036,1.831158174
0.21400268,1.831035051,1.830911927
0.21405776,1.829646304,1.828380680
0.21411285,1.828368405,1.828356130
0.21416793,1.827199677,1.826043225
0.21422301,1.826122781,1.826202336
0.21427810,1.825134266,1.824066195
0.21433318,1.824222447,1.824378699
0.21438827,1.823382834,1.822386968
0.21444335,1.822607781,1.822828593
0.21449844,1.821892202,1.820955812
0.21455352,1.821231378,1.821506944
0.21460861,1.820619906,1.819732869
0.21466369,1.820055205,1.820377541
0.21471877,1.819531736,1.818685931
0.21477386,1.819048491,1.819411050
0.21482894,1.818599907,1.817788763
0.21488403,1.818186141,1.818583520
0.21493911,1.817801679,1.817019838
0.21499420,1.817447544,1.817875250
0.21504928,1.817118312,1.816361374
0.21510436,1.816815650,1.817269926
0.21515945,1.816534254,1.815798581
0.21521453,1.816276266,1.816753951
0.21526962,1.816036519,1.815319088
0.21532470,1.815817505,1.816315923
0.21537979,1.815614203,1.814912484
0.21543487,1.815429356,1.815946229
0.21548995,1.815258094,1.814569959
0.21554504,1.815103339,1.815636718
0.21560012,1.814960371,1.814284024
0.21565521,1.814832235,1.815380445
0.21571029,1.814714361,1.814048276
0.21576538,1.814609870,1.815171463
0.21582046,1.814514341,1.813857218
0.21587554,1.814430938,1.815004658
0.21593063,1.814355384,1.813706110
0.21598571,1.814290859,1.814875609
0.21604080,1.814233227,1.813590846
0.21609588,1.814185665,1.814780485
0.21615097,1.814144171,1.813507856
0.21620605,1.814111901,1.814715946
0.21626114,1.814084986,1.813454026
0.21631622,1.814066551,1.814679076
0.21637130,1.814052850,1.813426624
0.21642639,1.814046968,1.814667313
0.21648147,1.814045282,1.813423251
0.21653656,1.814050827,1.814678404
0.21659164,1.814060097,1.813441790
0.21664673,1.814076074,1.814710358
0.21670181,1.814095363,1.813480368
0.21675689,1.814120890,1.814761412
0.21681198,1.814149368,1.813537323
0.21686706,1.814183661,1.814829998
0.21692215,1.814220586,1.813611174
0.21697723,1.814262947,1.814914719
0.21703232,1.814307659,1.813700600
0.21708740,1.814357463,1.815014327
0.21714248,1.814409372,1.813804416
0.21719757,1.814466059,1.815127702
0.21725265,1.814524632,1.813921563
0.21730774,1.814587701,1.815253839
0.21736282,1.814652461,1.814051083
0.21741791,1.814721458,1.815391832
0.21747299,1.814791973,1.814192115
0.21752808,1.814866489,1.815540864
0.21758316,1.814942372,1.814343879
0.21763824,1.815022037,1.815700195
0.21769333,1.815102932,1.814505669
0.21774841,1.815187411,1.815869153
0.21780350,1.815272998,1.814676844
0.21785858,1.815361986,1.816047128
0.21791367,1.815451973,1.814856819
0.21796875,1.815545192,1.816233565
0.21802383,1.815639313,1.815045062
0.21807892,1.815736509,1.816427956
0.21813400,1.815834521,1.815241086
0.21818909,1.815935462,1.816629837
0.21824417,1.816037142,1.815444446
0.21829926,1.816141615,1.816838784
0.21835434,1.816246759,1.815654733
0.21840942,1.816354570,1.817054407
0.21846451,1.816462989,1.815871572
0.21851959,1.816573959,1.817276345
0.21857468,1.816685481,1.816094616
0.21862976,1.816799443,1.817504270
0.21868485,1.816913909,1.816323547
0.21873993,1.817030712,1.817737877
0.21879502,1.817147974,1.816558071
0.21885010,1.817267477,1.817976883
0.21890518,1.817387399,1.816797914
0.21896027,1.817509471,1.818221028
0.21901535,1.817631927,1.817042826
0.21907044,1.817756448,1.818470070
0.21912552,1.817881320,1.817292571
0.21918061,1.818008178,1.818723785
0.21923569,1.818135358,1.817546932
0.21929077,1.818264448,1.818981964
0.21934586,1.818393835,1.817805706
0.21940094,1.818525059,1.819244413
0.21945603,1.818656559,1.818068705
0.21951111,1.818789828,1.819510951
0.21956620,1.818923352,1.818335753
0.21962128,1.819058581,1.819781408
0.21967636,1.819194047,1.818606685
0.21973145,1.819331156,1.820055628
0.21978653,1.819468488,1.818881348
0.21984162,1.819607404,1.820333461
0.21989670,1.819746529,1.819159597
0.21995179,1.819887183,1.820614770
0.22000687,1.820028033,1.819441296
0.22006196,1.820170360,1.820899424
0.22011704,1.820312872,1.819726320
0.22017212,1.820456811,1.821187301
0.22022721,1.820600925,1.820014549
0.22028229,1.820746418,1.821478287
0.22033738,1.820892078,1.820305870
0.22039246,1.821039072,1.821772273
0.22044755,1.821186225,1.820600178
0.22050263,1.821334668,1.822069158
0.22055771,1.821483265,1.820897372
0.22061280,1.821633109,1.822368846
0.22066788,1.821264423,1.820160001
0.22072297,1.820369521,1.820579042
0.22077805,1.819326908,1.818074774
0.22083314,1.818134480,1.818194185
0.22088822,1.816853042,1.815511898
0.22094330,1.815481596,1.815451294
0.22099839,1.814041523,1.812631751
0.22105347,1.812532192,1.812432633
0.22110856,1.810963228,1.809493822
0.22116364,1.809334137,1.809174453
0.22121873,1.807649665,1.806124877
0.22127381,1.805909355,1.805693833
0.22132889,1.804115510,1.802537187
0.22138398,1.802267659,1.801998132
0.22143906,1.800366722,1.798735313
0.22149415,1.798412182,1.798089052
0.22154923,1.796404098,1.794719144
0.22160432,1.794341885,1.793964626
0.22165940,1.792225024,1.790485422
0.22171449,1.790052847,1.789620272
0.22176957,1.787824420,1.786028569
0.22182465,1.785538979,1.785049389
0.22187974,1.783195272,1.781341156
0.22193482,1.780792426,1.780243696
0.22198991,1.778328933,1.776414170
0.22204499,1.775803798,1.775193426
0.22210008,1.773215295,1.771237165
0.22215516,1.770562297,1.769887430
0.22221024,1.767842882,1.765798334
0.22226533,1.765055777,1.764313220
0.22232041,1.762198876,1.760084531
0.22237550,1.759270750,1.758456969
0.22243058,1.756269112,1.754081254
0.22248567,1.753192364,1.752303473
0.22254075,1.750038037,1.747772602
0.22259583,1.746804352,1.745836102
0.22265092,1.743488651,1.741141199
0.22270600,1.740088955,1.739036710
0.22276109,1.736602411,1.734168112
0.22281617,1.733026824,1.731885537
0.22287126,1.729359133,1.726832729
0.22292634,1.725596906,1.724361083
0.22298143,1.721736858,1.719112633
0.22303651,1.717776301,1.716439969
0.22309159,1.713711706,1.710983442
0.22314668,1.709540105,1.708096767
0.22320176,1.705257702,1.702418637
0.22325685,1.700861225,1.699303813
0.22331193,1.696346585,1.693389357
0.22336702,1.691710174,1.690030992
0.22342210,1.686947583,1.683864174
0.22347718,1.682054833,1.680245492
0.22353227,1.677027159,1.673808827
0.22358735,1.671860180,1.669911533
0.22364244,1.666548734,1.663185936
0.22369752,1.661087993,1.658990050
0.22375261,1.655472358,1.651954666
0.22380769,1.649696504,1.647438342
0.22386277,1.643754346,1.640070349
0.22391786,1.637640010,1.635209671
0.22397294,1.631346866,1.627484062
0.22402803,1.624868432,1.622252803
0.22408311,1.618197468,1.614142133
0.22413820,1.611326813,1.608511494
0.22419328,1.604248546,1.599985597
0.22424837,1.596954748,1.593923898
0.22430345,1.589436730,1.584949561
0.22435853,1.581685728,1.578421896
0.22441362,1.573692190,1.568962484
0.22446870,1.565446402,1.561930320
0.22452379,1.556937837,1.551945354
0.22457887,1.548155715,1.544366076
0.22463396,1.539088407,1.533810738
0.22468904,1.529723930,1.525637121
0.22474412,1.520049407,1.514461693
0.22479921,1.510051495,1.505641297
0.22485429,1.499715901,1.493790504
0.22490938,1.489027737,1.484264971
0.22496446,1.477971099,1.471677228
0.22501955,1.466529346,1.461381464
0.22507463,1.454684731,1.447987998
0.22512971,1.442418614,1.436849230
0.22518480,1.429711140,1.422573050
0.22523988,1.416541383,1.410509716
0.22529497,1.402887070,1.395264423
0.22535005,1.388724648,1.382184873
0.22540514,1.374029061,1.365873249
0.22546022,1.358773736,1.351674223
0.22551531,1.342930400,1.334186576
0.22557039,1.326468992,1.318751407
0.22562547,1.309357512,1.299963617
0.22568056,1.291561857,1.283160097
0.22573564,1.273045697,1.262931296
0.22579073,1.253770223,1.244609150
0.22584581,1.233694053,1.222778956
0.22590090,1.212772888,1.202766819
0.22595598,1.190959428,1.179152037
0.22601106,1.168202937,1.157253838
0.22606615,1.144449164,1.131644491
0.22612123,1.119639795,1.107635098
0.22617632,1.093712372,1.079789646
0.22623140,1.066599629,1.053409613
0.22628649,1.038229386,1.023049160
0.22634157,1.008523749,0.993998338
0.22639665,0.977398968,0.960799598
0.22645174,0.944764480,0.928729361
0.22650682,0.910522706,0.892316050
0.22656191,0.874567913,0.856819776
0.22661699,0.836785925,0.816752074
0.22667208,0.797052762,0.777353450
0.22672716,0.755234235,0.733115019
0.22678225,0.711184325,0.689253630
0.22683733,0.664744616,0.640235602
0.22689241,0.615742365,0.591249128
0.22694750,0.563989723,0.536730319
0.22700258,0.509281433,0.481832546
0.22705767,0.451393801,0.420955057
0.22711275,0.390081948,0.359208839
0.22716784,0.325078511,0.290948184
0.22722292,0.256090388,0.221232593
0.22727800,0.182797230,0.144361867
0.22733309,0.104847688,0.065333509
0.22738817,0.021857972,-0.021617563
0.22744326,-0.066592088,-0.111566613
0.22749834,-0.160959508,-0.210352403
0.22755343,-0.261741045,-0.313129687
0.22760851,-0.369469658,-0.425809629
0.22766359,-0.484711814,-0.543613998
0.22771868,-0.608049478,-0.672484956
0.22777376,-0.740053431,-0.807621905
0.22782885,-0.881207562,-0.954793218
0.22788393,-1.031767171,-1.108741122
0.22793902,-1.191382288,-1.274023452
0.22799410,-1.358172622,-1.442321789
0.22804918,-1.525632608,-1.608943425
0.22810427,-1.669491492,-1.730039558
0.22815935,-1.627701305,-1.525363055
0.22821444,-1.073601496,-0.621840003
0.22826952,-0.584956625,-0.548073247
0.22832461,-0.732709888,-0.917346519
0.22837969,-1.173656854,-1.429967169
0.22843478,-1.754783498,-2.079599793
0.22848986,-2.259374294,-2.439148785
0.22854494,-2.651442281,-2.863735763
0.22860003,-3.057767892,-3.251800009
0.22865511,-3.471600782,-3.691401540
0.22871020,-3.910084114,-4.128766673
0.22876528,-4.341662861,-4.554559035
0.22882037,-3.494844242,-2.435129815
0.22887545,-1.822589737,-1.210049781
0.22893053,-1.365016370,-1.519982951
0.22898562,-2.097162472,-2.674341884
0.22904070,-3.523391286,-4.372440453
0.22909579,-4.757028491,-5.141616481
0.22915087,-5.623964388,-6.106312221
0.22920596,-6.529341575,-6.952370872
0.22926104,-7.444250824,-7.936130698
0.22931612,-8.007125946,-8.078121193
0.22937121,-6.058945227,-4.039770585
0.22942629,-3.222510923,-2.405251477
0.22948138,-2.916911405,-3.428571248
0.22953646,-4.516222679,-5.603873725
0.22959155,-6.844889490,-8.085904754
0.22964663,-8.025341912,-7.964779070
0.22970172,-7.915044929,-8.927179165
0.22975680,-7.930306776,-8.216829726
0.22981188,-7.693215705,-7.912259846
0.22986697,-7.549784049,-6.349015474
0.22992205,-6.894718328,-6.736800880
0.22997714,-7.678645138,-7.462022245
0.23003222,-7.661239429,-8.013953016
0.23008731,-7.816443060,-7.792593968
0.23014239,-7.824429487,-8.170551367
0.23019747,-7.880644605,-7.912192627
0.23025256,-7.890464958,-8.204290080
0.23030764,-7.917389729,-7.997086856
0.23036273,-7.938780060,-8.224977280
0.23041781,-8.565332653,-8.905687988
0.23047290,3.942211441,16.790057236
0.23052798,7.372178286,-2.045671846
0.23058306,-5.135341236,-8.225007526
0.23063815,-7.906442510,-7.843604763
0.23069323,-7.849707932,-9.242020586
0.23074832,-7.931524303,-7.500202868
0.23080340,-7.901096105,-8.672416645
0.23085849,-7.942571854,-7.546444778
0.23091357,-7.934385427,-8.538176291
0.23096866,-7.954981410,-7.796766376
0.23102374,-7.955755972,-8.414767725
0.23107882,-7.965482718,-7.987341841
0.23113391,-7.968627142,-8.284002332
0.23118899,-7.972460736,-8.093889435
0.23124408,-7.973956650,-8.138255713
0.23129916,-7.976223943,-8.045841871
0.23135425,-7.979361934,-8.091520975
0.23140933,-7.980330486,-8.150374110
0.23146441,-7.985051031,-8.041406689
0.23151950,-7.984904057,-8.290236974
0.23157458,-7.990470771,-7.980113421
0.23162967,-7.989526397,-8.428506044
0.23168475,-7.995295368,-7.913417996
0.23173984,-7.993867924,-8.553311433
0.23179492,-7.999443048,-7.846755534
0.23185000,-7.997771139,-8.661765236
0.23190509,-8.002957244,-7.783506839
0.23196017,-8.001198753,-8.754293714
0.23201526,-8.005925031,-7.725422222
0.23207034,-8.004175799,-8.832457632
0.23212543,-8.008438281,-7.673214191
0.23218051,-8.006752393,-8.898085093
0.23223560,-8.010578958,-7.626991333
0.23229068,-8.008984235,-8.952933312
0.23234576,-8.012415407,-7.586533492
0.23240085,-8.010923819,-8.998570971
0.23245593,-8.014002943,-7.551456604
0.23251102,-8.012617214,-9.036352626
0.23256610,-8.015385797,-7.521308221
0.23262119,-8.014103460,-9.067429836
0.23267627,-8.016599234,-7.495621237
0.23273135,-8.015415077,-9.092774930
0.23278644,-8.017671424,-7.473942916
0.23284152,-8.016578942,-9.113207173
0.23289661,-8.018624971,-7.455849497
0.23295169,-8.017617216,-9.129417210
0.23300678,-8.019478126,-7.440952508
0.23306186,-8.018548186,-9.141988425
0.23311694,-8.020245723,-7.428900394
0.23317203,-8.019386988,-9.151415013
0.23322711,-8.020939904,-7.419377587
0.23328220,-8.020146194,-9.158117012
0.23333728,-8.021570680,-7.412102267
0.23339237,-8.020836299,-9.162452717
0.23344745,-8.022146360,-7.406823539
0.23350254,-8.021466106,-9.164728891
0.23355762,-8.022673889,-7.403318422
0.23361270,-8.022043038,-9.165209162
0.23366779,-8.023159109,-7.401388908
0.23372287,-8.022573383,-9.164120927
0.23377796,-8.023606963,-7.400859186
0.23383304,-8.023062499,-9.161661044
0.23388813,-8.024021662,-7.401573098
0.23394321,-8.023514971,-9.158000540
0.23399829,-8.024406810,-7.403391851
0.23405338,-8.023934743,-9.153288502
0.23410846,-8.024765508,-7.406191965
0.23416355,-8.024325223,-9.147655322
0.23421863,-8.025100442,-7.409863468
0.23427372,-8.024689370,-9.141215391
0.23432880,-8.025413944,-7.414308298
0.23438388,-8.025029760,-9.134069366
0.23443897,-8.025708051,-7.419438897
0.23449405,-8.025348651,-9.126306064
0.23454914,-8.025984550,-7.425176985
0.23460422,-8.025648026,-9.118004061
0.23465931,-8.026245013,-7.431452483
0.23471439,-8.025929632,-9.109233042
0.23476947,-8.026490831,-7.438202570
0.23482456,-8.026195017,-9.100054949
0.23487964,-8.026723238,-7.445370856
0.23493473,-8.026445556,-9.090524961
0.23498981,-8.026943331,-7.452906661
0.23504490,-8.026682472,-9.080692319
0.23509998,-8.027152090,-7.460764381
0.23515507,-8.026906859,-9.070601051
0.23521015,-8.027350395,-7.468902933
0.23526523,-8.027119698,-9.060290583
0.23532032,-8.027539035,-7.477285265
0.23537540,-8.027321871,-9.049796267
0.23543049,-8.027718721,-7.485877927
0.23548557,-8.027514170,-9.039149848
0.23554066,-8.027890095,-7.494650695
0.23559574,-8.027697314,-9.028379856
0.23565082,-8.028053740,-7.503576235
0.23570591,-8.027871953,-9.017511961
0.23576099,-8.028210185,-7.512629807
0.23581608,-8.028038676,-9.006569273
0.23587116,-8.028359909,-7.521789008
0.23592625,-8.028198019,-8.995572611
0.23598133,-8.028503352,-7.531033538
0.23603641,-8.028350472,-8.984540735
0.23609150,-8.028640915,-7.540344993
0.23614658,-8.028496483,-8.973490560
0.23620167,-8.028772966,-7.549706687
0.23625675,-8.028636459,-8.962437330
0.23631184,-8.028899840,-7.559103484
0.23636692,-8.028770777,-8.951394786
0.23642201,-8.029021848,-7.568521655
0.23647709,-8.028899781,-8.940375312
0.23653217,-8.029139276,-7.577948746
0.23658726,-8.029023788,-8.929390056
0.23664234,-8.029252385,-7.587373467
0.23669743,-8.029143091,-8.918449055
0.23675251,-8.029361421,-7.596785578
0.23680760,-8.029257960,-8.907561329
0.23686268,-8.029466607,-7.606175802
0.23691776,-8.029368644,-8.896734978
0.23697285,-8.029568153,-7.615535740
0.23702793,-8.029475375,-8.885977265
0.23708302,-8.029666251,-7.624857790
0.23713810,-8.029578367,-8.875294690
0.23719319,-8.029761083,-7.634135081
0.23724827,-8.029677820,-8.864693054
0.23730335,-8.029852815,-7.643361412
0.23735844,-8.029773919,-8.854177527
0.23741352,-8.029941603,-7.652531191
0.23746861,-8.029866836,-8.843752699
0.23752369,-8.030027594,-7.661639387
0.23757878,-8.029956732,-8.833422629
0.23763386,-8.030110922,-7.670681482
0.23768895,-8.030043757,-8.823190893
0.23774403,-8.030191717,-7.679653429
0.23779911,-8.030128051,-8.813060625
0.23785420,-8.030270096,-7.688551613
0.23790928,-8.030209746,-8.803034554
0.23796437,-8.030346171,-7.697372814
0.23801945,-8.030288964,-8.793115039
0.23807454,-8.030420048,-7.706114177
0.23812962,-8.030365822,-8.783304100
0.23818470,-8.030491825,-7.714773182
0.23823979,-8.030440426,-8.773603447
0.23829487,-8.030561594,-7.723347616
0.23834996,-8.030512878,-8.764014508
0.23840504,-8.030629442,-7.731835547
0.23846013,-8.030583274,-8.754538447
0.23851521,-8.030695451,-7.740235305
0.23857029,-8.030651704,-8.745176196
0.23862538,-8.030759700,-7.748545459
0.23868046,-8.030718252,-8.735928465
0.23873555,-8.030822260,-7.756764794
0.23879063,-8.030782999,-8.726795768
0.23884572,-8.030883201,-7.764892300
0.23890080,-8.030846019,-8.717778437
0.23895589,-8.030942588,-7.772927152
0.23901097,-8.030907383,-8.708876639
0.23906605,-8.031000483,-7.780868696
0.23912114,-8.030967160,-8.700090386
0.23917622,-8.031056944,-7.788716432
0.23923131,-8.031025412,-8.691419557
0.23928639,-8.031112026,-7.796470008
0.23934148,-8.031082200,-8.682863903
0.23939656,-8.031165783,-7.804129199
0.23945164,-8.031137580,-8.674423059
0.23950673,-8.031218263,-7.811693906
0.23956181,-8.031191608,-8.666096558
0.23961690,-8.031269513,-7.819164138
0.23967198,-8.031244333,-8.657883839
0.23972707,-8.031319580,-7.826540006
0.23978215,-8.031295806,-8.649784254
0.23983723,-8.031368505,-7.833821716
0.23989232,-8.031346071,-8.641797078
0.23994740,-8.031416329,-7.841009556
0.24000249,-8.031395174,-8.633921517
0.24005757,-8.031463092,-7.848103895
0.24011266,-8.031443155,-8.626156714
0.24016774,-8.031508828,-7.855105171
0.24022283,-8.031490056,-8.618501754
0.24027791,-8.031553575,-7.862013887
0.24033299,-8.031535913,-8.610955674
0.24038808,-8.031597365,-7.868830604
0.24044316,-8.031580762,-8.603517465
0.24049825,-8.031640230,-7.875555937
0.24055333,-8.031624639,-8.596186076
0.24060842,-8.031682201,-7.882190549
0.24066350,-8.031667577,-8.588960424
0.24071858,-8.031723307,-7.888735146
0.24077367,-8.031709605,-8.581839393
0.24082875,-8.031763575,-7.895190475
0.24088384,-8.031750756,-8.574821841
0.24093892,-8.031803033,-7.901557316
0.24099401,-8.031791056,-8.567906602
0.24104909,-8.031841707,-7.907836482
0.24110417,-8.031830534,-8.561092491
0.24115926,-8.031879619,-7.914028812
0.24121434,-8.031869215,-8.554378303
0.24126943,-8.031916795,-7.920135172
0.24132451,-8.031907126,-8.547762824
0.24137960,-8.031953255,-7.926156449
0.24143468,-8.031944289,-8.541244825
0.24148976,-8.031989023,-7.932093549
0.24154485,-8.031980728,-8.534823069
0.24159993,-8.032024117,-7.937947395
0.24165502,-8.032016466,-8.528496312
0.24171010,-8.032058559,-7.943718923
0.24176519,-8.032051522,-8.522263307
0.24182027,-8.032092367,-7.949409083
0.24187536,-8.032085917,-8.516122801
0.24193044,-8.032125560,-7.955018833
0.24198552,-8.032119671,-8.510073543
0.24204061,-8.032158154,-7.960549141
0.24209569,-8.032152803,-8.504114282
0.24215078,-8.032190167,-7.966000981
0.24220586,-8.032185330,-8.498243767
0.24226095,-8.032221615,-7.971375331
0.24231603,-8.032217270,-8.492460753
0.24237111,-8.032252514,-7.976673172
0.24242620,-8.032248639,-8.486763998
0.24248128,-8.032282878,-7.981895490
0.24253637,-8.032279454,-8.481152266
0.24259145,-8.032312723,-7.987043268
0.24264654,-8.032309729,-8.475624327
0.24270162,-8.032342061,-7.992117492
0.24275670,-8.032339479,-8.470178960
0.24281179,-8.032370907,-7.997119144
0.24286687,-8.032368719,-8.464814951
0.24292196,-8.032399273,-8.002049206
0.24297704,-8.032397462,-8.459531096
0.24303213,-8.032427172,-8.006908654
0.24308721,-8.032425722,-8.454326200
0.24314230,-8.032454616,-8.011698463
0.24319738,-8.032453511,-8.449199079
0.24325246,-8.032481616,-8.016419602
0.24330755,-8.032480841,-8.444148561
0.24336263,-8.032508184,-8.021073032
0.24341772,-8.032507725,-8.439173484
0.24347280,-8.032534330,-8.025659712
0.24352789,-8.032534174,-8.434272698
0.24358297,-8.032560066,-8.030180593
0.24363805,-8.032560199,-8.429445065
0.24369314,-8.032585400,-8.034636616
0.24374822,-8.032585809,-8.424689461
0.24380331,-8.032610343,-8.039028719
0.24385839,-8.032611017,-8.420004773
0.24391348,-8.032634904,-8.043357828
0.24396856,-8.032635832,-8.415389904
0.24402364,-8.032659093,-8.047624864
0.24407873,-8.032660262,-8.410843768
0.24413381,-8.032682918,-8.051830735
0.24418890,-8.032684318,-8.406365292
0.24424398,-8.032706387,-8.055976345
0.24429907,-8.032708009,-8.401953420
0.24435415,-8.032729510,-8.060062584
0.24440924,-8.032731343,-8.397607106
0.24446432,-8.032752293,-8.064090335
0.24451940,-8.032754329,-8.393325320
0.24457449,-8.032774745,-8.068060470
0.24462957,-8.032776975,-8.389107046
0.24468466,-8.032796874,-8.071973854
0.24473974,-8.032799288,-8.384951281
0.24479483,-8.032818686,-8.075831337
0.24484991,-8.032821276,-8.380857039
0.24490499,-8.032840189,-8.079633762
0.24496008,-8.032842947,-8.376823343
0.24501516,-8.032861389,-8.083381962
0.24507025,-8.032864308,-8.372849235
0.24512533,-8.032882293,-8.087076758
0.24518042,-8.032885366,-8.368933768
0.24523550,-8.032902907,-8.090718961
0.24529058,-8.032906127,-8.365076010
0.24534567,-8.032923239,-8.094309371
0.24540075,-8.032926599,-8.361275043
0.24545584,-8.032943293,-8.097848778
0.24551092,-8.032946787,-8.357529963
0.24556601,-8.032963076,-8.101337962
0.24562109,-8.032966697,-8.353839880
0.24567618,-8.032982593,-8.104777690
0.24573126,-8.032986336,-8.350203917
0.24578634,-8.033001851,-8.108168722
0.24584143,-8.033005709,-8.346621210
0.24589651,-8.033020853,-8.111511803
0.24595160,-8.033024822,-8.343090911
0.24600668,-8.033039607,-8.114807672
0.24606177,-8.033043680,-8.339612184
0.24611685,-8.033058116,-8.118057053
0.24617193,-8.033062289,-8.336184204
0.24622702,-8.033076386,-8.121260664
0.24628210,-8.033080654,-8.332806163
0.24633719,-8.033094421,-8.124419208
0.24639227,-8.033098779,-8.329477264
0.24644736,-8.033112226,-8.127533381
0.24650244,-8.033116671,-8.326196723
0.24655752,-8.033129806,-8.130603867
0.24661261,-8.033134332,-8.322963769
0.24666769,-8.033147165,-8.133631340
0.24672278,-8.033151769,-8.319777643
0.24677786,-8.033164308,-8.136616465
0.24683295,-8.033168985,-8.316637599
0.24688803,-8.033181238,-8.139559895
0.24694312,-8.033185985,-8.313542904
0.24699820,-8.033197961,-8.142462274
0.24705328,-8.033202773,-8.310492835
0.24710837,-8.033214478,-8.145324237
0.24716345,-8.033219354,-8.307486684
0.24721854,-8.033230796,-8.148146407
0.24727362,-8.033235730,-8.304523751
0.24732871,-8.033246917,-8.150929399
0.24738379,-8.033251907,-8.301603350
0.24743887,-8.033262844,-8.153673818
0.24749396,-8.033267887,-8.298724808
0.24754904,-8.033278583,-8.156380260
0.24760413,-8.033283675,-8.295887460
0.24765921,-8.033294135,-8.159049309
0.24771430,-8.033299275,-8.293090654
0.24776938,-8.033309506,-8.161681544
0.24782446,-8.033314689,-8.290333748
0.24787955,-8.033324697,-8.164277531
0.24793463,-8.033329921,-8.287616113
0.24798972,-8.033339712,-8.166837830
0.24804480,-8.033344975,-8.284937128
0.24809989,-8.033354554,-8.169362988
0.24815497,-8.033359853,-8.282296184
0.24821005,-8.033369227,-8.171853549
0.24826514,-8.033374560,-8.279692682
0.24832022,-8.033383733,-8.174310042
0.24837531,-8.033389097,-8.277126033
0.24843039,-8.033398075,-8.176732992
0.24848548,-8.033403469,-8.274595659
0.24854056,-8.033412257,-8.179122915
0.24859565,-8.033417678,-8.272100990
0.24865073,-8.033426280,-8.181480315
0.24870581,-8.033431726,-8.269641467
0.24876090,-8.033440148,-8.183805692
0.24881598,-8.033445618,-8.267216541
0.24887107,-8.033453864,-8.186099536
0.24892615,-8.033459355,-8.264825672
0.24898124,-8.033467429,-8.188362330
0.24903632,-8.033472939,-8.262468327
0.24909140,-8.033480847,-8.190594547
0.24914649,-8.033486375,-8.260143986
0.24920157,-8.033494120,-8.192796655
0.24925666,-8.033499664,-8.257852136
0.24931174,-8.033507250,-8.194969112
0.24936683,-8.033512809,-8.255592271
0.24942191,-8.033520240,-8.197112369
0.24947699,-8.033525812,-8.253363897
0.24953208,-8.033533092,-8.199226872
0.24958716,-8.033538675,-8.251166526
0.24964225,-8.033545808,-8.201313056
0.24969733,-8.033551402,-8.248999679
0.24975242,-8.033558391,-8.203371350
0.24980750,-8.033563993,-8.246862887
0.24986259,-8.033570843,-8.205402179
0.24991767,-8.033576452,-8.244755684
0.24997275,-8.033583165,-8.207405954
0.25002784,-8.033588781,-8.242677614
0.25008292,-8.033595361,-8.209383079
0.25013801,-8.033600981,-8.240628210
0.25019309,-8.033607431,-8.211333930
0.25024818,-8.033613055,-8.238606970
0.25030326,-8.033619378,-8.213258813
0.25035834,-8.033625005,-8.236613233
0.25041343,-8.033631205,-8.215157783
0.25046851,-8.033636832,-8.234645815
0.25052360,-8.033642911,-8.217030096
0.25057868,-8.033648539,-8.232702323
0.25063377,-8.033654500,-8.218872797
0.25068885,-8.033660127,-8.230777077
0.25074393,-8.033665971,-8.220678803
0.25079902,-8.033671595,-8.228858502
0.25085410,-8.033677325,-8.222433721
0.25090919,-8.033682944,-8.226924241
0.25096427,-8.033688560,-8.224112219
0.25101936,-8.033694170,-8.224929098
0.25107444,-8.033699669,-8.225660780
0.25112953,-8.033705264,-8.222796903
0.25118461,-8.033710641,-8.226992071
0.25123969,-8.033716210,-8.220393679
0.25129478,-8.033721454,-8.227945163
0.25134986,-8.033726980,-8.217526450
0.25140495,-8.033732075,-8.228299570
0.25146003,-8.033737533,-8.213975023
0.25151512,-8.033742451,-8.227708090
0.25157020,-8.033747804,-8.209354081
0.25162528,-8.033752509,-8.225730701
0.25168037,-8.033757710,-8.203239660
0.25173545,-8.033762154,-8.221950535
0.25179054,-8.033767137,-8.195265699
0.25184562,-8.033771211,-8.215615463
0.25190071,-8.033775913,-8.183029586
0.25195579,-8.033779468,-8.206752342
0.25201087,-8.033783843,-8.165025566
0.25206596,-8.033786696,-8.195913542
0.25212104,-8.033790671,-8.139845414
0.25217613,-8.033792599,-8.182004346
0.25223121,-8.033796072,-8.105847441
0.25228630,-8.033796807,-8.163979736
0.25234138,-8.033799494,-8.061372865
0.25239647,-8.033798875,-8.134858441
0.25245155,-8.033800291,-8.010509619
0.25250663,-8.033798090,-8.087109638
0.25256172,-8.033797376,-7.950970451
0.25261680,-8.033793536,-8.006935228
0.25267189,-8.033790104,-7.889733134
0.25272697,-8.033784626,-7.905456563
0.25278206,-8.033777969,-7.829753295
0.25283714,-8.033770915,-7.787214963
0.25289222,-8.033760752,-7.774076175
0.25294731,-8.033751559,-7.662489083
0.25300239,-8.033736452,-7.700792927
0.25305748,-8.033724576,-7.492419320
0.25311256,-8.033703847,-7.613230447
0.25316765,-8.033688852,-7.310144072
0.25322273,-8.033662022,-7.518354315
0.25327781,-8.033640517,-7.128008988
0.25333290,-8.033608858,-7.322542856
0.25338798,-8.033579894,-7.009984603
0.25344307,-8.033541772,-7.120501834
0.25349815,-8.033494190,-6.864416557
0.25355324,-8.033449559,-6.624052592
0.25360832,-8.033369057,-6.759028160
0.25366341,-8.033322982,-5.843836232
0.25371849,-8.033210837,-6.839148832
0.25377357,-8.033161039,-5.291309451
0.25382866,-8.033009918,-6.884766917
0.25388374,-8.032937158,-4.781980036
0.25393883,-8.032733249,-6.581634247
0.25399391,-8.032560717,-4.309565615
0.25404900,-8.032217944,-5.226196238
0.25410408,-8.031969922,-3.215308200
0.25415916,-8.031492725,-5.056297643
0.25421425,-8.031126109,-3.226405458
0.25426933,-8.029829396,-4.976655405
0.25432442,-8.025800367,-0.134378764
0.25437950,-8.020924349,3.704626924
0.25443459,-7.985735990,-2.173457523
0.25448967,6.342820881,14.859075720
0.25454475,21.298345815,27.737602437
0.25459984,33.230494853,38.723377465
0.25465492,43.252955647,47.782527163
0.25471001,49.749979032,51.717429643
0.25476509,47.417901223,43.118378810
0.25482018,36.158858532,29.199353990
0.25487526,30.686790091,32.174225472
0.25493034,39.200300626,46.226359740
0.25498543,46.947675887,47.668991865
0.25504051,51.509021083,55.349045509
0.25509560,47.667918510,39.986810681
0.25515068,35.321179276,30.655554943
0.25520577,32.124243286,33.592930928
0.25526085,37.931800432,42.270663819
0.25531594,46.487853885,50.705038173
0.25537102,52.185649511,53.666260138
0.25542610,49.689470716,45.712686432
0.25548119,38.663155331,31.613640378
0.25553627,33.031869619,34.450098206
0.25559136,41.325952603,48.201791640
0.25564644,48.946989471,49.692187123
0.25570153,53.088817619,56.485444366
0.25575661,57.830994754,59.176544553
0.25581169,51.793667725,44.410808607
0.25586678,39.805026214,35.199250712
0.25592186,36.377992633,37.556734102
0.25597695,41.563690467,45.570641615
0.25603203,48.680277316,51.789909875
0.25608712,52.694678973,53.599447804
0.25614220,56.949029209,60.298606968
0.25619728,52.924507893,45.550426487
0.25625237,41.310436668,37.070452690
0.25630745,37.837372174,38.604291467
0.25636254,42.820246691,47.036196140
0.25641762,50.927930051,54.819659041
0.25647271,55.302745472,55.785831828
0.25652779,56.772257318,57.758682493
0.25658288,59.238774641,60.718866077
0.25663796,61.903833101,63.088799669
0.25669304,51.522831845,39.956907485
0.25674813,40.823894731,41.690881733
0.25680321,45.375357364,49.059828585
0.25685830,53.108521764,57.157209617
0.25691338,57.089503963,57.021798310
0.25696847,56.310140311,55.598482477
0.25702355,55.078384918,54.558287447
0.25707863,53.169460524,51.780634228
0.25713372,52.365431986,52.950229634
0.25718880,49.701828407,46.453430609
0.25724389,44.557173938,42.660918435
0.25729897,42.366137471,42.071356535
0.25735406,44.029958397,45.988559012
0.25740914,51.206948142,56.425328424
0.25746422,57.906111499,59.386893862
0.25751931,60.182037265,60.977180462
0.25757439,62.073312346,63.169443839
0.25762948,62.949757928,62.730072032
0.25768456,57.702824098,52.675584375
0.25773965,48.268108025,43.860637985
0.25779473,44.727104429,45.593570628
0.25784982,48.369312027,51.145050922
0.25790490,54.982060809,58.819065913
0.25795998,59.775675818,60.732285426
0.25801507,61.675970082,62.619654448
0.25807015,63.348573018,64.077491415
0.25812524,58.234244457,52.391008592
0.25818032,47.942003631,43.493005102
0.25823541,44.498324381,45.503643333
0.25829049,48.634046685,51.764446853
0.25834557,55.575051920,59.385652269
0.25840066,60.277791955,61.169931381
0.25845574,62.260580858,63.351229948
0.25851083,63.690903596,64.030577207
0.25856591,64.890226590,65.749875734
0.25862100,65.803924849,65.857973964
0.25867608,66.550056773,67.242139427
0.25873116,61.643983505,56.045837766
0.25878625,52.375768979,48.705704568
0.25884133,49.101358526,49.497012432
0.25889642,52.672601639,55.848187569
0.25895150,58.456099615,61.064009451
0.25900659,62.572853950,64.081697710
0.25906167,64.786748518,65.491799164
0.25911676,66.499620693,67.507441892
0.25917184,66.968601373,66.429760947
0.25922692,61.780814089,57.131874254
0.25928201,52.548972311,47.966077193
0.25933709,48.902210376,49.838343274
0.25939218,52.356783542,54.875221749
0.25944726,58.920063715,62.964900364
0.25950235,62.865896153,62.766891945
0.25955743,64.489476398,66.212059886
0.25961251,66.236784798,66.261509710
0.25966760,67.488651853,68.715793506
0.25972268,67.879320969,67.042848658
0.25977777,62.897943473,58.753043870
0.25983285,54.023468073,49.293899544
0.25988794,50.376259039,51.458618152
0.25994302,53.630512384,55.802405083
0.25999810,59.584441858,63.366473985
0.26005319,63.951508407,64.536542718
0.26010827,65.967978897,67.399414409
0.26016336,67.368036398,67.336658386
0.26021844,68.313243420,69.289828144
0.26027353,68.210972855,67.132117944
0.26032861,62.671518739,58.210925998
0.26038370,54.299662790,50.388404553
0.26043878,51.709138762,53.029872404
0.26049386,55.370371154,57.710868123
0.26054895,61.443710797,65.176548943
0.26060403,64.696822077,64.217095287
0.26065912,66.384373598,68.551650383
0.26071420,67.765017572,66.978384962
0.26076929,68.590291356,70.202196906
0.26082437,63.888887307,57.575590658
0.26087945,54.248796301,50.922005539
0.26093454,50.884275430,50.846545321
0.26098962,54.495551683,58.144553718
0.26104471,60.393246120,62.641936879
0.26109979,64.540282932,66.438627815
0.26115488,66.121553832,65.804479880
0.26120996,67.635103449,69.465725930
0.26126504,68.595687892,67.725650099
0.26132013,63.428192386,59.130740673
0.26137521,54.395682211,49.660631034
0.26143030,50.943250547,52.225869524
0.26148538,54.465439644,56.705008134
0.26154047,60.916532425,65.128050952
0.26159555,66.336870052,67.545688677
0.26165063,68.142214159,68.738739525
0.26170572,68.532434725,68.326129939
0.26176080,63.321296684,58.316471567
0.26181589,53.744396683,49.172328591
0.26187097,50.180903851,51.189478781
0.26192606,53.882030666,56.574580195
0.26198114,60.811656410,65.048726792
0.26203623,65.671901684,66.295076451
0.26209131,67.625937270,68.956797514
0.26214639,62.233823725,55.510864621
0.26220148,51.592804594,47.674749555
0.26225656,48.235928365,48.797107072
0.26231165,52.608889460,56.420667128
0.26236673,59.458316080,62.495962035
0.26242182,64.404401988,66.312840758
0.26247690,66.407380133,66.501919505
0.26253198,60.787644866,55.073380836
0.26258707,50.688532420,46.303690251
0.26264215,47.590308115,48.876925440
0.26269724,51.966721905,55.056515268
0.26275232,59.640857721,64.225193345
0.26280741,63.949194088,63.673194855
0.26286249,58.403901302,53.134616771
0.26291757,48.490890443,43.847171121
0.26297266,45.362632725,46.878093583
0.26302774,49.740563651,52.603031057
0.26308283,58.027889543,63.452738467
0.26313791,63.338733164,63.224727865
0.26319300,57.769208934,52.313699673
0.26324808,47.592297453,42.870902476
0.26330317,44.556982730,46.243062060
0.26335825,49.180390414,52.117715964
0.26341333,57.586462174,63.055198666
0.26346842,62.500688458,61.946178350
0.26352350,56.948637400,51.951104564
0.26357859,47.302331064,42.653564585
0.26363367,44.360491529,46.067417527
0.26368876,48.776346161,51.485272410
0.26374384,57.100283418,62.715284181
0.26379892,54.186515099,45.657769650
0.26385401,43.331025407,41.004282923
0.26390909,41.779666581,42.555050043
0.26396418,46.987625077,51.420193727
0.26401926,55.600557226,59.780915046
0.26407435,52.635957145,45.491015831
0.26412943,42.736730711,39.982448056
0.26418451,41.220835251,42.459221948
0.26423960,46.069898974,49.680571764
0.26429468,55.825051995,61.969519958
0.26434977,53.217115034,44.464735000
0.26440485,42.280923733,40.097114015
0.26445994,41.009834862,41.922555438
0.26451502,46.407124887,50.891687802
0.26457011,55.024616281,59.157539211
0.26462519,52.162117374,45.166711437
0.26468027,42.570228112,39.973746976
0.26473536,41.192739793,42.411732127
0.26479044,45.946568854,49.481401522
0.26484553,45.226345332,40.971295024
0.26490061,40.278462727,39.585630585
0.26495570,39.936105896,40.286581167
0.26501078,42.406547590,44.526512553
0.26506586,42.247822331,39.969133797
0.26512095,39.788249390,39.607364993
0.26517603,39.726411054,39.845457110
0.26523112,40.967437236,42.089416954
0.26528620,40.954246477,39.819076419
0.26534129,39.773324525,39.727572631
0.26539637,39.782111145,39.836649657
0.26545145,40.386315529,40.935981303
0.26550654,40.407213718,39.878446224
0.26556162,39.866495334,39.854544443
0.26561671,39.888697121,39.922849798
0.26567179,40.170733497,40.418617176
0.26572688,40.200968507,39.983319854
0.26578196,39.983589969,39.983860083
0.26583705,40.009792143,40.035724203
0.26589213,40.130048150,40.224372095
0.26594721,40.156801297,40.089230500
0.26600230,40.088929751,40.088629003
0.26605738,40.109785928,40.130942854
0.26611247,40.151818291,40.172693728
0.26616755,40.175507410,40.178321092
0.26622264,40.177377908,40.176434723
0.26627772,40.193675647,40.210916571
0.26633280,40.197751066,40.184585561
0.26638789,40.224168379,40.263751197
0.26644297,40.267302726,40.270854255
0.26649806,40.284327427,40.297800600
0.26655314,40.267378091,40.236955582
0.26660823,40.292042062,40.347128541
0.26666331,40.350564772,40.354001004
0.26671839,40.364377511,40.374754017
0.26677348,40.337799039,40.300844061
0.26682856,40.336561605,40.372279149
0.26688365,40.354296731,40.336314313
0.26693873,40.347489363,40.358664413
0.26699382,40.342338995,40.326013577
0.26704890,40.337118324,40.348223072
0.26710399,40.332052467,40.315881862
0.26715907,40.327339808,40.338797754
0.26721415,40.314264203,40.289730652
0.26726924,40.355149344,40.420568035
0.26732432,40.445525003,40.470481971
0.26737941,40.480585420,40.490688869
0.26743449,40.451880824,40.413072779
0.26748958,40.491134412,40.569196044
0.26754466,40.592078506,40.614960967
0.26759974,40.628923859,40.642886750
0.26765483,40.564691253,40.486495758
0.26770991,40.531639686,40.576783614
0.26776500,40.598706715,40.620629816
0.26782008,40.631251739,40.641873662
0.26787517,40.629658874,40.617444086
0.26793025,40.627143378,40.636842670
0.26798533,40.624212477,40.611582283
0.26804042,40.620723486,40.629864689
0.26809550,40.616639022,40.603413355
0.26815059,40.612116912,40.620820469
0.26820567,40.607099858,40.593379248
0.26826076,40.618453385,40.643527521
0.26831584,40.614661295,40.585795069
0.26837092,40.612945154,40.640095239
0.26842601,40.626422245,40.612749251
0.26848109,40.625351779,40.637954307
0.26853618,40.618823006,40.599691705
0.26859126,40.624353753,40.649015800
0.26864635,40.643747091,40.638478382
0.26870143,40.647263428,40.656048473
0.26875652,40.638635423,40.621222373
0.26881160,40.647608516,40.673994658
0.26886668,40.672937870,40.671881083
0.26892177,40.678918464,40.685955846
0.26897685,40.668009442,40.650063039
0.26903194,40.678972033,40.707881026
0.26908702,40.709311313,40.710741599
0.26914211,40.716596110,40.722450620
0.26919719,40.629575732,40.536700846
0.26925227,40.554126755,40.571552663
0.26930736,40.634035650,40.696518636
0.26936244,40.702547281,40.708575926
0.26941753,40.699076519,40.689577112
0.26947261,40.695666747,40.701756382
0.26952770,40.692223376,40.682690371
0.26958278,40.688824936,40.694959500
0.26963786,40.685384536,40.675809572
0.26969295,40.681977565,40.688145558
0.26974803,40.678520715,40.668895873
0.26980312,40.711045065,40.753194257
0.26985820,40.739611689,40.726029120
0.26991329,40.737634480,40.749239840
0.26996837,40.737372077,40.725504313
0.27002346,40.731605887,40.737707461
0.27007854,40.727850039,40.717992618
0.27013362,40.724143490,40.730294362
0.27018871,40.720434135,40.710573909
0.27024379,40.725791289,40.741008669
0.27029888,40.730182560,40.719356451
0.27035396,40.742964732,40.766573012
0.27040905,40.768839321,40.771105629
0.27046413,40.779835682,40.788565735
0.27051921,40.771468292,40.754370849
0.27057430,40.787781017,40.821191184
0.27062938,40.826279188,40.831367191
0.27068447,40.838254236,40.845141282
0.27073955,40.771901482,40.698661684
0.27079464,40.718826468,40.738991252
0.27084972,40.776778092,40.814564933
0.27090480,40.821521693,40.828478454
0.27095989,40.817330959,40.806183464
0.27101497,40.813175126,40.820166788
0.27107006,40.808991620,40.797816453
0.27112514,40.804842493,40.811868534
0.27118023,40.800665882,40.789463229
0.27123531,40.796522939,40.803582648
0.27129040,40.792359583,40.781136518
0.27134548,40.813188682,40.845240845
0.27140056,40.829287022,40.813333199
0.27145565,40.833597968,40.853862737
0.27151073,40.845746626,40.837630514
0.27156582,40.845665400,40.853700285
0.27162090,40.841367364,40.829034443
0.27167599,40.837090496,40.845146549
0.27173107,40.832796104,40.820445660
0.27178615,40.828522303,40.836598947
0.27184124,40.824231511,40.811864076
0.27189632,40.819960605,40.828057133
0.27195141,40.815673106,40.803289079
0.27200649,40.811405136,40.819521193
0.27206158,40.807120983,40.794720773
0.27211666,40.802856378,40.810991983
0.27217174,40.798576009,40.786160035
0.27222683,40.794315315,40.802470595
0.27228191,40.790039156,40.777607717
0.27233700,40.785782768,40.793957820
0.27239208,40.781511040,40.769064260
0.27244717,40.777259233,40.785454207
0.27250225,40.772992051,40.760529895
0.27255734,40.768744976,40.776960057
0.27261242,40.764511786,40.752063514
0.27266750,40.766559241,40.781054967
0.27272259,40.764377968,40.747700968
0.27277767,40.776384762,40.805068556
0.27283276,40.802983403,40.800898251
0.27288784,40.810537830,40.820177410
0.27294293,40.760377565,40.700577722
0.27299801,40.719743000,40.738908277
0.27305309,40.761312993,40.783717709
0.27310818,40.793375921,40.803034133
0.27316326,40.789086258,40.775138383
0.27321835,40.784806412,40.794474442
0.27327343,40.780520638,40.766566835
0.27332852,40.776244648,40.785922461
0.27338360,40.771962828,40.758003196
0.27343868,40.767690618,40.777378040
0.27349377,40.763412705,40.749447369
0.27354885,40.759144273,40.768841176
0.27360394,40.754870258,40.740899341
0.27365902,40.750605731,40.760312121
0.27371411,40.746335748,40.732359375
0.27376919,40.742075352,40.751791329
0.27382428,40.737809626,40.723827924
0.27387936,40.733553618,40.743279312
0.27393444,40.729292322,40.715305333
0.27398953,40.725040910,40.734776488
0.27404461,40.720784045,40.706791604
0.27409970,40.716537335,40.726283067
0.27415478,40.712299741,40.698316414
0.27420987,40.727761681,40.757206948
0.27426495,40.740235840,40.723264731
0.27432003,40.744083754,40.764902776
0.27437512,40.753005537,40.741108298
0.27443020,40.752526166,40.763944034
0.27448529,40.748335382,40.732726730
0.27454037,40.744149060,40.755571390
0.27459546,40.739992967,40.724414544
0.27465054,40.740785946,40.757157348
0.27470562,40.738597315,40.720037283
0.27476071,40.749814130,40.779590976
0.27481579,40.773391218,40.767191459
0.27487088,40.780299586,40.793407713
0.27492596,40.776186008,40.758964303
0.27498105,40.772072267,40.785180232
0.27503613,40.767975418,40.750770604
0.27509121,40.765117489,40.779464374
0.27514630,40.755642443,40.731820512
0.27520138,40.768968352,40.806116191
0.27525647,40.800379967,40.794643743
0.27531155,40.809722530,40.824801316
0.27536664,40.796501375,40.768201434
0.27542172,40.810506898,40.852812361
0.27547681,40.846113927,40.839415494
0.27553189,40.855913041,40.872410587
0.27558697,40.840736636,40.809062685
0.27564206,40.855088726,40.901114767
0.27569714,40.893133609,40.885152451
0.27575223,40.903231277,40.921310102
0.27580731,40.886974986,40.852639870
0.27586240,40.901555172,40.950470473
0.27591748,40.941077929,40.931685385
0.27597256,40.951404352,40.971123319
0.27602765,40.921766238,40.872409158
0.27608273,40.906724542,40.941039925
0.27613782,40.928494899,40.915949872
0.27619290,40.935657001,40.955364129
0.27624799,40.931732858,40.908101586
0.27630307,40.927793597,40.947485607
0.27635815,40.923873857,40.900262108
0.27641324,40.919935809,40.939609511
0.27646832,40.916015687,40.892421863
0.27652341,40.912077213,40.931732563
0.27657849,40.908153330,40.884574098
0.27663358,40.904213249,40.923852401
0.27668866,40.900282503,40.876712606
0.27674375,40.896339654,40.915966703
0.27679883,40.892397812,40.868828922
0.27685391,40.888449561,40.908070200
0.27690900,40.884494443,40.860918685
0.27696408,40.880539174,40.900159662
0.27701917,40.876573553,40.852987445
0.27707425,40.872612576,40.892237706
0.27712934,40.868642414,40.845047122
0.27718442,40.864678074,40.884309026
0.27723950,40.860707960,40.837106895
0.27729459,40.856742047,40.876377198
0.27734967,40.852774214,40.829171231
0.27740476,40.848808043,40.868444855
0.27745984,40.844843381,40.821241908
0.27751493,40.840877636,40.860513365
0.27757001,40.836914822,40.813316279
0.27762509,40.832948510,40.852580741
0.27768018,40.828983712,40.805386683
0.27773526,40.825014389,40.844642095
0.27779035,40.821043962,40.797445829
0.27784543,40.817069765,40.836693701
0.27790052,40.813093240,40.789492778
0.27795560,40.814630382,40.839767985
0.27801069,40.810491509,40.781215034
0.27806577,40.822674162,40.864133290
0.27812085,40.850932888,40.837732486
0.27817594,40.858801561,40.879870636
0.27823102,40.854756142,40.829641647
0.27828611,40.850705192,40.871768736
0.27834119,40.846662088,40.821555441
0.27839628,40.842612723,40.863670005
0.27845136,40.838571308,40.813472612
0.27850644,40.834523093,40.855573574
0.27856153,40.830481239,40.805388905
0.27861661,40.826432788,40.847476671
0.27867170,40.822388333,40.797299996
0.27872678,40.818338424,40.839376851
0.27878187,40.814298694,40.789220538
0.27883695,40.811633694,40.834046851
0.27889203,40.800495417,40.766943983
0.27894712,40.814136985,40.861329987
0.27900220,40.848157164,40.834984341
0.27905729,40.857398650,40.879812959
0.27911237,40.827376540,40.774940123
0.27916746,40.809743509,40.844546894
0.27922254,40.831541864,40.818536835
0.27927763,40.840951453,40.863366072
0.27933271,40.836841459,40.810316846
0.27938779,40.832729872,40.855142898
0.27944288,40.828621820,40.802100742
0.27949796,40.824510444,40.846920147
0.27955305,40.820403261,40.793886375
0.27960813,40.816291337,40.838696300
0.27966322,40.812183580,40.785670860
0.27971830,40.808070287,40.830469713
0.27977338,40.803961044,40.777452375
0.27982847,40.799845857,40.822239339
0.27988355,40.795739055,40.769238772
0.27993864,40.798701634,40.828164497
0.27999372,40.797217063,40.766269629
0.28004881,40.806888117,40.847506605
0.28010389,40.829087661,40.810668717
0.28015897,40.836116254,40.861563790
0.28021406,40.827088867,40.792613945
0.28026914,40.839116436,40.885618927
0.28032423,40.868325747,40.851032566
0.28037931,40.875827397,40.900622228
0.28043440,40.851566525,40.802510821
0.28048948,40.838132207,40.873753593
0.28054457,40.854040005,40.834326418
0.28059965,40.859019951,40.883713483
0.28065473,40.854868856,40.826024229
0.28070982,40.850673071,40.875321913
0.28076490,40.846536372,40.817750832
0.28081999,40.842357929,40.866965026
0.28087507,40.838223028,40.809481031
0.28093016,40.834054650,40.858628270
0.28098524,40.829912637,40.801197004
0.28104032,40.825750470,40.850303936
0.28109541,40.821599554,40.792895172
0.28115049,40.817441597,40.841988022
0.28120558,40.813283604,40.784579186
0.28126066,40.809127615,40.833676044
0.28131575,40.804964933,40.776253822
0.28137083,40.800808693,40.825363565
0.28142591,40.796642843,40.767922122
0.28148100,40.792484744,40.817047367
0.28153608,40.788316697,40.759586027
0.28159117,40.784155687,40.808725348
0.28164625,40.779986188,40.751247028
0.28170134,40.775820967,40.800394905
0.28175642,40.771649808,40.742904711
0.28181150,40.767479006,40.792053300
0.28186659,40.763306006,40.734558712
0.28192167,40.759129269,40.783699826
0.28197676,40.754955671,40.726211515
0.28203184,40.750773895,40.775336274
0.28208693,40.746601981,40.717867688
0.28214201,40.742416504,40.766965320
0.28219710,40.738247923,40.709530528
0.28225218,40.734059675,40.758588823
0.28230726,40.729894589,40.701200354
0.28236235,40.725703989,40.750207623
0.28241743,40.721541582,40.692875542
0.28247252,40.717348923,40.741822305
0.28252760,40.713193597,40.684564889
0.28258269,40.714025114,40.743485338
0.28263777,40.711340619,40.679195901
0.28269285,40.719451421,40.759706941
0.28274794,40.738672283,40.717637626
0.28280302,40.742363836,40.767090045
0.28285811,40.738242771,40.709395498
0.28291319,40.734093966,40.758792434
0.28296828,40.729984507,40.701176580
0.28302336,40.727102881,40.753029181
0.28307844,40.718551836,40.684074491
0.28313353,40.728391355,40.772708218
0.28318861,40.753431055,40.734153891
0.28324370,40.758874126,40.783594361
0.28329878,40.754810669,40.726026977
0.28335387,40.750716054,40.775405129
0.28340895,40.746654591,40.717904054
0.28346404,40.742562173,40.767220291
0.28351912,40.738503064,40.709785837
0.28357420,40.734412964,40.759040090
0.28362929,40.730356412,40.701672734
0.28368437,40.726268589,40.750864445
0.28373946,40.722214497,40.693564550
0.28379454,40.718128751,40.742692952
0.28384963,40.714081137,40.685469323
0.28390471,40.710308766,40.735148210
0.28395979,40.698884768,40.662621326
0.28401488,40.709348796,40.756076265
0.28406996,40.738127912,40.720179559
0.28412505,40.744246229,40.768312899
0.28418013,40.740246388,40.712179877
0.28423522,32.690810477,24.669461982
0.28429030,23.309760793,21.950060203
0.28434538,19.824651726,17.699244717
0.28440047,28.765967676,39.832650841
0.28445555,39.871732433,39.910814023
0.28451064,34.873978523,29.837151267
0.28456572,34.857194782,39.877230109
0.28462081,40.166466100,40.455702065
0.28467589,40.376271660,40.296841257
0.28473098,40.272274078,40.247706899
0.28478606,40.477850860,40.707994805
0.28484114,40.576166872,40.444338945
0.28489623,40.536466028,40.628593109
0.28495131,40.549139064,40.469685021
0.28500640,40.531932664,40.594180305
0.28506148,40.559845023,40.525509740
0.28511657,40.572018142,40.618526543
0.28517165,40.592984490,40.567442438
0.28522673,40.609991586,40.652540734
0.28528182,40.632414999,40.612289264
0.28533690,40.648820742,40.685352219
0.28539199,40.667546540,40.649740862
0.28544707,40.513874087,40.378007319
0.28550216,40.314439901,40.250872484
0.28555724,40.343738892,40.436605296
0.28561232,40.390018924,40.343432552
0.28566741,40.348111046,40.352789541
0.28572249,40.317989064,40.283188589
0.28577758,40.320319945,40.357451301
0.28583266,40.328447918,40.299444534
0.28588775,40.336452632,40.373460729
0.28594283,40.344464350,40.315467972
0.28599792,40.334589454,40.353710937
0.28605300,40.325926447,40.298141957
0.28610808,40.322306099,40.346470242
0.28616317,40.319740709,40.293011177
0.28621825,40.320553049,40.348094921
0.28627334,40.341608353,40.335121785
0.28632842,40.363362404,40.391603022
0.28638351,40.366850858,40.342098694
0.28643859,40.361744264,40.381389833
0.28649367,40.351163373,40.320936912
0.28654876,40.345213966,40.369491019
0.28660384,40.331701622,40.293912224
0.28665893,40.349449370,40.404986515
0.28671401,40.394133460,40.383280406
0.28676910,40.407087180,40.430893954
0.28682418,40.407942641,40.384991329
0.28687926,40.408337047,40.431682766
0.28693435,40.407174404,40.382666043
0.28698943,40.406052082,40.429438120
0.28704452,40.421183338,40.412928555
0.28709960,40.438544182,40.464159809
0.28715469,40.444931826,40.425703844
0.28720977,40.444912213,40.464120582
0.28726486,40.437471968,40.410823354
0.28731994,40.432837445,40.454851535
0.28737502,40.427548155,40.400244776
0.28743011,40.426401120,40.452557465
0.28748519,40.414973998,40.377390531
0.28754028,40.451170137,40.524949742
0.28759536,40.530887338,40.536824934
0.28765045,40.555748209,40.574671485
0.28770553,40.550344812,40.526018139
0.28776061,40.547021425,40.568024711
0.28781570,40.544821739,40.521618768
0.28787078,40.543288689,40.564958610
0.28792587,40.518674652,40.472390694
0.28798095,40.545846452,40.619302209
0.28803604,40.617917749,40.616533289
0.28809112,40.638500114,40.660466939
0.28814620,40.633711957,40.606956974
0.28820129,40.627936111,40.648915247
0.28825637,40.624178452,40.599441657
0.28831146,40.620206500,40.640971343
0.28836654,40.617789595,40.594607847
0.28842163,40.615524743,40.636441639
0.28847671,40.613879581,40.591317524
0.28853179,40.611202248,40.631086973
0.28858688,40.582671092,40.534255211
0.28864196,40.599203897,40.664152582
0.28869705,40.651806768,40.639460954
0.28875213,40.658823090,40.678185225
0.28880722,40.656300367,40.634415510
0.28886230,40.655200686,40.675985862
0.28891739,40.654654614,40.633323366
0.28897247,40.653025231,40.672727096
0.28902755,40.650540937,40.628354778
0.28908264,40.652226057,40.676097335
0.28913772,40.652536359,40.628975383
0.28919281,40.651167305,40.673359226
0.28924789,40.648655128,40.623951030
0.28930298,40.644830091,40.665709152
0.28935806,40.641526437,40.617343723
0.28941314,40.637862290,40.658380858
0.28946823,40.635406148,40.612431438
0.28952331,40.632566038,40.652700638
0.28957840,40.628797628,40.604894618
0.28963348,40.623714066,40.642533513
0.28968857,40.599426047,40.556318583
0.28974365,40.613857083,40.671395581
0.28979873,40.661224591,40.651053601
0.28985382,40.670995882,40.690938162
0.28990890,40.668470642,40.646003122
0.28996399,40.665430499,40.684857875
0.29001907,40.663085083,40.641312291
0.29007416,40.660272180,40.679232069
0.29012924,40.658189252,40.637146436
0.29018433,40.655559150,40.673971865
0.29023941,40.652274924,40.630577983
0.29029449,40.648002950,40.665427917
0.29034958,40.626736594,40.588045272
0.29040466,40.636116092,40.684186912
0.29045975,40.673407750,40.662628588
0.29051483,40.681693582,40.700758576
0.29056992,40.685221345,40.669684115
0.29062500,40.686790379,40.703896644
0.29068008,40.687482639,40.671068634
0.29073517,40.688991279,40.706913924
0.29079025,40.688310147,40.669706370
0.29084534,40.687301733,40.704897097
0.29090042,40.685124413,40.665351729
0.29095551,40.682611080,40.699870430
0.29101059,40.679953361,40.660036293
0.29106567,40.676874273,40.693712252
0.29112076,40.672642703,40.651573154
0.29117584,40.668000705,40.684428255
0.29123093,40.663712023,40.642995791
0.29128601,40.659350485,40.675705178
0.29134110,40.655652289,40.635599400
0.29139618,40.651802231,40.668005062
0.29145127,40.648432517,40.628859972
0.29150635,40.644804310,40.660748648
0.29156143,40.641604964,40.622461279
0.29161652,40.637833336,40.653205393
0.29167160,40.634078688,40.614951983
0.29172669,40.629953213,40.644954442
0.29178177,40.625802754,40.606651066
0.29183686,40.621050265,40.635449463
0.29189194,40.602965025,40.570480586
0.29194702,40.616480794,40.662481001
0.29200211,40.659273846,40.656066691
0.29205719,40.668822940,40.681579190
0.29211228,40.651700949,40.621822709
0.29216736,40.666347963,40.710873216
0.29222245,40.711724809,40.712576402
0.29227753,40.723292734,40.734009066
0.29233261,40.706115449,40.678221833
0.29238770,40.723309673,40.768397512
0.29244278,40.773997767,40.779598021
0.29249787,40.788127750,40.796657478
0.29255295,40.712117444,40.627577411
0.29260804,40.654272254,40.680967097
0.29266312,40.711421901,40.741876705
0.29271821,40.733777344,40.725677982
0.29277329,40.715859472,40.706040963
0.29282837,40.707465314,40.708889665
0.29288346,40.699399142,40.689908618
0.29293854,40.723627585,40.757346551
0.29299363,40.740098807,40.722851063
0.29304871,40.719088415,40.715325766
0.29310380,40.690792764,40.666259762
0.29315888,40.671547984,40.676836206
0.29321396,40.673800274,40.670764342
0.29326905,40.683235796,40.695707250
0.29332413,40.697414011,40.699120772
0.29337922,40.707297963,40.715475154
0.29343430,40.713116929,40.710758704
0.29348939,40.718434660,40.726110616
0.29354447,40.720481591,40.714852565
0.29359955,40.722492293,40.730132021
0.29365464,40.722912911,40.715693800
0.29370972,40.722892673,40.730091547
0.29376481,40.722470520,40.714849493
0.29381989,40.645555938,40.576262385
0.29387498,40.539358314,40.502454244
0.29393006,40.528526694,40.554599145
0.29398514,40.542049014,40.529498884
0.29404023,40.550334477,40.571170070
0.29409531,40.567600791,40.564031513
0.29415040,40.569760954,40.575490396
0.29420548,40.575910084,40.576329772
0.29426057,40.610794729,40.645259685
0.29431565,40.629868693,40.614477701
0.29437074,40.632257470,40.650037240
0.29442582,40.638036901,40.626036563
0.29448090,40.620776499,40.615516435
0.29453599,40.614847052,40.614177668
0.29459107,40.660445068,40.706712468
0.29464616,40.746652322,40.786592175
0.29470124,40.800517337,40.814442500
0.29475633,40.806309229,40.798175959
0.29481141,40.807192742,40.816209525
0.29486649,40.811141750,40.806073976
0.29492158,40.809579959,40.813085942
0.29497666,40.788244580,40.763403219
0.29503175,40.802660222,40.841917224
0.29508683,40.851822905,40.861728586
0.29514192,40.863212225,40.864695863
0.29519700,40.866716488,40.868737113
0.29525208,40.872587414,40.876437715
0.29530717,40.876300255,40.876162794
0.29536225,40.879660651,40.883158507
0.29541734,40.880417035,40.877675562
0.29547242,40.879693815,40.881712068
0.29552751,40.879154163,40.876596259
0.29558259,40.876744293,40.876892328
0.29563768,40.857568861,40.838245395
0.29569276,40.880215382,40.922185368
0.29574784,40.946547084,40.970908799
0.29580293,40.965214894,40.959520988
0.29585801,40.875053181,40.790585376
0.29591310,40.808946151,40.827306925
0.29596818,40.895988707,40.964670488
0.29602327,40.959312918,40.953955348
0.29607835,40.957155884,40.960356420
0.29613343,40.954601039,40.948845659
0.29618852,40.952100484,40.955355308
0.29624360,40.981245898,41.007136488
0.29629869,41.001504747,40.995873006
0.29635377,40.996411042,40.996949078
0.29640886,41.002990617,41.009032157
0.29646394,41.003405125,40.997778093
0.29651902,41.005116216,41.012454339
0.29657411,41.011362740,41.010271142
0.29662919,41.035689512,41.061107882
0.29668428,41.041347353,41.021586824
0.29673936,41.033830372,41.046073920
0.29679445,41.043524594,41.040975268
0.29684953,41.078021869,41.115068470
0.29690462,41.085434990,41.055801511
0.29695970,41.072864149,41.089926787
0.29701478,41.083898415,41.077870043
0.29706987,41.124344074,41.170818105
0.29712495,41.132409278,41.094000452
0.29718004,41.095697752,41.097395052
0.29723512,41.075209141,41.053023229
0.29729021,41.105825288,41.158627347
0.29734529,41.129198361,41.099769376
0.29740037,41.130436291,41.161103206
0.29745546,41.138733453,41.116363699
0.29751054,41.167436029,41.218508358
0.29756563,41.172737373,41.126966387
0.29762071,41.144894947,41.162823507
0.29767580,41.128841582,41.094859657
0.29773088,41.150207077,41.205554495
0.29778596,41.160140795,41.114727096
0.29784105,41.156927502,41.199127907
0.29789613,41.153897137,41.108666368
0.29795122,41.150714718,41.192763068
0.29800630,41.156413963,41.120064857
0.29806139,41.159482936,41.198901014
0.29811647,41.171132452,41.143363890
0.29817156,41.202347364,41.261330836
0.29822664,41.213393651,41.165456467
0.29828172,41.204068881,41.242681294
0.29833681,41.220793246,41.198905199
0.29839189,41.266702192,41.334499183
0.29844698,41.281323800,41.228148418
0.29850206,41.265257120,41.302365823
0.29855715,41.286432531,41.270499239
0.29861223,41.344469669,41.418440097
0.29866731,41.363235860,41.308031624
0.29872240,41.342425710,41.376819796
0.29877748,41.364644107,41.352468418
0.29883257,41.426627144,41.500785868
0.29888765,41.446494506,41.392203145
0.29894274,41.423531664,41.454860182
0.29899782,41.446952164,41.439044145
0.29905290,41.510349685,41.581655223
0.29910799,41.531591468,41.481527715
0.29916307,41.507782627,41.534037540
0.29921816,41.535300890,41.536564241
0.29927324,41.604048088,41.671531933
0.29932833,41.629494325,41.587456718
0.29938341,41.604106843,41.620756968
0.29943850,51.161152755,60.701518968
0.29949358,51.094763518,41.488038054
0.29954866,41.589154612,41.690271166
0.29960375,41.760606057,41.830940946
0.29965883,46.615262558,51.399576734
0.29971392,46.607931660,41.816294046
0.29976900,41.818743853,41.821193659
0.29982409,41.847353901,41.873514143
0.29987917,44.267414045,46.661312085
0.29993425,52.666376652,58.671429501
0.29998934,51.469574521,44.267736393
0.30004442,43.100345456,41.932954962
0.30009951,42.554566089,43.176177091
0.30015459,46.762263679,50.348346088
0.30020968,46.489001954,42.629662660
0.30026476,42.330436078,42.031209526
0.30031984,42.224167677,42.417125815
0.30037493,44.319165485,46.221203979
0.30043001,53.703548713,61.185875255
0.30048510,52.586586315,43.987321402
0.30054018,43.171325395,42.355329605
0.30059527,42.819415164,43.283500652
0.30065035,47.633686035,51.983865268
0.30070543,55.483778478,58.983687707
0.30076052,53.062475032,47.141273748
0.30081560,44.842855892,42.544439753
0.30087069,43.748251635,44.952063047
0.30092577,47.884314088,50.816562334
0.30098086,56.306756806,61.796941483
0.30103594,54.154358240,46.511793974
0.30109103,44.899808255,43.287823379
0.30114611,43.955387894,44.622952264
0.30120119,48.592563349,52.562169315
0.30125628,55.998832443,59.435491733
0.30131136,53.600442704,47.765404739
0.30136645,45.427371952,43.089340941
0.30142153,44.268178454,45.447015517
0.30147662,48.318984164,51.190950132
0.30153170,56.604106422,62.017253191
0.30158678,60.757125865,59.496999055
0.30164187,55.374551574,51.252109616
0.30169695,48.089144801,44.926183238
0.30175204,46.997489366,49.068794100
0.30180712,51.215566318,53.362337038
0.30186221,58.116024100,62.869703819
0.30191729,55.612384524,48.355082342
0.30197237,46.634996951,44.914912520
0.30202746,45.373302681,45.831692773
0.30208254,49.721379564,53.611061440
0.30213763,56.770500730,59.929936778
0.30219271,61.930946696,63.931955312
0.30224780,57.851274548,51.770605797
0.30230288,49.071311725,46.372020021
0.30235797,47.089423527,47.806826865
0.30241305,51.246003395,54.685176082
0.30246813,57.645554075,60.605929221
0.30252322,62.461612816,64.317295292
0.30257830,58.412174588,52.507065214
0.30263339,49.760217702,47.013372641
0.30268847,47.692512789,48.371652788
0.30274356,51.727954599,55.084252749
0.30279864,59.282702644,63.481146811
0.30285372,65.629259300,67.777370290
0.30290881,60.444912869,53.112472918
0.30296389,50.257542331,47.402614393
0.30301898,48.646533262,49.890451628
0.30307406,53.962105641,58.033754267
0.30312915,59.710500823,61.387246465
0.30318423,63.347749629,65.308251544
0.30323931,59.381444377,53.454648624
0.30329440,50.924541229,48.394435913
0.30334948,48.808504057,49.222572145
0.30340457,52.636673358,56.050770784
0.30345965,58.795891055,61.541008879
0.30351474,64.528481798,67.515951817
0.30356982,60.559749746,53.603563396
0.30362491,50.916430793,48.229300535
0.30367999,48.820949659,49.412598668
0.30373507,53.305926400,57.199249207
0.30379016,62.345155511,67.491053212
0.30384524,67.008668110,66.526283083
0.30390033,61.633379541,56.740483779
0.30395541,52.734953413,48.729428261
0.30401050,49.941672902,51.153917065
0.30406558,54.033217992,56.912516226
0.30412066,59.734666168,62.556813521
0.30417575,64.287502737,66.018190979
0.30423083,67.301642595,68.585093676
0.30428592,63.008373403,57.431663234
0.30434100,53.901650315,50.371641445
0.30439609,51.455177304,52.538712782
0.30445117,55.471532189,58.404348801
0.30450625,63.299773082,68.195189577
0.30456134,67.854124243,67.513058948
0.30461642,69.601506783,71.689953201
0.30467151,70.245434978,68.800917433
0.30472659,65.479796353,62.158678858
0.30478168,57.684440603,53.210208853
0.30483676,54.642846009,56.075482498
0.30489185,57.811299718,59.547115959
0.30494693,63.145734177,66.744348188
0.30500201,67.271627365,67.798906452
0.30505710,69.344462353,70.890017479
0.30511218,65.058595682,59.227184935
0.30516727,56.340768384,53.454354541
0.30522235,53.794362562,54.134370546
0.30527744,57.489196814,60.844019425
0.30533252,63.995744777,67.147466903
0.30538760,68.194519446,69.241571634
0.30544269,69.655059018,70.068546347
0.30549777,70.599913199,71.131279960
0.30555286,66.337436657,61.543600821
0.30560794,58.337028237,55.130458993
0.30566303,55.656405254,56.182351426
0.30571811,58.937502241,61.692650590
0.30577319,64.188998271,66.685343928
0.30582828,67.613274932,68.541205656
0.30588336,69.213836306,69.886466809
0.30593845,70.197952955,70.509439070
0.30599353,70.715425475,70.921411867
0.30604862,66.896457301,62.871507999
0.30610370,59.754253166,56.637001490
0.30615879,57.273694413,57.910387204
0.30621387,60.099122574,62.287856387
0.30626895,64.774491086,67.261123776
0.30632404,68.022352053,68.783580142
0.30637912,69.302417779,69.821255328
0.30643421,70.353247032,70.885238645
0.30648929,71.029299013,71.173359374
0.30654438,71.404531455,71.635703518
0.30659946,67.714658308,63.793618094
0.30665454,61.104264219,58.414912693
0.30670963,59.014785561,59.614658312
0.30676471,68.477069625,77.339455417
0.30681980,78.724608509,80.109760977
0.30687488,74.535132699,68.960514518
0.30692997,71.318032080,73.675547835
0.30698505,70.547149466,67.418754276
0.30704013,73.793008421,80.167249365
0.30709522,75.848743858,71.530244411
0.30715030,70.861397526,70.192550787
0.30720539,64.301390030,58.410240550
0.30726047,61.225425127,64.040607129
0.30731556,64.022591011,64.004574893
0.30737064,66.860168305,69.715759067
0.30742572,68.922289429,68.128819996
0.30748081,74.289883161,80.450933992
0.30753589,79.880703451,79.310473015
0.30759098,84.120227801,88.929975070
0.30764606,83.151863607,77.373762992
0.30770115,72.569136060,67.764516629
0.30775623,65.470649615,63.176784311
0.30781132,62.950777343,62.724770392
0.30786640,65.373822412,68.022872152
0.30792148,68.374028578,68.725184963
0.30797657,73.707118186,78.689043344
0.30803165,75.289141697,71.889243806
0.30808674,73.760822300,75.632399656
0.30814182,74.088379934,72.544360987
0.30819691,75.734896348,78.925428403
0.30825199,76.362027194,73.798628121
0.30830707,75.360068594,76.921508276
0.30836216,75.487983783,74.054459959
0.30841724,72.454508750,70.854558374
0.30847233,67.001907834,63.149262117
0.30852741,64.520710652,65.892158576
0.30858250,66.442389483,66.992620291
0.30863758,70.447919353,73.903214536
0.30869266,72.802548054,71.701881965
0.30874775,73.159069082,74.616255509
0.30880283,73.989124725,73.361994069
0.30885792,76.476068487,79.590139754
0.30891300,83.160100095,86.730056296
0.30896809,81.643182123,76.556316358
0.30902317,78.203396157,79.850475075
0.30907826,77.575150039,75.299826685
0.30913334,74.368001785,73.436177166
0.30918842,69.530580280,65.624988350
0.30924351,66.646976316,67.668963943
0.30929859,68.108693106,68.548422206
0.30935368,75.169103853,81.789771257
0.30940876,83.640009406,85.490246442
0.30946385,85.768899044,86.047551622
0.30951893,80.654027970,75.260513769
0.30957401,79.037716645,82.814914884
0.30962910,79.844422879,76.873933741
0.30968418,81.576318446,86.278695966
0.30973927,81.814368712,77.350047935
0.30979435,77.371672902,77.393297869
0.30984944,71.210022130,65.026758813
0.30990452,67.633100046,70.239439071
0.30995960,69.661385929,69.083332895
0.31001469,71.145118569,73.206902861
0.31006977,76.595210930,79.983515269
0.31012486,82.519942169,85.056366978
0.31017994,82.327678422,79.598992285
0.31023503,81.415989509,83.232985660
0.31029011,80.835594266,78.438204739
0.31034520,81.091208250,83.744209474
0.31040028,85.095525140,86.446840213
0.31045536,75.424804887,64.402809034
0.31051045,63.570570732,62.738332655
0.31056553,66.671636104,70.604934525
0.31062062,76.798075219,82.991203450
0.31067570,79.031712128,75.072225899
0.31073079,74.803202843,74.534179811
0.31078587,66.082469403,57.630782204
0.31084095,51.849715931,46.068660516
0.31089604,37.589815835,29.110994513
0.31095112,22.698937658,16.286894162
0.31100621,10.816912129,5.346939818
0.31106129,0.838627300,-3.669678614
0.31111638,-5.627653625,-7.585627391
0.31117146,-3.306749626,0.972122190
0.31122654,7.901530070,14.830922349
0.31128163,13.350050672,11.869179707
0.31133671,4.873196980,-2.122769845
0.31139180,-2.839744376,-3.556718741
0.31144688,-7.376644613,-11.196565744
0.31150197,-3.553287786,4.089971190
0.31155705,8.735406376,13.380834551
0.31161214,11.918679681,10.456525505
0.31166722,6.135628114,1.814736788
0.31172230,-1.925560811,-5.665853866
0.31177739,-8.312457456,-10.959058770
0.31183247,-6.284554952,-1.610058234
0.31188756,5.408364094,12.426770417
0.31194264,11.014891577,9.603013385
0.31199773,2.757266273,-4.088465612
0.31205281,-4.828976683,-5.569487574
0.31210789,-2.647536369,0.274412063
0.31216298,-7.867969926,-9.368046162
0.31221806,-10.423465325,-11.478884127
0.31227315,-1.310896670,8.857057194
0.31232823,7.682869385,6.508682025
0.31238332,2.519990828,-1.468695200
0.31243840,-4.224952780,-6.981207891
0.31249348,-6.763430243,-6.545652611
0.31254857,-8.146055767,-9.746458091
0.31260365,-5.597506771,-1.448561045
0.31265874,2.772190351,6.992935959
0.31271382,6.229764157,5.466592544
0.31276891,1.268960726,-2.928665366
0.31282399,-4.943400948,-6.958135211
0.31287908,-7.647277569,-9.193138064
0.31293416,-7.895505012,-8.326039853
0.31298924,-7.924136104,-8.758143499
0.31304433,-9.092406360,-9.426669184
0.31309941,-2.653981679,4.118690922
0.31315450,3.256001953,2.393313225
0.31320958,-1.274400436,-4.942109726
0.31326467,-6.289394996,-7.636679676
0.31331975,-8.805604418,-9.974528716
0.31337483,23.897108171,57.768372289
0.31342992,30.869379396,3.970621597
0.31348500,-4.864495967,-13.699588169
0.31354009,-8.003030530,-4.000101385
0.31359517,-7.929745182,-13.484621026
0.31365026,-8.009560279,-4.171747743
0.31370534,-8.010319132,-13.222067021
0.31376042,-8.017622117,-8.222598680
0.31381551,-8.017790573,-10.855427598
0.31387059,-8.021162029,-8.113463397
0.31392568,-8.021458869,-10.309263435
0.31398076,-8.023350757,-8.275570529
0.31403585,-8.023606925,-9.909104789
0.31409093,-8.024827917,-8.324355781
0.31414601,-8.025003367,-9.641311469
0.31420110,-8.025877741,-8.287606406
0.31425618,-8.025977870,-9.465518951
0.31431127,-8.026655753,-8.207522521
0.31436635,-8.026695057,-9.353055096
0.31442144,-8.027254236,-8.110080392
0.31447652,-8.027246471,-9.286183309
0.31453161,-8.027727501,-8.009146378
0.31458669,-8.027677508,-9.244636346
0.31464177,-8.027941448,-7.894918509
0.31469686,-8.027825542,-8.748752019
0.31475194,-8.028005627,-7.705691831
0.31480703,-8.027808972,-8.532610759
0.31486211,-8.027982733,-7.477846388
0.31491720,-8.027762420,-8.512466017
0.31497228,-8.027953774,-7.416863888
0.31502736,-8.027725487,-8.556580605
0.31508245,-8.027937730,-7.399823509
0.31513753,-8.027704468,-8.610514569
0.31519262,-8.027937204,-7.389031216
0.31524770,-8.027698357,-8.665121900
0.31530279,-8.027950513,-7.374270295
0.31535787,-8.027704792,-8.718950438
0.31541295,-8.027975171,-7.353849640
0.31546804,-8.027721535,-8.771771089
0.31552312,-8.028008873,-7.328624257
0.31557821,-8.027746755,-8.823401574
0.31563329,-8.028049719,-7.300014852
0.31568838,-8.027779016,-8.873583514
0.31574346,-8.028096203,-7.269391714
0.31579855,-8.027817197,-8.922028521
0.31585363,-8.028147154,-7.237909616
0.31590871,-8.027860424,-8.968464187
0.31596380,-8.028201661,-7.206486445
0.31601888,-8.027908000,-9.012659781
0.31607397,-8.028259020,-7.175825131
0.31612905,-8.027959362,-9.054436678
0.31618414,-8.028318681,-7.146446228
0.31623922,-8.028014045,-9.093669563
0.31629430,-8.028380210,-7.118719773
0.31634939,-8.028071651,-9.130282766
0.31640447,-8.028443261,-7.092893977
0.31645956,-8.028131836,-9.164244440
0.31651464,-8.028507552,-7.069120382
0.31656973,-8.028194291,-9.195559997
0.31662481,-8.028572847,-7.047475422
0.31667989,-8.028258733,-9.224265572
0.31673498,-8.028638945,-7.027978319
0.31679006,-8.028324897,-9.250419697
0.31684515,-8.028705669,-7.010581990
0.31690023,-8.028392518,-9.274109102
0.31695532,-8.028772847,-6.995185746
0.31701040,-8.028461338,-9.295434268
0.31706549,-8.028840312,-6.981661089
0.31712057,-8.028531100,-9.314496111
0.31717565,-8.028907895,-6.969874173
0.31723074,-8.028601552,-9.331390981
0.31728582,-8.028975431,-6.959699247
0.31734091,-8.028672449,-9.346211274
0.31739599,-8.029042757,-6.951024263
0.31745108,-8.028743563,-9.359047907
0.31750616,-8.029109722,-6.943751624
0.31756124,-8.028814678,-9.369992472
0.31761633,-8.029176189,-6.937796555
0.31767141,-8.028885603,-9.379138353
0.31772650,-8.029242033,-6.933084648
0.31778158,-8.028956164,-9.386580814
0.31783667,-8.029307150,-6.929549403
0.31789175,-8.029026212,-9.392416404
0.31794683,-8.029371451,-6.927130138
0.31800192,-8.029095620,-9.396741969
0.31805700,-8.029434864,-6.925770363
0.31811209,-8.029164280,-9.399653566
0.31816717,-8.029497332,-6.925416610
0.31822226,-8.029232106,-9.401245430
0.31827734,-8.029558813,-6.926017639
0.31833243,-8.029299028,-9.401609079
0.31838751,-8.029619277,-6.927523944
0.31844259,-8.029364992,-9.400832618
0.31849768,-8.029678708,-6.929887466
0.31855276,-8.029429959,-9.399000230
0.31860785,-8.029737094,-6.933061464
0.31866293,-8.029493900,-9.396191838
0.31871802,-8.029794436,-6.937000465
0.31877310,-8.029556799,-9.392482922
0.31882818,-8.029850740,-6.941660280
0.31888327,-8.029618646,-9.387944454
0.31893835,-8.029906016,-6.946998036
0.31899344,-8.029679440,-9.382642933
0.31904852,-8.029960280,-6.952972223
0.31910361,-8.029739186,-9.376640480
0.31915869,-8.030013550,-6.959542725
0.31921377,-8.029797892,-9.369994988
0.31926886,-8.030065849,-6.966670848
0.31932394,-8.029855571,-9.362760284
0.31937903,-8.030117198,-6.974319319
0.31943411,-8.029912239,-9.354986316
0.31948920,-8.030167623,-6.982452271
0.31954428,-8.029967915,-9.346719299
0.31959937,-8.030217149,-6.991035195
0.31965445,-8.030022618,-9.338001863
0.31970953,-8.030265799,-7.000034896
0.31976462,-8.030076368,-9.328873198
0.31981970,-8.030313600,-7.009419426
0.31987479,-8.030129187,-9.319369252
0.31992987,-8.030360576,-7.019158034
0.31998496,-8.030181095,-9.309522814
0.32004004,-8.030406750,-7.029221157
0.32009512,-8.030232113,-9.299363544
0.32015021,-8.030452144,-7.039580470
0.32020529,-8.030282261,-9.288917971
0.32026038,-8.030496779,-7.050208529
0.32031546,-8.030331557,-9.278209250
0.32037055,-8.030540675,-7.061078159
0.32042563,-8.030380019,-9.267257216
0.32048071,-8.030583847,-7.072161965
0.32053580,-8.030427660,-9.256078294
0.32059088,-8.030626308,-7.083431533
0.32064597,-8.030474492,-9.244685526
0.32070105,-8.030668068,-7.094856954
0.32075614,-8.030520517,-9.233080403
0.32081122,-8.030709127,-7.106381074
0.32086630,-8.030565725,-9.221260885
0.32092139,-8.030749471,-7.117932691
0.32097647,-8.030610088,-9.209208782
0.32103156,-8.030789044,-7.129396751
0.32108664,-8.030653533,-9.196739740
0.32114173,-8.030827752,-7.140668301
0.32119681,-8.030695936,-9.183680656
0.32125190,-8.030865423,-7.151536484
0.32130698,-8.030737024,-9.169648180
0.32136206,-8.030901776,-7.161365014
0.32141715,-8.030776403,-9.154445337
0.32147223,-8.030936412,-7.169409890
0.32152732,-8.030813602,-9.137859468
0.32158240,-8.030968795,-7.175204936
0.32163749,-8.030847863,-9.119211164
0.32169257,-8.030998083,-7.177274968
0.32174765,-8.030878268,-9.097564524
0.32180274,-8.031023403,-7.175193008
0.32185782,-8.030903965,-9.072854044
0.32191291,-8.031043968,-7.169256841
0.32196799,-8.030924253,-9.045287825
0.32202308,-8.031059160,-7.160224264
0.32207816,-8.030938283,-9.015291107
0.32213324,-8.031067724,-7.146643357
0.32218833,-8.030944661,-8.979673819
0.32224341,-8.031068245,-7.127950896
0.32229850,-8.030941591,-8.937978355
0.32235358,-8.031057457,-7.102051934
0.32240867,-8.030924448,-8.878946626
0.32246375,-8.031031101,-7.060824449
0.32251884,-8.030876803,-8.804716511
0.32257392,-8.030125130,-6.920987688
0.32262900,-8.030139457,-3.459145379
0.32268409,-8.029034975,-8.105215001
0.32273917,-8.028903354,-3.074661063
0.32279426,-8.027532128,-7.539867738
0.32284934,-8.026792713,-3.847227551
0.32290443,-8.025242203,-6.287714574
0.32295951,-8.024282853,-5.155835949
0.32301459,-8.022252101,-6.627391080
0.32306968,-8.020865439,-5.710076678
0.32312476,-8.018055881,-6.796295655
0.32317985,-8.013775741,-6.116983534
0.32323493,-8.010362947,-6.042261245
0.32329002,-7.997604877,-6.899091387
0.32334510,-7.992637343,-5.615304532
0.32340018,-7.938191343,-7.390863470
0.32345527,-7.922981551,-5.567822835
0.32351035,-5.315365332,-5.062907849
0.32356544,-2.459699235,0.143507177
0.32362052,-1.594495870,-3.332497935
0.32367561,-1.690897845,-0.049298630
0.32373069,-1.890955984,-3.732612236
0.32378578,-2.102106922,-0.471602471
0.32384086,-2.303698914,-4.135794266
0.32389594,-3.114333605,-2.092873283
0.32395103,-4.472097530,-6.851319938
0.32400611,-6.014150325,-5.176980940
0.32406120,-7.756899447,-10.336815790
0.32411628,-7.898605248,-6.163655067
0.32417137,-7.403697219,-8.643738872
0.32422645,-3.561953168,1.519824145
0.32428153,-1.406617925,-4.333057214
0.32433662,-4.176464434,-4.019871661
0.32439170,-5.890506554,-7.761140309
0.32444679,-6.465577452,-5.170015140
0.32450187,-7.904239358,-10.638461147
0.32455696,-7.911664963,-5.687075606
0.32461204,-7.001728139,-8.316380110
0.32466712,-1.303353615,5.709656900
0.32472221,2.870395864,0.031137447
0.32477729,2.702292710,5.373445654
0.32483238,2.355756700,-0.661929296
0.32488746,2.206973452,5.075873526
0.32494255,2.241068644,-0.593733627
0.32499763,2.052262648,4.698256648
0.32505272,2.372637143,0.047019395
0.32510780,2.628527257,5.210032954
0.32516288,3.095396845,0.980762189
0.32521797,3.006319662,5.031875801
0.32527305,3.130714754,1.229554882
0.32532814,3.040512247,4.851468547
0.32538322,3.394897453,1.938327048
0.32543831,3.446903958,4.955480128
0.32549339,3.522960480,2.090441498
0.32554847,3.245624301,4.400806670
0.32560356,3.496305855,2.591805306
0.32565864,3.618227874,4.644650099
0.32571373,3.659436438,2.674223092
0.32576881,3.281517932,3.888812652
0.32582390,3.447002252,3.005191914
0.32587898,3.591447867,4.177703708
0.32593406,3.652514317,3.127325016
0.32598915,3.255805823,3.384286626
0.32604423,3.394281592,3.404276558
0.32609932,3.594245574,3.784214578
0.32615440,3.526643971,3.269073385
0.32620949,3.297686372,3.326299359
0.32626457,3.340284859,3.354270359
0.32631966,3.454618979,3.554967597
0.32637474,3.432322138,3.309676684
0.32642982,3.325698273,3.341719862
0.32648491,3.351995366,3.362270870
0.32653999,3.355685837,3.349100803
0.32659508,3.359378947,3.369657091
0.32665016,3.354044214,3.338431337
0.32670525,3.349671421,3.360911505
0.32676033,3.336943219,3.312974933
0.32681541,3.311179224,3.309383516
0.32687050,3.300229259,3.291075002
0.32692558,3.308560421,3.326045840
0.32698067,3.292316711,3.258587583
0.32703575,3.253983353,3.249379123
0.32709084,3.242058901,3.234738679
0.32714592,3.308126745,3.381514809
0.32720100,3.360975818,3.340436826
0.32725609,3.303272355,3.266107885
0.32731117,3.258718585,3.251329284
0.32736626,3.262890990,3.274452696
0.32742134,3.267028812,3.259604929
0.32747643,3.271194022,3.282783116
0.32753151,3.275325170,3.267867225
0.32758659,3.279483518,3.291099811
0.32764168,3.283608511,3.276117211
0.32769676,3.287753662,3.299390113
0.32775185,3.267012805,3.234635497
0.32780693,3.250983182,3.267330868
0.32786202,3.246690240,3.226049612
0.32791710,3.234593376,3.243137139
0.32797219,3.234673918,3.226210698
0.32802727,3.238953158,3.251695619
0.32808235,3.243211493,3.234727367
0.32813744,3.247487107,3.260246846
0.32819252,3.251742391,3.243237935
0.32824761,3.256014423,3.268790911
0.32830269,3.260266828,3.251742745
0.32835778,3.264535584,3.277328423
0.32841286,3.268785068,3.260241713
0.32846794,3.273050495,3.285859277
0.32852303,3.277296630,3.268733984
0.32857811,3.281558291,3.294382599
0.32863320,3.285800536,3.277218472
0.32868828,3.290058008,3.302897543
0.32874337,3.294295966,3.285694389
0.32879845,3.298549029,3.311403669
0.32885353,3.302782428,3.294161188
0.32890862,3.307030967,3.319900745
0.32896370,3.311259657,3.302618569
0.32901879,3.315474351,3.328330133
0.32907387,3.313435261,3.298540388
0.32912896,3.315606836,3.332673284
0.32918404,3.303650738,3.274628193
0.32923913,3.277165825,3.279703457
0.32929421,3.269643180,3.259582902
0.32934929,3.319588033,3.379593162
0.32940438,3.360049583,3.340506003
0.32945946,3.318657461,3.296808918
0.32951455,3.286730434,3.276651950
0.32956963,3.291001354,3.305350757
0.32962472,3.295262671,3.285174585
0.32967980,3.299529720,3.313884855
0.32973488,3.303787201,3.293689548
0.32978997,3.308050315,3.322411082
0.32984505,3.312304034,3.302196986
0.32990014,3.316563261,3.330929535
0.32995522,3.320813220,3.310696905
0.33001031,3.325068566,3.339440227
0.33006539,3.329314640,3.319189053
0.33012047,3.333565973,3.347942893
0.33017556,3.337807935,3.327672977
0.33023064,3.342055032,3.356437086
0.33028573,3.346292626,3.336148167
0.33034081,3.350535314,3.364922460
0.33039590,3.354768334,3.344614208
0.33045098,3.359006611,3.373399014
0.33050607,3.363234951,3.353070888
0.33056115,3.367454042,3.381837196
0.33061623,3.352057439,3.322277682
0.33067132,3.339636396,3.356995110
0.33072640,3.335804494,3.314613878
0.33078149,3.326920609,3.339227340
0.33083657,3.327397608,3.315567876
0.33089166,3.331570082,3.347572289
0.33094674,3.335738284,3.323904280
0.33100182,3.339876219,3.355848157
0.33105691,3.339086273,3.322324390
0.33111199,3.341265179,3.360205968
0.33116708,3.330095685,3.299985403
0.33122216,3.306619325,3.313253248
0.33127725,3.299739979,3.286226710
0.33133233,3.303835574,3.321444437
0.33138741,3.307931496,3.294418554
0.33144250,3.312010435,3.329602316
0.33149758,3.314855883,3.300109451
0.33155267,3.324289968,3.348470484
0.33160775,3.311020358,3.273570233
0.33166284,3.279743084,3.285915935
0.33171792,3.270439904,3.254963873
0.33177301,3.283604011,3.312244149
0.33182809,3.269657719,3.227071289
0.33188317,3.234203097,3.241334905
0.33193826,3.224445341,3.207555776
0.33199334,3.239556273,3.271556770
0.33204843,3.225264938,3.178973107
0.33210351,3.187383028,3.195792949
0.33215860,3.177328026,3.158863102
0.33221368,3.193514158,3.228165213
0.33226876,3.178995755,3.129826298
0.33232385,3.139642449,3.149458601
0.33237893,3.129359706,3.109260811
0.33243402,3.158870116,3.208479419
0.33248910,3.173847358,3.139215298
0.33254419,3.152170186,3.165125074
0.33259927,3.145038268,3.124951461
0.33265435,3.148945196,3.172938932
0.33270944,3.152867329,3.132795726
0.33276452,3.156769876,3.180744026
0.33281961,3.160690803,3.140637580
0.33287469,3.164593735,3.188549889
0.33292978,3.168515089,3.148480289
0.33298486,3.172421767,3.196363244
0.33303995,3.176344724,3.156326203
0.33309503,3.180258239,3.204190274
0.33315011,3.184183955,3.164177636
0.33320520,3.188108521,3.212039405
0.33326028,3.192039619,3.172039833
0.33331537,3.195977407,3.219914981
0.33337045,3.199915496,3.179916011
0.33342554,3.203863743,3.227811475
0.33348062,3.207807519,3.187803563
0.33353570,3.211760290,3.235717017
0.33359079,3.215707417,3.195697818
0.33364587,3.219660144,3.243622470
0.33370096,3.223608840,3.203595211
0.33375604,3.227559297,3.251523383
0.33381113,3.231508253,3.211493123
0.33386621,3.235455556,3.259417988
0.33392129,3.239404090,3.219390191
0.33397638,3.243349555,3.267308919
0.33403146,3.247298657,3.227288394
0.33408655,3.251246099,3.275203804
0.33414163,3.255198201,3.235192598
0.33419672,3.259151251,3.283109904
0.33425180,3.263108208,3.243106513
0.33430688,3.267067333,3.291028152
0.33436197,3.265536391,3.240044630
0.33441705,3.269657167,3.299269705
0.33447214,3.257525999,3.215782294
0.33452722,3.229388156,3.242994018
0.33458231,3.221552629,3.200111240
0.33463739,3.225580340,3.251049441
0.33469248,3.229613713,3.208177986
0.33474756,3.233639121,3.259100257
0.33480264,3.237670919,3.216241582
0.33485773,3.241694648,3.267147714
0.33491281,3.245725303,3.224302893
0.33496790,3.249749472,3.275196050
0.33502298,3.253780366,3.232364681
0.33507807,3.257807126,3.283249570
0.33513315,3.261839474,3.240429378
0.33518823,3.265861531,3.291293684
0.33524332,3.268514861,3.245736038
0.33529840,3.279605032,3.313474026
0.33535349,3.266021149,3.218568272
0.33540857,3.232146548,3.245724824
0.33546366,3.222944047,3.200163270
0.33551874,3.252837029,3.305510787
0.33557382,3.270394705,3.235278624
0.33562891,3.248689498,3.262100371
0.33568399,3.239319597,3.216538824
0.33573908,3.243411613,3.270284402
0.33579416,3.247505371,3.224726341
0.33584925,3.251595456,3.278464570
0.33590433,3.255689006,3.232913442
0.33595942,3.259778228,3.286643013
0.33601450,3.263872327,3.241101640
0.33606958,3.267962122,3.294822603
0.33612467,3.272057588,3.249292572
0.33617975,3.276148864,3.303005155
0.33623484,3.280246218,3.257487280
0.33628992,3.284335066,3.311182851
0.33634501,3.281384746,3.251586641
0.33640009,3.282862607,3.314138573
0.33645517,3.273232341,3.232326109
0.33651026,3.251127653,3.269929197
0.33656534,3.244128620,3.218328044
0.33662043,3.253116940,3.287905836
0.33667551,3.241140213,3.194374590
0.33673060,3.212055877,3.229737164
0.33678568,3.204585820,3.179434476
0.33684076,3.228742249,3.278050021
0.33689585,3.242119049,3.206188078
0.33695093,3.226279152,3.246370225
0.33700602,3.221320061,3.196269896
0.33706110,3.225452997,3.254636098
0.33711619,3.229630589,3.204625080
0.33717127,3.233749193,3.262873305
0.33722636,3.237909520,3.212945734
0.33728144,3.242026336,3.271106938
0.33733652,3.246176644,3.221246350
0.33739161,3.250300545,3.279354740
0.33744669,3.254444670,3.229534601
0.33750178,3.258577438,3.287620275
0.33755686,3.262717374,3.237814474
0.33761195,3.266857191,3.295899908
0.33766703,3.270995171,3.246090434
0.33772211,3.275139659,3.304188883
0.33777720,3.279277891,3.254366898
0.33783228,3.283425535,3.312484171
0.33788737,3.287565621,3.262647071
0.33794245,3.291715456,3.320783840
0.33799754,3.295858443,3.270933046
0.33805262,3.300009725,3.329086403
0.33810770,3.304156908,3.279227413
0.33816279,3.308309844,3.337392275
0.33821787,3.312462588,3.287532901
0.33827296,3.316617359,3.345701816
0.33832804,3.320776013,3.295850211
0.33838313,3.324931382,3.354012554
0.33843821,3.329095057,3.304177561
0.33849330,3.333248750,3.362319939
0.33854838,3.337416113,3.312512287
0.33860346,3.341566489,3.370620690
0.33865855,3.345736613,3.320852536
0.33871363,3.349883511,3.378914486
0.33876872,3.354055979,3.329197472
0.33882380,3.358200210,3.387202948
0.33887889,3.362374730,3.337546513
0.33893397,3.366511914,3.395477314
0.33898905,3.365683593,3.335889872
0.33904414,3.368356245,3.400822617
0.33909922,3.360279552,3.319736488
0.33915431,3.341140689,3.362544890
0.33920939,3.337464480,3.312384071
0.33926448,3.341567544,3.370751016
0.33931956,3.345698393,3.320645770
0.33937464,3.349789903,3.378934035
0.33942973,3.352658956,3.326383878
0.33948481,3.361173027,3.395962175
0.33953990,3.351374963,3.306787751
0.33959498,3.326442198,3.346096646
0.33965007,3.321021914,3.295947182
0.33970515,3.325067614,3.354188046
0.33976024,3.329144500,3.304100955
0.33981532,3.333188215,3.362275476
0.33987040,3.337262916,3.312250356
0.33992549,3.341304289,3.370358222
0.33998057,3.345376683,3.320395144
0.34003566,3.349415512,3.378435880
0.34009074,3.353485640,3.328535400
0.34014583,3.357522022,3.386508643
0.34020091,3.361590084,3.336671525
0.34025599,3.365620016,3.394568507
0.34031108,3.369376035,3.344183564
0.34036616,3.380750761,3.417317958
0.34042125,3.370330831,3.323343705
0.34047633,3.341674651,3.360005596
0.34053142,3.335581983,3.311158370
0.34058650,3.339564343,3.367970315
0.34064158,11.355078125,19.342165207
0.34069667,20.696266856,22.050367909
0.34075175,24.166742676,26.283115989
0.34080684,15.263406662,4.243736791
0.34086192,4.204378980,4.165021170
0.34091701,9.180875114,14.196720884
0.34097209,9.197587470,4.198462177
0.34102717,3.910905055,3.623347960
0.34108226,3.701988014,3.780628067
0.34113734,3.805540466,3.830452865
0.34119243,3.600835038,3.371217228
0.34124751,3.502939176,3.634661119
0.34130260,3.542471232,3.450281347
0.34135768,3.529852078,3.609422808
0.34141277,3.546985164,3.484547522
0.34146785,3.519191907,3.553836291
0.34152293,3.507070088,3.460303886
0.34157802,3.486193135,3.512082383
0.34163310,3.469257853,3.426433322
0.34168819,3.446930089,3.467426856
0.34174327,3.430593624,3.393760393
0.34179836,3.411947661,3.430134930
0.34185344,3.564968153,3.699801371
0.34190852,3.763548733,3.827296095
0.34196361,3.734373601,3.641451110
0.34201869,3.688291136,3.735131161
0.34207378,3.730021063,3.724910966
0.34212886,3.760013899,3.795116832
0.34218395,3.757692571,3.720268310
0.34223903,3.749599020,3.778929729
0.34229411,3.741627904,3.704326079
0.34234920,3.733650111,3.762974142
0.34240428,3.743482830,3.723991519
0.34245937,3.752108459,3.780225399
0.34251445,3.755713138,3.731200877
0.34256954,3.758267223,3.785333570
0.34262462,3.757458000,3.729582431
0.34267971,3.736492400,3.743402369
0.34273479,3.714830218,3.686258068
0.34278987,3.711356347,3.736454626
0.34284496,3.716440972,3.696427318
0.34290004,3.726976280,3.757525241
0.34295513,3.732900146,3.708275051
0.34301021,3.746354375,3.784433698
0.34306530,3.728681518,3.672929340
0.34312038,3.684188184,3.695447027
0.34317546,3.671289042,3.647131056
0.34323055,3.670436903,3.693742749
0.34328563,3.670043841,3.646344933
0.34334072,3.671201175,3.696057417
0.34339580,3.672318413,3.648579409
0.34345089,3.657251539,3.665923670
0.34350597,3.639963957,3.614004243
0.34356105,3.633603299,3.653202354
0.34361614,3.633622501,3.614042648
0.34367122,3.641030583,3.668018519
0.34372631,3.645645133,3.623271747
0.34378139,3.650911462,3.678551176
0.34383648,3.652053306,3.625555437
0.34389156,3.663431219,3.701307000
0.34394665,3.627388197,3.553469396
0.34400173,3.548011695,3.542553995
0.34405681,3.523255907,3.503957820
0.34411190,3.528635842,3.553313864
0.34416698,3.531944806,3.510575748
0.34422207,3.534134739,3.557693730
0.34427715,3.535660958,3.513628186
0.34433224,3.560169340,3.606710494
0.34438732,3.533112440,3.459514388
0.34444240,3.461349237,3.463184087
0.34449749,3.440853847,3.418523608
0.34455257,3.445621166,3.472718724
0.34460766,3.451372177,3.430025630
0.34466274,3.455113409,3.480201188
0.34471783,3.459068180,3.437935172
0.34477291,3.461474399,3.485013625
0.34482799,3.463729312,3.442444998
0.34488308,3.465367090,3.488289182
0.34493816,3.468032735,3.447776287
0.34499325,3.496441443,3.545106598
0.34504833,3.479978437,3.414850278
0.34510342,3.427600381,3.440350484
0.34515850,3.420613494,3.400876504
0.34521359,3.423125074,3.445373644
0.34526867,3.424219757,3.403065869
0.34532375,3.424763149,3.446460428
0.34537884,3.426385286,3.406310144
0.34543392,3.428858602,3.451407061
0.34548901,3.427180299,3.402953539
0.34554409,3.426870984,3.450788429
0.34559918,3.428233897,3.405679364
0.34565426,3.430734977,3.455790589
0.34570934,3.434543453,3.413296318
0.34576443,3.437832623,3.462368928
0.34581951,3.441480893,3.420592858
0.34587460,3.443926180,3.467259501
0.34592968,3.446753909,3.426248317
0.34598477,3.450505847,3.474763376
0.34603985,3.455567513,3.436371650
0.34609493,3.479751238,3.523130825
0.34615002,3.465381088,3.407631352
0.34620510,3.418215994,3.428800636
0.34626019,3.408485829,3.388171022
0.34631527,3.410999915,3.433828807
0.34637036,3.414026825,3.394224844
0.34642544,3.416361858,3.438498872
0.34648053,3.419162493,3.399826114
0.34653561,3.421236161,3.442646208
0.34659069,3.423854771,3.405063335
0.34664578,3.427124596,3.449185856
0.34670086,3.431378114,3.413570371
0.34675595,3.452553097,3.491535823
0.34681103,3.443213059,3.394890297
0.34686612,3.406080701,3.417271105
0.34692120,3.397829693,3.378388281
0.34697628,3.394316692,3.410245103
0.34703137,3.392753983,3.375262863
0.34708645,3.392064345,3.408865828
0.34714154,3.390561774,3.372257720
0.34719662,3.391239647,3.410221573
0.34725171,3.392243447,3.374265321
0.34730679,3.394411102,3.414556883
0.34736187,3.396913437,3.379269991
0.34741696,3.399559433,3.419848875
0.34747204,3.402625124,3.385401372
0.34752713,3.406838233,3.428275094
0.34758221,3.411460203,3.394645311
0.34763730,3.415730182,3.436815052
0.34769238,3.420072883,3.403330714
0.34774746,3.423754904,3.444179094
0.34780255,3.427588296,3.410997499
0.34785763,3.430943244,3.450888988
0.34791272,3.434555727,3.418222465
0.34796780,3.437741036,3.457259607
0.34802289,3.441496333,3.425733059
0.34807797,3.445234567,3.464736076
0.34813306,3.449342212,3.433948348
0.34818814,3.453474564,3.473000779
0.34824322,3.458206564,3.443412349
0.34829831,3.476214061,3.509015773
0.34835339,3.462755288,3.416494803
0.34840848,3.420145066,3.423795328
0.34846356,3.410636148,3.397476968
0.34851865,3.427684499,3.457892030
0.34857373,3.413099300,3.368306570
0.34862881,3.367916402,3.367526234
0.34868390,3.356397238,3.345268241
0.34873898,3.373500616,3.401732991
0.34879407,3.356379055,3.311025118
0.34884915,3.305907760,3.300790401
0.34890424,3.291837451,3.282884502
0.34895932,3.367521862,3.452159219
0.34901440,3.425121173,3.398083127
0.34906949,3.368215912,3.338348698
0.34912457,3.345954995,3.353561293
0.34917966,3.363795770,3.374030247
0.34923474,3.372153972,3.370277697
0.34928983,3.380185257,3.390092817
0.34934491,3.356059316,3.322025815
0.34940000,3.339658294,3.357290774
0.34945508,3.360579173,3.363867572
0.34951016,3.388753306,3.413639040
0.34956525,3.407916099,3.402193159
0.34962033,3.405673110,3.409153062
0.34967542,3.396277286,3.383401510
0.34973050,3.382159440,3.380917370
0.34978559,3.372317094,3.363716818
0.34984067,3.366522706,3.369328594
0.34989575,3.361227208,3.353125823
0.34995084,3.359188701,3.365251579
0.35000592,3.357186198,3.349120817
0.35006101,3.356767039,3.364413260
0.35011609,3.356786856,3.349160452
0.35017118,3.357206858,3.365253264
0.35022626,3.433794867,3.502336469
0.35028134,3.539537607,3.576738745
0.35033643,3.550322975,3.523907206
0.35039151,3.536858167,3.549809129
0.35044660,3.528607501,3.507405873
0.35050168,3.511414725,3.515423576
0.35055677,3.509263390,3.503103203
0.35061185,3.503140233,3.503177264
0.35066694,3.468403180,3.433629097
0.35072202,3.449410505,3.465191913
0.35077710,3.447031527,3.428871141
0.35083219,3.441276492,3.453681843
0.35088727,3.458463365,3.463244886
0.35094236,3.464367091,3.465489297
0.35099744,3.418962151,3.372435007
0.35105253,3.333123751,3.293812495
0.35110761,3.279487092,3.265161689
0.35116269,3.273719682,3.282277676
0.35121778,3.272839588,3.263401500
0.35127286,3.268907164,3.274412828
0.35132795,3.270461984,3.266511140
0.35138303,3.291705571,3.316900001
0.35143812,3.277350854,3.237801708
0.35149320,3.228398627,3.218995546
0.35154828,3.217057393,3.215119240
0.35160337,3.213567821,3.212016402
0.35165845,3.207721526,3.203426650
0.35171354,3.204024273,3.204621897
0.35176862,3.200677834,3.196733772
0.35182371,3.199924349,3.203114927
0.35187879,3.200644155,3.198173383
0.35193388,3.201181143,3.204188904
0.35198896,3.203580426,3.202971948
0.35204404,3.222673235,3.242374521
0.35209913,3.200122740,3.157870959
0.35215421,3.134075554,3.110280149
0.35220930,3.115486901,3.120693654
0.35226438,3.205261226,3.289828796
0.35231947,3.271086658,3.252344521
0.35237455,3.184417382,3.116490245
0.35242963,3.121362239,3.126234234
0.35248472,3.123509650,3.120785067
0.35253980,3.126053274,3.131321482
0.35259489,3.128542731,3.125763981
0.35264997,3.099521179,3.073278378
0.35270506,3.079349104,3.085419829
0.35276014,3.084420752,3.083421675
0.35281522,3.077869138,3.072316601
0.35287031,3.077456057,3.082595514
0.35292539,3.075751980,3.068908446
0.35298048,3.069531748,3.070155051
0.35303556,3.045309374,3.020463698
0.35309065,3.039675321,3.058886945
0.35314573,3.047159572,3.035432200
0.35320082,3.037506364,3.039580528
0.35325590,3.003157415,2.966734302
0.35331098,2.995775586,3.024816871
0.35336607,3.008291872,2.991766873
0.35342115,2.997304368,3.002841863
0.35347624,2.957032856,2.911223849
0.35353132,2.949001752,2.986779655
0.35358641,2.985554524,2.984329393
0.35364149,3.005955320,3.027581247
0.35369657,2.975470903,2.923360559
0.35375166,2.952197282,2.981034005
0.35380674,2.950964343,2.920894681
0.35386183,2.942702287,2.964509893
0.35391691,2.914123351,2.863736809
0.35397200,2.908844320,2.953951831
0.35402708,2.936566111,2.919180391
0.35408216,2.952550545,2.985920699
0.35413725,2.931276982,2.876633267
0.35419233,2.921385358,2.966137450
0.35424742,2.924584412,2.883031375
0.35430250,2.927601487,2.972171598
0.35435759,2.930769802,2.889368006
0.35441267,2.925094567,2.960821127
0.35446775,2.922038499,2.883255871
0.35452284,2.910438433,2.937620995
0.35457792,2.879358130,2.821095267
0.35463301,2.868358735,2.915622203
0.35468809,2.877642813,2.839663423
0.35474318,2.860989661,2.882315898
0.35479826,2.815279111,2.748242325
0.35485335,2.800719759,2.853197192
0.35490843,2.816716479,2.780235766
0.35496351,2.795631451,2.811027135
0.35501860,2.737845611,2.664664089
0.35507368,2.719159546,2.773655003
0.35512877,2.739879027,2.706103052
0.35518385,2.717755641,2.729408231
0.35523894,2.656041479,2.582674729
0.35529402,2.636259113,2.689843495
0.35534910,2.659121764,2.628400033
0.35540419,2.635801614,2.643203194
0.35545927,2.572679598,2.502156002
0.35551436,2.551528882,2.600901761
0.35556944,2.575233667,2.549565573
0.35562453,2.547833607,2.546101641
0.35567961,2.774181118,3.002260578
0.35573469,2.273068324,1.543876242
0.35578978,1.382271045,1.220665856
0.35584486,1.310187162,1.399708465
0.35589995,1.120462803,0.841217166
0.35595503,1.104289706,1.367362223
0.35601012,1.195354839,1.023347466
0.35606520,1.182884119,1.342420765
0.35612029,1.103965899,0.865511052
0.35617537,1.060262581,1.255014097
0.35623045,1.053633836,0.852253589
0.35628554,1.018604183,1.184954768
0.35634062,0.858487752,0.532020771
0.35639571,0.639517195,0.747013614
0.35645079,0.487102545,0.227191498
0.35650588,0.495200032,0.763208542
0.35656096,-1.162592883,-3.088393104
0.35661604,-1.952958062,-0.817523438
0.35667113,-1.547079198,-2.276634784
0.35672621,-1.355952309,-0.435270108
0.35678130,-1.020752034,-1.606233848
0.35683638,-1.279232417,-0.952231020
0.35689147,-2.859723627,-4.767215053
0.35694655,-4.656484010,-4.545752971
0.35700163,-3.678624125,-2.811495523
0.35705672,-2.262806863,-1.714118302
0.35711180,-2.088409320,-2.462700292
0.35716689,-3.109866423,-3.757032419
0.35722197,-6.455629725,-9.154224666
0.35727706,-7.448241733,-6.559530517
0.35733214,-6.822987240,-7.086443940
0.35738723,-5.730063629,-4.373683916
0.35744231,-6.374951191,-8.376217164
0.35749739,-8.239306538,-8.102395918
0.35755248,-5.535606194,-2.968818611
0.35760756,-6.531369311,-7.925592716
0.35766265,-7.806894913,-7.823077858
0.35771773,-7.861832907,-8.540816857
0.35777282,-7.845196323,-8.097830035
0.35782790,-7.840294190,-7.748433869
0.35788298,-7.663206088,-7.639117394
0.35793807,-7.784973120,-7.339580189
0.35799315,-7.561052135,-7.799817131
0.35804824,-7.782560414,-7.437924625
0.35810332,-7.608773679,-7.946450643
0.35815841,-7.821290498,-7.526770144
0.35821349,-7.715273687,-8.140395086
0.35826857,-7.859215720,-7.576717692
0.35832366,-7.790148492,-8.255984252
0.35837874,-7.884277916,-7.592685636
0.35843383,-7.832410245,-8.295453248
0.35848891,-7.900444416,-7.592333529
0.35854400,-7.858004853,-8.310346246
0.35859908,-7.910535114,-7.587792931
0.35865417,-7.812017181,-8.243623452
0.35870925,-7.843010781,-7.199744968
0.35876433,-7.709933993,-7.841500409
0.35881942,-7.742297565,-7.354246575
0.35887450,-7.534056593,-7.596068342
0.35892959,-7.504954868,-7.245753207
0.35898467,-2.062355560,-2.042321398
0.35903976,-7.775021358,-7.460188683
0.35909484,-8.132596478,-8.805004125
0.35914992,-7.434466391,-6.063929266
0.35920501,-4.350269530,-2.636610749
0.35926009,-4.364791566,-6.092971412
0.35931518,-6.648895810,-7.204820107
0.35937026,-7.479170483,-7.753520836
0.35942535,-4.986137577,-2.218756807
0.35948043,-4.213308124,-6.207858150
0.35953551,-5.817237494,-5.426616889
0.35959060,-6.699524105,-7.972430796
0.35964568,-5.580101477,-3.187774018
0.35970077,-4.736143165,-6.284511533
0.35975585,-4.758712695,-3.232914612
0.35981094,-5.262537088,-7.292158226
0.35986602,-5.260837474,-3.229518063
0.35992111,-4.794542769,-6.359566679
0.35997619,-4.870309689,-3.381053420
0.36003127,-5.126161801,-6.871269193
0.36008636,-5.154880863,-3.438493490
0.36014144,-4.903422256,-6.368350326
0.36019653,-4.968300646,-3.568251602
0.36025161,-5.103067509,-6.637882650
0.36030670,-5.147883491,-3.657885054
0.36036178,-5.046303124,-6.434720567
0.36041686,-5.133956188,-3.833192358
0.36047195,-5.206279614,-6.579366257
0.36052703,-5.254450248,-3.929534809
0.36058212,-5.224430644,-6.519325935
0.36063720,-5.313190502,-4.107055542
0.36069229,-5.352664749,-6.598273452
0.36074737,-5.402584107,-4.206895227
0.36080245,-5.411825743,-6.616755788
0.36085754,-5.499475544,-4.382195705
0.36091262,-5.520517447,-6.658838768
0.36096771,-5.572170646,-4.485502907
0.36102279,-5.601910191,-6.718317070
0.36107788,-5.687261449,-4.656206174
0.36113296,-5.697649722,-6.739092917
0.36118804,-5.753477542,-4.767862484
0.36124313,-5.797418869,-6.826974910
0.36129821,-5.883202584,-4.939430547
0.36135330,-5.886452197,-6.833473555
0.36140838,-5.947941422,-5.062409543
0.36146347,-6.003223532,-6.944037234
0.36151855,-6.552337236,-6.160637289
0.36157364,-6.566090291,-6.971543239
0.36162872,-7.134942675,-7.298342103
0.36168380,-7.354437543,-7.410532982
0.36173889,-7.345129602,-7.279726224
0.36179397,-7.263107769,-7.246489314
0.36184906,-7.382172367,-7.517855414
0.36190414,-7.409668329,-7.301481247
0.36195923,-7.196759590,-7.092037936
0.36201431,-7.676534294,-8.261030540
0.36206939,-7.896027317,-7.531024136
0.36212448,-7.893531565,-8.256038951
0.36217956,-7.919477182,-7.582915450
0.36223465,-7.874506882,-8.166098286
0.36228973,-7.945785789,-7.725473307
0.36234482,-7.969856436,-8.214239545
0.36239990,-7.946849613,-7.679459705
0.36245498,-7.935323387,-8.191187048
0.36251007,-7.956486935,-7.721786840
0.36256515,-7.944470108,-8.167153361
0.36262024,-7.950279257,-7.740507233
0.36267532,-8.065464338,-8.390421409
0.36273041,-3.376886312,1.636640618
0.36278549,-3.253894623,-8.144422093
0.36284058,-7.837961287,-7.531500511
0.36289566,-7.614499097,-7.697497681
0.36295074,-7.651055244,-7.604612807
0.36300583,-7.846157065,-8.087701304
0.36306091,-7.878314296,-7.668927303
0.36311600,-7.906274841,-8.143622360
0.36317108,-7.885295136,-7.626967934
0.36322617,-7.728855710,-7.830743482
0.36328125,-7.802478120,-7.774212757
0.36333633,-1.023331263,5.727535423
0.36339142,-1.043481903,-7.814484333
0.36344650,-7.853755912,-7.893027490
0.36350159,-7.827002828,-7.760978167
0.36355667,-7.613544126,-7.466110091
0.36361176,-7.297186936,-7.128263790
0.36366684,-7.503263063,-7.878262290
0.36372192,-7.504100110,-7.129937975
0.36377701,-7.316061528,-7.502185069
0.36383209,-7.817190535,-8.132195968
0.36388718,-7.656839041,-7.778100341
0.36394226,-7.740503862,-7.777802496
0.36399735,-7.740557536,-7.877582423
0.36405243,-7.821873302,-7.821986118
0.36410752,-7.827650312,-8.063511620
0.36416260,-7.875854173,-7.899614958
0.36421768,-7.883220687,-8.148308515
0.36427277,-7.910074801,-7.965319784
0.36432785,-7.916805418,-8.172923016
0.36438294,-7.932426896,-8.014705297
0.36443802,-7.943676979,-8.175850888
0.36449311,-8.391717767,-8.607584631
0.36454819,8.354493299,25.316477747
0.36460327,9.016560348,-7.283270726
0.36465836,-7.805826245,-8.328381675
0.36471344,-8.026023225,-7.723664805
0.36476853,-7.278934564,-7.220307203
0.36482361,-7.703976664,-7.692891889
0.36487870,-7.702018345,-8.012307861
0.36493378,-7.799669192,-7.796428601
0.36498886,-7.762833737,-7.989852270
0.36504395,-7.843120142,-7.738420584
0.36509903,-7.909899487,-8.189508592
0.36515412,-7.911564858,-8.415353563
0.36520920,-7.953987273,-7.973461144
0.36526429,-7.947401021,-8.710110332
0.36531937,-7.974895767,-7.808590355
0.36537446,-7.967762880,-8.899545696
0.36542954,-7.986842854,-7.672988603
0.36548462,-7.980430061,-9.023978718
0.36553971,-7.994429909,-7.563751878
0.36559479,-7.988874023,-9.100664298
0.36564988,-7.999618511,-7.479355992
0.36570496,-7.994831597,-9.144426335
0.36576005,-8.003371190,-7.417095934
0.36581513,-7.999233151,-9.165377986
0.36587021,-8.006206071,-7.373490429
0.36592530,-8.002608194,-9.170205521
0.36598038,-8.008422807,-7.345087963
0.36603547,-8.005275773,-9.163457136
0.36609055,-8.010205481,-7.328952958
0.36614564,-8.007438070,-9.148325447
0.36620072,-8.011673040,-7.322733358
0.36625580,-8.009228617,-9.127095473
0.36631089,-8.012905495,-7.324529620
0.36636597,-8.010738612,-9.101427570
0.36642106,-8.013958413,-7.332775132
0.36647614,-8.012032097,-9.072547127
0.36653123,-8.014871394,-7.346164466
0.36658631,-8.013155147,-9.041372904
0.36664139,-8.015673291,-7.363610189
0.36669648,-8.014141623,-9.008603789
0.36675156,-8.016385536,-7.384211578
0.36680665,-8.015016909,-8.974777848
0.36686173,-8.017024333,-7.407227933
0.36691682,-8.015800371,-8.940313155
0.36697190,-8.017602134,-7.432054375
0.36702699,-8.016507032,-8.905536619
0.36708207,-8.018128650,-7.458199930
0.36713715,-8.017148728,-8.870704803
0.36719224,-8.018611568,-7.485268069
0.36724732,-8.017734910,-8.836019288
0.36730241,-8.019057047,-7.512939840
0.36735749,-8.018273226,-8.801638225
0.36741258,-8.019470088,-7.540959537
0.36746766,-8.018769936,-8.767685175
0.36752274,-8.019854794,-7.569122730
0.36757783,-8.019230220,-8.734255964
0.36763291,-8.020214568,-7.597266419
0.36768800,-8.019658405,-8.701424071
0.36774308,-8.020552261,-7.625261013
0.36779817,-8.020058135,-8.669244903
0.36785325,-8.020870279,-7.653003852
0.36790833,-8.020432509,-8.637759208
0.36796342,-8.021170670,-7.680414014
0.36801850,-8.020784173,-8.606995834
0.36807359,-8.021455190,-7.707428145
0.36812867,-8.021115410,-8.576973963
0.36818376,-8.021725354,-7.733997133
0.36823884,-8.021428194,-8.547704924
0.36829393,-8.021982479,-7.760083442
0.36834901,-8.021724245,-8.519193679
0.36840409,-8.022227712,-7.785658966
0.36845918,-8.022005067,-8.491440042
0.36851426,-8.022462059,-7.810703308
0.36856935,-8.022271983,-8.464439680
0.36862443,-8.022686409,-7.835202377
0.36867952,-8.022526162,-8.438184933
0.36873460,-8.022901546,-7.859147255
0.36878968,-8.022768638,-8.412665497
0.36884477,-8.023108168,-7.882533267
0.36889985,-8.023000332,-8.387868980
0.36895494,-8.023306957,-7.905359356
0.36901002,-8.023188394,-8.363815041
0.36906511,-8.013764253,-7.880121593
0.36912019,-7.926948674,-1.861597464
0.36917527,4.705874429,11.273332308
0.36923036,27.436422671,43.599428151
0.36928544,38.057929586,32.516440998
0.36934053,40.063602925,47.610746346
0.36939561,45.023659031,42.436573890
0.36945070,48.933707315,55.430827024
0.36950578,44.225338864,33.019891501
0.36956087,44.008202277,54.996473822
0.36961595,46.098033881,37.199619667
0.36967103,47.697302145,58.194948816
0.36972612,48.356451953,38.517986541
0.36978120,50.515215713,62.512398118
0.36983629,56.597141163,50.681895577
0.36989137,58.633488346,66.585060572
0.36994646,56.984140661,47.383250700
0.37000154,58.386671143,69.390052246
0.37005662,63.989425952,58.588809135
0.37011171,64.445374024,70.301927768
0.37016679,61.341108654,52.380315630
0.37022188,60.943653600,69.506967743
0.37027696,61.638537981,53.770128335
0.37033205,60.487897815,67.205652632
0.37038713,72.433520963,77.661380414
0.37044221,82.401837603,87.142287492
0.37049730,80.713665295,74.285056525
0.37055238,72.683977793,71.082899893
0.37060747,50.415999661,29.749238208
0.37066255,37.393013827,45.036770462
0.37071764,36.898339835,28.759930728
0.37077272,36.141115208,43.522281985
0.37082781,36.634180930,29.746095290
0.37088289,36.074524722,42.402941141
0.37093797,36.683809897,30.964689280
0.37099306,36.141119503,41.317541021
0.37104814,36.091009546,30.864486947
0.37110323,35.699191361,40.533888179
0.37115831,36.814067067,33.094250450
0.37121340,36.421556361,39.748858674
0.37126848,36.077635021,32.406415746
0.37132356,35.811957789,39.217496065
0.37137865,37.030068244,34.842641978
0.37143373,36.757865318,38.673087466
0.37148882,36.309482055,33.945878459
0.37154390,36.133968098,38.322056182
0.37159899,37.225487896,36.128920001
0.37165407,37.052233834,37.975547391
0.37170915,36.619381817,35.263216841
0.37176424,36.515059878,37.766902406
0.37181932,37.390752518,37.014602675
0.37187441,37.297789824,37.580976947
0.37192949,36.937267722,36.293558631
0.37198458,36.893722085,37.493885422
0.37203966,37.556375980,37.618866536
0.37209475,37.527639279,37.436412025
0.37214983,37.251421929,37.066431845
0.37220491,37.263243142,37.460054426
0.37226000,37.635011981,37.809969527
0.37231508,42.370353121,46.930729959
0.37237017,42.292671852,37.654620735
0.37242525,39.894483999,42.134345632
0.37248034,39.975981233,37.817618347
0.37253542,38.911381540,40.005144345
0.37259050,39.175664649,38.346185177
0.37264559,38.640638848,38.935092491
0.37270067,38.556902666,38.178712886
0.37275576,38.320246938,38.461780983
0.37281084,38.558554969,38.655328953
0.37286593,38.474219257,38.293109572
0.37292101,38.384678879,38.476248184
0.37297609,38.380150736,38.284053291
0.37303118,38.581863716,38.879674112
0.37308626,38.615724847,38.351775605
0.37314135,38.538073810,38.724372003
0.37319643,38.595773972,38.467175947
0.37325152,38.709965865,38.952755764
0.37330660,44.353584555,49.754403868
0.37336168,44.349640466,38.944886555
0.37341677,38.845594753,38.746302954
0.37347185,38.910347147,39.074391332
0.37352694,41.678157324,44.281921113
0.37358202,41.731208938,39.180498877
0.37363711,39.119147492,39.057796109
0.37369219,39.163464500,39.269132887
0.37374728,40.469220077,41.669306799
0.37380236,40.616882035,39.564457630
0.37385744,39.485138526,39.405819425
0.37391253,39.499635957,39.593452487
0.37396761,39.984191460,40.374930383
0.37402270,40.365648698,40.356367013
0.37407778,42.112610592,43.868853169
0.37413287,43.235796150,42.602739261
0.37418795,43.251639714,43.900540030
0.37424303,43.129655117,42.358770398
0.37429812,42.174963974,41.991157560
0.37435320,42.427137271,42.863116919
0.37440829,45.629743320,48.396367234
0.37446337,46.545557937,44.694749754
0.37451846,46.107165940,47.519581479
0.37457354,45.696033287,43.872486177
0.37462862,44.828851662,45.785216851
0.37468371,45.919928413,46.054639970
0.37473879,45.090680390,44.126721111
0.37479388,44.867487656,45.608254021
0.37484896,51.503269115,57.398272918
0.37490405,52.222202417,47.046140620
0.37495913,44.544537147,42.042935707
0.37501422,45.253709792,48.464480527
0.37506930,48.981698220,49.498915827
0.37512438,55.983300906,62.467672324
0.37517947,64.286123762,66.104574126
0.37523455,61.406679599,56.708792244
0.37528964,49.987226091,43.265674618
0.37534472,48.826601148,54.387517630
0.37539981,54.272059413,54.156601200
0.37545489,59.822532085,65.488452539
0.37550997,71.064845307,76.641227971
0.37556506,68.072957232,59.504710347
0.37562014,52.030801989,44.556911779
0.37567523,50.579128554,56.601333546
0.37573031,58.173713833,59.746093316
0.37578540,69.338662554,78.931201895
0.37584048,72.904502681,66.877815269
0.37589556,75.485541505,84.093243668
0.37595065,79.957940463,75.822642815
0.37600573,73.986699433,72.150757146
0.37606082,61.000090571,49.849464395
0.37611590,57.168927920,64.488374038
0.37617099,62.670148582,60.851924201
0.37622607,70.544932693,80.237910658
0.37628116,74.412938009,68.587976385
0.37633624,76.375952037,84.163907983
0.37639132,78.442939277,72.721981206
0.37644641,70.728474901,68.734969888
0.37650149,55.680845144,42.626775769
0.37655658,48.757950082,54.889112182
0.37661166,48.478602149,42.068105469
0.37666675,47.900025617,53.731934714
0.37672183,47.932827862,42.133731937
0.37677691,47.790083494,53.446424655
0.37683200,47.728219971,42.010025911
0.37688708,47.397220256,52.784405170
0.37694217,47.419619971,42.054844124
0.37699725,47.715192313,53.375530091
0.37705234,49.315209747,45.254894760
0.37710742,49.410649532,53.566398694
0.37716250,47.658613768,41.750840183
0.37721759,46.412393080,51.073938916
0.37727267,47.157609119,43.241284305
0.37732776,46.553760069,49.866232267
0.37738284,46.168425238,42.470622652
0.37743793,46.646363191,50.822098064
0.37749301,47.154577567,43.487061440
0.37754810,46.998460612,50.509855777
0.37760318,46.754054040,42.998256886
0.37765826,47.229789611,51.461316518
0.37771335,47.775463136,44.089614167
0.37776843,47.760457310,51.431296074
0.37782352,47.852338178,44.273384444
0.37787860,47.447000884,50.620614051
0.37793369,47.437959357,44.255307956
0.37798877,47.283475706,50.311640476
0.37804385,47.601534469,44.891430848
0.37809894,47.351809555,49.812186294
0.37815402,47.230002877,44.647821626
0.37820911,47.018446148,49.389068844
0.37826419,47.284192085,45.179316765
0.37831928,47.051683701,48.924049498
0.37837436,46.931289036,44.938529863
0.37842944,46.844396050,48.750261056
0.37848453,47.167543709,45.584827176
0.37853961,46.985879878,48.386931941
0.37859470,46.838748809,45.290566456
0.37864978,46.772823006,48.255078842
0.37870487,47.081772968,45.908467542
0.37875995,46.955877196,48.003286494
0.37881504,46.820572678,45.637859316
0.37887012,46.703091678,47.768323671
0.37892520,46.877662520,45.987001626
0.37898029,46.778878964,47.570756098
0.37903537,46.704758765,45.838761676
0.37909046,51.376378625,56.913985611
0.37914554,53.601309879,50.288637712
0.37920063,51.213065441,52.137492893
0.37925571,49.118491882,46.099493832
0.37931079,47.914111625,49.728728349
0.37936588,48.995859030,48.262989886
0.37942096,53.397701652,58.532404852
0.37947605,52.889540718,47.246686930
0.37953113,47.571206233,47.895725501
0.37958622,47.386342194,46.876958972
0.37964130,49.993984749,53.111007369
0.37969638,56.376759410,59.642507986
0.37975147,54.968243787,50.293986687
0.37980655,48.508923778,46.723861903
0.37986164,47.833770334,48.943678365
0.37991672,51.095645413,53.247610956
0.37997181,50.758201893,48.268794844
0.38002689,47.596898871,46.925003044
0.38008197,47.454597584,47.984192032
0.38013706,49.071080039,50.157967661
0.38019214,49.030859805,47.903752362
0.38024723,47.569812699,47.235873071
0.38030231,47.582885161,47.929897211
0.38035740,48.353256177,48.776615085
0.38041248,48.399048746,48.021482454
0.38046757,47.799425920,47.577369401
0.38052265,47.858691159,48.140012890
0.38057773,48.198539665,48.257066439
0.38063282,60.751721077,73.246324990
0.38068790,59.833867372,46.421468204
0.38074299,47.426564199,48.431659866
0.38079807,48.671245551,48.910831217
0.38085316,55.740225788,62.569605204
0.38090824,64.611136092,66.652665626
0.38096332,61.116013488,55.579371310
0.38101841,52.029855985,48.480344755
0.38107349,50.403678259,52.327010561
0.38112858,54.993861184,57.660709496
0.38118366,54.174274009,50.687842471
0.38123875,49.631083349,48.574324589
0.38129383,49.261538642,49.948752542
0.38134891,51.557247272,53.165741161
0.38140400,64.729106937,76.292429268
0.38145908,63.560387245,50.828397893
0.38151417,50.203752350,49.579106935
0.38156925,49.789841385,50.000575822
0.38162434,56.548415570,63.096241388
0.38167942,66.956898125,70.817550018
0.38173451,63.589023976,56.360514910
0.38178959,52.825282965,49.290055080
0.38184467,51.207958287,53.125860299
0.38189976,56.593445068,60.061025931
0.38195484,55.794039200,51.527058385
0.38200993,50.390183476,49.253308986
0.38206501,50.027376874,50.801444567
0.38212010,52.741590134,54.681734479
0.38217518,52.591729657,50.501726255
0.38223026,49.939063814,49.376401477
0.38228535,49.897222640,50.418043715
0.38234043,51.239777531,52.061511129
0.38239552,51.252484323,50.443457729
0.38245060,49.986089213,49.528720765
0.38250569,50.022309141,50.515897438
0.38256077,50.671393234,50.826889023
0.38261585,50.723684596,50.620480173
0.38267094,50.151517902,49.682555701
0.38272602,50.205081309,50.727606827
0.38278111,50.506447209,50.285287606
0.38283619,50.567260781,50.849233929
0.38289128,50.342063942,49.834894039
0.38294636,50.397716116,50.960538090
0.38300145,50.525085368,50.089632708
0.38305653,50.584759845,51.079886902
0.38311161,50.526713876,49.973540950
0.38316670,50.563587575,51.153634087
0.38322178,50.579439634,50.005245287
0.38327687,50.500665114,50.996084860
0.38333195,50.108319070,49.220553535
0.38338704,49.323598411,49.426643284
0.38344212,48.391751110,47.356859284
0.38349720,46.184601741,45.012344644
0.38355229,42.781233370,40.550123713
0.38360737,40.570891420,40.591659126
0.38366246,40.628369381,40.665079635
0.38371754,40.672751639,40.680423643
0.38377263,40.668595822,40.656768001
0.38382771,40.664474208,40.672180415
0.38388279,40.660325556,40.648470696
0.38393788,40.656210588,40.663950481
0.38399296,40.652068769,40.640187058
0.38404805,40.647959931,40.655732804
0.38410313,40.643831255,40.631929706
0.38415822,40.664492348,40.697054991
0.38421330,40.680459480,40.663863969
0.38426839,40.684736102,40.705608234
0.38432347,40.696785849,40.687963464
0.38437855,40.696705864,40.705448264
0.38443364,40.692443637,40.679439010
0.38448872,40.688201984,40.696964958
0.38454381,40.683943366,40.670921773
0.38459889,40.679704749,40.688487724
0.38465398,40.675449696,40.662411667
0.38470906,40.671213944,40.680016221
0.38476414,40.666962152,40.653908084
0.38481923,40.662729307,40.671550531
0.38487431,40.658480829,40.645411127
0.38492940,40.654251317,40.663091507
0.38498448,40.650006587,40.636921668
0.38503957,40.645780949,40.654640230
0.38509465,40.641540390,40.628440549
0.38514973,40.637319018,40.646197486
0.38520482,40.633082849,40.619968211
0.38525990,40.628866016,40.637763820
0.38531499,40.624634351,40.611504882
0.38537007,40.620422207,40.629339532
0.38542516,40.616224253,40.603108974
0.38548024,40.618255729,40.633402485
0.38553533,40.616092900,40.598783315
0.38559041,40.628003149,40.657222982
0.38564549,40.654384683,40.651546385
0.38570058,40.661878564,40.672210742
0.38575566,40.612129334,40.552047927
0.38581075,40.571823993,40.591600059
0.38586583,40.613054469,40.634508878
0.38592092,40.644858692,40.655208506
0.38597600,40.640604737,40.626000969
0.38603108,40.636360096,40.646719223
0.38608617,40.632109994,40.617500765
0.38614125,40.627869172,40.638237579
0.38619634,40.623622989,40.609008398
0.38625142,40.619385912,40.629763425
0.38630651,40.615143598,40.600523771
0.38636159,40.610910264,40.621296757
0.38641667,40.606671814,40.592046871
0.38647176,40.602442349,40.612837826
0.38652684,40.598207893,40.583577960
0.38658193,40.593982522,40.604387083
0.38663701,40.589752285,40.575117488
0.38669210,40.585531262,40.595945036
0.38674718,40.581305416,40.566665796
0.38680226,40.577088948,40.587512100
0.38685735,40.572867493,40.558222887
0.38691243,40.568655685,40.579088483
0.38696752,40.564453340,40.549818196
0.38702260,40.579790874,40.609763551
0.38707769,40.592163603,40.574563655
0.38713277,40.595980985,40.617398315
0.38718786,40.604830379,40.592262443
0.38724294,40.604355464,40.616448485
0.38729802,40.600199559,40.583950634
0.38735311,40.596047664,40.608144694
0.38740819,40.591926162,40.575707631
0.38746328,40.592713310,40.609718988
0.38751836,40.590543176,40.571367363
0.38757345,40.601669871,40.631972378
0.38762853,40.625054663,40.618136947
0.38768361,40.631907737,40.645678527
0.38773870,40.627828416,40.609978306
0.38779378,40.623748530,40.637518753
0.38784887,40.619685797,40.601852841
0.38790395,40.616851562,40.631850283
0.38795904,40.607454627,40.583058970
0.38801412,40.620673327,40.658287684
0.38806920,40.651828496,40.645369307
0.38812429,40.661096044,40.676822780
0.38817937,40.647983699,40.619144618
0.38823446,40.661876431,40.704608243
0.38828954,40.697192529,40.689776816
0.38834463,40.706912869,40.724048922
0.38839971,40.691861354,40.659673787
0.38845480,40.706097746,40.752521705
0.38850988,40.743831530,40.735141355
0.38856496,40.753847930,40.772554506
0.38862005,40.737725476,40.702896446
0.38867513,40.752188003,40.801479560
0.38873022,40.791387289,40.781295018
0.38878530,40.801630511,40.821966003
0.38884039,40.772236066,40.722506130
0.38889547,40.757316994,40.792127858
0.38895055,40.778909439,40.765691019
0.38900564,40.786014029,40.806337039
0.38906072,40.782122677,40.757908315
0.38911581,40.778215961,40.798523606
0.38917089,40.774328970,40.750134335
0.38922598,40.770423451,40.790712568
0.38928106,40.766536076,40.742359584
0.38933614,40.762630129,40.782900673
0.38939123,40.758739018,40.734577364
0.38944631,40.754831472,40.775085580
0.38950140,40.750933549,40.726781519
0.38955648,40.747023252,40.767264985
0.38961157,40.743114319,40.718963653
0.38966665,40.739198658,40.759433662
0.38972174,40.735276552,40.711119441
0.38977682,40.731353924,40.751588406
0.38983190,40.727421397,40.703254388
0.38988699,40.723493101,40.743731814
0.38994207,40.719556066,40.695380317
0.38999716,40.715624429,40.735868541
0.39005224,40.711687436,40.687506331
0.39010733,40.707754234,40.728002136
0.39016241,40.703819499,40.679636862
0.39021749,40.699886035,40.720135209
0.39027258,40.695954440,40.671773672
0.39032766,40.692021395,40.712269117
0.39038275,40.688091627,40.663914137
0.39043783,40.684158014,40.704401890
0.39049292,40.680226275,40.656050661
0.39054800,40.676289670,40.696528680
0.39060308,40.672352344,40.648176008
0.39065817,40.668410900,40.688645791
0.39071325,40.664467521,40.640289252
0.39076834,40.665992804,40.691696356
0.39082342,40.661888403,40.632080451
0.39087851,40.673973006,40.715865560
0.39093359,40.702000965,40.688136369
0.39098868,40.709806491,40.731476613
0.39104376,40.705794804,40.680112995
0.39109884,40.701777250,40.723441505
0.39115393,40.697767855,40.672094205
0.39120901,40.693751867,40.715409529
0.39126410,40.689744143,40.664078756
0.39131918,40.685729291,40.707379824
0.39137427,40.681721126,40.656062427
0.39142935,40.677706034,40.699349639
0.39148443,40.673695285,40.648040932
0.39153952,40.669678741,40.691316551
0.39159460,40.665672675,40.640028800
0.39164969,40.663029828,40.686030856
0.39170477,40.651983297,40.617935740
0.39175986,40.665515015,40.713094291
0.39181494,40.699257296,40.685420302
0.39187002,40.708424521,40.731428740
0.39192511,40.678648788,40.625868837
0.39198019,40.661159123,40.696449409
0.39203528,40.682779644,40.669109879
0.39209036,40.692113634,40.715117389
0.39214545,40.688037888,40.660958388
0.39220053,40.683960177,40.706961965
0.39225562,40.679886353,40.652810741
0.39231070,40.675808845,40.698806949
0.39236578,40.671735878,40.644664808
0.39242087,40.667657822,40.690650835
0.39247595,40.663584281,40.636517729
0.39253104,40.659504860,40.682491992
0.39258612,40.655429843,40.628367695
0.39264121,40.651348538,40.674329382
0.39269629,40.647275938,40.620222494
0.39275137,40.650215126,40.680207758
0.39280646,40.648743298,40.617278838
0.39286154,40.658336661,40.699394483
0.39291663,40.680355110,40.661315737
0.39297171,40.687327382,40.713339026
0.39302680,40.678374490,40.643409954
0.39308188,40.690305232,40.737200509
0.39313696,40.719275964,40.701351419
0.39319205,40.726717421,40.752083422
0.39324713,40.702655817,40.653228213
0.39330222,40.689330916,40.725433620
0.39335730,40.705109062,40.684784505
0.39341239,40.710049256,40.735314006
0.39346747,40.705932753,40.676551501
0.39352255,40.701771537,40.726991574
0.39357764,40.697669309,40.668347045
0.39363272,40.693525289,40.718703533
0.39368781,40.689424839,40.660146145
0.39374289,40.685290796,40.710435447
0.39379798,40.681183287,40.651931127
0.39385306,40.677055399,40.702179671
0.39390815,40.672939056,40.643698441
0.39396323,40.668815339,40.693932237
0.39401831,40.664691972,40.635451708
0.39407340,40.660570201,40.685688695
0.39412848,40.656442180,40.627195665
0.39418357,40.652320155,40.677444645
0.39423865,40.648188987,40.618933329
0.39429374,40.644065113,40.669196895
0.39434882,40.639931761,40.610666627
0.39440390,40.635804994,40.660943361
0.39445899,40.631670199,40.602397037
0.39451407,40.627539250,40.652681462
0.39456916,40.623402805,40.594124149
0.39462424,40.619266315,40.644408480
0.39467933,40.615128041,40.585847602
0.39473441,40.610985659,40.636123717
0.39478949,40.606846788,40.577569860
0.39484458,40.602699403,40.627828947
0.39489966,40.598562200,40.569295454
0.39495475,40.594411140,40.619526826
0.39500983,40.590277239,40.561027653
0.39506492,40.586123427,40.611219200
0.39512000,40.581992988,40.552766776
0.39517509,40.577836838,40.602906899
0.39523017,40.573709055,40.544511211
0.39528525,40.569550859,40.594590507
0.39534034,40.565430095,40.536269683
0.39539542,40.566255470,40.596241257
0.39545051,40.563593513,40.530945769
0.39550559,40.571639339,40.612332910
0.39556068,40.590703650,40.569074391
0.39561576,40.594365941,40.619657491
0.39567084,40.590279167,40.560900844
0.39572593,40.586164478,40.611428111
0.39578101,40.582089211,40.552750311
0.39583610,40.579231455,40.605712598
0.39589118,40.570750909,40.535789221
0.39594627,40.580511472,40.625233722
0.39600135,40.605347030,40.585460338
0.39605643,40.610746674,40.636033010
0.39611152,40.606717042,40.577401074
0.39616660,40.602656111,40.627911148
0.39622169,40.598628455,40.569345762
0.39627677,40.594569699,40.619793637
0.39633186,40.590544374,40.561295112
0.39638694,40.586487915,40.611680717
0.39644203,40.582465122,40.553249528
0.39649711,40.578410918,40.603572307
0.39655219,40.574390562,40.545208817
0.39660728,40.570338413,40.595468009
0.39666236,40.566324481,40.537180952
0.39671745,40.562583172,40.587985391
0.39677253,40.551253142,40.514520894
0.39682762,40.561633185,40.608745475
0.39688270,40.590177626,40.571609776
0.39693778,40.596247068,40.620884359
0.39699287,40.592280526,40.563676693
0.39704795,32.607427712,24.651199299
0.39710304,23.302250715,21.953302722
0.39715812,19.845020084,17.736738890
0.39721321,28.714052443,39.691326844
0.39726829,39.730815487,39.770304128
0.39732337,34.773539990,29.776783964
0.39737846,34.756892007,39.736991991
0.39743354,40.023144997,40.309297977
0.39748863,40.231259949,40.153221924
0.39754371,40.128111696,40.103001468
0.39759880,40.332030276,40.561059066
0.39765388,40.429544503,40.298029946
0.39770897,40.390164822,40.482299696
0.39776405,40.402734974,40.323170255
0.39781913,40.385668036,40.448165816
0.39787422,40.413353053,40.378540291
0.39792930,40.425428488,40.472316683
0.39798439,40.446224179,40.420131674
0.39803947,40.463094550,40.506057425
0.39809456,40.485335367,40.464613309
0.39814964,40.501609209,40.538605109
0.39820472,40.520182587,40.501760066
0.39825981,40.367750742,40.233741424
0.39831489,40.169945393,40.106149365
0.39836998,40.199008639,40.291867911
0.39842506,40.244911622,40.197955334
0.39848015,40.203342302,40.208729270
0.39853523,40.173466690,40.138204111
0.39859031,40.175779337,40.213354562
0.39864540,40.183841566,40.154328570
0.39870048,40.191782290,40.229236009
0.39875557,40.199729211,40.170222414
0.39881065,40.189934513,40.209646612
0.39886574,40.181342769,40.153038927
0.39892082,40.177752179,40.202465431
0.39897591,40.175208297,40.147951164
0.39903099,40.176014649,40.204078133
0.39908607,40.196898722,40.189719311
0.39914116,40.218477903,40.247236494
0.39919624,40.221938468,40.196640442
0.39925133,40.216873621,40.237106799
0.39930641,40.206379649,40.175652499
0.39936150,40.200478784,40.225305069
0.39941658,40.187077272,40.148849475
0.39947166,40.204682453,40.260515431
0.39952675,40.249002485,40.237489539
0.39958183,40.261852293,40.286215046
0.39963692,40.262701352,40.239187659
0.39969200,40.263093143,40.286998626
0.39974709,40.261940568,40.236882510
0.39980217,40.260827863,40.284773217
0.39985725,40.275836200,40.266899184
0.39991234,40.293057577,40.319215970
0.39996742,40.299393663,40.279571357
0.40002251,40.299374775,40.319178193
0.40007759,40.291995841,40.264813490
0.40013268,40.287399268,40.309985046
0.40018776,40.282153731,40.254322416
0.40024284,40.281016515,40.307710614
0.40029793,40.269683234,40.231655855
0.40035301,40.305587942,40.379520027
0.40040810,40.384654935,40.389789844
0.40046318,40.409315775,40.428841706
0.40051827,40.403957089,40.379072473
0.40057335,40.400661092,40.422249711
0.40062844,40.398479955,40.374710198
0.40068352,40.396959847,40.419209495
0.40073860,40.372547368,40.325885242
0.40079369,40.399500452,40.473115660
0.40084877,40.470983741,40.468851821
0.40090386,40.491400527,40.513949233
0.40095894,40.486652075,40.459354918
0.40101403,40.480923435,40.502491951
0.40106911,40.477197061,40.451902172
0.40112419,40.473257748,40.494613324
0.40117928,40.470861174,40.447109025
0.40123436,40.468615179,40.490121333
0.40128945,40.466984044,40.443846756
0.40134453,40.464328897,40.484811038
0.40139962,40.436031351,40.387251666
0.40145470,40.452431264,40.517610861
0.40150978,40.504605044,40.491599227
0.40156487,40.511565289,40.531531351
0.40161995,40.509063768,40.486596186
0.40167504,40.507973542,40.529350898
0.40173012,40.507432522,40.485514145
0.40178521,40.505816870,40.526119595
0.40184029,40.503353463,40.480587331
0.40189538,40.505025551,40.529463771
0.40195046,40.505333908,40.481204044
0.40200554,40.503976483,40.526748922
0.40206063,40.501485420,40.476221919
0.40211571,40.497691842,40.519161764
0.40217080,40.494415767,40.469669770
0.40222588,40.490781777,40.511893784
0.40228097,40.488346289,40.464798793
0.40233605,40.485529682,40.506260570
0.40239113,40.481792645,40.457324719
0.40244622,40.476750694,40.496176668
0.40250130,40.452661643,40.409146619
0.40255639,40.466976749,40.524806879
0.40261147,40.513957911,40.503108943
0.40266656,40.523650877,40.544192810
0.40272164,40.521146861,40.498100911
0.40277672,40.518131843,40.538162774
0.40283181,40.515806180,40.493449587
0.40288689,40.513016566,40.532583545
0.40294198,40.510951247,40.489318948
0.40299706,40.508342956,40.527366964
0.40305215,40.505086151,40.482805339
0.40310723,40.500849243,40.518893147
0.40316232,40.479757199,40.440621250
0.40321740,40.489061541,40.537501831
0.40327248,40.526049130,40.514596429
0.40332757,40.534268627,40.553940826
0.40338265,40.537768155,40.521595483
0.40343774,40.539325093,40.557054703
0.40349282,40.540012287,40.522969870
0.40354791,40.541509319,40.560048768
0.40360299,40.540834344,40.521619921
0.40365807,40.539834652,40.558049382
0.40371316,40.537675714,40.517302047
0.40376824,40.535183255,40.553064462
0.40382333,40.532547844,40.512031226
0.40387841,40.529494196,40.546957166
0.40393350,40.525297793,40.503638420
0.40398858,40.520693854,40.537749288
0.40404366,40.516440803,40.495132318
0.40409875,40.512115056,40.529097793
0.40415383,40.508447664,40.487797536
0.40420892,40.504629265,40.521460995
0.40426400,40.501287670,40.481114345
0.40431909,40.497689329,40.514264313
0.40437417,40.494516708,40.474769104
0.40442926,40.490776102,40.506783100
0.40448434,40.487052714,40.467322329
0.40453942,40.482961115,40.498599901
0.40459451,40.478845148,40.459090396
0.40464959,40.474131593,40.489172790
0.40470468,40.456194654,40.423216518
0.40475976,40.469601896,40.515987273
0.40481485,40.512045974,40.508104675
0.40486993,40.521518549,40.534932423
0.40492501,40.504537031,40.474141639
0.40498010,40.519066344,40.563991048
0.40503518,40.564072989,40.564154930
0.40509027,40.575548054,40.586941179
0.40514535,40.558511753,40.530082327
0.40520044,40.575567627,40.621052926
0.40525552,40.625841901,40.630630877
0.40531060,40.639858248,40.649085620
0.40536569,40.564469839,40.479854061
0.40542077,40.507092551,40.534331040
0.40547586,40.563775736,40.593220432
0.40553094,40.585951222,40.578682012
0.40558603,40.568180425,40.557678838
0.40564111,40.559854639,40.562030441
0.40569620,40.551854985,40.541679529
0.40575128,40.575888288,40.610097046
0.40580636,40.592225471,40.574353897
0.40586145,40.571385384,40.568416871
0.40591653,40.543321582,40.518226293
0.40597162,40.524232777,40.530239262
0.40602670,40.526467254,40.522695247
0.40608179,40.535827168,40.548959089
0.40613687,40.549890109,40.550821129
0.40619195,40.559694819,40.568568510
0.40624704,40.565466816,40.562365123
0.40630212,40.570742174,40.579119225
0.40635721,40.572772966,40.566426706
0.40641229,40.574768004,40.583109302
0.40646738,40.575185776,40.567262251
0.40652246,40.575166280,40.583070309
0.40657754,40.574748170,40.566426031
0.40663263,40.498455035,40.430484040
0.40668771,40.393125448,40.355766857
0.40674280,40.382381789,40.408996720
0.40679788,40.395794294,40.382591868
0.40685297,40.404013481,40.425435093
0.40690805,40.421139395,40.416843697
0.40696313,40.423282701,40.429721704
0.40701822,40.429382201,40.429042699
0.40707330,40.463985911,40.498929122
0.40712839,40.482904681,40.466880239
0.40718347,40.485274751,40.503669263
0.40723856,40.491007562,40.478345862
0.40729364,40.473887036,40.469428209
0.40734873,40.468006611,40.466585012
0.40740381,40.513237121,40.559889228
0.40745889,40.598740368,40.637591506
0.40751398,40.652170706,40.666749906
0.40756906,40.657915809,40.649081713
0.40762415,40.658792758,40.668503802
0.40767923,40.662710051,40.656916300
0.40773432,40.661161470,40.665406640
0.40778940,40.640001216,40.614595792
0.40784448,40.654300838,40.694005883
0.40789957,40.703061791,40.712117698
0.40795465,40.714359527,40.716601356
0.40800974,40.717835688,40.719070019
0.40806482,40.723659672,40.728249325
0.40811991,40.727342698,40.726436071
0.40817499,40.730676470,40.734916869
0.40823007,40.731427257,40.727937645
0.40828516,40.730710477,40.733483308
0.40834024,40.730175845,40.726868383
0.40839533,40.727786069,40.728703755
0.40845041,40.708768268,40.688832781
0.40850550,40.731231951,40.773631121
0.40856058,40.797020550,40.820409979
0.40861567,40.815537625,40.810665272
0.40867075,40.726115227,40.641565184
0.40872583,40.660544139,40.679523094
0.40878092,40.746874183,40.814225269
0.40883600,40.809686184,40.805147099
0.40889109,40.807547454,40.809947809
0.40894617,40.805013909,40.800080009
0.40900126,40.802534474,40.804988939
0.40905634,40.831444051,40.857899163
0.40911142,40.851537210,40.845175257
0.40916651,40.846485432,40.847795608
0.40922159,40.853011574,40.858227540
0.40927668,40.853423306,40.848619072
0.40933176,40.855120946,40.861622820
0.40938685,40.861317361,40.861011901
0.40944193,40.885444794,40.909877687
0.40949701,40.891057293,40.872236900
0.40955210,40.883602724,40.894968548
0.40960718,40.893218812,40.891469076
0.40966227,40.927432892,40.963396707
0.40971735,40.934786383,40.906176060
0.40977244,40.922319618,40.938463177
0.40982752,40.933264805,40.928066434
0.40988261,40.973377970,41.018689505
0.40993769,40.981378198,40.944066891
0.40999277,40.944969656,40.945872422
0.41004786,40.924648158,40.903423894
0.41010294,40.955012780,41.006601666
0.41015803,40.978196468,40.949791270
0.41021311,40.979424807,41.009058343
0.41026820,40.987655077,40.966251811
0.41032328,41.016121563,41.065991313
0.41037836,41.021380369,40.976769425
0.41043345,40.993768169,41.010766913
0.41048853,40.977845970,40.944925028
0.41054362,40.999035905,41.053146781
0.41059870,41.008889428,40.964632075
0.41065379,41.005703254,41.046774432
0.41070887,41.002698130,40.958621828
0.41076395,40.999542571,41.040463314
0.41081904,41.005196049,40.969928785
0.41087412,41.008240323,41.046551860
0.41092921,41.019795637,40.993039415
0.41098429,41.050753511,41.108467606
0.41103938,41.061710465,41.014953324
0.41109446,41.052463315,41.089973306
0.41114955,41.069052043,41.048130780
0.41120463,41.114582165,41.181033549
0.41125971,41.129085185,41.077136823
0.41131480,41.113152005,41.149167187
0.41136988,41.134155274,41.119143361
0.41142497,41.191712569,41.264281774
0.41148005,41.210326140,41.156370508
0.41153514,41.189689035,41.223007562
0.41159022,41.211726467,41.200445372
0.41164530,41.273196078,41.345946783
0.41170039,41.292901540,41.239856297
0.41175547,41.270129931,41.300403565
0.41181056,41.293359288,41.286315012
0.41186564,41.356230698,41.426146381
0.41192073,41.377299007,41.328451633
0.41197581,41.353688789,41.378925945
0.41203089,41.380981899,41.383037853
0.41208598,41.155529751,40.928021667
0.41214106,41.654657717,42.381293595
0.41219615,42.541876223,42.702458842
0.41225123,42.613670969,42.524883098
0.41230632,42.667808385,42.810733667
0.41236140,43.054376133,43.298018579
0.41241649,42.713427357,42.128836246
0.41247157,42.016746078,41.904655913
0.41252665,42.267331817,42.630007679
0.41258174,42.649501936,42.668996192
0.41263682,42.869173521,43.069350836
0.41269191,42.653355882,42.237360985
0.41274699,42.438561084,42.639761170
0.41280208,42.902339419,43.164917646
0.41285716,43.075393973,42.985870303
0.41291224,41.882882645,40.779895382
0.41296733,40.896900402,41.013905418
0.41302241,40.827459079,40.641012753
0.41307750,41.825626294,43.010239379
0.41313258,43.420529465,43.830819497
0.41318767,43.497422476,43.164025491
0.41324275,43.767621852,44.371218094
0.41329783,43.029150415,41.687083321
0.41335292,41.674302520,41.661521720
0.41340800,41.990121899,42.318722043
0.41346309,42.961679249,43.604636320
0.41351817,42.134445135,40.664254653
0.41357326,42.606514577,44.548773275
0.41362834,39.708211774,34.867657886
0.41368342,38.357710064,41.847758285
0.41373851,42.602824137,43.357889803
0.41379359,44.507519664,45.657149095
0.41384868,44.728880580,43.800612346
0.41390376,43.421060562,43.041508825
0.41395885,41.806893369,40.572278408
0.41401393,42.864604352,45.156928590
0.41406902,45.449130918,45.741333219
0.41412410,45.534895660,45.328458115
0.41417918,46.053327664,46.778197043
0.41423427,46.153566208,45.528935499
0.41428935,46.326740902,47.124546098
0.41434444,46.139993918,45.155442052
0.41439952,45.710984259,46.266526365
0.41445461,45.306888833,44.347251601
0.41450969,33.965683693,23.584150803
0.41456477,31.311640520,39.039110836
0.41461986,43.446218658,47.853320169
0.41467494,45.417608877,42.981899513
0.41473003,45.371970223,47.762039077
0.41478511,44.988778110,42.215519642
0.41484020,45.460500395,48.705477728
0.41489528,45.625374672,42.545274699
0.41495036,45.377011122,48.208744939
0.41500545,45.634353507,43.059964227
0.41506053,45.530298734,48.000631257
0.41511562,45.847438360,43.694246970
0.41517070,45.742894071,47.791539809
0.41522579,46.063817432,44.336096025
0.41528087,45.531747024,46.727397557
0.41533596,45.758900004,44.790402755
0.41539104,45.839802178,46.889201243
0.41544612,45.974751362,45.060301753
0.41550121,45.500063689,45.939825562
0.41555629,45.906124971,45.872424380
0.41561138,46.193193980,46.513963547
0.41566646,46.251281480,45.988599435
0.41572155,45.975927799,45.963256163
0.41577663,46.184053723,46.404851267
0.41583171,46.401745501,46.398639735
0.41588680,46.525584833,46.652529926
0.41594188,46.430983778,46.209437646
0.41599697,46.461761070,46.714084474
0.41605205,46.517186945,46.320289429
0.41610714,46.765493741,47.210697989
0.41616222,46.778340162,46.345982395
0.41621730,44.590976308,42.835971221
0.41627239,44.709932952,46.583893543
0.41632747,45.434465544,44.285037976
0.41638256,45.267666606,46.250294923
0.41643764,45.843045950,45.435797031
0.41649273,46.094132596,46.752468020
0.41654781,46.356985972,45.961503975
0.41660290,46.492377414,47.023250762
0.41665798,42.387013525,37.750783272
0.41671306,41.572928886,45.395069753
0.41676815,45.578278086,45.761486409
0.41682323,45.888098951,46.014711489
0.41687832,46.198758827,46.382806153
0.41693340,46.379377725,46.375949297
0.41698849,46.732228212,47.088507085
0.41704357,46.621822459,46.155137904
0.41709865,46.830824316,47.506510580
0.41715374,46.889270524,46.272030592
0.41720882,47.024603474,47.777176172
0.41726391,46.884651669,45.992127424
0.41731899,46.944916817,47.897705914
0.41737408,47.025519183,46.153332700
0.41742916,47.043911242,47.934489527
0.41748424,46.994142482,46.053795724
0.41753933,46.918579824,47.783363682
0.41759441,46.925018533,46.066673624
0.41764950,46.936141137,47.805608405
0.41770458,47.052247833,46.298887446
0.41775967,47.026831757,47.754775895
0.41781475,47.043135528,46.331495325
0.41786984,47.096114038,47.860732561
0.41792492,47.486701406,47.112670297
0.41798000,47.466803380,47.820936422
0.41803509,47.357662182,46.894388011
0.41809017,47.345144476,47.795900874
0.41814526,47.754952081,47.714003288
0.41820034,47.717098854,47.720194420
0.41825543,47.548784160,47.377373909
0.41831051,47.555576611,47.733779303
0.41836559,47.876733378,48.019687446
0.41842068,47.889959659,47.760231877
0.41847576,47.761984506,47.763737135
0.41853085,47.844274956,47.924812775
0.41858593,48.176471860,48.428130924
0.41864102,48.222119661,48.016108412
0.41869610,48.023793470,48.031478528
0.41875118,48.008359176,47.985239823
0.41880627,48.158803888,48.332367944
0.41886135,48.152059779,47.971751624
0.41891644,48.126553485,48.281355338
0.41897152,48.150958490,48.020561648
0.41902661,48.426814260,48.833066819
0.41908169,48.488734348,48.144401916
0.41913678,48.441697480,48.738993017
0.41919186,48.485850177,48.232707359
0.41924694,48.792207851,49.351708241
0.41930203,48.847343305,48.342978451
0.41935711,48.730201983,49.117425467
0.41941220,48.758177459,48.398929493
0.41946728,48.927208860,49.455488137
0.41952237,48.957111908,48.458735759
0.41957745,48.857003969,49.255272128
0.41963253,48.900803766,48.546335445
0.41968762,48.955784475,49.365233451
0.41974270,49.019844887,48.674456361
0.41979779,48.973022040,49.271587691
0.41985287,49.043382716,48.815177758
0.41990796,49.021511106,49.227844440
0.41996304,49.109991870,48.992139304
0.42001812,49.099471869,49.206804429
0.42007321,49.123108930,49.039413434
0.42012829,48.931385944,48.823358458
0.42018338,48.962185583,49.101012701
0.42023846,49.012272813,48.923532927
0.42029355,49.045003842,49.166474752
0.42034863,48.818884173,48.471293633
0.42040371,48.846356872,49.221420064
0.42045880,48.918273921,48.615127807
0.42051388,48.940318979,49.265510117
0.42056897,48.705251285,48.144992554
0.42062405,48.706601130,49.268209603
0.42067914,48.782026059,48.295842591
0.42073422,48.784218474,49.272594279
0.42078931,48.568052095,47.863510073
0.42084439,48.538147079,49.212783936
0.42089947,48.607333204,48.001882590
0.42095456,48.592038772,49.182194842
0.42100964,48.421835216,47.661475779
0.42106473,48.371176097,49.080876251
0.42111981,48.427951695,47.775027277
0.42117490,48.422718813,49.070410212
0.42122998,48.341092441,47.611774843
0.42128506,48.298529103,48.985283209
0.42134015,48.330468286,47.675653502
0.42139523,48.334897275,48.994140906
0.42145032,48.329626072,47.665111382
0.42150540,48.308367510,48.951623503
0.42156049,48.315395085,47.679166799
0.42161557,48.263653426,48.848139942
0.42167065,48.188501154,47.528862508
0.42172574,48.153696915,48.778531195
0.42178082,48.178777207,47.579023336
0.42183591,48.233077062,48.887130649
0.42189099,48.276238030,47.665345532
0.42194608,48.328175859,48.991006043
0.42200116,48.318239455,47.645473014
0.42205625,48.360295981,49.075118781
0.42211133,48.354844853,47.634571093
0.42216641,48.410899432,49.187227575
0.42222150,48.407741532,47.628255686
0.42227658,48.484032284,49.339808643
0.42233167,48.469797001,47.599785604
0.42238675,48.554037878,49.508289856
0.42244184,48.553953109,47.599616659
0.42249692,48.656483718,49.713350415
0.42255200,48.645350487,47.577350930
0.42260709,48.744786370,49.912221368
0.42266217,48.743993636,47.575766348
0.42271726,48.852158091,50.128549305
0.42277234,48.846381886,47.564215001
0.42282743,48.939374040,50.314532465
0.42288251,48.937155590,47.559779331
0.42293759,49.032154024,50.504528013
0.42299268,49.038941447,47.573355580
0.42304776,49.107868514,50.642380683
0.42310285,49.103101874,47.563823835
0.42315793,49.170509972,50.777195271
0.42321302,49.201466943,47.625739422
0.42326810,49.235802075,50.845863885
0.42332319,49.226296379,47.606729725
0.42337827,49.263228018,50.919725419
0.42343335,49.339497402,47.759270197
0.42348844,49.340259767,50.921248525
0.42354352,49.320340206,47.719432720
0.42359861,49.322143214,50.924852874
0.42365369,49.452146338,47.979440506
0.42370878,49.425144786,50.870848387
0.42376386,49.392520712,47.914193747
0.42381894,49.349208104,50.784221791
0.42387403,49.511555250,48.238889235
0.42392911,49.459610751,50.680331783
0.42398420,49.420960932,48.161590597
0.42403928,49.419418784,50.677246457
0.42409437,49.726154129,48.775062094
0.42414945,49.705758871,50.636455367
0.42420453,49.622745089,48.609035145
0.42425962,49.622630393,50.636225307
0.42431470,50.014010418,49.391795655
0.42436979,50.006981291,50.622166804
0.42442487,49.889570042,49.156973454
0.42447996,49.898786782,50.640599931
0.42453504,50.339493539,50.038387175
0.42459013,50.352031697,50.665676187
0.42464521,50.211243556,49.756810993
0.42470029,50.238305697,50.719800326
0.42475538,50.696800827,50.673801329
0.42481046,50.733510964,50.793220598
0.42486555,50.579700659,50.366180735
0.42492063,50.625625662,50.885070566
0.42497572,51.065609343,51.246148110
0.42503080,51.124645520,51.003142935
0.42508588,50.970261099,50.937379264
0.42514097,63.478537631,76.019644894
0.42519605,63.539026331,51.058458378
0.42525114,51.201525500,51.344592616
0.42530622,51.587671505,51.830750375
0.42536131,57.958292959,64.085823344
0.42541639,67.483822589,70.881818082
0.42547147,64.361389708,57.840975148
0.42552656,51.806012365,45.771061416
0.42558164,39.229082604,32.687117698
0.42563673,16.584351054,0.481668660
0.42569181,6.002034945,11.522391328
0.42574690,4.004954112,-3.512464743
0.42580198,-0.936664316,1.639133956
0.42585707,-4.826985275,-11.293090920
0.42591215,-0.136125547,11.020799381
0.42596723,0.079793711,-10.861173064
0.42602232,-2.002317180,6.856513204
0.42607740,-3.592276631,-14.041030992
0.42613249,-6.823613671,0.393786725
0.42618757,-6.199976105,-15.401394251
0.42624266,-8.018279587,-1.377314036
0.42629774,-7.961542830,-18.213038738
0.42635282,-8.021399837,-0.134293847
0.42640791,-7.995080907,-18.093344815
0.42646299,-8.023165720,0.055631951
0.42651808,-8.006288997,-17.812626552
0.42657316,-8.024407712,0.090878526
0.42662825,-8.012149487,-17.657532652
0.42668333,-8.025358673,0.103207215
0.42673841,-8.015914125,-17.557306118
0.42679350,-8.026140289,0.074134344
0.42684858,-8.018619037,-17.484034019
0.42690367,-8.026813588,0.017893018
0.42695875,-8.020541490,-17.427307370
0.42701384,-8.027253906,0.067660507
0.42706892,-8.020366996,-17.119353759
0.42712400,-8.026306021,1.205060855
0.42717909,-8.011340185,-15.194304469
0.42723417,-8.021387661,3.455229374
0.42728926,-7.937032633,-13.049851288
0.42734434,-8.004413770,2.693658652
0.42739943,-1.260645124,-5.214943819
0.42745451,3.976836172,13.168588712
0.42750960,8.351984147,3.535387120
0.42756468,7.241211791,10.947031999
0.42761976,7.632248358,4.317468287
0.42767485,7.974903481,11.632334328
0.42772993,8.239585185,4.846839782
0.42778502,7.025960037,9.205078749
0.42784010,7.297144643,5.389211721
0.42789519,7.743876282,10.098539042
0.42795027,7.918734296,5.738931094
0.42800535,6.831235520,7.923539559
0.42806044,7.003842575,6.084145867
0.42811552,7.435099400,8.786052340
0.42817061,7.539031900,6.292011965
0.42822569,6.830211518,7.368410977
0.42828078,2.005244546,-3.357912540
0.42833586,2.299258767,7.956419675
0.42839094,3.920748640,-0.114917103
0.42844603,3.407783117,6.930479305
0.42850111,4.294454125,1.658431202
0.42855620,4.577000911,7.495567853
0.42861128,5.379800269,3.264034140
0.42866637,4.913275218,6.562515412
0.42872145,3.988249284,1.413985310
0.42877654,4.215055332,7.016122806
0.42883162,4.284885096,1.553649809
0.42888670,3.937774712,6.321897769
0.42894179,5.043601533,3.765305828
0.42899687,5.691279694,7.617252355
0.42905196,4.018526591,0.419805035
0.42910704,3.093384165,5.766960971
0.42916213,3.144921839,0.522884941
0.42921721,3.734710595,6.946532897
0.42927229,3.167891374,-0.610745511
0.42932738,2.487065920,5.584874233
0.42938246,5.680787840,5.776701444
0.42943755,6.007069906,6.237438351
0.42949263,3.628097689,1.018759240
0.42954772,3.178215262,5.337669770
0.42960280,5.465957938,5.594246100
0.42965788,5.654558105,5.714870109
0.42971297,2.705660711,-0.303545746
0.42976805,2.407217988,5.117979335
0.42982314,5.217080765,5.316182193
0.42987822,5.359368171,5.402554149
0.42993331,2.397336797,-0.607877621
0.42998839,2.228134711,5.064144430
0.43004348,3.676054644,2.287965484
0.43009856,3.736133883,5.184301600
0.43015364,2.632561558,0.080823632
0.43020873,2.497019357,4.913213185
0.43026381,4.258780596,3.604348146
0.43031890,4.301168017,4.997987731
0.43037398,3.275453973,1.552921180
0.43042907,2.408196348,3.263471279
0.43048415,2.560735008,1.857998897
0.43053923,2.817919761,3.777840325
0.43059432,2.456426694,1.135013631
0.43064940,2.768392003,4.401769509
0.43070449,4.392587127,4.383404746
0.43075957,3.883220373,3.383036082
0.43081466,2.508986574,1.634937315
0.43086974,2.549105156,3.463272727
0.43092482,-0.341450803,-4.146169629
0.43097991,-0.949753648,2.246659013
0.43103499,-2.191037296,-6.628727207
0.43109008,-2.320655641,1.987409894
0.43114516,-5.805071986,-13.597534136
0.43120025,-8.003794364,-3.561121189
0.43125533,-9.212367805,-14.863604045
0.43131042,-6.794799728,1.273983434
0.43136550,-4.951818213,-11.177607266
0.43142058,-6.456765041,-1.735930058
0.43147567,-6.415985504,-11.096033833
0.43153075,-4.939166397,1.217688723
0.43158584,-4.963947333,-11.145570973
0.43164092,-5.748732396,-0.351903283
0.43169601,-5.807425256,-11.262937560
0.43175109,-5.373594764,0.515736762
0.43180617,-5.353552014,-11.222829596
0.43186126,-5.771278630,-0.319737319
0.43191634,-5.740100678,-11.160454490
0.43197143,-6.248445881,-1.336445110
0.43202651,-6.504882448,-11.673311106
0.43208160,-6.612193334,-1.551083883
0.43213668,-6.048152142,-10.545213829
0.43219176,-6.664448522,-2.783688108
0.43224685,-6.870041585,-10.956389636
0.43230193,-7.995250661,-4.890264124
0.43235702,-7.779240704,-12.165368476
0.43241210,-8.001746342,-4.213927516
0.43246719,-7.896368885,-12.537838923
0.43252227,-8.005793074,-3.963794106
0.43257736,-7.938519895,-12.697896284
0.43263244,-8.008661974,-3.817490890
0.43268752,-7.960181422,-12.788552374
0.43274261,-8.010845599,-3.720217034
0.43279769,-7.973431674,-12.846445374
0.43285278,-8.012588209,-3.652026379
0.43290786,-7.982428488,-12.885672735
0.43296295,-8.014027626,-3.603211125
0.43301803,-7.988977519,-12.912952699
0.43307311,-8.015248274,-3.568212742
0.43312820,-7.993986936,-12.931951574
0.43318328,-8.016304964,-3.543505581
0.43323837,-7.997962652,-12.944872891
0.43329345,-8.017234870,-3.526692609
0.43334854,-8.001208614,-12.953130661
0.43340362,-8.018064096,-3.516067531
0.43345870,-8.003918432,-12.957677582
0.43351379,-8.018811514,-3.510377144
0.43356887,-8.006221372,-12.959184247
0.43362396,-8.019491029,-3.508679968
0.43367904,-8.008206852,-12.958077313
0.43373413,-8.020113075,-3.510247412
0.43378921,-8.009938357,-12.954644795
0.43384429,-8.020685283,-3.514412245
0.43389938,-8.011461720,-12.948913704
0.43395446,-8.021212770,-3.520640841
0.43400955,-8.012810238,-12.940408288
0.43406463,-8.021698631,-3.528717043
0.43411972,-8.014008167,-12.928174257
0.43417480,-8.022144999,-3.538752305
0.43422989,-8.015073680,-12.911435996
0.43428497,-8.022551456,-3.550774837
0.43434005,-8.016019025,-12.887675443
0.43439514,-8.022917139,-3.565858877
0.43445022,-8.016852757,-12.854897347
0.43450531,-8.023238564,-3.584804451
0.43456039,-8.017577904,-12.808909973
0.43461548,-8.023505012,-3.609137848
0.43467056,-8.018182213,-12.738841583
0.43472564,-8.023708349,-3.640626894
0.43478073,-8.018663380,-12.644417783
0.43483581,-8.023835020,-3.683692016
0.43489090,-8.019010239,-12.514427401
0.43494598,-8.023846670,-3.744348447
0.43500107,-8.019181564,-12.313122566
0.43505615,-8.023709011,-3.839701405
0.43511123,-8.019141703,-12.034236034
0.43516632,-8.023425210,-3.982554214
0.43522140,-8.018885323,-11.723183332
0.43527649,-8.023025179,-4.155801993
0.43533157,-8.018434139,-11.436233043
0.43538666,-8.022532064,-4.329558486
0.43544174,-8.017811022,-11.193501695
0.43549683,-8.021913865,-4.488624832
0.43555191,-8.016951720,-10.952881090
0.43560699,-8.021209022,-4.630502304
0.43566208,-8.015919798,-10.786435638
0.43571716,-8.020419957,-4.755187398
0.43577225,-8.014714112,-10.652192470
0.43582733,-8.019550810,-4.864793018
0.43588242,-8.013335215,-10.546304005
0.43593750,-8.018602467,-4.961482421
0.43599258,-8.011775834,-10.461296244
0.43604767,-8.017570810,-5.047170504
0.43610275,-8.010016785,-10.390425371
0.43615784,-8.016446561,-5.123484344
0.43621292,-8.008025095,-10.328906833
0.43626801,-8.015214264,-5.191780764
0.43632309,-8.004342371,-10.271781992
0.43637817,-8.008869462,-4.978712133
0.43643326,-7.994294978,-8.961060820
0.43648834,-7.997941275,-5.635241090
0.43654343,-7.976848190,-8.398257949
0.43659851,-7.980714613,-6.261877658
0.43665360,-7.934331835,-8.151238716
0.43670868,-7.951443809,-6.437445151
0.43676377,-7.740741251,-8.105960201
0.43681885,-7.715067808,-6.166518699
0.43687393,-6.116802424,-6.067086150
0.43692902,-4.534699620,-3.002313854
0.43698410,-4.525213630,-6.048112652
0.43703919,31.367499814,68.782657426
0.43709427,41.039164961,13.295922583
0.43714936,5.378595961,-2.538710294
0.43720444,-3.894767371,-5.250823851
0.43725952,-4.135439660,-3.020055872
0.43731461,-4.576139882,-6.132223105
0.43736969,-4.576729054,-3.021235790
0.43742478,-4.631402328,-6.241568024
0.43747986,-5.273145971,-4.304724223
0.43753495,-5.318937965,-6.333151373
0.43759003,-5.403524579,-4.473898065
0.43764511,-5.453851008,-6.433803640
0.43770020,-5.851361839,-5.268920148
0.43775528,-6.183803524,-7.098686627
0.43781037,-5.730955623,-4.363225226
0.43786545,-5.720193625,-7.077161426
0.43792054,-5.882453908,-4.687746854
0.43797562,-6.027800898,-7.367854358
0.43803071,-5.717989111,-4.068124749
0.43808579,-5.738306070,-7.408486485
0.43814087,-5.850890594,-4.293295492
0.43819596,-6.352288257,-8.411279645
0.43825104,-7.591023426,-6.770767426
0.43830613,-7.563810941,-8.356854252
0.43836121,-6.241008193,-4.125163588
0.43841630,-6.149879441,-8.174593962
0.43847138,-6.794811727,-5.415030111
0.43852646,-6.844294961,-8.273559148
0.43858155,-6.161973670,-4.050389641
0.43863663,-6.164033108,-8.277675124
0.43869172,-6.511816624,-4.745959137
0.43874680,-6.459499484,-8.173038877
0.43880189,-7.461105527,-6.749172342
0.43885697,-8.375133735,-10.001094269
0.43891205,-7.947236739,-5.816782231
0.43896714,-3.916050248,-5.686645080
0.43902222,-7.970897656,-5.948239566
0.43907731,-7.258063720,-10.031945563
0.43913239,-7.966011761,-5.383475039
0.43918748,-6.816683351,-9.202485502
0.43924256,-7.960643576,-5.489453608
0.43929764,-4.788669319,-7.073115180
0.43935273,-7.968967025,-5.590532730
0.43940781,-7.198829843,-9.879577472
0.43946290,-7.960877916,-5.442816578
0.43951798,-7.372507559,-9.595850527
0.43957307,-7.950655813,-5.784689607
0.43962815,-7.246105199,-9.119540772
0.43968324,-7.940265345,-6.022571805
0.43973832,-7.334301170,-9.018663104
0.43979340,-7.942440210,-6.287277450
0.43984849,-7.280921678,-8.980635552
0.43990357,-7.948583112,-6.230381945
0.43995866,-7.554621244,-9.410629242
0.44001374,-7.950531415,-6.232700108
0.44006883,-7.700301303,-9.465977250
0.44012391,-7.952996100,-6.352743973
0.44017899,-7.767402673,-9.431397879
0.44023408,-7.956308081,-6.428868469
0.44028916,-7.806152097,-9.425456531
0.44034425,-7.959113386,-6.454981305
0.44039933,-7.833483215,-9.421616645
0.44045442,-7.961680370,-6.481287019
0.44050950,-7.854056287,-9.416870492
0.44056458,-7.962899144,-6.502536597
0.44061967,-7.845739176,-9.347260613
0.44067475,-7.801652165,-6.256044494
0.44072984,-1.436398124,3.383240699
0.44078492,3.373876412,3.364512125
0.44084001,3.378122359,3.391732594
0.44089509,3.382348006,3.372963418
0.44095018,3.386590360,3.400217302
0.44100526,3.390812984,3.381408667
0.44106034,3.395051789,3.408694912
0.44111543,3.399271561,3.389848211
0.44117051,3.403507119,3.417166027
0.44122560,3.407723998,3.398281969
0.44128068,3.411956257,3.425630544
0.44133577,3.416169818,3.406709091
0.44139085,3.420398344,3.434087597
0.44144593,3.424608048,3.415128500
0.44150102,3.428832421,3.442536343
0.44155610,3.433037877,3.423539411
0.44161119,3.437257879,3.450976346
0.44166627,3.441458815,3.431941283
0.44172136,3.445674330,3.459407377
0.44177644,3.449870597,3.440333817
0.44183152,3.454052531,3.467771244
0.44188661,3.452028344,3.436285445
0.44194169,3.454182795,3.472080146
0.44199678,3.442316501,3.412552856
0.44205186,3.416033788,3.419514720
0.44210695,3.408567481,3.397620241
0.44216203,3.458129656,3.518639070
0.44221712,3.498285193,3.477931316
0.44227220,3.457209255,3.436487195
0.44232728,3.425522782,3.414558368
0.44238237,3.429760501,3.444962634
0.44243745,3.433989140,3.423015646
0.44249254,3.438223023,3.453430399
0.44254762,3.442447859,3.431465319
0.44260271,3.446677840,3.461890362
0.44265779,3.450898948,3.439907534
0.44271287,3.455125075,3.470342616
0.44276796,3.459342455,3.448342295
0.44282304,3.463564735,3.478787175
0.44287813,3.467778263,3.456769351
0.44293321,3.471996564,3.487223778
0.44298830,3.476206016,3.465188254
0.44304338,3.480420116,3.495651977
0.44309846,3.484625237,3.473598497
0.44315355,3.488834964,3.504071432
0.44320863,3.493035549,3.481999667
0.44326372,3.497240903,3.512482139
0.44331880,3.501436847,3.490391555
0.44337389,3.505623164,3.520854773
0.44342897,3.490342263,3.459829753
0.44348406,3.478015714,3.496201675
0.44353914,3.474212245,3.452222815
0.44359422,3.465395813,3.478568811
0.44364931,3.465868719,3.453168628
0.44370439,3.470008765,3.486848903
0.44375948,3.474145013,3.461441123
0.44381456,3.478250786,3.495060449
0.44386965,3.477466311,3.459872173
0.44392473,3.479628043,3.499383912
0.44397981,3.468542377,3.437700843
0.44403490,3.445245120,3.452789396
0.44408998,3.438417227,3.424045059
0.44414507,3.442480973,3.460916887
0.44420015,3.446545472,3.432174057
0.44425524,3.450592693,3.469011328
0.44431032,3.453416164,3.437821000
0.44436540,3.462777565,3.487734131
0.44442049,3.449607672,3.411481213
0.44447557,3.418569231,3.425657249
0.44453066,3.409335840,3.393014430
0.44458574,3.422398681,3.451782931
0.44464083,3.408557297,3.365331663
0.44469591,3.373373614,3.381415566
0.44475100,3.363689143,3.345962719
0.44480608,3.378683838,3.411404956
0.44486116,3.364500117,3.317595280
0.44491625,3.326907921,3.336220563
0.44497133,3.316928523,3.297636483
0.44502642,3.332990090,3.368343696
0.44508150,3.318581126,3.268818557
0.44513659,3.279529051,3.290239544
0.44519167,3.269323712,3.248407880
0.44524675,3.298607293,3.348806705
0.44530184,3.313470579,3.278134452
0.44535692,3.291959108,3.305783764
0.44541201,3.284880709,3.263977655
0.44546709,3.288757156,3.313536657
0.44552218,3.292649081,3.271761506
0.44557726,3.296521185,3.321280865
0.44563234,3.300411919,3.279542974
0.44568743,3.304284410,3.329025844
0.44574251,3.308175573,3.287325301
0.44579760,3.312051786,3.336778270
0.44585268,3.315944545,3.295110820
0.44590777,3.319827547,3.344544275
0.44596285,3.323723050,3.302901826
0.44601793,3.327617024,3.352332221
0.44607302,3.331517872,3.310703524
0.44612810,3.335424971,3.360146419
0.44618319,3.339332764,3.318519109
0.44623827,3.343250246,3.367981384
0.44629336,3.347163688,3.326345992
0.44634844,3.351085665,3.375825337
0.44640353,3.355002437,3.334179536
0.44645861,3.358924373,3.383669210
0.44651369,3.362842708,3.342016207
0.44656878,3.366762397,3.391508587
0.44662386,3.370680994,3.349853402
0.44667895,3.374597557,3.399341712
0.44673403,3.378515740,3.357689769
0.44678912,3.382430484,3.407171199
0.44684420,3.386349236,3.365527272
0.44689928,3.390265945,3.415004617
0.44695437,3.394187679,3.373370742
0.44700945,3.398109957,3.422849172
0.44706454,3.402036515,3.381223859
0.44711962,3.405964824,3.430705790
0.44717471,3.404444958,3.378184125
0.44722979,3.408533686,3.438883246
0.44728487,3.396493723,3.354104201
0.44733996,3.368570800,3.383037399
0.44739504,3.360794029,3.338550660
0.44745013,3.364790382,3.391030104
0.44750521,3.368792756,3.346555409
0.44756030,3.372786827,3.399018244
0.44761538,3.376787644,3.354557044
0.44767047,3.380780052,3.407003060
0.44772555,3.384779740,3.362556420
0.44778063,3.388772589,3.414988757
0.44783572,3.392772519,3.370556280
0.44789080,3.396767943,3.422979605
0.44794589,3.400769321,3.378559038
0.44800097,3.404760083,3.430961128
0.44805606,3.407392868,3.383824608
0.44811114,3.418397659,3.452970710
0.44816622,3.404915951,3.356861194
0.44822131,3.371300157,3.385739120
0.44827639,3.362166746,3.338594373
0.44833148,3.391830370,3.445066366
0.44838656,3.409254809,3.373443252
0.44844165,3.387715237,3.401987221
0.44849673,3.378415670,3.354844119
0.44855181,3.382475845,3.410107570
0.44860690,3.386538159,3.362968748
0.44866198,3.390596422,3.418224095
0.44871707,3.394658536,3.371092977
0.44877215,3.398715946,3.426338914
0.44882724,3.402778609,3.379218304
0.44888232,3.406836593,3.434454881
0.44893741,3.410900618,3.387346355
0.44899249,3.414960075,3.442573793
0.44904757,3.419025979,3.395478164
0.44910266,3.423083029,3.450687895
0.44915774,3.420154505,3.389621115
0.44921283,3.421620549,3.453619983
0.44926791,3.412062561,3.370505140
0.44932300,3.390126544,3.409747948
0.44937808,3.383179922,3.356611897
0.44943316,3.392098928,3.427585958
0.44948825,3.380212270,3.332838583
0.44954333,3.351350127,3.369861672
0.44959842,3.343936083,3.318010494
0.44965350,3.367907018,3.417803541
0.44970859,3.381182143,3.344560745
0.44976367,3.365463016,3.386365287
0.44981875,3.360540933,3.334716578
0.44987384,3.364641708,3.394566837
0.44992892,3.368787211,3.343007584
0.44998401,3.372873768,3.402739951
0.45003909,3.377002141,3.351264332
0.45009418,3.381086929,3.410909525
0.45014926,3.385205365,3.359501204
0.45020435,3.389297187,3.419093169
0.45025943,3.393409493,3.367725817
0.45031451,3.397510118,3.427294418
0.45036960,3.401618272,3.375942125
0.45042468,3.405725896,3.435509665
0.45047977,3.409832113,3.384154561
0.45053485,3.413944376,3.443734191
0.45058994,3.418050849,3.392367507
0.45064502,3.422166248,3.451964989
0.45070010,3.426274566,3.400584143
0.45075519,3.430392142,3.460200141
0.45081027,3.434503345,3.408806548
0.45086536,3.438622360,3.468438172
0.45092044,3.442737732,3.417037292
0.45097553,3.446858393,3.476679493
0.45103061,3.450979287,3.425279082
0.45108569,3.455101772,3.484924461
0.45114078,3.459228537,3.433532614
0.45119586,3.463351618,3.493170623
0.45125095,3.467483371,3.441796119
0.45130603,3.471604792,3.501413464
0.45136112,3.475740208,3.450066952
0.45141620,3.479858340,3.509649727
0.45147129,3.483996500,3.458343274
0.45152637,3.488111184,3.517879094
0.45158145,3.492251675,3.466624257
0.45163654,3.496363715,3.526103173
0.45169162,3.500506246,3.474909320
0.45174671,3.504611295,3.534313269
0.45180179,3.503788733,3.473264197
0.45185688,3.506440448,3.539616698
0.45191196,3.498424209,3.457231720
0.45196704,3.479431169,3.501630618
0.45202213,3.475782213,3.449933808
0.45207721,3.479853395,3.509772982
0.45213230,3.483952578,3.458132175
0.45218738,3.488012297,3.517892419
0.45224247,3.490859209,3.463825999
0.45229755,3.499307682,3.534789364
0.45235263,3.489583070,3.444376777
0.45240772,3.464840443,3.485304109
0.45246280,3.459460581,3.433617053
0.45251789,3.463474833,3.493332614
0.45257297,3.467520453,3.441708293
0.45262806,3.471532739,3.501357184
0.45268314,3.475576193,3.449795203
0.45273822,3.479586157,3.509377112
0.45279331,3.483627327,3.457877541
0.45284839,3.487634769,3.517391996
0.45290348,3.491673693,3.465955390
0.45295856,3.495678709,3.525402027
0.45301365,3.499715586,3.474029146
0.45306873,3.503714204,3.533399263
0.45312382,3.507441396,3.481483530
0.45317890,3.518728670,3.555973809
0.45323398,3.508386866,3.460799924
0.45328907,3.479949256,3.499098587
0.45334415,3.473902075,3.448705563
0.45339924,3.477853476,3.507001390
0.45345432,11.433377505,19.359733206
0.45350941,20.703919245,22.048104696
0.45356449,24.148509840,26.248913550
0.45361957,15.312478223,4.376081758
0.45367466,4.336109418,4.296137079
0.45372974,9.274907951,14.253670769
0.45378483,9.291494158,4.329325549
0.45383991,4.044875065,3.760424607
0.45389500,3.837529594,3.914634579
0.45395008,3.940291104,3.965947629
0.45400516,3.737127174,3.508306735
0.45406025,3.639978073,3.771649405
0.45411533,3.679211618,3.586773833
0.45417042,3.666688325,3.746602814
0.45422550,3.683691815,3.620780818
0.45428059,3.656110318,3.691439817
0.45433567,3.644079356,3.596718896
0.45439076,3.623361373,3.650003850
0.45444584,3.606553241,3.563102633
0.45450092,3.584395561,3.605688489
0.45455601,3.568181763,3.530675037
0.45461109,3.549677782,3.568680526
0.45466618,3.701545061,3.834409590
0.45472126,3.898608798,3.962808005
0.45477635,3.869652858,3.776497713
0.45483143,3.823921600,3.871345486
0.45488651,3.865336862,3.859328237
0.45494160,3.895100293,3.930872348
0.45499668,3.892795963,3.854719578
0.45505177,3.884763689,3.914807799
0.45510685,3.876852106,3.838896412
0.45516194,3.868934708,3.898973003
0.45521702,3.878692926,3.858412849
0.45527210,3.887252231,3.916091613
0.45532719,3.890829297,3.865566982
0.45538227,3.893363399,3.921159817
0.45543736,3.892559791,3.863959766
0.45549244,3.871753711,3.879547655
0.45554753,3.850254133,3.820960610
0.45560261,3.846806283,3.872651955
0.45565770,3.851852149,3.831052343
0.45571278,3.862306554,3.893560765
0.45576786,3.868185345,3.842809926
0.45582295,3.881536401,3.920262875
0.45587803,3.863996119,3.807729365
0.45593312,3.819841888,3.831954411
0.45598820,3.807039389,3.782124367
0.45604329,3.806193260,3.830262152
0.45609837,3.805802678,3.781343204
0.45615345,3.806950683,3.832558163
0.45620854,3.808059029,3.783559896
0.45626362,3.793106678,3.802653459
0.45631871,3.775948790,3.749244122
0.45637379,3.769636196,3.790028270
0.45642888,3.769654773,3.749281276
0.45648396,3.777005804,3.804730332
0.45653904,3.781585124,3.758439917
0.45659413,3.786810755,3.815181594
0.45664921,3.787943521,3.760705449
0.45670430,3.799234087,3.837762724
0.45675938,3.763462026,3.689161329
0.45681447,3.684691092,3.680220854
0.45686955,3.660121302,3.640021751
0.45692464,3.665459648,3.690897544
0.45697972,3.668743198,3.646588853
0.45703480,3.670915907,3.695242961
0.45708989,3.672430144,3.649617327
0.45714497,3.696750872,3.743884415
0.45720006,3.669897340,3.595910267
0.45725514,3.598681760,3.601453254
0.45731023,3.578340345,3.555227435
0.45736531,3.583070737,3.610914039
0.45742039,3.588777914,3.566641790
0.45747548,3.592490061,3.618338333
0.45753056,3.596414540,3.574490747
0.45758565,3.598801874,3.623113000
0.45764073,3.601039306,3.578965612
0.45769582,3.602664071,3.626362529
0.45775090,3.605309141,3.584255752
0.45780598,3.633500351,3.682744950
0.45786107,3.617160935,3.551576921
0.45791615,3.565182505,3.578788089
0.45797124,3.558247798,3.537707507
0.45802632,3.560739683,3.583771859
0.45808141,3.561825625,3.539879391
0.45813649,3.562364362,3.584849332
0.45819158,3.563973783,3.543098234
0.45824666,3.566427698,3.589757162
0.45830174,3.564761558,3.539765955
0.45835683,3.564454103,3.589142251
0.45841191,3.565806254,3.542470257
0.45846700,3.568287721,3.594105185
0.45852208,3.572067002,3.550028819
0.45857717,3.575330538,3.600632257
0.45863225,3.578950822,3.557269388
0.45868733,3.581376924,3.605484461
0.45874242,3.584182854,3.562881248
0.45879750,3.587905625,3.612930002
0.45885259,3.592928657,3.572927313
0.45890767,3.616927147,3.660926980
0.45896276,3.602664817,3.544402655
0.45901784,3.555859544,3.567316432
0.45907292,3.546202240,3.525088049
0.45912801,3.548696611,3.572305174
0.45918309,3.551700214,3.531095254
0.45923818,3.554016900,3.576938546
0.45929326,3.556795935,3.536653323
0.45934835,3.558853254,3.581053185
0.45940343,3.561451638,3.541850090
0.45945851,3.564695975,3.587541860
0.45951360,3.568916944,3.550292027
0.45956868,3.589929655,3.629567282
0.45962377,3.580659533,3.531751786
0.45967885,3.543810374,3.555868962
0.45973394,3.535621083,3.515373203
0.45978902,3.532134424,3.548895644
0.45984411,3.530583008,3.512270372
0.45989919,3.529898136,3.547525900
0.45995427,3.528406405,3.509286909
0.46000936,3.529078592,3.548870275
0.46006444,3.530074335,3.511278395
0.46011953,3.532224920,3.553171445
0.46017461,3.534707899,3.516244354
0.46022970,3.537333171,3.558421988
0.46028478,3.540375260,3.522328531
0.46033986,3.544555671,3.566782811
0.46039495,3.549142308,3.531501806
0.46045003,3.553379156,3.575256506
0.46050512,3.557688634,3.540120762
0.46056020,3.561342019,3.582563276
0.46061529,3.565146029,3.547728782
0.46067037,3.568474840,3.589220898
0.46072545,3.572059608,3.554898319
0.46078054,3.575220079,3.595541838
0.46083562,3.578946586,3.562351333
0.46089071,3.582655759,3.602960184
0.46094579,3.586731960,3.570503737
0.46100088,3.590832241,3.611160745
0.46105596,3.595528096,3.579895448
0.46111105,3.613397540,3.646899632
0.46116613,3.600039706,3.553179781
0.46122121,3.557754501,3.562329222
0.46127630,3.548316768,3.534304314
0.46133138,3.565234358,3.596164403
0.46138647,3.550758628,3.505352855
0.46144155,3.505920508,3.506488161
0.46149664,3.494487720,3.482487279
0.46155172,3.511459866,3.540432453
0.46160680,3.494466973,3.448501493
0.46166189,3.444381063,3.440260633
0.46171697,3.430416450,3.420572268
0.46177206,3.505521811,3.590471351
0.46182714,3.562686180,3.534901009
0.46188223,3.506215331,3.477529653
0.46193731,3.484121760,3.490713867
0.46199239,3.501825632,3.512937397
0.46204748,3.510120320,3.507303243
0.46210256,3.518089713,3.528876183
0.46215765,3.494145236,3.459414289
0.46221273,3.477869077,3.496323864
0.46226782,3.498631678,3.500939492
0.46232290,3.526589966,3.552240440
0.46237799,3.545607806,3.538975173
0.46243307,3.543381453,3.547787733
0.46248815,3.534055966,3.520324200
0.46254324,3.520045511,3.519766822
0.46259832,3.510276881,3.500786941
0.46265341,3.504526278,3.508265615
0.46270849,3.499270222,3.490274830
0.46276358,3.497246792,3.504218755
0.46281866,3.495258901,3.486299047
0.46287374,3.494842439,3.503385831
0.46292883,3.494861617,3.486337404
0.46298391,3.495277902,3.504218401
0.46303900,3.571288243,3.638358083
0.46309408,3.676222696,3.714087309
0.46314917,3.686926345,3.659765381
0.46320425,3.673563851,3.687362321
0.46325933,3.665374844,3.643387366
0.46331442,3.648312863,3.653238359
0.46336950,3.646177248,3.639116137
0.46342459,3.640100356,3.641084575
0.46347967,3.605624515,3.570164455
0.46353476,3.586776410,3.603388364
0.46358984,3.584414872,3.565441379
0.46364493,3.578703298,3.591965216
0.46370001,3.595760187,3.599555158
0.46375509,3.601618312,3.603681465
0.46381018,3.556555069,3.509428672
0.46386526,3.471372277,3.433315881
0.46392035,3.418139777,3.402963673
0.46397543,3.412415983,3.421868293
0.46403052,3.411542041,3.401215789
0.46408560,3.407639197,3.414062606
0.46414068,3.409181785,3.404300965
0.46419577,3.430262352,3.456223740
0.46425085,3.416015550,3.375807360
0.46430594,3.367437442,3.359067524
0.46436102,3.356181404,3.353295285
0.46441611,3.352718048,3.352140812
0.46447119,3.346915446,3.341690080
0.46452627,3.343246003,3.344801927
0.46458136,3.339924366,3.335046806
0.46463644,3.339176142,3.343305478
0.46469153,3.339890011,3.336474544
0.46474661,3.340422373,3.344370203
0.46480170,3.342803024,3.341235845
0.46485678,3.361749106,3.382262367
0.46491187,3.339368652,3.296474937
0.46496695,3.273827211,3.251179485
0.46502203,3.255378755,3.259578025
0.46507712,3.344464731,3.429351434
0.46513220,3.409791926,3.390232419
0.46518729,3.323786142,3.257339867
0.46524237,3.261207269,3.265074671
0.46529746,3.263337686,3.261600701
0.46535254,3.265861557,3.270122412
0.46540762,3.268331397,3.266540382
0.46546271,3.239529170,3.212517959
0.46551779,3.219511420,3.226504881
0.46557288,3.224544135,3.222583389
0.46562796,3.218042323,3.213501257
0.46568305,3.217631873,3.221762490
0.46573813,3.215940369,3.210118249
0.46579321,3.209766779,3.209415308
0.46584830,3.185730059,3.162044811
0.46590338,3.180138215,3.198231620
0.46595847,3.187564404,3.176897188
0.46601355,3.177983894,3.179070600
0.46606864,3.143898680,3.108726761
0.46612372,3.136572346,3.164417931
0.46617880,3.148991775,3.133565618
0.46623389,3.138087148,3.142608678
0.46628897,3.098125273,3.053641870
0.46634406,3.090154636,3.126667402
0.46639914,3.126425345,3.126183289
0.46645423,3.146670807,3.167158326
0.46650931,3.116420637,3.065682948
0.46656440,3.093323160,3.120963372
0.46661948,3.092099201,3.063235030
0.46667456,3.083899393,3.104563756
0.46672965,3.055540333,3.006516910
0.46678473,3.050300905,3.094084899
0.46683982,3.077808380,3.061531860
0.46689490,3.093670901,3.125809942
0.46694999,3.072560854,3.019311767
0.46700507,3.062743848,3.106175930
0.46706015,3.065917701,3.025659472
0.46711524,3.068911356,3.112163239
0.46717032,3.072054710,3.031946182
0.46722541,3.066422081,3.100897979
0.46728049,3.063389060,3.025880142
0.46733558,3.051876637,3.077873133
0.46739066,3.021035716,2.964198299
0.46744574,3.010119439,3.056040578
0.46750083,3.019331293,2.982622008
0.46755591,3.002804316,3.022986625
0.46761100,2.957446545,2.891906467
0.46766608,2.942997516,2.994088565
0.46772117,2.958869982,2.923651400
0.46777625,2.937945079,2.952238759
0.46783134,2.880606083,2.808973409
0.46788642,2.862061993,2.915150577
0.46794150,2.882620398,2.850090219
0.46799659,2.860665350,2.871240481
0.46805167,2.799429303,2.727618128
0.46810676,2.779797550,2.831976970
0.46816184,2.802482187,2.772987404
0.46821693,2.779339849,2.785692293
0.46827201,2.716707765,2.647723239
0.46832709,2.695718434,2.743713629
0.46838218,2.719238324,2.694763018
0.46843726,2.692047716,2.689332414
0.46849235,2.916644502,3.143956573
0.46854743,2.419418696,1.694880989
0.46860252,1.535616916,1.376352851
0.46865760,1.464099230,1.551845606
0.46871268,1.410174643,1.268503687
0.46876777,1.025116416,0.781729165
0.46882285,1.364731737,1.947734199
0.46887794,2.058711710,2.169689217
0.46893302,1.809103409,1.448517643
0.46898811,1.428403531,1.408289419
0.46904319,1.209598393,1.010907381
0.46909828,1.424582063,1.838256689
0.46915336,1.638528961,1.438801246
0.46920844,1.176552576,0.914303928
0.46926353,1.004179921,1.094055912
0.46931861,2.192134930,3.290213556
0.46937370,3.174303130,3.058392708
0.46942878,3.243486387,3.428580054
0.46948387,2.249180886,1.069782170
0.46953895,0.660410318,0.251038521
0.46959403,0.583822137,0.916605718
0.46964912,0.314708938,-0.287187724
0.46970420,1.050295302,2.387777747
0.46975929,2.399836129,2.411894511
0.46981437,2.085237913,1.758581351
0.46986946,1.117450115,0.476319012
0.46992454,1.941521665,3.406723620
0.46997962,1.471348991,-0.464024421
0.47003471,4.358828891,9.181674645
0.47008979,5.704017294,2.226363873
0.47014488,1.474937461,0.723511231
0.47019996,-0.422161203,-1.567833211
0.47025505,-0.642633433,0.282566068
0.47031013,0.659894402,1.037222690
0.47036522,2.267787932,3.498352681
0.47042030,1.214329924,-1.069691139
0.47047538,-1.359910651,-1.650130135
0.47053047,-1.445321036,-1.240511950
0.47058555,-1.961529142,-2.682546165
0.47064064,-2.061351577,-1.440157114
0.47069572,-2.233770724,-3.027384130
0.47075081,-2.047798287,-1.068212755
0.47080589,-1.620649770,-2.173086686
0.47086097,-1.218205786,-0.263325182
0.47091606,10.079990698,20.423271816
0.47097114,12.723902349,5.024552143
0.47102623,0.635805095,-3.752935695
0.47108131,-1.328169731,1.096594322
0.47113640,-1.282735019,-3.662062521
0.47119148,-2.552514907,-1.442967692
0.47124656,-2.962607241,-4.482246039
0.47130165,-1.475366553,1.531509996
0.47135673,-1.287631709,-4.106770832
0.47141182,-1.543971902,1.018824894
0.47146690,-1.440385116,-3.899593161
0.47152199,-1.756272274,0.387047121
0.47157707,-1.652195630,-3.691437030
0.47163216,-1.971831515,-0.252226960
0.47168724,-1.442101725,-2.631976029
0.47174232,-1.668331102,-0.704686476
0.47179741,-1.748881830,-2.793076829
0.47185249,-1.883277540,-0.973478521
0.47190758,-1.410634360,-1.847790137
0.47196266,-1.815007245,-1.782224354
0.47201775,-2.100846253,-2.419468120
0.47207283,-2.013813554,-1.608159042
0.47212791,-2.361270255,-3.114381284
0.47218300,-2.713390962,-2.312400692
0.47223808,-2.308523033,-2.304645375
0.47229317,-2.090763987,-1.876882614
0.47234825,-2.142747414,-2.408612192
0.47240334,-2.514462147,-2.620312099
0.47245842,-2.423473094,-2.226634102
0.47251350,-1.784886558,-1.343139077
0.47256859,-1.260421223,-1.177703371
0.47262367,0.032119753,1.241942402
0.47267876,-0.623579940,-2.489101152
0.47273384,-1.345238047,-0.201375367
0.47278893,-1.179157800,-2.156939922
0.47284401,-1.752180220,-1.347420572
0.47289909,-2.002183647,-2.656946583
0.47295418,-2.263938056,-1.870929578
0.47300926,-2.398739884,-2.926550099
0.47306435,1.690785632,6.308114435
0.47311943,2.501382110,-1.305345506
0.47317452,-1.488549293,-1.671753069
0.47322960,-1.797059919,-1.922366764
0.47328469,-2.106408807,-2.290450838
0.47333977,-2.286254589,-2.282058340
0.47339485,-2.637590389,-2.993122397
0.47344994,-2.527658646,-2.062194966
0.47350502,-2.735750055,-3.409304998
0.47356011,-2.793946230,-2.178587585
0.47361519,-2.928684309,-3.678780849
0.47367028,-2.789331244,-1.899881896
0.47372536,-2.849330251,-3.798778313
0.47378044,-2.929588882,-2.060399696
0.47383553,-2.947899812,-3.835399672
0.47389061,-2.898344054,-1.961288722
0.47394570,-2.823116187,-3.684943411
0.47400078,-2.829527784,-1.974112395
0.47405587,-2.840601651,-3.707090663
0.47411095,-2.956211671,-2.205332861
0.47416603,-2.930908210,-3.656483388
0.47422112,-2.947142326,-2.237801428
0.47427620,-2.999887125,-3.761972633
0.47433129,-3.388779934,-3.015587280
0.47438637,-3.368970312,-3.722353304
0.47444146,-3.260306470,-2.798259704
0.47449654,-3.247844473,-3.697429176
0.47455163,-3.655847978,-3.614266781
0.47460671,-3.618162175,-3.622057569
0.47466179,-3.450593501,-3.279129442
0.47471688,-3.457356399,-3.635583346
0.47477196,-3.777085363,-3.918587374
0.47482705,-3.790253694,-3.661920019
0.47488213,-3.662850848,-3.663781678
0.47493722,-3.744777708,-3.825773736
0.47499230,-4.075482592,-4.325191429
0.47504738,-4.120928144,-3.916664872
0.47510247,-3.923496469,-3.930328067
0.47515755,-3.908131152,-3.885934237
0.47521264,-4.057898895,-4.229863543
0.47526772,-4.051185130,-3.872506728
0.47532281,-4.025794474,-4.179082213
0.47537789,-4.050091457,-3.921100705
0.47543297,-4.019482280,-4.117863851
0.47548806,-4.209548721,-4.301233589
0.47554314,-4.204728008,-4.108222430
0.47559823,-4.144132467,-4.180042504
0.47565331,-4.197920794,-4.215799083
0.47570840,-4.041525308,-3.867251543
0.47576348,-4.439294117,-5.011336585
0.47581857,-4.648642417,-4.285948291
0.47587365,-4.557402715,-4.828857115
0.47592873,-4.593087584,-4.357318071
0.47598382,-4.752932527,-5.148546932
0.47603890,-4.796535265,-4.444523638
0.47609399,-4.851261328,-5.257998965
0.47614907,-4.915032415,-4.572065904
0.47620416,-4.868427305,-5.164788679
0.47625924,-4.938468891,-4.712149121
0.47631432,-4.916699030,-5.121248926
0.47636941,-5.004776525,-4.888304129
0.47642449,-4.994305649,-5.100307167
0.47647958,-5.017834932,-4.935362699
0.47653466,-4.826994734,-4.718626773
0.47658975,-4.857653578,-4.996680377
0.47664483,-4.907511608,-4.818342843
0.47669991,-4.940092706,-5.061842564
0.47675500,-4.715005327,-4.368168129
0.47681008,-4.742352023,-5.116535872
0.47686517,-4.813942657,-4.511349472
0.47692025,-4.835886544,-5.160423581
0.47697534,-4.601883021,-4.043342563
0.47703042,-4.603227071,-5.163111477
0.47708551,-4.678312524,-4.193513647
0.47714059,-4.680495257,-5.167476790
0.47719567,-4.465299856,-3.763123082
0.47725076,-4.435533091,-5.107942954
0.47730584,-4.504410179,-3.900877523
0.47736093,-4.489186568,-5.077495500
0.47741601,-4.319742722,-3.561990131
0.47747110,-4.269316725,-4.976643157
0.47752618,-4.325840179,-3.675037338
0.47758126,-4.320631718,-4.966225963
0.47763635,-4.239368617,-3.512511442
0.47769143,-4.197000607,-4.881489620
0.47774652,-4.228798389,-3.576107296
0.47780160,-4.233207543,-4.890307649
0.47785669,-4.227960164,-3.565612821
0.47791177,-4.206799211,-4.847985467
0.47796685,-4.213795967,-3.579606599
0.47802194,-4.162290758,-4.744974807
0.47807702,-4.087472219,-3.429969772
0.47813211,-4.052826756,-4.675683614
0.47818719,-4.077796350,-3.479909202
0.47824228,-4.131849420,-4.783789500
0.47829736,-4.174819270,-3.565849160
0.47835245,-4.226520323,-4.887191344
0.47840753,-4.216628451,-3.546065705
0.47846261,-4.258492792,-4.970919715
0.47851770,-4.253066268,-3.535212989
0.47857278,-4.308863808,-5.082514432
0.47862787,-4.305720327,-3.528926419
0.47868295,-4.381659704,-5.234392754
0.47873804,-4.367487978,-3.500583447
0.47879312,-4.451338929,-5.402094117
0.47884820,-4.451254939,-3.500416055
0.47890329,-4.553308163,-5.606199911
0.47895837,-4.542224695,-3.478249846
0.47901346,-4.641194761,-5.804139237
0.47906854,-5.134563332,-4.464987572
0.47912363,-4.763374565,-5.061761529
0.47917871,-4.698106647,-4.334451807
0.47923379,-5.082734223,-5.831016456
0.47928888,-5.017269365,-4.203522490
0.47934396,-4.628164506,-5.052806464
0.47939905,-5.285055028,-5.517303574
0.47945413,-5.472214787,-5.427126000
0.47950922,-5.623999086,-5.820872160
0.47956430,-6.731641414,-7.642410399
0.47961938,-5.768055754,-3.893702251
0.47967447,-5.223091968,-6.552481111
0.47972955,-2.806268862,0.939938827
0.47978464,-2.553183296,-6.046301455
0.47983972,-5.792237824,-5.538174214
0.47989481,-6.043127436,-6.548080574
0.47994989,-5.083896166,-3.619712455
0.48000498,-3.921523900,-4.223335315
0.48006006,-4.247128412,-4.270921509
0.48011514,-5.514557972,-6.758193932
0.48017023,-5.285899796,-3.813606365
0.48022531,-5.242797058,-6.671987086
0.48028040,-5.404415877,-4.136845189
0.48033548,-5.352722242,-6.568598815
0.48039057,-5.314246893,-4.059895482
0.48044565,-5.312712632,-6.565529273
0.48050073,-5.618057318,-4.670585655
0.48055582,-5.597760614,-6.524935294
0.48061090,-5.515125966,-4.505316970
0.48066599,-5.105838215,-5.706359344
0.48072107,-5.455417396,-5.204475469
0.48077616,-6.180322005,-7.156168232
0.48083124,-6.103456090,-5.050744309
0.48088632,-5.789903525,-6.529062564
0.48094141,-6.053132955,-5.577203419
0.48099649,-6.221619675,-6.866035797
0.48105158,-6.256912318,-5.647788960
0.48110666,-6.127836464,-6.607883894
0.48116175,-6.140439532,-5.672995241
0.48121683,-6.098044243,-6.523093186
0.48127192,-6.220417177,-5.917741198
0.48132700,-6.185600235,-6.453459249
0.48138208,-6.183186660,-5.912914094
0.48143717,-6.422947119,-6.932980058
0.48149225,-6.692591363,-6.452202686
0.48154734,18.435036577,43.322074596
0.48160242,18.807390550,-5.707098232
0.48165751,-5.123942792,-4.540787462
0.48171259,-4.671876324,-4.802965179
0.48176767,-6.298871253,-7.794776600
0.48182276,-6.983688225,-6.172600064
0.48187784,-7.548379289,-8.924157899
0.48193293,-6.839216518,-4.754276550
0.48198801,-4.665542227,-4.576807907
0.48204310,-0.885134529,2.806534421
0.48209818,7.553276985,12.300012227
0.48215326,18.201238259,24.102452975
0.48220835,28.986824829,33.871188932
0.48226343,31.383562649,28.895938376
0.48231852,31.363650851,33.831361346
0.48237360,36.232036954,38.632710689
0.48242869,38.753540866,38.874371038
0.48248377,34.518121631,30.161878391
0.48253886,32.471782589,34.781685054
0.48259394,33.118176679,31.454669203
0.48264902,33.644817305,35.834963847
0.48270411,35.013707274,34.192450921
0.48275919,40.861300278,47.530135184
0.48281428,42.042623961,36.555122521
0.48286936,35.994834117,35.434545815
0.48292445,36.529443668,37.624341131
0.48297953,39.844422256,42.064501779
0.48303461,41.800166113,41.535830470
0.48308970,42.910274518,44.284717951
0.48314478,44.279788943,44.274859935
0.48319987,45.875386575,47.475912383
0.48325495,44.934029877,42.392149470
0.48331004,44.705807370,47.019463530
0.48336512,46.073839875,45.128216510
0.48342020,46.425909312,47.723601566
0.48347529,45.638801043,43.554001932
0.48353037,46.175492247,48.796980329
0.48358546,48.583802792,48.370625270
0.48364054,48.509631611,48.648637947
0.48369563,46.991664849,45.334692644
0.48375071,30.257544368,15.180469953
0.48380580,12.721608565,10.262749141
0.48386088,2.040348061,-6.182031053
0.48391596,17.679623389,41.541092832
0.48397105,60.663847371,79.786483095
0.48402613,63.183383842,46.580374156
0.48408122,47.807300916,49.034227187
0.48413630,46.375500236,43.716775580
0.48419139,53.762949504,63.809090636
0.48424647,55.397094341,46.985121037
0.48430155,48.125401964,49.265682469
0.48435664,47.093367722,44.921054507
0.48441172,51.165895108,57.410723037
0.48446681,52.232970722,47.055227117
0.48452189,49.128576650,51.201924786
0.48457698,48.732048781,46.262174758
0.48463206,50.496149425,54.730118267
0.48468714,51.908304456,49.086493232
0.48474223,50.815091270,52.543688337
0.48479731,49.568359309,46.593033158
0.48485240,50.303494527,54.013951422
0.48490748,51.372834551,48.731719947
0.48496257,50.862176595,52.992631768
0.48501765,50.205945582,47.419261919
0.48507274,50.592872177,53.766479163
0.48512782,51.756833278,49.747188706
0.48518290,51.749854242,53.752518476
0.48523799,49.288213523,44.823915046
0.48529307,48.974878568,53.125836492
0.48534816,49.416475735,45.707119447
0.48540324,49.194339775,52.681556151
0.48545833,49.945290010,47.209026301
0.48551341,48.829867536,50.450707917
0.48556849,48.681666607,46.912626314
0.48562358,48.880615069,50.848602566
0.48567866,47.282879833,43.717161231
0.48573375,46.112497763,48.507832431
0.48578883,46.519236016,44.530640885
0.48584392,47.737654969,50.944665712
0.48589900,49.371056493,47.797448079
0.48595408,50.383355932,52.969261612
0.48600917,51.026676398,49.084092410
0.48606425,48.958859802,48.833627200
0.48611934,45.269637575,41.705652077
0.48617442,43.871122267,46.036590933
0.48622951,43.722502373,41.408415552
0.48628459,43.547058963,45.685700888
0.48633967,44.124545826,42.563391556
0.48639476,44.249635085,45.935877691
0.48644984,43.731158304,41.526440496
0.48650493,42.522255192,43.518069566
0.48656001,42.754482702,41.990896027
0.48661510,40.090248440,38.189602027
0.48667018,39.921516955,41.653430909
0.48672527,41.257146022,40.860861186
0.48678035,41.290732447,41.720603647
0.48683543,40.532422696,39.344242204
0.48689052,40.546151957,41.748061240
0.48694560,41.116786290,40.485511470
0.48700069,41.077819970,41.670128356
0.48705577,41.277539710,40.884951114
0.48711086,40.986842978,41.088734839
0.48716594,41.457795149,41.826855415
0.48722102,38.967142831,36.107432903
0.48727611,38.658846127,41.210257236
0.48733119,41.620022125,42.029786959
0.48738628,42.268440453,42.507093929
0.48744136,42.229249814,41.951405724
0.48749645,42.233191579,42.514977407
0.48755153,42.944681077,43.374384686
0.48760661,42.778815701,42.183246831
0.48766170,42.489426170,42.795605478
0.48771678,43.840108256,44.884610679
0.48777187,43.626601172,42.368592180
0.48782695,41.829781227,41.290970367
0.48788204,42.094697890,42.898425203
0.48793712,42.986367756,43.074310306
0.48799221,43.004534339,42.934758374
0.48804729,42.089254273,41.243750405
0.48810237,42.271706289,43.299661829
0.48815746,42.843557244,42.387452727
0.48821254,42.932453656,43.477454488
0.48826763,42.618923047,41.760391845
0.48832271,42.623535653,43.486679218
0.48837780,42.896130853,42.305582601
0.48843288,42.908277532,43.510972345
0.48848796,43.038184576,42.565396880
0.48854305,43.023808367,43.482219785
0.48859813,43.037967653,42.593715584
0.48865322,44.245063212,45.896409955
0.48870830,44.155143425,42.413877880
0.48876339,42.994752673,43.575627356
0.48881847,43.498234535,43.420841716
0.48887355,44.290897113,45.160952265
0.48892864,44.354239107,43.547526160
0.48898372,43.705011064,43.862495960
0.48903881,43.933579775,44.004663588
0.48909389,44.354442297,44.704220966
0.48914898,46.980204899,49.256187150
0.48920406,46.749927850,44.243670590
0.48925915,44.434698819,44.625727036
0.48931423,44.544739856,44.463752678
0.48936931,45.890153169,47.316552998
0.48942440,47.645377275,47.974201516
0.48947948,49.933375930,51.892549097
0.48953457,50.659202714,49.425856826
0.48958965,50.201842805,50.977828589
0.48964474,48.451672973,45.925519430
0.48969982,46.625153828,47.324788068
0.48975490,47.608185631,47.891583168
0.48980999,49.329904104,50.768224368
0.48986507,49.531448697,48.294673523
0.48992016,49.946123522,51.597572635
0.48997524,50.623855421,49.650138514
0.49003033,50.726504012,51.802869134
0.49008541,58.143912334,64.484942469
0.49014049,58.382264349,52.279598329
0.49019558,51.103332023,49.927066167
0.49025066,50.948231242,51.969395978
0.49030575,50.508487100,49.047578915
0.49036083,50.330822177,51.614064904
0.49041592,51.094774779,50.575484742
0.49047100,46.514811644,42.454143904
0.49052609,48.338984600,54.223814044
0.49058117,54.619318782,55.014823470
0.49063625,50.388547392,45.762278267
0.49069134,49.106777739,52.451273576
0.49074642,51.091487979,49.731702983
0.49080151,52.561470040,55.391234496
0.49085659,52.558805585,49.726379281
0.49091168,25.955640532,2.185085375
0.49096676,24.399977088,46.614708456
0.49102184,52.518888575,58.423057367
0.49107693,61.425334022,64.427607749
0.49113201,62.040031884,59.652457872
0.49118710,57.343702733,55.034949326
0.49124218,57.944355754,60.853759432
0.49129727,58.667963622,56.482169364
0.49135235,58.124694504,59.767218767
0.49140743,58.528525540,57.289832811
0.49146252,65.471152976,73.652451392
0.49151760,62.695356148,51.738299913
0.49157269,57.416492555,63.094674722
0.49162777,56.692429750,50.290198096
0.49168286,54.716623360,59.143042257
0.49173794,55.732937697,52.322836916
0.49179303,54.227975392,56.133112690
0.49184811,54.666673326,53.200234660
0.49190319,52.175066856,51.149899394
0.49195828,50.596060327,50.042221359
0.49201336,53.770881374,57.499536871
0.49206845,55.153594684,52.807654284
0.49212353,54.869857388,56.932059110
0.49217862,54.396706558,51.861356096
0.49223370,54.548982598,57.236606754
0.49228878,54.366515598,51.496427118
0.49234387,51.176878689,50.857330293
0.49239895,50.631924956,50.406519636
0.49245404,52.231424925,54.056329132
0.49250912,51.822962958,49.589598405
0.49256421,50.060063489,50.530528502
0.49261929,49.921757156,49.312985930
0.49267437,50.824342038,52.335697404
0.49272946,50.729988421,49.124280275
0.49278454,49.946314293,50.768348091
0.49283963,49.999316108,49.230284317
0.49289471,50.457449069,51.684613331
0.49294980,53.428862435,55.173110551
0.49300488,52.689720895,50.206333243
0.49305996,49.862327171,49.518321137
0.49311505,50.728081255,51.937840897
0.49317013,52.789221011,53.640600889
0.49322522,52.644997399,51.649394231
0.49328030,50.844382503,50.039370986
0.49333539,35.238604188,20.437908566
0.49339047,5.932667322,-8.572505558
0.49344556,-5.802386609,-3.032270153
0.49350064,4.144520004,11.321293426
0.49355572,28.884568467,46.447743282
0.49361081,47.796428806,49.145113739
0.49366589,48.036072902,46.927032464
0.49372098,45.844131407,44.761230732
0.49377606,62.769406799,80.777477499
0.49383115,65.454326147,50.131251085
0.49388623,49.168768430,48.206286076
0.49394131,47.839566584,47.472847136
0.49399640,56.020281872,64.567692871
0.49405148,56.990884536,49.414094854
0.49410657,49.774196561,50.134298226
0.49416165,49.604753447,49.075208759
0.49421674,53.086638969,57.098063950
0.49427182,53.853064139,50.608067750
0.49432690,50.229466566,49.850865429
0.49438199,49.864179989,49.877494548
0.49443707,51.404444077,52.931392848
0.49449216,51.989091323,51.046790086
0.49454724,50.438337797,49.829885628
0.49460233,49.881763131,49.933640634
0.49465741,50.429191647,50.924742580
0.49471250,50.994136266,51.063529949
0.49476758,50.413484233,49.763438654
0.49482266,50.366146346,50.968853920
0.49487775,50.249886032,49.530918311
0.49493283,50.436767246,51.342615914
0.49498792,50.306116163,49.269616761
0.49504300,50.326102449,51.382587774
0.49509809,50.210337465,49.038087603
0.49515317,50.325038447,51.611988752
0.49520825,49.856030383,48.100073016
0.49526334,49.189877963,50.279682523
0.49531842,49.740681597,49.201680766
0.49537351,50.802095934,52.402510270
0.49542859,51.317372072,50.232234257
0.49548368,50.528542068,50.824849851
0.49553876,51.442315619,52.059781264
0.49559384,52.256212012,52.452642747
0.49564893,50.833334457,49.214027018
0.49570401,50.524714792,51.835402008
0.49575910,50.923533437,50.011665137
0.49581418,51.038014684,52.064363888
0.49586927,50.648226724,49.232090211
0.49592435,47.522668110,45.813246959
0.49597944,45.725988476,45.638729995
0.49603452,49.136393457,52.634052944
0.49608960,51.221753696,49.809455096
0.49614469,51.170777496,52.532099294
0.49619977,51.461437415,50.390775910
0.49625486,51.632920214,52.875064017
0.49630994,51.394152083,49.913240862
0.49636503,51.344048623,52.774855718
0.49642011,51.517806689,50.260758174
0.49647519,51.663931289,53.067103765
0.49653028,51.510051950,49.953000924
0.49658536,51.511523097,53.070044480
0.49664045,51.624769159,50.179494516
0.49669553,51.630253763,53.081012326
0.49675062,51.644917061,50.208822466
0.49680570,51.647818259,53.086813380
0.49686078,51.699458650,50.312104544
0.49691587,51.810606307,53.309107341
0.49697095,51.772786939,50.236467304
0.49702604,51.728932417,53.221396806
0.49708112,51.685054595,50.148713151
0.49713621,45.347953926,40.547202189
0.49719129,40.557588833,40.567975476
0.49724638,40.553359093,40.538742710
0.49730146,40.549149130,40.559555550
0.49735654,40.544922968,40.530290386
0.49741163,40.540716013,40.551141640
0.49746671,40.536493384,40.521845129
0.49752180,40.532289268,40.542733408
0.49757688,40.528069873,40.513406338
0.49763197,40.523868637,40.534330936
0.49768705,40.519652526,40.504974116
0.49774213,40.515454593,40.525935071
0.49779722,40.511242199,40.496549328
0.49785230,40.507048107,40.517546886
0.49790739,40.502839848,40.488132810
0.49796247,40.498649986,40.509167162
0.49801756,40.494446081,40.479724999
0.49807264,40.490260720,40.500796440
0.49812772,40.486061282,40.471326124
0.49818281,40.481880571,40.492435019
0.49823789,40.477714587,40.462994156
0.49829298,40.479731609,40.496469062
0.49834806,40.477585493,40.458701924
0.49840315,40.489408667,40.520115410
0.49845823,40.515592900,40.511070390
0.49851332,40.523032152,40.534993915
0.49856840,40.473656346,40.412318779
0.49862348,40.433647705,40.454976631
0.49867857,40.474569646,40.494162660
0.49873365,40.506140630,40.518118600
0.49878874,40.501919074,40.485719548
0.49884382,40.497706113,40.509692679
0.49889891,40.493488378,40.477284077
0.49895399,40.489279204,40.501274331
0.49900907,40.485065354,40.468856377
0.49906416,40.480859893,40.492863409
0.49911924,40.476649881,40.460436353
0.49917433,40.472448131,40.484459909
0.49922941,40.468241950,40.452023992
0.49928450,40.464044037,40.476064082
0.49933958,40.459841818,40.443619554
0.49939466,40.455647964,40.467676374
0.49944975,40.451449930,40.435223486
0.49950483,40.447260389,40.459297292
0.49955992,40.443066709,40.426836127
0.49961500,40.438881686,40.450927245
0.49967009,40.434692363,40.418457480
0.49972517,40.430511962,40.442566443
0.49978025,40.426341601,40.410116760
0.49983534,40.441566949,40.473017138
0.49989042,40.453847470,40.434677802
0.49994551,40.457637280,40.480596758
0.50000059,40.466420855,40.452244952
0.50005568,40.465949904,40.479654856
0.50011076,40.461825646,40.443996437
0.50016585,40.457704730,40.471413023
0.50022093,40.453614615,40.435816207
0.50027601,40.454396454,40.472976701
0.50033110,40.452243082,40.431509463
0.50038618,40.463288495,40.495067526
0.50044127,40.486498519,40.477929512
0.50049635,40.493301701,40.508673890
0.50055144,40.489253461,40.469833033
0.50060652,40.485204038,40.500575042
0.50066160,40.481172260,40.461769477
0.50071669,40.478359330,40.494949183
0.50077177,40.469033322,40.443117462
0.50082686,40.482155336,40.521193209
0.50088194,40.513077454,40.504961699
0.50093703,40.522277334,40.539592968
0.50099211,40.509263805,40.478934643
0.50104719,40.523054817,40.567174991
0.50110228,40.558106547,40.549038102
0.50115736,40.567755828,40.586473553
0.50121245,40.552817734,40.519161915
0.50126753,40.566949783,40.614737651
0.50132262,40.604400890,40.594064130
0.50137770,40.614343985,40.634623840
0.50143279,40.598343072,40.562062304
0.50148787,40.612699488,40.663336672
0.50154295,40.651604874,40.639873076
0.50159804,40.661773045,40.683673013
0.50165312,40.632599912,40.581526811
0.50170821,40.617791323,40.654055833
0.50176329,40.639222099,40.624388366
0.50181838,40.646274796,40.668161227
0.50187346,40.642413187,40.616665148
0.50192854,40.638535754,40.660406360
0.50198363,40.634678469,40.608950579
0.50203871,40.630802220,40.652653861
0.50209380,40.626944548,40.601235235
0.50214888,40.623067869,40.644900502
0.50220397,40.619206485,40.593512469
0.50225905,40.615328214,40.637143958
0.50231413,40.611460064,40.585776171
0.50236922,40.607579057,40.629381942
0.50242430,40.603699975,40.578018009
0.50247939,40.599813639,40.621609268
0.50253447,40.595921479,40.570233690
0.50258956,40.592028222,40.613822753
0.50264464,40.588125715,40.562428677
0.50269973,40.584226827,40.606024976
0.50275481,40.580319841,40.554614707
0.50280989,40.576417632,40.598220558
0.50286498,40.572510684,40.546800812
0.50292006,40.568606916,40.590413019
0.50297515,40.564702205,40.538991392
0.50303023,40.560798173,40.582604954
0.50308532,40.556896575,40.531188196
0.50314040,40.552992952,40.574797708
0.50319548,40.549093165,40.523388622
0.50325057,40.545188974,40.566989325
0.50330565,40.541287226,40.515585128
0.50336074,40.537380061,40.559174994
0.50341582,40.533472764,40.507770534
0.50347091,40.529560790,40.551351045
0.50352599,40.525647483,40.499943921
0.50358107,40.527162024,40.554380126
0.50363616,40.523088898,40.491797671
0.50369124,40.535085067,40.578372463
0.50374633,40.562903319,40.547434175
0.50380141,40.570651873,40.593869571
0.50385650,40.566670787,40.539472004
0.50391158,40.562683284,40.585894565
0.50396667,40.558704470,40.531514375
0.50402175,40.554718516,40.577922658
0.50407683,40.550741356,40.523560054
0.50413192,40.546756525,40.569952995
0.50418700,40.542778924,40.515604852
0.50424209,40.538793849,40.561982846
0.50429717,40.534813681,40.507644515
0.50435226,40.530827160,40.554009805
0.50440734,40.526851635,40.499693465
0.50446242,40.524228703,40.548763941
0.50451751,40.513265488,40.477767036
0.50457259,40.526698135,40.575629234
0.50462768,40.560187885,40.544746537
0.50468276,40.569288119,40.593829702
0.50473785,40.539736188,40.485642675
0.50479293,40.522375702,40.559108728
0.50484801,40.543834603,40.528560479
0.50490310,40.553100396,40.577640314
0.50495818,40.549055723,40.520471132
0.50501327,40.545008494,40.569545855
0.50506835,40.540965724,40.512385592
0.50512344,40.536918692,40.561451791
0.50517852,40.532876769,40.504301747
0.50523361,40.528829187,40.553356627
0.50528869,40.524786691,40.496216756
0.50534377,40.520737750,40.545258744
0.50539886,40.516693785,40.488128826
0.50545394,40.512642970,40.537157113
0.50550903,40.508601400,40.480045686
0.50556411,40.511519451,40.542993216
0.50561920,40.510059157,40.477125097
0.50567428,40.519582437,40.562039776
0.50572936,40.541436305,40.520832834
0.50578445,40.548357756,40.575882679
0.50583953,40.539472502,40.503062326
0.50589462,40.551315911,40.599569496
0.50594970,40.580069842,40.560570189
0.50600479,40.587456987,40.614343786
0.50605987,40.563576381,40.512808977
0.50611495,40.550350057,40.587891138
0.50617004,40.566010364,40.544129591
0.50622512,40.570914672,40.597699754
0.50628021,40.566829554,40.535959355
0.50633529,40.562699447,40.589439539
0.50639038,40.558628491,40.527817444
0.50644546,40.554515448,40.581213451
0.50650054,40.550446253,40.519679056
0.50655563,40.546343109,40.573007161
0.50661071,40.542266904,40.511526647
0.50666580,40.538169864,40.564813081
0.50672088,40.534084888,40.503356695
0.50677597,40.529991982,40.556627269
0.50683105,40.525900032,40.495172794
0.50688614,40.521809053,40.548445312
0.50694122,40.517712479,40.486979646
0.50699630,40.513621243,40.540262840
0.50705139,40.509521543,40.478780246
0.50710647,40.505428466,40.532076686
0.50716156,40.501326595,40.470576504
0.50721664,40.497230642,40.523884780
0.50727173,40.493127336,40.462369892
0.50732681,40.489027227,40.515684561
0.50738189,40.484922280,40.454160000
0.50743698,40.480816666,40.507473332
0.50749206,40.476709901,40.445946470
0.50754715,40.472598435,40.499250399
0.50760223,40.468491074,40.437731749
0.50765732,40.464374638,40.491017526
0.50771240,40.460268930,40.429520334
0.50776748,40.456148840,40.482777347
0.50782257,40.452046408,40.421315470
0.50787765,40.447923582,40.474531695
0.50793274,40.443824584,40.413117473
0.50798782,40.439699434,40.466281396
0.50804291,40.435603069,40.404924742
0.50809799,40.431475885,40.458027027
0.50815308,40.427386483,40.396745939
0.50820816,40.428206271,40.459666602
0.50826324,40.425564749,40.391462895
0.50831833,40.433551957,40.475641017
0.50837341,40.452473966,40.429306916
0.50842850,40.456109830,40.482912744
0.50848358,40.452054171,40.421195597
0.50853867,40.447970180,40.474744763
0.50859375,40.443925940,40.413107117
0.50864883,40.441089648,40.469072178
0.50870392,40.432673120,40.396274062
0.50875900,40.442362460,40.488450858
0.50881409,40.467012475,40.445574092
0.50886917,40.472372923,40.499171753
0.50892426,40.468373982,40.437576211
0.50897934,40.464343363,40.491110514
0.50903442,40.460346380,40.429582245
0.50908951,40.456317916,40.483053586
0.50914459,40.452323244,40.421592903
0.50919968,40.448297056,40.475001208
0.50925476,40.444304896,40.413608584
0.50930985,40.440280942,40.466953300
0.50936493,40.436291198,40.405629096
0.50942002,40.432269282,40.458909468
0.50947510,40.428285911,40.397662354
0.50953018,40.424572548,40.451482742
0.50958527,40.413327866,40.375172990
0.50964035,40.423632154,40.472091318
0.50969544,40.451963302,40.431835286
0.50975052,40.457988637,40.484141987
0.50980561,40.454052308,40.423962629
0.50986069,32.527292214,24.630642059
0.50991577,23.291285457,21.951929438
0.50997086,19.859086811,17.766245607
0.51002594,28.662212190,39.558140198
0.51008103,39.598969151,39.639798103
0.51013611,34.678591527,29.717392948
0.51019120,34.662065881,39.606730869
0.51024628,39.889111157,40.171491418
0.51030136,40.095702066,40.019912715
0.51035645,39.993325924,39.966739134
0.51041153,40.195749802,40.424760453
0.51046662,40.292535048,40.160309649
0.51052170,40.253444799,40.346579947
0.51057679,40.265921386,40.185262827
0.51063187,40.248980100,40.312697373
0.51068696,40.276458431,40.240219490
0.51074204,40.288445766,40.336672041
0.51079712,40.309086303,40.281500566
0.51085221,40.325833385,40.370166203
0.51090729,40.347908210,40.325650216
0.51096238,40.364063111,40.402476005
0.51101746,40.382497928,40.362519851
0.51107255,40.231184271,40.099848697
0.51112763,40.034859513,39.969870330
0.51118271,40.063710212,40.157550092
0.51123780,40.109270335,40.060990579
0.51129288,40.068006133,40.075021687
0.51134797,40.038354475,40.001687263
0.51140305,40.040650635,40.079614006
0.51145814,40.048653046,40.017692086
0.51151322,40.056536039,40.095379991
0.51156830,40.064424004,40.033468016
0.51162339,40.054701544,40.075935071
0.51167847,40.046174549,40.016414028
0.51173356,40.042610731,40.068807434
0.51178864,40.040086361,40.011365289
0.51184373,40.040887264,40.070409240
0.51189881,40.061615613,40.052821987
0.51195389,40.083037117,40.113252247
0.51200898,40.086472283,40.059692319
0.51206406,40.081445015,40.103197712
0.51211915,40.071030024,40.038862338
0.51217423,40.065172864,40.091483391
0.51222932,40.051872076,40.012260761
0.51228440,40.069348700,40.126436637
0.51233949,40.113337701,40.100238766
0.51239457,40.126093794,40.151948822
0.51244965,40.126936989,40.101925157
0.51250474,40.127326371,40.152727585
0.51255982,40.126182906,40.099638227
0.51261491,40.125078820,40.150519413
0.51266999,40.139975370,40.129431327
0.51272508,40.157070983,40.184710638
0.51278016,40.163360156,40.142009674
0.51283524,40.163341870,40.184674066
0.51289033,40.156018629,40.127363191
0.51294541,40.151456213,40.175549233
0.51300050,40.146250405,40.116951576
0.51305558,40.145121988,40.173292400
0.51311067,40.133873975,40.094455550
0.51316575,40.169515943,40.244576333
0.51322083,40.247991849,40.251407365
0.51327592,40.272472336,40.293537307
0.51333100,40.267154246,40.240771185
0.51338609,40.263882886,40.286994586
0.51344117,40.261718563,40.236442540
0.51349626,40.260210069,40.283977598
0.51355134,40.235980755,40.187983912
0.51360643,40.262736645,40.337489376
0.51366151,40.333685451,40.329881526
0.51371659,40.353952939,40.378024352
0.51377168,40.349240528,40.320456705
0.51382676,40.343554385,40.366652065
0.51388185,40.339856400,40.313060736
0.51393693,40.335946455,40.358832174
0.51399202,40.333568315,40.308304456
0.51404710,40.331339265,40.354374074
0.51410218,40.329720835,40.305067595
0.51415727,40.327085633,40.349103671
0.51421235,40.299000367,40.248897064
0.51426744,40.315280443,40.381663820
0.51432252,40.367064202,40.352464583
0.51437761,40.373973850,40.395483117
0.51443269,40.371491553,40.347499990
0.51448777,40.370409798,40.393319605
0.51454286,40.369873323,40.346427042
0.51459794,40.368269998,40.390112953
0.51465303,40.365825528,40.341538102
0.51470811,40.367485819,40.393433535
0.51476320,40.367792363,40.342151191
0.51481828,40.366445370,40.390739548
0.51487337,40.363973451,40.337207353
0.51492845,40.360208176,40.383208998
0.51498353,40.356957121,40.330705243
0.51503862,40.353350262,40.375995282
0.51509370,40.350933500,40.325871719
0.51514879,40.348138027,40.370404334
0.51520387,40.344429458,40.318454582
0.51525896,40.339424964,40.360395345
0.51531404,40.315516701,40.270638058
0.51536912,40.329727261,40.388816462
0.51542421,40.376357257,40.363898051
0.51547929,40.385979572,40.408061092
0.51553438,40.383494799,40.358928505
0.51558946,40.380502376,40.402076246
0.51564455,40.378194621,40.354312995
0.51569963,40.375425947,40.396538899
0.51575471,40.373376585,40.350214272
0.51580980,40.370787903,40.391361535
0.51586488,40.367555975,40.343750416
0.51591997,40.363350623,40.382950830
0.51597505,40.342416951,40.301883072
0.51603014,40.351653499,40.401423924
0.51608522,40.388364707,40.375305489
0.51614031,40.396524361,40.417743232
0.51619539,40.399998184,40.382253136
0.51625047,40.401544169,40.420835201
0.51630556,40.402226714,40.383618228
0.51636064,40.403713232,40.423808237
0.51641573,40.403043809,40.382279380
0.51647081,40.402051925,40.421824469
0.51652590,40.399909649,40.377994829
0.51658098,40.397435953,40.416877076
0.51663606,40.394820770,40.372764464
0.51669115,40.391790003,40.410815541
0.51674623,40.387625513,40.364435485
0.51680132,40.383055828,40.401676172
0.51685640,40.378835113,40.355994054
0.51691149,40.374541576,40.393089097
0.51696657,40.370902134,40.348715172
0.51702165,40.367112221,40.385509269
0.51707674,40.363796135,40.342083001
0.51713182,40.360224663,40.378366324
0.51718691,40.357076286,40.335786248
0.51724199,40.353363591,40.370940933
0.51729708,40.349668569,40.328396205
0.51735216,40.345607453,40.362818700
0.51740725,40.341522789,40.320226878
0.51746233,40.336844277,40.353461675
0.51751741,40.319042076,40.284622477
0.51757250,40.332351443,40.380080408
0.51762758,40.374478324,40.368876240
0.51768267,40.383881875,40.398887509
0.51773775,40.367027972,40.335168435
0.51779284,40.381451140,40.427733844
0.51784792,40.426121322,40.424508800
0.51790300,40.437512633,40.450516467
0.51795809,40.420604401,40.390692335
0.51801317,40.437535515,40.484378694
0.51806826,40.487433720,40.490488746
0.51812334,40.501347582,40.512206418
0.51817843,40.426524247,40.340842079
0.51823351,40.369568672,40.398295264
0.51828859,40.425827928,40.453360590
0.51834368,40.447841152,40.442321713
0.51839876,40.430203953,40.418086193
0.51845385,40.421939747,40.425793301
0.51850893,40.414000494,40.402207686
0.51856402,40.437857845,40.473508004
0.51861910,40.454073184,40.434638365
0.51867418,40.433386559,40.432134752
0.51872927,40.405533395,40.378932039
0.51878435,40.386585133,40.394238228
0.51883944,40.388803379,40.383368530
0.51889452,40.398095089,40.412821648
0.51894961,40.412053233,40.411284818
0.51900469,40.421786464,40.432288110
0.51905978,40.427515737,40.422743363
0.51911486,40.432752848,40.442762333
0.51916994,40.434768930,40.426775527
0.51922503,40.436749797,40.446724067
0.51928011,40.437164940,40.427605812
0.51933520,40.437146059,40.446686306
0.51939028,40.436731579,40.426776852
0.51944537,40.360998553,40.295220255
0.51950045,40.256457818,40.217695381
0.51955553,40.245793392,40.273891402
0.51961062,40.259106037,40.244320673
0.51966570,40.267265434,40.290210195
0.51972079,40.284263694,40.278317193
0.51977587,40.286391753,40.294466313
0.51983096,40.292446103,40.290425894
0.51988604,40.326796534,40.363167173
0.51994112,40.345574211,40.327981249
0.51999621,40.347927368,40.367873486
0.52005129,40.353617767,40.339362047
0.52010638,40.336623269,40.333884491
0.52016146,40.330787353,40.327690214
0.52021655,40.375686547,40.423682880
0.52027163,40.460550013,40.497417146
0.52032672,40.513588477,40.529759808
0.52038180,40.519291025,40.508822241
0.52043688,40.520162004,40.531501766
0.52049197,40.524050437,40.516599107
0.52054705,40.522513712,40.528428317
0.52060214,40.501512532,40.474596748
0.52065722,40.515707519,40.556818288
0.52071231,40.564103426,40.571388563
0.52076739,40.575318553,40.579248544
0.52082247,40.578769138,40.578289732
0.52087756,40.584550756,40.590811779
0.52093264,40.588206650,40.585601521
0.52098773,40.591516371,40.597431220
0.52104281,40.592262028,40.587092837
0.52109790,40.591551000,40.596009163
0.52115298,40.591020885,40.586032607
0.52120806,40.588649170,40.591265734
0.52126315,40.569774535,40.548283337
0.52131823,40.592073348,40.635863358
0.52137332,40.657368512,40.678873667
0.52142840,40.675749654,40.672625642
0.52148349,40.586998872,40.501372105
0.52153857,40.521910859,40.542449612
0.52159366,40.607593542,40.672737470
0.52164874,40.669943760,40.667150050
0.52170382,40.667821613,40.668493175
0.52175891,40.665307216,40.662121257
0.52181399,40.662846923,40.663572588
0.52186908,40.691543848,40.719515107
0.52192416,40.711486450,40.703457794
0.52197925,40.706472417,40.709487040
0.52203433,40.712949976,40.716412911
0.52208941,40.713359153,40.710305395
0.52214450,40.715044530,40.719783665
0.52219958,40.721195720,40.722607775
0.52225467,40.745142043,40.767676311
0.52230975,40.750713615,40.733750919
0.52236484,40.743315691,40.752880462
0.52241992,40.752861291,40.752842119
0.52247500,40.786818098,40.820794077
0.52253009,40.794117782,40.767441487
0.52258517,40.781745502,40.796049518
0.52264026,40.792610333,40.789171148
0.52269534,40.832421461,40.875671774
0.52275043,40.840363062,40.805054349
0.52280551,40.804229663,40.803404976
0.52286060,40.784058762,40.764712549
0.52291568,40.814194889,40.863677229
0.52297076,40.837207795,40.810738361
0.52302585,40.838427378,40.866116395
0.52308093,40.846597293,40.827078192
0.52313602,40.874849313,40.922620433
0.52319110,40.880069719,40.837519006
0.52324619,40.852666568,40.867814131
0.52330127,40.836862564,40.805910997
0.52335635,40.857893006,40.909875014
0.52341144,40.867674180,40.825473346
0.52346652,40.864512590,40.903551834
0.52352161,40.861530169,40.819508504
0.52357669,40.858398960,40.897289415
0.52363178,40.864011126,40.830732838
0.52368686,40.867032922,40.903333006
0.52374194,40.878503261,40.853673517
0.52379703,40.909227652,40.964781786
0.52385211,40.920104017,40.875426248
0.52390720,40.910927315,40.946428380
0.52396228,40.927393709,40.908359037
0.52401737,40.972579758,41.036800477
0.52407245,40.986975814,40.937151152
0.52412754,40.971163823,41.005176493
0.52418262,40.992011846,40.978847198
0.52423770,41.049133347,41.119419495
0.52429279,41.067609271,41.015799048
0.52434787,41.047129258,41.078459469
0.52440296,41.069003483,41.059547498
0.52445804,41.130006831,41.200466162
0.52451313,41.149566271,41.098666381
0.52456821,41.126968263,41.155270144
0.52462329,41.150025230,41.144780317
0.52467838,41.212418881,41.280057443
0.52473346,41.233330726,41.186604011
0.52478855,41.209900810,41.233197608
0.52484363,41.236990856,41.240784104
0.52489872,41.013246229,40.785708371
0.52495380,41.508605814,42.231503087
0.52500888,42.389004184,42.546505272
0.52506397,42.460249969,42.373994667
0.52511905,42.513962591,42.653930508
0.52517414,42.897539234,43.141147940
0.52522922,42.559251931,41.977356031
0.52528431,41.867922930,41.758489832
0.52533939,42.116557732,42.474625589
0.52539447,42.495814907,42.517004224
0.52544956,42.713757188,42.910510140
0.52550464,42.499591899,42.088673713
0.52555973,42.286489358,42.484304991
0.52561481,42.746697274,43.009089535
0.52566990,42.918390846,42.827692159
0.52572498,41.734906245,40.642120718
0.52578007,40.756537017,40.870953311
0.52583515,40.687606840,40.504260380
0.52589023,41.678065870,42.851870913
0.52594532,43.260818801,43.669766635
0.52600040,43.337103426,43.004440252
0.52605549,43.605149988,44.205859605
0.52611057,42.872436982,41.539014935
0.52616566,41.528105260,41.517195585
0.52622074,41.841487119,42.165778620
0.52627582,42.805575526,43.445372299
0.52633091,41.984654457,40.523937308
0.52638599,42.452964514,44.381990511
0.52644108,39.576272625,34.770562243
0.52649616,38.236299866,41.702033586
0.52655125,42.449400917,43.196768067
0.52660633,44.339040058,45.481311625
0.52666141,44.558627448,43.635943548
0.52671650,43.261297484,42.886651465
0.52677158,41.659652531,40.432654086
0.52682667,42.708933987,44.985212205
0.52688175,45.272931852,45.560651473
0.52693684,45.357993998,45.155336536
0.52699192,45.871988447,46.588640191
0.52704701,45.971401899,45.354163731
0.52710209,46.143068977,46.931974021
0.52715717,45.957857720,44.983741728
0.52721226,45.532561744,46.081381662
0.52726734,45.131740076,44.182098783
0.52732243,33.876411232,23.570758188
0.52737751,31.242439954,38.914102596
0.52743260,43.284213454,47.654318106
0.52748768,45.240914551,42.827512889
0.52754276,45.195682800,47.563850890
0.52759785,46.460408144,45.356965794
0.52765293,46.868654899,48.380343261
0.52770802,45.387303080,42.394265809
0.52776310,45.200418640,48.006568913
0.52781819,45.455775350,42.904983902
0.52787327,45.352654377,47.800322906
0.52792835,45.667312185,43.534302942
0.52798344,45.563701013,47.593097746
0.52803852,45.882072806,44.171048817
0.52809361,45.354673005,46.538296739
0.52814869,45.579995264,44.621694088
0.52820378,45.660196107,46.698697776
0.52825886,45.794048092,44.889398675
0.52831395,45.323440228,45.757481721
0.52836903,45.726153829,45.694825938
0.52842411,46.010768332,46.326710694
0.52847920,45.924096059,45.521481477
0.52853428,46.270040247,47.018598835
0.52858937,46.620694356,46.222789929
0.52864445,46.217587108,46.212384288
0.52869954,46.000738726,45.789093178
0.52875462,46.052498504,46.315903807
0.52880970,46.422653269,46.529402728
0.52886479,46.332056284,46.134709853
0.52891987,45.696132154,45.257554518
0.52897496,45.173890342,45.090226168
0.52903004,43.886478927,42.682732157
0.52908513,44.539390264,46.396047252
0.52914021,45.258226436,44.120406041
0.52919529,45.092861615,46.065316882
0.52925038,45.663568546,45.261820263
0.52930546,45.912493649,46.563166898
0.52936055,46.173167772,45.783168697
0.52941563,46.307382675,46.831596565
0.52947072,42.233399637,37.635209579
0.52952580,41.426275615,45.217336982
0.52958089,45.401077978,45.584818963
0.52963597,45.708284161,45.831749354
0.52969105,46.016343999,46.200938633
0.52974614,46.195420122,46.189901611
0.52980122,46.545265968,46.900630284
0.52985631,46.435806087,45.970981959
0.52991139,46.643001643,47.315021180
0.52996648,46.700948893,46.086876727
0.53002156,46.835101529,47.583326148
0.53007664,46.696344507,45.809363121
0.53013173,46.756081572,47.702799733
0.53018681,46.835997990,45.969196491
0.53024190,46.854229057,47.739261368
0.53029698,46.804885333,45.870509581
0.53035207,46.729986931,47.589464040
0.53040715,46.736371522,45.883279241
0.53046223,46.747397405,47.611515326
0.53051732,46.862512961,46.113510779
0.53057240,46.837320313,47.561129676
0.53062749,46.853485072,46.145840630
0.53068257,46.905999844,47.666158870
0.53073766,47.293205810,46.920252795
0.53079274,47.273483173,47.626713511
0.53084783,47.165294473,46.703875505
0.53090291,47.152887283,47.601898996
0.53095799,47.559095061,47.516291126
0.53101308,47.521574007,47.526856889
0.53106816,47.354747842,47.182638805
0.53112325,47.361481636,47.540324457
0.53117833,47.679789500,47.819254537
0.53123342,47.692900779,47.566547027
0.53128850,47.566067520,47.565588013
0.53134358,47.647636533,47.729685050
0.53139867,47.976856436,48.224027801
0.53145375,48.022102921,47.820178054
0.53150884,47.825561519,47.830944985
0.53156392,47.810264067,47.789583149
0.53161901,47.959358023,48.129132888
0.53167409,47.952674103,47.776215329
0.53172917,47.927398523,48.078581710
0.53178426,47.951589173,47.824596642
0.53183934,47.921118435,48.017640225
0.53189443,48.110345244,48.203050260
0.53194951,48.105546652,48.008043046
0.53200460,48.045220329,48.082397611
0.53205968,48.098766410,48.115135209
0.53211476,47.943060710,47.770986221
0.53216985,48.339013833,48.907041341
0.53222493,48.547438235,48.187835171
0.53228002,48.003343515,47.818851871
0.53233510,48.010657637,48.202463392
0.53239019,48.623040680,49.043617911
0.53244527,48.694661835,48.345705799
0.53250036,48.749134423,49.152562993
0.53255544,48.812620684,48.472678413
0.53261052,48.766232280,49.059786119
0.53266561,48.835959719,48.612133336
0.53272069,48.814291116,49.016448883
0.53277578,48.901971562,48.787494244
0.53283086,48.891549566,48.995604884
0.53288595,48.914972709,48.834340537
0.53294103,48.725011152,48.615681771
0.53299611,48.755531347,48.895380916
0.53305120,48.805161235,48.714941558
0.53310628,48.837594681,48.960247800
0.53316137,48.613534744,48.266821727
0.53321645,48.640757349,49.014692926
0.53327154,48.712023077,48.409353258
0.53332662,48.733867318,49.058381344
0.53338170,48.500922982,47.943464720
0.53343679,48.502261304,49.061057787
0.53349187,48.577008851,48.092959991
0.53354696,48.579182029,49.065403990
0.53360204,48.364953058,47.664502285
0.53365713,48.335322410,49.006142389
0.53371221,48.403891886,47.801641501
0.53376730,48.388737990,48.975834366
0.53382238,48.220050302,47.464266423
0.53387746,48.169853829,48.875441072
0.53393255,48.226126292,47.576811650
0.53398763,48.220941858,48.865071931
0.53404272,48.140040325,47.415008890
0.53409780,48.097864615,48.780720188
0.53415289,48.129521634,47.478323218
0.53420797,48.133911239,48.789499120
0.53426305,48.128687558,47.467876137
0.53431814,48.107622687,48.747369104
0.53437322,48.114588752,47.481808530
0.53442831,48.063316314,48.644823987
0.53448339,47.988829949,47.332836050
0.53453848,47.954340778,48.575845379
0.53459356,47.979200168,47.382555072
0.53464864,48.033010261,48.683465312
0.53470373,48.075789861,47.468114530
0.53475881,48.127257776,48.786400881
0.53481390,48.117410215,47.448419695
0.53486898,48.159085311,48.869750764
0.53492407,48.153683261,47.437615925
0.53497915,48.209227685,48.980839253
0.53503424,48.206098542,47.431358027
0.53508932,48.281691896,49.132025531
0.53514440,48.267583417,47.403141547
0.53519949,48.351050351,49.298958864
0.53525457,48.350967122,47.402975672
0.53530966,48.452550159,49.502124287
0.53536474,48.441516207,47.380908492
0.53541983,48.540027416,49.699145904
0.53547491,49.031181986,48.363218213
0.53552999,48.661701550,48.960184858
0.53558508,48.596730288,48.233275762
0.53564016,48.979587778,49.725899614
0.53569525,48.914419439,48.102939477
0.53575033,48.527105844,48.951272152
0.53580542,48.101580610,47.251889303
0.53586050,47.326056953,47.400224602
0.53591558,48.556524068,49.712823100
0.53597067,50.620714656,51.528605944
0.53602575,49.661558609,47.794512406
0.53608084,49.119239181,50.443965385
0.53613592,46.712607631,42.981254401
0.53619101,46.460719415,49.940180494
0.53624609,49.685818714,49.431456955
0.53630118,49.935522312,50.439587586
0.53635626,48.980667186,47.521747477
0.53641134,47.823637783,48.125528060
0.53646643,48.147782570,48.170037079
0.53652151,49.409367609,50.648697639
0.53657660,49.181737814,47.714778687
0.53663168,49.138842091,50.562904836
0.53668677,49.299736009,48.036567699
0.53674185,49.248289810,50.460011444
0.53679693,49.209988091,47.959965245
0.53685202,49.208461589,50.456957426
0.53690710,49.512422157,48.567887177
0.53696219,49.492222638,50.416557821
0.53701727,49.409965317,48.403373143
0.53707236,49.002602283,49.601831307
0.53712744,49.350575781,49.099320275
0.53718252,50.072037879,51.044755175
0.53723761,49.995528191,48.946301564
0.53729269,49.683484902,50.420668063
0.53734778,49.945489829,49.470311669
0.53740286,50.113169982,50.756028161
0.53745795,50.148297423,49.540566805
0.53751303,50.019841033,50.499115187
0.53756812,50.032385310,49.565655504
0.53762320,49.990192667,50.414729772
0.53767828,50.111988680,49.809247618
0.53773337,50.077337826,50.345428011
0.53778845,50.074936126,49.804444264
0.53784354,50.313548805,50.822653262
0.53789862,39.827502726,28.832391469
0.53795371,15.133924887,1.435519274
0.53800879,25.517504171,49.599300637
0.53806387,49.020427321,48.441554114
0.53811896,48.570463040,48.699371960
0.53817404,50.135232572,51.571092514
0.53822913,58.537470567,65.503832851
0.53828421,79.192072344,92.880250959
0.53833930,75.015222443,57.150297627
0.53839438,52.813985466,48.477679414
0.53844946,44.799844657,41.122014294
0.53850455,36.393598918,31.665190807
0.53855963,25.785283197,19.905386820
0.53861472,15.038429738,10.171480352
0.53866980,12.650589765,15.129697181
0.53872489,12.670429717,10.211164219
0.53877997,7.820163810,5.429165259
0.53883505,5.307765684,5.186366114
0.53889014,9.527415988,13.868459739
0.53894522,11.566361123,9.264264229
0.53900031,10.922369255,12.580473388
0.53905539,10.397628018,8.214784196
0.53911048,9.033829089,9.852873764
0.53916556,3.208634542,-3.435590336
0.53922065,2.031710196,7.499001015
0.53927573,8.056378872,8.613756629
0.53933081,7.523762797,6.433769350
0.53938590,4.220845278,2.007922797
0.53944098,2.272436376,2.536949932
0.53949607,1.166633205,-0.203682912
0.53955115,-0.197456789,-0.191230666
0.53960624,-1.786418483,-3.381605473
0.53966132,-0.848828980,1.683945429
0.53971640,-0.621591131,-2.927125963
0.53977149,-1.984091464,-1.041057253
0.53982657,-2.334637488,-3.628217179
0.53988166,-1.550757938,0.526699902
0.53993674,-2.085065066,-4.696827818
0.53999183,-4.483082739,-4.269337675
0.54004691,-4.409246155,-4.549154629
0.54010199,-2.897911761,-1.246669779
0.54015708,13.774246847,28.795090164
0.54021216,13.786794295,-1.221428387
0.54026725,-7.775405672,-14.329369000
0.54032233,-7.998856194,-5.167590548
0.54037742,-7.934174792,-12.853655066
0.54043250,-8.007468314,-4.870036483
0.54048759,-8.002361096,-12.630368885
0.54054267,-8.014975366,-7.038940661
0.54059775,-8.011959418,-11.283128847
0.54065284,-8.018518391,-6.924246502
0.54070792,-8.015632631,-10.877531019
0.54076301,-8.020377195,-6.534217205
0.54081809,-8.017165384,-10.751193325
0.54087318,-8.020963631,-6.019615983
0.54092826,-8.017173058,-10.476203514
0.54098334,-8.020924301,-5.565861757
0.54103843,-8.016636453,-10.439890906
0.54109351,-8.020935581,-5.327773031
0.54114860,-8.016434682,-10.718702625
0.54120368,-8.020996568,-5.221068042
0.54125877,-8.016390283,-10.865788173
0.54131385,-8.021053524,-5.150435506
0.54136893,-8.016367749,-10.933549002
0.54142402,-8.021079108,-5.093164922
0.54147910,-8.016336729,-10.965282414
0.54153419,-8.020955672,-5.057274831
0.54158927,-8.015484751,-10.878354502
0.54164436,-8.020502530,-4.770341259
0.54169944,-8.012998410,-10.906834674
0.54175453,-8.018963049,-4.158874550
0.54180961,-8.010447836,-10.801505101
0.54186469,-8.016177364,-4.429241877
0.54191978,-8.005527682,-10.079978076
0.54197486,-8.012599015,-4.779176607
0.54202995,-7.990444918,-9.809217632
0.54208503,-8.002599460,-4.190772445
0.54214012,-7.940344642,-9.405684123
0.54219520,-7.985364736,-4.410699305
0.54225028,-7.605909172,-9.311210029
0.54230537,-7.959443665,-4.762539746
0.54236045,-6.732663556,-8.702786106
0.54241554,-5.837938559,-2.973093680
0.54247062,-5.854239961,-8.735383545
0.54252571,-3.184020994,2.367331543
0.54258079,0.209274185,-1.948781658
0.54263587,0.357325184,2.663430299
0.54269096,0.532041131,-1.599346561
0.54274604,-0.043214242,1.512917290
0.54280113,-0.167786049,-1.848488469
0.54285621,0.348684016,2.545854932
0.54291130,1.552715849,0.559577086
0.54296638,1.321380748,2.083184222
0.54302147,3.975737509,5.868289633
0.54307655,4.143819180,2.419349693
0.54313163,2.813038950,3.206728156
0.54318672,2.779581149,2.352434201
0.54324180,3.535133974,4.717833293
0.54329689,3.521457194,2.325081560
0.54335197,2.952893946,3.580706205
0.54340706,2.991710394,2.402714695
0.54346214,2.792719990,3.182725236
0.54351722,3.082308817,2.981892402
0.54357231,2.613103132,2.244313907
0.54362739,5.094468279,7.944620012
0.54368248,5.401616947,2.858615982
0.54373756,2.451527995,2.044440061
0.54379265,1.805543270,1.566646498
0.54384773,1.844582181,2.122517839
0.54390281,1.840655184,1.558792555
0.54395790,1.131959561,0.705126627
0.54401298,1.297194762,1.889262784
0.54406807,1.585435944,1.281609134
0.54412315,0.240036373,-0.801536035
0.54417824,0.452706432,1.706948388
0.54423332,2.242573694,2.778198907
0.54428841,1.978696259,1.179193817
0.54434349,1.090399340,1.001604866
0.54439857,1.072304243,1.143003618
0.54445366,1.984123484,2.825243120
0.54450874,1.802395550,0.779548320
0.54456383,1.232688502,1.685828617
0.54461891,1.144147073,0.602465625
0.54467400,1.456494603,2.310523344
0.54472908,1.451900175,0.593277246
0.54478416,1.180332096,1.767386833
0.54483925,1.168233794,0.569080871
0.54489433,1.038820862,1.508560781
0.54494942,1.053139166,0.597717618
0.54500450,1.039033690,1.480349699
0.54505959,-0.163080457,-1.806509736
0.54511467,-0.073503691,1.659501377
0.54516975,1.082092318,0.504683366
0.54522484,0.580548960,0.656414552
0.54527992,-0.208868747,-1.074151803
0.54533501,-0.271963670,0.530224253
0.54539009,0.374596770,0.218969295
0.54544518,0.146926903,0.074884514
0.54550026,-0.272216609,-0.619317693
0.54555534,-2.886851979,-5.154384595
0.54561043,-2.657520394,-0.160658219
0.54566551,-0.352181089,-0.543703948
0.54572060,-0.461772133,-0.379840319
0.54577568,-1.801591279,-3.223341581
0.54583077,-3.390773274,-3.558204958
0.54588585,-5.707678857,-7.857151255
0.54594094,-5.674482771,-3.491815835
0.54599602,-5.771765285,-8.051713047
0.54605110,-5.900098848,-3.748486153
0.54610619,-5.792875354,-7.837263198
0.54616127,-5.815126699,-3.792991528
0.54621636,-4.835724131,-5.878456380
0.54627144,-4.445125380,-3.011795046
0.54632653,-5.432840025,-7.853883099
0.54638161,-5.709461526,-3.565041446
0.54643669,-5.730612271,-7.896181572
0.54649178,-5.811743830,-3.727307499
0.54654686,-8.025109279,25.162903920
0.54660195,8.333361994,-8.496087905
0.54665703,-2.283204819,3.929665724
0.54671212,-2.560962070,-9.051576177
0.54676720,7.271722458,23.594934520
0.54682228,7.010362711,-9.574119731
0.54687737,6.106319883,21.786679608
0.54693245,5.771508435,-10.243579403
0.54698754,9.453831251,29.151115841
0.54704262,9.370290289,-10.410408130
0.54709771,10.458256630,31.326779889
0.54715279,10.038843290,-11.248946066
0.54720788,10.723751762,32.696292722
0.54726296,10.280209476,-12.135710506
0.54731804,12.245035823,36.625589016
0.54737313,11.885241377,-12.854907387
0.54742821,0.365364816,13.585580232
0.54748330,-4.974057479,-23.533583270
0.54753838,-5.098206521,13.337059802
0.54759347,-4.163420152,-21.663800595
0.54764855,-1.660601069,18.342468450
0.54770363,-5.463855876,-29.269996060
0.54775872,-8.027374856,10.454315812
0.54781380,-7.962846175,-29.163924958
0.54786889,-8.028100151,10.721705249
0.54792397,-7.994749304,-28.694510064
0.54797906,-8.028638121,10.731609199
0.54803414,-8.006246480,-28.460773874
0.54808922,-8.029061792,10.707209903
0.54814431,-8.012227220,-28.267547498
0.54819939,-8.029427787,10.675121254
0.54825448,-8.016046429,-28.190354753
0.54830956,-8.029750947,10.668059000
0.54836465,-8.018725685,-28.157230384
0.54841973,-8.030036203,10.683176069
0.54847482,-8.020704716,-28.135213819
0.54852990,-8.030287123,10.710944434
0.54858498,-8.022217707,-28.111616324
0.54864007,-8.030507403,10.743132793
0.54869515,-8.023405102,-28.081988063
0.54875024,-8.030700796,10.774006604
0.54880532,-8.024357133,-28.045115925
0.54886041,-8.030870868,10.799932588
0.54891549,-8.025134437,-28.001025891
0.54897057,-8.031020846,10.818778350
0.54902566,-8.025779133,-27.950184389
0.54908074,-8.031153559,10.829419972
0.54913583,-8.026321261,-27.893180880
0.54919091,-8.031271444,10.831390707
0.54924600,-8.026782737,-27.830605880
0.54930108,-8.031376582,10.824642585
0.54935616,-8.027179861,-27.763008238
0.54941125,-8.031470734,10.809387919
0.54946633,-8.027524972,-27.690883807
0.54952142,-8.031555396,10.785994900
0.54957650,-8.027827553,-27.614675843
0.54963159,-8.031631833,10.754919186
0.54968667,-8.028094997,-27.534779318
0.54974176,-8.031701119,10.716659323
0.54979684,-8.028333138,-27.451546272
0.54985192,-8.031764167,10.671727953
0.54990701,-8.028546630,-27.365291206
0.54996209,-8.031821757,10.620633487
0.55001718,-8.028739229,-27.276296195
0.55007226,-8.031874555,10.563868728
0.55012735,-8.028913990,-27.184815545
0.55018243,-8.031923133,10.501904119
0.55023751,-8.029073419,-27.091079919
0.55029260,-8.031967984,10.435184049
0.55034768,-8.029219591,-26.995299846
0.55040277,-8.032009531,10.364125179
0.55045785,-8.029354234,-26.897668626
0.55051294,-8.032048145,10.289116088
0.55056802,-8.029478796,-26.798364678
0.55062310,-8.032084146,10.210517758
0.55067819,-8.029594501,-26.697553387
0.55073327,-8.032117812,10.128664590
0.55078836,-8.029702386,-26.595388555
0.55084344,-8.032149389,10.043865717
0.55089853,-8.029803337,-26.492013536
0.55095361,-8.032179090,9.956406492
0.55100870,-8.029898115,-26.387562138
0.55106378,-8.032207106,9.866550052
0.55111886,-8.029987374,-26.282159331
0.55117395,-8.032233602,9.774538885
0.55122903,-8.030071682,-26.175921837
0.55128412,-8.032258727,9.680596369
0.55133920,-8.030151532,-26.068958615
0.55139429,-8.032282611,9.584928230
0.55144937,-8.030227354,-25.961371291
0.55150445,-8.032305370,9.487723921
0.55155954,-8.030299527,-25.853254561
0.55161462,-8.032327110,9.389157898
0.55166971,-8.030368381,-25.744696563
0.55172479,-8.032347921,9.289390804
0.55177988,-8.030434208,-25.635779258
0.55183496,-8.032367888,9.188570568
0.55189004,-8.030497269,-25.526578795
0.55194513,-8.032387084,9.086833410
0.55200021,-8.030557792,-25.417165877
0.55205530,-8.032405577,8.984304770
0.55211038,-8.030615981,-25.307606115
0.55216547,-8.032423425,8.881100172
0.55222055,-8.030672018,-25.197960369
0.55227563,-8.032440684,8.777326011
0.55233072,-8.030726067,-25.088285082
0.55238580,-8.032457401,8.673080279
0.55244089,-8.030778273,-24.978632585
0.55249597,-8.032473621,8.568453242
0.55255106,-8.030828767,-24.869051395
0.55260614,-8.032489383,8.463528047
0.55266123,-8.030877667,-24.759586483
0.55271631,-8.032504722,8.358381299
0.55277139,-8.030925078,-24.650279532
0.55282648,-8.032519672,8.253083571
0.55288156,-8.030971098,-24.541169166
0.55293665,-8.032534261,8.147699889
0.55299173,-8.031015813,-24.432291171
0.55304682,-8.032548515,8.042290167
0.55310190,-8.031059303,-24.323678691
0.55315698,-8.032562460,7.936909611
0.55321207,-8.031101638,-24.215362410
0.55326715,-8.032576117,7.831609085
0.55332224,-8.031142884,-24.107370724
0.55337732,-8.032589505,7.726435452
0.55343241,-8.031183102,-23.999729893
0.55348749,-8.032602643,7.621431884
0.55354257,-8.031222345,-23.892464184
0.55359766,-8.032615548,7.516638138
0.55365274,-8.031260663,-23.785596004
0.55370783,-8.032628233,7.412090819
0.55376291,-8.031298103,-23.679146021
0.55381800,-8.032640713,7.307823611
0.55387308,-8.031334707,-23.573133278
0.55392817,-8.032653000,7.203867491
0.55398325,-8.031370512,-23.467575296
0.55403833,-8.032665105,7.100250928
0.55409342,-8.031405556,-23.362488173
0.55414850,-8.032677039,6.997000061
0.55420359,-8.031439871,-23.257886671
0.55425867,-8.032688810,6.894138864
0.55431376,-8.031473488,-23.153784306
0.55436884,-8.032700428,6.791689301
0.55442392,-8.031506435,-23.050193424
0.55447901,-8.032711900,6.689671472
0.55453409,-8.031538738,-22.947125271
0.55458918,-8.032723234,6.588103741
0.55464426,-8.031570423,-22.844590070
0.55469935,-8.032734435,6.487002863
0.55475443,-8.031601512,-22.742597078
0.55480951,-8.032745510,6.386384103
0.55486460,-8.031632026,-22.641154651
0.55491968,-8.032756464,6.286261343
0.55497477,-8.031661985,-22.540270298
0.55502985,-8.032767302,6.186647178
0.55508494,-8.031691409,-22.439950736
0.55514002,-8.032778029,6.087553012
0.55519511,-8.031720314,-22.340201942
0.55525019,-8.032788648,5.988989135
0.55530527,-8.031748717,-22.241029194
0.55536036,-8.032799163,5.890964802
0.55541544,-8.031776633,-22.142437124
0.55547053,-8.032809579,5.793488295
0.55552561,-8.031804078,-22.044429750
0.55558070,-8.032819897,5.696566991
0.55563578,-8.031831065,-21.947010525
0.55569086,-8.032830121,5.600207413
0.55574595,-8.031857607,-21.850182369
0.55580103,-8.032840254,5.504415284
0.55585612,-8.031883716,-21.753947703
0.55591120,-8.032850297,5.409195577
0.55596629,-8.031909404,-21.658308484
0.55602137,-8.032860254,5.314552562
0.55607645,-8.031934682,-21.563266239
0.55613154,-8.032870125,5.220489847
0.55618662,-8.031959562,-21.468822088
0.55624171,-8.032879914,5.127010422
0.55629679,-8.031984052,-21.374976773
0.55635188,-8.032889621,5.034116701
0.55640696,-8.032008162,-21.281730690
0.55646205,-8.032899249,4.941810559
0.55651713,-8.032031903,-21.189083902
0.55657221,-8.032908798,4.850093370
0.55662730,-8.032055282,-21.097036173
0.55668238,-8.032918270,4.758966041
0.55673747,-8.032078309,-21.005586983
0.55679255,-8.032927666,4.668429048
0.55684764,-8.032100990,-20.914735546
0.55690272,-8.032936988,4.578482469
0.55695780,-8.032123335,-20.824480836
0.55701289,-8.032946237,4.489126011
0.55706797,-8.032145351,-20.734821598
0.55712306,-8.032955414,4.400359043
0.55717814,-8.032167044,-20.645756368
0.55723323,-8.032964519,4.312180621
0.55728831,-8.032188423,-20.557283487
0.55734339,-8.032973554,4.224589515
0.55739848,-8.032209494,-20.469401114
0.55745356,-8.032982520,4.137584232
0.55750865,-8.032230263,-20.382107243
0.55756373,-8.032991417,4.051163039
0.55761882,-8.032250738,-20.295399714
0.55767390,-8.033000246,3.965323986
0.55772899,-8.032270923,-20.209276223
0.55778407,-8.033009009,3.880064921
0.55783915,-8.032290826,-20.123734335
0.55789424,-8.033017706,3.795383514
0.55794932,-8.032310452,-20.038771496
0.55800441,-8.033026337,3.711277269
0.55805949,-8.032329808,-19.954385037
0.55811458,-8.033034904,3.627743541
0.55816966,-8.032348897,-19.870572192
0.55822474,-8.033043407,3.544779553
0.55827983,-8.032367726,-19.787330095
0.55833491,-8.033051847,3.462382407
0.55839000,-8.032386301,-19.704655799
0.55844508,-8.033060225,3.380549095
0.55850017,-8.032404626,-19.622546278
0.55855525,-8.033068542,3.299276515
0.55861033,-8.032422706,-19.540998432
0.55866542,-8.033076797,3.218561478
0.55872050,-8.032440546,-19.460009098
0.55877559,-8.033084993,3.138400717
0.55883067,-8.032458152,-19.379575055
0.55888576,-8.033093129,3.058790898
0.55894084,-8.032475526,-19.299693027
0.55899592,-8.033101206,2.979728630
0.55905101,-8.032492675,-19.220359691
0.55910609,-8.033109225,2.901210467
0.55916118,-8.032509603,-19.141571682
0.55921626,-8.033117186,2.823232922
0.55927135,-8.032526313,-19.063325596
0.55932643,-8.033125091,2.745792467
0.55938152,-8.032542811,-18.985617995
0.55943660,-8.033132939,2.668885544
0.55949168,-8.032559100,-18.908445413
0.55954677,-8.033140732,2.592508568
0.55960185,-8.032575184,-18.831804357
0.55965694,-8.033148470,2.516657936
0.55971202,-8.032591067,-18.755691313
0.55976711,-8.033156154,2.441330026
0.55982219,-8.032606754,-18.680102749
0.55987727,-8.033163784,2.366521209
0.55993236,-8.032622247,-18.605035115
0.55998744,-8.033171361,2.292227849
0.56004253,-8.032637551,-18.530484854
0.56009761,-8.033178886,2.218446310
0.56015270,-8.032652668,-18.456448394
0.56020778,-8.033186359,2.145172971
0.56026286,-8.032667604,-18.382922129
0.56031795,-8.033193781,2.072404238
0.56037303,-8.032682360,-18.309902231
0.56042812,-8.033201152,2.000136517
0.56048320,-8.032696940,-18.237384362
0.56053829,-8.033208473,1.928366134
0.56059337,-8.032711348,-18.165363415
0.56064846,-8.033215745,1.857089228
0.56070354,-8.032725586,-18.093833358
0.56075862,-8.033222966,1.786301692
0.56081371,-8.032739658,-18.022787228
0.56086879,-8.033230139,1.715999140
0.56092388,-8.032753564,-17.952217233
0.56097896,-8.033237262,1.646176927
0.56103405,-8.032767308,-17.882114939
0.56108913,-8.033244335,1.576830196
0.56114421,-8.032780893,-17.812471495
0.56119930,-8.033251358,1.507953936
0.56125438,-8.032794318,-17.743277870
0.56130947,-8.033258331,1.439543078
0.56136455,-8.032807586,-17.674525084
0.56141964,-8.033265253,1.371592594
0.56147472,-8.032820699,-17.606204420
0.56152980,-8.033272122,1.304097595
0.56158489,-8.032833656,-17.538307596
0.56163997,-8.033278939,1.237053407
0.56169506,-8.032846459,-17.470826908
0.56175014,-8.033285702,1.170455676
0.56180523,-8.032859109,-17.403755333
0.56186031,-8.033292410,1.104300418
0.56191540,-8.032871606,-17.337086558
0.56197048,-8.033299063,1.038583956
0.56202556,-8.032883951,-17.270814953
0.56208065,-8.033305658,0.973302705
0.56213573,-8.032896143,-17.204935261
0.56219082,-8.033312195,0.908452828
0.56224590,-8.032908184,-17.139442027
0.56230099,-8.033318672,0.844029840
0.56235607,-8.032920073,-17.074329044
0.56241115,-8.033325089,0.780028305
0.56246624,-8.032931811,-17.009589076
0.56252132,-8.033331444,0.716441710
0.56257641,-8.032943397,-16.945213878
0.56263149,-8.033337735,0.653262550
0.56268658,-8.032954833,-16.881194467
0.56274166,-8.033343962,0.590482571
0.56279674,-8.032966119,-16.817521527
0.56285183,-8.033350122,0.528093116
0.56290691,-8.032977254,-16.754185845
0.56296200,-8.033356215,0.466085493
0.56301708,-8.032988238,-16.691178721
0.56307217,-8.033362240,0.404451340
0.56312725,-8.032999073,-16.628492300
0.56318234,-8.033368195,0.343182810
0.56323742,-8.033009758,-16.566119622
0.56329250,-8.033374078,0.282272580
0.56334759,-8.033020293,-16.504054306
0.56340267,-8.033379890,0.221713743
0.56345776,-8.033030678,-16.442289922
0.56351284,-8.033385628,0.161499597
0.56356793,-8.033040915,-16.380819311
0.56362301,-8.033391292,0.101623374
0.56367809,-8.033051002,-16.319634078
0.56373318,-8.033396881,0.042077979
0.56378826,-8.033060941,-16.258724327
0.56384335,-8.033402392,-0.017143908
0.56389843,-8.033070730,-16.198078370
0.56395352,-8.033407824,-0.076049156
0.56400860,-8.033080370,-16.137682599
0.56406368,-8.033413176,-0.134642726
0.56411877,-8.033089858,-16.077520096
0.56417385,-8.033418445,-0.192926324
0.56422894,-8.033099194,-16.017570734
0.56428402,-8.033423627,-0.250897842
0.56433911,-8.033108373,-15.957812647
0.56439419,-8.033428717,-0.308552185
0.56444928,-8.033117391,-15.898217359
0.56450436,-8.033433709,-0.365885637
0.56455944,-8.033126241,-15.838744392
0.56461453,-8.033438596,-0.422900627
0.56466961,-8.033134915,-15.779342930
0.56472470,-8.033443368,-0.479608900
0.56477978,-8.033143405,-15.719955431
0.56483487,-8.033448014,-0.536029902
0.56488995,-8.033151698,-15.660524201
0.56494503,-8.033452523,-0.592187958
0.56500012,-8.033159783,-15.600999291
0.56505520,-8.033456884,-0.648109276
0.56511029,-8.033167649,-15.541344513
0.56516537,-8.033461085,-0.703818555
0.56522046,-8.033175284,-15.481540136
0.56527554,-8.033465115,-0.759332992
0.56533062,-8.033182676,-15.421582235
0.56538571,-8.033468964,-0.814665557
0.56544079,-8.033189811,-15.361455402
0.56549588,-8.033472618,-0.869747902
0.56555096,-8.033196669,-15.301158048
0.56560605,-8.033476061,-0.924463709
0.56566113,-8.033203228,-15.240722799
0.56571621,-8.033479277,-0.978697496
0.56577130,-8.033209464,-15.180215584
0.56582638,-8.033482247,-1.032362373
0.56588147,-8.033215356,-15.119723389
0.56593655,-8.033484955,-1.085407314
0.56599164,-8.033220886,-15.059340657
0.56604672,-8.033487388,-1.137813334
0.56610181,-8.033226038,-14.999158811
0.56615689,-8.033489536,-1.189585039
0.56621197,-8.033230805,-14.939259734
0.56626706,-8.033491387,-1.240747643
0.56632214,-8.033235176,-14.879619576
0.56637723,-8.033492930,-1.291336819
0.56643231,-8.033239142,-14.820147920
0.56648740,-8.033494142,-1.341428996
0.56654248,-8.033242681,-14.760512731
0.56659756,-8.033494991,-1.391093982
0.56665265,-8.033245759,-14.700335879
0.56670773,-8.033495437,-1.440410886
0.56676282,-8.033248334,-14.639295975
0.56681790,-8.033495424,-1.489481882
0.56687299,-8.033250348,-14.576886555
0.56692807,-8.033494873,-1.538436237
0.56698315,-8.033251715,-14.512286316
0.56703824,-8.033493713,-1.587492684
0.56709332,-8.033252366,-14.445547076
0.56714841,-8.033491897,-1.636934648
0.56720349,-8.033252255,-14.377084525
0.56725858,-8.033489394,-1.686967651
0.56731366,-8.033251352,-14.307234472
0.56736875,-8.033486188,-1.737688781
0.56742383,-8.033249640,-14.236361371
0.56747891,-8.033482273,-1.789014963
0.56753400,-8.033247113,-14.164839722
0.56758908,-8.033477651,-1.840962702
0.56764417,-8.033243781,-14.092972660
0.56769925,-8.033472335,-1.893560109
0.56775434,-8.033239657,-14.021005332
0.56780942,-8.033466340,-1.946747016
0.56786450,-8.033234758,-13.949139453
0.56791959,-8.033459682,-2.000379128
0.56797467,-8.033229101,-13.877536592
0.56802976,-8.033452377,-2.054374249
0.56808484,-8.033222708,-13.806318507
0.56813993,-8.033444428,-2.108672753
0.56819501,-8.033215562,-13.735179492
0.56825009,-8.033435795,-2.162758403
0.56830518,-8.033207636,-13.663480492
0.56836026,-8.033426452,-2.217043648
0.56841535,-8.033198912,-13.591220498
0.56847043,-8.033416378,-2.271768149
0.56852552,-8.033189382,-13.518326893
0.56858060,-8.033405485,-2.327249565
0.56863569,-8.033178981,-13.442774463
0.56869077,-8.033393630,-2.384301811
0.56874585,-8.033167608,-13.362304097
0.56880094,-8.033380459,-2.444354357
0.56885602,-8.033154983,-13.270106365
0.56891111,-8.033365644,-2.510355740
0.56896619,-8.033140876,-13.164307286
0.56902128,-8.033349115,-2.585499418
0.56907636,-8.033125170,-13.048969465
0.56913144,-8.033330918,-2.668589429
0.56918653,-8.033107833,-12.928416809
0.56924161,-8.033311132,-2.757247823
0.56929670,-8.033088881,-12.805905421
0.56935178,-8.033289788,-2.849416917
0.56940687,-8.033068337,-12.682314178
0.56946195,-8.033266993,-2.944445419
0.56951703,-8.033046272,-12.560064063
0.56957212,-8.033242849,-3.040879303
0.56962720,-8.033022743,-12.440445765
0.56968229,-8.033217360,-3.137154360
0.56973737,-8.032997755,-12.322539341
0.56979246,-8.033190561,-3.233090356
0.56984754,-8.032971156,-12.207207252
0.56990263,-8.033162413,-3.324678583
0.56995771,-8.032943003,-12.096748484
0.57001279,-8.033132858,-3.413969596
