t_s,H_m,H_boundary_m
0.00000000,23.033796695,23.033428949
0.00005493,23.033980567,23.033500832
0.00010986,23.033942543,23.033573061
0.00016479,23.034071884,23.033645947
0.00021973,23.034121113,23.033719336
0.00027466,23.034198562,23.033793296
0.00032959,23.034264187,23.033867803
0.00038452,23.034349947,23.033942897
0.00043945,23.034424278,23.034018562
0.00049438,23.034493983,23.034094800
0.00054932,23.034568200,23.034171621
0.00060425,23.034651867,23.034249044
0.00065918,23.034729939,23.034327065
0.00071411,23.034802127,23.034405683
0.00076904,23.034879409,23.034484909
0.00082397,23.034964341,23.034564761
0.00087891,23.035044876,23.034645237
0.00093384,23.035120086,23.034726335
0.00098877,23.035200058,23.034808068
0.00104370,23.035286834,23.034890452
0.00109863,23.035369846,23.034973486
0.00115356,23.035448072,23.035057171
0.00120850,23.035530751,23.035141517
0.00126343,23.035619664,23.035226541
0.00131836,23.035705262,23.035312243
0.00137329,23.035786514,23.035398624
0.00142822,23.035871975,23.035485696
0.00148315,23.035963245,23.035573474
0.00153809,23.036051551,23.035661960
0.00159302,23.036135873,23.035751155
0.00164795,23.036224211,23.035841071
0.00170288,23.036318030,23.035931724
0.00175781,23.036409169,23.036023116
0.00181274,23.036496633,23.036115248
0.00186768,23.036587956,23.036208133
0.00192261,23.036684499,23.036301787
0.00197754,23.036778603,23.036396214
0.00203247,23.036869299,23.036491413
0.00208740,23.036963728,23.036587400
0.00214233,23.037063166,23.036684190
0.00219727,23.037160373,23.036781786
0.00225220,23.037254407,23.036880192
0.00230713,23.037352071,23.036979419
0.00236206,23.037454572,23.037079486
0.00241699,23.037555026,23.037180396
0.00247192,23.037652519,23.037282152
0.00252686,23.037753559,23.037384768
0.00258179,23.037859292,23.037488262
0.00263672,23.037963145,23.037592637
0.00269165,23.038064230,23.037697897
0.00274658,23.038168795,23.037804058
0.00280151,23.038277933,23.037911136
0.00285645,23.038385346,23.038019137
0.00291138,23.038490169,23.038128065
0.00296631,23.038598417,23.038237936
0.00302124,23.038711141,23.038348766
0.00307617,23.038822282,23.038460563
0.00313110,23.038930998,23.038573330
0.00318604,23.039043100,23.038687085
0.00324097,23.039159595,23.038801845
0.00329590,23.039274643,23.038917617
0.00335083,23.039387424,23.039034407
0.00340576,23.039503558,23.039152232
0.00346069,23.039624020,23.039271109
0.00351563,23.039743163,23.039391047
0.00357056,23.039860189,23.039512053
0.00362549,23.039980547,23.039634144
0.00368042,23.040105181,23.039757338
0.00373535,23.040228619,23.039881645
0.00379028,23.040350084,23.040007072
0.00384521,23.040474870,23.040133636
0.00390015,23.040603890,23.040261359
0.00395508,23.040731836,23.040390249
0.00401001,23.040857948,23.040520315
0.00406494,23.040987377,23.040651575
0.00411987,23.041121011,23.040784051
0.00417480,23.041253690,23.040917752
0.00422974,23.041384671,23.041052688
0.00428467,23.041518973,23.041188879
0.00433960,23.041657460,23.041326346
0.00439453,23.041795110,23.041465101
0.00444946,23.041931197,23.041605155
0.00450439,23.042070617,23.041746526
0.00455933,23.042214212,23.041889239
0.00461426,23.042357087,23.042033305
0.00466919,23.042498533,23.042178737
0.00472412,23.042643330,23.042325555
0.00477905,23.042792303,23.042473784
0.00483398,23.042940674,23.042623436
0.00488892,23.043087748,23.042774525
0.00494385,23.043238201,23.042927073
0.00499878,23.043392837,23.043081105
0.00505371,23.043546991,23.043236637
0.00510864,23.043699982,23.043393680
0.00516357,23.043856386,23.043552260
0.00521851,23.044016991,23.043712403
0.00527344,23.044177235,23.043874124
0.00532837,23.044336450,23.044037439
0.00538330,23.044499121,23.044202373
0.00543823,23.044666019,23.044368954
0.00549316,23.044832678,23.044537198
0.00554810,23.044998448,23.044707123
0.00560303,23.045167722,23.044878755
0.00565796,23.045341258,23.045052123
0.00571289,23.045514684,23.045227246
0.00576782,23.045687359,23.045404142
0.00582275,23.045863596,23.045582840
0.00587769,23.046044140,23.045763369
0.00593262,23.046224704,23.045945751
0.00598755,23.046404662,23.046130004
0.00604248,23.046588247,23.046316160
0.00609741,23.046776193,23.046504250
0.00615234,23.046964294,23.046694297
0.00620728,23.047151937,23.046886322
0.00626221,23.047343284,23.047080357
0.00631714,23.047539052,23.047276436
0.00637207,23.047735118,23.047474583
0.00642700,23.047930879,23.047674822
0.00648193,23.048130427,23.047877187
0.00653687,23.048334470,23.048081713
0.00659180,23.048538958,23.048288428
0.00664673,23.048743301,23.048497357
0.00670166,23.048951524,23.048708534
0.00675659,23.049164326,23.048922001
0.00681152,23.049377727,23.049137784
0.00686646,23.049591149,23.049355911
0.00692139,23.049808555,23.049576422
0.00697632,23.050030634,23.049799356
0.00703125,23.050253476,23.050024746
0.00708618,23.050476513,23.050252620
0.00714111,23.050703647,23.050483020
0.00719604,23.050935562,23.050715991
0.00725098,23.051168410,23.050951565
0.00730591,23.051401637,23.051189776
0.00736084,23.051639087,23.051430667
0.00741577,23.051881436,23.051674285
0.00747070,23.052124901,23.051920666
0.00752563,23.052368937,23.052169847
0.00758057,23.052617336,23.052421875
0.00763550,23.052870765,23.052676798
0.00769043,23.053125503,23.052934659
0.00774536,23.053381016,23.053195494
0.00780029,23.053641044,23.053459354
0.00785522,23.053906250,23.053726294
0.00791016,23.054172969,23.053996357
0.00796509,23.054440679,23.054269584
0.00802002,23.054713072,23.054546030
0.00807495,23.054990805,23.054825753
0.00812988,23.055270270,23.055108799
0.00818481,23.055550955,23.055395216
0.00823975,23.055836508,23.055685060
0.00829468,23.056127578,23.055978395
0.00834961,23.056420615,23.056275271
0.00840454,23.056715118,23.056575738
0.00845947,23.057014689,23.056879860
0.00851440,23.057319975,23.057187704
0.00856934,23.057627479,23.057499324
0.00862427,23.057936710,23.057814777
0.00867920,23.058251230,23.058134129
0.00873413,23.058571682,23.058457454
0.00878906,23.058894621,23.058784811
0.00884399,23.059219569,23.059116262
0.00889893,23.059550047,23.059451878
0.00895386,23.059886696,23.059791739
0.00900879,23.060226122,23.060135911
0.00906372,23.060567859,23.060484458
0.00911865,23.060915391,23.060837461
0.00917358,23.061269357,23.061195005
0.00922852,23.061626412,23.061557161
0.00928345,23.061986104,23.061924001
0.00933838,23.062351881,23.062295612
0.00939331,23.062724381,23.062672086
0.00944824,23.063100309,23.063053500
0.00950317,23.063479225,23.063439935
0.00955811,23.063864544,23.063831485
0.00961304,23.064256905,23.064228247
0.00966797,23.064653060,23.064630310
0.00972290,23.065052583,23.065037759
0.00977783,23.065458859,23.065450698
0.00983276,23.065872527,23.065869233
0.00988770,23.066290387,23.066293460
0.00994263,23.066712028,23.066723475
0.00999756,23.067140805,23.067159388
0.01005249,23.067577360,23.067601317
0.01010742,23.068018542,23.068049367
0.01016235,23.068463952,23.068503643
0.01021729,23.068916920,23.068964266
0.01027222,23.069378092,23.069431365
0.01032715,23.069844362,23.069905053
0.01038208,23.070315351,23.070385449
0.01043701,23.070794362,23.070872683
0.01049194,23.071282044,23.071366897
0.01054688,23.071775343,23.071868218
0.01060181,23.072273895,23.072376772
0.01065674,23.072780979,23.072892707
0.01071167,23.073297254,23.073416175
0.01076660,23.073819711,23.073947316
0.01082153,23.074348006,23.074486272
0.01087646,23.074885398,23.075033204
0.01093140,23.075432553,23.075588278
0.01098633,23.075986512,23.076151651
0.01104126,23.076546950,23.076723479
0.01109619,23.077117110,23.077303939
0.01115112,23.077697667,23.077893215
0.01120605,23.078285712,23.078491478
0.01126099,23.078880942,23.079098904
0.01131592,23.079486584,23.079715686
0.01137085,23.080103327,23.080342029
0.01142578,23.080728311,23.080978122
0.01148071,23.081361258,23.081624160
0.01153564,23.082005384,23.082280357
0.01159058,23.082661392,23.082946938
0.01164551,23.083326475,23.083624115
0.01170044,23.084000380,23.084312104
0.01175537,23.084686314,23.085011143
0.01181030,23.085385000,23.085721481
0.01186523,23.086093684,23.086443354
0.01192017,23.086812143,23.087177003
0.01197510,23.087543579,23.087922692
0.01203003,23.088288734,23.088680698
0.01208496,23.089044913,23.089451284
0.01213989,23.089811924,23.090234719
0.01219482,23.090592969,23.091031298
0.01224976,23.091388816,23.091841328
0.01230469,23.092196827,23.092665105
0.01235962,23.093016848,23.093502930
0.01241455,23.093852086,23.094355132
0.01246948,23.094703334,23.095222053
0.01252441,23.095568022,23.096104025
0.01257935,23.096446034,23.097001386
0.01263428,23.097340586,23.097914505
0.01268921,23.098252507,23.098843764
0.01274414,23.099179293,23.099789538
0.01279907,23.100120875,23.100752205
0.01285400,23.101080484,23.101732180
0.01290894,23.102058989,23.102729893
0.01296387,23.103053960,23.103745764
0.01301880,23.104065377,23.104780223
0.01307373,23.105096497,23.105833734
0.01312866,23.106148233,23.106906783
0.01318359,23.107218236,23.107999843
0.01323853,23.108306546,23.109113402
0.01329346,23.109416449,23.110247984
0.01334839,23.110548914,23.111404136
0.01340332,23.111701678,23.112582396
0.01345825,23.112874850,23.113783317
0.01351318,23.114071756,23.115007494
0.01356812,23.115293429,23.116255543
0.01362305,23.116537703,23.117528079
0.01367798,23.117804766,23.118825730
0.01373291,23.119097993,23.120149171
0.01378784,23.120418495,23.121499105
0.01384277,23.121764214,23.122876231
0.01389771,23.123135426,23.124281267
0.01395264,23.124535574,23.125714983
0.01400757,23.125965856,23.127178180
0.01406250,23.127424336,23.128671658
0.01411743,23.128911396,23.130196241
0.01417236,23.130430560,23.131752809
0.01422729,23.131983128,23.133342279
0.01428223,23.133567307,23.134965569
0.01433716,23.135183600,23.136623628
0.01439209,23.136835629,23.138317467
0.01444702,23.138524822,23.140048138
0.01450195,23.140249543,23.141816701
0.01455688,23.142010440,23.143624251
0.01461182,23.143811257,23.145471953
0.01466675,23.145653571,23.147361021
0.01472168,23.147535930,23.149292684
0.01477661,23.149459152,23.151268210
0.01483154,23.151427132,23.153288948
0.01488647,23.153441625,23.155356305
0.01494141,23.155501392,23.157471709
0.01499634,23.157607456,23.159636637
0.01505127,23.159763894,23.161852658
0.01510620,23.161972676,23.164121409
0.01516113,23.164232813,23.166444559
0.01521606,23.166545573,23.168823834
0.01527100,23.168915257,23.171261069
0.01532593,23.171344094,23.173758179
0.01538086,23.173831394,23.176317120
0.01543579,23.176378714,23.178939924
0.01549072,23.178990636,23.181628743
0.01554565,23.181669699,23.184385831
0.01560059,23.184415572,23.187213493
0.01565552,23.187230163,23.190114130
0.01571045,23.190118398,23.193090285
0.01576538,23.193083198,23.196144620
0.01582031,23.196124660,23.199279871
0.01587524,23.199245122,23.202498889
0.01593018,23.202449937,23.205804694
0.01598511,23.205742492,23.209200450
0.01604004,23.209123406,23.212689423
0.01609497,23.212595546,23.216275018
0.01614990,23.216164792,23.219960845
0.01620483,23.219835111,23.223750689
0.01625977,23.223607760,23.227648470
0.01631470,23.227486259,23.231658282
0.01636963,23.231477150,23.235784468
0.01642456,23.235585119,23.240031588
0.01647949,23.239812214,23.244404375
0.01653442,23.244162768,23.248907789
0.01658936,23.248644156,23.253547090
0.01664429,23.253261968,23.258327809
0.01669922,23.258019237,23.263255707
0.01675415,23.262921318,23.268336834
0.01680908,23.267976643,23.273577606
0.01686401,23.273191946,23.278984789
0.01691895,23.278571500,23.284565448
0.01697388,23.284121959,23.290327019
0.01702881,23.289853104,23.296277397
0.01708374,23.295773129,23.302424924
0.01713867,23.301887887,23.308778337
0.01719360,23.308205694,23.315346855
0.01724854,23.314738076,23.322140280
0.01730347,23.321495103,23.329168988
0.01735840,23.328484667,23.336443885
0.01741333,23.335717234,23.343976505
0.01746826,23.343206599,23.351779136
0.01752319,23.350965281,23.359864809
0.01757812,23.359003826,23.368247275
0.01763306,23.367335516,23.376941111
0.01768799,23.375977134,23.385961878
0.01774292,23.384944428,23.395326125
0.01779785,23.394251442,23.405051369
0.01785278,23.403915192,23.415156245
0.01790771,23.413956443,23.425660681
0.01796265,23.424395255,23.436585936
0.01801758,23.435250347,23.447954599
0.01807251,23.446543752,23.459790772
0.01812744,23.458301614,23.472120303
0.01818237,23.470549830,23.484970851
0.01823730,23.483313462,23.498371922
0.01829224,23.496621383,23.512355114
0.01834717,23.510507107,23.526954411
0.01840210,23.525004555,23.542206308
0.01845703,23.540147534,23.558149905
0.01851196,23.555974391,23.574827237
0.01856689,23.572528910,23.592283667
0.01862183,23.589856225,23.610568105
0.01867676,23.608002412,23.629733193
0.01873169,23.627019178,23.649835766
0.01878662,23.646964871,23.670937406
0.01884155,23.667900596,23.693104796
0.01889648,23.689889971,23.716410072
0.01895142,23.713003918,23.740931490
0.01900635,23.737321853,23.766754221
0.01906128,23.762928097,23.793970949
0.01911621,23.789911897,23.822682488
0.01917114,23.818372414,23.852998796
0.01922607,23.848420225,23.885040153
0.01928101,23.880174184,23.918938186
0.01933594,23.913761866,23.954836938
0.01939087,23.949324954,23.992894458
0.01944580,23.987021270,24.033284652
0.01950073,24.027022350,24.076199019
0.01955566,24.069514632,24.121848552
0.01961060,24.114705572,24.170466321
0.01966553,24.162826623,24.222310499
0.01972046,24.214132022,24.277667399
0.01977539,24.268901290,24.336854872
0.01983032,24.327446735,24.400226711
0.01988525,24.390118162,24.468177809
0.01994019,24.457303827,24.541149625
0.01999512,24.529435344,24.619636425
0.02005005,24.606997880,24.704193104
0.02010498,24.690538146,24.795444403
0.02015991,24.780669397,24.894095090
0.02021484,24.878080979,25.000941761
0.02026978,24.983553845,25.116887388
0.02032471,25.097975038,25.242958578
0.02037964,25.222350603,25.380325229
0.02043457,25.357824429,25.530323669
0.02048950,25.505704666,25.694484938
0.02054443,25.667491487,25.874568590
0.02059937,25.844906196,26.072602129
0.02065430,26.039929354,26.290927979
0.02070923,26.254850219,26.532260739
0.02076416,26.492322547,26.799756056
0.02081909,26.755427875,27.097092260
0.02087402,27.047754740,27.428568335
0.02092896,27.373497465,27.799222998
0.02098389,27.737571875,28.214978080
0.02103882,28.145751158,28.682809375
0.02109375,28.604831904,29.210951054
0.02114868,29.122836275,29.809141211
0.02120361,29.709250747,30.488913544
0.02125854,30.375306886,31.263939181
0.02131348,31.134314771,32.150424641
0.02136841,32.002054818,33.167570782
0.02142334,32.997226692,34.338090002
0.02147827,34.141954176,35.688771624
0.02153320,35.462343050,37.251079864
0.02158813,36.989077097,39.061757501
0.02164307,38.758021476,41.163388653
0.02169800,40.810790748,43.604856984
0.02175293,43.195225718,46.441626570
0.02180786,45.965707001,49.735766673
0.02186279,49.183222335,53.555641420
0.02191772,52.915109289,57.975207505
0.02197266,57.234416753,63.072909376
0.02202759,62.218866213,65.854977682
0.02208252,65.643015654,66.551895833
0.02213745,66.450900649,66.724481976
0.02219238,66.398313579,66.183464103
0.02224731,66.232907390,66.172532006
0.02230225,66.330490415,66.445096949
0.02235718,66.442120029,66.511800245
0.02241211,66.377969004,66.274604126
0.02246704,66.304440679,66.282721817
0.02252197,66.352736336,66.404037703
0.02257690,66.402810858,66.437231449
0.02263184,66.367684125,66.312043186
0.02268677,66.332133190,66.324834630
0.02274170,66.360662557,66.387187310
0.02279663,66.387276630,66.407887591
0.02285156,66.365347234,66.330307062
0.02290649,66.345262217,66.343372626
0.02296143,66.364264001,66.379758067
0.02301636,66.380644079,66.394946415
0.02307129,66.365535731,66.340780828
0.02312622,66.352670412,66.353005404
0.02318115,66.366456950,66.376365818
0.02323608,66.377723290,66.388686313
0.02329102,66.366570766,66.347662979
0.02334595,66.357550784,66.358890529
0.02340088,66.368166949,66.374903341
0.02345581,66.376543970,66.385503799
0.02351074,66.367906071,66.352684864
0.02356567,66.361175982,66.363006248
0.02362061,66.369703135,66.374464485
0.02367554,66.376277667,66.383914546
0.02373047,66.369353132,66.356643391
0.02378540,66.364109836,66.366191695
0.02384033,66.371174884,66.374618900
0.02389526,66.376537460,66.383236839
0.02395020,66.370842711,66.359944273
0.02400513,66.366629138,66.368841448
0.02406006,66.372623194,66.375142424
0.02411499,66.377124154,66.383124015
0.02416992,66.372347837,66.362812672
0.02422485,66.368882711,66.371159531
0.02427979,66.374064198,66.375908686
0.02433472,66.377926272,66.383383628
0.02438965,66.373857509,66.365382683
0.02444458,66.370956860,66.373260336
0.02449951,66.375504414,66.376841692
0.02455444,66.378877034,66.383900910
0.02460937,66.375367149,66.367738823
0.02466431,66.372904791,66.375212363
0.02471924,66.376946435,66.377893300
0.02477417,66.379934186,66.384603378
0.02482910,66.376874901,66.369936850
0.02488403,66.374760952,66.377058865
0.02493896,66.378391184,66.379031703
0.02499390,66.381069790,66.385443102
0.02504883,66.378380104,66.372014949
0.02510376,66.376548550,66.378828337
0.02515869,66.379838859,66.380235147
0.02521362,66.382264692,66.386387182
0.02526855,66.379882635,66.374000092
0.02532349,66.378283743,66.380540224
0.02537842,66.381289351,66.381488318
0.02543335,66.383505366,66.387412324
0.02548828,66.381382603,66.375911838
0.02554321,66.379978094,66.382208181
0.02559814,66.382742425,66.382780168
0.02565308,66.384782008,66.388501599
0.02570801,66.382880210,66.377764697
0.02576294,66.381640078,66.383842041
0.02581787,66.384197815,66.384102556
0.02587280,66.386087359,66.389642425
0.02592773,66.384375688,66.379569638
0.02598267,66.383276031,66.385449036
0.02603760,66.385655257,66.385449371
0.02609253,66.387415939,66.390825265
0.02614746,66.385869265,66.381335105
0.02620239,66.384890778,66.387034582
0.02625732,66.387114505,66.386815954
0.02631226,66.388763544,66.392042771
0.02636719,66.387361152,66.383067692
0.02642212,66.386488051,66.388602805
0.02647705,66.388575341,66.388198698
0.02653198,66.390126898,66.393289192
0.02658691,66.388851542,66.384772619
0.02664185,66.388070775,66.390156889
0.02669678,66.390037573,66.389594777
0.02675171,66.391503416,66.394559967
0.02680664,66.390340603,66.386454071
0.02686157,66.389641275,66.391699329
0.02691650,66.391501031,66.391001950
0.02697144,66.392891032,66.395851435
0.02702637,66.391828483,66.388115439
0.02708130,66.391201417,66.393232097
0.02713623,66.392965571,66.392418423
0.02719116,66.394288080,66.397160625
0.02724609,66.393315313,66.389759497
0.02730103,66.392752716,66.394756771
0.02735596,66.394431065,66.393842743
0.02741089,66.395693199,66.398485105
0.02746582,66.394801206,66.391388538
0.02752075,66.394296413,66.396274626
0.02757568,66.395897405,66.395273726
0.02763062,66.397105274,66.399822859
0.02768555,66.396286261,66.393004469
0.02774048,66.395833533,66.397786699
0.02779541,66.397364494,66.396710399
0.02785034,66.398523376,66.401172212
0.02790527,66.397770564,66.394608890
0.02796021,66.397364929,66.399293841
0.02801514,66.398832250,66.398151955
0.02807007,66.399946731,66.402531754
0.02812500,66.399254191,66.396203155
0.02817993,66.398891316,66.400796758
0.02823486,66.400300600,66.399597722
0.02828979,66.401374687,66.403900291
0.02834473,66.400737208,66.397788414
0.02839966,66.400413299,66.402296036
0.02845459,66.401769483,66.401047136
0.02850952,66.402806694,66.405276811
0.02856445,66.402219673,66.399365650
0.02861938,66.401931392,66.403792165
0.02867432,66.403238842,66.402499722
0.02872925,66.404242281,66.406660443
0.02878418,66.403701638,66.400935712
0.02883911,66.403446031,66.405285560
0.02889404,66.404708629,66.403955076
0.02894897,66.405681046,66.408050438
0.02900391,66.405183148,66.402499330
0.02905884,66.404957595,66.406776570
0.02911377,66.406178801,66.405412854
0.02916870,66.407122643,66.409446151
0.02922363,66.406664243,66.404057141
0.02927856,66.406466408,66.408265494
0.02933350,66.407649321,66.406872761
0.02938843,66.408566772,66.410847016
0.02944336,66.408144957,66.405609702
0.02949829,66.407972752,66.409752587
0.02955322,66.409120155,66.408334545
0.02960815,66.410013174,66.412252541
0.02966309,66.409625325,66.407157499
0.02971802,66.409476873,66.411238068
0.02977295,66.410591274,66.409797986
0.02982788,66.411461620,66.413662295
0.02988281,66.411105372,66.408700961
0.02993774,66.410978985,66.412722125
0.02999268,66.412062651,66.411262896
0.03004761,66.412911913,66.415075897
0.03010254,66.412585125,66.410240467
0.03015747,66.412479278,66.414204921
0.03021240,66.413534263,66.412729108
0.03026733,66.414363876,66.416493010
0.03032227,66.414064607,66.411776354
0.03037720,66.413977917,66.415686600
0.03043213,66.415006089,66.414196480
0.03048706,66.415817357,66.417913336
0.03054199,66.415543837,66.413308920
0.03059692,66.415475050,66.417167283
0.03065186,66.416478111,66.415664885
0.03070679,66.417272218,66.419336609
0.03076172,66.417022834,66.414838433
0.03081665,66.416970807,66.418647080
0.03087158,66.417950310,66.417134213
0.03092651,66.418728337,66.420762590
0.03098145,66.418501616,66.416365132
0.03103638,66.418465305,66.420126086
0.03109131,66.419422672,66.418604366
0.03114624,66.420185607,66.422191069
0.03120117,66.419980196,66.417889231
0.03125610,66.419958646,66.421604382
0.03131104,66.420895184,66.420075257
0.03136597,66.421643932,66.423621852
0.03142090,66.421458588,66.419410924
0.03147583,66.421450925,66.423082045
0.03153076,66.422367832,66.421546812
0.03158569,66.423103224,66.425054768
0.03164062,66.422936805,66.420930386
0.03169556,66.422942224,66.424559137
0.03175049,66.423840606,66.423018962
0.03180542,66.424563405,66.426489662
0.03186035,66.424414859,66.422447775
0.03191528,66.424432618,66.426035717
0.03197021,66.425313496,66.424491646
0.03202515,66.426024407,66.427926392
0.03208008,66.425892759,66.423963234
0.03213501,66.425922176,66.427511836
0.03218994,66.426786492,66.425964813
0.03224487,66.427486165,66.429364831
0.03229980,66.427370514,66.425476893
0.03235474,66.427410957,66.428987539
0.03240967,66.428259585,66.427438413
0.03246460,66.428948622,66.430804861
0.03251953,66.428848135,66.426988871
0.03257446,66.428899019,66.430462867
0.03262939,66.429732769,66.428912404
0.03268433,66.430411727,66.432246378
0.03273926,66.430325627,66.428499278
0.03279419,66.430386411,66.431937857
0.03284912,66.431206036,66.430386747
0.03290405,66.431875432,66.433689284
0.03295898,66.431803000,66.430008212
0.03301392,66.431873179,66.433412540
0.03306885,66.432679380,66.431861408
0.03312378,66.433339696,66.435133490
0.03317871,66.433280258,66.431515764
0.03323364,66.433359365,66.434886947
0.03328857,66.434152794,66.433336356
0.03334351,66.434804477,66.436578916
0.03339844,66.434757410,66.433022018
0.03345337,66.434845007,66.436361102
0.03350830,66.435626274,66.434811564
0.03356323,66.436269742,66.438025486
0.03361816,66.436234460,66.434527051
0.03367310,66.436330140,66.437835030
0.03372803,66.437099815,66.436287004
0.03378296,66.437735457,66.439473132
0.03383789,66.437711413,66.436030934
0.03389282,66.437814797,66.439308752
0.03394775,66.438573411,66.437762656
0.03400269,66.439201592,66.440921790
0.03405762,66.439188275,66.437533732
0.03411255,66.439299006,66.440782287
0.03416748,66.440047060,66.439238499
0.03422241,66.440668120,66.442371402
0.03427734,66.440665050,66.439035506
0.03433228,66.440782796,66.442255653
0.03438721,66.441520756,66.440714512
0.03444214,66.442135016,66.443821914
0.03449707,66.442141742,66.440536311
0.03455200,66.442266190,66.443728864
0.03460693,66.442994497,66.442190681
0.03466187,66.443602255,66.445273276
0.03471680,66.443618356,66.442036201
0.03477173,66.443749212,66.445201936
0.03482666,66.444468279,66.443666989
0.03488159,66.445069818,66.446725441
0.03493652,66.445094894,66.443535222
0.03499146,66.445231884,66.446674881
0.03504639,66.445942099,66.445143422
0.03510132,66.446537684,66.448178366
0.03515625,66.446571361,66.445033421
0.03521118,66.446714225,66.448147710
0.03526611,66.447415954,66.446619969
0.03532104,66.448005834,66.449632010
0.03537598,66.448047759,66.446530838
0.03543091,66.448196252,66.449620435
0.03548584,66.448889843,66.448096616
0.03554077,66.449474251,66.451086338
0.03559570,66.449524091,66.448027513
0.03565063,66.449677984,66.451093065
0.03570557,66.450363761,66.449573353
0.03576050,66.450942921,66.452541313
0.03581543,66.451000361,66.449523483
0.03587036,66.451159436,66.452565609
0.03592529,66.451837707,66.451050171
0.03598022,66.452411828,66.453996903
0.03603516,66.452476571,66.451018780
0.03609009,66.452640623,66.454038074
0.03614502,66.453311679,66.452527062
0.03619995,66.453880959,66.455453078
0.03625488,66.453952723,66.452513437
0.03630981,66.454121558,66.455510469
0.03636475,66.454785676,66.454004016
0.03641968,66.455350300,66.456909810
0.03647461,66.455428820,66.454007484
0.03652954,66.455602253,66.456982800
0.03658447,66.456259694,66.455481027
0.03663940,66.456819841,66.458367071
0.03669434,66.456904863,66.455500948
0.03674927,66.457082722,66.458455073
0.03680420,66.457733733,66.456958088
0.03685913,66.458289570,66.459824837
0.03691406,66.458380855,66.456993856
0.03696899,66.458562975,66.459927293
0.03702393,66.459207791,66.458435192
0.03707886,66.459759477,66.461283085
0.03713379,66.459856798,66.458486233
0.03718872,66.460043022,66.461399467
0.03724365,66.460681866,66.459912334
0.03729858,66.461229553,66.462741792
0.03735352,66.461332694,66.459978101
0.03740845,66.461522873,66.462871597
0.03746338,66.462155958,66.461389510
0.03751831,66.462699788,66.464200938
0.03757324,66.462808544,66.461469482
0.03762817,66.463002537,66.464343689
0.03768311,66.463630064,66.462866713
0.03773804,66.464170174,66.465660503
0.03779297,66.464284349,66.462960397
0.03784790,66.464482024,66.465815747
0.03790283,66.465104184,66.464343940
0.03795776,66.465640704,66.467120469
0.03801270,66.465760112,66.464450866
0.03806763,66.465961339,66.467287774
0.03812256,66.466578316,66.465821186
0.03817749,66.467111370,66.468580819
0.03823242,66.467235834,66.465940906
0.03828735,66.467440493,66.468759774
0.03834229,66.468052460,66.467298449
0.03839722,66.468582164,66.470041536
0.03845215,66.468711516,66.467430534
0.03850708,66.468919490,66.470231749
0.03856201,66.469526614,66.468775724
0.03861694,66.470053081,66.471502605
0.03867188,66.470187160,66.468919768
0.03872681,66.470398339,66.471703702
0.03878174,66.471000778,66.470253009
0.03883667,66.471524115,66.472964012
0.03889160,66.471662766,66.470408622
0.03894653,66.471877045,66.473175637
0.03900146,66.472474951,66.471730301
0.03905640,66.472995259,66.474425742
0.03911133,66.473138336,66.471897112
0.03916626,66.473355615,66.474647555
0.03922119,66.473949131,66.473207596
0.03927612,66.474466508,66.475887782
0.03933105,66.474613872,66.473385251
0.03938599,66.474834053,66.476119458
0.03944092,66.475423319,66.474684894
0.03949585,66.475937858,66.477350121
0.03955078,66.476089373,66.474873052
0.03960571,66.476312366,66.477591348
0.03966064,66.476897513,66.476162190
0.03971558,66.477409303,66.478812746
0.03977051,66.477564841,66.476360527
0.03982544,66.477790558,66.479063228
0.03988037,66.478371712,66.477639484
0.03993530,66.478880839,66.480275647
0.03999023,66.479040277,66.477847689
0.04004517,66.479268635,66.480535098
0.04010010,66.479845917,66.479116774
0.04015503,66.480352461,66.481738812
0.04020996,66.480515683,66.479334549
0.04026489,66.480746599,66.482006962
0.04031982,66.481320127,66.480594057
0.04037476,66.481824166,66.483202233
0.04042969,66.481991058,66.480821117
0.04048462,66.482224457,66.483478818
0.04053955,66.482794340,66.482071333
0.04059448,66.483295950,66.484665898
0.04064941,66.483466403,66.482307404
0.04070435,66.483702211,66.484950671
0.04075928,66.484268557,66.483548599
0.04081421,66.484767809,66.486129800
0.04086914,66.484941720,66.483793420
0.04092407,66.485179866,66.486422519
0.04097900,66.485742776,66.485025855
0.04103394,66.486239740,66.487593929
0.04108887,66.486417009,66.485279173
0.04114380,66.486657425,66.487894365
0.04119873,66.487216999,66.486503099
0.04125366,66.487711739,66.489058278
0.04130859,66.487892271,66.486764672
0.04136353,66.488134892,66.489366209
0.04141846,66.488691223,66.487980330
0.04147339,66.489183803,66.490522838
0.04152832,66.489367507,66.488249926
0.04158325,66.489612270,66.490838053
0.04163818,66.490165449,66.489457548
0.04169312,66.490655930,66.491987603
0.04174805,66.490842717,66.489734943
0.04180298,66.491089562,66.492309897
0.04185791,66.491639676,66.490934750
0.04191284,66.492128116,66.493452564
0.04196777,66.492317902,66.491219731
0.04202271,66.492566771,66.493781742
0.04207764,66.493113904,66.492411937
0.04213257,66.493600360,66.494917716
0.04218750,66.493793062,66.492704297
0.04224243,66.494043899,66.495253589
0.04229736,66.494588132,66.493889108
0.04235229,66.495072658,66.496383051
0.04240723,66.495268198,66.494188647
0.04246216,66.495520951,66.496725438
0.04251709,66.496062361,66.495366261
0.04257202,66.496545009,66.497848564
0.04262695,66.496743311,66.495672789
0.04268188,66.496997928,66.498197290
0.04273682,66.497536589,66.496843396
0.04279175,66.498017409,66.499314248
0.04284668,66.498218401,66.497156729
0.04290161,66.498474832,66.499669145
0.04295654,66.499010817,66.498320513
0.04301147,66.499489857,66.500780098
0.04306641,66.499693468,66.498640473
0.04312134,66.499951666,66.501141005
0.04317627,66.500485045,66.499797612
0.04323120,66.500962351,66.502246108
0.04328613,66.501168514,66.500124027
0.04334106,66.501428432,66.502612869
0.04339600,66.501959271,66.501274690
0.04345093,66.502434889,66.503712274
0.04350586,66.502643539,66.501607397
0.04356079,66.502905133,66.504084738
0.04361572,66.503433496,66.502751749
0.04367065,66.503907469,66.505178590
0.04372559,66.504118542,66.503090587
0.04378052,66.504381770,66.505556612
0.04383545,66.504907720,66.504228788
0.04389038,66.505380089,66.506645052
0.04394531,66.505593525,66.504573604
0.04400024,66.505858346,66.507028492
0.04405518,66.506381942,66.505705806
0.04411011,66.506852747,66.508111655
0.04416504,66.507068488,66.506056453
0.04421997,66.507334861,66.508500377
0.04427490,66.507856163,66.507182803
0.04432983,66.508325443,66.509578394
0.04438477,66.508543432,66.507539137
0.04443970,66.508811319,66.509972269
0.04449463,66.509330381,66.508659779
0.04454956,66.509798173,66.511045265
0.04460449,66.510018356,66.509021661
0.04465942,66.510287720,66.511444168
0.04471436,66.510804597,66.510136734
0.04476929,66.511270938,66.512512265
0.04482422,66.511493261,66.510504031
0.04487915,66.511764066,66.512916072
0.04493408,66.512278811,66.511613667
0.04498901,66.512743736,66.513979389
0.04504395,66.512968148,66.511986250
0.04509888,66.513240359,66.514387984
0.04515381,66.513753022,66.513090578
0.04520874,66.514216564,66.515446634
0.04526367,66.514443017,66.513468322
0.04531860,66.514716601,66.515859903
0.04537354,66.515227230,66.514567467
0.04542847,66.515689423,66.516913996
0.04548340,66.515917868,66.514950252
0.04553833,66.516192793,66.517331829
0.04559326,66.516701436,66.516044334
0.04564819,66.517162310,66.518381472
0.04570313,66.517392701,66.516432042
0.04575806,66.517668935,66.518803762
0.04581299,66.518175638,66.517521179
0.04586792,66.518635225,66.519849058
0.04592285,66.518867517,66.517913697
0.04597778,66.519145031,66.520275703
0.04603271,66.519649838,66.518998002
0.04608765,66.520108166,66.521316751
0.04614258,66.520342317,66.519395220
0.04619751,66.520621080,66.521747651
0.04625244,66.521124034,66.520474802
0.04630737,66.521581133,66.522784548
0.04636230,66.521817100,66.520876615
0.04641724,66.522097084,66.523219607
0.04647217,66.522598226,66.521951579
0.04652710,66.523054124,66.524252446
0.04658203,66.523291866,66.522357885
0.04663696,66.523573044,66.524691571
0.04669189,66.524072416,66.523428335
0.04674683,66.524527138,66.525720443
0.04680176,66.524766617,66.523839032
0.04685669,66.525048962,66.526163542
0.04691162,66.525546601,66.524905067
0.04696655,66.526000175,66.527188535
0.04702148,66.526241352,66.525320061
0.04707642,66.526524839,66.527635521
0.04713135,66.527020783,66.526381777
0.04718628,66.527473233,66.528656720
0.04724121,66.527716071,66.526800973
0.04729614,66.528000674,66.529107508
0.04735107,66.528494961,66.527858465
0.04740601,66.528946312,66.530124996
0.04746094,66.529190776,66.528281772
0.04751587,66.529476471,66.530579503
0.04757080,66.529969136,66.529335129
0.04762573,66.530419411,66.531593359
0.04768066,66.530665465,66.529762461
0.04773560,66.530952229,66.532051506
0.04779053,66.531443306,66.530811772
0.04784546,66.531892529,66.533061808
0.04790039,66.532140140,66.531243042
0.04795532,66.532427949,66.533523517
0.04801025,66.532917472,66.532288392
0.04806519,66.533365665,66.534530340
0.04812012,66.533614800,66.532723517
0.04817505,66.533903633,66.534995536
0.04822998,66.534391634,66.533764989
0.04828491,66.534838819,66.535998953
0.04833984,66.535089446,66.534203890
0.04839478,66.535379281,66.536467562
0.04844971,66.535865792,66.535241564
0.04850464,66.536311990,66.537467645
0.04855957,66.536564078,66.535684161
0.04861450,66.536854894,66.537939597
0.04866943,66.537339946,66.536718117
0.04872437,66.537785177,66.538936414
0.04877930,66.538038696,66.537164335
0.04883423,66.538330473,66.539411639
0.04888916,66.538814095,66.538194647
0.04894409,66.539258379,66.540405257
0.04899902,66.539513301,66.538644413
0.04905396,66.539806018,66.540883689
0.04910889,66.540288240,66.539671156
0.04916382,66.540731596,66.541874174
0.04921875,66.540987892,66.540124397
0.04927368,66.541281531,66.542355748
0.04932861,66.541762381,66.541147642
0.04938354,66.542204828,66.543343161
0.04943848,66.542462470,66.541604289
0.04949341,66.542757013,66.543827814
0.04954834,66.543236517,66.542624106
0.04960327,66.543678073,66.544812218
0.04965820,66.543937034,66.543084091
0.04971313,66.544232463,66.545299887
0.04976807,66.544710649,66.544100548
0.04982300,66.545151332,66.546281342
0.04987793,66.545411586,66.544563806
0.04993286,66.545707883,66.546771969
0.04998779,66.546184776,66.545576968
0.05004272,66.546624603,66.547750532
0.05009766,66.546886126,66.546043435
0.05015259,66.547183273,66.548244058
0.05020752,66.547658898,66.547053367
0.05026245,66.548097886,66.549219786
0.05031738,66.548360653,66.547522979
0.05037231,66.548658634,66.549716155
0.05042725,66.549133016,66.548529744
0.05048218,66.549571181,66.550689102
0.05053711,66.549835167,66.549002442
0.05059204,66.550133966,66.551188259
0.05064697,66.550607129,66.550006099
0.05070190,66.551044487,66.552158480
0.05075684,66.551309670,66.550481824
0.05081177,66.551609271,66.552660371
0.05086670,66.552081238,66.551482433
0.05092163,66.552517804,66.553627917
0.05097656,66.552784160,66.551961127
0.05103149,66.553084548,66.554132490
0.05108643,66.553555341,66.552958746
0.05114136,66.553991131,66.555097412
0.05119629,66.554258639,66.553440353
0.05125122,66.554559799,66.555604617
0.05130615,66.555029440,66.554435038
0.05136108,66.555464468,66.556566964
0.05141602,66.555733106,66.554919503
0.05147095,66.556035023,66.557076751
0.05152588,66.556503534,66.555911308
0.05158081,66.556937814,66.558036571
0.05163574,66.557207561,66.556398580
0.05169067,66.557510222,66.558548892
0.05174561,66.557977624,66.557387558
0.05180054,66.558411169,66.559506233
0.05185547,66.558682005,66.557877583
0.05191040,66.558985395,66.560021040
0.05196533,66.559451708,66.558863786
0.05202026,66.559884533,66.560975947
0.05207520,66.560156438,66.559356516
0.05213013,66.560460544,66.561493196
0.05218506,66.560925788,66.560339994
0.05223999,66.561357905,66.562445712
0.05229492,66.561630859,66.560835379
0.05234985,66.561935669,66.562965359
0.05240479,66.562399862,66.561816182
0.05245972,66.562831286,66.563915528
0.05251465,66.563105270,66.562314173
0.05256958,66.563410770,66.564437528
0.05262451,66.563873932,66.563292349
0.05267944,66.564304674,66.565385394
0.05273438,66.564579670,66.563792900
0.05278931,66.564885847,66.565909705
0.05284424,66.565347997,66.564768496
0.05289917,66.565778068,66.566855307
0.05295410,66.566054059,66.565271562
0.05300903,66.566360902,66.567381888
0.05306396,66.566822057,66.566244622
0.05311890,66.567251470,66.568325266
0.05317383,66.567528436,66.566750157
0.05322876,66.567835933,66.568854077
0.05328369,66.568296109,66.567720726
0.05333862,66.568724876,66.569795269
0.05339355,66.569002800,66.568228686
0.05344849,66.569310937,66.570326266
0.05350342,66.569770150,66.569196802
0.05355835,66.570198278,66.571265304
0.05361328,66.570477139,66.569707136
0.05366821,66.570785900,66.571798439
0.05372314,66.571244159,66.570672827
0.05377808,66.571671647,66.572735341
0.05383301,66.571951416,66.571185466
0.05388794,66.572260770,66.573270539
0.05394287,66.572718066,66.572148724
0.05399780,66.573144895,66.574205275
0.05405273,66.573425512,66.572663544
0.05410767,66.573735394,66.574742391
0.05416260,66.574191673,66.573624268
0.05421753,66.574617761,66.575674818
0.05427246,66.574899097,66.574141003
0.05432739,66.575209354,66.576213531
0.05438232,66.575664451,66.575098879
0.05443726,66.576089589,66.577143245
0.05449219,66.576371357,66.575616950
0.05454712,66.576681647,66.577682862
0.05460205,66.577135178,66.576571218
0.05465698,66.577558894,66.578608938
0.05471191,66.577840507,66.577089447
0.05476685,66.578150142,66.579148074
0.05482178,66.578601326,66.578038558
0.05487671,66.579022704,66.580068696
0.05493164,66.579303075,66.578554769
0.05498657,66.579610817,66.580604864
0.05504150,66.580058269,66.579495966
0.05509644,66.580475739,66.581516910
0.05515137,66.580753085,66.580006588
0.05520630,66.581056957,66.582046146
0.05526123,66.581498523,66.580935570
0.05531616,66.581909721,66.582944901
0.05537109,66.582181456,66.581435419
0.05542603,66.582478682,66.583461635
0.05548096,66.582911424,66.582346315
0.05553589,66.583313241,66.584340886
0.05559082,66.583576083,66.582828816
0.05564575,66.583863263,66.584838298
0.05570068,66.584283710,66.583714680
0.05575562,66.584672610,66.585690973
0.05581055,66.584922976,66.584172647
0.05586548,66.585196548,66.586161910
0.05592041,66.585601218,66.585026506
0.05597534,66.585973813,66.586981233
0.05603027,66.586208442,66.585453392
0.05608521,66.586465333,66.587419528
0.05614014,66.586851403,66.586269596
0.05619507,66.587205135,66.588200378
0.05625000,66.587421744,66.586660821
0.05630493,66.587660009,66.588602116
0.05635986,66.588025908,66.587436229
0.05641479,66.588359572,66.589342095
0.05646973,66.588557323,66.587790106
0.05652466,66.588776514,66.589706370
0.05657959,66.589122203,66.588524645
0.05663452,66.589436134,66.590406161
0.05668945,66.589615701,66.588842527
0.05674438,66.589816842,66.590735014
0.05679932,66.590143677,66.589538931
0.05685425,66.590439514,66.591397918
0.05690918,66.590602771,66.589824565
0.05696411,66.590787950,66.591695531
0.05701904,66.591098220,66.590487426
0.05707397,66.591378384,66.592326413
0.05712891,66.591527830,66.590745821
0.05718384,66.591699613,66.592597919
0.05723877,66.591995927,66.591380378
0.05729370,66.592263016,66.593201996
0.05734863,66.592401192,66.591616618
0.05740356,66.592562058,66.593452348
0.05745850,66.592846823,66.592227697
0.05751343,66.593103130,66.594034223
0.05756836,66.593232185,66.592446079
0.05762329,66.593384147,66.594267444
0.05767822,66.593659249,66.593037458
0.05773315,66.593906502,66.594830584
0.05778809,66.594027990,66.593241085
0.05784302,66.594172452,66.595049467
0.05789795,66.594439156,66.593815305
0.05795288,66.594678471,66.595596110
0.05800781,66.594793348,66.594006079
0.05806274,66.594931131,66.595802288
0.05811768,66.595190153,66.594564569
0.05817261,66.595422122,66.596333627
0.05822754,66.595530852,66.594743413
0.05828247,66.595662328,66.596527827
0.05833740,66.595913964,66.595286770
0.05839233,66.596138799,66.597044291
0.05844727,66.596241506,66.595453922
0.05850220,66.596366734,66.597226624
0.05855713,66.596611006,66.595982190
0.05861206,66.596828673,66.597728154
0.05866699,66.596925263,66.596137454
0.05872192,66.597044116,66.597898351
0.05877686,66.597280876,66.596650346
0.05883179,66.597491198,66.598384597
0.05888672,66.597581451,66.596793277
0.05894165,66.597693689,66.598542170
0.05899658,66.597922696,66.597290314
0.05905151,66.598125412,66.599012620
0.05910645,66.598209036,66.597420323
0.05916138,66.598314359,66.599156958
0.05921631,66.598535318,66.597900916
0.05927124,66.598730116,66.599610998
0.05932617,66.598806778,66.598017329
0.05938110,66.598904845,66.599741412
0.05943604,66.599117422,66.598480820
0.05949097,66.599303962,66.600178367
0.05954590,66.599373296,66.598582902
0.05960083,66.599463739,66.600294112
0.05965576,66.599667576,66.599028575
0.05971069,66.599845487,66.600713251
0.05976563,66.599907103,66.599115542
0.05982056,66.599989529,66.600813531
0.05987549,66.600184240,66.599542634
0.05993042,66.600353129,66.601214076
0.05998535,66.600406612,66.599613650
0.06004028,66.600480603,66.601298046
0.06009521,66.600665778,66.600021345
0.06015015,66.600825225,66.601679165
0.06020508,66.600870136,66.600075527
0.06026001,66.600935247,66.601745929
0.06031494,66.601110450,66.600462956
0.06036987,66.601260010,66.602106738
0.06042480,66.601295881,66.600499365
0.06047974,66.601351641,66.602155346
0.06053467,66.601516407,66.600865604
0.06058960,66.601655604,66.602494902
0.06064453,66.601681939,66.600883242
0.06069946,66.601727847,66.602524344
0.06075439,66.601881681,66.601227306
0.06080933,66.602010010,66.602841643
0.06086426,66.602026280,66.601225115
0.06091919,66.602061803,66.602850845
0.06097412,66.602204178,66.601545951
0.06102905,66.602321098,66.603144816
0.06108398,66.602326744,66.601522804
0.06113892,66.602351314,66.603132636
0.06119385,66.602481665,66.601819291
0.06124878,66.602586603,66.603402136
0.06130371,66.602581026,66.601773988
0.06135864,66.602594039,66.603367357
0.06141357,66.602711766,66.602044928
0.06146851,66.602804106,66.603611165
0.06152344,66.602786671,66.601976192
0.06157837,66.602787482,66.603552491
0.06163330,66.602891941,66.602220302
0.06168823,66.602971029,66.603769303
0.06174316,66.602941054,66.602126772
0.06179810,66.602928975,66.603685350
0.06185303,66.603019480,66.602342683
0.06190796,66.603084614,66.603873769
0.06196289,66.603041375,66.602222903
0.06201782,66.603015671,66.603763061
0.06207275,66.603091486,66.602409148
0.06212769,66.603141914,66.603921593
0.06218262,66.603084636,66.602261563
0.06223755,66.603044521,66.603782550
0.06229248,66.603104858,66.602416570
0.06234741,66.603139778,66.603909594
0.06240234,66.603067631,66.602239518
0.06245728,66.603012262,66.603740527
0.06251221,66.603056278,66.602361604
0.06256714,66.603074827,66.603834366
0.06262207,66.602986923,66.602153304
0.06267700,66.602915399,66.603633464
0.06273193,66.602942186,66.602240658
0.06278687,66.602943441,66.603692256
0.06284180,66.602838826,66.601999202
0.06289673,66.602750180,66.603457578
0.06295166,66.602758766,66.602049882
0.06300659,66.602741732,66.603479342
0.06306152,66.602619385,66.601773221
0.06311646,66.602512578,66.603208806
0.06317139,66.602501916,66.601785140
0.06322632,66.602465526,66.603191412
0.06328125,66.602324348,66.601471074
0.06333618,66.602198264,66.602882778
0.06339111,66.602167227,66.601441981
0.06344604,66.602110332,66.602823934
0.06350098,66.601949141,66.601088144
0.06355591,66.601802579,66.602474794
0.06361084,66.601749955,66.601015618
0.06366577,66.601671316,66.602372029
0.06372070,66.601488840,66.600619462
0.06377563,66.601320506,66.601979789
0.06383057,66.601244986,66.600500888
0.06388550,66.601143268,66.601830437
0.06394043,66.600938135,66.600059667
0.06399536,66.600746632,66.601392299
0.06405029,66.600646804,66.599892225
0.06410522,66.600520564,66.601193482
0.06416016,66.600291294,66.599402975
0.06421509,66.600075114,66.600706426
0.06427002,66.599949451,66.599183613
0.06432495,66.599797130,66.600455031
0.06437988,66.599542122,66.598643130
0.06443481,66.599299636,66.599915790
0.06448975,66.599146485,66.598368547
0.06454468,66.598966394,66.599608447
0.06459961,66.598683918,66.597773364
0.06465454,66.598413360,66.599013488
0.06470947,66.598230931,66.597439983
0.06476440,66.598021242,66.598646543
0.06481934,66.597709420,66.596786345
0.06487427,66.597408878,66.597992034
0.06492920,66.597195226,66.596390282
0.06498413,66.596953953,66.597561522
0.06503906,66.596610749,66.595674113
0.06509399,66.596278146,66.596843305
0.06514893,66.596031163,66.595211150
0.06520386,66.595756148,66.596344917
0.06525879,66.595379350,66.594428024
0.06531372,66.595012428,66.595558471
0.06536865,66.594729815,66.593893572
0.06542358,66.594418711,66.594987516
0.06547852,66.594005911,66.593038670
0.06553345,66.593602212,66.594127921
0.06558838,66.593281468,66.592427727
0.06564331,66.592931716,66.593479288
0.06569824,66.592480290,66.591495800
0.06575317,66.592037135,66.592541180
0.06580811,66.591675529,66.590802909
0.06586304,66.591284336,66.591809288
0.06591797,66.590791420,66.589788226
0.06597290,66.590305882,66.590786809
0.06602783,66.589900431,66.589007424
0.06608276,66.589464744,66.589965558
0.06613770,66.588927207,66.587903720
0.06619263,66.588396085,66.588852302
0.06624756,66.587943523,66.587028478
0.06630249,66.587459999,66.587935011
0.06635742,66.586874411,66.585828895
0.06641235,66.586294199,66.586723960
0.06646729,66.585790945,66.584852055
0.06652222,66.585255918,66.585703301
0.06657715,66.584618518,66.583549066
0.06663208,66.583985365,66.584386753
0.06668701,66.583427487,66.582462768
0.06674194,66.582836927,66.583254673
0.06679688,66.582143581,66.581048103
0.06685181,66.581453256,66.581824159
0.06690674,66.580836426,66.579843695
0.06696167,66.580185900,66.580571795
0.06701660,66.579432056,66.578308251
0.06707153,66.578679895,66.579017988
0.06712646,66.577999344,66.576976197
0.06718140,66.577283960,66.577635564
0.06723633,66.576464597,66.575309928
0.06729126,66.575645455,66.575948166
0.06734619,66.574895914,66.573839694
0.06740112,66.574110267,66.574424879
0.06745605,66.573219834,66.572031498
0.06751099,66.572328019,66.572592505
0.06756592,66.571503656,66.570411427
0.06762085,66.570641763,66.570916391
0.06767578,66.569674111,66.568449006
0.06773071,66.568703315,66.568926421
0.06778564,66.567797662,66.566666165
0.06784058,66.566852880,66.567084202
0.06789551,66.565801184,66.564535866
0.06795044,66.564744397,66.564922617
0.06800537,66.563750266,66.562575881
0.06806030,66.562715209,66.562899528
0.06811523,66.561571871,66.560262512
0.06817017,66.560421292,66.560550721
0.06822510,66.559330670,66.558109365
0.06828003,66.558197103,66.558330297
0.06833496,66.556953652,66.555595981
0.06838989,66.555700571,66.555776847
0.06844482,66.554504511,66.553231782
0.06849976,66.553263230,66.553340688
0.06855469,66.551910192,66.550499435
0.06860962,66.550544864,66.550563105
0.06866455,66.549233346,66.547904150
0.06871948,66.547874038,66.547890592
0.06877441,66.546400791,66.544931598
0.06882935,66.544912282,66.544867009
0.06888428,66.543474057,66.542082733
0.06893921,66.541985134,66.541934975
0.06899414,66.540379736,66.538846094
0.06904907,66.538755745,66.538640791
0.06910400,66.537178144,66.535718319
0.06915894,66.535546552,66.535423132
0.06921387,66.533795536,66.532190667
0.06926880,66.532022185,66.531830587
0.06932373,66.530290902,66.528755379
0.06937866,66.528501883,66.528297801
0.06943359,66.526590024,66.524906260
0.06948853,66.524651600,66.524375476
0.06954346,66.522750430,66.521131056
0.06959839,66.520787255,66.520494114
0.06965332,66.518697272,66.516925918
0.06970825,66.516575936,66.516206333
0.06976318,66.514486458,66.512773967
0.06981812,66.512330097,66.511938345
0.06987305,66.510042321,66.508173476
0.06992798,66.507717744,66.507244455
0.06998291,66.505418950,66.503602773
0.07003784,66.503047678,66.502546406
0.07009277,66.500539634,66.498561987
0.07014771,66.497988566,66.497399917
0.07020264,66.495456407,66.493524445
0.07025757,66.492845331,66.492222038
0.07031250,66.490091243,66.487991823
0.07036743,66.487286995,66.486569578
0.07042236,66.484493832,66.482432180
0.07047729,66.481614317,66.480854614
0.07053223,66.478584503,66.476348371
0.07058716,66.475496308,66.474634664
0.07064209,66.472410246,66.470202858
0.07069702,66.469229211,66.468316474
0.07075195,66.465889344,66.463499226
0.07080688,66.462481583,66.461457809
0.07086182,66.459065652,66.456693927
0.07091675,66.455544709,66.454459642
0.07097168,66.451854912,66.449290737
0.07102661,66.448086153,66.446879421
0.07108154,66.444297302,66.441739573
0.07113647,66.440391691,66.439111787
0.07119141,66.436305409,66.433543744
0.07124634,66.432127224,66.430713181
0.07130127,66.427915062,66.425145969
0.07135620,66.423572325,66.422071203
0.07141113,66.419034927,66.416048270
0.07146606,66.414390407,66.412740427
0.07152100,66.409695636,66.406685331
0.07157593,66.404853957,66.403100517
0.07163086,66.399800972,66.396556865
0.07168579,66.394622860,66.392703103
0.07174072,66.389375294,66.386088443
0.07179565,66.383961395,66.381918764
0.07185059,66.378316282,66.374776183
0.07190552,66.372524603,66.370294819
0.07196045,66.366640648,66.363035158
0.07201538,66.360567109,66.358191282
0.07207031,66.354238401,66.350356246
0.07212524,66.347737422,66.345149418
0.07218018,66.341116838,66.337142223
0.07223511,66.334278644,66.331516747
0.07229004,66.327156269,66.322876608
0.07234497,66.319830566,66.316826216
0.07239990,66.312352264,66.307947523
0.07245483,66.304622311,66.301410327
0.07250977,66.296572779,66.291828353
0.07256470,66.288282090,66.284790740
0.07261963,66.279798616,66.274889449
0.07267456,66.271021798,66.267281581
0.07272949,66.261881858,66.256590389
0.07278442,66.252454264,66.248389284
0.07283936,66.242784473,66.237279571
0.07289429,66.232769796,66.228405087
0.07294922,66.222337943,66.216397843
0.07300415,66.211560723,66.206814881
0.07305908,66.200479904,66.194265968
0.07311401,66.188989832,66.183880868
0.07316895,66.177014791,66.170299338
0.07322388,66.164621955,66.159061118
0.07327881,66.151848342,66.144783248
0.07333374,66.138584162,66.132580277
0.07338867,66.124749008,66.117098312
0.07344360,66.110404047,66.103858448
0.07349854,66.095580046,66.087483352
0.07355347,66.080161431,66.073070706
0.07360840,66.064061301,66.055271015
0.07366333,66.047332847,66.039584761
0.07371826,66.029998431,66.020637901
0.07377319,66.011934309,66.003508823
0.07382813,65.993044464,65.982849617
0.07388306,65.973371236,65.964137217
0.07393799,65.952925391,65.941997457
0.07399292,65.931571487,65.921485791
0.07404785,65.909200480,65.897251722
0.07410278,65.885839523,65.874744167
0.07415771,65.861482971,65.848583687
0.07421265,65.835978296,65.823797204
0.07426758,65.809197418,65.795025236
0.07432251,65.781145590,65.767681685
0.07437744,65.751793220,65.736373816
0.07443237,65.720962226,65.706091140
0.07448730,65.688495956,65.671455041
0.07454224,65.654367012,65.637833116
0.07459717,65.618509702,65.599806387
0.07465210,65.580706606,65.562312412
0.07470703,65.540756862,65.519936790
0.07476196,65.498582652,65.477982028
0.07481689,65.454061940,65.430981329
0.07487183,65.406914875,65.383795820
0.07492676,65.356870014,65.330947208
0.07498169,65.303768993,65.277640943
0.07503662,65.247398977,65.218325677
0.07509155,65.187378269,65.157744224
0.07514648,65.123319775,65.090306387
0.07520142,65.054933089,65.021065865
0.07525635,64.981855807,64.944324204
0.07531128,64.903537408,64.864634826
0.07536621,64.819399023,64.776214783
0.07542114,64.728931942,64.683874677
0.07547607,64.631526780,64.581665814
0.07553101,64.526354683,64.473836633
0.07558594,64.412522534,64.354282334
0.07564087,64.289167186,64.227427453
0.07569580,64.155282012,64.086915584
0.07575073,64.009595283,63.936518529
0.07580566,63.850721153,63.769624100
0.07586060,63.677250514,63.590072810
0.07591553,63.487576521,63.390891844
0.07597046,63.279772599,63.175160087
0.07602539,63.051742675,62.935537839
0.07608032,62.801313244,62.675063048
0.07613525,62.526063710,62.385935729
0.07619019,62.223211202,62.070346999
0.07624512,61.889768625,61.720059749
0.07630005,61.522647914,61.337175310
0.07635498,61.118506419,60.912979961
0.07640991,60.673650915,60.448751150
0.07646484,60.184216750,59.935402614
0.07651978,59.646296073,59.374235719
0.07657471,59.055814100,58.755861648
0.07662964,58.408465625,58.080998060
0.07668457,57.699927443,57.340189969
0.07673950,56.926021791,56.534555220
0.07679443,56.082630043,55.654788252
0.07684937,55.165665796,54.701949668
0.07690430,54.171320359,53.667260290
0.07695923,53.096256269,52.552833250
0.07701416,51.937547703,51.350745594
0.07706909,50.692673476,50.063801264
0.07712402,49.359772841,48.685372302
0.07717896,47.937840248,47.220085857
0.07723389,46.426657968,45.662926112
0.07728882,44.826769504,44.019928893
0.07734375,43.139702250,42.288024502
0.07739868,41.368117348,40.475632378
0.07745361,39.515687267,38.581745524
0.07750854,37.587003044,36.616510753
0.07756348,35.587719798,34.581030493
0.07761841,33.524622239,32.487828216
0.07767334,31.405414178,30.339885595
0.07772827,29.238534790,28.151087991
0.07778320,27.033211908,25.925975048
0.07783813,24.799438960,23.680078347
0.07789307,22.547683805,21.418924463
0.07794800,20.288633264,19.158371044
0.07800293,18.033185041,16.904342762
0.07805786,15.792377781,14.673088362
0.07811279,13.577070398,12.470205340
0.07816772,11.397673865,10.310929530
0.07822266,9.264146468,8.199923655
0.07827759,7.185944976,6.151523391
0.07833252,5.171743260,4.168852469
0.07838745,3.229218352,2.264131837
0.07844238,1.365111787,0.438581050
0.07849731,-0.414741860,-1.297293690
0.07855225,-2.105609320,-2.944450913
0.07860718,-3.703980586,-4.494952387
0.07866211,-5.207414851,-5.951928151
0.07871704,-6.614419710,-7.309237325
0.07877197,-7.924555363,-8.572089035
0.07882690,-8.872372120,-9.470541569
0.07888184,-8.978782791,-9.562744211
0.07893677,-9.017624169,-9.604161103
0.07899170,-9.039022955,-9.588075332
0.07904663,-9.052178518,-9.609727519
0.07910156,-9.061272403,-9.607251527
0.07915649,-9.067801806,-9.615916834
0.07921143,-9.072821400,-9.610486323
0.07926636,-9.076720253,-9.616873425
0.07932129,-9.079892864,-9.610329945
0.07937622,-9.082486304,-9.613958477
0.07943115,-9.084671688,-9.608658464
0.07948608,-9.086520331,-9.609869901
0.07954102,-9.088117720,-9.605411510
0.07959595,-9.089500732,-9.605416281
0.07965088,-9.090719744,-9.600901262
0.07970581,-9.091792537,-9.600736147
0.07976074,-9.092753765,-9.595625898
0.07981567,-9.093609699,-9.595932473
0.07987061,-9.094387369,-9.589910347
0.07992554,-9.095085921,-9.591045629
0.07998047,-9.095728231,-9.583995717
0.08003540,-9.096309076,-9.586115738
0.08009033,-9.096848697,-9.578058075
0.08014526,-9.097339292,-9.581184557
0.08020020,-9.097799139,-9.572213688
0.08025513,-9.098219055,-9.576269403
0.08031006,-9.098615679,-9.566517557
0.08036499,-9.098979225,-9.571383101
0.08041992,-9.099324885,-9.560991250
0.08047485,-9.099642760,-9.566540589
0.08052979,-9.099946735,-9.555642184
0.08058472,-9.100227096,-9.561758804
0.08063965,-9.100496541,-9.550472888
0.08069458,-9.100745711,-9.557054301
0.08074951,-9.100986232,-9.545478113
0.08080444,-9.101209188,-9.552437605
0.08085937,-9.101425238,-9.540648670
0.08091431,-9.101625949,-9.547913768
0.08096924,-9.101821110,-9.535974693
0.08102417,-9.102002780,-9.543484746
0.08107910,-9.102179966,-9.531447559
0.08113403,-9.102345213,-9.539151456
0.08118896,-9.102506820,-9.527060350
0.08124390,-9.102657799,-9.534914728
0.08129883,-9.102805815,-9.522807688
0.08135376,-9.102944323,-9.530774389
0.08140869,-9.103080409,-9.518684367
0.08146362,-9.103207951,-9.526729155
0.08151855,-9.103333509,-9.514684785
0.08157349,-9.103451357,-9.522777028
0.08162842,-9.103567576,-9.510803050
0.08168335,-9.103676811,-9.518915788
0.08173828,-9.103784709,-9.507033372
0.08179321,-9.103886258,-9.515143337
0.08184814,-9.103986707,-9.503370389
0.08190308,-9.104081367,-9.511457884
0.08195801,-9.104175123,-9.499809358
0.08201294,-9.104263585,-9.507857986
0.08206787,-9.104351304,-9.496346193
0.08212280,-9.104434169,-9.504342484
0.08217773,-9.104516425,-9.492977124
0.08223267,-9.104594218,-9.500910181
0.08228760,-9.104671515,-9.489698437
0.08234253,-9.104744697,-9.497559576
0.08239746,-9.104817476,-9.486506390
0.08245239,-9.104886455,-9.494288800
0.08250732,-9.104955109,-9.483397274
0.08256226,-9.105020244,-9.491095694
0.08261719,-9.105085120,-9.480367504
0.08267212,-9.105146731,-9.487977942
0.08272705,-9.105208139,-9.477413718
0.08278198,-9.105266511,-9.484933216
0.08283691,-9.105324728,-9.474532838
0.08289185,-9.105380115,-9.481959273
0.08294678,-9.105435388,-9.471722096
0.08300171,-9.105488020,-9.479054021
0.08305664,-9.105540571,-9.468978966
0.08311157,-9.105590654,-9.476215481
0.08316650,-9.105640684,-9.466301064
0.08322144,-9.105688404,-9.473441724
0.08327637,-9.105736094,-9.463686080
0.08333130,-9.105781618,-9.470730808
0.08338623,-9.105827133,-9.461131750
0.08344116,-9.105870613,-9.468080771
0.08349609,-9.105914102,-9.458635858
0.08355103,-9.105955678,-9.465489643
0.08360596,-9.105997276,-9.456196262
0.08366089,-9.106037073,-9.462955476
0.08371582,-9.106076905,-9.453810918
0.08377075,-9.106115038,-9.460476383
0.08382568,-9.106153216,-9.451477906
0.08388062,-9.106189791,-9.458050569
0.08393555,-9.106226420,-9.449195445
0.08399048,-9.106261532,-9.455676349
0.08404541,-9.106296707,-9.446961895
0.08410034,-9.106330446,-9.453352146
0.08415527,-9.106364253,-9.444775745
0.08421021,-9.106396701,-9.451076467
0.08426514,-9.106429222,-9.442635574
0.08432007,-9.106460453,-9.448847875
0.08437500,-9.106491761,-9.440540024
0.08442993,-9.106521846,-9.446664970
0.08448486,-9.106552010,-9.438487769
0.08453979,-9.106581012,-9.444526378
0.08459473,-9.106610096,-9.436477507
0.08464966,-9.106638074,-9.442430753
0.08470459,-9.106666137,-9.434507952
0.08475952,-9.106693148,-9.440376781
0.08481445,-9.106720244,-9.432577846
0.08486938,-9.106746337,-9.438363188
0.08492432,-9.106772517,-9.430685965
0.08497925,-9.106797741,-9.436388755
0.08503418,-9.106823053,-9.428831131
0.08508911,-9.106847452,-9.434452318
0.08514404,-9.106871938,-9.427012216
0.08519897,-9.106895554,-9.432552778
0.08525391,-9.106919257,-9.425228143
0.08530884,-9.106942127,-9.430689089
0.08536377,-9.106965085,-9.423477879
0.08541870,-9.106987246,-9.428860256
0.08547363,-9.107009494,-9.421760428
0.08552856,-9.107030981,-9.427065319
0.08558350,-9.107052553,-9.420074823
0.08563843,-9.107073396,-9.425303348
0.08569336,-9.107094324,-9.418420129
0.08574829,-9.107114553,-9.423573436
0.08580322,-9.107134866,-9.416795434
0.08585815,-9.107154509,-9.421874701
0.08591309,-9.107174234,-9.415199856
0.08596802,-9.107193318,-9.420206283
0.08602295,-9.107212482,-9.413632545
0.08607788,-9.107231030,-9.418567346
0.08613281,-9.107249658,-9.412092683
0.08618774,-9.107267694,-9.416957085
0.08624268,-9.107285809,-9.410579489
0.08629761,-9.107303355,-9.415374725
0.08635254,-9.107320977,-9.409092222
0.08640747,-9.107338053,-9.413819528
0.08646240,-9.107355205,-9.407630179
0.08651733,-9.107371831,-9.412290784
0.08657227,-9.107388531,-9.406192697
0.08662720,-9.107404725,-9.410787818
0.08668213,-9.107420991,-9.404779143
0.08673706,-9.107436771,-9.409309979
0.08679199,-9.107452621,-9.403388917
0.08684692,-9.107468003,-9.407856641
0.08690186,-9.107483454,-9.402021440
0.08695679,-9.107498453,-9.406427196
0.08701172,-9.107513520,-9.400676154
0.08706665,-9.107528151,-9.405021052
0.08712158,-9.107542848,-9.399352515
0.08717651,-9.107557126,-9.403637634
0.08723145,-9.107571468,-9.398049993
0.08728638,-9.107585405,-9.402276378
0.08734131,-9.107599406,-9.396768075
0.08739624,-9.107613015,-9.400936739
0.08745117,-9.107626686,-9.395506256
0.08750610,-9.107639979,-9.399618185
0.08756104,-9.107653333,-9.394264048
0.08761597,-9.107666321,-9.398320202
0.08767090,-9.107679370,-9.393040979
0.08772583,-9.107692065,-9.397042294
0.08778076,-9.107704818,-9.391836592
0.08783569,-9.107717229,-9.395783984
0.08789062,-9.107729698,-9.390650447
0.08794556,-9.107741836,-9.394544813
0.08800049,-9.107754030,-9.389482122
0.08805542,-9.107765904,-9.393324343
0.08811035,-9.107777832,-9.388331212
0.08816528,-9.107789451,-9.392122149
0.08822021,-9.107801123,-9.387197327
0.08827515,-9.107812496,-9.390937824
0.08833008,-9.107823920,-9.386080090
0.08838501,-9.107835054,-9.389770973
0.08843994,-9.107846239,-9.384979136
0.08849487,-9.107857142,-9.388621214
0.08854980,-9.107868095,-9.383894112
0.08860474,-9.107878775,-9.387488172
0.08865967,-9.107889504,-9.382824671
0.08871460,-9.107899968,-9.386371483
0.08876953,-9.107910480,-9.381770473
0.08882446,-9.107920735,-9.385270791
0.08887939,-9.107931036,-9.380731189
0.08893433,-9.107941089,-9.384185747
0.08898926,-9.107951186,-9.379706494
0.08904419,-9.107961043,-9.383116011
0.08909912,-9.107970943,-9.378696070
0.08915405,-9.107980609,-9.382061252
0.08920898,-9.107990318,-9.377699610
0.08926392,-9.107999799,-9.381021148
0.08931885,-9.108009322,-9.376716811
0.08937378,-9.108018625,-9.379995384
0.08942871,-9.108027968,-9.375747382
0.08948364,-9.108037097,-9.378983659
0.08953857,-9.108046265,-9.374791041
0.08959351,-9.108055225,-9.377985676
0.08964844,-9.108064224,-9.373847511
0.08970337,-9.108073020,-9.377001151
0.08975830,-9.108081854,-9.372916528
0.08981323,-9.108090492,-9.376029806
0.08986816,-9.108099166,-9.371997833
0.08992310,-9.108107649,-9.375071373
0.08997803,-9.108116167,-9.371091174
0.09003296,-9.108124500,-9.374125589
0.09008789,-9.108132868,-9.370196308
0.09014282,-9.108141054,-9.373192197
0.09019775,-9.108149275,-9.369312996
0.09025269,-9.108157320,-9.372270948
0.09030762,-9.108165398,-9.368441004
0.09036255,-9.108173305,-9.371361598
0.09041748,-9.108181244,-9.367580105
0.09047241,-9.108189016,-9.370463907
0.09052734,-9.108196820,-9.366730075
0.09058228,-9.108204461,-9.369577642
0.09063721,-9.108212134,-9.365890698
0.09069214,-9.108219648,-9.368702575
0.09074707,-9.108227192,-9.365061760
0.09080200,-9.108234582,-9.367838484
0.09085693,-9.108242002,-9.364243055
0.09091187,-9.108249272,-9.366985153
0.09096680,-9.108256570,-9.363434381
0.09102173,-9.108263722,-9.366142371
0.09107666,-9.108270902,-9.362635542
0.09113159,-9.108277939,-9.365309935
0.09118652,-9.108285003,-9.361846348
0.09124146,-9.108291929,-9.364487647
0.09129639,-9.108298881,-9.361066616
0.09135132,-9.108305698,-9.363675315
0.09140625,-9.108312540,-9.360296168
0.09146118,-9.108319251,-9.362872754
0.09151611,-9.108325987,-9.359534830
0.09157104,-9.108332593,-9.362079781
0.09162598,-9.108339225,-9.358782435
0.09168091,-9.108345731,-9.361296222
0.09173584,-9.108352261,-9.358038820
0.09179077,-9.108358668,-9.360521907
0.09184570,-9.108365098,-9.357303826
0.09190063,-9.108371409,-9.359756667
0.09195557,-9.108377743,-9.356577300
0.09201050,-9.108383960,-9.359000340
0.09206543,-9.108390199,-9.355859089
0.09212036,-9.108396324,-9.358252767
0.09217529,-9.108402471,-9.355149047
0.09223022,-9.108408506,-9.357513792
0.09228516,-9.108414563,-9.354447029
0.09234009,-9.108420511,-9.356783263
0.09239502,-9.108426480,-9.353752893
0.09244995,-9.108432342,-9.356061030
0.09250488,-9.108438225,-9.353066502
0.09255981,-9.108444004,-9.355346948
0.09261475,-9.108449802,-9.352387719
0.09266968,-9.108455499,-9.354640874
0.09272461,-9.108461216,-9.351716413
0.09277954,-9.108466833,-9.353942667
0.09283447,-9.108472469,-9.351052455
0.09288940,-9.108478008,-9.353252194
0.09294434,-9.108483566,-9.350395717
0.09299927,-9.108489029,-9.352569320
0.09305420,-9.108494509,-9.349746079
0.09310913,-9.108499897,-9.351893917
0.09316406,-9.108505303,-9.349103418
0.09321899,-9.108510618,-9.351225859
0.09327393,-9.108515950,-9.348467620
0.09332886,-9.108521193,-9.350565024
0.09338379,-9.108526454,-9.347838569
0.09343872,-9.108531627,-9.349911292
0.09349365,-9.108536817,-9.347216155
0.09354858,-9.108541922,-9.349264546
0.09360352,-9.108547043,-9.346600269
0.09365845,-9.108552081,-9.348624673
0.09371338,-9.108557134,-9.345990804
0.09376831,-9.108562106,-9.347991561
0.09382324,-9.108567094,-9.345387657
0.09387817,-9.108572002,-9.347365102
0.09393311,-9.108576924,-9.344790724
0.09398804,-9.108581769,-9.346745188
0.09404297,-9.108586629,-9.344199907
0.09409790,-9.108591412,-9.346131715
0.09415283,-9.108596209,-9.343615108
0.09420776,-9.108600932,-9.345524580
0.09426270,-9.108605669,-9.343036229
0.09431763,-9.108610332,-9.344923682
0.09437256,-9.108615010,-9.342463178
0.09442749,-9.108619615,-9.344328923
0.09448242,-9.108624234,-9.341895861
0.09453735,-9.108628782,-9.343740205
0.09459229,-9.108633344,-9.341334188
0.09464722,-9.108637837,-9.343157434
0.09470215,-9.108642342,-9.340778071
0.09475708,-9.108646780,-9.342580517
0.09481201,-9.108651231,-9.340227422
0.09486694,-9.108655615,-9.342009363
0.09492188,-9.108660012,-9.339682159
0.09497681,-9.108664344,-9.341443883
0.09503174,-9.108668687,-9.339142197
0.09508667,-9.108672967,-9.340883990
0.09514160,-9.108677259,-9.338607456
0.09519653,-9.108681489,-9.340329599
0.09525146,-9.108685730,-9.338077859
0.09530640,-9.108689910,-9.339780627
0.09536133,-9.108694101,-9.337553327
0.09541626,-9.108698232,-9.339236993
0.09547119,-9.108702374,-9.337033786
0.09552612,-9.108706457,-9.338698617
0.09558105,-9.108710551,-9.336519163
0.09563599,-9.108714588,-9.338165423
0.09569092,-9.108718634,-9.336009386
0.09574585,-9.108722625,-9.337637334
0.09580078,-9.108726625,-9.335504384
0.09585571,-9.108730570,-9.337114275
0.09591064,-9.108734525,-9.335004089
0.09596558,-9.108738426,-9.336596173
0.09602051,-9.108742336,-9.334508433
0.09607544,-9.108746193,-9.336082957
0.09613037,-9.108750060,-9.334017350
0.09618530,-9.108753874,-9.335574556
0.09624023,-9.108757697,-9.333530775
0.09629517,-9.108761469,-9.335070901
0.09635010,-9.108765250,-9.333048644
0.09640503,-9.108768981,-9.334571923
0.09645996,-9.108772721,-9.332570895
0.09651489,-9.108776411,-9.334077557
0.09656982,-9.108780109,-9.332097465
0.09662476,-9.108783760,-9.333587736
0.09667969,-9.108787418,-9.331628294
0.09673462,-9.108791029,-9.333102396
0.09678955,-9.108794648,-9.331163324
0.09684448,-9.108798221,-9.332621474
0.09689941,-9.108801801,-9.330702496
0.09695435,-9.108805336,-9.332144908
0.09700928,-9.108808878,-9.330245753
0.09706421,-9.108812375,-9.331672637
0.09711914,-9.108815880,-9.329793039
0.09717407,-9.108819341,-9.331204602
0.09722900,-9.108822809,-9.329344301
0.09728394,-9.108826234,-9.330740745
0.09733887,-9.108829666,-9.328899485
0.09739380,-9.108833055,-9.330281007
0.09744873,-9.108836451,-9.328458538
0.09750366,-9.108839806,-9.329825335
0.09755859,-9.108843167,-9.328021410
0.09761353,-9.108846487,-9.329373673
0.09766846,-9.108849814,-9.327588050
0.09772339,-9.108853100,-9.328925968
0.09777832,-9.108856393,-9.327158410
0.09783325,-9.108859647,-9.328482166
0.09788818,-9.108862907,-9.326732442
0.09794312,-9.108866127,-9.328042218
0.09799805,-9.108869354,-9.326310098
0.09805298,-9.108872543,-9.327606071
0.09810791,-9.108875738,-9.325891332
0.09816284,-9.108878895,-9.327173678
0.09821777,-9.108882058,-9.325476100
0.09827271,-9.108885184,-9.326744989
0.09832764,-9.108888315,-9.325064355
0.09838257,-9.108891411,-9.326319956
0.09843750,-9.108894512,-9.324656055
0.09849243,-9.108897577,-9.325898532
0.09854736,-9.108900648,-9.324251155
0.09860229,-9.108903684,-9.325480671
0.09865723,-9.108906725,-9.323849614
0.09871216,-9.108909731,-9.325066328
0.09876709,-9.108912743,-9.323451389
0.09882202,-9.108915721,-9.324655457
0.09887695,-9.108918704,-9.323056440
0.09893188,-9.108921653,-9.324248015
0.09898682,-9.108924608,-9.322664725
0.09904175,-9.108927529,-9.323843958
0.09909668,-9.108930456,-9.322276204
0.09915161,-9.108933350,-9.323443243
0.09920654,-9.108936249,-9.321890840
0.09926147,-9.108939116,-9.323045828
0.09931641,-9.108941988,-9.321508591
0.09937134,-9.108944828,-9.322651672
0.09942627,-9.108947673,-9.321129422
0.09948120,-9.108950488,-9.322260735
0.09953613,-9.108953306,-9.320753294
0.09959106,-9.108956095,-9.321872977
0.09964600,-9.108958888,-9.320380171
0.09970093,-9.108961651,-9.321488358
0.09975586,-9.108964418,-9.320010017
0.09981079,-9.108967156,-9.321106840
0.09986572,-9.108969898,-9.319642797
0.09992065,-9.108972611,-9.320728386
0.09997559,-9.108975329,-9.319278476
0.10003052,-9.108978018,-9.320352957
0.10008545,-9.108980710,-9.318917019
0.10014038,-9.108983375,-9.319980518
0.10019531,-9.108986044,-9.318558393
0.10025024,-9.108988685,-9.319611032
0.10030518,-9.108991330,-9.318202566
0.10036011,-9.108993948,-9.319244465
0.10041504,-9.108996570,-9.317849505
0.10046997,-9.108999165,-9.318880781
0.10052490,-9.109001763,-9.317499178
0.10057983,-9.109004335,-9.318519947
0.10063477,-9.109006911,-9.317151553
0.10068970,-9.109009461,-9.318161927
0.10074463,-9.109012014,-9.316806599
0.10079956,-9.109014542,-9.317806690
0.10085449,-9.109017073,-9.316464286
0.10090942,-9.109019579,-9.317454202
0.10096436,-9.109022089,-9.316124584
0.10101929,-9.109024573,-9.317104431
0.10107422,-9.109027061,-9.315787462
0.10112915,-9.109029525,-9.316757346
0.10118408,-9.109031991,-9.315452892
0.10123901,-9.109034434,-9.316412913
0.10129395,-9.109036880,-9.315120845
0.10134888,-9.109039302,-9.316071104
0.10140381,-9.109041727,-9.314791292
0.10145874,-9.109044129,-9.315731887
0.10151367,-9.109046534,-9.314464205
0.10156860,-9.109048916,-9.315395232
0.10162354,-9.109051300,-9.314139556
0.10167847,-9.109053662,-9.315061110
0.10173340,-9.109056027,-9.313817318
0.10178833,-9.109058370,-9.314729492
0.10184326,-9.109060715,-9.313497464
0.10189819,-9.109063039,-9.314400349
0.10195313,-9.109065365,-9.313179967
0.10200806,-9.109067669,-9.314073653
0.10206299,-9.109069976,-9.312864802
0.10211792,-9.109072262,-9.313749376
0.10217285,-9.109074550,-9.312551943
0.10222778,-9.109076817,-9.313427492
0.10228271,-9.109079087,-9.312241365
0.10233765,-9.109081336,-9.313107973
0.10239258,-9.109083587,-9.311933043
0.10244751,-9.109085818,-9.312790793
0.10250244,-9.109088052,-9.311626952
0.10255737,-9.109090265,-9.312475927
0.10261230,-9.109092480,-9.311323068
0.10266724,-9.109094676,-9.312163350
0.10272217,-9.109096874,-9.311021369
0.10277710,-9.109099053,-9.311853035
0.10283203,-9.109101233,-9.310721829
0.10288696,-9.109103394,-9.311544959
0.10294189,-9.109105558,-9.310424427
0.10299683,-9.109107702,-9.311239098
0.10305176,-9.109109849,-9.310129139
0.10310669,-9.109111977,-9.310935427
0.10316162,-9.109114106,-9.309835944
0.10321655,-9.109116218,-9.310633924
0.10327148,-9.109118331,-9.309544819
0.10332642,-9.109120426,-9.310334565
0.10338135,-9.109122523,-9.309255742
0.10343628,-9.109124602,-9.310037328
0.10349121,-9.109126683,-9.308968693
0.10354614,-9.109128746,-9.309742189
0.10360107,-9.109130811,-9.308683649
0.10365601,-9.109132858,-9.309449128
0.10371094,-9.109134908,-9.308400590
0.10376587,-9.109136940,-9.309158121
0.10382080,-9.109138973,-9.308119495
0.10387573,-9.109140990,-9.308869148
0.10393066,-9.109143009,-9.307840344
0.10398560,-9.109145011,-9.308582188
0.10404053,-9.109147014,-9.307563116
0.10409546,-9.109149001,-9.308297218
0.10415039,-9.109150989,-9.307287792
0.10420532,-9.109152961,-9.308014219
0.10426025,-9.109154934,-9.307014352
0.10431519,-9.109156892,-9.307733170
0.10437012,-9.109158851,-9.306742777
0.10442505,-9.109160794,-9.307454052
0.10447998,-9.109162739,-9.306473048
0.10453491,-9.109164668,-9.307176843
0.10458984,-9.109166598,-9.306205145
0.10464478,-9.109168513,-9.306901526
0.10469971,-9.109170429,-9.305939052
0.10475464,-9.109172330,-9.306628080
0.10480957,-9.109174232,-9.305674748
0.10486450,-9.109176120,-9.306356487
0.10491943,-9.109178008,-9.305412217
0.10497437,-9.109179882,-9.306086728
0.10502930,-9.109181757,-9.305151440
0.10508423,-9.109183618,-9.305818784
0.10513916,-9.109185479,-9.304892401
0.10519409,-9.109187326,-9.305552638
0.10524902,-9.109189174,-9.304635082
0.10530396,-9.109191009,-9.305288272
0.10535889,-9.109192844,-9.304379466
0.10541382,-9.109194665,-9.305025668
0.10546875,-9.109196487,-9.304125537
0.10552368,-9.109198295,-9.304764809
0.10557861,-9.109200105,-9.303873278
0.10563354,-9.109201901,-9.304505678
0.10568848,-9.109203697,-9.303622674
0.10574341,-9.109205480,-9.304248258
0.10579834,-9.109207264,-9.303373708
0.10585327,-9.109209035,-9.303992533
0.10590820,-9.109210807,-9.303126364
0.10596313,-9.109212566,-9.303738485
0.10601807,-9.109214325,-9.302880628
0.10607300,-9.109216072,-9.303486100
0.10612793,-9.109217819,-9.302636483
0.10618286,-9.109219554,-9.303235360
0.10623779,-9.109221289,-9.302393915
0.10629272,-9.109223012,-9.302986251
0.10634766,-9.109224735,-9.302152909
0.10640259,-9.109226446,-9.302738756
0.10645752,-9.109228158,-9.301913450
0.10651245,-9.109229858,-9.302492860
0.10656738,-9.109231558,-9.301675524
0.10662231,-9.109233246,-9.302248548
0.10667725,-9.109234935,-9.301439116
0.10673218,-9.109236611,-9.302005805
0.10678711,-9.109238289,-9.301204212
0.10684204,-9.109239954,-9.301764616
0.10689697,-9.109241620,-9.300970797
0.10695190,-9.109243275,-9.301524966
0.10700684,-9.109244930,-9.300738859
0.10706177,-9.109246574,-9.301286841
0.10711670,-9.109248218,-9.300508384
0.10717163,-9.109249851,-9.301050227
0.10722656,-9.109251484,-9.300279357
0.10728149,-9.109253106,-9.300815109
0.10733643,-9.109254728,-9.300051765
0.10739136,-9.109256340,-9.300581474
0.10744629,-9.109257952,-9.299825596
0.10750122,-9.109259553,-9.300349307
0.10755615,-9.109261154,-9.299600836
0.10761108,-9.109262745,-9.300118595
0.10766602,-9.109264336,-9.299377472
0.10772095,-9.109265916,-9.299889325
0.10777588,-9.109267497,-9.299155493
0.10783081,-9.109269067,-9.299661484
0.10788574,-9.109270637,-9.298934884
0.10794067,-9.109272197,-9.299435058
0.10799561,-9.109273758,-9.298715634
0.10805054,-9.109275308,-9.299210034
0.10810547,-9.109276858,-9.298497731
0.10816040,-9.109278399,-9.298986400
0.10821533,-9.109279939,-9.298281163
0.10827026,-9.109281470,-9.298764144
0.10832520,-9.109283000,-9.298065917
0.10838013,-9.109284522,-9.298543252
0.10843506,-9.109286042,-9.297851983
0.10848999,-9.109287554,-9.298323713
0.10854492,-9.109289065,-9.297639348
0.10859985,-9.109290567,-9.298105515
0.10865479,-9.109292069,-9.297428001
0.10870972,-9.109293562,-9.297888646
0.10876465,-9.109295055,-9.297217931
0.10881958,-9.109296538,-9.297673094
0.10887451,-9.109298021,-9.297009127
0.10892944,-9.109299496,-9.297458847
0.10898438,-9.109300970,-9.296801577
0.10903931,-9.109302435,-9.297245894
0.10909424,-9.109303900,-9.296595272
0.10914917,-9.109305356,-9.297034223
0.10920410,-9.109306812,-9.296390199
0.10925903,-9.109308259,-9.296823824
0.10931396,-9.109309707,-9.296186348
0.10936890,-9.109311145,-9.296614685
0.10942383,-9.109312583,-9.295983710
0.10947876,-9.109314013,-9.296406796
0.10953369,-9.109315443,-9.295782273
0.10958862,-9.109316864,-9.296200145
0.10964355,-9.109318285,-9.295582026
0.10969849,-9.109319697,-9.295994722
0.10975342,-9.109321110,-9.295382961
0.10980835,-9.109322514,-9.295790515
0.10986328,-9.109323917,-9.295185066
0.10991821,-9.109325313,-9.295587515
0.10997314,-9.109326709,-9.294988333
0.11002808,-9.109328096,-9.295385712
0.11008301,-9.109329483,-9.294792749
0.11013794,-9.109330862,-9.295185094
0.11019287,-9.109332241,-9.294598307
0.11024780,-9.109333612,-9.294985652
0.11030273,-9.109334983,-9.294404997
0.11035767,-9.109336346,-9.294787376
0.11041260,-9.109337709,-9.294212808
0.11046753,-9.109339064,-9.294590256
0.11052246,-9.109340418,-9.294021731
0.11057739,-9.109341765,-9.294394281
0.11063232,-9.109343112,-9.293831758
0.11068726,-9.109344451,-9.294199443
0.11074219,-9.109345790,-9.293642878
0.11079712,-9.109347122,-9.294005732
0.11085205,-9.109348453,-9.293455083
0.11090698,-9.109349777,-9.293813138
0.11096191,-9.109351100,-9.293268363
0.11101685,-9.109352416,-9.293621651
0.11107178,-9.109353732,-9.293082710
0.11112671,-9.109355041,-9.293431264
0.11118164,-9.109356349,-9.292898115
0.11123657,-9.109357650,-9.293241966
0.11129150,-9.109358950,-9.292714569
0.11134644,-9.109360244,-9.293053749
0.11140137,-9.109361537,-9.292532063
0.11145630,-9.109362824,-9.292866604
0.11151123,-9.109364110,-9.292350590
0.11156616,-9.109365389,-9.292680521
0.11162109,-9.109366668,-9.292170140
0.11167603,-9.109367940,-9.292495494
0.11173096,-9.109369211,-9.291990706
0.11178589,-9.109370476,-9.292311512
0.11184082,-9.109371740,-9.291812279
0.11189575,-9.109372998,-9.292128567
0.11195068,-9.109374255,-9.291634851
0.11200562,-9.109375506,-9.291946652
0.11206055,-9.109376756,-9.291458414
0.11211548,-9.109378000,-9.291765757
0.11217041,-9.109379243,-9.291282960
0.11222534,-9.109380480,-9.291585875
0.11228027,-9.109381716,-9.291108481
0.11233521,-9.109382946,-9.291406998
0.11239014,-9.109384175,-9.290934970
0.11244507,-9.109385399,-9.291229118
0.11250000,-9.109386621,-9.290762419
0.11255493,-9.109387838,-9.291052226
0.11260986,-9.109389054,-9.290590820
0.11266479,-9.109390264,-9.290876315
0.11271973,-9.109391473,-9.290420166
0.11277466,-9.109392677,-9.290701377
0.11282959,-9.109393879,-9.290250449
0.11288452,-9.109395076,-9.290527406
0.11293945,-9.109396273,-9.290081662
0.11299438,-9.109397463,-9.290354392
0.11304932,-9.109398653,-9.289913798
0.11310425,-9.109399837,-9.290182328
0.11315918,-9.109401020,-9.289746848
0.11321411,-9.109402198,-9.290011208
0.11326904,-9.109403375,-9.289580807
0.11332397,-9.109404546,-9.289841023
0.11337891,-9.109405717,-9.289415667
0.11343384,-9.109406882,-9.289671766
0.11348877,-9.109408046,-9.289251421
0.11354370,-9.109409205,-9.289503431
0.11359863,-9.109410363,-9.289088062
0.11365356,-9.109411516,-9.289336010
0.11370850,-9.109412668,-9.288925583
0.11376343,-9.109413815,-9.289169496
0.11381836,-9.109414961,-9.288763978
0.11387329,-9.109416101,-9.289003882
0.11392822,-9.109417241,-9.288603239
0.11398315,-9.109418376,-9.288839160
0.11403809,-9.109419510,-9.288443360
0.11409302,-9.109420639,-9.288675326
0.11414795,-9.109421767,-9.288284334
0.11420288,-9.109422890,-9.288512370
0.11425781,-9.109424012,-9.288126155
0.11431274,-9.109425129,-9.288350287
0.11436768,-9.109426245,-9.287968816
0.11442261,-9.109427356,-9.288189071
0.11447754,-9.109428467,-9.287812311
0.11453247,-9.109429573,-9.288028714
0.11458740,-9.109430677,-9.287656634
0.11464233,-9.109431777,-9.287869210
0.11469727,-9.109432876,-9.287501779
0.11475220,-9.109433970,-9.287710553
0.11480713,-9.109435064,-9.287347738
0.11486206,-9.109436153,-9.287552736
0.11491699,-9.109437240,-9.287194507
0.11497192,-9.109438324,-9.287395753
0.11502686,-9.109439406,-9.287042079
0.11508179,-9.109440483,-9.287239599
0.11513672,-9.109441560,-9.286890448
0.11519165,-9.109442632,-9.287084266
0.11524658,-9.109443704,-9.286739609
0.11530151,-9.109444770,-9.286929749
0.11535645,-9.109445836,-9.286589555
0.11541138,-9.109446898,-9.286776042
0.11546631,-9.109447958,-9.286440282
0.11552124,-9.109449014,-9.286623139
0.11557617,-9.109450070,-9.286291782
0.11563110,-9.109451121,-9.286471034
0.11568604,-9.109452170,-9.286144051
0.11574097,-9.109453216,-9.286319722
0.11579590,-9.109454261,-9.285997083
0.11585083,-9.109455301,-9.286169196
0.11590576,-9.109456341,-9.285850872
0.11596069,-9.109457376,-9.286019451
0.11601562,-9.109458410,-9.285705413
0.11607056,-9.109459441,-9.285870482
0.11612549,-9.109460470,-9.285560701
0.11618042,-9.109461495,-9.285722282
0.11623535,-9.109462519,-9.285416731
0.11629028,-9.109463539,-9.285574847
0.11634521,-9.109464558,-9.285273496
0.11640015,-9.109465573,-9.285428171
0.11645508,-9.109466588,-9.285130992
0.11651001,-9.109467598,-9.285282248
0.11656494,-9.109468607,-9.284989214
0.11661987,-9.109469612,-9.285137073
0.11667480,-9.109470616,-9.284848156
0.11672974,-9.109471617,-9.284992641
0.11678467,-9.109472616,-9.284707814
0.11683960,-9.109473612,-9.284848946
0.11689453,-9.109474607,-9.284568182
0.11694946,-9.109475597,-9.284705983
0.11700439,-9.109476587,-9.284429255
0.11705933,-9.109477573,-9.284563748
0.11711426,-9.109478558,-9.284291028
0.11716919,-9.109479540,-9.284422234
0.11722412,-9.109480520,-9.284153496
0.11727905,-9.109481497,-9.284281438
0.11733398,-9.109482472,-9.284016655
0.11738892,-9.109483444,-9.284141352
0.11744385,-9.109484415,-9.283880499
0.11749878,-9.109485383,-9.284001974
0.11755371,-9.109486349,-9.283745024
0.11760864,-9.109487312,-9.283863298
0.11766357,-9.109488274,-9.283610225
0.11771851,-9.109489232,-9.283725318
0.11777344,-9.109490189,-9.283476098
0.11782837,-9.109491143,-9.283588030
0.11788330,-9.109492096,-9.283342637
0.11793823,-9.109493045,-9.283451430
0.11799316,-9.109493994,-9.283209837
0.11804810,-9.109494939,-9.283315511
0.11810303,-9.109495882,-9.283077695
0.11815796,-9.109496823,-9.283180270
0.11821289,-9.109497762,-9.282946206
0.11826782,-9.109498699,-9.283045703
0.11832275,-9.109499634,-9.282815366
0.11837769,-9.109500566,-9.282911803
0.11843262,-9.109501496,-9.282685169
0.11848755,-9.109502424,-9.282778567
0.11854248,-9.109503350,-9.282555611
0.11859741,-9.109504274,-9.282645990
0.11865234,-9.109505196,-9.282426689
0.11870728,-9.109506115,-9.282514068
0.11876221,-9.109507033,-9.282298398
0.11881714,-9.109507948,-9.282382796
0.11887207,-9.109508861,-9.282170733
0.11892700,-9.109509772,-9.282252169
0.11898193,-9.109510682,-9.282043691
0.11903687,-9.109511588,-9.282122184
0.11909180,-9.109512494,-9.281917267
0.11914673,-9.109513396,-9.281992836
0.11920166,-9.109514297,-9.281791457
0.11925659,-9.109515196,-9.281864121
0.11931152,-9.109516093,-9.281666257
0.11936646,-9.109516987,-9.281736035
0.11942139,-9.109517880,-9.281541663
0.11947632,-9.109518771,-9.281608573
0.11953125,-9.109519660,-9.281417672
0.11958618,-9.109520546,-9.281481731
0.11964111,-9.109521431,-9.281294278
0.11969604,-9.109522314,-9.281355505
0.11975098,-9.109523195,-9.281171479
0.11980591,-9.109524073,-9.281229892
0.11986084,-9.109524951,-9.281049271
0.11991577,-9.109525825,-9.281104886
0.11997070,-9.109526698,-9.280927649
0.12002563,-9.109527569,-9.280980485
0.12008057,-9.109528439,-9.280806610
0.12013550,-9.109529306,-9.280856685
0.12019043,-9.109530171,-9.280686150
0.12024536,-9.109531034,-9.280733480
0.12030029,-9.109531896,-9.280566266
0.12035522,-9.109532755,-9.280610868
0.12041016,-9.109533613,-9.280446953
0.12046509,-9.109534469,-9.280488845
0.12052002,-9.109535323,-9.280328209
0.12057495,-9.109536175,-9.280367407
0.12062988,-9.109537025,-9.280210029
0.12068481,-9.109537873,-9.280246550
0.12073975,-9.109538720,-9.280092410
0.12079468,-9.109539564,-9.280126270
0.12084961,-9.109540407,-9.279975349
0.12090454,-9.109541248,-9.280006563
0.12095947,-9.109542087,-9.279858841
0.12101440,-9.109542924,-9.279887427
0.12106934,-9.109543760,-9.279742884
0.12112427,-9.109544594,-9.279768857
0.12117920,-9.109545426,-9.279627473
0.12123413,-9.109546256,-9.279650850
0.12128906,-9.109547084,-9.279512606
0.12134399,-9.109547911,-9.279533401
0.12139893,-9.109548736,-9.279398279
0.12145386,-9.109549558,-9.279416508
0.12150879,-9.109550380,-9.279284489
0.12156372,-9.109551199,-9.279300167
0.12161865,-9.109552017,-9.279171232
0.12167358,-9.109552833,-9.279184374
0.12172852,-9.109553647,-9.279058504
0.12178345,-9.109554460,-9.279069126
0.12183838,-9.109555271,-9.278946303
0.12189331,-9.109556080,-9.278954419
0.12194824,-9.109556887,-9.278834625
0.12200317,-9.109557693,-9.278840250
0.12205811,-9.109558497,-9.278723467
0.12211304,-9.109559299,-9.278726615
0.12216797,-9.109560100,-9.278612825
0.12222290,-9.109560899,-9.278613511
0.12227783,-9.109561696,-9.278502696
0.12233276,-9.109562492,-9.278500934
0.12238770,-9.109563286,-9.278393078
0.12244263,-9.109564078,-9.278388882
0.12249756,-9.109564868,-9.278283966
0.12255249,-9.109565657,-9.278277350
0.12260742,-9.109566445,-9.278175358
0.12266235,-9.109567230,-9.278166336
0.12271729,-9.109568015,-9.278067250
0.12277222,-9.109568797,-9.278055835
0.12282715,-9.109569578,-9.277959639
0.12288208,-9.109570357,-9.277945846
0.12293701,-9.109571135,-9.277852523
0.12299194,-9.109571910,-9.277836364
0.12304688,-9.109572685,-9.277745897
0.12310181,-9.109573458,-9.277727386
0.12315674,-9.109574229,-9.277639760
0.12321167,-9.109574998,-9.277618910
0.12326660,-9.109575767,-9.277534107
0.12332153,-9.109576533,-9.277510931
0.12337646,-9.109577298,-9.277428936
0.12343140,-9.109578061,-9.277403448
0.12348633,-9.109578823,-9.277324244
0.12354126,-9.109579583,-9.277296456
0.12359619,-9.109580342,-9.277220028
0.12365112,-9.109581099,-9.277189952
0.12370605,-9.109581855,-9.277116285
0.12376099,-9.109582609,-9.277083935
0.12381592,-9.109583362,-9.277013012
0.12387085,-9.109584113,-9.276978400
0.12392578,-9.109584862,-9.276910206
0.12398071,-9.109585610,-9.276873344
0.12403564,-9.109586357,-9.276807865
0.12409058,-9.109587102,-9.276768766
0.12414551,-9.109587845,-9.276705985
0.12420044,-9.109588587,-9.276664661
0.12425537,-9.109589328,-9.276604564
0.12431030,-9.109590067,-9.276561027
0.12436523,-9.109590804,-9.276503599
0.12442017,-9.109591541,-9.276457861
0.12447510,-9.109592275,-9.276403088
0.12453003,-9.109593008,-9.276355160
0.12458496,-9.109593740,-9.276303027
0.12463989,-9.109594470,-9.276252922
0.12469482,-9.109595199,-9.276203414
0.12474976,-9.109595927,-9.276151144
0.12480469,-9.109596653,-9.276104247
0.12485962,-9.109597377,-9.276049823
0.12491455,-9.109598100,-9.276005522
0.12496948,-9.109598822,-9.275948956
0.12502441,-9.109599542,-9.275907238
0.12507935,-9.109600261,-9.275848541
0.12513428,-9.109600978,-9.275809391
0.12518921,-9.109601695,-9.275748575
0.12524414,-9.109602409,-9.275711980
0.12529907,-9.109603122,-9.275649055
0.12535400,-9.109603834,-9.275615001
0.12540894,-9.109604545,-9.275549980
0.12546387,-9.109605254,-9.275518453
0.12551880,-9.109605961,-9.275451346
0.12557373,-9.109606668,-9.275422333
0.12562866,-9.109607373,-9.275353152
0.12568359,-9.109608076,-9.275326639
0.12573853,-9.109608779,-9.275255394
0.12579346,-9.109609479,-9.275231368
0.12584839,-9.109610179,-9.275158070
0.12590332,-9.109610877,-9.275136518
0.12595825,-9.109611574,-9.275061178
0.12601318,-9.109612269,-9.275042087
0.12606812,-9.109612964,-9.274964716
0.12612305,-9.109613656,-9.274948072
0.12617798,-9.109614348,-9.274868681
0.12623291,-9.109615038,-9.274854471
0.12628784,-9.109615727,-9.274773071
0.12634277,-9.109616414,-9.274761283
0.12639771,-9.109617101,-9.274677884
0.12645264,-9.109617785,-9.274668505
0.12650757,-9.109618469,-9.274583117
0.12656250,-9.109619151,-9.274576134
0.12661743,-9.109619832,-9.274488768
0.12667236,-9.109620512,-9.274484169
0.12672729,-9.109621191,-9.274394835
0.12678223,-9.109621868,-9.274392608
0.12683716,-9.109622544,-9.274301317
0.12689209,-9.109623218,-9.274301449
0.12694702,-9.109623892,-9.274208210
0.12700195,-9.109624564,-9.274210689
0.12705688,-9.109625234,-9.274115513
0.12711182,-9.109625904,-9.274120327
0.12716675,-9.109626572,-9.274023224
0.12722168,-9.109627239,-9.274030360
0.12727661,-9.109627905,-9.273931340
0.12733154,-9.109628570,-9.273940787
0.12738647,-9.109629233,-9.273839860
0.12744141,-9.109629895,-9.273851605
0.12749634,-9.109630556,-9.273748781
0.12755127,-9.109631215,-9.273762814
0.12760620,-9.109631874,-9.273658103
0.12766113,-9.109632531,-9.273674410
0.12771606,-9.109633187,-9.273567821
0.12777100,-9.109633842,-9.273586392
0.12782593,-9.109634495,-9.273477936
0.12788086,-9.109635148,-9.273498758
0.12793579,-9.109635799,-9.273388444
0.12799072,-9.109636449,-9.273411507
0.12804565,-9.109637097,-9.273299344
0.12810059,-9.109637745,-9.273324636
0.12815552,-9.109638391,-9.273210634
0.12821045,-9.109639036,-9.273238143
0.12826538,-9.109639680,-9.273122312
0.12832031,-9.109640323,-9.273152028
0.12837524,-9.109640965,-9.273034377
0.12843018,-9.109641605,-9.273066287
0.12848511,-9.109642245,-9.272946826
0.12854004,-9.109642883,-9.272980920
0.12859497,-9.109643520,-9.272859657
0.12864990,-9.109644155,-9.272895924
0.12870483,-9.109644790,-9.272772869
0.12875977,-9.109645424,-9.272811298
0.12881470,-9.109646056,-9.272686460
0.12886963,-9.109646687,-9.272727041
0.12892456,-9.109647317,-9.272600428
0.12897949,-9.109647946,-9.272643149
0.12903442,-9.109648574,-9.272514772
0.12908936,-9.109649201,-9.272559622
0.12914429,-9.109649826,-9.272429489
0.12919922,-9.109650451,-9.272476457
0.12925415,-9.109651074,-9.272344578
0.12930908,-9.109651696,-9.272393654
0.12936401,-9.109652318,-9.272260036
0.12941895,-9.109652937,-9.272311210
0.12947388,-9.109653556,-9.272175864
0.12952881,-9.109654174,-9.272229124
0.12958374,-9.109654791,-9.272092057
0.12963867,-9.109655406,-9.272147394
0.12969360,-9.109656021,-9.272008615
0.12974854,-9.109656634,-9.272066019
0.12980347,-9.109657247,-9.271925537
0.12985840,-9.109657858,-9.271984995
0.12991333,-9.109658468,-9.271842819
0.12996826,-9.109659077,-9.271904323
0.13002319,-9.109659685,-9.271760461
0.13007813,-9.109660292,-9.271824000
0.13013306,-9.109660898,-9.271678461
0.13018799,-9.109661502,-9.271744025
0.13024292,-9.109662106,-9.271596816
0.13029785,-9.109662709,-9.271664396
0.13035278,-9.109663311,-9.271515526
0.13040771,-9.109663911,-9.271585111
0.13046265,-9.109664511,-9.271434589
0.13051758,-9.109665109,-9.271506168
0.13057251,-9.109665707,-9.271354002
0.13062744,-9.109666303,-9.271427566
0.13068237,-9.109666898,-9.271273764
0.13073730,-9.109667492,-9.271349303
0.13079224,-9.109668086,-9.271193873
0.13084717,-9.109668678,-9.271271378
0.13090210,-9.109669269,-9.271114328
0.13095703,-9.109669859,-9.271193788
0.13101196,-9.109670449,-9.271035127
0.13106689,-9.109671037,-9.271116533
0.13112183,-9.109671624,-9.270956267
0.13117676,-9.109672210,-9.271039609
0.13123169,-9.109672795,-9.270877748
0.13128662,-9.109673379,-9.270963016
0.13134155,-9.109673963,-9.270799567
0.13139648,-9.109674544,-9.270886752
0.13145142,-9.109675126,-9.270721722
0.13150635,-9.109675706,-9.270810814
0.13156128,-9.109676285,-9.270644212
0.13161621,-9.109676863,-9.270735202
0.13167114,-9.109677440,-9.270567035
0.13172607,-9.109678016,-9.270659913
0.13178101,-9.109678592,-9.270490188
0.13183594,-9.109679166,-9.270584946
0.13189087,-9.109679739,-9.270413671
0.13194580,-9.109680311,-9.270510298
0.13200073,-9.109680883,-9.270337481
0.13205566,-9.109681453,-9.270435968
0.13211060,-9.109682022,-9.270261616
0.13216553,-9.109682591,-9.270361953
0.13222046,-9.109683158,-9.270186074
0.13227539,-9.109683725,-9.270288253
0.13233032,-9.109684290,-9.270110853
0.13238525,-9.109684855,-9.270214865
0.13244019,-9.109685419,-9.270035952
0.13249512,-9.109685981,-9.270141787
0.13255005,-9.109686543,-9.269961368
0.13260498,-9.109687104,-9.270069017
0.13265991,-9.109687664,-9.269887099
0.13271484,-9.109688222,-9.269996552
0.13276978,-9.109688781,-9.269813143
0.13282471,-9.109689338,-9.269924392
0.13287964,-9.109689894,-9.269739497
0.13293457,-9.109690449,-9.269852533
0.13298950,-9.109691003,-9.269666160
0.13304443,-9.109691557,-9.269780974
0.13309937,-9.109692109,-9.269593129
0.13315430,-9.109692661,-9.269709711
0.13320923,-9.109693211,-9.269520403
0.13326416,-9.109693761,-9.269638744
0.13331909,-9.109694310,-9.269447977
0.13337402,-9.109694858,-9.269568069
0.13342896,-9.109695405,-9.269375850
0.13348389,-9.109695951,-9.269497683
0.13353882,-9.109696496,-9.269304020
0.13359375,-9.109697040,-9.269427585
0.13364868,-9.109697584,-9.269232483
0.13370361,-9.109698126,-9.269357771
0.13375854,-9.109698668,-9.269161236
0.13381348,-9.109699209,-9.269288237
0.13386841,-9.109699749,-9.269090276
0.13392334,-9.109700288,-9.269218980
0.13397827,-9.109700826,-9.269019597
0.13403320,-9.109701363,-9.269149994
0.13408813,-9.109701900,-9.268949194
0.13414307,-9.109702435,-9.269081271
0.13419800,-9.109702970,-9.268879056
0.13425293,-9.109703503,-9.269012796
0.13430786,-9.109704036,-9.268809165
0.13436279,-9.109704568,-9.268944544
0.13441772,-9.109705100,-9.268739486
0.13447266,-9.109705630,-9.268876468
0.13452759,-9.109706159,-9.268669953
0.13458252,-9.109706688,-9.268808482
0.13463745,-9.109707216,-9.268600443
0.13469238,-9.109707742,-9.268740421
0.13474731,-9.109708269,-9.268530721
0.13480225,-9.109708794,-9.268671988
0.13485718,-9.109709318,-9.268460362
0.13491211,-9.109709841,-9.268602648
0.13496704,-9.109710364,-9.268388606
0.13502197,-9.109710886,-9.268531459
0.13507690,-9.109711407,-9.268314165
0.13513184,-9.109711927,-9.268456810
0.13518677,-9.109712447,-9.268234920
0.13524170,-9.109712965,-9.268376025
0.13529663,-9.109713482,-9.268147502
0.13535156,-9.109713999,-9.268284917
0.13540649,-9.109714515,-9.268046634
0.13546143,-9.109715029,-9.268177043
0.13551636,-9.109715544,-9.267924247
0.13557129,-9.109716056,-9.268042795
0.13562622,-9.109716568,-9.267768598
0.13568115,-9.109717079,-9.267868593
0.13573608,-9.109717589,-9.267562934
0.13579102,-9.109718097,-9.267635297
0.13584595,-9.109718605,-9.267283823
0.13590088,-9.109719110,-9.267316579
0.13595581,-9.109719615,-9.266900087
0.13601074,-9.109720118,-9.266878162
0.13606567,-9.109720619,-9.266372868
0.13612061,-9.109721118,-9.266275487
0.13617554,-9.109721616,-9.265652521
0.13623047,-9.109722110,-9.265450918
0.13628540,-9.109722603,-9.264676525
0.13634033,-9.109723092,-9.264333810
0.13639526,-9.109723579,-9.263370542
0.13645020,-9.109724061,-9.262843739
0.13650513,-9.109724540,-9.261652328
0.13656006,-9.109725014,-9.260884829
0.13661499,-9.109725484,-9.259420560
0.13666992,-9.109725948,-9.258340392
0.13672485,-9.109726406,-9.256553386
0.13677979,-9.109726857,-9.255078424
0.13683472,-9.109727301,-9.252916421
0.13688965,-9.109727737,-9.250963662
0.13694458,-9.109728164,-9.248377304
0.13699951,-9.109728582,-9.245871005
0.13705444,-9.109728988,-9.242775885
0.13710938,-9.109729383,-9.239632090
0.13716431,-9.109729765,-9.235915099
0.13721924,-9.109730133,-9.232046525
0.13727417,-9.109730486,-9.227586811
0.13732910,-9.109730822,-9.222912836
0.13738403,-9.109731141,-9.217608907
0.13743896,-9.109731440,-9.212068743
0.13749390,-9.109731719,-9.205851043
0.13754883,-9.109731974,-9.199408152
0.13760376,-9.109732207,-9.192090675
0.13765869,-9.109732413,-9.184659859
0.13771362,-9.109732592,-9.176008842
0.13776855,-9.109732739,-9.167495780
0.13782349,-9.109732857,-9.157318201
0.13787842,-9.109732937,-9.147654004
0.13793335,-9.109732985,-9.135849774
0.13798828,-9.109732990,-9.125017244
0.13804321,-9.109732959,-9.111586122
0.13809814,-9.109732881,-9.099617148
0.13815308,-9.109732763,-9.084642170
0.13820801,-9.109732593,-9.071607752
0.13826294,-9.109732378,-9.054659932
0.13831787,-9.109732103,-9.040361292
0.13837280,-9.109731778,-9.021047475
0.13842773,-9.109731386,-9.005333605
0.13848267,-9.109730940,-8.983490162
0.13853760,-9.109730417,-8.966300335
0.13859253,-9.109729836,-8.942049378
0.13864746,-9.109729172,-8.923478518
0.13870239,-9.109728444,-8.897118896
0.13875732,-9.109727627,-8.877329948
0.13881226,-9.109726742,-8.849268309
0.13886719,-9.109725763,-8.828487691
0.13892212,-9.109724712,-8.799152742
0.13897705,-9.109723555,-8.777285811
0.13903198,-9.109722320,-8.745142251
0.13908691,-9.109720966,-8.721351486
0.13914185,-9.109719524,-8.685814421
0.13919678,-9.109717952,-8.659862971
0.13925171,-9.109716283,-8.621113112
0.13930664,-9.109714472,-8.593164111
0.13936157,-9.109712556,-8.552024684
0.13941650,-9.109710490,-8.522580039
0.13947144,-9.109708312,-8.479929243
0.13952637,-9.109705978,-8.449497033
0.13958130,-9.109703525,-8.406249545
0.13963623,-9.109700912,-8.375357051
0.13969116,-9.109698175,-8.332224928
0.13974609,-9.109695273,-8.301267265
0.13980103,-9.109692216,-8.258821137
0.13985596,-9.109688977,-8.220310179
0.13991089,-9.109685549,-8.174916904
0.13996582,-9.109681922,-8.128937184
0.14002075,-9.109678078,-8.081419434
0.14007568,-9.109674018,-8.029999973
0.14013062,-9.109669720,-7.981128251
0.14018555,-9.109665196,-7.927220660
0.14024048,-9.109660417,-7.878879098
0.14029541,-9.109655403,-7.824477659
0.14035034,-9.109650120,-7.777360826
0.14040527,-9.109644595,-7.724111052
0.14046021,-9.109638791,-7.679311789
0.14051514,-9.109632736,-7.628087615
0.14057007,-9.109626394,-7.585741304
0.14062500,-9.109619791,-7.537153357
0.14067993,-9.109612891,-7.497725380
0.14073486,-9.109605594,-7.451827854
0.14078979,-9.109597917,-7.385283667
0.14084473,-9.109589757,-7.327080360
0.14089966,-9.109581162,-7.249006573
0.14095459,-9.109572019,-7.187129365
0.14100952,-9.109562388,-7.105109601
0.14106445,-9.109552178,-7.042080566
0.14111938,-9.109541443,-6.965308225
0.14117432,-9.109530095,-6.906400633
0.14122925,-9.109518178,-6.835507045
0.14128418,-9.109505623,-6.780232141
0.14133911,-9.109492459,-6.718128063
0.14139404,-9.109478620,-6.668508449
0.14144897,-9.109464117,-6.613520357
0.14150391,-9.109448902,-6.568087478
0.14155884,-9.109432968,-6.521137228
0.14161377,-9.109416266,-6.480726918
0.14166870,-9.109398759,-6.439656410
0.14172363,-9.109379618,-6.400912368
0.14177856,-9.109359126,-6.248251902
0.14183350,-9.109336721,-6.155974002
0.14188843,-9.109312729,-6.003011351
0.14194336,-9.109286605,-5.917102849
0.14199829,-9.109258595,-5.781261123
0.14205322,-9.109228279,-5.701101346
0.14210815,-9.109195820,-5.594598109
0.14216309,-9.109160774,-5.532273869
0.14221802,-9.109123173,-5.447146375
0.14227295,-9.109082625,-5.392993984
0.14232788,-9.109039058,-5.328252891
0.14238281,-9.108992025,-5.286444665
0.14243774,-9.108941289,-5.236245565
0.14249268,-9.108886363,-5.199424088
0.14254761,-9.108818176,-5.159889372
0.14260254,-9.108738506,-4.572956459
0.14265747,-9.108644486,-4.263039949
0.14271240,-9.108536604,-3.935956896
0.14276733,-9.108409560,-3.794701255
0.14282227,-9.108261075,-3.566172362
0.14287720,-9.108085874,-3.440667498
0.14293213,-9.107878932,-3.330769456
0.14298706,-9.107628533,-3.292433069
0.14304199,-9.107321323,-3.205702625
0.14309692,-9.106700391,-3.150623372
0.14315186,-9.105572151,-0.035620608
0.14320679,-9.103427108,1.484516730
0.14326172,-9.097964925,1.669004772
0.14331665,-9.051909949,1.679165738
0.14337158,12.739655476,23.613970591
0.14342651,32.168226884,43.457446163
0.14348145,42.506486516,45.175689312
0.14353638,44.723388976,45.152091156
0.14359131,45.219781308,45.245975389
0.14364624,45.734946661,46.288136716
0.14370117,45.879203871,45.712741287
0.14375610,45.574870947,45.400650255
0.14381104,45.503647110,45.446235638
0.14386597,45.737732802,46.044737048
0.14392090,45.800295680,45.696362870
0.14397583,45.604781519,45.490260112
0.14403076,45.561228649,45.526116033
0.14408569,45.718426066,45.922148097
0.14414062,45.757931374,45.688582723
0.14419556,45.622279316,45.541397140
0.14425049,45.591692425,45.566080091
0.14430542,45.705165396,45.852006064
0.14436035,45.733806933,45.684928488
0.14441528,45.633154852,45.572033462
0.14447021,45.608944065,45.588108888
0.14452515,45.695335943,45.807451886
0.14458008,45.718373007,45.682871153
0.14463501,45.640074236,45.591459109
0.14468994,45.619380341,45.601333124
0.14474487,45.687933565,45.777223779
0.14479980,45.707969529,45.681852984
0.14485474,45.645038082,45.604915185
0.14490967,45.626576217,45.610383663
0.14496460,45.682820711,45.756258568
0.14501953,45.701240491,45.682045502
0.14507446,45.649459227,45.615427819
0.14512939,45.632547770,45.617688181
0.14518433,45.679897235,45.741804447
0.14523926,45.697372783,45.683418718
0.14529419,45.653908006,45.624382423
0.14534912,45.638028857,45.624119408
0.14540405,45.678576110,45.731718174
0.14545898,45.695317915,45.685352376
0.14551392,45.658083391,45.631921293
0.14556885,45.642758009,45.629471810
0.14562378,45.677794615,45.724001263
0.14567871,45.693782351,45.686844618
0.14573364,45.661215894,45.637579004
0.14578857,45.646067275,45.633154037
0.14584351,45.676490215,45.717057850
0.14589844,45.691700696,45.687093082
0.14595337,45.662725896,45.641044912
0.14600830,45.647588822,45.634922601
0.14606323,45.674186408,45.710135814
0.14611816,45.688745995,45.686022976
0.14617310,45.662743338,45.642692347
0.14622803,45.647701759,45.635292800
0.14628296,45.671272703,45.703476824
0.14633789,45.685470505,45.684388890
0.14639282,45.662161150,45.643591157
0.14644775,45.647460871,45.635406018
0.14650269,45.668768830,45.697972538
0.14655762,45.682938339,45.683360797
0.14661255,45.662184437,45.645018175
0.14666748,45.648059503,45.636451667
0.14672241,45.667697807,45.694479038
0.14677734,45.682048363,45.683835254
0.14683228,45.663650100,45.647778637
0.14688721,45.650159750,45.639005569
0.14694214,45.668437650,45.693172071
0.14699707,45.682942058,45.685880853
0.14705200,45.666526253,45.651754250
0.14710693,45.653494290,45.642685296
0.14716187,45.670431149,45.693306245
0.14721680,45.684838508,45.688641785
0.14727173,45.669886779,45.655948834
0.14732666,45.656976125,45.646328219
0.14738159,45.672420736,45.693508382
0.14743652,45.686390333,45.690757039
0.14749146,45.672381090,45.659014470
0.14754639,45.659261931,45.648600650
0.14760132,45.673081471,45.692441076
0.14765625,45.686367148,45.691069517
0.14771118,45.672947864,45.659978576
0.14776611,45.659468665,45.648713942
0.14782104,45.671712805,45.689477950
0.14787598,45.684300507,45.689246936
0.14793091,45.671393231,45.658786762
0.14798584,45.657662996,45.646867719
0.14804077,45.668620078,45.685028140
0.14809570,45.680745470,45.685983085
0.14815063,45.668524722,45.656371932
0.14820557,45.654861259,45.644182154
0.14826050,45.664978617,45.680331120
0.14831543,45.677014131,45.682666904
0.14837036,45.665764230,45.654207447
0.14842529,45.652533804,45.642148906
0.14848022,45.662245136,45.676822118
0.14853516,45.674514783,45.680687626
0.14859009,45.664438231,45.653574677
0.14864502,45.651869582,45.641884905
0.14869995,45.661420793,45.675395989
0.14875488,45.674038859,45.680736262
0.14880981,45.665113152,45.654924750
0.14886475,45.653181503,45.643574785
0.14891968,45.662545574,45.675947586
0.14897461,45.675361246,45.682460856
0.14902954,45.667314908,45.657659070
0.14908447,45.655753514,45.646382794
0.14913940,45.664676953,45.677416604
0.14919434,45.677351027,45.684643829
0.14924927,45.669767965,45.660432477
0.14930420,45.658199456,45.648871131
0.14935913,45.666356287,45.678306710
0.14941406,45.678530422,45.685806295
0.14946899,45.671029090,45.661823032
0.14952393,45.659151116,45.649713552
0.14957886,45.666329084,45.677419972
0.14963379,45.677804773,45.684941143
0.14968872,45.670204305,45.661040482
0.14974365,45.657939460,45.648356784
0.14979858,45.664168974,45.674450117
0.14985352,45.675009825,45.682020289
0.14990845,45.667402473,45.658331350
0.14996338,45.654940092,45.645310479
0.15001831,45.660503974,45.670147916
0.15007324,45.671011803,45.678030851
0.15012817,45.663706149,45.654884606
0.15018311,45.651415704,45.641925275
0.15023804,45.656735520,45.665978554
0.15029297,45.667312150,45.674523350
0.15034790,45.660674870,45.652285092
0.15040283,45.648933781,45.639768871
0.15045776,45.654389112,45.663440132
0.15051270,45.665351900,45.672894652
0.15056763,45.659625284,45.651783355
0.15062256,45.648644895,45.639905330
0.15067749,45.654412919,45.663374306
0.15073242,45.665851830,45.673750869
0.15078735,45.661032396,45.653729240
0.15084229,45.650762066,45.642415154
0.15089722,45.656749457,45.665585511
0.15095215,45.668487581,45.676635414
0.15100708,45.664315801,45.657414566
0.15106201,45.654462177,45.646354873
0.15111694,45.660352802,45.668916309
0.15117188,45.672020092,45.680216054
0.15122681,45.668077762,45.661364733
0.15128174,45.658223364,45.650143537
0.15133667,45.663614672,45.671717016
0.15139160,45.674797992,45.682824538
0.15144653,45.670668073,45.663933710
0.15150146,45.660437361,45.652197601
0.15155640,45.665008597,45.672504469
0.15161133,45.675417636,45.683123249
0.15166626,45.670843928,45.663962465
0.15172119,45.660053329,45.651565369
0.15177612,45.663702280,45.670557291
0.15183105,45.673289317,45.680647060
0.15188599,45.668276252,45.661254112
0.15194092,45.657011692,45.648323429
0.15199585,45.659907792,45.666223182
0.15205078,45.668894460,45.676013118
0.15210571,45.663706545,45.656679797
0.15216064,45.652295545,45.643574730
0.15221558,45.654825004,45.660807946
0.15227051,45.663621345,45.670702527
0.15232544,45.658678066,45.651857660
0.15238037,45.647563391,45.639032407
0.15243530,45.650184899,45.656074639
0.15249023,45.659230794,45.666488066
0.15254517,45.654938163,45.648524556
0.15260010,45.644504420,45.636352805
0.15265503,45.647575640,45.653556468
0.15270996,45.657171863,45.664746270
0.15276489,45.653762705,45.647866494
0.15281982,45.644190361,45.636502709
0.15287476,45.647839477,45.653977825
0.15292969,45.658039727,45.665947331
0.15298462,45.655488645,45.650089886
0.15303955,45.646693713,45.639421534
0.15309448,45.650784623,45.657013882
0.15314941,45.661386111,45.669515421
0.15320435,45.659424719,45.654382734
0.15325928,45.651097429,45.644080589
0.15331421,45.655289928,45.661442550
0.15336914,45.665912568,45.674065878
0.15342407,45.664125091,45.659227836
0.15347900,45.655839220,45.648861936
0.15353394,45.659709203,45.665577950
0.15358887,45.669923778,45.677882056
0.15364380,45.667880486,45.662911881
0.15369873,45.659229656,45.652089038
0.15375366,45.662405947,45.667812525
0.15380859,45.671869180,45.679459554
0.15386353,45.669257716,45.664063133
0.15391846,45.659981220,45.652549827
0.15397339,45.662264070,45.667117927
0.15402832,45.670827978,45.677977744
0.15408325,45.667551832,45.662086543
0.15413818,45.657620583,45.649888479
0.15419312,45.659053402,45.663386548
0.15424805,45.666821017,45.673584243
0.15430298,45.663037656,45.657384533
0.15435791,45.652673387,45.644756222
0.15441284,45.653541798,45.657506731
0.15446777,45.660845171,45.667389933
0.15452271,45.656922576,45.651268543
0.15457764,45.646533086,45.638637874
0.15463257,45.647279600,45.651104832
0.15468750,45.654575162,45.661129430
0.15474243,45.650969882,45.645543298
0.15479736,45.641012500,45.633367878
0.15485229,45.642088591,45.646003481
0.15490723,45.649801494,45.656574341
0.15496216,45.646899331,45.641889716
0.15501709,45.637722283,45.630498946
0.15507202,45.639434779,45.643592877
0.15512695,45.647814448,45.654924313
0.15518188,45.645799072,45.641292289
0.15523682,45.637526649,45.630781137
0.15529175,45.639942278,45.644375115
0.15534668,45.648988423,45.656427823
0.15540161,45.647790186,45.643744746
0.15545654,45.640294978,45.633957785
0.15551147,45.643235783,45.647852618
0.15556641,45.652715973,45.660362268
0.15562134,45.652050062,45.648318080
0.15567627,45.645009589,45.638915212
0.15573120,45.648125537,45.652751211
0.15578613,45.657661009,45.665320586
0.15584106,45.657123610,45.653499947
0.15589600,45.650124116,45.644063756
0.15595093,45.653001915,45.657431841
0.15600586,45.662179027,45.669643368
0.15606079,45.661359413,45.657637871
0.15611572,45.654006972,45.647784076
0.15617065,45.656278889,45.660333338
0.15622559,45.664754648,45.671852847
0.15628052,45.663336701,45.659360481
0.15633545,45.655354233,45.648832655
0.15639038,45.656790174,45.660359943
0.15644531,45.664378905,45.671020580
0.15650024,45.662221851,45.657923481
0.15655518,45.653523278,45.646663873
0.15661011,45.654097481,45.657176714
0.15666504,45.660828923,45.667032640
0.15671997,45.658015509,45.653440219
0.15677490,45.648742561,45.641620755
0.15682983,45.648657436,45.651354588
0.15688477,45.654786013,45.660682798
0.15693970,45.651615740,45.646916815
0.15699463,45.642113936,45.634906322
0.15704956,45.641757953,45.644273232
0.15710449,45.647702155,45.653503599
0.15715942,45.644612366,45.640010082
0.15721436,45.635334701,45.628269296
0.15726929,45.635170206,45.637737993
0.15732422,45.641386745,45.647320712
0.15737915,45.638815968,45.634528106
0.15743408,45.630178860,45.623462179
0.15748901,45.630594454,45.633408900
0.15754395,45.637431134,45.643667940
0.15759888,45.635676635,45.631847365
0.15765381,45.627926276,45.621676980
0.15770874,45.629115780,45.632271135
0.15776367,45.636706452,45.643307492
0.15781860,45.635837953,45.632496138
0.15787354,45.628984882,45.623202749
0.15792847,45.630904054,45.634374872
0.15798340,45.639147887,45.646057212
0.15803833,45.639009010,45.636070896
0.15809326,45.632850581,45.627429646
0.15814819,45.635258725,45.638922470
0.15820312,45.643878497,45.650953562
0.15825806,45.644158851,45.641465483
0.15831299,45.638361953,45.633132990
0.15836792,45.640912020,45.644594952
0.15842285,45.649548366,45.656607695
0.15847778,45.649878934,45.647244124
0.15853271,45.644073895,45.638851372
0.15858765,45.646402683,45.649924754
0.15864258,45.654698912,45.661564107
0.15869751,45.654730372,45.651979328
0.15875244,45.648582251,45.643199375
0.15880737,45.650374679,45.653581034
0.15886230,45.658034475,45.664558448
0.15891724,45.657489201,45.654483961
0.15897217,45.650745216,45.645077166
0.15902710,45.651778449,45.654561128
0.15908203,45.658607970,45.664695734
0.15913696,45.657321235,45.653981148
0.15919189,45.649852011,45.643836539
0.15924683,45.650037293,45.652356209
0.15930176,45.655987700,45.661617741
0.15935669,45.653950553,45.650273817
0.15941162,45.645792481,45.639451167
0.15946655,45.645215672,45.647118870
0.15952148,45.650420079,45.655662684
0.15957642,45.647810640,45.643889650
0.15963135,45.639189264,45.632638708
0.15968628,45.638123966,45.639753487
0.15974121,45.642898068,45.647914724
0.15979614,45.640067660,45.636080959
0.15985107,45.631367738,45.624803304
0.15990601,45.630228257,45.631795197
0.15996094,45.635005790,45.640015398
0.16001587,45.632397247,45.628567143
0.16007080,45.624065043,45.617710509
0.16012573,45.623294544,45.625021744
0.16018066,45.628503897,45.633719869
0.16023560,45.626519865,45.623045609
0.16029053,45.618926852,45.612965579
0.16034546,45.618860522,45.620913814
0.16040039,45.624791557,45.630355236
0.16045532,45.623669117,45.620664602
0.16051025,45.616998344,45.611517214
0.16056519,45.617765005,45.620205106
0.16062012,45.624488840,45.630430780
0.16067505,45.624239695,45.621705177
0.16072998,45.618447809,45.613420047
0.16078491,45.619954370,45.622731032
0.16083984,45.627329985,45.633575207
0.16089478,45.627768133,45.625605987
0.16094971,45.622632301,45.617942736
0.16100464,45.624627459,45.627612949
0.16105957,45.632379193,45.638787327
0.16111450,45.633208889,45.631268713
0.16116943,45.628421706,45.623915054
0.16122437,45.630594231,45.633632991
0.16127930,45.638410002,45.644824599
0.16133423,45.639320719,45.637446722
0.16138916,45.634579105,45.630104054
0.16144409,45.636638345,45.639586651
0.16149902,45.644239965,45.650522870
0.16155396,45.644965323,45.643024857
0.16160889,45.640017474,45.635449138
0.16166382,45.641728334,45.644470724
0.16171875,45.648895067,45.654937146
0.16177368,45.649226048,45.647115232
0.16182861,45.643875817,45.639117049
0.16188354,45.645056161,45.647503404
0.16193848,45.651617257,45.657334094
0.16199341,45.651392102,45.649030393
0.16204834,45.645488562,45.640464551
0.16210327,45.646000640,45.648085470
0.16215820,45.651830639,45.657160404
0.16221313,45.650935778,45.648266820
0.16226807,45.644381121,45.639043883
0.16232300,45.644147347,45.645833004
0.16237793,45.649190109,45.654106292
0.16243286,45.647592257,45.644600680
0.16248779,45.640381214,45.634730025
0.16254272,45.639429591,45.640733185
0.16259766,45.643747878,45.648284604
0.16265259,45.641545473,45.638282965
0.16270752,45.633815948,45.627922804
0.16276245,45.632326983,45.633342859
0.16281738,45.636142641,45.640414407
0.16287231,45.633596314,45.630196235
0.16292725,45.625647372,45.619665098
0.16298218,45.623957169,45.624857324
0.16303711,45.627637405,45.631830880
0.16309204,45.625138171,45.621798144
0.16314697,45.617379593,45.611515020
0.16320190,45.615911032,45.616909069
0.16325684,45.619882289,45.624211643
0.16331177,45.617849985,45.614779623
0.16336670,45.610687909,45.605143375
0.16342163,45.609826755,45.611114857
0.16347656,45.614445060,45.619086357
0.16353149,45.613197058,45.610551876
0.16358643,45.606905336,45.601814283
0.16364136,45.606878472,45.608566829
0.16369629,45.612318569,45.617355011
0.16375122,45.611973411,45.609807661
0.16380615,45.606614775,45.602003667
0.16386108,45.607431262,45.609520176
0.16391602,45.613649102,45.619054037
0.16397095,45.614111144,45.612372030
0.16402588,45.609543896,45.605337493
0.16408081,45.611022768,45.613418458
0.16413574,45.617802750,45.623465103
0.16419067,45.618826543,45.617388052
0.16424561,45.614783268,45.610845415
0.16430054,45.616643411,45.619204127
0.16435547,45.623696040,45.629470027
0.16441040,45.624988325,45.623702817
0.16446533,45.621178870,45.617364274
0.16452026,45.623139834,45.625726270
0.16457520,45.630197532,45.635950306
0.16463013,45.631505623,45.630247525
0.16468506,45.627696070,45.623889092
0.16473999,45.629546146,45.632054620
0.16479492,45.636419435,45.642058199
0.16484985,45.637574974,45.636261604
0.16490479,45.633618892,45.629748089
0.16495972,45.635234166,45.637605070
0.16501465,45.641819157,45.647293873
0.16506958,45.642734948,45.641323967
0.16512451,45.638560686,45.634591573
0.16517944,45.639884040,45.642090557
0.16523438,45.646134478,45.651423212
0.16528931,45.646770955,45.645243031
0.16534424,45.642343908,45.638259645
0.16539917,45.643344448,45.645371941
0.16545410,45.649229620,45.654317283
0.16550903,45.649552503,45.647890042
0.16556396,45.644833736,45.640614444
0.16561890,45.645467554,45.647294049
0.16567383,45.650936309,45.655796865
0.16572876,45.650884956,45.649056565
0.16578369,45.645804928,45.641414932
0.16583862,45.645995174,45.647581860
0.16589355,45.650963245,45.655553921
0.16594849,45.650446039,45.648404851
0.16600342,45.644908738,45.640299331
0.16605835,45.644559016,45.645857708
0.16611328,45.648931973,45.653205543
0.16616821,45.647858865,45.645559641
0.16622314,45.641783662,45.636914870
0.16627808,45.640828562,45.641807777
0.16633301,45.644560014,45.648494650
0.16638794,45.642906974,45.640338989
0.16644287,45.636297515,45.631173075
0.16649780,45.634773769,45.635454679
0.16655273,45.637936274,45.641571184
0.16660767,45.635813210,45.633034174
0.16666260,45.628819446,45.623517542
0.16671753,45.626919138,45.627401633
0.16677246,45.629745756,45.633201157
0.16682739,45.627423812,45.624572468
0.16688232,45.620352827,45.615030222
0.16693726,45.618416044,45.618873593
0.16699219,45.621273733,45.624735947
0.16704712,45.619139074,45.616410399
0.16710205,45.612389679,45.607247303
0.16715698,45.610821129,45.611457423
0.16721191,45.614111388,45.617781608
0.16726685,45.612552583,45.610140111
0.16732178,45.606492777,45.601713341
0.16737671,45.605633167,45.606616999
0.16743164,45.609661481,45.613690028
0.16748657,45.608941314,45.606972949
0.16754150,45.603786719,45.599474216
0.16759644,45.603801831,45.605212284
0.16765137,45.608680994,45.613119978
0.16770630,45.608857074,45.607356702
0.16776123,45.604611192,45.600762582
0.16781616,45.605453346,45.607262275
0.16787109,45.611086871,45.615883767
0.16792603,45.612016901,45.610908933
0.16798096,45.608497326,45.605017530
0.16803589,45.609950918,45.612047514
0.16809082,45.616095645,45.621126225
0.16814575,45.617514325,45.616663575
0.16820068,45.614440837,45.611187962
0.16825562,45.616218297,45.618457956
0.16831055,45.622584821,45.627703973
0.16836548,45.624205456,45.623468255
0.16842041,45.621299725,45.618134929
0.16847534,45.623136540,45.625388137
0.16853027,45.629477196,45.634562441
0.16858521,45.631070735,45.630333775
0.16864014,45.628124987,45.624945996
0.16869507,45.629837082,45.632010730
0.16875000,45.635991592,45.640964912
0.16880493,45.637420536,45.636616807
0.16885986,45.634320115,45.631071497
0.16891479,45.635815784,45.637867837
0.16896973,45.641713530,45.646541615
0.16902466,45.642925717,45.642030595
0.16907959,45.639635668,45.636301424
0.16913452,45.640896296,45.642819128
0.16918945,45.646532524,45.651214402
0.16924438,45.647534094,45.646551481
0.16929932,45.644070097,45.640658891
0.16935425,45.645120135,45.646926987
0.16940918,45.650525905,45.655077874
0.16946411,45.651352020,45.650299721
0.16951904,45.647752495,45.644283798
0.16957397,45.648633447,45.650345563
0.16962891,45.653851840,45.658295740
0.16968384,45.654545313,45.653444559
0.16973877,45.650852595,45.647347481
0.16979370,45.651606727,45.653245425
0.16984863,45.656679023,45.661035548
0.16990356,45.657278851,45.656148765
0.16995850,45.653529883,45.650006575
0.17001343,45.654192893,45.655776083
0.17006836,45.659153000,45.663439073
0.17012329,45.659690318,45.658546043
0.17017822,45.655913928,45.652386561
0.17023315,45.656513330,45.658054809
0.17028809,45.661387078,45.665615580
0.17034302,45.661885183,45.660737962
0.17039795,45.658102682,45.654581657
0.17045288,45.658658838,45.660168850
0.17050781,45.663465324,45.667645807
0.17056274,45.663941245,45.662799227
0.17061768,45.660168125,45.656660974
0.17067261,45.660696014,45.662182145
0.17072754,45.665449386,45.669588964
0.17078247,45.665915635,45.664784753
0.17083740,45.662163273,45.658675506
0.17089233,45.662674112,45.664142092
0.17094727,45.667385101,45.671489211
0.17100220,45.667851109,45.666735789
0.17105713,45.664128094,45.660663854
0.17111206,45.664630565,45.666084879
0.17116699,45.669307616,45.673380568
0.17122192,45.669780759,45.668684424
0.17127686,45.666093829,45.662656354
0.17133179,45.666594935,45.668039237
0.17138672,45.671244972,45.675290335
0.17144165,45.671731274,45.670656689
0.17149658,45.668085951,45.664677885
0.17155151,45.668591586,45.670028982
0.17160645,45.673220535,45.677241387
0.17166138,45.673725136,45.672674635
0.17171631,45.670126148,45.666749748
0.17177124,45.670641485,45.672074721
0.17182617,45.675254623,45.679253723
0.17188110,45.675782095,45.674757740
0.17193604,45.672233669,45.668890948
0.17199097,45.672763421,45.674195017
0.17204590,45.677365622,45.681345529
0.17210083,45.677920192,45.676923882
0.17215576,45.674426260,45.671119088
0.17221069,45.674974873,45.676407214
0.17226563,45.679570779,45.683533941
0.17232056,45.680156495,45.679190044
0.17237549,45.676720839,45.673451017
0.17243042,45.677292635,45.678728039
0.17248535,45.681886789,45.685835607
0.17254028,45.682507640,45.681572841
0.17259521,45.679134018,45.675903335
0.17265015,45.679733300,45.681174078
0.17270508,45.684330254,45.688267133
0.17276001,45.684990273,45.684088944
0.17281494,45.681682504,45.678492789
0.17286987,45.682313656,45.683762154
0.17292480,45.686918058,45.690845450
0.17297974,45.687621402,45.686755433
0.17303467,45.684383459,45.681236615
0.17308960,45.685051019,45.686509658
0.17314453,45.689667690,45.693588139
0.17319946,45.690418725,45.689590111
0.17325439,45.687254802,45.684152849
0.17330933,45.687963541,45.689434858
0.17336426,45.692597551,45.696513723
0.17341919,45.693400917,45.692611798
0.17347412,45.690315507,45.687260617
0.17352905,45.691070501,45.692557182
0.17358398,45.695727242,45.699641964
0.17363892,45.696587930,45.695840627
0.17369385,45.693585898,45.690580429
0.17374878,45.694392602,45.695897520
0.17380371,45.699077863,45.702994162
0.17385864,45.700001291,45.699298341
0.17391357,45.697087948,45.694134485
0.17396851,45.697952276,45.699478533
0.17402344,45.702672322,45.706593464
0.17407837,45.703664416,45.703008616
0.17413330,45.700845605,45.697947006
0.17418823,45.701774017,45.703324983
0.17424316,45.706535679,45.710465212
0.17429810,45.707602964,45.706997416
0.17435303,45.704885154,45.702044587
0.17440796,45.705884747,45.707464115
0.17446289,45.710695521,45.714637329
0.17451782,45.711845222,45.711293383
0.17457275,45.709235613,45.706456618
0.17462769,45.710314235,45.711926069
0.17468262,45.715182394,45.719140750
0.17473755,45.716422555,45.715928297
0.17479248,45.713929195,45.711215741
0.17484741,45.715095571,45.716744373
0.17490234,45.720030295,45.724009926
0.17495728,45.721369911,45.720937587
0.17501221,45.719001843,45.716358397
0.17506714,45.720265718,45.721956501
0.17512207,45.725277249,45.729283416
0.17517700,45.726726425,45.726360952
0.17523193,45.724493848,45.721925462
0.17528687,45.725866161,45.727604536
0.17534180,45.730965980,45.735004567
0.17539673,45.732536122,45.732243071
0.17545166,45.730450588,45.727962995
0.17550659,45.731943678,45.733735958
0.17556152,45.737144721,45.741222340
0.17561646,45.738848756,45.738634467
0.17567139,45.736923402,45.734523134
0.17572632,45.738551252,45.740404571
0.17578125,45.743868163,45.747992288
0.17583618,45.745720808,45.745592526
0.17589111,45.743970641,45.741665172
0.17594604,45.745749172,45.747671642
0.17600098,45.751198618,45.755377739
0.17605591,45.753216707,45.753182744
0.17611084,45.751658942,45.749456858
0.17616577,45.753606375,45.755607260
0.17622070,45.759207420,45.763451232
0.17627563,45.761410298,45.761480232
0.17633057,45.760064778,45.757975988
0.17638550,45.762202070,45.764292010
0.17644043,45.767976641,45.772296277
0.17649536,45.770386655,45.770571579
0.17655029,45.769276364,45.767312363
0.17660522,45.771627757,45.773819043
0.17666016,45.777601214,45.782009540
0.17671509,45.780244319,45.780557144
0.17677002,45.779396026,45.777570212
0.17682495,45.781989721,45.784296635
0.17687988,45.788191581,45.792703550
0.17693481,45.791098098,45.791553940
0.17698975,45.790543162,45.788871248
0.17704468,45.793412177,45.795851428
0.17709961,45.799877018,45.804510136
0.17715454,45.803082604,45.803699268
0.17720947,45.802858001,45.801358531
0.17726440,45.806041262,45.808632533
0.17731934,45.812809887,45.817584796
0.17737427,45.816356770,45.817155376
0.17742920,45.816506411,45.815201428
0.17748413,45.820050165,45.822816827
0.17753906,45.827171112,45.832112351
0.17759399,45.831109707,45.832115504
0.17764893,45.831686171,45.830602087
0.17770386,45.835645835,45.838615884
0.17775879,45.843177363,45.848314375
0.17781372,45.847568407,45.848811855
0.17786865,45.848635235,45.847803996
0.17792358,45.853077875,45.856285182
0.17797852,45.861090634,45.866459114
0.17803345,45.866008064,45.867526289
0.17808838,45.867642876,45.867103534
0.17814331,45.872650575,45.876136589
0.17819824,45.881231256,45.886874996
0.17825317,45.886766176,45.888604972
0.17830811,45.889064973,45.888865865
0.17836304,45.894739514,45.898555636
0.17841797,45.903995956,45.909969433
0.17847290,45.910262203,45.912478856
0.17852783,45.913345451,45.913547280
0.17858276,45.919814973,45.924025921
0.17863770,45.929883443,45.936255504
0.17869263,45.937025571,45.939692901
0.17874756,45.941046962,45.941727236
0.17880249,45.948475581,45.953164274
0.17885742,45.959531361,45.966390591
0.17891235,45.967736287,45.970948549
0.17896729,45.972895562,45.974155092
0.17902222,45.981497497,45.986772210
0.17907715,45.993770443,46.001233052
0.17913208,46.003284593,46.007166176
0.17918701,46.009846437,46.011818921
0.17924194,46.019906822,46.025911738
0.17929687,46.033704269,46.041925708
0.17935181,46.044858764,46.049576955
0.17940674,46.053180446,46.056046478
0.17946167,46.065085611,46.072016177
0.17951660,46.080825474,46.090017206
0.17957153,46.094072192,46.099855453
0.17962646,46.104642725,46.108649634
0.17968140,46.118922527,46.127046879
0.17973633,46.137178811,46.147631343
0.17979126,46.153139016,46.160301567
0.17984619,46.166630724,46.172118624
0.17990112,46.184012747,46.193699070
0.17995605,46.205571918,46.217683219
0.18001099,46.225094145,46.234065106
0.18006592,46.242421182,46.249852376
0.18012085,46.263888770,46.275634380
0.18017578,46.289805895,46.304109438
0.18023071,46.314018506,46.325368029
0.18028564,46.336383849,46.346366026
0.18034058,46.363215240,46.377665691
0.18039551,46.394842724,46.412021189
0.18045044,46.425169462,46.439615616
0.18050537,46.454064325,46.467349145
0.18056030,46.487812919,46.505750739
0.18061523,46.526758627,46.547621306
0.18067017,46.564851791,46.583225234
0.18072510,46.601961391,46.619395193
0.18078003,46.644332146,46.666612656
0.18083496,46.692305189,46.717708321
0.18088989,46.739860449,46.763009162
0.18094482,46.786848564,46.809261943
0.18099976,46.839454227,46.866881009
0.18105469,46.897996131,46.928706015
0.18110962,46.956463305,46.985105801
0.18116455,47.014668705,47.042722968
0.18121948,47.078719282,47.111887699
0.18127441,47.148895030,47.185432983
0.18132935,47.219180132,47.253756679
0.18138428,47.289339683,47.323389434
0.18143921,47.365396817,47.404573118
0.18149414,47.447590459,47.490133448
0.18154907,47.529901763,47.570501117
0.18160400,47.612054882,47.652104751
0.18165894,47.700000887,47.745111923
0.18171387,47.793953158,47.842358321
0.18176880,47.887908806,47.934328051
0.18182373,47.981573649,48.027372527
0.18187866,48.080851912,48.131611308
0.18193359,48.185957493,48.239916330
0.18198853,48.290929502,48.342850930
0.18204346,48.395481121,48.446715180
0.18209839,48.505493819,48.561603635
0.18215332,48.621202661,48.680443181
0.18220825,48.736705232,48.793890557
0.18226318,48.851734398,48.908205084
0.18231812,48.972156336,49.033461119
0.18237305,49.098228830,49.162638913
0.18242798,49.224103738,49.286481391
0.18248291,49.349524725,49.411196312
0.18253784,49.480329493,49.546822375
0.18259277,49.616781161,49.686373634
0.18264771,49.753065513,49.820657322
0.18270264,49.888915705,49.955808372
0.18275757,50.030119932,50.101808874
0.18281250,50.176926551,50.251687056
0.18286743,50.323537673,50.396298116
0.18292236,50.469662870,50.541693878
0.18297729,50.621033191,50.697794854
0.18303223,50.777880110,50.857644051
0.18308716,50.934426088,51.012151677
0.18314209,51.090368132,51.167301399
0.18319702,51.251397709,51.332972840
0.18325195,51.417752108,51.502248892
0.18330688,51.583701081,51.666123645
0.18336182,51.748959607,51.830545248
0.18341675,51.919211964,52.005385467
0.18347168,52.094733042,52.183798298
0.18352661,52.269869437,52.356889871
0.18358154,52.444380444,52.530597792
0.18363647,52.623964647,52.714804734
0.18369141,52.808949265,52.902746894
0.18374634,52.993765028,53.085645792
0.18380127,53.178215726,53.269425438
0.18385620,53.368007256,53.463968659
0.18391113,53.563504861,53.662575793
0.18396606,53.759202899,53.856560081
0.18402100,53.954924968,54.051805643
0.18407593,54.156356850,54.258166636
0.18413086,54.363872661,54.468977567
0.18418579,54.572001371,54.675614481
0.18424072,54.780559763,54.883896718
0.18429565,54.995190492,55.103628550
0.18435059,55.216257450,55.328161516
0.18440552,55.438309749,55.548922274
0.18446045,55.661148316,55.771659471
0.18451538,55.890368597,56.006125746
0.18457031,56.126323739,56.245690781
0.18462524,56.363585087,56.481835046
0.18468018,56.601941772,56.720241807
0.18473511,56.846946526,56.970616512
0.18479004,57.098944625,57.226348809
0.18484497,57.352529787,57.478971514
0.18489990,57.607476446,57.734098337
0.18495483,57.869287925,58.001378725
0.18500977,58.138290298,58.274208493
0.18506470,58.409084039,58.544154913
0.18511963,58.681410268,58.816742420
0.18517456,58.960702168,59.101542594
0.18522949,59.247244382,59.391934436
0.18528442,59.535621953,59.679497515
0.18533936,59.825522621,59.969648472
0.18539429,60.122292707,60.271865967
0.18544922,60.426162541,60.579501245
0.18550415,60.731693612,60.884140408
0.18555908,61.038517977,61.191093323
0.18561401,61.351898500,61.509751888
0.18566895,61.672019305,61.833449939
0.18572388,61.993430492,62.153794144
0.18577881,62.315724234,62.476005487
0.18583374,62.644098056,62.809408136
0.18588867,62.978708389,63.147337024
0.18594360,63.314111747,63.481436595
0.18599854,63.649877046,63.816855220
0.18605347,63.991151001,64.162862594
0.18610840,64.338073696,64.512804342
0.18616333,64.685216192,64.858369060
0.18621826,65.032129897,65.204637397
0.18627319,65.383914502,65.560827285
0.18632813,65.740695759,65.920296129
0.18638306,66.097060541,66.274777535
0.18643799,66.452544831,66.629287353
0.18649292,66.812205007,66.992996226
0.18654785,67.176157938,67.359279663
0.18660278,67.539014088,67.719925167
0.18665771,67.900304846,68.079896508
0.18671265,68.265056847,68.448331875
0.18676758,68.633393280,68.818640771
0.18682251,68.999964272,69.182680939
0.18687744,69.364313078,69.545380967
0.18693237,69.731452144,69.915861456
0.18698730,70.101523830,70.287577208
0.18704224,70.469227061,70.652463255
0.18709717,70.834122053,71.015416302
0.18715210,71.201207431,71.385537165
0.18720703,71.570639585,71.756317913
0.18726196,71.937155894,72.119757800
0.18731689,72.300319181,72.480705632
0.18737183,72.665096803,72.848223391
0.18742676,73.031639418,73.215819510
0.18748169,73.394702428,73.575536715
0.18753662,73.753832384,73.932158269
0.18759155,74.113949607,74.294693142
0.18764648,74.475187295,74.656656484
0.18770142,74.832312506,75.010130829
0.18775635,75.184855924,75.359838110
0.18781128,75.537698352,75.714745305
0.18786621,75.890969559,76.068391517
0.18792114,76.239468363,76.412922107
0.18797607,76.582735344,76.753026517
0.18803101,76.925641766,77.097661611
0.18808594,77.268345996,77.440423290
0.18814087,77.605710973,77.773552001
0.18819580,77.937318542,78.101735715
0.18825073,78.268058951,78.433947998
0.18830566,78.598142706,78.763862359
0.18836060,78.922514208,79.083828334
0.18841553,79.240807312,79.398540055
0.18847046,79.557934797,79.716987552
0.18852539,79.874155054,80.032913677
0.18858032,80.184482331,80.338761646
0.18863525,80.488584793,80.639211359
0.18869019,80.791374982,80.943243970
0.18874512,81.093132159,81.244642555
0.18880005,81.388910748,81.535913041
0.18885498,81.678383019,81.821691046
0.18890991,81.966432014,82.110920094
0.18896484,82.253330492,82.397397117
0.18901978,82.534148919,82.673668254
0.18907471,82.808544315,82.944308280
0.18912964,83.081356323,83.218211888
0.18918457,83.352842673,83.489184012
0.18923950,83.618086935,83.749810784
0.18929443,83.876733868,84.004612376
0.18934937,84.133588130,84.262445654
0.18940430,84.388905117,84.517138264
0.18945923,84.637797711,84.761334133
0.18951416,84.879917714,84.999519890
0.18956909,85.120056118,85.240536707
0.18962402,85.358487802,85.478256849
0.18967896,85.590376395,85.705403087
0.18973389,85.815401396,85.926448969
0.18978882,86.038359177,86.150238037
0.18984375,86.259560430,86.370702008
0.18989868,86.474232757,86.580654023
0.18995361,86.682093691,86.784563684
0.19000854,86.887952254,86.991282513
0.19006348,87.092158707,87.194803603
0.19011841,87.290005125,87.388029243
0.19017334,87.481245120,87.575422200
0.19022827,87.670696280,87.765836760
0.19028320,87.858742202,87.953320054
0.19033813,88.040731624,88.130854850
0.19039307,88.216445800,88.302888658
0.19044800,88.390702246,88.478269725
0.19050293,88.563908983,88.651090142
0.19055786,88.731462636,88.814404391
0.19061279,88.893164215,88.972637570
0.19066772,89.053824256,89.134625399
0.19072266,89.213868897,89.294498861
0.19077759,89.368736976,89.445378703
0.19083252,89.518244577,89.591663686
0.19088745,89.667191312,89.742173319
0.19094238,89.816017478,89.891073426
0.19099731,89.960199885,90.031546510
0.19105225,90.099565238,90.167960670
0.19110718,90.238897074,90.309113572
0.19116211,90.378643123,90.449198259
0.19121704,90.514309501,90.581449226
0.19127197,90.645723043,90.710192717
0.19132690,90.777638558,90.844190699
0.19138184,90.910495793,90.977646551
0.19143677,91.039812082,91.103827215
0.19149170,91.165394276,91.226996219
0.19154663,91.291946687,91.355857160
0.19160156,91.419877850,91.484599764
0.19165649,91.544692518,91.606499304
0.19171143,91.666154642,91.725734451
0.19176636,91.788897071,91.850930435
0.19182129,91.913278800,91.976246367
0.19187622,92.034777457,92.094953204
0.19193115,92.153104682,92.211138266
0.19198608,92.272818185,92.333347602
0.19204102,92.394229360,92.455714442
0.19209595,92.512796218,92.571515654
0.19215088,92.628191093,92.684763186
0.19220581,92.744914077,92.803943542
0.19226074,92.863249296,92.923185658
0.19231567,92.978656836,93.035794466
0.19237061,93.090791583,93.145728580
0.19242554,93.204116405,93.261434383
0.19248047,93.318905319,93.377051851
0.19253540,93.430633451,93.485924632
0.19259033,93.538946917,93.591964699
0.19264526,93.648275746,93.703580425
0.19270020,93.758884100,93.814920976
0.19275513,93.866259454,93.919364522
0.19281006,93.970035439,94.020772533
0.19286499,94.074606232,94.127512764
0.19291992,94.180225200,94.233743785
0.19297485,94.282394963,94.332883038
0.19302979,94.380744853,94.428752737
0.19308472,94.479647355,94.529697212
0.19313965,94.579364762,94.629906916
0.19319458,94.675439389,94.722865423
0.19324951,94.767524599,94.812386064
0.19330444,94.860001212,94.906820374
0.19335938,94.953169329,95.000418746
0.19341431,95.042636188,95.086753958
0.19346924,95.128098726,95.169647150
0.19352417,95.213957918,95.257464712
0.19357910,95.300554026,95.344514363
0.19363403,95.383551658,95.424445377
0.19368896,95.462674739,95.501065797
0.19374390,95.542320152,95.582728777
0.19379883,95.622838284,95.663766524
0.19385376,95.699918236,95.737870656
0.19390869,95.773278855,95.808804964
0.19396362,95.847284896,95.884883579
0.19401855,95.922275400,95.960445253
0.19407349,95.993951320,96.029215902
0.19412842,96.062024280,96.094918585
0.19418335,96.130835331,96.165842131
0.19423828,96.200729650,96.236353791
0.19429321,96.267444365,96.300241298
0.19434814,96.330712144,96.361217204
0.19440308,96.394878567,96.427572854
0.19445801,96.460318534,96.493724819
0.19451294,96.522820225,96.553532692
0.19456787,96.582140431,96.610695531
0.19462280,96.642618014,96.673488395
0.19467773,96.704630507,96.736341907
0.19473267,96.763974684,96.793137200
0.19478760,96.820376022,96.847498202
0.19484253,96.878101781,96.907614218
0.19489746,96.937462262,96.967857864
0.19495239,96.994193729,97.022063487
0.19500732,97.047928505,97.073722423
0.19506226,97.102813581,97.130896637
0.19511719,97.159061370,97.187879589
0.19517212,97.212338992,97.238461588
0.19522705,97.262201624,97.286030262
0.19528198,97.312716869,97.338573658
0.19533691,97.364062794,97.390380882
0.19539185,97.411919684,97.435289614
0.19544678,97.455861272,97.476685975
0.19550171,97.499977673,97.522588465
0.19555664,97.544512348,97.567379767
0.19561157,97.585248139,97.605028319
0.19566650,97.621849006,97.638981002
0.19572144,97.658474898,97.677321148
0.19577637,97.695452408,97.714527340
0.19583130,97.728652449,97.744667682
0.19588623,97.757782607,97.771187166
0.19594116,97.786996237,97.802142567
0.19599609,97.816601160,97.831993940
0.19605103,97.842435796,97.854779562
0.19610596,97.864120831,97.873807880
0.19616089,97.885671736,97.896978163
0.19621582,97.907254577,97.918613915
0.19627075,97.924569454,97.932627110
0.19632568,97.937069331,97.942122319
0.19638062,97.948581507,97.954806864
0.19643555,97.959113328,97.964867811
0.19649048,97.964243385,97.966124686
0.19654541,97.963305462,97.961542766
0.19660034,97.960013861,97.958725581
0.19665527,97.954311257,97.951826688
0.19671021,97.941758409,97.934680864
0.19676514,97.921673070,97.910216303
0.19682007,97.897748093,97.886017466
0.19687500,97.869930255,97.856260742
0.19692993,97.833798537,97.814814819
0.19698486,97.788649797,97.764544823
0.19703979,97.738103039,97.712939181
0.19709473,97.682004443,97.654065695
0.19714966,97.615792170,97.581640343
0.19720459,97.538529335,97.498225494
0.19725952,97.453496678,97.410923357
0.19731445,97.360127554,97.313357230
0.19736938,97.253364797,97.198715049
0.19742432,97.131647839,97.068849470
0.19747925,96.997500999,96.930044743
0.19753418,96.849505801,96.775030802
0.19758911,96.681657885,96.596009823
0.19764404,96.491316880,96.393667340
0.19769897,96.279798987,96.173020750
0.19775391,96.044395716,95.925475863
0.19780884,95.777741342,95.641847609
0.19786377,95.475737765,95.321295613
0.19791870,95.138165108,94.967268379
0.19797363,94.760762473,94.569619091
0.19802856,94.334624112,94.117639934
0.19808350,93.854119904,93.608944278
0.19813843,93.317546107,93.045528914
0.19819336,92.719291152,92.415972840
0.19824829,92.049284068,91.708508833
0.19830322,91.300933289,90.919874753
0.19835815,90.471837405,90.051511629
0.19841309,89.556051304,89.091858639
0.19846802,88.543596480,88.029468442
0.19852295,87.428420309,86.861826154
0.19857788,86.209159411,85.591670494
0.19863281,84.881488049,84.209361664
0.19868774,83.437661185,82.706005569
0.19874268,81.874453747,81.082194524
0.19879761,80.193924568,79.344393193
0.19885254,78.395784531,77.487311910
0.19890747,76.476901422,75.506964606
0.19896240,74.439142042,73.409251448
0.19901733,72.290055759,71.206326441
0.19907227,70.035180857,68.898894925
0.19912720,67.677433054,66.489128923
0.19918213,65.224779326,63.989024686
0.19923706,62.690780097,61.416695950
0.19929199,60.086786325,58.778555516
0.19934692,57.421181018,56.082065853
0.19940186,54.706873077,53.343869934
0.19945679,51.961706479,50.586028256
0.19951172,49.200577058,47.818124165
0.19956665,46.434576498,45.049909352
0.19962158,43.678374713,42.299286246
0.19967651,40.950580658,39.588580912
0.19973145,38.265876265,36.926676034
0.19978638,35.634169666,34.321662235
0.19984131,33.067977657,31.788785940
0.19989624,30.582849425,29.346868446
0.19995117,28.189624153,27.000570524
0.20000610,25.893691486,24.753142856
0.20006104,23.702459953,22.614419087
0.20011597,21.625913817,20.597442685
0.20017090,19.669046817,18.700906761
0.20022583,17.831263904,16.922028192
0.20028076,16.113950775,15.264591793
0.20033569,14.521160066,13.735771221
0.20039063,13.052199740,12.328713970
0.20044556,11.701139420,11.035495020
0.20050049,10.464431553,9.855156667
0.20055542,9.341666793,8.790657760
0.20061035,8.328249265,7.831532766
0.20066528,7.414935800,6.966851521
0.20072021,6.595436017,6.193182055
0.20077515,5.867165296,5.511596871
0.20083008,5.223938876,4.910340288
0.20088501,4.655482217,4.377735863
0.20093994,4.154956020,3.910022507
0.20099487,3.719661037,3.508375870
0.20104980,3.343714199,3.161551908
0.20110474,3.017503066,2.858719860
0.20115967,2.735118240,2.597159114
0.20121460,2.495000804,2.379290172
0.20126953,2.292598821,2.195296700
0.20132446,2.119771357,2.035893062
0.20137939,1.972139777,1.899896535
0.20143433,1.849693415,1.791285004
0.20148926,1.749445076,1.701817719
0.20154419,1.664805718,1.623759600
0.20159912,1.592877089,1.557352090
0.20165405,1.535037966,1.507919313
0.20170898,1.489620097,1.468508689
0.20176392,1.451274105,1.432592031
0.20181885,1.418222588,1.401453649
0.20187378,1.392843762,1.381360177
0.20192871,1.374382190,1.366234348
0.20198364,1.358318304,1.350344282
0.20203857,1.343592408,1.335618500
0.20209351,1.333193690,1.328885772
0.20214844,1.326911503,1.324586919
0.20220337,1.320712785,1.317455809
0.20225830,1.313939946,1.309763889
0.20231323,1.309906637,1.308630241
0.20236816,1.308689640,1.308771016
0.20242310,1.306513662,1.305171336
0.20247803,1.302922179,1.300258467
0.20253296,1.301378304,1.301279642
0.20258789,1.302095022,1.303086809
0.20264282,1.301425218,1.300797336
0.20269775,1.299003526,1.296894188
0.20275269,1.298350036,1.298668741
0.20280762,1.299736477,1.301038568
0.20286255,1.299579474,1.299195111
0.20291748,1.297551784,1.295629679
0.20297241,1.297187140,1.297639110
0.20302734,1.298780602,1.300174968
0.20308228,1.298783718,1.298477066
0.20313721,1.296884247,1.295024822
0.20319214,1.296611115,1.297104281
0.20324707,1.298267837,1.299687792
0.20330200,1.298328881,1.298052848
0.20335693,1.296487533,1.294658851
0.20341187,1.296260475,1.296774541
0.20346680,1.297953621,1.299387613
0.20352173,1.298059382,1.297808712
0.20357666,1.296272680,1.294473990
0.20363159,1.296094925,1.296632225
0.20368652,1.297831876,1.299284091
0.20374146,1.297991703,1.297771312
0.20379639,1.296269302,1.294505527
0.20385132,1.296149612,1.296714520
0.20390625,1.297937185,1.299410938
0.20396118,1.298155041,1.297966683
0.20401611,1.296497503,1.294768641
0.20407104,1.296432802,1.297023491
0.20412598,1.298264124,1.299755678
0.20418091,1.298529232,1.298367153
0.20423584,1.296922056,1.295220507
0.20429077,1.296894561,1.297501837
0.20434570,1.298749005,1.300247794
0.20440063,1.299038332,1.298890747
0.20445557,1.297456721,1.295769877
0.20451050,1.297440691,1.298051558
0.20456543,1.299292305,1.300785304
0.20462036,1.299580319,1.299434428
0.20467529,1.297999910,1.296315629
0.20473022,1.297972970,1.298576371
0.20478516,1.299802001,1.301279541
0.20484009,1.300072018,1.299919686
0.20489502,1.298479660,1.296791628
0.20494995,1.298432650,1.299024336
0.20500488,1.300234141,1.301694119
0.20505981,1.300485373,1.300326542
0.20511475,1.298884387,1.297194617
0.20516968,1.298824656,1.299408672
0.20522461,1.300609645,1.302057946
0.20527954,1.300856246,1.300698280
0.20533447,1.299263347,1.297580447
0.20538940,1.299209619,1.299795556
0.20544434,1.300998106,1.302444915
0.20549927,1.301260459,1.301113619
0.20555420,1.299695614,1.298029577
0.20560913,1.299666751,1.300264006
0.20566406,1.301475709,1.302929428
0.20571899,1.301768071,1.301639281
0.20577393,1.300242176,1.298598195
0.20582886,1.300245279,1.300857119
0.20588379,1.302077582,1.303539332
0.20593872,1.302398190,1.302286169
0.20599365,1.300904703,1.299279091
0.20604858,1.300928560,1.301548980
0.20610352,1.302768476,1.304230011
0.20615845,1.303097280,1.302991587
0.20621338,1.301612289,1.299992710
0.20626831,1.301629819,1.302244968
0.20632324,1.303447804,1.304894107
0.20637817,1.303753492,1.303638242
0.20643311,1.302244806,1.300615014
0.20648804,1.302223982,1.302817798
0.20654297,1.303989126,1.305404791
0.20659790,1.304242758,1.304103564
0.20665283,1.302684337,1.301031486
0.20670776,1.302602994,1.303164671
0.20676270,1.304297782,1.305674420
0.20681763,1.304487065,1.304318165
0.20687256,1.302872382,1.301193657
0.20692749,1.302730257,1.303260184
0.20698242,1.304360921,1.305702211
0.20703735,1.304498533,1.304306800
0.20709229,1.302846600,1.301152052
0.20714722,1.302668847,1.303180160
0.20720215,1.304266212,1.305588112
0.20725708,1.304387916,1.304191687
0.20731201,1.302738661,1.301048659
0.20736694,1.302568565,1.303083265
0.20742188,1.304178252,1.305503868
0.20747681,1.304330806,1.304153621
0.20753174,1.302730974,1.301068962
0.20758667,1.302614189,1.303155100
0.20764160,1.304279583,1.305630517
0.20769653,1.304502864,1.304364423
0.20775146,1.302987754,1.301371054
0.20780640,1.302954121,1.303535772
0.20786133,1.304698747,1.306086299
0.20791626,1.305009147,1.304917067
0.20797119,1.303587471,1.302019809
0.20802612,1.303637755,1.304259874
0.20808105,1.305454244,1.306874064
0.20813599,1.305836185,1.305781953
0.20819092,1.304484380,1.302953262
0.20824585,1.304587548,1.305233953
0.20830078,1.306438001,1.307870527
0.20835571,1.306847407,1.306808381
0.20841064,1.305516163,1.303996408
0.20846558,1.305618852,1.306262442
0.20852051,1.307447045,1.308863853
0.20857544,1.307826014,1.307772993
0.20863037,1.306457097,1.304919452
0.20868530,1.306502193,1.307114417
0.20874023,1.308253491,1.309627398
0.20879517,1.308551084,1.308458806
0.20885010,1.307098500,1.305520298
0.20890503,1.307046201,1.307607613
0.20895996,1.308688005,1.310003280
0.20901489,1.308879602,1.308736365
0.20906982,1.307327407,1.305701360
0.20912476,1.307171041,1.307679069
0.20917969,1.308706248,1.309965158
0.20923462,1.308804313,1.308617147
0.20928955,1.307174412,1.305512283
0.20934448,1.306945080,1.307416094
0.20939941,1.308413437,1.309636654
0.20945435,1.308465523,1.308258913
0.20950928,1.306812355,1.305142011
0.20956421,1.306570385,1.307035135
0.20961914,1.308036879,1.309257403
0.20967407,1.308111202,1.307919611
0.20972900,1.306504789,1.304861486
0.20978394,1.306320621,1.306814475
0.20983887,1.307854612,1.309107154
0.20989380,1.308017869,1.307874506
0.20994873,1.306520802,1.304935576
0.21000366,1.306451641,1.307002840
0.21005859,1.308103674,1.309413046
0.21011353,1.308398528,1.308324116
0.21016846,1.307044609,1.305533664
0.21022339,1.307114683,1.307734584
0.21027832,1.308898806,1.310271220
0.21033325,1.309328637,1.309323965
0.21038818,1.308110403,1.306669082
0.21044312,1.308301542,1.308980144
0.21049805,1.310189143,1.311609399
0.21055298,1.310715298,1.310760132
0.21060791,1.309584753,1.308188202
0.21066284,1.309840601,1.310548952
0.21071777,1.311768028,1.313203618
0.21077271,1.312320698,1.312379507
0.21082764,1.311203240,1.309813642
0.21088257,1.311445943,1.312144743
0.21093750,1.313333632,1.314744538
0.21099243,1.313833032,1.313865779
0.21104736,1.312650246,1.311228393
0.21110229,1.312804421,1.313456131
0.21115723,1.314581530,1.315932632
0.21121216,1.314962713,1.314937314
0.21126709,1.313656872,1.312174415
0.21132202,1.313673280,1.314253929
0.21137695,1.315300083,1.316572277
0.21143188,1.315533591,1.315436122
0.21148682,1.314086150,1.312534695
0.21154175,1.313957672,1.314464651
0.21159668,1.315438685,1.316635226
0.21165161,1.315540570,1.315380030
0.21170654,1.313978879,1.312373077
0.21176147,1.313743790,1.314197206
0.21181641,1.315127537,1.316273626
0.21187134,1.315155620,1.314961760
0.21192627,1.313545745,1.311919397
0.21198120,1.313277224,1.313714365
0.21203613,1.314642643,1.315778354
0.21209106,1.314680069,1.314494910
0.21214600,1.313107810,1.311504144
0.21220093,1.312892782,1.313357324
0.21225586,1.314326281,1.315494906
0.21231079,1.314457227,1.314322769
0.21236572,1.313002931,1.311461896
0.21242065,1.312916455,1.313445588
0.21247559,1.314486363,1.315721609
0.21253052,1.314771021,1.314716743
0.21258545,1.313485563,1.312031878
0.21264038,1.313568268,1.314181506
0.21269531,1.315304133,1.316619904
0.21275024,1.315760264,1.315794073
0.21280518,1.314649203,1.313284627
0.21286011,1.314894328,1.315587260
0.21291504,1.316777098,1.318162832
0.21296997,1.317373526,1.317478770
0.21302490,1.316394037,1.315096122
0.21307983,1.316747865,1.317492658
0.21313477,1.318713806,1.320136739
0.21318970,1.319377766,1.319517204
0.21324463,1.318449275,1.317176975
0.21329956,1.318824868,1.319577421
0.21335449,1.320782160,1.322195877
0.21340942,1.321418442,1.321544059
0.21346436,1.320443988,1.319148551
0.21351929,1.320744376,1.321456092
0.21357422,1.322597714,1.323954606
0.21362915,1.323114249,1.323180158
0.21368408,1.322006591,1.320644690
0.21373901,1.322150954,1.322781868
0.21379395,1.323827341,1.325091491
0.21384888,1.324160154,1.324135034
0.21390381,1.322865467,1.321410967
0.21395874,1.322811159,1.323340837
0.21401367,1.324279897,1.325436938
0.21406860,1.324410737,1.324286470
0.21412354,1.322923582,1.321374822
0.21417847,1.322678212,1.323111563
0.21423340,1.323959900,1.325021256
0.21428833,1.323922018,1.323716313
0.21434326,1.322287833,1.320668592
0.21439819,1.321908432,1.322275008
0.21445312,1.323070849,1.324071398
0.21450806,1.322941678,1.322694129
0.21456299,1.321246377,1.319600410
0.21461792,1.320826114,1.321173211
0.21467285,1.321968261,1.322958114
0.21472778,1.321851052,1.321613741
0.21478271,1.320200561,1.318581159
0.21483765,1.319846485,1.320227841
0.21489258,1.321074896,1.322107405
0.21494751,1.321073958,1.320898953
0.21500244,1.319568761,1.318025945
0.21505737,1.319376052,1.319838918
0.21511230,1.320779130,1.321898039
0.21516724,1.320974644,1.320901419
0.21522217,1.319685442,1.318253839
0.21527710,1.319714283,1.320287937
0.21533203,1.321340725,1.322569489
0.21538696,1.321769042,1.321814769
0.21544189,1.320719232,1.319409473
0.21549683,1.320979709,1.321668100
0.21555176,1.322826074,1.324161853
0.21560669,1.323470127,1.323625104
0.21566162,1.322629194,1.321424862
0.21571655,1.323077797,1.323858041
0.21577148,1.325088145,1.326501889
0.21582642,1.325880251,1.326109575
0.21588135,1.325169700,1.324030555
0.21593628,1.325718279,1.326545409
0.21599121,1.327796036,1.329238671
0.21604614,1.328632485,1.328883591
0.21610107,1.327942932,1.326813693
0.21615601,1.328478038,1.329294882
0.21621094,1.330507292,1.331920556
0.21626587,1.331271272,1.331485551
0.21632080,1.330486644,1.329309217
0.21637573,1.330894643,1.331644482
0.21643066,1.332765781,1.334095114
0.21648560,1.333353155,1.333478888
0.21654053,1.332376229,1.331102483
0.21659546,1.332568209,1.333207204
0.21665039,1.334201836,1.335408280
0.21670532,1.334543724,1.334547280
0.21676025,1.333317051,1.331919160
0.21681519,1.333247804,1.333754343
0.21687012,1.334611532,1.335679955
0.21692505,1.334688697,1.334561533
0.21697998,1.333206405,1.331682547
0.21703491,1.332883536,1.333262564
0.21708984,1.333998304,1.334940329
0.21714478,1.333844648,1.333604823
0.21719971,1.332153130,1.330527584
0.21725464,1.331634966,1.331916703
0.21730957,1.332570272,1.333421659
0.21736450,1.332265498,1.331953780
0.21741943,1.330453661,1.328771721
0.21747437,1.329837265,1.330071013
0.21752930,1.330697134,1.331510581
0.21758423,1.330350906,1.330022677
0.21763916,1.328532729,1.326851833
0.21769409,1.327935109,1.328179724
0.21774902,1.328838200,1.329673283
0.21780396,1.328569373,1.328284165
0.21785889,1.326862533,1.325241509
0.21791382,1.326398889,1.326711860
0.21796875,1.327456599,1.328368802
0.21802368,1.327371424,1.327182005
0.21807861,1.325875802,1.324364129
0.21813354,1.325638555,1.326065546
0.21818848,1.326934776,1.327965410
0.21824341,1.327107567,1.327050342
0.21829834,1.325887019,1.324515798
0.21835327,1.325928864,1.326495335
0.21840820,1.327504470,1.328673035
0.21846313,1.327963697,1.328051880
0.21851807,1.327033892,1.325809895
0.21857300,1.327357502,1.328063713
0.21862793,1.329202061,1.330502253
0.21868286,1.329924155,1.330144838
0.21873779,1.329248572,1.328152424
0.21879272,1.329804867,1.330625196
0.21884766,1.331857219,1.333257415
0.21890259,1.332769502,1.333085316
0.21895752,1.332264706,1.331253720
0.21901245,1.332960452,1.333847392
0.21906738,1.335118582,1.336566971
0.21912231,1.336111324,1.336466664
0.21917725,1.335661100,1.334676527
0.21923218,1.336374969,1.337267336
0.21928711,1.338513814,1.339947467
0.21934204,1.339459585,1.339790425
0.21939697,1.338935591,1.337913076
0.21945190,1.339539858,1.340373742
0.21950684,1.341533764,1.342889941
0.21956177,1.342310347,1.342555763
0.21961670,1.341595180,1.340476326
0.21967163,1.341978616,1.342698841
0.21972656,1.343723747,1.344951087
0.21978149,1.344235750,1.344348676
0.21983643,1.343243451,1.341986006
0.21989136,1.343330452,1.343900038
0.21994629,1.344762277,1.345829414
0.22000122,1.344956748,1.344911639
0.22005615,1.343646358,1.342230824
0.22011108,1.343408277,1.343813927
0.22016602,1.344510561,1.345410435
0.22022095,1.344383574,1.344179503
0.22027588,1.342763283,1.341194787
0.22033081,1.342220153,1.342472912
0.22038574,1.343024321,1.343773649
0.22044067,1.342618064,1.342277064
0.22049561,1.340740159,1.339045735
0.22055054,1.339953675,1.340085235
0.22060547,1.340530009,1.341164724
0.22066040,1.339922427,1.339484163
0.22071533,1.337871607,1.336094225
0.22077026,1.336932349,1.336988560
0.22082520,1.337376379,1.337944734
0.22088013,1.336666963,1.336181564
0.22093506,1.334545767,1.332737008
0.22098999,1.333558500,1.333591991
0.22104492,1.333976366,1.334531613
0.22109985,1.333271770,1.332792648
0.22115479,1.331186608,1.329399695
0.22120972,1.330256841,1.330320338
0.22126465,1.330752497,1.331346534
0.22131958,1.330154451,1.329732313
0.22137451,1.328204265,1.326488467
0.22142944,1.327427692,1.327568805
0.22148438,1.328093097,1.328771635
0.22153931,1.327689325,1.327367700
0.22159424,1.325957184,1.324353667
0.22164917,1.325411874,1.325669250
0.22170410,1.326319719,1.327118693
0.22175903,1.326177110,1.325988974
0.22181396,1.324723741,1.323262375
0.22186890,1.324463963,1.324864226
0.22192383,1.325661711,1.326604318
0.22197876,1.325820521,1.325785416
0.22203369,1.324678636,1.323375164
0.22208862,1.324729282,1.325284252
0.22214355,1.326233693,1.327327668
0.22219849,1.326702198,1.326823565
0.22225342,1.325871319,1.324724782
0.22230835,1.326222976,1.326927215
0.22236328,1.328015509,1.329250841
0.22241821,1.328765851,1.329028978
0.22247314,1.328208725,1.327199706
0.22252808,1.328814800,1.329644226
0.22258301,1.330839597,1.332187580
0.22263794,1.331806769,1.332178360
0.22269287,1.331449507,1.330540285
0.22274780,1.332227645,1.333140343
0.22280273,1.334394364,1.335809129
0.22285767,1.335480562,1.335911032
0.22291260,1.335218583,1.334356239
0.22296753,1.336058271,1.336998426
0.22302246,1.338251353,1.339674638
0.22307739,1.339336898,1.339765979
0.22313232,1.339047460,1.338170281
0.22318726,1.339824069,1.340729130
0.22324219,1.341918177,1.343287180
0.22329712,1.342878181,1.343243373
0.22335205,1.342438078,1.341484510
0.22340698,1.343031367,1.343841378
0.22346191,1.344910435,1.346167404
0.22351685,1.345634135,1.345880413
0.22357178,1.344939020,1.343857349
0.22362671,1.345252152,1.345919261
0.22368164,1.346827807,1.347929216
0.22373657,1.347236084,1.347324606
0.22379150,1.346216815,1.344973261
0.22384644,1.346191270,1.346687079
0.22390137,1.347416065,1.348339107
0.22395630,1.347472799,1.347386437
0.22401123,1.346104742,1.344687945
0.22406616,1.345727429,1.346046375
0.22412109,1.346599680,1.347344501
0.22417603,1.346314263,1.346058661
0.22423096,1.344617469,1.343038379
0.22428589,1.343918613,1.344076706
0.22434082,1.344478066,1.345065399
0.22439575,1.343898968,1.343499142
0.22445068,1.341929800,1.340217317
0.22450562,1.340972804,1.341002404
0.22456055,1.341288955,1.341754135
0.22461548,1.340490727,1.339984438
0.22467041,1.338327791,1.336521618
0.22472534,1.337194357,1.337136644
0.22478027,1.337351015,1.337736200
0.22483521,1.336418565,1.335848409
0.22489014,1.334146937,1.332289683
0.22494507,1.332921498,1.332818690
0.22500000,1.333001641,1.333348257
0.22505493,1.332015706,1.331421903
0.22510986,1.329713226,1.327843598
0.22516479,1.328470188,1.328359236
0.22521973,1.328544297,1.328887293
0.22527466,1.327570974,1.326986217
0.22532959,1.325299026,1.323447334
0.22538452,1.324094869,1.324003616
0.22543945,1.324214357,1.324579029
0.22549438,1.323299852,1.322746803
0.22554932,1.321099421,1.319285710
0.22560425,1.319969998,1.319915935
0.22565918,1.320165689,1.320567030
0.22571411,1.319335909,1.318827086
0.22576904,1.317228174,1.315462617
0.22582397,1.316190221,1.316181329
0.22587891,1.316474673,1.316918601
0.22593384,1.315738231,1.315277585
0.22598877,1.313728166,1.312012920
0.22604370,1.312783375,1.312820207
0.22609863,1.313155313,1.313640933
0.22615356,1.312508240,1.312093532
0.22620850,1.310589489,1.308921152
0.22626343,1.309729467,1.309807640
0.22631836,1.310178754,1.310700843
0.22637329,1.309609396,1.309234648
0.22642822,1.307769048,1.306141038
0.22648315,1.306979915,1.307092396
0.22653809,1.307491927,1.308043105
0.22659302,1.306985068,1.306642605
0.22664795,1.305207503,1.303611960
0.22670288,1.304473440,1.304612296
0.22675781,1.305032302,1.305604632
0.22681274,1.304572097,1.304253983
0.22686768,1.302841598,1.301270666
0.22692261,1.302147159,1.302304686
0.22697754,1.302737768,1.303323731
0.22703247,1.302309472,1.302008355
0.22708740,1.300611701,1.299058236
0.22714233,1.299943033,1.300112348
0.22719727,1.300552051,1.301145031
0.22725220,1.300142810,1.299852297
0.22730713,1.298465405,1.296923264
0.22736206,1.297810684,1.297985921
0.22741699,1.298426820,1.299021225
0.22747192,1.298025821,1.297740538
0.22752686,1.296358434,1.294822476
0.22758179,1.295707803,1.295884080
0.22763672,1.296321674,1.296912864
0.22769165,1.295919943,1.295635432
0.22774658,1.294253984,1.292719944
0.22780151,1.293599258,1.293772520
0.22785645,1.294203062,1.294787178
0.22791138,1.293793110,1.293505649
0.22796631,1.292121380,1.290585679
0.22802124,1.291455671,1.291622503
0.22807617,1.292042806,1.292616583
0.22813110,1.291618256,1.291324667
0.22818604,1.289934576,1.288394140
0.22824097,1.289251930,1.289409377
0.22829590,1.289816648,1.290377238
0.22835083,1.289371894,1.289069381
0.22840576,1.287670784,1.286122878
0.22846069,1.286965871,1.287111285
0.22851562,1.287502980,1.288047810
0.22857056,1.287032910,1.286718919
0.22862549,1.285309324,1.283751427
0.22868042,1.284577193,1.284708110
0.22873535,1.285081826,1.285608478
0.22879028,1.284581601,1.284253709
0.22884521,1.282830719,1.281260418
0.22890015,1.282066599,1.282180640
0.22895508,1.282534026,1.283040150
0.22901001,1.281998909,1.281654740
0.22906494,1.280215973,1.278630883
0.22911987,1.279415122,1.279509919
0.22917480,1.279840609,1.280323846
0.22922974,1.279265823,1.278902978
0.22928467,1.277446006,1.275843707
0.22933960,1.276603583,1.276676718
0.22939453,1.276982268,1.277440196
0.22944946,1.276362882,1.275978886
0.22950439,1.274501178,1.272879156
0.22955933,1.273612137,1.273661084
0.22961426,1.273938927,1.274369004
0.22966919,1.273269755,1.272861999
0.22972412,1.271360878,1.269716477
0.22977905,1.270419865,1.270441947
0.22983398,1.270689339,1.271088859
0.22988892,1.269964844,1.269530545
0.22994385,1.268003132,1.266333508
0.22999878,1.267004400,1.266996736
0.23005371,1.267210714,1.267576755
0.23010864,1.266424911,1.265961058
0.23016357,1.264404232,1.262706301
0.23021851,1.263341533,1.263300995
0.23027344,1.263478323,1.263807702
0.23032837,1.262624681,1.262127990
0.23038330,1.260538331,1.258808723
0.23043823,1.259404821,1.259327976
0.23049316,1.259465094,1.259754312
0.23054810,1.258536428,1.258003283
0.23060303,1.256377017,1.254612017
0.23065796,1.255165135,1.255048193
0.23071289,1.255141155,1.255386338
0.23076782,1.254129501,1.253555897
0.23082275,1.251888832,1.250084317
0.23087769,1.250590175,1.250428918
0.23093262,1.250473324,1.250670154
0.23098755,1.249369802,1.248751272
0.23104248,1.247038720,1.245190088
0.23109741,1.245643890,1.245433602
0.23115234,1.245424514,1.245568152
0.23120728,1.244219165,1.243550697
0.23126221,1.241787392,1.239889472
0.23131714,1.240285817,1.240021190
0.23137207,1.239953040,1.240038032
0.23142700,1.238634630,1.237910574
0.23148193,1.236090560,1.234137516
0.23153687,1.234470285,1.234145318
0.23159180,1.234011790,1.234031956
0.23164673,1.232567583,1.231781530
0.23170166,1.229898041,1.227883246
0.23175659,1.228145475,1.227753339
0.23181152,1.227547233,1.227495533
0.23186646,1.225962707,1.225107351
0.23192139,1.223152656,1.221068546
0.23197632,1.221252260,1.220785148
0.23203125,1.220498209,1.220366579
0.23208618,1.218756716,1.217823680
0.23214111,1.215788893,1.213626783
0.23219604,1.213722801,1.213171734
0.23225098,1.212794444,1.212573590
0.23230591,1.210876784,1.209856406
0.23236084,1.207731254,1.205481114
0.23241577,1.205478799,1.204833386
0.23247070,1.204354698,1.204033850
0.23252563,1.202238589,1.201119655
0.23258057,1.198892183,1.196542352
0.23263550,1.196429297,1.195677436
0.23269043,1.195084445,1.194651032
0.23274536,1.192743849,1.191513252
0.23280029,1.189169442,1.186706269
0.23285522,1.186467897,1.185595388
0.23291016,1.184872898,1.184312137
0.23296509,1.182277151,1.180919453
0.23302002,1.178442740,1.175850112
0.23307495,1.175469153,1.174459197
0.23312988,1.173589165,1.172883529
0.23318481,1.170701843,1.169198701
0.23323975,1.166569325,1.163828056
0.23329468,1.163283852,1.162116392
0.23334961,1.161077182,1.160205684
0.23340454,1.157854586,1.156183988
0.23345947,1.153378134,1.150465136
0.23351440,1.149732714,1.148383546
0.23356934,1.147148922,1.146086164
0.23362427,1.143538038,1.141673269
0.23367920,1.138661886,1.135549058
0.23373413,1.134597853,1.133037417
0.23378906,1.131575164,1.130290026
0.23384399,1.127510857,1.125419080
0.23389893,1.122166263,1.118818949
0.23395386,1.117611043,1.115802757
0.23400879,1.114072772,1.112526596
0.23406372,1.109473897,1.107114187
0.23411865,1.103574923,1.099949777
0.23417358,1.098437457,1.096335395
0.23422852,1.094287031,1.092431109
0.23428345,1.089051038,1.086371651
0.23433838,1.082488697,1.078530720
0.23439331,1.076653092,1.074198774
0.23444824,1.071767178,1.069539273
0.23450317,1.065762674,1.062697282
0.23455811,1.058396887,1.054035361
0.23461304,1.051713743,1.048831744
0.23466797,1.045932896,1.043252512
0.23472290,1.038989592,1.035452200
0.23477783,1.030638403,1.025781436
0.23483276,1.022913261,1.019505379
0.23488770,1.016029601,1.012791756
0.23494263,1.007925190,1.003803510
0.23499756,0.998350846,0.992878347
0.23505249,0.989329477,0.985267304
0.23510742,0.981071196,0.977138609
0.23516235,0.971515116,0.966662379
0.23521729,0.960407124,0.954162266
0.23527222,0.949757949,0.944874024
0.23532715,0.939771172,0.934965139
0.23538208,0.928386008,0.922611625
0.23543701,0.915342216,0.908121937
0.23549194,0.902637198,0.896715425
0.23554688,0.890466871,0.884557694
0.23560181,0.876769438,0.869829535
0.23565674,0.861277526,0.852823294
0.23571167,0.845974334,0.838741099
0.23576660,0.831047325,0.823745918
0.23582153,0.814433006,0.806022671
0.23587646,0.795856375,0.785847238
0.23593140,0.777286158,0.768404348
0.23598633,0.758901262,0.749854315
0.23604126,0.738636588,0.728386358
0.23609619,0.716209880,0.704260441
0.23615112,0.693576062,0.682644715
0.23620605,0.670906409,0.659697875
0.23626099,0.646135404,0.633614742
0.23631592,0.618975057,0.604641093
0.23637085,0.591368358,0.577930530
0.23642578,0.563481099,0.549642412
0.23648071,0.533249768,0.517979708
0.23653564,0.500383402,0.483176966
0.23659058,0.466816134,0.450376467
0.23664551,0.432711585,0.415741654
0.23670044,0.396011773,0.377487254
0.23675537,0.356426524,0.335840506
0.23681030,0.315885090,0.295936437
0.23686523,0.274553006,0.253946701
0.23692017,0.230381957,0.208101927
0.23697510,0.183086778,0.158626333
0.23703003,0.134596082,0.110651939
0.23708496,0.085081474,0.060362705
0.23713989,0.032508323,0.006009090
0.23719482,-0.023399644,-0.052183859
0.23724976,-0.080710741,-0.109083526
0.23730469,-0.139243875,-0.168490378
0.23735962,-0.201016906,-0.232131230
0.23741455,-0.266294438,-0.299777552
0.23746948,-0.333139278,-0.366293879
0.23752441,-0.401358840,-0.435463326
0.23757935,-0.472952657,-0.508988676
0.23763428,-0.548172517,-0.586636936
0.23768921,-0.625074981,-0.663269263
0.23774414,-0.703455690,-0.742651391
0.23779907,-0.785296044,-0.826462500
0.23785400,-0.870835582,-0.914465867
0.23790894,-0.958125548,-1.001520388
0.23796387,-1.046951144,-1.091375948
0.23801880,-1.139277327,-1.185690020
0.23807373,-1.235333359,-1.284224216
0.23812866,-1.333167373,-1.381837504
0.23818359,-1.432556594,-1.482266519
0.23823853,-1.535452229,-1.587149846
0.23829346,-1.642076085,-1.696250282
0.23834839,-1.750476103,-1.804429839
0.23840332,-1.860424576,-1.915415017
0.23845825,-1.973862107,-2.030828720
0.23851318,-2.091006214,-2.150438076
0.23856812,-2.209907809,-2.269111308
0.23862305,-2.330337460,-2.390568013
0.23867798,-2.454228407,-2.516418693
0.23873291,-2.581797086,-2.646437955
0.23878784,-2.711100543,-2.775503389
0.23884277,-2.841910801,-2.907330883
0.23889771,-2.976156928,-3.043521748
0.23895264,-3.114057419,-3.183861160
0.23900757,-3.253678547,-3.323239143
0.23906250,-3.394796874,-3.465370972
0.23911743,-3.539340381,-3.611851863
0.23917236,-3.687532632,-3.762480497
0.23922729,-3.837452041,-3.912162217
0.23928223,-3.988882582,-4.064614533
0.23933716,-4.143753946,-4.221429346
0.23939209,-4.302297413,-4.382421382
0.23944702,-4.462606009,-4.542513683
0.23950195,-4.624473427,-4.705428233
0.23955688,-4.789833193,-4.872755661
0.23961182,-4.958926147,-5.044328405
0.23966675,-5.129861450,-5.215088579
0.23972168,-5.302443744,-5.388763725
0.23977661,-5.478611290,-5.566943950
0.23983154,-5.658614974,-5.749479646
0.23988647,-5.840580125,-5.931331814
0.23994141,-6.024321955,-6.116232970
0.23999634,-6.211782643,-6.305771683
0.24005127,-6.403221800,-6.499814688
0.24010620,-6.596779086,-6.693339785
0.24016113,-6.792277982,-6.890081941
0.24021606,-6.991661828,-7.091625211
0.24027100,-7.195195695,-7.297849132
0.24032593,-7.401029825,-7.503744315
0.24038086,-7.608991799,-7.713043812
0.24043579,-7.821021571,-7.927322443
0.24049072,-8.037384718,-8.146467358
0.24054565,-8.256236734,-8.365476476
0.24060059,-8.477403699,-8.588075205
0.24065552,-8.702816344,-8.815823198
0.24071045,-8.932734680,-9.048609000
0.24076538,-8.831637696,-8.947755997
0.24082031,-8.876195550,-8.993241613
0.24087524,-8.908659252,-9.026543598
0.24093018,-8.933246427,-9.051913988
0.24098511,-8.952602105,-9.071411110
0.24104004,-8.968145592,-9.087710272
0.24109497,-8.980963425,-9.100524109
0.24114990,-8.991635513,-9.111823181
0.24120483,-9.000711334,-9.120560476
0.24125977,-9.008485113,-9.128746946
0.24131470,-9.015235744,-9.135264172
0.24136963,-9.021154095,-9.141282367
0.24142456,-9.026368937,-9.146626390
0.24147949,-9.031028827,-9.151019483
0.24153442,-9.035178735,-9.155729105
0.24158936,-9.038944953,-9.158864919
0.24164429,-9.042326742,-9.163205343
0.24169922,-9.045434658,-9.165361235
0.24175415,-9.048244250,-9.169457581
0.24180908,-9.050852722,-9.170852508
0.24186401,-9.053224534,-9.174760247
0.24191895,-9.055444834,-9.175569044
0.24197388,-9.057474136,-9.179310300
0.24202881,-9.059386647,-9.179672231
0.24208374,-9.061142854,-9.183254221
0.24213867,-9.062807151,-9.183279495
0.24219360,-9.064342051,-9.186703689
0.24224854,-9.065803262,-9.186478912
0.24230347,-9.067156287,-9.189745397
0.24235840,-9.068449237,-9.189338191
0.24241333,-9.069650950,-9.192447588
0.24246826,-9.070802948,-9.191910451
0.24252319,-9.071877408,-9.194864595
0.24257813,-9.072910174,-9.194238060
0.24263306,-9.073876586,-9.197040107
0.24268799,-9.074807610,-9.196355300
0.24274292,-9.075681490,-9.199009563
0.24279785,-9.076525013,-9.198290241
0.24285278,-9.077319037,-9.200801947
0.24290771,-9.078086771,-9.200066113
0.24296265,-9.078811397,-9.202441143
0.24301758,-9.079513062,-9.201702322
0.24307251,-9.080176994,-9.203946976
0.24312744,-9.080820723,-9.203215207
0.24318237,-9.081431268,-9.205336012
0.24323730,-9.082023915,-9.204618638
0.24329224,-9.082587252,-9.206622187
0.24334717,-9.083134634,-9.205924461
0.24340210,-9.083656022,-9.207817296
0.24345703,-9.084163111,-9.207142861
0.24351196,-9.084647055,-9.208931380
0.24356689,-9.085118122,-9.208282644
0.24362183,-9.085568505,-9.209973037
0.24367676,-9.086007239,-9.209351465
0.24373169,-9.086427424,-9.210949670
0.24378662,-9.086837029,-9.210356008
0.24384155,-9.087229945,-9.211867683
0.24389648,-9.087613217,-9.211302142
0.24395142,-9.087981426,-9.212732646
0.24400635,-9.088340814,-9.212195034
0.24406128,-9.088686566,-9.213549423
0.24411621,-9.089024226,-9.213039258
0.24417114,-9.089349508,-9.214322285
0.24422607,-9.089667345,-9.213838875
0.24428101,-9.089973915,-9.215054993
0.24433594,-9.090273616,-9.214597505
0.24439087,-9.090563037,-9.215750878
0.24444580,-9.090846106,-9.215318382
0.24450073,-9.091119771,-9.216412896
0.24455566,-9.091387550,-9.216004408
0.24461060,-9.091646706,-9.217043684
0.24466553,-9.091900395,-9.216658193
0.24472046,-9.092146161,-9.217645600
0.24477539,-9.092386839,-9.217282089
0.24483032,-9.092620223,-9.218220762
0.24488525,-9.092848862,-9.217878226
0.24494019,-9.093070770,-9.218771076
0.24499512,-9.093288248,-9.218448532
0.24505005,-9.093499503,-9.219298263
0.24510498,-9.093706614,-9.218994760
0.24515991,-9.093907962,-9.219803883
0.24521484,-9.094105425,-9.219518507
0.24526978,-9.094297544,-9.220289353
0.24532471,-9.094486017,-9.220021230
0.24537964,-9.094669522,-9.220755962
0.24543457,-9.094849602,-9.220504261
0.24548950,-9.095025058,-9.221204888
0.24554443,-9.095197290,-9.220968822
0.24559937,-9.095365213,-9.221637207
0.24565430,-9.095530098,-9.221416032
0.24570923,-9.095690959,-9.222053907
0.24576416,-9.095848954,-9.221846923
0.24581909,-9.096003189,-9.222455896
0.24587402,-9.096154715,-9.222262444
0.24592896,-9.096302721,-9.222844010
0.24598389,-9.096448167,-9.222663471
0.24603882,-9.096590312,-9.223219020
0.24609375,-9.096730033,-9.223050813
0.24614868,-9.096866658,-9.223581638
0.24620361,-9.097000985,-9.223425221
0.24625854,-9.097132402,-9.223932525
0.24631348,-9.097261640,-9.223787389
0.24636841,-9.097388140,-9.224272291
0.24642334,-9.097512571,-9.224137960
0.24647827,-9.097634424,-9.224601507
0.24653320,-9.097754310,-9.224477535
0.24658813,-9.097871765,-9.224920699
0.24664307,-9.097987349,-9.224806672
0.24669800,-9.098100640,-9.225230361
0.24675293,-9.098212148,-9.225125889
0.24680786,-9.098321490,-9.225530953
0.24686279,-9.098429134,-9.225435671
0.24691772,-9.098534730,-9.225822903
0.24697266,-9.098638705,-9.225736471
0.24702759,-9.098740742,-9.226106612
0.24708252,-9.098841232,-9.226028712
0.24713745,-9.098939886,-9.226382457
0.24719238,-9.099037063,-9.226312790
0.24724731,-9.099132499,-9.226650790
0.24730225,-9.099226523,-9.226589077
0.24735718,-9.099318895,-9.226911942
0.24741211,-9.099409915,-9.226857920
0.24746704,-9.099499368,-9.227166223
0.24752197,-9.099587526,-9.227119647
0.24757690,-9.099674194,-9.227413926
0.24763184,-9.099759622,-9.227374565
0.24768677,-9.099843633,-9.227655325
0.24774170,-9.099926455,-9.227622962
0.24779663,-9.100007929,-9.227890680
0.24785156,-9.100088262,-9.227865112
0.24790649,-9.100167310,-9.228120235
0.24796143,-9.100245264,-9.228101269
0.24801636,-9.100321994,-9.228344222
0.24807129,-9.100397672,-9.228331677
0.24812622,-9.100472183,-9.228562858
0.24818115,-9.100545683,-9.228556563
0.24823608,-9.100618069,-9.228776350
0.24829102,-9.100689484,-9.228776144
0.24834595,-9.100759834,-9.228984893
0.24840088,-9.100829250,-9.228990623
0.24845581,-9.100897649,-9.229188672
0.24851074,-9.100965148,-9.229200193
0.24856567,-9.101031675,-9.229387862
0.24862061,-9.101097335,-9.229405038
0.24867554,-9.101162066,-9.229582630
0.24873047,-9.101225961,-9.229605329
0.24878540,-9.101288967,-9.229773133
0.24884033,-9.101351166,-9.229801233
0.24889526,-9.101412515,-9.229959523
0.24895020,-9.101473085,-9.229992905
0.24900513,-9.101532840,-9.230141941
0.24906006,-9.101591844,-9.230180493
0.24911499,-9.101650067,-9.230320524
0.24916992,-9.101707564,-9.230364138
0.24922485,-9.101764312,-9.230495400
0.24927979,-9.101820359,-9.230543974
0.24933472,-9.101875688,-9.230666694
0.24938965,-9.101930338,-9.230720129
0.24944458,-9.101984299,-9.230834522
0.24949951,-9.102037605,-9.230892725
0.24955444,-9.102090248,-9.230998996
0.24960937,-9.102142257,-9.231061876
0.24966431,-9.102193631,-9.231160225
0.24971924,-9.102244390,-9.231227695
0.24977417,-9.102294538,-9.231318309
0.24982910,-9.102344091,-9.231390285
0.24988403,-9.102393057,-9.231473347
0.24993896,-9.102441447,-9.231549748
0.24999390,-9.102489272,-9.231625432
0.25004883,-9.102536538,-9.231706181
0.25010376,-9.102583262,-9.231774653
0.25015869,-9.102629443,-9.231859675
0.25021362,-9.102675102,-9.231921096
0.25026855,-9.102720235,-9.232010317
0.25032349,-9.102764865,-9.232064843
0.25037842,-9.102808985,-9.232158194
0.25043335,-9.102852621,-9.232205973
0.25048828,-9.102895761,-9.232303384
0.25054321,-9.102938434,-9.232344561
0.25059814,-9.102980627,-9.232445967
0.25065308,-9.103022370,-9.232480678
0.25070801,-9.103063646,-9.232586014
0.25076294,-9.103104488,-9.232614395
0.25081787,-9.103144876,-9.232723599
0.25087280,-9.103184846,-9.232745779
0.25092773,-9.103224375,-9.232858788
0.25098267,-9.103263500,-9.232874892
0.25103760,-9.103302196,-9.232991648
0.25109253,-9.103340503,-9.233001797
0.25114746,-9.103378392,-9.233122242
0.25120239,-9.103415906,-9.233126552
0.25125732,-9.103453014,-9.233250629
0.25131226,-9.103489759,-9.233249215
0.25136719,-9.103526108,-9.233376868
0.25142212,-9.103562107,-9.233369839
0.25147705,-9.103597722,-9.233501016
0.25153198,-9.103632997,-9.233488479
0.25158691,-9.103667899,-9.233623125
0.25164185,-9.103702472,-9.233605184
0.25169678,-9.103736681,-9.233743247
0.25175171,-9.103770574,-9.233720003
0.25180664,-9.103804110,-9.233861434
0.25186157,-9.103837341,-9.233832984
0.25191650,-9.103870226,-9.233977731
0.25197144,-9.103902814,-9.233944171
0.25202637,-9.103935064,-9.234092187
0.25208130,-9.103967029,-9.234053609
0.25213623,-9.103998663,-9.234204845
0.25219116,-9.104030021,-9.234161339
0.25224609,-9.104061057,-9.234315749
0.25230103,-9.104091825,-9.234267403
0.25235596,-9.104122280,-9.234424939
0.25241089,-9.104152475,-9.234371839
0.25246582,-9.104182363,-9.234532457
0.25252075,-9.104212001,-9.234474686
0.25257568,-9.104241339,-9.234638341
0.25263062,-9.104270435,-9.234575980
0.25268555,-9.104299238,-9.234742629
0.25274048,-9.104327806,-9.234675756
0.25279541,-9.104356088,-9.234845356
0.25285034,-9.104384142,-9.234774050
0.25290527,-9.104411918,-9.234946557
0.25296021,-9.104439472,-9.234870894
0.25301514,-9.104466754,-9.235046267
0.25307007,-9.104493821,-9.234966320
0.25312500,-9.104520623,-9.235144518
0.25317993,-9.104547216,-9.235060359
0.25323486,-9.104573550,-9.235241342
0.25328979,-9.104599681,-9.235153041
0.25334473,-9.104625558,-9.235336769
0.25339966,-9.104651240,-9.235244395
0.25345459,-9.104676673,-9.235430829
0.25350952,-9.104701916,-9.235334450
0.25356445,-9.104726916,-9.235523551
0.25361938,-9.104751731,-9.235423232
0.25367432,-9.104776309,-9.235614963
0.25372925,-9.104800708,-9.235510769
0.25378418,-9.104824874,-9.235705091
0.25383911,-9.104848866,-9.235597085
0.25389404,-9.104872631,-9.235793961
0.25394897,-9.104896226,-9.235682205
0.25400391,-9.104919599,-9.235881601
0.25405884,-9.104942808,-9.235766154
0.25411377,-9.104965799,-9.235968033
0.25416870,-9.104988630,-9.235848955
0.25422363,-9.105011248,-9.236053281
0.25427856,-9.105033711,-9.235930631
0.25433350,-9.105055965,-9.236137370
0.25438843,-9.105078068,-9.236011204
0.25444336,-9.105099967,-9.236220322
0.25449829,-9.105121719,-9.236090695
0.25455322,-9.105143271,-9.236302158
0.25460815,-9.105164680,-9.236169126
0.25466309,-9.105185893,-9.236382900
0.25471802,-9.105206968,-9.236246515
0.25477295,-9.105227849,-9.236462569
0.25482788,-9.105248597,-9.236322884
0.25488281,-9.105269155,-9.236541184
0.25493774,-9.105289583,-9.236398251
0.25499268,-9.105309825,-9.236618766
0.25504761,-9.105329940,-9.236472636
0.25510254,-9.105349874,-9.236695334
0.25515747,-9.105369684,-9.236546055
0.25521240,-9.105389316,-9.236770906
0.25526733,-9.105408827,-9.236618527
0.25532227,-9.105428164,-9.236845500
0.25537720,-9.105447384,-9.236690069
0.25543213,-9.105466432,-9.236919135
0.25548706,-9.105485366,-9.236760698
0.25554199,-9.105504132,-9.236991827
0.25559692,-9.105522787,-9.236830430
0.25565186,-9.105541277,-9.237063593
0.25570679,-9.105559659,-9.236899281
0.25576172,-9.105577879,-9.237134449
0.25581665,-9.105595994,-9.236967267
0.25587158,-9.105613950,-9.237204412
0.25592651,-9.105631803,-9.237034403
0.25598145,-9.105649500,-9.237273497
0.25603638,-9.105667098,-9.237100704
0.25609131,-9.105684542,-9.237341719
0.25614624,-9.105701890,-9.237166184
0.25620117,-9.105719086,-9.237409093
0.25625610,-9.105736188,-9.237230857
0.25631104,-9.105753142,-9.237475635
0.25636597,-9.105770004,-9.237294738
0.25642090,-9.105786720,-9.237541357
0.25647583,-9.105803347,-9.237357839
0.25653076,-9.105819831,-9.237606273
0.25658569,-9.105836228,-9.237420174
0.25664063,-9.105852484,-9.237670398
0.25669556,-9.105868655,-9.237481755
0.25675049,-9.105884689,-9.237733745
0.25680542,-9.105900639,-9.237542596
0.25686035,-9.105916453,-9.237796326
0.25691528,-9.105932187,-9.237602708
0.25697021,-9.105947787,-9.237858154
0.25702515,-9.105963309,-9.237662104
0.25708008,-9.105978699,-9.237919242
0.25713501,-9.105994013,-9.237720795
0.25718994,-9.106009198,-9.237979601
0.25724487,-9.106024308,-9.237778793
0.25729980,-9.106039291,-9.238039244
0.25735474,-9.106054201,-9.237836109
0.25740967,-9.106068986,-9.238098183
0.25746460,-9.106083701,-9.237892754
0.25751953,-9.106098292,-9.238156427
0.25757446,-9.106112814,-9.237948740
0.25762939,-9.106127216,-9.238213990
0.25768433,-9.106141549,-9.238004076
0.25773926,-9.106155764,-9.238270881
0.25779419,-9.106169913,-9.238058773
0.25784912,-9.106183945,-9.238327111
0.25790405,-9.106197913,-9.238112841
0.25795898,-9.106211766,-9.238382692
0.25801392,-9.106225556,-9.238166290
0.25806885,-9.106239233,-9.238437632
0.25812378,-9.106252848,-9.238219130
0.25817871,-9.106266352,-9.238491942
0.25823364,-9.106279796,-9.238271371
0.25828857,-9.106293131,-9.238545633
0.25834351,-9.106306407,-9.238323021
0.25839844,-9.106319575,-9.238598713
0.25845337,-9.106332687,-9.238374090
0.25850830,-9.106345692,-9.238651192
0.25856323,-9.106358641,-9.238424587
0.25861816,-9.106371486,-9.238703080
0.25867310,-9.106384276,-9.238474520
0.25872803,-9.106396964,-9.238754385
0.25878296,-9.106409598,-9.238523899
0.25883789,-9.106422131,-9.238805116
0.25889282,-9.106434612,-9.238572732
0.25894775,-9.106446993,-9.238855283
0.25900269,-9.106459324,-9.238621028
0.25905762,-9.106471556,-9.238904894
0.25911255,-9.106483739,-9.238668793
0.25916748,-9.106495825,-9.238953957
0.25922241,-9.106507862,-9.238716037
0.25927734,-9.106519804,-9.239002480
0.25933228,-9.106531699,-9.238762767
0.25938721,-9.106543500,-9.239050472
0.25944214,-9.106555255,-9.238808991
0.25949707,-9.106566917,-9.239097941
0.25955200,-9.106578534,-9.238854717
0.25960693,-9.106590060,-9.239144894
0.25966187,-9.106601542,-9.238899952
0.25971680,-9.106612933,-9.239191339
0.25977173,-9.106624282,-9.238944702
0.25982666,-9.106635542,-9.239237284
0.25988159,-9.106646761,-9.238988977
0.25993652,-9.106657891,-9.239282736
0.25999146,-9.106668981,-9.239032781
0.26004639,-9.106679984,-9.239327702
0.26010132,-9.106690948,-9.239076123
0.26015625,-9.106701826,-9.239372190
0.26021118,-9.106712665,-9.239119009
0.26026611,-9.106723420,-9.239416206
0.26032104,-9.106734137,-9.239161446
0.26037598,-9.106744772,-9.239459758
0.26043091,-9.106755369,-9.239203439
0.26048584,-9.106765884,-9.239502851
0.26054077,-9.106776363,-9.239244997
0.26059570,-9.106786762,-9.239545494
0.26065063,-9.106797125,-9.239286124
0.26070557,-9.106807408,-9.239587691
0.26076050,-9.106817657,-9.239326828
0.26081543,-9.106827827,-9.239629451
0.26087036,-9.106837964,-9.239367114
0.26092529,-9.106848023,-9.239670778
0.26098022,-9.106858048,-9.239406988
0.26103516,-9.106867998,-9.239711679
0.26109009,-9.106877915,-9.239446456
0.26114502,-9.106887757,-9.239752160
0.26119995,-9.106897567,-9.239485523
0.26125488,-9.106907303,-9.239792228
0.26130981,-9.106917007,-9.239524197
0.26136475,-9.106926639,-9.239831888
0.26141968,-9.106936240,-9.239562481
0.26147461,-9.106945769,-9.239871145
0.26152954,-9.106955268,-9.239600381
0.26158447,-9.106964696,-9.239910005
0.26163940,-9.106974094,-9.239637903
0.26169434,-9.106983423,-9.239948474
0.26174927,-9.106992723,-9.239675050
0.26180420,-9.107001953,-9.239986554
0.26185913,-9.107011156,-9.239711822
0.26191406,-9.107020290,-9.240024243
0.26196899,-9.107029397,-9.239748204
0.26202393,-9.107038436,-9.240061515
0.26207886,-9.107047448,-9.239784143
0.26213379,-9.107056394,-9.240098284
0.26218872,-9.107065314,-9.239819488
0.26224365,-9.107074167,-9.240134306
0.26229858,-9.107082995,-9.239853836
0.26235352,-9.107091758,-9.240168975
0.26240845,-9.107100496,-9.239886242
0.26246338,-9.107109169,-9.240200829
0.26251831,-9.107117818,-9.239914592
0.26257324,-9.107126402,-9.240226744
0.26262817,-9.107134962,-9.239934104
0.26268311,-9.107143458,-9.240240066
0.26273804,-9.107151928,-9.239935191
0.26279297,-9.107160334,-9.240225982
0.26284790,-9.107168714,-9.239897748
0.26290283,-9.107177026,-9.240156213
0.26295776,-9.107185309,-9.239776703
0.26301270,-9.107193519,-9.239970777
0.26306763,-9.107201693,-9.239490587
0.26312256,-9.107209784,-9.239571856
0.26317749,-9.107217827,-9.238885612
0.26323242,-9.107225767,-9.238768756
0.26328735,-9.107233639,-9.237727743
0.26334229,-9.107241371,-9.237257565
0.26339722,-9.107249000,-9.235565296
0.26345215,-9.107256434,-9.234471704
0.26350708,-9.107263677,-9.231803630
0.26356201,-9.107270633,-9.229172983
0.26361694,-9.107277261,-9.224864245
0.26367188,-9.107283484,-9.219807333
0.26372681,-9.107289069,-9.213364441
0.26378174,-9.107294026,-9.202859838
0.26383667,-9.107297969,-9.192380564
0.26389160,-9.107301028,-9.175174271
0.26394653,-9.107302124,-9.160079258
0.26400146,-9.107301689,-9.126238410
0.26405640,-9.107298448,-9.099775853
0.26411133,-9.107293098,-9.051370693
0.26416626,-9.107281892,-9.015184334
0.26422119,-9.107266347,-8.915408355
0.26427612,-9.107243425,-8.843293469
0.26433105,-9.107214874,-8.722680925
0.26438599,-9.107167495,-8.635764129
0.26444092,-9.107105004,-8.342879964
0.26449585,-9.107022186,-8.131989723
0.26455078,-9.106921191,-7.869273816
0.26460571,-9.106743051,-7.675769177
0.26466064,-9.106486497,-6.771777934
0.26471558,-9.106148288,-6.111165875
0.26477051,-9.105704922,-5.701565364
0.26482544,-9.105035885,-5.375266360
0.26488037,-9.103351096,-4.628472634
0.26493530,-9.099189343,-1.559284715
0.26499023,-9.084311097,-0.117032623
0.26504517,8.617144076,17.336475901
0.26510010,24.521767191,33.533334122
0.26515503,34.177001063,37.417350452
0.26520996,37.442598106,38.664083638
0.26526489,37.939020648,37.590653324
0.26531982,37.981391088,38.072789668
0.26537476,38.716130520,39.265780549
0.26542969,39.359275908,39.731746367
0.26548462,39.350014492,39.062739090
0.26553955,39.413972851,39.503073965
0.26559448,40.069081004,40.568203373
0.26564941,40.627943725,40.917698398
0.26570435,40.661368121,40.470447433
0.26575928,40.778316783,40.871842721
0.26581421,41.374639916,41.826749314
0.26586914,41.875027551,42.120616514
0.26592407,41.927707793,41.787884940
0.26597900,42.056302309,42.142633682
0.26603394,42.591637414,42.998072417
0.26608887,43.039571556,43.253608828
0.26614380,43.096288012,42.985108555
0.26619873,43.219821004,43.295434203
0.26625366,43.700101369,44.066219558
0.26630859,44.105129330,44.296389230
0.26636353,44.164524184,44.073591937
0.26641846,44.284256959,44.352718465
0.26647339,44.725191764,45.060869977
0.26652832,45.104401922,45.283248484
0.26658325,45.176459245,45.106193560
0.26663818,45.304663528,45.373939424
0.26669312,45.727240309,46.044556755
0.26674805,46.100695865,46.277924893
0.26680298,46.198875694,46.152922332
0.26685791,46.349137484,46.427078992
0.26691284,46.770928516,47.079795998
0.26696777,47.152901731,47.335789184
0.26702271,47.284212651,47.263734918
0.26707764,47.461487562,47.551078601
0.26713257,47.888185744,48.192192734
0.26718750,48.279791637,48.468682957
0.26724243,48.438233136,48.438362812
0.26729736,48.633929835,48.731082646
0.26735229,49.056884850,49.352257075
0.26740723,49.445788942,49.634231518
0.26746216,49.613975626,49.624615653
0.26751709,49.809803676,49.905558475
0.26757202,50.212246806,50.491186421
0.26762695,50.580717220,50.759718011
0.26768188,50.739216796,50.749746377
0.26773682,50.917609357,51.003517743
0.26779175,51.285847778,51.542241072
0.26784668,51.622005177,51.785723651
0.26790161,51.760010256,51.764540395
0.26795654,51.913887345,51.986875208
0.26801147,52.245826858,52.479434201
0.26806641,52.550418942,52.699439620
0.26812134,52.670418034,52.669917526
0.26817627,52.805689047,52.869146485
0.26823120,53.111163885,53.327605579
0.26828613,53.395652802,53.535837263
0.26834106,53.509356466,53.509386412
0.26839600,53.638995297,53.699647525
0.26845093,53.932347160,54.139247035
0.26850586,54.210290965,54.348342386
0.26856079,54.329199640,54.335077006
0.26861572,54.463509622,54.526500698
0.26867065,54.754037217,54.956239160
0.26872559,55.032105971,55.171100692
0.26878052,55.159466583,55.172284761
0.26883545,55.299368450,55.365006303
0.26889038,55.586239821,55.783395462
0.26894531,55.860890843,55.998762244
0.26900024,55.990201088,56.006228637
0.26905518,56.127590876,56.191696152
0.26911011,56.401966104,56.589764506
0.26916504,56.663106186,56.794626042
0.26921997,56.783038273,56.796302112
0.26927490,56.906685887,56.963650909
0.26932983,57.158257225,57.331777291
0.26938477,57.396042307,57.516266018
0.26943970,57.497147138,57.502791089
0.26949463,57.599015972,57.644951182
0.26954956,57.821689186,57.978202132
0.26960449,58.031341630,58.137951966
0.26965942,58.109853456,58.105953868
0.26971436,58.187838199,58.221851767
0.26976929,58.381403291,58.521115973
0.26982422,58.563847649,58.657377706
0.26987915,58.621373733,58.608691254
0.26993408,58.678190111,58.701755682
0.26998901,58.846572218,58.971689581
0.27004395,59.006199370,59.088862430
0.27009888,59.047157044,59.027814582
0.27015381,59.087619687,59.103193979
0.27020874,59.236142187,59.349492157
0.27026367,59.378164315,59.452533297
0.27031860,59.407316452,59.383575942
0.27037354,59.436132888,59.446072867
0.27042847,59.569618197,59.673728583
0.27048340,59.698489460,59.766734249
0.27053833,59.719684483,59.693343130
0.27059326,59.740510553,59.746630104
0.27064819,59.862630663,59.959432923
0.27070312,59.981653443,60.045367873
0.27075806,59.997647248,59.969967773
0.27081299,60.013092345,60.016683325
0.27086792,60.126521028,60.217442324
0.27092285,60.238101194,60.298441383
0.27097778,60.250877996,60.222755330
0.27103271,60.262865811,60.264883839
0.27108765,60.369654195,60.455808881
0.27114258,60.475662747,60.533527770
0.27119751,60.486761012,60.458882227
0.27125244,60.496808630,60.498009733
0.27130737,60.598606927,60.680904039
0.27136230,60.700530418,60.756631754
0.27141724,60.711113316,60.683985551
0.27147217,60.720321460,60.721250776
0.27152710,60.818288597,60.897380610
0.27158203,60.917054328,60.971821058
0.27163696,60.927650903,60.901463878
0.27169189,60.936368488,60.937185828
0.27174683,61.030767548,61.106842328
0.27180176,61.126274915,61.179613063
0.27185669,61.136256614,61.110614710
0.27191162,61.143518694,61.143713209
0.27196655,61.233133608,61.305620109
0.27202148,61.323665845,61.374662044
0.27207642,61.330674310,61.304309419
0.27213135,61.333673675,61.331801345
0.27218628,61.415353691,61.482698552
0.27224121,61.497223113,61.543973230
0.27229614,61.496946964,61.467615158
0.27235107,61.490976745,61.484643485
0.27240601,61.559776630,61.619529365
0.27246094,61.627687998,61.667495958
0.27251587,61.614470647,61.579275398
0.27257080,61.593792689,61.580110465
0.27262573,61.644106058,61.693509354
0.27268066,61.692543624,61.722638288
0.27273560,61.660998673,61.617220787
0.27279053,61.620647794,61.597157278
0.27284546,61.648142822,61.685117503
0.27290039,61.673361636,61.691903708
0.27295532,61.620330936,61.566411799
0.27301025,61.557942934,61.523524109
0.27306519,61.561157934,61.585088677
0.27312012,61.562444524,61.569134943
0.27317505,61.487831713,61.423758742
0.27322998,61.403976743,61.358976392
0.27328491,61.384104668,61.395686753
0.27333984,61.362993905,61.358632127
0.27339478,61.268431978,61.195020858
0.27344971,61.164791546,61.110062694
0.27350464,61.123462485,61.123549991
0.27355957,61.081253989,61.066461995
0.27361450,60.967511034,60.885086521
0.27366943,60.844345828,60.779974504
0.27372437,60.781332181,60.769799572
0.27377930,60.717195510,60.691495048
0.27383423,60.582817566,60.490574168
0.27388916,60.438248309,60.363245616
0.27394409,60.351434373,60.327221489
0.27399902,60.263061275,60.225263512
0.27405396,60.105644339,60.002344116
0.27410889,59.937428187,59.850673595
0.27416382,59.824930688,59.787146472
0.27421875,59.710807849,59.660177190
0.27427368,59.529218436,59.414310343
0.27432861,59.336720813,59.237938203
0.27438354,59.198441777,59.147112946
0.27443848,59.058858234,58.995572850
0.27449341,58.853627850,58.727391062
0.27454834,58.637604360,58.527194383
0.27460327,58.474468985,58.410102050
0.27465820,58.310340175,58.234854827
0.27471313,58.082255781,57.945059298
0.27476807,57.843421067,57.721728079
0.27482300,57.656144647,57.579112471
0.27487793,57.468179690,57.380832958
0.27493286,57.218013627,57.070223343
0.27498779,56.957436530,56.825002716
0.27504272,56.747612585,56.658763350
0.27509766,56.538041385,56.439984910
0.27515259,56.268784829,56.111939169
0.27520752,55.990428213,55.849308537
0.27526245,55.763124985,55.665105534
0.27531738,55.538075990,55.432464047
0.27537231,55.256825396,55.094553192
0.27542725,54.968699996,54.822988782
0.27548218,54.732696308,54.629998214
0.27553711,54.501404528,54.392910209
0.27559204,54.217520802,54.054524662
0.27564697,53.928867283,53.783193239
0.27570190,53.693015672,53.590069584
0.27575684,53.463597161,53.356228714
0.27581177,53.184173526,53.023915560
0.27586670,52.900932404,52.758172359
0.27592163,52.669938479,52.569011233
0.27597656,52.445758786,52.341078875
0.27603149,52.172808553,52.016163747
0.27608643,51.895791809,51.756235412
0.27614136,51.669458613,51.570367235
0.27619629,51.449461216,51.346848592
0.27625122,51.181270030,51.027298515
0.27630615,50.908416948,50.770983245
0.27636108,50.684639141,50.586324081
0.27641602,50.466884936,50.365364138
0.27647095,50.201892519,50.049822466
0.27652588,49.932296084,49.796570652
0.27658081,49.711050182,49.613577328
0.27663574,49.496514873,49.396646625
0.27669067,49.236790779,49.087735350
0.27674561,48.973750603,48.841481162
0.27680054,48.759647724,48.665446422
0.27685547,48.554215898,48.459050078
0.27691040,48.306850661,48.164455287
0.27696533,48.058627431,47.934049538
0.27702026,47.861005140,47.774859916
0.27707520,47.674881363,47.589605974
0.27713013,47.450709170,47.320454486
0.27718506,47.228565788,47.117364079
0.27723999,47.058873703,46.986558083
0.27729492,46.903362221,46.833636261
0.27734985,46.713211929,46.600486625
0.27740479,46.527242474,46.434419460
0.27745972,46.394583776,46.340595081
0.27751465,46.277501168,46.227137196
0.27756958,46.127656331,46.035477828
0.27762451,45.982478503,45.910207465
0.27767944,45.889717891,45.855354539
0.27773438,45.812086339,45.781436638
0.27778931,45.701709825,45.629490984
0.27784424,45.594733819,45.541560212
0.27789917,45.537682734,45.520713224
0.27795410,45.493858068,45.479960555
0.27800903,45.416042357,45.360199919
0.27806396,45.339377376,45.301252592
0.27811890,45.309449332,45.305513617
0.27817383,45.290383240,45.288655822
0.27822876,45.235852184,45.191707590
0.27828369,45.180265339,45.152560791
0.27833862,45.168505111,45.173147409
0.27839355,45.165663827,45.171865344
0.27844849,45.126416214,45.090003216
0.27850342,45.084561027,45.063654149
0.27855835,45.084349058,45.094330131
0.27861328,45.091819740,45.103054367
0.27866821,45.062600770,45.031346788
0.27872314,45.029853471,45.013489255
0.27877808,45.037140265,45.050498985
0.27883301,45.051325463,45.065838120
0.27888794,45.028866037,45.001166221
0.27894287,45.002210220,44.988906077
0.27899780,45.014155224,45.029499836
0.27905273,45.032275976,45.048685441
0.27910767,45.013765035,44.988209672
0.27916260,44.990328236,44.978642575
0.27921753,45.003981636,45.019838952
0.27927246,45.022969011,45.039728583
0.27932739,45.005202045,44.980170817
0.27938232,44.981691346,44.969964987
0.27943726,44.993730643,45.008440082
0.27949219,45.010262386,45.025704677
0.27954712,44.989964405,44.963813886
0.27960205,44.963251068,44.949924104
0.27965698,44.970793338,44.982935260
0.27971191,44.982291811,44.995146785
0.27976685,44.957252669,44.928899323
0.27982178,44.925591671,44.909824338
0.27987671,44.927440635,44.936466328
0.27993164,44.933288902,44.943293379
0.27998657,44.903490254,44.872970240
0.28004150,44.867502712,44.849657856
0.28009644,44.864936426,44.871548396
0.28015137,44.867028706,44.875183652
0.28020630,44.834924889,44.803512953
0.28026123,44.797589245,44.779203711
0.28031616,44.794054697,44.800028239
0.28037109,44.796201029,44.804447827
0.28042603,44.765853490,44.735605009
0.28048096,44.731400884,44.714610113
0.28053589,44.731210552,44.738722007
0.28059082,44.737680796,44.748156975
0.28064575,44.713198743,44.686158024
0.28070068,44.685499470,44.672223108
0.28075562,44.692209890,44.703022594
0.28081055,44.706145869,44.720391743
0.28086548,44.690167621,44.667612529
0.28092041,44.671311354,44.662550139
0.28097534,44.686426530,44.701251560
0.28103027,44.708688837,44.727081705
0.28108521,44.701389896,44.683348152
0.28114014,44.690872288,44.686314957
0.28119507,44.713226677,44.731429334
0.28125000,44.741993111,44.763562969
0.28130493,44.740920159,44.726104570
0.28135986,44.735732379,44.733820576
0.28141479,44.761853584,44.781656831
0.28146973,44.793267341,44.816044818
0.28152466,44.794275830,44.780578178
0.28157959,44.790123785,44.788687256
0.28163452,44.815711235,44.834959993
0.28168945,44.845580639,44.867469769
0.28174438,44.844700582,44.830143887
0.28179932,44.837966507,44.835218159
0.28185425,44.859866054,44.877022260
0.28190918,44.885561334,44.905288055
0.28196411,44.880723250,44.864316516
0.28201904,44.869932242,44.865184751
0.28207397,44.887265979,44.901948895
0.28212891,44.908452685,44.925900132
0.28218384,44.899788051,44.881640000
0.28223877,44.885465877,44.879021234
0.28229370,44.899066110,44.911729618
0.28234863,44.916761905,44.932461364
0.28240356,44.905354299,44.886016290
0.28245850,44.888564283,44.880956574
0.28251343,44.899400514,44.910529613
0.28256836,44.914401613,44.928738424
0.28262329,44.900818724,44.880553388
0.28267822,44.881894185,44.873267904
0.28273315,44.890082583,44.899718480
0.28278809,44.902303240,44.915213304
0.28284302,44.886292511,44.864952495
0.28289795,44.864886953,44.855054684
0.28295288,44.870067048,44.878027213
0.28300781,44.879191703,44.890516030
0.28306274,44.860539156,44.838019809
0.28311768,44.836611699,44.825563445
0.28317261,44.838973959,44.845375043
0.28322754,44.845445054,44.855425089
0.28328247,44.824850305,44.801521320
0.28333740,44.799368899,44.787611536
0.28339233,44.800144820,44.805630659
0.28344727,44.805418017,44.814802990
0.28350220,44.784512713,44.761205709
0.28355713,44.759252373,44.747687530
0.28361206,44.760324713,44.765852228
0.28366699,44.766335128,44.776099291
0.28372192,44.747056581,44.724740312
0.28377686,44.723934504,44.713519346
0.28383179,44.727186119,44.733697898
0.28388672,44.735757149,44.746806973
0.28394165,44.719854173,44.699394235
0.28399658,44.700558027,44.692129267
0.28405151,44.707634996,44.715952713
0.28410645,44.720375267,44.733510548
0.28416138,44.709425189,44.691604726
0.28421631,44.695525176,44.689865772
0.28427124,44.708009870,44.718928971
0.28432617,44.726506940,44.742522529
0.28438110,44.722086462,44.707692704
0.28443604,44.715140090,44.713028752
0.28449097,44.734550116,44.748832528
0.28454590,44.760230522,44.779836042
0.28460083,44.763613212,44.753273045
0.28465576,44.764688275,44.766645804
0.28471069,44.791826205,44.809859141
0.28476563,44.825147104,44.848547024
0.28482056,44.836365952,44.830063014
0.28487549,44.845015747,44.850781265
0.28493042,44.878909469,44.900168177
0.28498535,44.918324533,44.944698539
0.28504028,44.935228197,44.931833953
0.28509521,44.948703376,44.956849087
0.28515015,44.986035010,45.008811906
0.28520508,45.027693806,45.055066599
0.28526001,45.045958055,45.043262272
0.28531494,45.059556731,45.067691241
0.28536987,45.095360624,45.117144686
0.28542480,45.134145153,45.159935626
0.28547974,45.148619972,45.144034014
0.28553467,45.157299984,45.162901367
0.28558960,45.186779625,45.205187426
0.28564453,45.218253508,45.240266260
0.28569946,45.224964462,45.216532253
0.28575439,45.225313675,45.226717661
0.28580933,45.245699219,45.259399320
0.28586426,45.267776874,45.285025234
0.28591919,45.265340623,45.252428307
0.28597412,45.256687180,45.253618653
0.28602905,45.268005063,45.277074946
0.28608398,45.281362998,45.294244052
0.28613892,45.271040713,45.254331590
0.28619385,45.255166488,45.248564898
0.28624878,45.259646613,45.265246952
0.28630371,45.266871304,45.276713839
0.28635864,45.251514298,45.232460088
0.28641357,45.231461788,45.222868329
0.28646851,45.232271755,45.236003020
0.28652344,45.236585928,45.245008952
0.28657837,45.219413651,45.199624570
0.28663330,45.198367040,45.189371406
0.28668823,45.198636541,45.202061773
0.28674316,45.203094065,45.211618140
0.28679810,45.187072392,45.168022277
0.28685303,45.167917513,45.159954686
0.28690796,45.170464209,45.174988282
0.28696289,45.177813497,45.187807022
0.28701782,45.165616867,45.148636009
0.28707275,45.150955879,45.145321514
0.28712769,45.158302410,45.165184255
0.28718262,45.170955360,45.183618145
0.28723755,45.164841052,45.151047856
0.28729248,45.156733043,45.154444138
0.28734741,45.170686057,45.180815138
0.28740234,45.190121558,45.206171163
0.28745728,45.191159698,45.181059220
0.28751221,45.190196307,45.191512953
0.28756714,45.210803705,45.224164549
0.28762207,45.236458122,45.255564495
0.28767700,45.243420162,45.236342609
0.28773193,45.247686310,45.251592343
0.28778687,45.272349562,45.287585016
0.28784180,45.300959837,45.321431166
0.28789673,45.309966078,45.303912004
0.28795166,45.315054601,45.319292887
0.28800659,45.338957084,45.353615943
0.28806152,45.365429057,45.384683353
0.28811646,45.371259701,45.363595016
0.28817139,45.372002448,45.373979846
0.28822632,45.390212188,45.401837603
0.28828125,45.410022079,45.425820256
0.28833618,45.408722917,45.397507230
0.28839111,45.401888916,45.400042138
0.28844604,45.412025889,45.419495594
0.28850098,45.423728374,45.435423735
0.28855591,45.414833544,45.399915510
0.28861084,45.400949975,45.395628868
0.28866577,45.404505595,45.408654276
0.28872070,45.410475306,45.419338335
0.28877563,45.397122730,45.380145412
0.28883057,45.379948414,45.373096581
0.28888550,45.381135257,45.384122443
0.28894043,45.385844836,45.394147477
0.28899536,45.372566384,45.355812827
0.28905029,45.356505211,45.350325243
0.28910522,45.359426080,45.363289582
0.28916016,45.366516779,45.376048816
0.28921509,45.356361125,45.341310107
0.28927002,45.343783503,45.339405523
0.28932495,45.350084304,45.355587414
0.28937988,45.360461350,45.371610378
0.28943481,45.353614185,45.340292020
0.28948975,45.344050788,45.341177734
0.28954468,45.352700190,45.359273491
0.28959961,45.364874274,45.376848684
0.28965454,45.359503601,45.346956024
0.28970947,45.350907434,45.348489328
0.28976440,45.359766578,45.366327551
0.28981934,45.371608458,45.383339185
0.28987427,45.365677031,45.352888540
0.28992920,45.356171729,45.353281465
0.28998413,45.363570223,45.369302089
0.29003906,45.373627461,45.384407871
0.29009399,45.365890032,45.352256786
0.29014893,45.354417268,45.350543903
0.29020386,45.359450998,45.363919296
0.29025879,45.366925206,45.376368229
0.29031372,45.356638975,45.341795936
0.29036865,45.342474821,45.337259198
0.29042358,45.344412692,45.347253175
0.29047852,45.348545137,45.356268548
0.29053345,45.334918999,45.318465138
0.29058838,45.317260822,45.310297167
0.29064331,45.315326695,45.316150849
0.29069824,45.315411772,45.321064238
0.29075317,45.297864613,45.279514140
0.29080811,45.276323839,45.267428849
0.29086304,45.270391217,45.269154808
0.29091797,45.266621491,45.270322831
0.29097290,45.245711415,45.225771037
0.29102783,45.221251562,45.210939786
0.29108276,45.212711706,45.210148229
0.29113770,45.206899862,45.209594277
0.29119263,45.184831720,45.164439899
0.29124756,45.160006010,45.149588219
0.29130249,45.151696596,45.149256484
0.29135742,45.146875145,45.150102819
0.29141235,45.126771619,45.107504468
0.29146729,45.104686078,45.095721608
0.29152222,45.099586051,45.098757141
0.29157715,45.098490453,45.103606042
0.29163208,45.082733504,45.065757764
0.29168701,45.065326422,45.058751618
0.29174194,45.064858386,45.066313035
0.29179688,45.068337855,45.075719405
0.29185181,45.057169425,45.042553883
0.29190674,45.044075071,45.039653306
0.29196167,45.047292841,45.050506158
0.29201660,45.053867090,45.062723980
0.29207153,45.045342486,45.032067929
0.29212646,45.034249229,45.030785307
0.29218140,45.038589027,45.042250140
0.29223633,45.045561655,45.054525554
0.29229126,45.036976684,45.023680646
0.29234619,45.025304358,45.021509765
0.29240112,45.028437040,45.031395918
0.29245605,45.033839280,45.041949878
0.29251099,45.023678307,45.009635481
0.29256592,45.010443767,45.005868132
0.29262085,45.011975598,45.014084532
0.29267578,45.016028236,45.023448199
0.29273071,45.005124582,44.990804738
0.29278564,44.991751804,44.987160446
0.29284058,44.993651018,44.995946449
0.29289551,44.998790565,45.006784626
0.29295044,44.989951958,44.976797556
0.29300537,44.979512299,44.976471562
0.29306030,44.984994327,44.989106362
0.29311523,44.994446407,45.004637855
0.29317017,44.990770669,44.980328492
0.29322510,44.986103833,44.986020257
0.29328003,44.997627106,45.004761679
0.29333496,45.013350851,45.026684104
0.29338989,45.016194690,45.009097023
0.29344482,45.017977445,45.021135454
0.29349976,45.035485122,45.045554695
0.29355469,45.056656369,45.072654663
0.29360962,45.064421631,45.059801345
0.29366455,45.070309746,45.075469805
0.29371948,45.090768787,45.102193529
0.29377441,45.113744623,45.130527400
0.29382935,45.122281763,45.118011456
0.29388428,45.127749513,45.132606301
0.29393921,45.146406169,45.156779673
0.29399414,45.166358872,45.181494753
0.29404907,45.170924867,45.164628325
0.29410400,45.171476919,45.173792767
0.29415894,45.184239280,45.191540977
0.29421387,45.197616066,45.209366359
0.29426880,45.195311643,45.185587724
0.29432373,45.188796249,45.187554148
0.29437866,45.194324930,45.197952888
0.29443359,45.200625617,45.208811990
0.29448853,45.191782028,45.178869055
0.29454346,45.179325893,45.175161300
0.29459839,45.179476229,45.180427547
0.29465332,45.181184599,45.187110837
0.29470825,45.168789816,45.154233577
0.29476318,45.153748500,45.148380390
0.29481812,45.152096845,45.152189703
0.29487305,45.152854245,45.158356927
0.29492798,45.140461247,45.126039684
0.29498291,45.126160999,45.121241329
0.29503784,45.125685270,45.126386662
0.29509277,45.128015892,45.134323869
0.29514771,45.117614210,45.104279358
0.29520264,45.105461686,45.101645243
0.29525757,45.106967101,45.108628562
0.29531250,45.111079919,45.118244667
0.29536743,45.102313686,45.089834974
0.29542236,45.091448371,45.088256313
0.29547729,45.093650642,45.095588294
0.29553223,45.097928867,45.105106841
0.29558716,45.088949203,45.076374650
0.29564209,45.077399612,45.073828333
0.29569702,45.078313783,45.079527952
0.29575195,45.080857377,45.087099944
0.29580688,45.069936350,45.056411095
0.29586182,45.056224361,45.051551910
0.29591675,45.054683819,45.054615712
0.29597168,45.054676507,45.059604104
0.29602661,45.041367420,45.026698903
0.29608154,45.025421229,45.019644325
0.29613647,45.021717969,45.020547141
0.29619141,45.019784973,45.023741484
0.29624634,45.005002627,44.989675760
0.29630127,44.987978010,44.981698550
0.29635620,44.983454741,44.981873006
0.29641113,44.981064361,44.984798679
0.29646606,44.966340669,44.951130046
0.29652100,44.949778237,44.943770392
0.29657593,44.945935054,44.944692538
0.29663086,44.944500180,44.948713871
0.29668579,44.931121420,44.916660757
0.29674072,44.916154317,44.910972645
0.29679565,44.913954246,44.913519278
0.29685059,44.914255230,44.919323267
0.29690552,44.902813791,44.889382564
0.29696045,44.889852308,44.885685597
0.29701538,44.889536033,44.890014170
0.29707031,44.891657103,44.897607290
0.29712524,44.882096733,44.869653108
0.29718018,44.870966463,44.867715852
0.29723511,44.872265697,44.873513967
0.29729004,44.875865333,44.882519443
0.29734497,44.867790848,44.856130884
0.29739990,44.858065515,44.855513735
0.29745483,44.860544822,44.862344090
0.29750977,44.865194970,44.872338645
0.29756470,44.858200018,44.847120902
0.29761963,44.849511657,44.847476798
0.29767456,44.852857505,44.855055235
0.29772949,44.858310178,44.865824249
0.29778442,44.852221831,44.841642177
0.29783936,44.844485107,44.842930886
0.29789429,44.848712275,44.851324071
0.29794922,44.855090504,44.863045064
0.29800415,44.850146693,44.840194107
0.29805908,44.843723665,44.842840871
0.29811401,44.849326692,44.852611163
0.29816895,44.857260053,44.865981312
0.29822388,44.854224430,44.845291797
0.29827881,44.850011763,44.850260273
0.29833374,44.858015332,44.862497064
0.29838867,44.868642500,44.878710991
0.29844360,44.868746756,44.861459322
0.29849854,44.868044776,44.870082867
0.29855347,44.879786750,44.886141404
0.29860840,44.894441087,44.906526866
0.29866333,44.898964250,44.893960612
0.29871826,44.902944888,44.907353735
0.29877319,44.919432884,44.928155535
0.29882812,44.938893741,44.953372083
0.29888306,44.948321261,44.945823503
0.29893799,44.957115464,44.963934613
0.29899292,44.978070651,44.988991324
0.29904785,45.001598719,45.018063963
0.29910278,45.014690611,45.014037736
0.29915771,45.026535035,45.034838844
0.29921265,45.049665572,45.061593167
0.29926758,45.074451126,45.091452336
0.29932251,45.087910155,45.087408000
0.29937744,45.099074530,45.106955664
0.29943237,45.120292531,45.131146565
0.29948730,45.141981046,45.157310684
0.29954224,45.151292541,45.148661107
0.29959717,45.157224320,45.162393831
0.29965210,45.172070559,45.179620234
0.29970703,45.186427594,45.197978263
0.29976196,45.187710946,45.181030691
0.29981689,45.185008459,45.185797940
0.29987183,45.190673875,45.193558482
0.29992676,45.195577056,45.202340517
0.29998169,45.187469796,45.176119738
0.30003662,45.175583736,45.171785208
0.30009155,45.172361378,45.170798898
0.30014648,45.168947119,45.171564542
0.30020142,45.153404855,45.138434768
0.30025635,45.135065942,45.128114567
0.30031128,45.126397873,45.122175433
0.30036621,45.118735870,45.119301735
0.30042114,45.100358429,45.084119709
0.30047607,45.080592872,45.073044980
0.30053101,45.071823426,45.067647873
0.30058594,45.065463723,45.066777829
0.30064087,45.049895989,45.035225664
0.30069580,45.034340538,45.029020099
0.30075073,45.031003239,45.029638856
0.30080566,45.031287103,45.036009231
0.30086060,45.023598303,45.013012276
0.30091553,45.016983339,45.016230762
0.30097046,45.023413567,45.026998459
0.30102539,45.034232033,45.044273192
0.30108032,45.037827747,45.032989880
0.30113525,45.043043009,45.048261431
0.30119019,45.061591989,45.071258242
0.30124512,45.084738758,45.100950093
0.30130005,45.100841346,45.102315139
0.30135498,45.118532063,45.129995776
0.30140991,45.149267789,45.165001214
0.30146484,45.184235902,45.206315375
0.30151978,45.211770237,45.218969307
0.30157471,45.240307680,45.257154526
0.30162964,45.281068207,45.301741854
0.30168457,45.325185570,45.351752516
0.30173950,45.360997078,45.372301037
0.30179443,45.396779374,45.417168126
0.30184937,45.443555833,45.467128544
0.30190430,45.492448382,45.521282120
0.30195923,45.531842461,45.544873471
0.30201416,45.569904387,45.591326118
0.30206909,45.617513469,45.641372035
0.30212402,45.665831303,45.694239387
0.30217896,45.703343362,45.715355482
0.30223389,45.738160624,45.757844274
0.30228882,45.781074342,45.802450938
0.30234375,45.823339864,45.848583928
0.30239868,45.853596936,45.861908114
0.30245361,45.879958888,45.895308438
0.30250854,45.913188536,45.929603385
0.30256348,45.944693904,45.964439202
0.30261841,45.963329270,45.965779781
0.30267334,45.977274757,45.986338723
0.30272827,45.997331134,46.007074673
0.30278320,46.015123742,46.027934321
0.30283813,46.019784840,46.015243847
0.30289307,46.019624725,46.021609840
0.30294800,46.025541446,46.028187744
0.30300293,46.029427516,46.035268553
0.30305786,46.020732471,46.009574979
0.30311279,46.007925312,46.003630583
0.30316772,46.002014377,45.998792074
0.30322266,45.995151284,45.995674846
0.30327759,45.977073054,45.961357692
0.30333252,45.956356912,45.948221185
0.30338745,45.944047637,45.937737114
0.30344238,45.932456011,45.930731209
0.30349731,45.911483290,45.894503866
0.30355225,45.889673252,45.881142968
0.30360718,45.877948674,45.872068258
0.30366211,45.868605957,45.868134039
0.30371704,45.851528867,45.836677302
0.30377197,45.835046464,45.829313725
0.30382690,45.829783482,45.827237617
0.30388184,45.827855067,45.831169194
0.30393677,45.818977822,45.808341931
0.30399170,45.811142145,45.809789833
0.30404663,45.814580026,45.816401712
0.30410156,45.821161366,45.828714577
0.30415649,45.820406655,45.813847669
0.30421143,45.819977611,45.822284018
0.30426636,45.829760606,45.834672228
0.30432129,45.841460296,45.851461603
0.30437622,45.844512357,45.839784260
0.30443115,45.846390532,45.849728390
0.30448608,45.856798738,45.861875880
0.30454102,45.867453352,45.876770827
0.30459595,45.867890927,45.861748060
0.30465088,45.865587414,45.866693788
0.30470581,45.870250942,45.872307014
0.30476074,45.873784284,45.879393903
0.30481567,45.865983725,45.855642747
0.30487061,45.854468503,45.850870522
0.30492554,45.849069399,45.845999627
0.30498047,45.841966710,45.842174676
0.30503540,45.823280537,45.807488116
0.30509033,45.800812677,45.791715487
0.30514526,45.784530413,45.776003243
0.30520020,45.766879246,45.761808345
0.30525513,45.738268341,45.717581882
0.30531006,45.706630043,45.692998508
0.30536499,45.682000631,45.669353261
0.30541992,45.657008888,45.648325829
0.30547485,45.622261559,45.598630244
0.30552979,45.585726188,45.569744265
0.30558472,45.557410709,45.543012995
0.30563965,45.530028585,45.520239132
0.30569458,45.494288327,45.470305741
0.30574951,45.458104233,45.442410121
0.30580444,45.431375385,45.417870612
0.30585937,45.406826587,45.398542588
0.30591431,45.375204287,45.353419440
0.30596924,45.344317994,45.331373634
0.30602417,45.323917431,45.313661327
0.30607910,45.306706707,45.302162050
0.30613403,45.283447172,45.265961179
0.30618896,45.261830552,45.253599241
0.30624390,45.251451498,45.246267556
0.30629883,45.244991162,45.245868451
0.30635376,45.233226452,45.221581463
0.30640869,45.223735185,45.221621445
0.30646362,45.225961009,45.227118406
0.30651855,45.232562669,45.239995434
0.30657349,45.234329642,45.229521534
0.30662842,45.238720519,45.243580230
0.30668335,45.255018607,45.263228320
0.30673828,45.275844844,45.290390546
0.30679321,45.291981636,45.294403819
0.30684814,45.310747610,45.322800033
0.30690308,45.341244208,45.356540496
0.30695801,45.376032109,45.397528193
0.30701294,45.405866620,45.415149494
0.30706787,45.437913130,45.456575869
0.30712280,45.481085740,45.502671302
0.30717773,45.527887235,45.555322897
0.30723267,45.569058929,45.583985305
0.30728760,45.611640027,45.635504653
0.30734253,45.664397747,45.690694407
0.30739746,45.719828799,45.751482727
0.30745239,45.768724017,45.787462065
0.30750732,45.818072089,45.845235743
0.30756226,45.876577809,45.905654965
0.30761719,45.936820332,45.970778716
0.30767212,45.989730512,46.010428615
0.30772705,46.042337404,46.071056862
0.30778198,46.103369972,46.133636064
0.30783691,46.165566735,46.200427240
0.30789185,46.220063786,46.241540375
0.30794678,46.273983327,46.303323703
0.30800171,46.336115741,46.366900054
0.30805664,46.399377560,46.434741109
0.30811157,46.455110834,46.477237017
0.30816650,46.510516010,46.540610183
0.30822144,46.574414518,46.606095155
0.30827637,46.639855112,46.676320375
0.30833130,46.698328127,46.721892845
0.30838623,46.757047365,46.788841730
0.30844116,46.824795179,46.858440363
0.30849609,46.894678409,46.933397567
0.30855103,46.958261434,46.984463277
0.30860596,47.022701404,47.057406628
0.30866089,47.096676872,47.133477421
0.30871582,47.173293110,47.215407413
0.30877075,47.244135997,47.274040699
0.30882568,47.316262837,47.354848778
0.30888062,47.398213532,47.439026820
0.30893555,47.483063148,47.529303480
0.30899048,47.562396976,47.596598245
0.30904541,47.643157880,47.686074887
0.30910034,47.733738178,47.778867325
0.30915527,47.827176997,47.877696430
0.30921021,47.915056915,47.953556773
0.30926514,48.004209194,48.051310501
0.30932007,48.102885309,48.152038502
0.30937500,48.204097539,48.258463680
0.30942993,48.299438514,48.341670386
0.30948486,48.395646504,48.446241526
0.30953979,48.500856175,48.553231326
0.30959473,48.608081277,48.665394787
0.30964966,48.708958403,48.753942870
0.30970459,48.810174138,48.863225090
0.30975952,48.919793980,48.974319389
0.30981445,49.030884990,49.090066375
0.30986938,49.135183851,49.181861894
0.30992432,49.239386272,49.293885945
0.30997925,49.351551580,49.407303729
0.31003418,49.464861864,49.525101982
0.31008911,49.571213167,49.618919358
0.31014404,49.677366529,49.732821623
0.31019897,49.791425120,49.848107532
0.31025391,49.906726179,49.967944516
0.31030884,50.015354300,50.064237629
0.31036377,50.124154104,50.180951799
0.31041870,50.241277847,50.299517505
0.31047363,50.360207927,50.423264783
0.31052856,50.473193046,50.524333394
0.31058350,50.587124522,50.646545113
0.31063843,50.710154592,50.771406540
0.31069336,50.835849584,50.902342759
0.31074829,50.956551934,51.011653476
0.31080322,51.079124181,51.142940243
0.31085815,51.211639880,51.277705334
0.31091309,51.347668851,51.419387444
0.31096802,51.479568792,51.540369005
0.31102295,51.614101137,51.683963121
0.31107788,51.759196143,51.831606784
0.31113281,51.908370675,51.986699785
0.31118774,52.053951635,52.121666604
0.31124268,52.202565963,52.279505702
0.31129761,52.361979241,52.441573053
0.31135254,52.525644147,52.611223047
0.31140747,52.685855555,52.760925931
0.31146240,52.849114708,52.933379987
0.31151733,53.023038809,53.109879658
0.31157227,53.201036798,53.293755968
0.31162720,53.375394961,53.457549695
0.31168213,53.552514820,53.643686747
0.31173706,53.739891259,53.833425564
0.31179199,53.930912870,54.030095390
0.31184692,54.117877862,54.206326498
0.31190186,54.307106468,54.404290471
0.31195679,54.505986633,54.605223143
0.31201172,54.707897698,54.812460623
0.31206665,54.905157830,54.998729197
0.31212158,55.104012981,55.205953395
0.31217651,55.311750167,55.415351610
0.31223145,55.521743987,55.630270352
0.31228638,55.726337144,55.823536591
0.31234131,55.931708029,56.036836393
0.31239624,56.145051454,56.251380086
0.31245117,56.359747115,56.470534731
0.31250610,56.568174247,56.667241084
0.31256104,56.776459335,56.882964954
0.31261597,56.991723602,57.098928300
0.31267090,57.207372079,57.318539513
0.31272583,57.415843051,57.514876753
0.31278076,57.623237077,57.729213989
0.31283569,57.836630387,57.942814293
0.31289063,58.049483116,58.159157466
0.31294556,58.254324087,58.351491379
0.31300049,58.457262197,58.560934504
0.31305542,58.665364690,58.768827482
0.31311035,58.872182866,58.978757322
0.31316528,59.070372327,59.164177871
0.31322021,59.266087271,59.366090080
0.31327515,59.466422045,59.565947331
0.31333008,59.665052020,59.767474835
0.31338501,59.854788837,59.944359712
0.31343994,60.041857613,60.137509779
0.31349487,60.233399836,60.328507886
0.31354980,60.423226990,60.521225145
0.31360474,60.604310468,60.689581339
0.31365967,60.782942097,60.874383584
0.31371460,60.966297177,61.057325834
0.31376953,61.148299479,61.242395749
0.31382446,61.322046687,61.403707445
0.31387939,61.493856050,61.581922839
0.31393433,61.670887847,61.758794030
0.31398926,61.847121848,61.938365090
0.31404419,62.015720525,62.094880414
0.31409912,62.182962773,62.268792632
0.31415405,62.355929029,62.441846395
0.31420898,62.528589931,62.618076859
0.31426392,62.694109810,62.771796975
0.31431885,62.858671382,62.943195646
0.31437378,63.029223407,63.113960978
0.31442871,63.199681691,63.288076502
0.31448364,63.363174538,63.439889790
0.31453857,63.525760317,63.609303457
0.31459351,63.694237508,63.777934897
0.31464844,63.862457143,63.949710248
0.31470337,64.023510857,64.099015650
0.31475830,64.183342263,64.265482796
0.31481323,64.348618416,64.430681430
0.31486816,64.513152084,64.598510416
0.31492310,64.670032435,64.743432396
0.31497803,64.825130669,64.904855156
0.31503296,64.985031517,65.064352814
0.31508789,65.143563423,65.225853080
0.31514282,65.293871569,65.363955702
0.31519775,65.441817863,65.517910575
0.31525269,65.593970769,65.669363234
0.31530762,65.744241100,65.822336982
0.31536255,65.885896667,65.951635067
0.31541748,66.024856256,66.096415978
0.31547241,66.167735646,66.238458429
0.31552734,66.308586311,66.381936670
0.31558228,66.440850606,66.501905946
0.31563721,66.570549088,66.637475221
0.31569214,66.704380482,66.770586837
0.31574707,66.836560679,66.905583514
0.31580200,66.960717654,67.017777014
0.31585693,67.082972048,67.146219211
0.31591187,67.210089646,67.272992607
0.31596680,67.336419196,67.402568770
0.31602173,67.455727618,67.510461614
0.31607666,67.574175340,67.635599460
0.31613159,67.698521719,67.760124524
0.31618652,67.823162170,67.888544641
0.31624146,67.941906293,67.996474616
0.31629639,68.060851507,68.122613959
0.31635132,68.186643809,68.249055440
0.31640625,68.313616534,68.380233631
0.31646118,68.435515502,68.491759112
0.31651611,68.558275614,68.622007482
0.31657104,68.688340031,68.752937532
0.31662598,68.819903017,68.888840016
0.31668091,68.946585765,69.005268712
0.31673584,69.074119544,69.140244939
0.31679077,69.208724726,69.275583974
0.31684570,69.344457973,69.415444972
0.31690063,69.474839669,69.535359901
0.31695557,69.605444084,69.673054466
0.31701050,69.742336306,69.810277928
0.31706543,69.879520541,69.951151561
0.31712036,70.010516628,70.071293019
0.31717529,70.140854405,70.208251442
0.31723022,70.276563760,70.343833188
0.31728516,70.411718492,70.482244187
0.31734009,70.539957677,70.599305920
0.31739502,70.666880524,70.732501947
0.31744995,70.798584640,70.863792414
0.31750488,70.929300653,70.997546820
0.31755981,71.052855750,71.109849727
0.31761475,71.174967554,71.238158568
0.31766968,71.301828619,71.364603023
0.31772461,71.427830409,71.493708351
0.31777954,71.546969999,71.601792721
0.31783447,71.665045283,71.726239989
0.31788940,71.788287435,71.849283712
0.31794434,71.911176278,71.975524480
0.31799927,72.027794105,72.081423461
0.31805420,72.143926902,72.204195901
0.31810913,72.265748162,72.326080831
0.31816406,72.387728552,72.451656314
0.31821899,72.503940841,72.557433376
0.31827393,72.620070978,72.680374710
0.31832886,72.742155070,72.802649205
0.31838379,72.864583965,72.928746363
0.31843872,72.981360342,73.035171552
0.31849365,73.098020112,73.158590807
0.31854858,73.220420673,73.281065463
0.31860352,73.342837164,73.406963076
0.31865845,73.459168896,73.512751042
0.31871338,73.574767778,73.634764701
0.31876831,73.695272526,73.754914102
0.31882324,73.814790326,73.877385983
0.31887817,73.927047335,73.978530604
0.31893311,74.037119053,74.094248947
0.31898804,74.150304214,74.206163141
0.31904297,74.260385623,74.318104527
0.31909790,74.360720456,74.406090110
0.31915283,74.455869732,74.505327455
0.31920776,74.550509078,74.596844423
0.31926270,74.637767368,74.683763923
0.31931763,74.710258831,74.741373344
0.31937256,74.771616462,74.803754197
0.31942749,74.825446045,74.850876702
0.31948242,74.863751673,74.884672976
0.31953735,74.877923304,74.879214960
0.31959229,74.870191404,74.866988721
0.31964722,74.842643492,74.826472529
0.31970215,74.785758469,74.758032988
0.31975708,74.689375347,74.634238648
0.31981201,74.554097059,74.485808760
0.31986694,74.380397173,74.289700621
0.31992188,74.157290233,74.044856857
0.31997681,73.873308722,73.722681184
0.32003174,73.527880543,73.352685455
0.32008667,73.120544824,72.911100738
0.32014160,72.639770977,72.396486403
0.32019653,72.073950418,71.780370981
0.32025146,71.422745837,71.092591905
0.32030640,70.686403313,70.310410607
0.32036133,69.854696538,69.433955414
0.32041626,68.917900113,68.436989174
0.32047119,67.878067236,67.351893777
0.32052612,66.738384006,66.159228545
0.32058105,65.492175950,64.862940660
0.32063599,64.133794590,63.441188524
0.32069092,62.669751542,61.930897786
0.32074585,61.108040683,60.317686717
0.32080078,59.447134036,58.610772884
0.32085571,57.686714476,56.793788198
0.32091064,55.838607336,54.908852336
0.32096558,53.916021473,52.946820381
0.32102051,51.922498660,50.921857334
0.32107544,49.862473150,48.822234080
0.32113037,47.751999094,46.693925831
0.32118530,45.607925993,44.531205293
0.32124023,43.436834826,42.350927794
0.32129517,41.245475758,40.143368483
0.32135010,39.051358279,37.955420742
0.32140503,36.871939583,35.781618064
0.32145996,34.713634845,33.638222083
0.32151489,32.582226912,31.514197647
0.32156982,30.493414780,29.454107813
0.32162476,28.462107129,27.449653509
0.32167969,26.491592624,25.513647615
0.32173462,24.583999186,23.631200906
0.32178955,22.750866867,21.842374179
0.32184448,21.002597655,20.134277857
0.32189941,19.337821480,18.514960915
0.32195435,17.753926034,16.964820891
0.32200928,16.257659704,15.519011807
0.32206421,14.854727359,14.160084012
0.32211914,13.539327964,12.891758223
0.32217407,12.304720259,11.690519278
0.32222900,11.153811795,10.587732236
0.32228394,10.088848464,9.562764690
0.32233887,9.101066585,8.616587869
0.32239380,8.181236216,7.723494995
0.32244873,7.330178486,6.912869094
0.32250366,6.548492151,6.162730107
0.32255859,5.826267196,5.473113557
0.32261353,5.153559393,4.817869916
0.32266846,4.530796297,4.226048927
0.32272339,3.958507218,3.675839274
0.32277832,3.427071929,3.167703506
0.32283325,2.927108590,2.676244094
0.32288818,2.459757827,2.231198329
0.32294312,2.026410971,1.811766329
0.32299805,1.618494219,1.419506714
0.32305298,1.227776268,1.030277937
0.32310791,0.856541056,0.674857317
0.32316284,0.507326799,0.333669144
0.32321777,0.172760036,0.009457799
0.32327271,-0.154200226,-0.320678407
0.32332764,-0.470183517,-0.625025206
0.32338257,-0.771641613,-0.922109984
0.32343750,-1.064948995,-1.208234724
0.32349243,-1.356206567,-1.505334712
0.32354736,-1.641241851,-1.781058608
0.32360229,-1.915803401,-2.053202631
0.32365723,-2.185585578,-2.317438969
0.32371216,-2.456070554,-2.595058399
0.32376709,-2.722599450,-2.853384005
0.32382202,-2.980521740,-3.109779019
0.32387695,-3.235140233,-3.359566104
0.32393188,-3.491587509,-3.623650768
0.32398682,-3.744965016,-3.869265272
0.32404175,-3.990446408,-4.113551596
0.32409668,-4.233142719,-4.351670774
0.32415161,-4.478012892,-4.604307235
0.32420654,-4.720070834,-4.838742164
0.32426147,-4.954444053,-5.072015160
0.32431641,-5.186160964,-5.299224595
0.32437134,-5.420096751,-5.540914336
0.32442627,-5.651249531,-5.764476834
0.32448120,-5.874756526,-5.986897747
0.32453613,-6.095606035,-6.203248715
0.32459106,-6.318620181,-6.433958184
0.32464600,-6.538801535,-6.646544565
0.32470093,-6.751309030,-6.857947961
0.32475586,-6.961096924,-7.063216522
0.32481079,-7.172935747,-7.282662735
0.32486572,-7.381830307,-7.483926579
0.32492065,-7.582957069,-7.683897923
0.32497559,-7.781231875,-7.877597022
0.32503052,-7.981369765,-8.085217006
0.32508545,-8.178374638,-8.274516263
0.32514038,-8.367439107,-8.462334344
0.32519531,-8.553442020,-8.643666438
0.32525024,-8.741047104,-8.838592083
0.32530518,-8.925263884,-9.014995334
0.32536011,-9.101310334,-9.189676339
0.32541504,-8.851615796,-8.935194203
0.32546997,-8.880864451,-8.970802164
0.32552490,-8.905179803,-8.990228776
0.32557983,-8.924017981,-9.013170405
0.32563477,-8.940398875,-9.025455713
0.32568970,-8.953552464,-9.042831189
0.32574463,-8.965342308,-9.050525265
0.32579956,-8.975059374,-9.064533856
0.32585449,-8.983978723,-9.069435693
0.32590942,-8.991480364,-9.081479361
0.32596436,-8.998458450,-9.084598837
0.32601929,-9.004430398,-9.094917584
0.32607422,-9.010026869,-9.096924979
0.32612915,-9.014890961,-9.105705132
0.32618408,-9.019471076,-9.107039807
0.32623901,-9.023505146,-9.114519550
0.32629395,-9.027318316,-9.115422917
0.32634888,-9.030714312,-9.121854323
0.32640381,-9.033936144,-9.122442534
0.32645874,-9.036831510,-9.128059938
0.32651367,-9.039588753,-9.128384112
0.32656860,-9.042084624,-9.133387916
0.32662354,-9.044470732,-9.133468256
0.32667847,-9.046643138,-9.138020881
0.32673340,-9.048728322,-9.137864400
0.32678833,-9.050635441,-9.142093167
0.32684326,-9.052473359,-9.141702669
0.32689819,-9.054160405,-9.145705270
0.32695313,-9.055792704,-9.145083552
0.32700806,-9.057295298,-9.148933831
0.32706299,-9.058754770,-9.148085324
0.32711792,-9.060101326,-9.151838440
0.32717285,-9.061414129,-9.150769576
0.32722778,-9.062627568,-9.154466297
0.32728271,-9.063814818,-9.153185307
0.32733765,-9.064913819,-9.156855440
0.32739258,-9.065992751,-9.155371948
0.32744751,-9.066992683,-9.159037013
0.32750244,-9.067977504,-9.157361583
0.32755737,-9.068891119,-9.161036871
0.32761230,-9.069793646,-9.159180607
0.32766724,-9.070631615,-9.162876743
0.32772217,-9.071461760,-9.160850949
0.32777710,-9.072233074,-9.164575077
0.32783203,-9.072999216,-9.162390993
0.32788696,-9.073711504,-9.166147673
0.32794189,-9.074420774,-9.163816272
0.32799683,-9.075080549,-9.167608150
0.32805176,-9.075739055,-9.165139994
0.32810669,-9.076351912,-9.168968317
0.32816162,-9.076964918,-9.166373458
0.32821655,-9.077535688,-9.170238450
0.32827148,-9.078107753,-9.167526370
0.32832642,-9.078640628,-9.171427527
0.32838135,-9.079175722,-9.168607106
0.32843628,-9.079674358,-9.172543411
0.32849121,-9.080175954,-9.169622918
0.32854614,-9.080643552,-9.173593009
0.32860107,-9.081114703,-9.170580110
0.32865601,-9.081554078,-9.174582401
0.32871094,-9.081997473,-9.171484179
0.32876587,-9.082411111,-9.175516953
0.32882080,-9.082829135,-9.172339935
0.32887573,-9.083219237,-9.176401415
0.32893066,-9.083614008,-9.173151603
0.32898560,-9.083982533,-9.177239999
0.32904053,-9.084355938,-9.173922910
0.32909546,-9.084704634,-9.178036455
0.32915039,-9.085058363,-9.174657146
0.32920532,-9.085388791,-9.178794122
0.32926025,-9.085724360,-9.175357221
0.32931519,-9.086037923,-9.179515975
0.32937012,-9.086356696,-9.176025701
0.32942505,-9.086654655,-9.180204658
0.32947998,-9.086957862,-9.176664848
0.32953491,-9.087241357,-9.180862517
0.32958984,-9.087530110,-9.177276651
0.32964478,-9.087800171,-9.181491631
0.32969971,-9.088075478,-9.177862861
0.32975464,-9.088333038,-9.182093844
0.32980957,-9.088595815,-9.178425027
0.32986450,-9.088841724,-9.182670797
0.32991943,-9.089092806,-9.178964526
0.32997437,-9.089327836,-9.183223959
0.33002930,-9.089567983,-9.179482594
0.33008423,-9.089792839,-9.183754649
0.33013916,-9.090022749,-9.179980347
0.33019409,-9.090238076,-9.184264066
0.33024902,-9.090458387,-9.180458808
0.33030396,-9.090664777,-9.184753307
0.33035889,-9.090876073,-9.180918919
0.33041382,-9.091074069,-9.185223381
0.33046875,-9.091276890,-9.181361555
0.33052368,-9.091466990,-9.185675226
0.33057861,-9.091661833,-9.181787536
0.33063354,-9.091844499,-9.186109714
0.33068848,-9.092031821,-9.182197631
0.33074341,-9.092207478,-9.186527660
0.33079834,-9.092387704,-9.182592560
0.33085327,-9.092556745,-9.186929826
0.33090820,-9.092730265,-9.182973000
0.33096313,-9.092893054,-9.187316918
0.33101807,-9.093060235,-9.183339574
0.33107300,-9.093217110,-9.187689581
0.33112793,-9.093378287,-9.183692836
0.33118286,-9.093529561,-9.188048381
0.33123779,-9.093685050,-9.184033243
0.33129272,-9.093831015,-9.188393740
0.33134766,-9.093981106,-9.184360988
0.33140259,-9.094122032,-9.188725824
0.33145752,-9.094266997,-9.184675770
0.33151245,-9.094403134,-9.189044448
0.33156738,-9.094543224,-9.184976605
0.33162231,-9.094674802,-9.189349039
0.33167725,-9.094810252,-9.185261758
0.33173218,-9.094937483,-9.189638623
0.33178711,-9.095068507,-9.185528559
0.33184204,-9.095191582,-9.189911242
0.33189697,-9.095318379,-9.185771219
0.33195190,-9.095437463,-9.190163802
0.33200684,-9.095560214,-9.185979790
0.33206177,-9.095675448,-9.190391934
0.33211670,-9.095794316,-9.186140809
0.33217163,-9.095905813,-9.190589293
0.33222656,-9.096020942,-9.186238138
0.33228149,-9.096128788,-9.190746458
0.33233643,-9.096240290,-9.186250551
0.33239136,-9.096344527,-9.190842462
0.33244629,-9.096452470,-9.186142494
0.33250122,-9.096553070,-9.190838094
0.33255615,-9.096657423,-9.185845987
0.33261108,-9.096754245,-9.190643441
0.33266602,-9.096854850,-9.185245948
0.33272095,-9.096947317,-9.190124995
0.33277588,-9.097043910,-9.183908035
0.33283081,-9.097131327,-9.189148503
0.33288574,-9.097223379,-9.181649620
0.33294067,-9.097304810,-9.187412260
0.33299561,-9.097391002,-9.178152194
0.33305054,-9.097464813,-9.184043521
0.33310547,-9.097543222,-9.172599115
0.33316040,-9.097607242,-9.178276826
0.33321533,-9.097673682,-9.164269316
0.33327026,-9.097722839,-9.167540449
0.33332520,-9.097772389,-9.149897648
0.33338013,-9.097801652,-9.150751822
0.33343506,-9.097821676,-9.129287070
0.33348999,-9.097813885,-9.119429576
0.33354492,-9.097792502,-9.089374449
0.33359985,-9.097737741,-9.074686356
0.33365479,-9.097662561,-9.038981548
0.33370972,-9.097516166,-9.017773523
0.33376465,-9.097328369,-8.944705054
0.33381958,-9.097061648,-8.906256271
0.33387451,-9.096741352,-8.834936489
0.33392944,-9.096307803,-8.795364976
0.33398438,-9.095632900,-8.709970418
0.33403931,-9.094695911,-8.539207874
0.33409424,-9.093491879,-8.401122548
0.33414917,-9.091883644,-8.314420587
0.33420410,-9.089680529,-8.208392036
0.33425903,-9.084522905,-8.098638773
0.33431396,-9.073571996,-7.420441681
0.33436890,-9.045935588,-7.068522369
0.33442383,-8.843591971,-6.837408320
0.33447876,-4.789100124,-2.758556398
0.33453369,-1.179180053,0.880283978
0.33458862,0.823400508,1.413673428
0.33464355,1.330828517,1.448822150
0.33469849,1.433957636,1.421714859
0.33475342,1.543106309,1.653234715
0.33480835,1.634904238,1.656450579
0.33486328,1.634488181,1.624986131
0.33491821,1.636170512,1.620335805
0.33497314,1.700472278,1.772027489
0.33502808,1.755653295,1.765562368
0.33508301,1.752157743,1.744863149
0.33513794,1.756779406,1.748358386
0.33519287,1.806171075,1.859888306
0.33524780,1.843830616,1.847695965
0.33530273,1.838416453,1.832364567
0.33535767,1.842911777,1.837094247
0.33541260,1.882257501,1.925299831
0.33546753,1.909745042,1.910290282
0.33552246,1.903317274,1.898059512
0.33557739,1.907315203,1.902714702
0.33563232,1.940182850,1.976493666
0.33568726,1.961745124,1.960616619
0.33574219,1.955194146,1.950644852
0.33579712,1.959041550,1.955293508
0.33585205,1.987809845,2.019694770
0.33590698,2.005915682,2.004061872
0.33596191,1.999770131,1.995879223
0.33601685,2.003709633,2.000653322
0.33607178,2.029727597,2.058496849
0.33612671,2.045632079,2.043490835
0.33618164,2.039938681,2.036537358
0.33623657,2.043846057,2.041252322
0.33629150,2.067634557,2.093940533
0.33634644,2.081732255,2.079367298
0.33640137,2.076106205,2.072882215
0.33645630,2.079505428,2.077029160
0.33651123,2.101008980,2.125083433
0.33656616,2.113150656,2.110390489
0.33662109,2.106946680,2.103503301
0.33667603,2.109174788,2.106413332
0.33673096,2.128050835,2.149906280
0.33678589,2.137858255,2.134442970
0.33684082,2.130403310,2.126360533
0.33689575,2.130836501,2.127430570
0.33695068,2.146741185,2.166344102
0.33700562,2.153892831,2.149609992
0.33706055,2.144712036,2.139809656
0.33711548,2.142974443,2.138704877
0.33717041,2.155789878,2.173190557
0.33722534,2.160229752,2.155013156
0.33728027,2.149202144,2.143370198
0.33733521,2.145294462,2.140140667
0.33739014,2.155251454,2.170653684
0.33744507,2.157283483,2.151255357
0.33750000,2.144688498,2.138064502
0.33755493,2.139004350,2.133147635
0.33760986,2.146683325,2.160449017
0.33766479,2.146944325,2.140397604
0.33771973,2.133396688,2.126288465
0.33777466,2.126633222,2.120408419
0.33782959,2.132862079,2.145462535
0.33788452,2.132200680,2.125535487
0.33793945,2.118505996,2.111316467
0.33799438,2.111507271,2.105322195
0.33804932,2.117201813,2.129139926
0.33810425,2.116513121,2.110152561
0.33815918,2.103495033,2.096634414
0.33821411,2.097080111,2.091328821
0.33826904,2.103079859,2.114810203
0.33832397,2.103147206,2.097457998
0.33837891,2.091493875,2.085302853
0.33843384,2.086313619,2.081305107
0.33848877,2.093253039,2.105119854
0.33854370,2.094631598,2.089866436
0.33859863,2.084790016,2.079487547
0.33865356,2.081235087,2.077148072
0.33870850,2.089467158,2.101668356
0.33876343,2.092420557,2.088687207
0.33881836,2.084544025,2.080201877
0.33887329,2.082704505,2.079568051
0.33892822,2.092273023,2.104848123
0.33898315,2.096755802,2.094008965
0.33903809,2.090694446,2.087233093
0.33909302,2.090359013,2.088052677
0.33914795,2.101006588,2.113842006
0.33920288,2.106679073,2.104728220
0.33925781,2.102000138,2.099199316
0.33931274,2.102682420,2.100949785
0.33936768,2.113883303,2.126729700
0.33942261,2.120149788,2.118678517
0.33947754,2.116180487,2.113700961
0.33953247,2.117167511,2.115640727
0.33958740,2.128182349,2.140682826
0.33964233,2.134251685,2.132848334
0.33969727,2.130145441,2.127562551
0.33975220,2.130570503,2.128807142
0.33980713,2.140526553,2.152257600
0.33986206,2.145499409,2.143701138
0.33991699,2.140329981,2.137181265
0.33997192,2.139274261,2.136808668
0.34002686,2.147274777,2.157801829
0.34008179,2.150260154,2.147611732
0.34013672,2.143144670,2.138991964
0.34019165,2.139766650,2.136175162
0.34024658,2.145026187,2.153972006
0.34030151,2.145281319,2.141405450
0.34035645,2.135523384,2.130024751
0.34041138,2.129204147,2.124177977
0.34046631,2.131194670,2.138312733
0.34052124,2.128269891,2.122939611
0.34057617,2.115501123,2.108481503
0.34063110,2.105980758,2.099393875
0.34068604,2.104560883,2.109799678
0.34074097,2.098419202,2.091616956
0.34079590,2.082706718,2.074210824
0.34085083,2.070177662,2.062132381
0.34090576,2.065669759,2.069210223
0.34096069,2.056745447,2.048690908
0.34101562,2.038629909,2.028939662
0.34107056,2.023752977,2.014586186
0.34112549,2.016935891,2.019185966
0.34118042,2.006102673,1.997234774
0.34123535,1.986541225,1.976145120
0.34129028,1.970363199,1.960602968
0.34134521,1.962364797,1.963903622
0.34140015,1.950803925,1.941712706
0.34145508,1.931014889,1.920528280
0.34151001,1.914791656,1.905066814
0.34156494,1.906892589,1.908370633
0.34161987,1.895879672,1.887198026
0.34167480,1.877115363,1.867165464
0.34172974,1.862074124,1.852994189
0.34178467,1.855463079,1.857478963
0.34183960,1.846120077,1.838399158
0.34189453,1.829419434,1.820521418
0.34194946,1.816516067,1.808550022
0.34200439,1.812055871,1.815039939
0.34205933,1.805129726,1.798729027
0.34211426,1.791113096,1.783568622
0.34216919,1.780846610,1.774231541
0.34222412,1.778911467,1.783046162
0.34227905,1.774636740,1.769657363
0.34233398,1.763396167,1.757240725
0.34238892,1.755728479,1.750431838
0.34244385,1.756154562,1.761352302
0.34249878,1.754235532,1.750513841
0.34255371,1.745348550,1.740361055
0.34260864,1.739749754,1.735494674
0.34266357,1.741911145,1.747854988
0.34271851,1.741627055,1.738789857
0.34277344,1.734289444,1.730061085
0.34282837,1.729895921,1.726242559
0.34288330,1.732885492,1.739121726
0.34293823,1.733291202,1.730857939
0.34299316,1.726534136,1.722578587
0.34304810,1.722378738,1.718840712
0.34310303,1.725247686,1.731306668
0.34315796,1.725418637,1.722924584
0.34321289,1.718355122,1.714232168
0.34326782,1.713611137,1.709777559
0.34332275,1.715606516,1.721121202
0.34337769,1.714865927,1.711975162
0.34343262,1.706903899,1.702325056
0.34348755,1.701080563,1.696712538
0.34354248,1.701819966,1.706611720
0.34359741,1.699889703,1.696468702
0.34365234,1.690856534,1.685745240
0.34370728,1.683895115,1.678971492
0.34376221,1.683432745,1.687541947
0.34381714,1.680468298,1.676600831
0.34387207,1.670614202,1.665104862
0.34392700,1.662860003,1.657560672
0.34398193,1.661628046,1.665282122
0.34403687,1.658130634,1.654071197
0.34409180,1.648013495,1.642391422
0.34414673,1.640076028,1.634709708
0.34420166,1.638723313,1.642254019
0.34425659,1.635360616,1.631442998
0.34431152,1.625652802,1.620256156
0.34436646,1.618203036,1.613104766
0.34442139,1.617387271,1.621126075
0.34447632,1.614785266,1.611318101
0.34453125,1.606069690,1.601187562
0.34458618,1.599644865,1.595078849
0.34464111,1.599850444,1.604038275
0.34469604,1.598428074,1.595613351
0.34475098,1.591053138,1.586854535
0.34480591,1.585934859,1.582035304
0.34486084,1.587376351,1.592117389
0.34491577,1.587275933,1.585176406
0.34497070,1.581313669,1.577828922
0.34502563,1.577513897,1.574280397
0.34508057,1.580149252,1.585419931
0.34513550,1.581275547,1.579836575
0.34519043,1.576584576,1.573739020
0.34524536,1.573929945,1.571271646
0.34530029,1.577563136,1.583265254
0.34535522,1.579700871,1.578810688
0.34541016,1.576055093,1.573734613
0.34546509,1.574322892,1.572127362
0.34552002,1.578743259,1.584774209
0.34557495,1.581695929,1.581255238
0.34562988,1.578919042,1.577037222
0.34568481,1.577964008,1.576160185
0.34573975,1.583062173,1.589372178
0.34579468,1.586754338,1.586726464
0.34584961,1.584806252,1.583346358
0.34590454,1.584629332,1.583220504
0.34595947,1.590447087,1.597062602
0.34601440,1.594954648,1.595379023
0.34606934,1.593941958,1.592960485
0.34612427,1.594681317,1.593738917
0.34617920,1.601383941,1.608392164
0.34623413,1.606888986,1.607856985
0.34628906,1.607003940,1.606598628
0.34634399,1.608859984,1.608484779
0.34639893,1.616649528,1.624153895
0.34645386,1.623344263,1.624950203
0.34650879,1.624761891,1.625019543
0.34656372,1.627890248,1.628158294
0.34661865,1.636897035,1.644962665
0.34667358,1.644876429,1.647163804
0.34672852,1.647650886,1.648595682
0.34678345,1.652064885,1.652979119
0.34683838,1.662258362,1.670868063
0.34689331,1.671441392,1.674364248
0.34694824,1.675439356,1.677000477
0.34700317,1.680957038,1.682421857
0.34705811,1.692107548,1.701143893
0.34711304,1.702214500,1.705627358
0.34716797,1.707108410,1.709118001
0.34722290,1.713361756,1.715188996
0.34727783,1.725065406,1.734324538
0.34733276,1.735657643,1.739336716
0.34738770,1.740979280,1.743200507
0.34744263,1.747480179,1.749423265
0.34749756,1.759235448,1.768466431
0.34755249,1.769800650,1.773487337
0.34760742,1.775032781,1.777206358
0.34766235,1.781268701,1.783070988
0.34771729,1.792573678,1.801527421
0.34777222,1.802622145,1.806071272
0.34782715,1.807291460,1.809181995
0.34788208,1.812812733,1.814250816
0.34793701,1.823244648,1.831713146
0.34799194,1.832379258,1.835393342
0.34804688,1.836115266,1.837539851
0.34810181,1.840581839,1.841487942
0.34815674,1.849831014,1.857663256
0.34821167,1.857768158,1.860206750
0.34826660,1.860311375,1.861142545
0.34832153,1.863488977,1.863747933
0.34837646,1.871344137,1.878437735
0.34843140,1.877889735,1.879656509
0.34848633,1.879060314,1.879209589
0.34854126,1.880783889,1.880314253
0.34859619,1.887092776,1.893373863
0.34865112,1.892102537,1.893125211
0.34870605,1.891762650,1.891161739
0.34876099,1.891903257,1.890640980
0.34881592,1.896546234,1.901956707
0.34887085,1.899907876,1.900129942
0.34892578,1.897954088,1.896551866
0.34898071,1.896422537,1.894323705
0.34903564,1.899328112,1.903834402
0.34909058,1.900988845,1.900384366
0.34914551,1.897391109,1.895174164
0.34920044,1.894187481,1.891254068
0.34925537,1.895390835,1.899014079
0.34931030,1.895422933,1.894030088
0.34936523,1.890294832,1.887323173
0.34942017,1.885580702,1.881897065
0.34947510,1.885295001,1.888146842
0.34953003,1.883963174,1.881917826
0.34958496,1.877622328,1.874059212
0.34963989,1.871771322,1.867528826
0.34969482,1.870425736,1.872726435
0.34974976,1.868210268,1.865756406
0.34980469,1.861184685,1.857298469
0.34985962,1.854770638,1.850260262
0.34991455,1.852979489,1.855040911
0.34996948,1.850526150,1.847989189
0.35002441,1.843485320,1.839613341
0.35007935,1.837195602,1.832762971
0.35013428,1.835655553,1.837828246
0.35018921,1.833658854,1.831385892
0.35024414,1.827285738,1.823769142
0.35029907,1.821785042,1.817761405
0.35035400,1.821134059,1.823736075
0.35040894,1.820194901,1.818483181
0.35046387,1.815045860,1.812159516
0.35051880,1.810841953,1.807477304
0.35057373,1.811534201,1.814789114
0.35062866,1.812046977,1.811088283
0.35068359,1.808453737,1.806358321
0.35073853,1.805816458,1.803240371
0.35079346,1.808059987,1.812067241
0.35084839,1.810169991,1.810030991
0.35090332,1.808217207,1.806949708
0.35095825,1.807176021,1.805398165
0.35101318,1.810949523,1.815694529
0.35106812,1.814587584,1.815228783
0.35112305,1.814163535,1.813664108
0.35117798,1.814572045,1.813515784
0.35123291,1.819700627,1.825093794
0.35128784,1.824667347,1.825986115
0.35134277,1.825553717,1.825711241
0.35139771,1.827182054,1.826731055
0.35145264,1.833429377,1.839352337
0.35150757,1.839484330,1.841359415
0.35156250,1.841440038,1.842133723
0.35161743,1.844051241,1.844087144
0.35167236,1.851186736,1.857525268
0.35172729,1.858105241,1.860424323
0.35178223,1.860911947,1.862033149
0.35183716,1.864295811,1.864714159
0.35189209,1.872116943,1.878771087
0.35194702,1.879701212,1.882365480
0.35200195,1.883164190,1.884615903
0.35205688,1.887129035,1.887834295
0.35211182,1.895445373,1.902320706
0.35216675,1.903502471,1.906414966
0.35222168,1.907424159,1.909107299
0.35227661,1.911767710,1.912658365
0.35233154,1.920370838,1.927363245
0.35238647,1.928683238,1.931734090
0.35244141,1.932835894,1.934635723
0.35249634,1.937321292,1.938278073
0.35255127,1.945965201,1.952951393
0.35260620,1.954276305,1.957335896
0.35266113,1.958393136,1.960175289
0.35271606,1.962745878,1.963630728
0.35277100,1.971149654,1.977989022
0.35282593,1.979171910,1.982095433
0.35288086,1.982960085,1.984577548
0.35293579,1.986885224,1.987550314
0.35299072,1.994753563,2.001298787
0.35304565,2.002191343,2.004830508
0.35310059,2.005356219,2.006661619
0.35315552,2.008562923,2.008863022
0.35321045,2.015610052,2.021719067
0.35326538,2.022182039,2.024396184
0.35332031,2.024447245,2.025302742
0.35337524,2.026665956,2.026466794
0.35343018,2.032629433,2.038172057
0.35348511,2.038078804,2.039739684
0.35354004,2.039192768,2.039472991
0.35359497,2.040178243,2.039357707
0.35364990,2.044818873,2.049676462
0.35370483,2.048910656,2.049900850
0.35375977,2.048642133,2.048231727
0.35381470,2.048168020,2.046613285
0.35386963,2.051264473,2.055327154
0.35392456,2.053781281,2.053992065
0.35397949,2.051917310,2.050710020
0.35403442,2.049777448,2.047385835
0.35408936,2.051131974,2.054301807
0.35414429,2.051885107,2.051222408
0.35419922,2.048248356,2.046156185
0.35425415,2.044281043,2.040972706
0.35430908,2.043751127,2.045958543
0.35436401,2.042619844,2.041024519
0.35441895,2.037115461,2.034092753
0.35447388,2.031257541,2.027003168
0.35452881,2.028816601,2.030051379
0.35458374,2.025814481,2.023296071
0.35463867,2.018500863,2.014580180
0.35469360,2.010861377,2.005719392
0.35474854,2.006673479,2.007022346
0.35480347,2.002022162,1.998695836
0.35485840,1.993181481,1.988508770
0.35491333,1.984106608,1.978255349
0.35496826,1.978583362,1.978257942
0.35502319,1.972758913,1.968867951
0.35507813,1.962930539,1.957780916
0.35513306,1.953021758,1.946767429
0.35518799,1.946823128,1.946159019
0.35524292,1.940537668,1.936442759
0.35529785,1.930479120,1.925235684
0.35535278,1.920532417,1.914276899
0.35540771,1.914483555,1.913896873
0.35546265,1.908579614,1.904704108
0.35551758,1.899138865,1.894226922
0.35557251,1.889995987,1.884160581
0.35562744,1.884919003,1.884820468
0.35568237,1.880183925,1.876919387
0.35573730,1.872099110,1.867884562
0.35579224,1.864435717,1.859353994
0.35584717,1.860929873,1.861613959
0.35590210,1.857872007,1.855465665
0.35595703,1.851547840,1.848225096
0.35601196,1.845654594,1.841463004
0.35606689,1.843886582,1.845427103
0.35612183,1.842539261,1.840996842
0.35617676,1.837869120,1.835373372
0.35623169,1.833496052,1.830057711
0.35628662,1.833070488,1.835257806
0.35634155,1.832892091,1.831930128
0.35639648,1.829190576,1.827166637
0.35645142,1.825514487,1.822405686
0.35650635,1.825477892,1.827823907
0.35656128,1.825393435,1.824463204
0.35661621,1.821475909,1.819321204
0.35667114,1.817217485,1.813789485
0.35672607,1.816211865,1.818030000
0.35678101,1.814801271,1.813186007
0.35683594,1.809204361,1.806182101
0.35689087,1.802877855,1.798384433
0.35694580,1.799415979,1.799961247
0.35700073,1.795210862,1.792176276
0.35705566,1.786506305,1.781904175
0.35711060,1.776745675,1.770507566
0.35716553,1.769544504,1.768181197
0.35722046,1.761363792,1.756326420
0.35727539,1.748491093,1.741787685
0.35733032,1.734374592,1.725941460
0.35738525,1.722666857,1.719023570
0.35744019,1.709910593,1.702583515
0.35749512,1.692448583,1.683447599
0.35755005,1.673743973,1.663015053
0.35760498,1.657493305,1.651568205
0.35765991,1.640324448,1.630805584
0.35771484,1.618636982,1.607537201
0.35776978,1.595908861,1.583183535
0.35782471,1.575877063,1.568068243
0.35787964,1.555247537,1.544029255
0.35793457,1.530467743,1.517851650
0.35798950,1.505019992,1.490965457
0.35804443,1.482668223,1.473720760
0.35809937,1.460179960,1.448076115
0.35815430,1.434032793,1.420774470
0.35820923,1.407694811,1.393235974
0.35826416,1.384936196,1.375815411
0.35831909,1.362563260,1.350567445
0.35837402,1.337060728,1.324170935
0.35842896,1.311859773,1.298013188
0.35848389,1.290713199,1.282429677
0.35853882,1.270441725,1.259545738
0.35859375,1.247513919,1.235954500
0.35864868,1.225302364,1.212989177
0.35870361,1.207521274,1.200945011
0.35875854,1.190985166,1.181997057
0.35881348,1.172128242,1.162636774
0.35886841,1.154249157,1.144129007
0.35892334,1.141009875,1.136716005
0.35897827,1.129206795,1.122610856
0.35903320,1.115231201,1.108197519
0.35908813,1.102302988,1.094669130
0.35914307,1.094029435,1.092213736
0.35919800,1.087188666,1.083082821
0.35925293,1.078132577,1.073559202
0.35930786,1.070009652,1.064773199
0.35936279,1.066382155,1.066869492
0.35941772,1.064021587,1.062149993
0.35947266,1.059255240,1.056813647
0.35952759,1.055178005,1.051946933
0.35958252,1.055326309,1.057671006
0.35963745,1.056485035,1.056358000
0.35969238,1.054978627,1.054146515
0.35974731,1.053871648,1.052102834
0.35980225,1.056697682,1.060347410
0.35985718,1.060277091,1.061343641
0.35991211,1.060953510,1.061192634
0.35996704,1.061782869,1.060961655
0.36002197,1.066315556,1.070789023
0.36007690,1.071424428,1.073244517
0.36013184,1.073487603,1.074407015
0.36018677,1.075565813,1.075356927
0.36024170,1.081236305,1.086258769
0.36029663,1.087430742,1.089792596
0.36035156,1.090565408,1.092018227
0.36040649,1.093706986,1.094028818
0.36046143,1.100456998,1.106010599
0.36051636,1.107799505,1.110745071
0.36057129,1.112180077,1.114263698
0.36062622,1.116660386,1.117660109
0.36068115,1.124852249,1.131126767
0.36073608,1.133775304,1.137527895
0.36079102,1.139886272,1.142848627
0.36084595,1.146222939,1.148163591
0.36090088,1.156387067,1.163650399
0.36095581,1.167412314,1.172233397
0.36101074,1.175745386,1.179831213
0.36106567,1.184380011,1.187479580
0.36112061,1.196887991,1.205321502
0.36117554,1.210297616,1.216321886
0.36123047,1.221028178,1.226317219
0.36128540,1.232014428,1.236290454
0.36134033,1.246784941,1.256337531
0.36139526,1.262351082,1.269452799
0.36145020,1.275096163,1.281384255
0.36150513,1.287890652,1.293058189
0.36156006,1.304216844,1.314521518
0.36161499,1.321068229,1.328797705
0.36166992,1.334794326,1.341550704
0.36172485,1.348206709,1.353656912
0.36177979,1.364748805,1.375122594
0.36183472,1.381405339,1.389009852
0.36188965,1.394503675,1.400912159
0.36194458,1.406810605,1.411671134
0.36199951,1.421745967,1.431268201
0.36205444,1.436301767,1.442820091
0.36210938,1.446800750,1.451868708
0.36216431,1.455983827,1.459240255
0.36221924,1.467266225,1.474910256
0.36227417,1.477665840,1.482068082
0.36232910,1.483519771,1.486223826
0.36238403,1.487562262,1.488207403
0.36243896,1.493222164,1.498006107
0.36249390,1.497560130,1.498897726
0.36254883,1.496943860,1.496377081
0.36260376,1.494116535,1.491292870
0.36265869,1.492534433,1.493657007
0.36271362,1.489312684,1.486845983
0.36276855,1.480860043,1.476349748
0.36282349,1.469937854,1.463044220
0.36287842,1.460036815,1.456971739
0.36293335,1.448331079,1.441610459
0.36298828,1.431273452,1.422448255
0.36304321,1.411645034,1.400388988
0.36309814,1.392970235,1.385503513
0.36315308,1.372479115,1.361366977
0.36320801,1.346663988,1.333460488
0.36326294,1.318319969,1.302709365
0.36331787,1.290997471,1.279204227
0.36337280,1.261972771,1.246606213
0.36342773,1.227767060,1.210379120
0.36348267,1.191178227,1.171458033
0.36353760,1.155770139,1.139940103
0.36359253,1.118851518,1.099557752
0.36364746,1.076958496,1.055744002
0.36370239,1.032878012,1.009429963
0.36375732,0.990173255,0.970704938
0.36381226,0.946170923,0.923357700
0.36386719,0.897408364,0.872777672
0.36392212,0.846648928,0.819879777
0.36397705,0.797442950,0.774733483
0.36403198,0.747123437,0.721172208
0.36408691,0.692218773,0.664532857
0.36414185,0.635460317,0.605706535
0.36419678,0.580378214,0.554736026
0.36425171,0.524305466,0.495493291
0.36430664,0.463757050,0.433259710
0.36436157,0.401429926,0.368901055
0.36441650,0.340832872,0.312432800
0.36447144,0.279298748,0.247765549
0.36452637,0.213330758,0.180128133
0.36458130,0.145594886,0.110365192
0.36463623,0.079582858,0.048469577
0.36469116,0.012632312,-0.021604541
0.36474609,-0.058759206,-0.094673717
0.36480103,-0.131949424,-0.169906738
0.36485596,-0.203456219,-0.237325908
0.36491089,-0.275929876,-0.312926567
0.36496582,-0.352870826,-0.391562343
0.36502075,-0.431652504,-0.472407418
0.36507568,-0.508795015,-0.545492269
0.36513062,-0.586930138,-0.626756077
0.36518555,-0.669550236,-0.711083272
0.36524048,-0.754038813,-0.797648112
0.36529541,-0.836913826,-0.876485581
0.36535034,-0.920785673,-0.963476846
0.36540527,-1.009136630,-1.053535135
0.36546021,-1.099359030,-1.145834035
0.36551514,-1.187968942,-1.230414113
0.36557007,-1.277557254,-1.323101462
0.36562500,-1.371598893,-1.418840857
0.36567993,-1.467498393,-1.516808997
0.36573486,-1.561774499,-1.607057250
0.36578979,-1.657004286,-1.705363134
0.36584473,-1.756661195,-1.806708501
0.36589966,-1.858167488,-1.910278593
0.36595459,-1.958049943,-2.006140886
0.36600952,-2.058876410,-2.110028728
0.36606445,-2.164121023,-2.216961577
0.36611938,-2.271222112,-2.326129644
0.36617432,-2.376707978,-2.427607531
0.36622925,-2.483123961,-2.537067828
0.36628418,-2.593921785,-2.649539015
0.36633911,-2.706520290,-2.764174330
0.36639404,-2.817399579,-2.870998502
0.36644897,-2.929017042,-2.985550047
0.36650391,-3.044719813,-3.102775328
0.36655884,-3.161809802,-3.221685548
0.36661377,-3.276611201,-3.332142889
0.36666870,-3.391383112,-3.449440745
0.36672363,-3.509265339,-3.568344787
0.36677856,-3.627361339,-3.687654400
0.36683350,-3.741795189,-3.797045100
0.36688843,-3.854636397,-3.911602079
0.36694336,-3.968891518,-4.026018263
0.36699829,-4.081613067,-4.139066816
0.36705322,-4.188947478,-4.240497377
0.36710815,-4.293064190,-4.345510220
0.36716309,-4.397174906,-4.449087144
0.36721802,-4.498642090,-4.550345458
0.36727295,-4.593985745,-4.639452709
0.36732788,-4.685781147,-4.732004477
0.36738281,-4.777670624,-4.823452903
0.36743774,-4.867442513,-4.913317442
0.36749268,-4.951977684,-4.992104001
0.36754761,-5.034108249,-5.075584947
0.36760254,-5.117626318,-5.159335283
0.36765747,-5.200350158,-5.242824070
0.36771240,-5.279036967,-5.316368817
0.36776733,-5.356233214,-5.395350262
0.36782227,-5.435309342,-5.474883231
0.36787720,-5.513535548,-5.553808160
0.36793213,-5.586971364,-5.621684360
0.36798706,-5.657301767,-5.692924999
0.36804199,-5.726875560,-5.761571075
0.36809692,-5.791759091,-5.825147455
0.36815186,-5.846574816,-5.871669282
0.36820679,-5.891318479,-5.913705526
0.36826172,-5.926445262,-5.943326180
0.36831665,-5.946021980,-5.955985484
0.36837158,-5.942731415,-5.937809222
0.36842651,-5.914985225,-5.899953101
0.36848145,-5.862446294,-5.834148486
0.36853638,-5.779685920,-5.737026803
0.36859131,-5.661689704,-5.597981556
0.36864624,-5.511419094,-5.433873140
0.36870117,-5.335627301,-5.244869649
0.36875610,-5.138499262,-5.038488773
0.36881104,-4.926730334,-4.816893024
0.36886597,-4.716255536,-4.610481695
0.36892090,-4.526873380,-4.432445160
0.36897583,-4.374407511,-4.301093408
0.36903076,-4.274196483,-4.225597640
0.36908569,-4.246395629,-4.238187283
0.36914062,-4.309582136,-4.348002294
0.36919556,-4.472463771,-4.563179499
0.36925049,-4.737588730,-4.877246105
0.36930542,-5.107590733,-5.302561956
0.36936035,-5.580366688,-5.826144144
0.36941528,-6.142745924,-6.433798769
0.36947021,-6.776271974,-7.098695957
0.36952515,-7.465380307,-7.816580477
0.36958008,-8.194070705,-8.562946834
0.36963501,-8.940053204,-9.317095245
0.36968994,-8.922811260,-9.291879942
0.36974487,-8.974510919,-9.336062141
0.36979980,-9.002966309,-9.353171155
0.36985474,-9.021000795,-9.357476731
0.36990967,-9.033470239,-9.357538959
0.36996460,-9.042612632,-9.355453370
0.37001953,-9.049646457,-9.352073914
0.37007446,-9.055208336,-9.349771845
0.37012939,-9.059751643,-9.345767448
0.37018433,-9.063459345,-9.343650874
0.37023926,-9.066629621,-9.335425772
0.37029419,-9.069289336,-9.335186555
0.37034912,-9.071625252,-9.326285892
0.37040405,-9.073633901,-9.326059342
0.37045898,-9.075429791,-9.318094509
0.37051392,-9.077006841,-9.317528608
0.37056885,-9.078435793,-9.310941552
0.37062378,-9.079712602,-9.310156304
0.37067871,-9.080881737,-9.304907093
0.37073364,-9.081940818,-9.304034532
0.37078857,-9.082918961,-9.299822882
0.37084351,-9.083814470,-9.298957702
0.37089844,-9.084647560,-9.295463611
0.37095337,-9.085416528,-9.294669853
0.37100830,-9.086136382,-9.291637145
0.37106323,-9.086805042,-9.290953578
0.37111816,-9.087434309,-9.288192942
0.37117310,-9.088019815,-9.287599196
0.37122803,-9.088516576,-9.284267199
0.37128296,-9.088135160,-9.262405551
0.37133789,-9.081299128,-8.946802218
0.37139282,-9.055949290,-7.241924943
0.37144775,-8.746839753,-5.991522388
0.37150269,-4.251039314,-1.556265872
0.37155762,-2.562998760,-2.670563388
0.37161255,-3.065741323,-3.068473207
0.37166748,-4.674323417,-5.959224922
0.37172241,-6.385074071,-7.350648788
0.37177734,-5.967668909,-5.633392466
0.37183228,-1.750785717,0.429746579
0.37188721,5.746917206,11.187382472
0.37194214,9.893664124,11.704265238
0.37199707,6.224216830,2.351726357
0.37205200,-0.076236953,-3.088282646
0.37210693,-4.325892599,-6.446111374
0.37216187,-6.203690229,-6.567900828
0.37221680,-6.653318181,-6.953640630
0.37227173,-6.711533291,-6.431028536
0.37232666,-6.961049245,-7.376563907
0.37238159,-7.503820875,-7.566834070
0.37243652,-8.061371056,-8.669616631
0.37249146,-8.264993458,-7.986880536
0.37254639,-8.273959304,-8.502674143
0.37260132,-8.549177159,-8.446155980
0.37265625,-8.658885443,-9.336172519
0.37271118,-8.938286776,-8.901282108
0.37276611,-8.932069378,-9.553079615
0.37282104,-8.997545932,-8.962565117
0.37287598,-8.993263844,-9.554982272
0.37293091,-9.023629143,-8.967712438
0.37298584,-9.020351102,-9.535974066
0.37304077,-9.038643065,-8.966247856
0.37309570,-9.036301645,-9.524727116
0.37315063,-9.048864291,-8.972898092
0.37320557,-9.047295713,-9.522515002
0.37326050,-9.056493764,-8.986830623
0.37331543,-9.055456922,-9.521704502
0.37337036,-9.062460695,-9.002105656
0.37342529,-9.061786179,-9.520155576
0.37348022,-9.067270132,-9.017385949
0.37353516,-9.066842917,-9.517569157
0.37359009,-9.071226380,-9.032043188
0.37364502,-9.070969345,-9.513547250
0.37369995,-9.074531829,-9.045868784
0.37375488,-9.074393944,-9.508205991
0.37380981,-9.077330284,-9.058945549
0.37386475,-9.077277382,-9.501856840
0.37391968,-9.079727402,-9.071413479
0.37397461,-9.079736044,-9.494804208
0.37402954,-9.081802290,-9.083383643
0.37408447,-9.081855958,-9.487284060
0.37413940,-9.083615027,-9.094925980
0.37419434,-9.083701792,-9.479463436
0.37424927,-9.085211845,-9.106078890
0.37430420,-9.085322913,-9.471456802
0.37435913,-9.086628787,-9.116861083
0.37441406,-9.086757572,-9.463342726
0.37446899,-9.087894310,-9.127280534
0.37452393,-9.088035819,-9.455176507
0.37457886,-9.089031160,-9.137340178
0.37463379,-9.089181573,-9.446998679
0.37468872,-9.090057732,-9.147041194
0.37474365,-9.090214109,-9.438840372
0.37479858,-9.090989064,-9.156384731
0.37485352,-9.091149131,-9.430726572
0.37490845,-9.091837572,-9.165372714
0.37496338,-9.091999567,-9.422678041
0.37501831,-9.092613604,-9.174008146
0.37507324,-9.092776160,-9.414712442
0.37512817,-9.093325852,-9.182295141
0.37518311,-9.093487912,-9.406844993
0.37523804,-9.093981679,-9.190238835
0.37529297,-9.094142428,-9.399088859
0.37534790,-9.094587361,-9.197845251
0.37540283,-9.094746172,-9.391455406
0.37545776,-9.095148282,-9.205121147
0.37551270,-9.095304681,-9.383954372
0.37556763,-9.095669090,-9.212073880
0.37562256,-9.095822721,-9.376594004
0.37567749,-9.096153817,-9.218711276
0.37573242,-9.096304418,-9.369381180
0.37578735,-9.096605979,-9.225041523
0.37584229,-9.096753364,-9.362321514
0.37589722,-9.097028654,-9.231073078
0.37595215,-9.097172698,-9.355419471
0.37600708,-9.097424550,-9.236814583
0.37606201,-9.097565175,-9.348678460
0.37611694,-9.097796059,-9.242274807
0.37617187,-9.097933224,-9.342100941
0.37622681,-9.098145300,-9.247462578
0.37628174,-9.098278995,-9.335688519
0.37633667,-9.098474158,-9.252386746
0.37639160,-9.098604397,-9.329442039
0.37644653,-9.098784314,-9.257056134
0.37650146,-9.098911128,-9.323361667
0.37655640,-9.099077274,-9.261479508
0.37661133,-9.099200709,-9.317446976
0.37666626,-9.099354386,-9.265665546
0.37672119,-9.099474501,-9.311697022
0.37677612,-9.099616867,-9.269622814
0.37683105,-9.099733727,-9.306110407
0.37688599,-9.099865813,-9.273359741
0.37694092,-9.099979491,-9.300685350
0.37699585,-9.100102216,-9.276884608
0.37705078,-9.100212789,-9.295419736
0.37710571,-9.100326975,-9.280205526
0.37716064,-9.100434522,-9.290311174
0.37721558,-9.100540906,-9.283330428
0.37727051,-9.100645510,-9.285357041
0.37732544,-9.100744754,-9.286267060
0.37738037,-9.100846497,-9.280554524
0.37743530,-9.100939196,-9.289022970
0.37749023,-9.101038162,-9.275900654
0.37754517,-9.101124853,-9.291605504
0.37760010,-9.101221125,-9.271392345
0.37765503,-9.101302294,-9.294021804
0.37770996,-9.101395954,-9.267026417
0.37776489,-9.101472038,-9.296278792
0.37781982,-9.101563167,-9.262799477
0.37787476,-9.101634564,-9.298381982
0.37792969,-9.101723238,-9.258705641
0.37798462,-9.101790304,-9.300332604
0.37803955,-9.101876591,-9.254732814
0.37809448,-9.101939638,-9.302117782
0.37814941,-9.102023587,-9.250848266
0.37820435,-9.102082874,-9.303698962
0.37825928,-9.102164358,-9.246984609
0.37831421,-9.102218821,-9.304633572
0.37836914,-9.102291618,-9.239814907
0.37842407,-9.102315832,-9.288996234
0.37847900,-9.102277055,-9.165110236
0.37853394,-9.101824362,-9.001379946
0.37858887,-9.100916316,-7.995003324
0.37864380,-9.097002566,-7.194822313
0.37869873,-9.076258780,-3.814283032
0.37875366,5.420575933,13.205667906
0.37880859,21.084600540,30.695667776
0.37886353,30.462517964,33.051047706
0.37891846,33.604410582,34.750410368
0.37897339,35.374001351,36.184615759
0.37902832,36.498017237,37.082944881
0.37908325,36.950006907,36.946042233
0.37913818,37.253508588,37.451516236
0.37919312,37.834449254,38.158860546
0.37924805,38.425866918,38.799439405
0.37930298,38.709777074,38.714489812
0.37935791,38.856897761,38.947345007
0.37941284,39.169944189,39.330538998
0.37946777,39.553013847,39.829474087
0.37952271,39.752484402,39.751122937
0.37957764,39.828672634,39.878248203
0.37963257,40.019621794,40.102182704
0.37968750,40.299608502,40.525622053
0.37974243,40.459671218,40.456468806
0.37979736,40.510536404,40.548304680
0.37985229,40.647767374,40.693462923
0.37990723,40.876834927,41.075904599
0.37996216,41.020516813,41.019119307
0.38001709,41.065937726,41.103036554
0.38007202,41.179426990,41.207188253
0.38012695,41.381400896,41.564387213
0.38018188,41.518144610,41.519584812
0.38023682,41.565311192,41.605249089
0.38029175,41.668133505,41.686939148
0.38034668,41.854312153,42.026486338
0.38040161,41.988063994,41.992466061
0.38045654,42.039576419,42.083277366
0.38051147,42.138117579,42.152747876
0.38056641,42.314648514,42.478979187
0.38062134,42.447378556,42.454718715
0.38067627,42.504161821,42.551670115
0.38073120,42.601712037,42.614856628
0.38078613,42.772026981,42.930227245
0.38084106,42.904498618,42.914553446
0.38089600,42.966396345,43.017246233
0.38095093,43.064314749,43.077348607
0.38100586,43.230085929,43.383039768
0.38106079,43.362295244,43.374679519
0.38111572,43.428696927,43.482264361
0.38117065,43.527631977,43.541366168
0.38122559,43.690179789,43.838647477
0.38128052,43.822701618,43.837473579
0.38133545,43.894110675,43.950424894
0.38139038,43.995922428,44.011663014
0.38144531,44.158140653,44.303725695
0.38150024,44.293733940,44.312152287
0.38155518,44.373025741,44.433380463
0.38161011,44.481605229,44.501579763
0.38166504,44.647991813,44.793097210
0.38171997,44.790544002,44.814438467
0.38177490,44.880784866,44.946547233
0.38182983,44.998780710,45.024427266
0.38188477,45.171056690,45.316579797
0.38193970,45.320212214,45.349177692
0.38199463,45.418672378,45.488196286
0.38204956,45.541378698,45.570256504
0.38210449,45.712729478,45.855167183
0.38215942,45.859007878,45.887991465
0.38221436,45.953757617,46.020766631
0.38226929,46.067727518,46.092982512
0.38232422,46.223783298,46.355909971
0.38237915,46.352098030,46.373375339
0.38243408,46.428084410,46.484943324
0.38248901,46.519565654,46.534393429
0.38254395,46.648734888,46.764977455
0.38259888,46.749969801,46.759094235
0.38265381,46.801082768,46.844929065
0.38270874,46.867753865,46.871305002
0.38276367,46.971780332,47.073447608
0.38281860,47.051388344,47.051363630
0.38287354,47.086491589,47.122055214
0.38292847,47.140516510,47.139184794
0.38298340,47.234356234,47.329298886
0.38303833,47.309090385,47.308445024
0.38309326,47.345885683,47.382138910
0.38314819,47.405392128,47.408309063
0.38320313,47.506919178,47.604181247
0.38325806,47.593465007,47.600426070
0.38331299,47.646793384,47.691023544
0.38336792,47.724559497,47.737932021
0.38342285,47.844261928,47.948982363
0.38347778,47.950440083,47.968641005
0.38353271,48.025351696,48.079842517
0.38358765,48.123950409,48.148810935
0.38364258,48.262193726,48.374426630
0.38369751,48.386244336,48.414554505
0.38375244,48.479099005,48.541854511
0.38380737,48.593529544,48.627206684
0.38386230,48.744375797,48.861124965
0.38391724,48.879597281,48.914534236
0.38397217,48.983167640,49.050522877
0.38402710,49.106100055,49.144871502
0.38408203,49.262411299,49.380183713
0.38413696,49.401891983,49.439965559
0.38419189,49.509555301,49.578231786
0.38424683,49.634874339,49.675687675
0.38430176,49.791148467,49.907312581
0.38435669,49.929875203,49.968578551
0.38441162,50.037013448,50.104755370
0.38446655,50.160556603,50.201338868
0.38452148,50.313064254,50.425863062
0.38457642,50.447526992,50.485088970
0.38463135,50.550676007,50.615780660
0.38468628,50.669009117,50.708018235
0.38474121,50.814277143,50.922039796
0.38479614,50.940741761,50.975239622
0.38485107,51.035740287,51.096115238
0.38490601,51.144276345,51.179151338
0.38496094,51.277274141,51.377507419
0.38501587,51.390137904,51.418681456
0.38507080,51.470759364,51.523253430
0.38512573,51.562775889,51.590070962
0.38518066,51.676421234,51.765597448
0.38523560,51.768295973,51.787113208
0.38529053,51.826978204,51.867798286
0.38534546,51.895034372,51.910986344
0.38540039,51.982299547,52.056971961
0.38545532,52.046762026,52.052636358
0.38551025,52.077909175,52.104328785
0.38556519,52.117558650,52.119992600
0.38562012,52.175407716,52.234215063
0.38567505,52.210937303,52.203194555
0.38572998,52.214611498,52.226813807
0.38578491,52.227596508,52.217497663
0.38583984,52.259442581,52.304289524
0.38589478,52.270934687,52.252129766
0.38594971,52.253271688,52.254468881
0.38600464,52.246756854,52.227786121
0.38605957,52.260510307,52.295483619
0.38611450,52.256220773,52.230502664
0.38616943,52.225438311,52.219777416
0.38622437,52.207328549,52.183400068
0.38627930,52.210331119,52.239109067
0.38633423,52.196772194,52.167303020
0.38638916,52.158387460,52.148562309
0.38644409,52.133212151,52.106471752
0.38649902,52.129088220,52.153433794
0.38655396,52.109075286,52.077147565
0.38660889,52.065282187,52.052335402
0.38666382,52.034929727,52.006246226
0.38671875,52.025588945,52.046475639
0.38677368,52.001308703,51.967993279
0.38682861,51.954809898,51.940142057
0.38688354,51.922745862,51.893883818
0.38693848,51.912563642,51.932293348
0.38699341,51.889283290,51.857271605
0.38704834,51.846124607,51.832859197
0.38710327,51.819016639,51.793360188
0.38715820,51.815016358,51.837192629
0.38721313,51.799716645,51.772499891
0.38726807,51.766406378,51.757804958
0.38732300,51.749908937,51.730215903
0.38737793,51.756522506,51.783312124
0.38743286,51.752050728,51.730908649
0.38748779,51.729593077,51.726024745
0.38754272,51.722778171,51.708394370
0.38759766,51.737173083,51.767016433
0.38765259,51.738902337,51.721324622
0.38770752,51.721122883,51.719357087
0.38776245,51.716674362,51.703788819
0.38781738,51.730869930,51.759712588
0.38787231,51.730637109,51.712466922
0.38792725,51.709699751,51.705826535
0.38798218,51.700646672,51.685794622
0.38803711,51.709013777,51.734157119
0.38809204,51.702886676,51.682262066
0.38814697,51.676821567,51.670027412
0.38820190,51.663352486,51.646788843
0.38825684,51.668305328,51.691177326
0.38831177,51.660834144,51.640203961
0.38836670,51.636138895,51.629871894
0.38842163,51.626456358,51.612431982
0.38847656,51.637573181,51.663132701
0.38853149,51.639287695,51.624008359
0.38858643,51.626991010,51.626853523
0.38864136,51.632190579,51.626271661
0.38869629,51.660194029,51.693824463
0.38875122,51.680987861,51.675944741
0.38880615,51.689740328,51.699990316
0.38886108,51.716898062,51.722491741
0.38891602,51.767008308,51.811200499
0.38897095,51.810000751,51.816567560
0.38902588,51.840661020,51.861553541
0.38908081,51.888332113,51.904501740
0.38913574,51.956838210,52.009557562
0.38919067,52.016149450,52.031170423
0.38924561,52.060862748,52.088294842
0.38930054,52.119526411,52.141328074
0.38935547,52.195617683,52.251339492
0.38941040,52.259556654,52.277061713
0.38946533,52.306212554,52.334070669
0.38952026,52.363852227,52.385235461
0.38957520,52.436111117,52.489164201
0.38963013,52.494312102,52.509163046
0.38968506,52.534005785,52.557949739
0.38973999,52.583539848,52.601087145
0.38979492,52.646969436,52.695041827
0.38984985,52.696648737,52.707625733
0.38990479,52.728828735,52.748790869
0.38995972,52.771865337,52.786564937
0.39001465,52.830043162,52.875129901
0.39006958,52.876437077,52.886311132
0.39012451,52.907617146,52.927003249
0.39017944,52.951537814,52.967171598
0.39023438,53.012272166,53.058360605
0.39028931,53.063156832,53.075826998
0.39034424,53.100659767,53.123126389
0.39039917,53.151991058,53.171759664
0.39045410,53.220737753,53.270492558
0.39050903,53.280290655,53.297729109
0.39056396,53.326907188,53.353740920
0.39061890,53.387057405,53.411528896
0.39067383,53.463923410,53.517292123
0.39072876,53.531080475,53.552629367
0.39078369,53.584761650,53.614848743
0.39083862,53.650932128,53.678616586
0.39089355,53.732605446,53.787889312
0.39094849,53.803745990,53.827545422
0.39100342,53.860741361,53.892196961
0.39105835,53.929204345,53.958224791
0.39111328,54.012071576,54.067487983
0.39116821,54.083710955,54.108022530
0.39122314,54.140623896,54.171774493
0.39127808,54.207990437,54.236654315
0.39133301,54.288532760,54.342339547
0.39138794,54.356824492,54.379703338
0.39144287,54.409253145,54.437878228
0.39149780,54.470329087,54.495982103
0.39155273,54.542300651,54.591319257
0.39160767,54.599664369,54.617217204
0.39166260,54.638417551,54.659812987
0.39171753,54.682152202,54.699119768
0.39177246,54.732411984,54.769922365
0.39182739,54.763407351,54.767720418
0.39188232,54.770593226,54.775619362
0.39193726,54.776575339,54.774428424
0.39199219,54.782207253,54.796542068
0.39204712,54.761520286,54.739705417
0.39210205,54.709662228,54.684376308
0.39215698,54.648639678,54.612553005
0.39221191,54.579144561,54.554908771
0.39226685,54.475692281,54.412087652
0.39232178,54.333932178,54.262860813
0.39237671,54.176217823,54.091360882
0.39243164,54.004117288,53.927687795
0.39248657,53.793714804,53.676415590
0.39254150,53.542264357,53.415813574
0.39259644,53.273544390,53.133143879
0.39265137,52.990978819,52.858922076
0.39270630,52.673039519,52.502314124
0.39276123,52.319207371,52.141679231
0.39281616,51.955074705,51.767613575
0.39287109,51.586026374,51.411068147
0.39292603,51.192715854,50.985367914
0.39298096,50.776344103,50.568372951
0.39303589,50.363528409,50.153022627
0.39309082,49.960554761,49.769567457
0.39314575,49.548963087,49.334015750
0.39320068,49.130212810,48.922254547
0.39325562,48.730388112,48.527906875
0.39331055,48.355074330,48.178960591
0.39336548,47.985115468,47.792477925
0.39342041,47.620746627,47.441010260
0.39347534,47.286201311,47.117579074
0.39353027,46.985246087,46.846949664
0.39358521,46.697141422,46.546409564
0.39364014,46.420277456,46.284751949
0.39369507,46.176698001,46.054146397
0.39375000,45.968273949,45.876241451
0.39380493,45.772844469,45.668773047
0.39385986,45.587341174,45.497332028
0.39391479,45.432198591,45.353859013
0.39396973,45.308111504,45.257720797
0.39402466,45.192308131,45.127898159
0.39407959,45.081132176,45.027733396
0.39413452,44.994304672,44.949793098
0.39418945,44.932215983,44.912065757
0.39424438,44.872295991,44.835503752
0.39429932,44.811042457,44.781959652
0.39435425,44.768122475,44.745194765
0.39440918,44.744176295,44.742365091
0.39446411,44.717276121,44.696726613
0.39451904,44.684413779,44.668984192
0.39457397,44.665452284,44.654253037
0.39462891,44.661438260,44.669010691
0.39468384,44.651156425,44.638795552
0.39473877,44.632100215,44.623192467
0.39479370,44.624290827,44.618567186
0.39484863,44.629098989,44.640657242
0.39490356,44.625902837,44.617099846
0.39495850,44.612562632,44.606266642
0.39501343,44.609120423,44.605593760
0.39506836,44.617127161,44.629972503
0.39512329,44.616406011,44.608943529
0.39517822,44.605045820,44.599579135
0.39523315,44.602988384,44.600232832
0.39528809,44.611851859,44.624879576
0.39534302,44.611796932,44.604815310
0.39539795,44.601049236,44.595773884
0.39545288,44.599377676,44.596923890
0.39550781,44.608402897,44.621300277
0.39556274,44.608562064,44.601853160
0.39561768,44.598168789,44.592978242
0.39567261,44.596784963,44.594594583
0.39572754,44.606003081,44.618803835
0.39578247,44.606505482,44.600138336
0.39583740,44.596670184,44.591677316
0.39589233,44.595838826,44.594045825
0.39594727,44.605562375,44.618433042
0.39600220,44.606751321,44.600895966
0.39605713,44.597835978,44.593227548
0.39611206,44.597933376,44.596723346
0.39616699,44.608546636,44.621685778
0.39622192,44.610803167,44.605645581
0.39627686,44.603177970,44.599142038
0.39633179,44.604562454,44.604109830
0.39638672,44.616408320,44.629991511
0.39644165,44.620051108,44.615744383
0.39649658,44.614004947,44.610687103
0.39655151,44.616936207,44.617364705
0.39660645,44.630243118,44.644387092
0.39666138,44.635462252,44.632094068
0.39671631,44.631142915,44.628616919
0.39677124,44.635728436,44.637084784
0.39682617,44.650563065,44.665302577
0.39688110,44.657379102,44.654951758
0.39693604,44.654758887,44.653010006
0.39699097,44.660926361,44.663167045
0.39704590,44.677173070,44.692451203
0.39710083,44.685423758,44.683848120
0.39715576,44.684293630,44.683216342
0.39721069,44.691792697,44.694785455
0.39726563,44.709162922,44.724836428
0.39732056,44.718520202,44.717624845
0.39737549,44.718514324,44.717925223
0.39743042,44.726948433,44.730488814
0.39748535,44.745019610,44.760878998
0.39754028,44.755035233,44.754589835
0.39759521,44.755682801,44.755347087
0.39765015,44.764566738,44.768407380
0.39770508,44.782844881,44.798646189
0.39776001,44.793017336,44.792766556
0.39781494,44.793813081,44.793480166
0.39786987,44.802646202,44.806533740
0.39792480,44.820641018,44.836143592
0.39797974,44.830491585,44.830193231
0.39803467,44.830971833,44.830413447
0.39808960,44.839313196,44.843025805
0.39814453,44.856611326,44.871614361
0.39819946,44.865754519,44.865214586
0.39825439,44.865563920,44.864607226
0.39830933,44.873094460,44.876472610
0.39836426,44.889416315,44.903786874
0.39841919,44.897610642,44.896708228
0.39847412,44.896546230,44.895095332
0.39852905,44.903105569,44.906069852
0.39858398,44.918334456,44.932021421
0.39863892,44.925503529,44.924200726
0.39869385,44.923527586,44.921569283
0.39874878,44.929118564,44.931671251
0.39880371,44.943296904,44.956328385
0.39885864,44.949517485,44.947852691
0.39891357,44.946737677,44.944330840
0.39896851,44.951498954,44.953709628
0.39902344,44.964793843,44.977259324
0.39907837,44.970254939,44.968321816
0.39913330,44.966877623,44.964129318
0.39918823,44.971031961,44.973011176
0.39924316,44.983679251,44.995701229
0.39929810,44.988622872,44.986540376
0.39935303,44.984891444,44.981925838
0.39940796,44.988682587,44.990550114
0.39946289,45.000923248,45.012625309
0.39951782,45.005581194,45.003461939
0.39957275,45.001714217,44.998641700
0.39962769,45.005347245,45.007202373
0.39968262,45.017370774,45.028849507
0.39973755,45.021911859,45.019835994
0.39979248,45.018054777,45.014948160
0.39984741,45.021652918,45.023553255
0.39990234,45.033559750,45.044866395
0.39995728,45.038058192,45.036058083
0.40001221,45.034258001,45.031140364
0.40006714,45.037843738,45.039796297
0.40012207,45.049632857,45.060767667
0.40017700,45.054062342,45.052120150
0.40023193,45.050267930,45.047113344
0.40028687,45.053769370,45.055734277
0.40034180,45.065350334,45.076269103
0.40039673,45.069601260,45.067658030
0.40045166,45.065685337,45.062430266
0.40050659,45.068962244,45.070866147
0.40056152,45.080184694,45.090813845
0.40061646,45.084096460,45.082068552
0.40067139,45.079889949,45.076450671
0.40072632,45.082769521,45.084523635
0.40078125,45.093459648,45.103714578
0.40083618,45.096857138,45.094654502
0.40089111,45.092185010,45.088475526
0.40094604,45.094496486,45.096013826
0.40100098,45.104489854,45.114291230
0.40105591,45.107213996,45.104755294
0.40111084,45.101923171,45.097868951
0.40116577,45.103522728,45.104730321
0.40122070,45.112685938,45.121970270
0.40127563,45.114611969,45.111833417
0.40133057,45.108586099,45.104131182
0.40138550,45.109368174,45.110212420
0.40144043,45.117606810,45.126330132
0.40149536,45.118649005,45.115506453
0.40155029,45.111810216,45.106917815
0.40160522,45.111706551,45.112152491
0.40166016,45.118961860,45.127097849
0.40171509,45.119068230,45.115534308
0.40177002,45.111370236,45.106019134
0.40182495,45.110341834,45.110368999
0.40187988,45.116581956,45.124117459
0.40193481,45.115725167,45.111784694
0.40198975,45.107144288,45.101324332
0.40204468,45.105172912,45.104771089
0.40209961,45.110385211,45.117316461
0.40215454,45.108556045,45.104202836
0.40220947,45.099086066,45.092795699
0.40226440,45.096170690,45.095338273
0.40231934,45.100359950,45.106691812
0.40237427,45.097567343,45.092804371
0.40242920,45.087221398,45.080468766
0.40248413,45.083381933,45.082127937
0.40253906,45.086575825,45.092324685
0.40259399,45.082853931,45.077697018
0.40264893,45.071672998,45.064480332
0.40270386,45.066959970,45.065308994
0.40275879,45.069219666,45.074418844
0.40281372,45.064639115,45.059122624
0.40286865,45.052703598,45.045113060
0.40292358,45.047209747,45.045207793
0.40297852,45.048641209,45.053346596
0.40303345,45.043319767,45.037501904
0.40308838,45.030759228,45.022837716
0.40314331,45.024628027,45.022346673
0.40319824,45.025389057,45.029682536
0.40325317,45.019496981,45.013462340
0.40330811,45.006493608,44.998334345
0.40336304,44.999920693,44.997457646
0.40341797,45.000220223,45.004209145
0.40347290,44.993977345,44.987835261
0.40352783,44.980760803,44.972480576
0.40358276,44.973986622,44.971461846
0.40363770,44.974075210,44.977887451
0.40369263,44.967739378,44.961617970
0.40374756,44.954573330,44.946305577
0.40380249,44.947867893,44.945415824
0.40385742,44.948020888,44.951796290
0.40391235,44.941869741,44.935906662
0.40396729,44.929032435,44.920917430
0.40402222,44.922674932,44.920434191
0.40407715,44.923171346,44.927051073
0.40413208,44.917480639,44.911812179
0.40418701,44.905242896,44.897416697
0.40424194,44.899499540,44.897601826
0.40429688,44.900599907,44.904715376
0.40435181,44.895621559,44.890371678
0.40440674,44.884225138,44.876808796
0.40446167,44.879327962,44.877887485
0.40451660,44.881253677,44.885716263
0.40457153,44.877195715,44.872466057
0.40462646,44.866833927,44.859923845
0.40468140,44.862962121,44.862066321
0.40473633,44.865877527,44.870769669
0.40479126,44.862886957,44.858748346
0.40484619,44.853688342,44.847348178
0.40490112,44.850952754,44.850654624
0.40495605,44.854950504,44.860318461
0.40501099,44.853099559,44.849585198
0.40506592,44.845115064,44.839369397
0.40512085,44.843546366,44.843858603
0.40517578,44.848636632,44.854485166
0.40523071,44.847913114,44.845013837
0.40528564,44.841107655,44.835937861
0.40534058,44.840649239,44.841540797
0.40539551,44.846754066,44.853043733
0.40545044,44.847057276,44.844719638
0.40550537,44.841307393,44.836650606
0.40556030,44.841814875,44.843210863
0.40561523,44.848769677,44.855417737
0.40567017,44.849914038,44.848042288
0.40572510,44.845013741,44.840765956
0.40578003,44.846263148,44.848049109
0.40583496,44.853827301,44.860713209
0.40588989,44.855555403,44.854018216
0.40594482,44.851231698,44.847255746
0.40599976,44.852937447,44.854968560
0.40605469,44.860814676,44.867790488
0.40610962,44.862819968,44.861461994
0.40616455,44.858757727,44.854895904
0.40621948,44.860599496,44.862714191
0.40627441,44.868466531,44.875371400
0.40632935,44.870423523,44.869080630
0.40638428,44.866296935,44.862386856
0.40643921,44.867952066,44.869988327
0.40649414,44.875491664,44.882168431
0.40654907,44.877089217,44.875605187
0.40660400,44.872594994,44.868486213
0.40665894,44.873771246,44.875582978
0.40671387,44.880704138,44.887015261
0.40676880,44.881676257,44.879918105
0.40682373,44.876562939,44.872131504
0.40687866,44.877026013,44.878496667
0.40693359,44.883136370,44.888976498
0.40698853,44.883285364,44.881154743
0.40704346,44.877373994,44.872532582
0.40709839,44.876965549,44.878016918
0.40715332,44.882116235,44.887419616
0.40720825,44.881325156,44.878764334
0.40726318,44.874518862,44.869221329
0.40731812,44.873163284,44.873758646
0.40737305,44.877299880,44.882042129
0.40742798,44.875533900,44.872526219
0.40748291,44.867816784,44.862057392
0.40753784,44.865517759,44.865659950
0.40759277,44.868663018,44.872858155
0.40764771,44.865961995,44.862527975
0.40770264,44.857390039,44.851198754
0.40775757,44.854220048,44.853946077
0.40781250,44.856462227,44.860156734
0.40786743,44.852928121,44.849119080
0.40792236,44.843615929,44.837051718
0.40797729,44.839702532,44.839076673
0.40803223,44.841181444,44.844447251
0.40808716,44.836964307,44.832855336
0.40814209,44.827071210,44.820215097
0.40819702,44.822583418,44.821690404
0.40825195,44.823477170,44.826405060
0.40830688,44.818762372,44.814445984
0.40836182,44.808480187,44.801429178
0.40841675,44.803616811,44.802556061
0.40847168,44.804130770,44.806824907
0.40852661,44.799128565,44.794709530
0.40858154,44.788671767,44.781533983
0.40863647,44.783652139,44.782533167
0.40869141,44.784010170,44.786583771
0.40874634,44.778947394,44.774538630
0.40880127,44.768545194,44.761435955
0.40885620,44.763601577,44.762540227
0.40891113,44.764038689,44.766610370
0.40896606,44.759151567,44.754870563
0.40902100,44.749040812,44.742079093
0.40907593,44.744411296,44.743526196
0.40913086,44.745166474,44.747856668
0.40918579,44.740693313,44.736658469
0.40924072,44.731110964,44.724415629
0.40929565,44.727031679,44.726440328
0.40935059,44.728339761,44.731266632
0.40940552,44.724512438,44.720838772
0.40946045,44.715686614,44.709371898
0.40951538,44.712382280,44.712196285
0.40957031,44.714463978,44.717738392
0.40962524,44.711497391,44.708291230
0.40968018,44.703636227,44.697806123
0.40973511,44.701308394,44.701627540
0.40979004,44.704357896,44.708077168
0.40984497,44.702436925,44.699789320
0.40989990,44.695714894,44.690456252
0.40995483,44.694527639,44.695432679
0.41000977,44.698697722,44.702938122
0.41006470,44.697961803,44.695940771
0.41011963,44.692503814,44.687878353
0.41017456,44.692567465,44.694111942
0.41022949,44.697952941,44.702761383
0.41028442,44.698479371,44.697121521
0.41033936,44.694344095,44.690380048
0.41039429,44.695698750,44.697900761
0.41044922,44.702320401,44.707706425
0.41050415,44.704108911,44.703411769
0.41055908,44.701274258,44.697959167
0.41061401,44.703876439,44.706712035
0.41066895,44.711669138,44.717599078
0.41072388,44.714631807,44.714548891
0.41077881,44.712986930,44.710263803
0.41083374,44.716704022,44.720104605
0.41088867,44.725513922,44.731909706
0.41094360,44.729475420,44.729916602
0.41099854,44.728824330,44.726593707
0.41105347,44.733441821,44.737298055
0.41110840,44.743037477,44.749782496
0.41116333,44.747750271,44.748589710
0.41121826,44.747831276,44.745961301
0.41127319,44.753076543,44.757250604
0.41132812,44.763177072,44.770130637
0.41138306,44.768353943,44.769446713
0.41143799,44.768876416,44.767221588
0.41149292,44.774459565,44.778805928
0.41154785,44.784779317,44.791799332
0.41160278,44.790141504,44.791347989
0.41165771,44.790837093,44.789264167
0.41171265,44.796504740,44.800897316
0.41176758,44.806809057,44.813780118
0.41182251,44.812143373,44.813357991
0.41187744,44.812823759,44.811240730
0.41193237,44.818416658,44.822777665
0.41198730,44.828578590,44.835440322
0.41204224,44.833792362,44.834970945
0.41209717,44.834401567,44.832783672
0.41215210,44.839903435,44.844227572
0.41220703,44.849948195,44.856717180
0.41226196,44.855108537,44.856287588
0.41231689,44.855756206,44.854162109
0.41237183,44.861320259,44.865687458
0.41242676,44.871444353,44.878223111
0.41248169,44.876789275,44.878090888
0.41253662,44.877753274,44.876325683
0.41259155,44.883695917,44.888267460
0.41264648,44.894251646,44.901220125
0.41270142,44.900165219,44.901783881
0.41275635,44.901857443,44.900805221
0.41281128,44.908614846,44.913610863
0.41286621,44.920057905,44.927446506
0.41292114,44.927009292,44.929180633
0.41297607,44.929906656,44.929469593
0.41303101,44.937958378,44.943618980
0.41308594,44.950764918,44.958812405
0.41314087,44.959219778,44.962175735
0.41319580,44.963770999,44.964172737
0.41325073,44.973543257,44.980079792
0.41330566,44.988110827,44.997014517
0.41336060,44.998431192,45.002349759
0.41341553,45.004956885,45.006354895
0.41347046,45.016724197,45.024270111
0.41352539,45.033276260,45.043144433
0.41358032,45.045629227,45.050589070
0.41363525,45.054236055,45.056679081
0.41369019,45.068042058,45.076613778
0.41374512,45.086556624,45.097373418
0.41380005,45.100851858,45.106801736
0.41385498,45.111379842,45.114782322
0.41390991,45.126995234,45.136471989
0.41396484,45.147174115,45.158785065
0.41401978,45.163044941,45.169795224
0.41407471,45.175060767,45.179200500
0.41412964,45.191989032,45.202116749
0.41418457,45.213276012,45.225398194
0.41423950,45.230109902,45.237348864
0.41429443,45.242949399,45.247489818
0.41434937,45.260480796,45.270900106
0.41440430,45.282126490,45.294381914
0.41445923,45.299139978,45.306472171
0.41451416,45.311992160,45.316525199
0.41456909,45.329295809,45.339588850
0.41462402,45.350456602,45.362422347
0.41467896,45.366799792,45.373798854
0.41473389,45.378815555,45.382916448
0.41478882,45.395050908,45.404797393
0.41484375,45.414901735,45.426166554
0.41489868,45.429770915,45.436035971
0.41495361,45.440174022,45.443456755
0.41500854,45.454598778,45.463429790
0.41506348,45.472436591,45.482652358
0.41511841,45.485171942,45.490376055
0.41517334,45.493349771,45.495511949
0.41522827,45.505402568,45.513041295
0.41528320,45.520720011,45.529637862
0.41533813,45.530869465,45.534790786
0.41539307,45.536426391,45.537275083
0.41544800,45.545769243,45.552051302
0.41550293,45.558285855,45.565770850
0.41555786,45.565624935,45.568155666
0.41561279,45.568390896,45.567845953
0.41566772,45.574906737,45.579777983
0.41572266,45.584555899,45.590579568
0.41577759,45.589064696,45.590198682
0.41583252,45.589062946,45.587140042
0.41588745,45.592815077,45.596310564
0.41594238,45.599696198,45.604311940
0.41599731,45.601505425,45.601310586
0.41605225,45.598893704,45.595674419
0.41610718,45.600063372,45.602275741
0.41616211,45.604377210,45.607687676
0.41621704,45.603702632,45.602288007
0.41627197,45.598708046,45.594307253
0.41632690,45.597531087,45.598578957
0.41638184,45.599519422,45.601646523
0.41643677,45.596605728,45.594093692
0.41649170,45.589473899,45.584014720
0.41654663,45.586196123,45.586202244
0.41660156,45.586104188,45.587170855
0.41665649,45.581195133,45.577707084
0.41671143,45.572168557,45.565772208
0.41676636,45.567032649,45.566118067
0.41682129,45.565104727,45.565233449
0.41687622,45.558447410,45.554106644
0.41693115,45.547778198,45.540571100
0.41698608,45.541044558,45.539339749
0.41704102,45.537552387,45.536880092
0.41709595,45.529432516,45.524382504
0.41715088,45.517423719,45.509558734
0.41720581,45.509416889,45.507085477
0.41726074,45.504710141,45.503413861
0.41731567,45.495505455,45.489936876
0.41737061,45.482566215,45.474250454
0.41742554,45.473730547,45.470997264
0.41748047,45.468291776,45.466616141
0.41753540,45.458525029,45.452702186
0.41759033,45.445220418,45.436739977
0.41764526,45.436165615,45.433338791
0.41770020,45.430650429,45.428927374
0.41775513,45.421023218,45.415300474
0.41781006,45.408100845,45.399833551
0.41786499,45.399620605,45.397100858
0.41791992,45.394867737,45.393520846
0.41797485,45.386261531,45.381083091
0.41802979,45.374643227,45.367053707
0.41808472,45.367697421,45.365967949
0.41813965,45.364701403,45.364231443
0.41819458,45.358140882,45.354021654
0.41824951,45.348877001,45.342493043
0.41830444,45.344537401,45.344136085
0.41835938,45.344386311,45.345339379
0.41841431,45.340969840,45.338460001
0.41846924,45.335163292,45.330537260
0.41852417,45.334532096,45.336010228
0.41857910,45.338321575,45.341245656
0.41863403,45.339131786,45.338771713
0.41868896,45.337846314,45.335509005
0.41874390,45.341963241,45.345838896
0.41879883,45.350703575,45.356102007
0.41885376,45.356715588,45.358989980
0.41890869,45.360886229,45.361302227
0.41896362,45.370642322,45.377357467
0.41901855,45.385176596,45.393467442
0.41907349,45.397181463,45.402481454
0.41912842,45.407544161,45.411077100
0.41918335,45.423618312,45.433507604
0.41923828,45.444566508,45.456055205
0.41929321,45.463123426,45.471723337
0.41934814,45.480175758,45.487069388
0.41940308,45.503004251,45.516280536
0.41945801,45.530741754,45.545611116
0.41951294,45.556165557,45.568217407
0.41956787,45.580163113,45.590540245
0.41962280,45.609944641,45.626702214
0.41967773,45.644615544,45.662933145
0.41973267,45.676997809,45.692542566
0.41978760,45.707982502,45.721859820
0.41984253,45.744712979,45.764945589
0.41989746,45.786270574,45.808009534
0.41995239,45.825524894,45.844515580
0.42000732,45.863374014,45.880686995
0.42006226,45.906898329,45.930525370
0.42011719,45.955158421,45.980224277
0.42017212,46.001074044,46.023402671
0.42022705,46.045552948,46.066182224
0.42028198,46.095615390,46.122507015
0.42033691,46.150303082,46.178556977
0.42039185,46.202586680,46.228104816
0.42044678,46.253384143,46.277172737
0.42050171,46.309655937,46.339646271
0.42055664,46.370423988,46.401691178
0.42061157,46.428707527,46.457229439
0.42066650,46.485431903,46.512182402
0.42072144,46.547494555,46.580372357
0.42077637,46.613892989,46.647946539
0.42083130,46.677688883,46.708967929
0.42088623,46.739808359,46.769251801
0.42094116,46.807078913,46.842548921
0.42099609,46.878465543,46.914980295
0.42105103,46.947063174,46.980738790
0.42110596,47.013789523,47.045526057
0.42116089,47.085393322,47.123011529
0.42121582,47.160797915,47.199281621
0.42127075,47.233122199,47.268648442
0.42132568,47.303267381,47.336694091
0.42138062,47.377896952,47.416999878
0.42143555,47.455887192,47.495613699
0.42149048,47.530376939,47.566962281
0.42154541,47.602249531,47.636509730
0.42160034,47.678085008,47.717751499
0.42165527,47.756716916,47.796703473
0.42171021,47.831311055,47.867914123
0.42176514,47.902743715,47.936743811
0.42182007,47.977526287,48.016617837
0.42187500,48.054467396,48.093540264
0.42192993,48.126780367,48.162201989
0.42198486,48.195358318,48.227886625
0.42203979,48.266670794,48.303976478
0.42209473,48.339529654,48.376493410
0.42214966,48.407224325,48.440298263
0.42220459,48.470693675,48.500628357
0.42225952,48.536393640,48.570849768
0.42231445,48.603164735,48.637026881
0.42236938,48.664393710,48.694208301
0.42242432,48.721081770,48.747600628
0.42247925,48.779682025,48.810560449
0.42253418,48.839066577,48.869194352
0.42258911,48.892713516,48.918727000
0.42264404,48.941671661,48.964316475
0.42269897,48.992367577,49.019280600
0.42275391,49.043671434,49.069730481
0.42280884,49.089109817,49.111018200
0.42286377,49.129728970,49.148200871
0.42291870,49.171873174,49.194498160
0.42297363,49.214350785,49.235964634
0.42302856,49.250675604,49.268016915
0.42308350,49.281832827,49.295555653
0.42313843,49.314032607,49.331653179
0.42319336,49.345979401,49.362271376
0.42324829,49.371145887,49.382869202
0.42330322,49.390446382,49.398191940
0.42335815,49.409969252,49.421187430
0.42341309,49.428351639,49.437774596
0.42346802,49.439087884,49.443529819
0.42352295,49.443112186,49.443149203
0.42357788,49.446509549,49.449587534
0.42363281,49.447993193,49.448877292
0.42368774,49.441243967,49.436886634
0.42374268,49.427398097,49.418454219
0.42379761,49.412730329,49.406739018
0.42385254,49.396225471,49.388083856
0.42390747,49.371940014,49.358832906
0.42396240,49.341386496,49.324134678
0.42401733,49.311179464,49.297488579
0.42407227,49.280691211,49.265646405
0.42412720,49.244427267,49.225478693
0.42418213,49.204301287,49.182444789
0.42423706,49.167238873,49.150327580
0.42429199,49.132913844,49.116173478
0.42434692,49.096137173,49.077205773
0.42440186,49.059025488,49.038970410
0.42445679,49.028567784,49.015260764
0.42451172,49.004448881,48.993106986
0.42456665,48.981461341,48.969744356
0.42462158,48.961579781,48.950451903
0.42467651,48.951503202,48.948676127
0.42473145,48.950578060,48.951085302
0.42478638,48.953246282,48.954603282
0.42484131,48.961038636,48.963957816
0.42489624,48.980103917,48.992009437
0.42495117,49.009240151,49.024881070
0.42500610,49.042385613,49.059060519
0.42506104,49.080536459,49.098666286
0.42511597,49.129264550,49.155977792
0.42517090,49.186854998,49.216639894
0.42522583,49.246836509,49.276826682
0.42528076,49.309818180,49.340222399
0.42533569,49.380988302,49.418740309
0.42539063,49.458348315,49.497794218
0.42544556,49.535272353,49.573510664
0.42550049,49.612253533,49.649418906
0.42555542,49.694373568,49.737344362
0.42561035,49.779622770,49.822739745
0.42566528,49.861480100,49.901935191
0.42572021,49.940562420,49.978535184
0.42577515,50.022059315,50.064477795
0.42583008,50.104134360,50.145424073
0.42588501,50.180523246,50.218042276
0.42593994,50.252085992,50.286116131
0.42599487,50.324207774,50.361767528
0.42604980,50.395282682,50.430908481
0.42610474,50.459332794,50.490560611
0.42615967,50.517467716,50.544683000
0.42621460,50.575255600,50.605558877
0.42626953,50.631292895,50.659316146
0.42632446,50.679848417,50.703283989
0.42637939,50.722234795,50.741548142
0.42643433,50.764153108,50.786501056
0.42648926,50.804350695,50.824435100
0.42654419,50.837292265,50.852935917
0.42659912,50.864445388,50.876170332
0.42665405,50.891599646,50.906596878
0.42670898,50.917611968,50.930633158
0.42676392,50.937104397,50.946083327
0.42681885,50.951663630,50.957161746
0.42687378,50.967133780,50.976359274
0.42692871,50.982447400,50.990185137
0.42698364,50.992348662,50.996625322
0.42703857,50.998506547,50.999904877
0.42709351,51.006780371,51.012505716
0.42714844,51.016135110,51.020983891
0.42720337,51.021389484,51.023456669
0.42725830,51.024243387,51.024107391
0.42731323,51.030516458,51.035351784
0.42736816,51.039147511,51.043732740
0.42742310,51.044968215,51.047435034
0.42747803,51.049646427,51.050537627
0.42753296,51.058899043,51.065326443
0.42758789,51.071576114,51.078269362
0.42764282,51.082461368,51.087558037
0.42769775,51.093133421,51.097112679
0.42775269,51.109154259,51.119039304
0.42780762,51.129238516,51.139687379
0.42786255,51.148081760,51.157217853
0.42791748,51.167141085,51.175364809
0.42797241,51.191799940,51.206034559
0.42802734,51.220622312,51.235447571
0.42808228,51.248208898,51.261730999
0.42813721,51.275897710,51.288440648
0.42819214,51.308905070,51.327298488
0.42824707,51.345663615,51.364419564
0.42830200,51.380705630,51.397926580
0.42835693,51.415283535,51.431234833
0.42841187,51.454486223,51.475924142
0.42846680,51.496659219,51.518050929
0.42852173,51.536314050,51.555782069
0.42857666,51.574668167,51.592445178
0.42863159,51.616735668,51.639530945
0.42868652,51.660827965,51.683090614
0.42874146,51.701488210,51.721386598
0.42879639,51.739950519,51.757710791
0.42885132,51.781204511,51.803513846
0.42890625,51.823575375,51.844888800
0.42896118,51.861682966,51.880236613
0.42901611,51.896820801,51.912855780
0.42907104,51.933994508,51.954195779
0.42912598,51.971580799,51.990428146
0.42918091,52.004311409,52.020125701
0.42923584,52.033572836,52.046627098
0.42929077,52.064419168,52.081412080
0.42934570,52.095309768,52.110761505
0.42940063,52.121118393,52.133449155
0.42945557,52.143354695,52.152884808
0.42951050,52.167151848,52.180608889
0.42956543,52.191082590,52.203042697
0.42962036,52.210193646,52.219191468
0.42967529,52.226149675,52.232569163
0.42973022,52.244195760,52.254809742
0.42978516,52.263051049,52.272508384
0.42984009,52.277968119,52.284934016
0.42989502,52.290799555,52.295738404
0.42994995,52.306934768,52.316680735
0.43000488,52.325269842,52.334559885
0.43005981,52.341290747,52.348933904
0.43011475,52.357061891,52.363615050
0.43016968,52.378135822,52.390503460
0.43022461,52.403596871,52.416609431
0.43027954,52.429166050,52.441776242
0.43033447,52.457109779,52.469961621
0.43038940,52.493119943,52.513175220
0.43044434,52.536427916,52.558588893
0.43049927,52.582928159,52.606258592
0.43055420,52.635004823,52.660192297
0.43060913,52.698379510,52.732386212
0.43066406,52.772292736,52.810021738
0.43071899,52.852644350,52.893183615
0.43077393,52.941737569,52.985716608
0.43082886,53.045094520,53.099358521
0.43088379,53.161705812,53.221026574
0.43093872,53.287190359,53.350533935
0.43099365,53.423461690,53.491243066
0.43104858,53.575517317,53.654300012
0.43110352,53.741763524,53.826019545
0.43115845,53.917203870,54.005609013
0.43121338,54.103039171,54.195632714
0.43126831,54.303442843,54.406357800
0.43132324,54.515973278,54.623252302
0.43137817,54.734804253,54.844728538
0.43143311,54.960272247,55.072434228
0.43148804,55.195650165,55.315719590
0.43154297,55.437657576,55.559259048
0.43159790,55.679741622,55.800820542
0.43165283,55.921578131,56.041390520
0.43170776,56.165846327,56.289760802
0.43176270,56.408835113,56.530271452
0.43181763,56.643769019,56.760597363
0.43187256,56.870254012,56.981697980
0.43192749,57.091039463,57.202505814
0.43198242,57.302702228,57.407771556
0.43203735,57.498996463,57.595844035
0.43209229,57.680220870,57.768422174
0.43214722,57.849942364,57.935316507
0.43220215,58.005730917,58.082370342
0.43225708,58.142506918,58.209205998
0.43231201,58.261805477,58.318757378
0.43236694,58.368439351,58.422081157
0.43242188,58.461264873,58.506337265
0.43247681,58.536511873,58.572487648
0.43253174,58.596935510,58.624604399
0.43258667,58.648413735,58.674726427
0.43264160,58.690744404,58.710903221
0.43269653,58.720963680,58.734853853
0.43275146,58.742396988,58.751066666
0.43280640,58.761206647,58.771717190
0.43286133,58.777239056,58.784797044
0.43291626,58.787353985,58.791756160
0.43297119,58.794399857,58.796422142
0.43302612,58.803737661,58.810004072
0.43308105,58.814164274,58.819333886
0.43313599,58.821279023,58.824517203
0.43319092,58.826409582,58.827700069
0.43324585,58.833136857,58.838180716
0.43330078,58.838317139,58.840786412
0.43335571,58.835507561,58.833552870
0.43341064,58.823863177,58.816359968
0.43346558,58.804681396,58.796167251
0.43352051,58.772539368,58.755542877
0.43357544,58.718793571,58.690385250
0.43363037,58.640462211,58.598442766
0.43368530,58.536800918,58.484681821
0.43374023,58.400564164,58.329976474
0.43379517,58.221585339,58.128876356
0.43385010,57.995647811,57.878013694
0.43390503,57.721090437,57.581598220
0.43395996,57.390185816,57.220258651
0.43401489,56.992788091,56.788840258
0.43406982,56.525173802,56.284678599
0.43412476,55.986650779,55.713189378
0.43417969,55.371018925,55.056824720
0.43423462,54.670244617,54.312854806
0.43428955,53.883224036,53.481459385
0.43434448,53.012341840,52.571354201
0.43439941,52.054955597,51.568801870
0.43445435,51.007035265,50.475313773
0.43450928,49.871787235,49.295499091
0.43456421,48.656102665,48.042667064
0.43461914,47.362009801,46.707840404
0.43467407,45.990230865,45.297333049
0.43472900,44.548629916,43.820326894
0.43478394,43.048525760,42.294429298
0.43483887,41.496100158,40.714684934
0.43489380,39.895874902,39.091038630
0.43494873,38.259001653,37.435667200
0.43500366,36.599471825,35.768530109
0.43505859,34.925526080,34.086432828
0.43511353,33.243109224,32.400437389
0.43516846,31.564069859,30.723023521
0.43522339,29.902341794,29.073708582
0.43527832,28.265432840,27.448243097
0.43533325,26.657936789,25.856047654
0.43538818,25.089720468,24.307281198
0.43544312,23.572148748,22.818597744
0.43549805,22.109716426,21.382534569
0.43555298,20.703671424,20.005023659
0.43560791,19.360232287,18.692405781
0.43566284,18.086886741,17.457345730
0.43571777,16.884182820,16.288423439
0.43577271,15.749466756,15.187716236
0.43582764,14.685122505,14.157745593
0.43588257,13.694923769,13.207523629
0.43593750,12.775954041,12.322312799
0.43599243,11.922421438,11.501236883
0.43604736,11.133877207,10.744116079
0.43610229,10.411574066,10.057594320
0.43615723,9.750465830,9.425018283
0.43621216,9.143050559,8.844028302
0.43626709,8.587522015,8.313238338
0.43632202,8.084091321,7.838401454
0.43637695,7.627027312,7.402372369
0.43643188,7.208495052,7.002647738
0.43648682,6.826613813,6.637868989
0.43654175,6.481721449,6.314006940
0.43659668,6.168440433,6.014396603
0.43665161,5.879503005,5.737220538
0.43670654,5.613712776,5.481835616
0.43676147,5.372153202,5.254978980
0.43681641,5.150284169,5.040882480
0.43687134,4.941762188,4.838708636
0.43692627,4.746317002,4.648715125
0.43698120,4.565916775,4.478493982
0.43703613,4.396908245,4.313179721
0.43709106,4.233845766,4.152851358
0.43714600,4.077296994,3.998549851
0.43720093,3.929977857,3.858561803
0.43725586,3.788947888,3.718732940
0.43731079,3.649458892,3.579845954
0.43736572,3.512699686,3.443501425
0.43742065,3.381909018,3.318452072
0.43747559,3.254632333,3.191027704
0.43753052,3.126595337,3.062493071
0.43758545,2.999392314,2.934797396
0.43764038,2.876579989,2.816960219
0.43769531,2.755997214,2.695609395
0.43775024,2.633664471,2.572319151
0.43780518,2.511416583,2.449229964
0.43786011,2.392977444,2.335484285
0.43791504,2.276341651,2.217876958
0.43796997,2.157699046,2.098172073
0.43802490,2.039011268,1.978593771
0.43807983,1.924066363,1.868309478
0.43813477,1.810920867,1.754191807
0.43818970,1.695848357,1.638112827
0.43824463,1.580859386,1.522306575
0.43829956,1.469735306,1.415897898
0.43835449,1.360529812,1.305775429
0.43840942,1.249540999,1.193862490
0.43846436,1.138774848,1.082352710
0.43851929,1.031958180,0.980283165
0.43857422,0.927099229,0.874518556
0.43862915,0.820483207,0.766998414
0.43868408,0.714079873,0.659847545
0.43873901,0.611535846,0.561992423
0.43879395,0.510793929,0.460256778
0.43884888,0.408112249,0.356584803
0.43890381,0.305416386,0.253027997
0.43895874,0.206271094,0.158403569
0.43901367,0.108557879,0.059501362
0.43906860,0.008517439,-0.041717598
0.43912354,-0.091953548,-0.143256712
0.43917847,-0.189351632,-0.236385017
0.43923340,-0.285831693,-0.334319451
0.43928833,-0.385141866,-0.435051997
0.43934326,-0.485382373,-0.536606976
0.43939819,-0.583076341,-0.630303786
0.43945312,-0.680378766,-0.729329120
0.43950806,-0.780989670,-0.831590984
0.43956299,-0.882968954,-0.935097007
0.43961792,-0.982829533,-1.031180589
0.43967285,-1.082691293,-1.132963746
0.43972778,-1.186173212,-1.238239012
0.43978271,-1.291264430,-1.344967869
0.43983765,-1.394440145,-1.444471871
0.43989258,-1.497761365,-1.549786447
0.43994751,-1.604746363,-1.658571316
0.44000244,-1.713297795,-1.768727761
0.44005737,-1.819841388,-1.871555872
0.44011230,-1.926371903,-1.979999289
0.44016724,-2.036303932,-2.091584339
0.44022217,-2.147454523,-2.204154607
0.44027710,-2.256204419,-2.308995122
0.44033203,-2.364490350,-2.418967754
0.44038696,-2.475634967,-2.531479135
0.44044189,-2.587384280,-2.644330806
0.44049683,-2.696091053,-2.748811067
0.44055176,-2.803653503,-2.857720719
0.44060669,-2.913324098,-2.968369764
0.44066162,-3.022801136,-3.078541481
0.44071655,-3.128433931,-3.179552670
0.44077148,-3.232108024,-3.284169496
0.44082642,-3.337032657,-3.389633034
0.44088135,-3.440885878,-3.493735696
0.44093628,-3.540041227,-3.587850673
0.44099121,-3.636399625,-3.684737689
0.44104614,-3.733155391,-3.781597495
0.44110107,-3.827994292,-3.876259145
0.44115601,-3.917341477,-3.960179405
0.44121094,-4.003140219,-4.046138278
0.44126587,-4.088596335,-4.131322523
0.44132080,-4.171428609,-4.213622269
0.44137573,-4.248137707,-4.284601168
0.44143066,-4.320731926,-4.357081512
0.44148560,-4.392449873,-4.428256844
0.44154053,-4.461062695,-4.496096447
0.44159546,-4.523163706,-4.552286974
0.44165039,-4.580841327,-4.609707050
0.44170532,-4.637379927,-4.665569084
0.44176025,-4.690613345,-4.717930229
0.44181519,-4.737235044,-4.758606331
0.44187012,-4.779418536,-4.800536006
0.44192505,-4.820496378,-4.840951868
0.44197998,-4.858364613,-4.877996726
0.44203491,-4.889813420,-4.903610806
0.44208984,-4.917095425,-4.930785462
0.44214478,-4.943583025,-4.956764157
0.44219971,-4.967223511,-4.979762841
0.44225464,-4.984890308,-4.991831513
0.44230957,-4.998899730,-5.005997848
0.44236450,-5.012646895,-5.019498395
0.44241943,-5.024111419,-5.030602177
0.44247437,-5.030229432,-5.031447731
0.44252930,-5.033359391,-5.035077018
0.44258423,-5.036896933,-5.038697333
0.44263916,-5.038831056,-5.040607229
0.44269409,-5.036137138,-5.033010188
0.44274902,-5.031192450,-5.028939200
0.44280396,-5.027370285,-5.025549873
0.44285889,-5.022646562,-5.021147803
0.44291382,-5.014014064,-5.007979997
0.44296875,-5.003848260,-4.999050483
0.44302368,-4.995481030,-4.991445081
0.44307861,-4.986857595,-4.983459306
0.44313354,-4.974972122,-4.967368582
0.44318848,-4.962184411,-4.956135191
0.44324341,-4.951773446,-4.946765055
0.44329834,-4.941644442,-4.937535162
0.44335327,-4.928785865,-4.920743476
0.44340820,-4.915537372,-4.909307367
0.44346313,-4.905123261,-4.900152575
0.44351807,-4.895409245,-4.891538977
0.44357300,-4.883380723,-4.875790852
0.44362793,-4.871362147,-4.865786730
0.44368286,-4.862530209,-4.858380472
0.44373779,-4.854719741,-4.851823971
0.44379272,-4.844922834,-4.838478215
0.44384766,-4.835459607,-4.831194286
0.44390259,-4.829470785,-4.826766307
0.44395752,-4.824771957,-4.823449567
0.44401245,-4.818373052,-4.813652696
0.44406738,-4.812600397,-4.810209531
0.44412231,-4.810568337,-4.809863683
0.44417725,-4.810081140,-4.810880657
0.44423218,-4.808172426,-4.805721594
0.44428711,-4.807178583,-4.807205904
0.44434204,-4.810189286,-4.812027455
0.44439697,-4.814996613,-4.818459573
0.44445190,-4.818654346,-4.819011111
0.44450684,-4.823503138,-4.826480125
0.44456177,-4.832600165,-4.837502050
0.44461670,-4.843715378,-4.850346832
0.44467163,-4.853910951,-4.857558455
0.44472656,-4.865518936,-4.871900234
0.44478149,-4.881550566,-4.889935617
0.44483643,-4.899739827,-4.909916969
0.44489136,-4.917143522,-4.924409779
0.44494629,-4.936072241,-4.946130270
0.44500122,-4.959479900,-4.971559458
0.44505615,-4.985054771,-4.998923018
0.44511108,-5.009840503,-5.020801259
0.44516602,-5.036121076,-5.049859510
0.44522095,-5.066790863,-5.082495767
0.44527588,-5.099492969,-5.116910753
0.44533081,-5.131261181,-5.145704339
0.44538574,-5.164359159,-5.181498756
0.44544067,-5.201630917,-5.220619741
0.44549561,-5.240685883,-5.261255488
0.44555054,-5.278561367,-5.296039797
0.44560547,-5.317515847,-5.337567795
0.44566040,-5.360359442,-5.382110175
0.44571533,-5.404684828,-5.427859515
0.44577026,-5.447549581,-5.467500208
0.44582520,-5.491223290,-5.513616296
0.44588013,-5.538497495,-5.562438350
0.44593506,-5.586961613,-5.612175653
0.44598999,-5.633704583,-5.655573105
0.44604492,-5.681015661,-5.705210922
0.44609985,-5.731673518,-5.757283922
0.44615479,-5.783266557,-5.810018389
0.44620972,-5.832913594,-5.856216404
0.44626465,-5.882918508,-5.908447525
0.44631958,-5.936038511,-5.962860580
0.44637451,-5.989848611,-6.017684375
0.44642944,-6.041481386,-6.065760255
0.44648437,-6.093235989,-6.119626178
0.44653931,-6.147825927,-6.175361430
0.44659424,-6.202787697,-6.231170622
0.44664917,-6.255239971,-6.279905499
0.44670410,-6.307447686,-6.334042068
0.44675903,-6.362049865,-6.389558806
0.44681396,-6.416512624,-6.444603569
0.44686890,-6.467908242,-6.492005800
0.44692383,-6.518435196,-6.544147484
0.44697876,-6.570626649,-6.596875527
0.44703369,-6.621848158,-6.648251306
0.44708862,-6.669097180,-6.691054508
0.44714355,-6.714479989,-6.737548772
0.44719849,-6.760401570,-6.783428990
0.44725342,-6.804108390,-6.826653304
0.44730835,-6.842508981,-6.859939859
0.44736328,-6.877608719,-6.895428029
0.44741821,-6.911681858,-6.928661387
0.44747314,-6.941859748,-6.957501955
0.44752808,-6.964973060,-6.974621048
0.44758301,-6.982945301,-6.992056858
0.44763794,-6.997947553,-7.005233630
0.44769287,-7.007032273,-7.011957686
0.44774780,-7.006997398,-7.004903166
0.44780273,-6.999739041,-6.996066282
0.44785767,-6.987389004,-6.980820673
0.44791260,-6.966993681,-6.956994084
0.44796753,-6.935399596,-6.917349079
0.44802246,-6.894564973,-6.873933464
0.44807739,-6.846679230,-6.822170923
0.44813232,-6.788885643,-6.760016356
0.44818726,-6.718186971,-6.680430686
0.44824219,-6.636714653,-6.595626067
0.44829712,-6.546828643,-6.501190022
0.44835205,-6.445881650,-6.395316660
0.44840698,-6.331142769,-6.271274013
0.44846191,-6.205022450,-6.141542067
0.44851685,-6.070150542,-6.001968257
0.44857178,-5.924179662,-5.851071570
0.44862671,-5.764724625,-5.682500846
0.44868164,-5.594541455,-5.509063887
0.44873657,-5.416581854,-5.326912631
0.44879150,-5.228833802,-5.134917830
0.44884644,-5.029275378,-4.927117614
0.44890137,-4.821007044,-4.716637040
0.44895630,-4.607281935,-4.499902507
0.44901123,-4.386383135,-4.276086135
0.44906616,-4.156591968,-4.039545464
0.44912109,-3.921274407,-3.803634460
0.44917603,-3.683888259,-3.564948469
0.44923096,-3.442898265,-3.322839127
0.44928589,-3.196760570,-3.071847628
0.44934082,-2.948965627,-2.825409694
0.44939575,-2.703024716,-2.580133623
0.44945068,-2.457425204,-2.335387666
0.44950562,-2.210633889,-2.085730198
0.44956055,-1.966099536,-1.844511787
0.44961548,-1.727221676,-1.608189288
0.44967041,-1.492348623,-1.375987750
0.44972534,-1.259802363,-1.142330639
0.44978027,-1.032843544,-0.920341723
0.44983521,-0.814624959,-0.706197451
0.44989014,-0.603234080,-0.498864530
0.44994507,-0.396741161,-0.292532225
0.45000000,-0.198128290,-0.100015470
