t_s,H_m,H_boundary_m
0.00000000,21.729596706,21.729332382
0.00005508,21.729623138,21.730398937
0.00011017,21.730612576,21.731484810
0.00016525,21.731768208,21.732591588
0.00022034,21.732835231,21.733718767
0.00027542,21.733972158,21.734867347
0.00033051,21.735085693,21.736037421
0.00038559,21.736311613,21.737230413
0.00044067,21.737476794,21.738446098
0.00049576,21.738692510,21.739685350
0.00055084,21.739906628,21.740948513
0.00060593,21.741215349,21.742236926
0.00066101,21.742484043,21.743550588
0.00071610,21.743791359,21.744890319
0.00077118,21.745112714,21.746256672
0.00082627,21.746517286,21.747650962
0.00088135,21.747897367,21.749073382
0.00093643,21.749309286,21.750524750
0.00099152,21.750746903,21.752005807
0.00104660,21.752260850,21.753517893
0.00110169,21.753762487,21.755061380
0.00115677,21.755292795,21.756637127
0.00121186,21.756857968,21.758246055
0.00126694,21.758495835,21.759889573
0.00132202,21.760131474,21.761568229
0.00137711,21.761795249,21.763282958
0.00143219,21.763501591,21.765034871
0.00148728,21.765279441,21.766825480
0.00154236,21.767063924,21.768655519
0.00159745,21.768878025,21.770526036
0.00165253,21.770741658,21.772438345
0.00170761,21.772677559,21.774394100
0.00176270,21.774628376,21.776394237
0.00181778,21.776611938,21.778439959
0.00187287,21.778651800,21.780532801
0.00192795,21.780766348,21.782674607
0.00198304,21.782904004,21.784866538
0.00203812,21.785078990,21.787109992
0.00209321,21.787317268,21.789406763
0.00214829,21.789634179,21.791758926
0.00220337,21.791982697,21.794167910
0.00225846,21.794374528,21.796635354
0.00231354,21.796837232,21.799163354
0.00236863,21.799384028,21.801754275
0.00242371,21.801971596,21.804409857
0.00247880,21.804609910,21.807132043
0.00253388,21.807327603,21.809923284
0.00258896,21.810136448,21.812786306
0.00264405,21.812996244,21.815723221
0.00269913,21.815915816,21.818736345
0.00275422,21.818924545,21.821828563
0.00280930,21.822033273,21.825003038
0.00286439,21.825204515,21.828262337
0.00291947,21.828446400,21.831609240
0.00297455,21.831788877,21.835047155
0.00302964,21.835242264,21.838579790
0.00308472,21.838771541,21.842210267
0.00313981,21.842384505,21.845941944
0.00319489,21.846111609,21.849778871
0.00324998,21.849962993,21.853725432
0.00330506,21.853905958,21.857785438
0.00336014,21.857948297,21.861962966
0.00341523,21.862120989,21.866262866
0.00347031,21.866434320,21.870690364
0.00352540,21.870857867,21.875250133
0.00358048,21.875399735,21.879947154
0.00363557,21.880091536,21.884787280
0.00369065,21.884944023,21.889776792
0.00374574,21.889929101,21.894921453
0.00380082,21.895055519,21.900227392
0.00385590,21.900355713,21.905701724
0.00391099,21.905841260,21.911352075
0.00396607,21.911486545,21.917185592
0.00402116,21.917301336,21.923209873
0.00407624,21.923319182,21.929433645
0.00413133,21.929552906,21.935866253
0.00418641,21.935979635,21.942516627
0.00424149,21.942610618,21.949394261
0.00429658,21.949480925,21.956509961
0.00435166,21.956605143,21.963875295
0.00440675,21.963963558,21.971501511
0.00446183,21.971569484,21.979400578
0.00451692,21.979460077,21.987586013
0.00457200,21.987652363,21.996072292
0.00462708,21.996130396,22.004873712
0.00468217,22.004910321,22.014005511
0.00473725,22.014032168,22.023484781
0.00479234,22.023516302,22.033329852
0.00484742,22.033351422,22.043559081
0.00490251,22.043557547,22.054192073
0.00495759,22.054178676,22.065250707
0.00501268,22.065239748,22.076758478
0.00506776,22.076735365,22.088739230
0.00512284,22.088690864,22.101218487
0.00517793,22.101155768,22.114224620
0.00523301,22.114161310,22.127788161
0.00528810,22.127709816,22.141940471
0.00534318,22.141833993,22.156715215
0.00539827,22.156591103,22.172149717
0.00545335,22.172021150,22.188284249
0.00550843,22.188136837,22.205160634
0.00556352,22.204981199,22.222823935
0.00561860,22.222622488,22.241324025
0.00567369,22.241113082,22.260714895
0.00572877,22.260479999,22.281053211
0.00578386,22.280780981,22.302400269
0.00583894,22.302100101,22.324823883
0.00589402,22.324507497,22.348397751
0.00594911,22.348050444,22.373200000
0.00600419,22.372808013,22.399315536
0.00605928,22.398887449,22.426838364
0.00611436,22.426384891,22.455871103
0.00616945,22.455377034,22.486523616
0.00622453,22.485974533,22.518915917
0.00627962,22.518319273,22.553181150
0.00633470,22.552546313,22.589465415
0.00638978,22.588776262,22.627926653
0.00644487,22.627167665,22.668738424
0.00649995,22.667915427,22.712093890
0.00655504,22.711214345,22.758206290
0.00661012,22.757252510,22.807308411
0.00666521,22.806263050,22.859657783
0.00672029,22.858524212,22.915542313
0.00677537,22.914325143,22.975282017
0.00683046,22.973960911,23.039229786
0.00688554,23.037784345,23.107778991
0.00694063,23.106208714,23.181371958
0.00699571,23.179676979,23.260504218
0.00705080,23.258659671,23.345727962
0.00710588,23.343708236,23.437664001
0.00716096,23.435462216,23.537015417
0.00721605,23.534624321,23.644576860
0.00727113,23.641963672,23.761243662
0.00732622,23.758373636,23.888032049
0.00738130,23.884887315,24.026102681
0.00743639,24.022663196,24.176780339
0.00749147,24.172999072,24.341575009
0.00754656,24.337400645,24.522218472
0.00760164,24.517613346,24.720707549
0.00765672,24.715628409,24.939345616
0.00771181,24.933718857,25.180789228
0.00776689,25.174532360,25.448118192
0.00782198,25.441156334,25.744919185
0.00787706,25.737165102,26.075373189
0.00793215,26.066701961,26.444356175
0.00798723,26.434624631,26.857577536
0.00804231,26.846638265,27.321745174
0.00809740,27.309424765,27.844745661
0.00815248,27.830817609,28.435851914
0.00820757,28.420052573,29.105990461
0.00826265,29.088028821,29.868053146
0.00831774,29.847585641,30.737235073
0.00837282,30.713835161,31.731409048
0.00842790,31.704578182,32.871569719
0.00848299,32.840741636,34.182312667
0.00853807,34.146824651,35.692303021
0.00859316,35.651363526,37.434718586
0.00864824,37.387416425,39.447677596
0.00870333,39.392986413,41.774565053
0.00875841,41.711320649,44.464161315
0.00881350,44.391040929,47.570528507
0.00886858,47.486075379,51.152668003
0.00892366,51.055315865,55.273868464
0.00897875,55.161946491,60.000703423
0.00903383,59.872446748,61.995139203
0.00908892,62.019072812,62.155508696
0.00914400,62.130820073,62.115968434
0.00919909,62.065879102,62.015412281
0.00925417,62.014049468,62.006370143
0.00930925,62.075546025,62.145092933
0.00936434,62.124464941,62.109736096
0.00941942,62.067592371,62.025055478
0.00947451,62.023216550,62.015957887
0.00952959,62.076073025,62.136511089
0.00958468,62.118050421,62.104656132
0.00963976,62.069174077,62.033350928
0.00969484,62.031100322,62.024186804
0.00974993,62.076677044,62.129449211
0.00980501,62.112814082,62.100543958
0.00986010,62.070678130,62.040515197
0.00991518,62.037914632,62.031289515
0.00997027,62.077346187,62.123649758
0.01002535,62.108560384,62.097244197
0.01008043,62.072117071,62.046730106
0.01013552,62.043836009,62.037456779
0.01019060,62.078070421,62.118900995
0.01024569,62.105127232,62.094626297
0.01030077,62.073501299,62.052148125
0.01035586,62.049010974,62.042845384
0.01041094,62.078841306,62.115028483
0.01046603,62.102380131,62.092580707
0.01052111,62.074839454,62.056897008
0.01057619,62.053561239,62.047584474
0.01063128,62.079651742,62.111888223
0.01068636,62.100207394,62.091015589
0.01074145,62.076138728,62.061083738
0.01079653,62.057587987,62.051780638
0.01085162,62.080495753,62.109361123
0.01090670,62.098516179,62.089854004
0.01096178,62.077405121,62.064797880
0.01101687,62.061175410,62.055522021
0.01107195,62.081368308,62.107348507
0.01112704,62.097229242,62.089031526
0.01118212,62.078643645,62.068114409
0.01123721,62.064393625,62.058881655
0.01129229,62.082265168,62.105768474
0.01134737,62.096282245,62.088494211
0.01140246,62.079858497,62.071096094
0.01145754,62.067301087,62.061920157
0.01151263,62.083182759,62.104552926
0.01156771,62.095621546,62.088196895
0.01162280,62.081053197,62.073795499
0.01167788,62.069946576,62.064687928
0.01173297,62.084118065,62.103645149
0.01178805,62.095202369,62.088101754
0.01184313,62.082230701,62.076256661
0.01189822,62.072370842,62.067226954
0.01195330,62.085068538,62.102997822
0.01200839,62.094987300,62.088177108
0.01206347,62.083393497,62.078516492
0.01211856,62.074607969,62.069572268
0.01217364,62.086032021,62.102571403
0.01222872,62.094945031,62.088396403
0.01228381,62.084543685,62.080605952
0.01233889,62.076686496,62.071753154
0.01239398,62.087006690,62.102332786
0.01244906,62.095049340,62.088737372
0.01250415,62.085683037,62.082551031
0.01255923,62.078630351,62.073794134
0.01261431,62.087990996,62.102254209
0.01266940,62.095278226,62.089181332
0.01272448,62.086813053,62.084373561
0.01277957,62.080459623,62.075715779
0.01283465,62.088983624,62.102312351
0.01288974,62.095613212,62.089712591
0.01294482,62.087935007,62.086091906
0.01299991,62.082191201,62.077535377
0.01305499,62.089983454,62.102487583
0.01311007,62.096038755,62.090317958
0.01316516,62.089049978,62.087721524
0.01322024,62.083839301,62.079267485
0.01327533,62.090989535,62.102763354
0.01333041,62.096541759,62.090986336
0.01338550,62.090158887,62.089275444
0.01344058,62.085415914,62.080924380
0.01349566,62.092001052,62.103125685
0.01355075,62.097111176,62.091708377
0.01360583,62.091262519,62.090764658
0.01366092,62.086931163,62.082516441
0.01371600,62.093017309,62.103562742
0.01377109,62.097737666,62.092476197
0.01382617,62.092361547,62.092198458
0.01388125,62.088393612,62.084052458
0.01393634,62.094037709,62.104064489
0.01399142,62.098413326,62.093283143
0.01404651,62.093456543,62.093584704
0.01410159,62.089810520,62.085539888
0.01415668,62.095061742,62.104622398
0.01421176,62.099131450,62.094123587
0.01426685,62.094548003,62.094930056
0.01432193,62.091188045,62.086985076
0.01437701,62.096088967,62.105229206
0.01443210,62.099886343,62.094992765
0.01448718,62.095636350,62.096240168
0.01454227,62.092531427,62.088393427
0.01459735,62.097119005,62.105878714
0.01465244,62.100673156,62.095886640
0.01470752,62.096721952,62.097519845
0.01476260,62.093845129,62.089769559
0.01481769,62.098151527,62.106565620
0.01487277,62.101487753,62.096801783
0.01492786,62.097805124,62.098773179
0.01498294,62.095132962,62.091117425
0.01503803,62.099186250,62.107285379
0.01509311,62.102326602,62.097735278
0.01514819,62.098886141,62.100003659
0.01520328,62.096398186,62.092440417
0.01525836,62.100222927,62.108034084
0.01531345,62.103186675,62.098684641
0.01536853,62.099965241,62.101214268
0.01542362,62.097643597,62.093741452
0.01547870,62.101261346,62.108808370
0.01553379,62.104065375,62.099647753
0.01558887,62.101042631,62.102407558
0.01564395,62.098871594,62.095023046
0.01569904,62.102301318,62.109605334
0.01575412,62.104960468,62.100622802
0.01580921,62.102118492,62.103585720
0.01586429,62.100084245,62.096287374
0.01591938,62.103342682,62.110422459
0.01597446,62.105870029,62.101608237
0.01602954,62.103192982,62.104750634
0.01608463,62.101283336,62.097536320
0.01613971,62.104385294,62.111257565
0.01619480,62.106792394,62.102602727
0.01624988,62.104266240,62.105903922
0.01630497,62.102470407,62.098771521
0.01636005,62.105429029,62.112108753
0.01641513,62.107726122,62.103605129
0.01647022,62.105338387,62.107046982
0.01652530,62.103646798,62.099994404
0.01658039,62.106473777,62.112974366
0.01663547,62.108669962,62.104614458
0.01669056,62.106409531,62.108181024
0.01674564,62.104813672,62.101206213
0.01680072,62.107519440,62.113852957
0.01685581,62.109622826,62.105629863
0.01691089,62.107479767,62.109307093
0.01696598,62.105972040,62.102408040
0.01702106,62.108565934,62.114743257
0.01707615,62.110583766,62.106650611
0.01713123,62.108549178,62.110426102
0.01718632,62.107122789,62.103600842
0.01724140,62.109613181,62.115644149
0.01729648,62.111551950,62.107676065
0.01735157,62.109617838,62.111538841
0.01740665,62.108266691,62.104785461
0.01746174,62.110661114,62.116554649
0.01751682,62.112526651,62.108705671
0.01757191,62.110685815,62.112646001
0.01762699,62.109404428,62.105962642
0.01768207,62.111709673,62.117473889
0.01773716,62.113507230,62.109738950
0.01779224,62.111753167,62.113748187
0.01784733,62.110536596,62.107133043
0.01790241,62.112758805,62.118401097
0.01795750,62.114493124,62.110775482
0.01801258,62.112819946,62.114845926
0.01806766,62.111663723,62.108297249
0.01812275,62.113808460,62.119335590
0.01817783,62.115483834,62.111814902
0.01823292,62.113886199,62.115939684
0.01828800,62.112786276,62.109455779
0.01834309,62.114858597,62.120276759
0.01839817,62.116478922,62.112856889
0.01845326,62.114951970,62.117029869
0.01850834,62.113904667,62.110609098
0.01856342,62.115909176,62.121224058
0.01861851,62.117477996,62.113901162
0.01867359,62.116017296,62.118116842
0.01872868,62.115019265,62.111757619
0.01878376,62.116960163,62.122177002
0.01883885,62.118480708,62.114947474
0.01889393,62.117082212,62.119200921
0.01894901,62.116130395,62.112901715
0.01900410,62.118011527,62.123135152
0.01905918,62.119486749,62.115995608
0.01911427,62.118146748,62.120282387
0.01916935,62.117238350,62.114041721
0.01922444,62.119063238,62.124098116
0.01927952,62.120495841,62.117045371
0.01933460,62.119210932,62.121361493
0.01938969,62.118343391,62.115177936
0.01944477,62.120115272,62.125065539
0.01949986,62.121507735,62.118096595
0.01955494,62.120274791,62.122438459
0.01961003,62.119445752,62.116310633
0.01966511,62.121167605,62.126037101
0.01972020,62.122522211,62.119149128
0.01977528,62.121338346,62.123513485
0.01983036,62.120545645,62.117440059
0.01988545,62.122220215,62.127012511
0.01994053,62.123539065,62.120202838
0.01999562,62.122401620,62.124586749
0.02005070,62.121643258,62.118566436
0.02010579,62.123273085,62.127991506
0.02016087,62.124558118,62.121257605
0.02021595,62.123464631,62.125658408
0.02027104,62.122738764,62.119689968
0.02032612,62.124326195,62.128973847
0.02038121,62.125579205,62.122313324
0.02043629,62.124527397,62.126728605
0.02049138,62.123832317,62.120810840
0.02054646,62.125379529,62.129959314
0.02060154,62.126602180,62.123369901
0.02065663,62.125589933,62.127797469
0.02071171,62.124924058,62.121929221
0.02076680,62.126433074,62.130947708
0.02082188,62.127626906,62.124427251
0.02087697,62.126652256,62.128865113
0.02093205,62.126014115,62.123045265
0.02098714,62.127486816,62.131938846
0.02104222,62.128653262,62.125485298
0.02109730,62.127714377,62.129931641
0.02115239,62.127102603,62.124159115
0.02120747,62.128540741,62.132932560
0.02126256,62.129681136,62.126543975
0.02131764,62.128776310,62.130997148
0.02137273,62.128189630,62.125270901
0.02142781,62.129594839,62.133928697
0.02148289,62.130710427,62.127603220
0.02153798,62.129838066,62.132061718
0.02159306,62.129275293,62.126380742
0.02164815,62.130649099,62.134927115
0.02170323,62.131741041,62.128662980
0.02175832,62.130899655,62.133125429
0.02181340,62.130359678,62.127488750
0.02186848,62.131703512,62.135927682
0.02192357,62.132772893,62.129723204
0.02197865,62.131961088,62.134188348
0.02203374,62.131442870,62.128595025
0.02208882,62.132758068,62.136930279
0.02214391,62.133805904,62.130783848
0.02219899,62.133022373,62.135250541
0.02225408,62.132524941,62.129699663
0.02230916,62.133812759,62.137934794
0.02236424,62.134840004,62.131844871
0.02241933,62.134083518,62.136312064
0.02247441,62.133605961,62.130802752
0.02252950,62.134867577,62.138941122
0.02258458,62.135875124,62.132906238
0.02263967,62.135144532,62.137372971
0.02269475,62.134685993,62.131904371
0.02274983,62.135922515,62.139949168
0.02280492,62.136911205,62.133967914
0.02286000,62.136205422,62.138433310
0.02291509,62.135765095,62.133004597
0.02297017,62.136977567,62.140958844
0.02302526,62.137948190,62.135029871
0.02308034,62.137266194,62.139493123
0.02313542,62.136843323,62.134103500
0.02319051,62.138032727,62.141970065
0.02324559,62.138986027,62.136092080
0.02330068,62.138326855,62.140552453
0.02335576,62.137920725,62.135201145
0.02341085,62.139087988,62.142982754
0.02346593,62.140024666,62.137154517
0.02352101,62.139387410,62.141611335
0.02357610,62.138997348,62.136297594
0.02363118,62.140143345,62.143996840
0.02368627,62.141064064,62.138217160
0.02374135,62.140447865,62.142669803
0.02379644,62.140073235,62.137392903
0.02385152,62.141198793,62.145012255
0.02390661,62.142104179,62.139279987
0.02396169,62.141508225,62.143727889
0.02401677,62.141148427,62.138487125
0.02407186,62.142254328,62.146028935
0.02412694,62.143144971,62.140342981
0.02418203,62.142568494,62.144785620
0.02423711,62.142222960,62.139580312
0.02429220,62.143309945,62.147046822
0.02434728,62.144186406,62.141406123
0.02440236,62.143628677,62.145843025
0.02445745,62.143296868,62.140672509
0.02451253,62.144365640,62.148065860
0.02456762,62.145228449,62.142469399
0.02462270,62.144688779,62.146900125
0.02467779,62.144370186,62.141763760
0.02473287,62.145421409,62.149085997
0.02478795,62.146271068,62.143532794
0.02484304,62.145748802,62.147956945
0.02489812,62.145442942,62.142854107
0.02495321,62.146477249,62.150107186
0.02500829,62.147314235,62.144596295
0.02506338,62.146808752,62.149013505
0.02511846,62.146515165,62.143943589
0.02517355,62.147533156,62.151129378
0.02522863,62.148357923,62.145659890
0.02528371,62.147868630,62.150069824
0.02533880,62.147586881,62.145032242
0.02539388,62.148589127,62.152152532
0.02544897,62.149402105,62.146723568
0.02550405,62.148928441,62.151125919
0.02555914,62.148658115,62.146120101
0.02561422,62.149645159,62.153176607
0.02566930,62.150446757,62.147787319
0.02572439,62.149988188,62.152181807
0.02577947,62.149728890,62.147207199
0.02583456,62.150701249,62.154201564
0.02588964,62.151491857,62.148851134
0.02594473,62.151047873,62.153237503
0.02599981,62.150799228,62.148293566
0.02605489,62.151757395,62.155227367
0.02610998,62.152537384,62.149915004
0.02616506,62.152107499,62.154293022
0.02622015,62.151869149,62.149379231
0.02627523,62.152813594,62.156253982
0.02633032,62.153583318,62.150978921
0.02638540,62.153167068,62.155348375
0.02644049,62.152938673,62.150464222
0.02649557,62.153869843,62.157281376
0.02655065,62.154629639,62.152042879
0.02660574,62.154226583,62.156403577
0.02666082,62.154007818,62.151548564
0.02671591,62.154926141,62.158309518
0.02677099,62.155676332,62.153106871
0.02682608,62.155286047,62.157458637
0.02688116,62.155076600,62.152632284
0.02693624,62.155982486,62.159338381
0.02699133,62.156723378,62.154170890
0.02704641,62.156345461,62.158513566
0.02710150,62.156145036,62.153715403
0.02715658,62.157038874,62.160367935
0.02721167,62.157770762,62.155234932
0.02726675,62.157404828,62.159568374
0.02732183,62.157213141,62.154797944
0.02737692,62.158095306,62.161398156
0.02743200,62.158818470,62.156298991
0.02748709,62.158464149,62.160623071
0.02754217,62.158280929,62.155879928
0.02759726,62.159151777,62.162429017
0.02765234,62.159866487,62.157363063
0.02770743,62.159523426,62.161677664
0.02776251,62.159348414,62.156961376
0.02781759,62.160208288,62.163460497
0.02787268,62.160914801,62.158427142
0.02792776,62.160582661,62.162732161
0.02798285,62.160415608,62.158042306
0.02803793,62.161264837,62.164492571
0.02809302,62.161963398,62.159491226
0.02814810,62.161641856,62.163786570
0.02820318,62.161482524,62.159122736
0.02825827,62.162321421,62.165525220
0.02831335,62.163012268,62.160555311
0.02836844,62.162701012,62.164840898
0.02842352,62.162549173,62.160202684
0.02847861,62.163378040,62.166558422
0.02853369,62.164061398,62.161619393
0.02858877,62.163760130,62.165895151
0.02864386,62.163615565,62.161282167
0.02869894,62.164434691,62.167592159
0.02875403,62.165110778,62.162683469
0.02880911,62.164819213,62.166949336
0.02886420,62.164681712,62.162361199
0.02891928,62.165491375,62.168626412
0.02897437,62.166160399,62.163747536
0.02902945,62.165878260,62.168003457
0.02908453,62.165747623,62.163439796
0.02913962,62.166548089,62.169661163
0.02919470,62.167210251,62.164811592
0.02924979,62.166937275,62.169057520
0.02930487,62.166813307,62.164517972
0.02935996,62.167604833,62.170696396
0.02941504,62.168260324,62.165875635
0.02947012,62.167996257,62.170111529
0.02952521,62.167878772,62.165595741
0.02958029,62.168661604,62.171732095
0.02963538,62.169310610,62.166939662
0.02969046,62.169055209,62.171165491
0.02974555,62.168944028,62.166673115
0.02980063,62.169718403,62.172768244
0.02985571,62.170361101,62.168003671
0.02991080,62.170114130,62.172219408
0.02996588,62.170009082,62.167750108
0.03002097,62.170775228,62.173804829
0.03007605,62.171411789,62.169067660
0.03013114,62.171173023,62.173273285
0.03018622,62.171073942,62.168826732
0.03024130,62.171832078,62.174841837
0.03029639,62.172462666,62.170131628
0.03035147,62.172231888,62.174327125
0.03040656,62.172138615,62.169902997
0.03046164,62.172888952,62.175879252
0.03051673,62.173513726,62.171195574
0.03057181,62.173290726,62.175380932
0.03062690,62.173203108,62.170978914
0.03068198,62.173945850,62.176917064
0.03073706,62.174564963,62.172259495
0.03079215,62.174349538,62.176434710
0.03084723,62.174267427,62.172054495
0.03090232,62.175002770,62.177955259
0.03095740,62.175616368,62.173323391
0.03101249,62.175408325,62.177488461
0.03106757,62.175331578,62.173129749
0.03112265,62.176059712,62.178993826
0.03117774,62.176667937,62.174387260
0.03123282,62.176467087,62.178542189
0.03128791,62.176395568,62.174204686
0.03134299,62.177116675,62.180032753
0.03139808,62.177719664,62.175451102
0.03145316,62.177525827,62.179595895
0.03150824,62.177459403,62.175279315
0.03156333,62.178173659,62.181072030
0.03161841,62.178771543,62.176514914
0.03167350,62.178584543,62.180649583
0.03172858,62.178523086,62.176353645
0.03178367,62.179230661,62.182111647
0.03183875,62.179823568,62.177578698
0.03189384,62.179643238,62.181703255
0.03194892,62.179586625,62.177427685
0.03200400,62.180287683,62.183151593
0.03205909,62.180875735,62.178642451
0.03211417,62.180701911,62.182756914
0.03216926,62.180650023,62.178501442
0.03222434,62.181344722,62.184191859
0.03227943,62.181928039,62.179706173
0.03233451,62.181760564,62.183810560
0.03238959,62.181713286,62.179574925
0.03244468,62.182401779,62.185232436
0.03249976,62.182980475,62.180769863
0.03255485,62.182819197,62.184864197
0.03260993,62.182776418,62.180648141
0.03266502,62.183458854,62.186273315
0.03272010,62.184033038,62.181833521
0.03277518,62.183877810,62.185917826
0.03283027,62.183839423,62.181721098
0.03288535,62.184515944,62.187314488
0.03294044,62.185085725,62.182897147
0.03299552,62.184936405,62.186971449
0.03305061,62.184902306,62.182793803
0.03310569,62.185573050,62.188355945
0.03316078,62.186138531,62.183960739
0.03321586,62.185994982,62.188025067
0.03327094,62.185965070,62.183866261
0.03332603,62.186630172,62.189397680
0.03338111,62.187191453,62.185024298
0.03343620,62.187053541,62.189078682
0.03349128,62.187027719,62.184938481
0.03354637,62.187687309,62.190439685
0.03360145,62.188244487,62.186087823
0.03365653,62.188112083,62.190132296
0.03371162,62.188090258,62.186010468
0.03376670,62.188744460,62.191481953
0.03382179,62.189297628,62.187151314
0.03387687,62.189170608,62.191185910
0.03393196,62.189152688,62.187082228
0.03398704,62.189801624,62.192524476
0.03404212,62.190350875,62.188214770
0.03409721,62.190229117,62.192239524
0.03415229,62.190215015,62.188153767
0.03420738,62.190858803,62.193567248
0.03426246,62.191404222,62.189278192
0.03431755,62.191287611,62.193293141
0.03437263,62.191277240,62.189225090
0.03442772,62.191915994,62.194610263
0.03448280,62.192457668,62.190341579
0.03453788,62.192346089,62.194346761
0.03459297,62.192339368,62.190296204
0.03464805,62.192973198,62.195653513
0.03470314,62.193511209,62.191404931
0.03475822,62.193404553,62.195400385
0.03481331,62.193401401,62.191367113
0.03486839,62.194030414,62.196696994
0.03492347,62.194564843,62.192468247
0.03497856,62.194463002,62.196454015
0.03503364,62.194463341,62.192437823
0.03508873,62.195087642,62.197740699
0.03514381,62.195618565,62.193531529
0.03519890,62.195521437,62.197507651
0.03525398,62.195525192,62.193508338
0.03530906,62.196144881,62.198784622
0.03536415,62.196672375,62.194594776
0.03541923,62.196579859,62.198561294
0.03547432,62.196586957,62.194578662
0.03552940,62.197202132,62.199828758
0.03558449,62.197726269,62.195657987
0.03563957,62.197638267,62.199614945
0.03569466,62.197648638,62.195648802
0.03574974,62.198259393,62.200873102
0.03580482,62.198780244,62.196721163
0.03585991,62.198696663,62.200668605
0.03591499,62.198710236,62.196718761
0.03597008,62.199316665,62.201917648
0.03602516,62.199834298,62.197784304
0.03608025,62.199755046,62.201722273
0.03613533,62.199771756,62.197788543
0.03619041,62.200373946,62.202962393
0.03624550,62.200888430,62.198847410
0.03630058,62.200813417,62.202775952
0.03635567,62.200833198,62.198858152
0.03641075,62.201431238,62.204007330
0.03646584,62.201942636,62.199910480
0.03652092,62.201871776,62.203829641
0.03657600,62.201894566,62.199927593
0.03663109,62.202488539,62.205052455
0.03668617,62.202996915,62.200973516
0.03674126,62.202930124,62.204883342
0.03679634,62.202955861,62.200996869
0.03685143,62.203545850,62.206097765
0.03690651,62.204051264,62.202036516
0.03696159,62.203988460,62.205937054
0.03701668,62.204017085,62.202065984
0.03707176,62.204603169,62.207143254
0.03712685,62.205105681,62.203099482
0.03718193,62.205046785,62.206990778
0.03723702,62.205078240,62.203134943
0.03729210,62.205660497,62.208188918
0.03734719,62.206160165,62.204162413
0.03740227,62.206105100,62.208044515
0.03745735,62.206139328,62.204203747
0.03751244,62.206717834,62.209234754
0.03756752,62.207214714,62.205225309
0.03762261,62.207163404,62.209098265
0.03767769,62.207200352,62.205272401
0.03773278,62.207775179,62.210280757
0.03778786,62.208269326,62.206288171
0.03784294,62.208221698,62.210152028
0.03789803,62.208261312,62.206340908
0.03795311,62.208832532,62.211326924
0.03800820,62.209323999,62.207350999
0.03806328,62.209279983,62.211205805
0.03811837,62.209322210,62.207409271
0.03817345,62.209889892,62.212373250
0.03822853,62.210378731,62.208413792
0.03828362,62.210338257,62.212259596
0.03833870,62.210383049,62.208477494
0.03839379,62.210947260,62.213419733
0.03844887,62.211433522,62.209476552
0.03850396,62.211396522,62.213313402
0.03855904,62.211443829,62.209545578
0.03861413,62.212004636,62.214466369
0.03866921,62.212488369,62.210539278
0.03872429,62.212454778,62.214367223
0.03877938,62.212504552,62.210613529
0.03883446,62.213062019,62.215513155
0.03888955,62.213543270,62.211601970
0.03894463,62.213513025,62.215421058
0.03899972,62.213565219,62.211681347
0.03905480,62.214119408,62.216560087
0.03910988,62.214598225,62.212664628
0.03916497,62.214571263,62.216474909
0.03922005,62.214625833,62.212749036
0.03927514,62.215176805,62.217607162
0.03933022,62.215653232,62.213727254
0.03938531,62.215629493,62.217528775
0.03944039,62.215686394,62.213816599
0.03949547,62.216234207,62.218654377
0.03955056,62.216708290,62.214789846
0.03960564,62.216687714,62.218582657
0.03966073,62.216746904,62.214884037
0.03971581,62.217291617,62.219701729
0.03977090,62.217763396,62.215852406
0.03982598,62.217745927,62.219636554
0.03988107,62.217807364,62.215951355
0.03993615,62.218349032,62.220749215
0.03999123,62.218818551,62.216914932
0.04004632,62.218804132,62.220690468
0.04010140,62.218867775,62.217018554
0.04015649,62.219406453,62.221796833
0.04021157,62.219873753,62.217977427
0.04026666,62.219862329,62.221744398
0.04032174,62.219928139,62.218085636
0.04037682,62.220463881,62.222844579
0.04043191,62.220929001,62.219039889
0.04048699,62.220920519,62.222798345
0.04054208,62.220988456,62.219152604
0.04059716,62.221521314,62.223892451
0.04065225,62.221984293,62.220102320
0.04070733,62.221978701,62.223852307
0.04076241,62.222048728,62.220219460
0.04081750,62.222578752,62.224940447
0.04087258,62.223039628,62.221164719
0.04092767,62.223036875,62.224906287
0.04098275,62.223108956,62.221286207
0.04103784,62.223636196,62.225988564
0.04109292,62.224095006,62.222227086
0.04114801,62.224095043,62.225960283
0.04120309,62.224169141,62.222352846
0.04125817,62.224693646,62.227036799
0.04131326,62.225150424,62.223289422
0.04136834,62.225153204,62.227014296
0.04142343,62.225229284,62.223419379
0.04147851,62.225751100,62.228085150
0.04153360,62.226205884,62.224351727
0.04158868,62.226211357,62.228068326
0.04164376,62.226289386,62.224485809
0.04169885,62.226808559,62.229133615
0.04175393,62.227261382,62.225414001
0.04180902,62.227269504,62.229122372
0.04186410,62.227349447,62.225552138
0.04191919,62.227866024,62.230182192
0.04197427,62.228316919,62.226476245
0.04202935,62.228327645,62.230176436
0.04208444,62.228409470,62.226618367
0.04213952,62.228923493,62.231230877
0.04219461,62.229372493,62.227538458
0.04224969,62.229385779,62.231230517
0.04230478,62.229469454,62.227684499
0.04235986,62.229980966,62.232279671
0.04241495,62.230428103,62.228600641
0.04247003,62.230443907,62.232284614
0.04252511,62.230529401,62.228750535
0.04258020,62.231038444,62.233328569
0.04263528,62.231483750,62.229662795
0.04269037,62.231502028,62.233338729
0.04274545,62.231589312,62.229816476
0.04280054,62.232095927,62.234377571
0.04285562,62.232539431,62.230724919
0.04291070,62.232560144,62.234392861
0.04296579,62.232649187,62.230882326
0.04302087,62.233153413,62.235426673
0.04307596,62.233595146,62.231787013
0.04313104,62.233618254,62.235447010
0.04318613,62.233709027,62.231948084
0.04324121,62.234210904,62.236475875
0.04329629,62.234650894,62.232849079
0.04335138,62.234676357,62.236501177
0.04340646,62.234768833,62.233013754
0.04346155,62.235268399,62.237525175
0.04351663,62.235706675,62.233911115
0.04357172,62.235734456,62.237555360
0.04362680,62.235828605,62.234079336
0.04368188,62.236325898,62.238574570
0.04373697,62.236762487,62.234973123
0.04379205,62.236792548,62.238609561
0.04384714,62.236888345,62.235144833
0.04390222,62.237383401,62.239624059
0.04395731,62.237818330,62.236035102
0.04401239,62.237850635,62.239663778
0.04406748,62.237948053,62.236210245
0.04412256,62.238440907,62.240673640
0.04417764,62.238874204,62.237097054
0.04423273,62.238908717,62.240718013
0.04428781,62.239007730,62.237275574
0.04434290,62.239498417,62.241723312
0.04439798,62.239930107,62.238158977
0.04445307,62.239966794,62.241772265
0.04450815,62.240067377,62.238340822
0.04456323,62.240555931,62.242773072
0.04461832,62.240986039,62.239220873
0.04467340,62.241024865,62.242826533
0.04472849,62.241126993,62.239405990
0.04478357,62.241613448,62.243822919
0.04483866,62.242041999,62.240282741
0.04489374,62.242082932,62.243880819
0.04494882,62.242186581,62.240471079
0.04500391,62.242670969,62.244872853
0.04505899,62.243097987,62.241344582
0.04511408,62.243140993,62.244935122
0.04516916,62.243246140,62.241536091
0.04522425,62.243728492,62.245922870
0.04527933,62.244154002,62.242406396
0.04533442,62.244199050,62.245989442
0.04538950,62.244305670,62.242601028
0.04544458,62.244786019,62.246972970
0.04549967,62.245210043,62.243468183
0.04555475,62.245257101,62.247043778
0.04560984,62.245365174,62.243665889
0.04566492,62.245843550,62.248023151
0.04572001,62.246266110,62.244529944
0.04577509,62.246315148,62.248098132
0.04583017,62.246424651,62.244730677
0.04588526,62.246901083,62.249073412
0.04594034,62.247322203,62.245591679
0.04599543,62.247373191,62.249152502
0.04605051,62.247484101,62.245795393
0.04610560,62.247958619,62.250123751
0.04616068,62.248378320,62.246653387
0.04621576,62.248431229,62.250206889
0.04627085,62.248543526,62.246860038
0.04632593,62.249016158,62.251174168
0.04638102,62.249434461,62.247715070
0.04643610,62.249489262,62.251261293
0.04649119,62.249602925,62.247924614
0.04654627,62.250073700,62.252224660
0.04660136,62.250490626,62.248776727
0.04665644,62.250547291,62.252315713
0.04671152,62.250662300,62.248989120
0.04676661,62.251131245,62.253275226
0.04682169,62.251546815,62.249838358
0.04687678,62.251605316,62.253370150
0.04693186,62.251721650,62.250053559
0.04698695,62.252188792,62.254325866
0.04704203,62.252603026,62.250899965
0.04709711,62.252663337,62.254424603
0.04715220,62.252780977,62.251117932
0.04720728,62.253246342,62.255376578
0.04726237,62.253659259,62.251961546
0.04731745,62.253721353,62.255479073
0.04737254,62.253840281,62.252182239
0.04742762,62.254303895,62.256427360
0.04748270,62.254715514,62.253023103
0.04753779,62.254779366,62.256533559
0.04759287,62.254899561,62.253246482
0.04764796,62.255361450,62.257478212
0.04770304,62.255771790,62.254084635
0.04775813,62.255837374,62.257588061
0.04781321,62.255958820,62.254310661
0.04786830,62.256419008,62.258529133
0.04792338,62.256828087,62.255146143
0.04797846,62.256895379,62.258642579
0.04803355,62.257018057,62.255374779
0.04808863,62.257476568,62.259580120
0.04814372,62.257884405,62.256207627
0.04819880,62.257953379,62.259697114
0.04825389,62.258077272,62.256438835
0.04830897,62.258534130,62.260631174
0.04836405,62.258940743,62.257269087
0.04841914,62.259011376,62.260751664
0.04847422,62.259136466,62.257502830
0.04852931,62.259591695,62.261682294
0.04858439,62.259997100,62.258330524
0.04863948,62.260069369,62.261806231
0.04869456,62.260195639,62.258566766
0.04874964,62.260649262,62.262733477
0.04880473,62.261053476,62.259391937
0.04885981,62.261127359,62.262860813
0.04891490,62.261254792,62.259630644
0.04896998,62.261706831,62.263784723
0.04902507,62.262109872,62.260453327
0.04908015,62.262185345,62.263915411
0.04913524,62.262313926,62.260694463
0.04919032,62.262764402,62.264836032
0.04924540,62.263166285,62.261514693
0.04930049,62.263243327,62.264970025
0.04935557,62.263373039,62.261758226
0.04941066,62.263821975,62.265887401
0.04946574,62.264222717,62.262576037
0.04952083,62.264301306,62.266024654
0.04957591,62.264432134,62.262821934
0.04963099,62.264879551,62.266938831
0.04968608,62.265279167,62.263637359
0.04974116,62.265359281,62.267079299
0.04979625,62.265491210,62.263885586
0.04985133,62.265937128,62.267990320
0.04990642,62.266335634,62.264698657
0.04996150,62.266417253,62.268133959
0.05001658,62.266550268,62.264949183
0.05007167,62.266994707,62.269041867
0.05012675,62.267392118,62.265759934
0.05018184,62.267475221,62.269188635
0.05023692,62.267609307,62.266012728
0.05029201,62.268052288,62.270093472
0.05034709,62.268448619,62.266821189
0.05040217,62.268533187,62.270243326
0.05045726,62.268668329,62.267076219
0.05051234,62.269109871,62.271145133
0.05056743,62.269505136,62.267882421
0.05062251,62.269591149,62.271298032
0.05067760,62.269727333,62.268139659
0.05073268,62.270167455,62.272196850
0.05078777,62.270561669,62.268943632
0.05084285,62.270649108,62.272352753
0.05089793,62.270786320,62.269203048
0.05095302,62.271225042,62.273248621
0.05100810,62.271618218,62.270004822
0.05106319,62.271707063,62.273407489
0.05111827,62.271845290,62.270266386
0.05117336,62.272282630,62.274300447
0.05122844,62.272674782,62.271065991
0.05128352,62.272765016,62.274462240
0.05133861,62.272904244,62.271329674
0.05139369,62.273340220,62.275352326
0.05144878,62.273731362,62.272127138
0.05150386,62.273822966,62.275517006
0.05155895,62.273963181,62.272392914
0.05161403,62.274397811,62.276404257
0.05166911,62.274787956,62.273188264
0.05172420,62.274880912,62.276571787
0.05177928,62.275022103,62.273456105
0.05183437,62.275455404,62.277456240
0.05188945,62.275844565,62.274249370
0.05194454,62.275938856,62.277626582
0.05199962,62.276081009,62.274519249
0.05205471,62.276512999,62.278508273
0.05210979,62.276901188,62.275310455
0.05216487,62.276996797,62.278681392
0.05221996,62.277139899,62.275582346
0.05227504,62.277570595,62.279560357
0.05233013,62.277957826,62.276371520
0.05238521,62.278054734,62.279736216
0.05244030,62.278198775,62.276645396
0.05249538,62.278628192,62.280612490
0.05255046,62.279014477,62.277432565
0.05260555,62.279112669,62.280791054
0.05266063,62.279257635,62.277708401
0.05271572,62.279685791,62.281664671
0.05277080,62.280071142,62.278493590
0.05282589,62.280170602,62.281845907
0.05288097,62.280316481,62.278771361
0.05293605,62.280743391,62.282716901
0.05299114,62.281127820,62.279554595
0.05304622,62.281228531,62.282900774
0.05310131,62.281375313,62.279834277
0.05315639,62.281800993,62.283769178
0.05321148,62.282184511,62.280615580
0.05326656,62.282286458,62.283955655
0.05332165,62.282434131,62.280897148
0.05337673,62.282858596,62.284821501
0.05343181,62.283241215,62.281676546
0.05348690,62.283344382,62.285010549
0.05354198,62.283492934,62.281959977
0.05359707,62.283916201,62.285873871
0.05365215,62.284297931,62.282737492
0.05370724,62.284402304,62.286065458
0.05376232,62.284551724,62.283022763
0.05381740,62.284973806,62.286926285
0.05387249,62.285354660,62.283798419
0.05392757,62.285460222,62.287120381
0.05398266,62.285610501,62.284085507
0.05403774,62.286031413,62.287978744
0.05409283,62.286411401,62.284859328
0.05414791,62.286518139,62.288175317
0.05420299,62.286669265,62.285148210
0.05425808,62.287089021,62.289031248
0.05431316,62.287468153,62.285920217
0.05436825,62.287576052,62.289230267
0.05442333,62.287728015,62.286210871
0.05447842,62.288146631,62.290083794
0.05453350,62.288524918,62.286981088
0.05458859,62.288633964,62.290285230
0.05464367,62.288786753,62.287273492
0.05469875,62.289204241,62.291136384
0.05475384,62.289581694,62.288041941
0.05480892,62.289691872,62.291340207
0.05486401,62.289845478,62.288336074
0.05491909,62.290261852,62.292189015
0.05497418,62.290638480,62.289102774
0.05502926,62.290749777,62.292395195
0.05508434,62.290904187,62.289398611
0.05513943,62.291319456,62.293241677
0.05519451,62.291695258,62.290163562
0.05524960,62.291807633,62.293450132
0.05530468,62.291962778,62.290460965
0.05535977,62.292376827,62.294294062
0.05541485,62.292751546,62.291223659
0.05546993,62.292864447,62.294503701
0.05552502,62.293019265,62.291520524
0.05558010,62.293430116,62.295341160
0.05563519,62.293800118,62.292273757
0.05569027,62.293907094,62.295539168
0.05574536,62.294050586,62.292548217
0.05580044,62.294440149,62.296334164
0.05585553,62.294776692,62.293234743
0.05591061,62.294833725,62.296432795
0.05596569,62.294901047,62.293357434
0.05602078,62.295177466,62.297001943
0.05607586,62.295355510,62.293727447
0.05613095,62.295199303,62.296674751
0.05618603,62.294986250,62.293289919
0.05624112,62.294905508,62.296529718
0.05629620,62.294647151,62.292787032
0.05635128,62.293977286,62.295175010
0.05640637,62.293177440,62.291175384
0.05646145,62.292447363,62.293730307
0.05651654,62.291496308,62.289285929
0.05657162,62.290112496,62.290946663
0.05662671,62.288597279,62.286242520
0.05668179,62.287169799,62.288106100
0.05673687,62.285559026,62.283032839
0.05679196,62.283567692,62.284107109
0.05684704,62.281502659,62.278889757
0.05690213,62.279583784,62.280283774
0.05695721,62.277539546,62.274813365
0.05701230,62.275168200,62.275525289
0.05706738,62.272766483,62.269997474
0.05712246,62.270543865,62.271094828
0.05717755,62.268221996,62.265366154
0.05723263,62.265592665,62.265820835
0.05728772,62.262943912,62.260056559
0.05734280,62.260478450,62.260904799
0.05739789,62.257915809,62.254943767
0.05745297,62.255046251,62.255150572
0.05750806,62.252153722,62.249146782
0.05756314,62.249438060,62.249734088
0.05761822,62.246619694,62.243522496
0.05767331,62.243489599,62.243458918
0.05772839,62.240329222,62.237189920
0.05778348,62.237336593,62.237488418
0.05783856,62.234233681,62.230996474
0.05789365,62.230812544,62.230631286
0.05794873,62.227352372,62.224064406
0.05800381,62.224049500,62.224040219
0.05805890,62.220627449,62.217232616
0.05811398,62.216879337,62.216529255
0.05816907,62.213082079,62.209626478
0.05822415,62.209430290,62.209240274
0.05827924,62.205648959,62.202076068
0.05833432,62.201532185,62.200992110
0.05838940,62.197354566,62.193709311
0.05844449,62.193308933,62.192915369
0.05849957,62.189121650,62.185346940
0.05855466,62.184587697,62.183832974
0.05860974,62.179979291,62.176118714
0.05866483,62.175487402,62.174863655
0.05871991,62.170839652,62.166835359
0.05877500,62.165831786,62.164833565
0.05883008,62.160733551,62.156627587
0.05888516,62.155733961,62.154848783
0.05894025,62.150561752,62.146295272
0.05899533,62.145013293,62.143737644
0.05905042,62.139355748,62.134968999
0.05910550,62.133776045,62.132592586
0.05916059,62.128003865,62.123436709
0.05921567,62.121836025,62.120242829
0.05927075,62.115536954,62.110827513
0.05932584,62.109291331,62.107765890
0.05938092,62.102829568,62.097916036
0.05943601,62.095948712,62.093990258
0.05949109,62.088910263,62.083828222
0.05954618,62.081896432,62.079976877
0.05960126,62.074638099,62.069323598
0.05965634,62.066932266,62.064551458
0.05971143,62.059037245,62.053522792
0.05976651,62.051132494,62.048756231
0.05982160,62.042949030,62.037167917
0.05987668,62.034283456,62.031411517
0.05993177,62.025390554,62.019371523
0.05998685,62.016446663,62.013538022
0.06004194,62.007182500,62.000855287
0.06009702,61.997393819,61.993947304
0.06015210,61.987331420,61.980720096
0.06020719,61.977168028,61.973634853
0.06026227,61.966633505,61.959663208
0.06031736,61.955522159,61.951399046
0.06037244,61.944080203,61.936769137
0.06042753,61.932476095,61.928205243
0.06048261,61.920438101,61.912705413
0.06053769,61.907758294,61.902832801
0.06059278,61.894677488,61.886533921
0.06064786,61.881358985,61.876210343
0.06070295,61.867528471,61.858885321
0.06075803,61.852974727,61.847090368
0.06081312,61.837932053,61.828790435
0.06086820,61.822557389,61.816355792
0.06092328,61.806572501,61.796833328
0.06097837,61.789761434,61.782721595
0.06103345,61.772350444,61.762002238
0.06108854,61.754488437,61.747012636
0.06114362,61.735891417,61.724821211
0.06119871,61.716336694,61.707891662
0.06125379,61.696040336,61.684219937
0.06130888,61.675140877,61.666108234
0.06136396,61.653345974,61.640643637
0.06141904,61.630423390,61.620252232
0.06147413,61.606575964,61.592940953
0.06152921,61.581928522,61.570973470
0.06158430,61.556176697,61.541451510
0.06163938,61.529074673,61.516759512
0.06169447,61.500807667,61.484910646
0.06174955,61.471481966,61.458125140
0.06180463,61.440775828,61.423513588
0.06185972,61.408423972,61.393412782
0.06191480,61.374587531,61.355835208
0.06196989,61.339347105,61.322950285
0.06202497,61.302355640,61.281868967
0.06208006,61.263319608,61.244871344
0.06213514,61.222366338,61.199958849
0.06219022,61.179539945,61.159238865
0.06224531,61.134456012,61.109809847
0.06230039,61.086779340,61.063881200
0.06235548,61.036588505,61.009427391
0.06241056,60.983874401,60.958476237
0.06246565,60.928196489,60.898093703
0.06252073,60.869156847,60.840396420
0.06257582,60.806761663,60.773306735
0.06263090,60.740921996,60.708744838
0.06268598,60.671111120,60.633712169
0.06274107,60.596834413,60.560196691
0.06279615,60.517987221,60.476027649
0.06285124,60.434357107,60.392971319
0.06290632,60.345281477,60.297911585
0.06296141,60.250112390,60.202647585
0.06301649,60.148569690,60.094846384
0.06307157,60.040243422,59.986041446
0.06312666,59.924250152,59.862908149
0.06318174,59.799690890,59.736952420
0.06323683,59.665997350,59.595558394
0.06329191,59.522431888,59.449887303
0.06334700,59.367739420,59.286244011
0.06340208,59.200594796,59.115653242
0.06345716,59.019937802,58.924996879
0.06351225,58.824465314,58.724807993
0.06356733,58.612272481,58.500721017
0.06362242,58.381282000,58.262927873
0.06367750,58.129558803,57.997394515
0.06373259,57.854783540,57.713538705
0.06378767,57.553869997,57.395749217
0.06384275,57.223360805,57.052705534
0.06389784,56.859703441,56.668653234
0.06395292,56.458683286,56.250942472
0.06400801,56.014991977,55.781588596
0.06406309,55.522560514,55.266424981
0.06411818,54.974764195,54.686402887
0.06417326,54.363780751,54.044955807
0.06422835,53.680076013,53.319568871
0.06428343,52.912647687,52.510743388
0.06433851,52.049150057,51.593323361
0.06439360,51.075203574,50.563734840
0.06444868,49.973888228,49.391693589
0.06450377,48.726093375,48.069239819
0.06455885,47.310917177,46.562539449
0.06461394,45.705505697,44.859703209
0.06466902,43.885416041,42.923649994
0.06472410,41.826252483,40.742556012
0.06477919,39.505811584,38.283735074
0.06483427,36.906079131,35.543703991
0.06488936,34.015971238,32.503574115
0.06494444,30.835207612,29.181473490
0.06499953,27.378035361,25.587644493
0.06505461,23.675520399,21.773913431
0.06510969,19.776689064,17.786501072
0.06516478,15.748509320,13.713242109
0.06521986,11.673449731,9.631527689
0.06527495,7.643897870,5.649126624
0.06533003,3.754834594,1.848630468
0.06538512,0.096263317,-1.672150040
0.06544020,-3.254276920,-4.855579000
0.06549529,-6.238582715,-7.642647530
0.06555037,-7.892620051,-9.093746053
0.06560545,-7.959703896,-9.147144806
0.06566054,-7.982578618,-9.107741876
0.06571562,-7.995166118,-9.024817956
0.06577071,-8.002472730,-9.061045126
0.06582579,-8.007594409,-8.986587807
0.06588088,-8.011223646,-8.997638840
0.06593596,-8.013965793,-8.959747625
0.06599104,-8.016146328,-8.937319658
0.06604613,-8.017839175,-8.931908671
0.06610121,-8.019295688,-8.880221789
0.06615630,-8.020446234,-8.900776078
0.06621138,-8.021490420,-8.833397895
0.06626647,-8.022326037,-8.870580437
0.06632155,-8.023113139,-8.795205359
0.06637663,-8.023747725,-8.842541059
0.06643172,-8.024363070,-8.761052976
0.06648680,-8.024862244,-8.815897786
0.06654189,-8.025357094,-8.731225307
0.06659697,-8.025760912,-8.790825342
0.06665206,-8.026168057,-8.705250977
0.06670714,-8.026502248,-8.767611153
0.06676223,-8.026843605,-8.682604231
0.06681731,-8.027125359,-8.746327231
0.06687239,-8.027415922,-8.662688674
0.06692748,-8.027657059,-8.726432545
0.06698256,-8.027907573,-8.644745754
0.06703765,-8.028116540,-8.707839069
0.06709273,-8.028334934,-8.628344107
0.06714782,-8.028517969,-8.690528443
0.06720290,-8.028710224,-8.613275645
0.06725798,-8.028872046,-8.674460282
0.06731307,-8.029042745,-8.599406915
0.06736815,-8.029186969,-8.659564415
0.06742324,-8.029339670,-8.586542047
0.06747832,-8.029469119,-8.645691261
0.06753341,-8.029606623,-8.574543486
0.06758849,-8.029723541,-8.632707172
0.06764357,-8.029848088,-8.563322724
0.06769866,-8.029954285,-8.620514339
0.06775374,-8.030067693,-8.552815757
0.06780883,-8.030164645,-8.609043961
0.06786391,-8.030268403,-8.542972847
0.06791900,-8.030357328,-8.598244020
0.06797408,-8.030452672,-8.533749493
0.06802917,-8.030534577,-8.588070547
0.06808425,-8.030622538,-8.525083589
0.06813933,-8.030698266,-8.578467463
0.06819442,-8.030779708,-8.516914460
0.06824950,-8.030849969,-8.569377463
0.06830459,-8.030925623,-8.509191287
0.06835967,-8.030991019,-8.560750428
0.06841476,-8.031061509,-8.501873517
0.06846984,-8.031122557,-8.552546037
0.06852492,-8.031188419,-8.494929182
0.06858001,-8.031245562,-8.544732462
0.06863509,-8.031307260,-8.488332403
0.06869018,-8.031360885,-8.537284402
0.06874526,-8.031418821,-8.482061396
0.06880035,-8.031469263,-8.530176335
0.06885543,-8.031523788,-8.476093349
0.06891051,-8.031571340,-8.523382890
0.06896560,-8.031622763,-8.470404516
0.06902068,-8.031667683,-8.516880367
0.06907577,-8.031716274,-8.464972011
0.06913085,-8.031758788,-8.510647764
0.06918594,-8.031804787,-8.459775291
0.06924102,-8.031845095,-8.504666973
0.06929611,-8.031888716,-8.454796683
0.06935119,-8.031926997,-8.498922612
0.06940627,-8.031968429,-8.450021368
0.06946136,-8.032004843,-8.493401558
0.06951644,-8.032044256,-8.445436947
0.06957153,-8.032078944,-8.488092442
0.06962661,-8.032116492,-8.441031942
0.06968170,-8.032149583,-8.482984365
0.06973678,-8.032185401,-8.436795217
0.06979186,-8.032217011,-8.478066331
0.06984695,-8.032251225,-8.432716043
0.06990203,-8.032281458,-8.473327349
0.06995712,-8.032314178,-8.428784360
0.07001220,-8.032343128,-8.468756813
0.07006729,-8.032374458,-8.424990994
0.07012237,-8.032402210,-8.464344827
0.07017745,-8.032432241,-8.421327764
0.07023254,-8.032458874,-8.460082412
0.07028762,-8.032487690,-8.417787485
0.07034271,-8.032513276,-8.455961555
0.07039779,-8.032540954,-8.414363885
0.07045288,-8.032565556,-8.451975172
0.07050796,-8.032592167,-8.411051493
0.07056304,-8.032615846,-8.448117002
0.07061813,-8.032641455,-8.407845492
0.07067321,-8.032664265,-8.444381258
0.07072830,-8.032688931,-8.404741386
0.07078338,-8.032710924,-8.440762354
0.07083847,-8.032734700,-8.401734728
0.07089355,-8.032755923,-8.437254809
0.07094864,-8.032778861,-8.398821025
0.07100372,-8.032799356,-8.433853258
0.07105880,-8.032821502,-8.395995779
0.07111389,-8.032841309,-8.430552532
0.07116897,-8.032862707,-8.393254588
0.07122406,-8.032881862,-8.427347733
0.07127914,-8.032902552,-8.390593251
0.07133423,-8.032921090,-8.424234298
0.07138931,-8.032941109,-8.388007851
0.07144439,-8.032959061,-8.421208029
0.07149948,-8.032978443,-8.385494800
0.07155456,-8.032995840,-8.418265101
0.07160965,-8.033014616,-8.383050855
0.07166473,-8.033031485,-8.415402044
0.07171982,-8.033049686,-8.380673101
0.07177490,-8.033066052,-8.412615668
0.07182998,-8.033083707,-8.378358877
0.07188507,-8.033099594,-8.409902963
0.07194015,-8.033116728,-8.376105681
0.07199524,-8.033132158,-8.407261032
0.07205032,-8.033148796,-8.373911094
0.07210541,-8.033163791,-8.404687053
0.07216049,-8.033179955,-8.371772747
0.07221558,-8.033194535,-8.402178283
0.07227066,-8.033210246,-8.369688319
0.07232574,-8.033224429,-8.399732068
0.07238083,-8.033239709,-8.367655561
0.07243591,-8.033253512,-8.397345866
0.07249100,-8.033268378,-8.365672315
0.07254608,-8.033281818,-8.395017271
0.07260117,-8.033296289,-8.363736546
0.07265625,-8.033309381,-8.392744027
0.07271133,-8.033323473,-8.361846354
0.07276642,-8.033336232,-8.390524033
0.07282150,-8.033349961,-8.359999984
0.07287659,-8.033362400,-8.388355348
0.07293167,-8.033375782,-8.358195830
0.07298676,-8.033387914,-8.386236184
0.07304184,-8.033400961,-8.356432416
0.07309692,-8.033412799,-8.384164886
0.07315201,-8.033425525,-8.354708367
0.07320709,-8.033437080,-8.382139896
0.07326218,-8.033449498,-8.353022376
0.07331726,-8.033460781,-8.380159727
0.07337235,-8.033472903,-8.351373185
0.07342743,-8.033483924,-8.378222931
0.07348252,-8.033495762,-8.349759567
0.07353760,-8.033506530,-8.376328091
0.07359268,-8.033518094,-8.348180323
0.07364777,-8.033528619,-8.374473817
0.07370285,-8.033539919,-8.346634285
0.07375794,-8.033550211,-8.372658748
0.07381302,-8.033561257,-8.345120323
0.07386811,-8.033571323,-8.370881562
0.07392319,-8.033582124,-8.343637350
0.07397827,-8.033591972,-8.369140988
0.07403336,-8.033602537,-8.342184332
0.07408844,-8.033612176,-8.367435809
0.07414353,-8.033622512,-8.340760294
0.07419861,-8.033631948,-8.365764875
0.07425370,-8.033642065,-8.339364319
0.07430878,-8.033651305,-8.364127099
0.07436386,-8.033661209,-8.337995555
0.07441895,-8.033670260,-8.362521465
0.07447403,-8.033679958,-8.336653206
0.07452912,-8.033688826,-8.360947023
0.07458420,-8.033698326,-8.335336528
0.07463929,-8.033707017,-8.359402876
0.07469437,-8.033716325,-8.334044816
0.07474946,-8.033724845,-8.357888173
0.07480454,-8.033733967,-8.332777391
0.07485962,-8.033742321,-8.356402096
0.07491471,-8.033751263,-8.331533595
0.07496979,-8.033759457,-8.354943851
0.07502488,-8.033768225,-8.330312783
0.07507996,-8.033776263,-8.353512662
0.07513505,-8.033784863,-8.329114320
0.07519013,-8.033792750,-8.352107765
0.07524521,-8.033801187,-8.327937583
0.07530030,-8.033808928,-8.350728416
0.07535538,-8.033817206,-8.326781959
0.07541047,-8.033824805,-8.349373884
0.07546555,-8.033832930,-8.325646854
0.07552064,-8.033840392,-8.348043461
0.07557572,-8.033848367,-8.324531691
0.07563080,-8.033855696,-8.346736463
0.07568589,-8.033863526,-8.323435916
0.07574097,-8.033870726,-8.345452231
0.07579606,-8.033878416,-8.322358997
0.07585114,-8.033885489,-8.344190138
0.07590623,-8.033893043,-8.321300432
0.07596131,-8.033899994,-8.342949585
0.07601639,-8.033907416,-8.320259745
0.07607148,-8.033914248,-8.341730008
0.07612656,-8.033921541,-8.319236486
0.07618165,-8.033928258,-8.340530872
0.07623673,-8.033935426,-8.318230231
0.07629182,-8.033942030,-8.339351672
0.07634690,-8.033949076,-8.317240579
0.07640199,-8.033955572,-8.338191927
0.07645707,-8.033962500,-8.316267145
0.07651215,-8.033968889,-8.337051176
0.07656724,-8.033975702,-8.315309555
0.07662232,-8.033981987,-8.335928976
0.07667741,-8.033988688,-8.314367448
0.07673249,-8.033994873,-8.334824891
0.07678758,-8.034001465,-8.313440466
0.07684266,-8.034007552,-8.333738498
0.07689774,-8.034014038,-8.312528257
0.07695283,-8.034020029,-8.332669378
0.07700791,-8.034026412,-8.311630474
0.07706300,-8.034032310,-8.331617120
0.07711808,-8.034038592,-8.310746773
0.07717317,-8.034044399,-8.330581318
0.07722825,-8.034050583,-8.309876819
0.07728333,-8.034056302,-8.329561575
0.07733842,-8.034062391,-8.309020279
0.07739350,-8.034068023,-8.328557505
0.07744859,-8.034074018,-8.308176834
0.07750367,-8.034079567,-8.327568730
0.07755876,-8.034085471,-8.307346169
0.07761384,-8.034090938,-8.326594883
0.07766893,-8.034096753,-8.306527986
0.07772401,-8.034102140,-8.325635615
0.07777909,-8.034107869,-8.305721994
0.07783418,-8.034113177,-8.324690587
0.07788926,-8.034118822,-8.304927918
0.07794435,-8.034124054,-8.323759475
0.07799943,-8.034129616,-8.304145495
0.07805452,-8.034134774,-8.322841972
0.07810960,-8.034140256,-8.303374476
0.07816468,-8.034145341,-8.321937784
0.07821977,-8.034150744,-8.302614621
0.07827485,-8.034155758,-8.321046631
0.07832994,-8.034161084,-8.301865704
0.07838502,-8.034166029,-8.320168244
0.07844011,-8.034171280,-8.301127504
0.07849519,-8.034176157,-8.319302364
0.07855027,-8.034181335,-8.300399809
0.07860536,-8.034186145,-8.318448740
0.07866044,-8.034191252,-8.299682410
0.07871553,-8.034195997,-8.317607126
0.07877061,-8.034201034,-8.298975104
0.07882570,-8.034205716,-8.316777281
0.07888078,-8.034210685,-8.298277689
0.07893587,-8.034215304,-8.315958968
0.07899095,-8.034220206,-8.297589965
0.07904603,-8.034224765,-8.315151953
0.07910112,-8.034229601,-8.296911735
0.07915620,-8.034234101,-8.314356004
0.07921129,-8.034238873,-8.296242804
0.07926637,-8.034243315,-8.313570893
0.07932146,-8.034248024,-8.295582980
0.07937654,-8.034252409,-8.312796396
0.07943162,-8.034257057,-8.294932073
0.07948671,-8.034261387,-8.312032292
0.07954179,-8.034265975,-8.294289897
0.07959688,-8.034270249,-8.311278366
0.07965196,-8.034274779,-8.293656274
0.07970705,-8.034279000,-8.310534409
0.07976213,-8.034283472,-8.293031027
0.07981721,-8.034287641,-8.309800216
0.07987230,-8.034292057,-8.292413986
0.07992738,-8.034296175,-8.309075591
0.07998247,-8.034300535,-8.291804988
0.08003755,-8.034304603,-8.308360344
0.08009264,-8.034308909,-8.291203877
0.08014772,-8.034312928,-8.307654293
0.08020281,-8.034317181,-8.290610502
0.08025789,-8.034321151,-8.306957261
0.08031297,-8.034325353,-8.290024719
0.08036806,-8.034329276,-8.306269082
0.08042314,-8.034333427,-8.289446389
0.08047823,-8.034337304,-8.305589594
0.08053331,-8.034341405,-8.288875381
0.08058840,-8.034345236,-8.304918640
0.08064348,-8.034349288,-8.288311565
0.08069856,-8.034353075,-8.304256071
0.08075365,-8.034357079,-8.287754816
0.08080873,-8.034360822,-8.303601739
0.08086382,-8.034364779,-8.287205014
0.08091890,-8.034368479,-8.302955502
0.08097399,-8.034372390,-8.286662038
0.08102907,-8.034376048,-8.302317218
0.08108415,-8.034379914,-8.286125769
0.08113924,-8.034383531,-8.301686750
0.08119432,-8.034387353,-8.285596092
0.08124941,-8.034390929,-8.301063960
0.08130449,-8.034394707,-8.285072890
0.08135958,-8.034398243,-8.300448713
0.08141466,-8.034401979,-8.284556049
0.08146975,-8.034405476,-8.299840875
0.08152483,-8.034409170,-8.284045455
0.08157991,-8.034412629,-8.299240313
0.08163500,-8.034416281,-8.283540995
0.08169008,-8.034419702,-8.298646897
0.08174517,-8.034423314,-8.283042560
0.08180025,-8.034426699,-8.298060498
0.08185534,-8.034430271,-8.282550039
0.08191042,-8.034433619,-8.297480990
0.08196550,-8.034437153,-8.282063327
0.08202059,-8.034440465,-8.296908249
0.08207567,-8.034443960,-8.281582320
0.08213076,-8.034447237,-8.296342155
0.08218584,-8.034450695,-8.281106915
0.08224093,-8.034453938,-8.295782590
0.08229601,-8.034457359,-8.280637015
0.08235109,-8.034460568,-8.295229440
0.08240618,-8.034463952,-8.280172524
0.08246126,-8.034467128,-8.294682595
0.08251635,-8.034470477,-8.279713351
0.08257143,-8.034473620,-8.294141948
0.08262652,-8.034476933,-8.279259407
0.08268160,-8.034480045,-8.293607396
0.08273668,-8.034483324,-8.278810607
0.08279177,-8.034486403,-8.293078841
0.08284685,-8.034489648,-8.278366870
0.08290194,-8.034492697,-8.292556186
0.08295702,-8.034495909,-8.277928117
0.08301211,-8.034498927,-8.292039339
0.08306719,-8.034502106,-8.277494272
0.08312228,-8.034505094,-8.291528210
0.08317736,-8.034508241,-8.277065262
0.08323244,-8.034511200,-8.291022711
0.08328753,-8.034514315,-8.276641014
0.08334261,-8.034517244,-8.290522757
0.08339770,-8.034520329,-8.276221459
0.08345278,-8.034523230,-8.290028264
0.08350787,-8.034526283,-8.275806527
0.08356295,-8.034529156,-8.289539150
0.08361803,-8.034532179,-8.275396151
0.08367312,-8.034535024,-8.289055332
0.08372820,-8.034538018,-8.274990262
0.08378329,-8.034540836,-8.288576730
0.08383837,-8.034543801,-8.274588793
0.08389346,-8.034546592,-8.288103264
0.08394854,-8.034549528,-8.274191677
0.08400362,-8.034552292,-8.287634855
0.08405871,-8.034555200,-8.273798849
0.08411379,-8.034557939,-8.287171423
0.08416888,-8.034560819,-8.273410240
0.08422396,-8.034563532,-8.286712893
0.08427905,-8.034566385,-8.273025786
0.08433413,-8.034569073,-8.286259186
0.08438922,-8.034571898,-8.272645422
0.08444430,-8.034574561,-8.285810228
0.08449938,-8.034577361,-8.272269084
0.08455447,-8.034579999,-8.285365943
0.08460955,-8.034582772,-8.271896707
0.08466464,-8.034585387,-8.284926260
0.08471972,-8.034588134,-8.271528231
0.08477481,-8.034590725,-8.284491105
0.08482989,-8.034593447,-8.271163594
0.08488497,-8.034596015,-8.284060411
0.08494006,-8.034598712,-8.270802736
0.08499514,-8.034601257,-8.283634108
0.08505023,-8.034603929,-8.270445600
0.08510531,-8.034606452,-8.283212131
0.08516040,-8.034609100,-8.270092129
0.08521548,-8.034611600,-8.282794415
0.08527056,-8.034614224,-8.269742270
0.08532565,-8.034616702,-8.282380898
0.08538073,-8.034619303,-8.269395968
0.08543582,-8.034621759,-8.281971521
0.08549090,-8.034624337,-8.269053175
0.08554599,-8.034626772,-8.281566225
0.08560107,-8.034629327,-8.268713840
0.08565616,-8.034631741,-8.281164954
0.08571124,-8.034634273,-8.268377917
0.08576632,-8.034636666,-8.280767654
0.08582141,-8.034639177,-8.268045359
0.08587649,-8.034641549,-8.280374273
0.08593158,-8.034644038,-8.267716123
0.08598666,-8.034646390,-8.279984760
0.08604175,-8.034648857,-8.267390166
0.08609683,-8.034651190,-8.279599065
0.08615191,-8.034653636,-8.267067446
0.08620700,-8.034655949,-8.279217140
0.08626208,-8.034658373,-8.266747922
0.08631717,-8.034660667,-8.278838937
0.08637225,-8.034663071,-8.266431553
0.08642734,-8.034665346,-8.278464411
0.08648242,-8.034667730,-8.266118300
0.08653750,-8.034669986,-8.278093514
0.08659259,-8.034672350,-8.265808123
0.08664767,-8.034674587,-8.277726201
0.08670276,-8.034676931,-8.265500984
0.08675784,-8.034679150,-8.277362426
0.08681293,-8.034681475,-8.265196842
0.08686801,-8.034683675,-8.277002144
0.08692310,-8.034685981,-8.264895659
0.08697818,-8.034688164,-8.276645310
0.08703326,-8.034690450,-8.264597396
0.08708835,-8.034692616,-8.276291879
0.08714343,-8.034694884,-8.264302014
0.08719852,-8.034697032,-8.275941805
0.08725360,-8.034699281,-8.264009474
0.08730869,-8.034701412,-8.275595044
0.08736377,-8.034703643,-8.263719737
0.08741885,-8.034705758,-8.275251552
0.08747394,-8.034707971,-8.263432766
0.08752902,-8.034710068,-8.274911284
0.08758411,-8.034712263,-8.263148522
0.08763919,-8.034714345,-8.274574196
0.08769428,-8.034716522,-8.262866968
0.08774936,-8.034718587,-8.274240246
0.08780444,-8.034720748,-8.262588066
0.08785953,-8.034722797,-8.273909390
0.08791461,-8.034724940,-8.262311780
0.08796970,-8.034726973,-8.273581586
0.08802478,-8.034729100,-8.262038075
0.08807987,-8.034731118,-8.273256794
0.08813495,-8.034733228,-8.261766916
0.08819004,-8.034735230,-8.272934974
0.08824512,-8.034737323,-8.261498267
0.08830020,-8.034739310,-8.272616085
0.08835529,-8.034741388,-8.261232097
0.08841037,-8.034743360,-8.272300090
0.08846546,-8.034745421,-8.260968373
0.08852054,-8.034747378,-8.271986950
0.08857563,-8.034749424,-8.260707063
0.08863071,-8.034751366,-8.271676631
0.08868579,-8.034753396,-8.260448138
0.08874088,-8.034755324,-8.271369096
0.08879596,-8.034757339,-8.260191567
0.08885105,-8.034759252,-8.271064311
0.08890613,-8.034761252,-8.259937323
0.08896122,-8.034763151,-8.270762244
0.08901630,-8.034765136,-8.259685378
0.08907138,-8.034767021,-8.270462862
0.08912647,-8.034768991,-8.259435707
0.08918155,-8.034770863,-8.270166134
0.08923664,-8.034772818,-8.259188283
0.08929172,-8.034774676,-8.269872031
0.08934681,-8.034776616,-8.258943082
0.08940189,-8.034778461,-8.269580523
0.08945697,-8.034780387,-8.258700080
0.08951206,-8.034782219,-8.269291582
0.08956714,-8.034784131,-8.258459254
0.08962223,-8.034785949,-8.269005181
0.08967731,-8.034787848,-8.258220581
0.08973240,-8.034789653,-8.268721291
0.08978748,-8.034791537,-8.257984039
0.08984257,-8.034793330,-8.268439887
0.08989765,-8.034795201,-8.257749606
0.08995273,-8.034796981,-8.268160943
0.09000782,-8.034798838,-8.257517260
0.09006290,-8.034800605,-8.267884432
0.09011799,-8.034802449,-8.257286979
0.09017307,-8.034804204,-8.267610328
0.09022816,-8.034806035,-8.257058743
0.09028324,-8.034807778,-8.267338606
0.09033832,-8.034809596,-8.256832528
0.09039341,-8.034811327,-8.267069239
0.09044849,-8.034813131,-8.256608313
0.09050358,-8.034814850,-8.266802203
0.09055866,-8.034816643,-8.256386076
0.09061375,-8.034818350,-8.266537470
0.09066883,-8.034820129,-8.256165795
0.09072391,-8.034821825,-8.266275014
0.09077900,-8.034823592,-8.255947448
0.09083408,-8.034825276,-8.266014811
0.09088917,-8.034827031,-8.255731013
0.09094425,-8.034828703,-8.265756833
0.09099934,-8.034830446,-8.255516467
0.09105442,-8.034832107,-8.265501055
0.09110951,-8.034833838,-8.255303789
0.09116459,-8.034835488,-8.265247450
0.09121967,-8.034837208,-8.255092954
0.09127476,-8.034838846,-8.264995992
0.09132984,-8.034840554,-8.254883942
0.09138493,-8.034842182,-8.264746656
0.09144001,-8.034843878,-8.254676731
0.09149510,-8.034845495,-8.264499415
0.09155018,-8.034847179,-8.254471298
0.09160526,-8.034848786,-8.264254245
0.09166035,-8.034850459,-8.254267621
0.09171543,-8.034852055,-8.264011121
0.09177052,-8.034853717,-8.254065679
0.09182560,-8.034855303,-8.263770017
0.09188069,-8.034856953,-8.253865452
0.09193577,-8.034858529,-8.263530909
0.09199085,-8.034860169,-8.253666918
0.09204594,-8.034861733,-8.263293774
0.09210102,-8.034863363,-8.253470058
0.09215611,-8.034864917,-8.263058587
0.09221119,-8.034866536,-8.253274851
0.09226628,-8.034868081,-8.262825327
0.09232136,-8.034869688,-8.253081278
0.09237645,-8.034871223,-8.262593970
0.09243153,-8.034872821,-8.252889320
0.09248661,-8.034874346,-8.262364495
0.09254170,-8.034875933,-8.252698959
0.09259678,-8.034877448,-8.262136881
0.09265187,-8.034879025,-8.252510178
0.09270695,-8.034880531,-8.261911107
0.09276204,-8.034882097,-8.252322958
0.09281712,-8.034883594,-8.261687153
0.09287220,-8.034885150,-8.252137284
0.09292729,-8.034886637,-8.261465000
0.09298237,-8.034888184,-8.251953140
0.09303746,-8.034889661,-8.261244628
0.09309254,-8.034891198,-8.251770510
0.09314763,-8.034892667,-8.261026021
0.09320271,-8.034894194,-8.251589378
0.09325779,-8.034895653,-8.260809159
0.09331288,-8.034897170,-8.251409731
0.09336796,-8.034898621,-8.260594026
0.09342305,-8.034900129,-8.251231554
0.09347813,-8.034901570,-8.260380606
0.09353322,-8.034903069,-8.251054834
0.09358830,-8.034904501,-8.260168882
0.09364339,-8.034905990,-8.250879558
0.09369847,-8.034907414,-8.259958838
0.09375355,-8.034908894,-8.250705712
0.09380864,-8.034910309,-8.259750460
0.09386372,-8.034911780,-8.250533285
0.09391881,-8.034913187,-8.259543732
0.09397389,-8.034914648,-8.250362263
0.09402898,-8.034916047,-8.259338638
0.09408406,-8.034917499,-8.250192634
0.09413914,-8.034918889,-8.259135166
0.09419423,-8.034920333,-8.250024387
0.09424931,-8.034921715,-8.258933299
0.09430440,-8.034923150,-8.249857509
0.09435948,-8.034924523,-8.258733024
0.09441457,-8.034925949,-8.249691988
0.09446965,-8.034927314,-8.258534326
0.09452473,-8.034928732,-8.249527812
0.09457982,-8.034930089,-8.258337191
0.09463490,-8.034931498,-8.249364968
0.09468999,-8.034932848,-8.258141603
0.09474507,-8.034934248,-8.249203444
0.09480016,-8.034935590,-8.257947548
0.09485524,-8.034936982,-8.249043228
0.09491033,-8.034938315,-8.257755012
0.09496541,-8.034939700,-8.248884306
0.09502049,-8.034941025,-8.257563979
0.09507558,-8.034942401,-8.248726666
0.09513066,-8.034943719,-8.257374434
0.09518575,-8.034945087,-8.248570294
0.09524083,-8.034946397,-8.257186362
0.09529592,-8.034947757,-8.248415179
0.09535100,-8.034949060,-8.256999749
0.09540608,-8.034950412,-8.248261305
0.09546117,-8.034951707,-8.256814578
0.09551625,-8.034953051,-8.248108662
0.09557134,-8.034954339,-8.256630834
0.09562642,-8.034955675,-8.247957234
0.09568151,-8.034956956,-8.256448502
0.09573659,-8.034958284,-8.247807008
0.09579167,-8.034959558,-8.256267567
0.09584676,-8.034960879,-8.247657973
0.09590184,-8.034962145,-8.256088013
0.09595693,-8.034963458,-8.247510113
0.09601201,-8.034964717,-8.255909826
0.09606710,-8.034966023,-8.247363416
0.09612218,-8.034967275,-8.255732990
0.09617726,-8.034968573,-8.247217870
0.09623235,-8.034969818,-8.255557490
0.09628743,-8.034971109,-8.247073461
0.09634252,-8.034972347,-8.255383312
0.09639760,-8.034973631,-8.246930176
0.09645269,-8.034974862,-8.255210441
0.09650777,-8.034976138,-8.246788003
0.09656286,-8.034977363,-8.255038863
0.09661794,-8.034978632,-8.246646930
0.09667302,-8.034979850,-8.254868564
0.09672811,-8.034981112,-8.246506945
0.09678319,-8.034982323,-8.254699530
0.09683828,-8.034983578,-8.246368036
0.09689336,-8.034984783,-8.254531749
0.09694845,-8.034986030,-8.246230191
0.09700353,-8.034987228,-8.254365206
0.09705861,-8.034988470,-8.246093400
0.09711370,-8.034989661,-8.254199889
0.09716878,-8.034990895,-8.245957652
0.09722387,-8.034992080,-8.254035785
0.09727895,-8.034993308,-8.245822935
0.09733404,-8.034994487,-8.253872883
0.09738912,-8.034995707,-8.245689241
0.09744420,-8.034996880,-8.253711171
0.09749929,-8.034998094,-8.245556558
0.09755437,-8.034999260,-8.253550637
0.09760946,-8.035000467,-8.245424878
0.09766454,-8.035001627,-8.253391271
0.09771963,-8.035002828,-8.245294191
0.09777471,-8.035003982,-8.253233060
0.09782980,-8.035005176,-8.245164489
0.09788488,-8.035006324,-8.253075996
0.09793996,-8.035007512,-8.245035762
0.09799505,-8.035008653,-8.252920068
0.09805013,-8.035009835,-8.244908002
0.09810522,-8.035010971,-8.252765266
0.09816030,-8.035012146,-8.244781201
0.09821539,-8.035013276,-8.252611581
0.09827047,-8.035014445,-8.244655352
0.09832555,-8.035015568,-8.252459003
0.09838064,-8.035016731,-8.244530447
0.09843572,-8.035017849,-8.252307525
0.09849081,-8.035019006,-8.244406479
0.09854589,-8.035020118,-8.252157136
0.09860098,-8.035021269,-8.244283440
0.09865606,-8.035022375,-8.252007829
0.09871114,-8.035023519,-8.244161325
0.09876623,-8.035024620,-8.251859597
0.09882131,-8.035025759,-8.244040127
0.09887640,-8.035026854,-8.251712430
0.09893148,-8.035027986,-8.243919838
0.09898657,-8.035029076,-8.251566321
0.09904165,-8.035030203,-8.243800454
0.09909674,-8.035031286,-8.251421263
0.09915182,-8.035032407,-8.243681968
0.09920690,-8.035033486,-8.251277249
0.09926199,-8.035034601,-8.243564374
0.09931707,-8.035035674,-8.251134270
0.09937216,-8.035036783,-8.243447666
0.09942724,-8.035037851,-8.250992320
0.09948233,-8.035038954,-8.243331839
0.09953741,-8.035040016,-8.250851391
0.09959249,-8.035041114,-8.243216886
0.09964758,-8.035042171,-8.250711477
0.09970266,-8.035043264,-8.243102801
0.09975775,-8.035044315,-8.250572569
0.09981283,-8.035045402,-8.242989578
0.09986792,-8.035046448,-8.250434660
0.09992300,-8.035047530,-8.242877212
0.09997808,-8.035048571,-8.250297743
0.10003317,-8.035049647,-8.242765696
0.10008825,-8.035050683,-8.250161810
0.10014334,-8.035051753,-8.242655023
0.10019842,-8.035052784,-8.250026853
0.10025351,-8.035053849,-8.242545187
0.10030859,-8.035054875,-8.249892865
0.10036368,-8.035055935,-8.242436181
0.10041876,-8.035056956,-8.249759837
0.10047384,-8.035058010,-8.242327999
0.10052893,-8.035059026,-8.249627762
0.10058401,-8.035060075,-8.242220633
0.10063910,-8.035061086,-8.249496630
0.10069418,-8.035062130,-8.242114076
0.10074927,-8.035063136,-8.249366434
0.10080435,-8.035064175,-8.242008322
0.10085943,-8.035065176,-8.249237164
0.10091452,-8.035066210,-8.241903361
0.10096960,-8.035067206,-8.249108813
0.10102469,-8.035068235,-8.241799188
0.10107977,-8.035069226,-8.248981372
0.10113486,-8.035070250,-8.241695794
0.10118994,-8.035071237,-8.248854831
0.10124502,-8.035072255,-8.241593171
0.10130011,-8.035073237,-8.248729183
0.10135519,-8.035074251,-8.241491312
0.10141028,-8.035075229,-8.248604417
0.10146536,-8.035076237,-8.241390209
0.10152045,-8.035077210,-8.248480526
0.10157553,-8.035078214,-8.241289854
0.10163062,-8.035079182,-8.248357500
0.10168570,-8.035080181,-8.241190239
0.10174078,-8.035081145,-8.248235330
0.10179587,-8.035082139,-8.241091356
0.10185095,-8.035083098,-8.248114009
0.10190604,-8.035084088,-8.240993199
0.10196112,-8.035085042,-8.247993527
0.10201621,-8.035086027,-8.240895758
0.10207129,-8.035086977,-8.247873875
0.10212637,-8.035087957,-8.240799027
0.10218146,-8.035088903,-8.247755045
0.10223654,-8.035089879,-8.240702997
0.10229163,-8.035090820,-8.247637030
0.10234671,-8.035091791,-8.240607662
0.10240180,-8.035092728,-8.247519820
0.10245688,-8.035093694,-8.240513014
0.10251196,-8.035094627,-8.247403407
0.10256705,-8.035095588,-8.240419047
0.10262213,-8.035096517,-8.247287784
0.10267722,-8.035097474,-8.240325753
0.10273230,-8.035098398,-8.247172943
0.10278739,-8.035099351,-8.240233125
0.10284247,-8.035100271,-8.247058877
0.10289755,-8.035101219,-8.240141156
0.10295264,-8.035102135,-8.246945577
0.10300772,-8.035103079,-8.240049842
0.10306281,-8.035103990,-8.246833037
0.10311789,-8.035104930,-8.239959174
0.10317298,-8.035105837,-8.246721251
0.10322806,-8.035106772,-8.239869147
0.10328315,-8.035107675,-8.246610210
0.10333823,-8.035108606,-8.239779756
0.10339331,-8.035109506,-8.246499909
0.10344840,-8.035110432,-8.239690993
0.10350348,-8.035111327,-8.246390341
0.10355857,-8.035112250,-8.239602855
0.10361365,-8.035113141,-8.246281500
0.10366874,-8.035114059,-8.239515335
0.10372382,-8.035114946,-8.246173380
0.10377890,-8.035115860,-8.239428429
0.10383399,-8.035116743,-8.246065975
0.10388907,-8.035117653,-8.239342131
0.10394416,-8.035118533,-8.245959279
0.10399924,-8.035119438,-8.239256437
0.10405433,-8.035120314,-8.245853288
0.10410941,-8.035121216,-8.239171342
0.10416449,-8.035122087,-8.245747995
0.10421958,-8.035122985,-8.239086841
0.10427466,-8.035123852,-8.245643396
0.10432975,-8.035124746,-8.239002931
0.10438483,-8.035125610,-8.245539486
0.10443992,-8.035126499,-8.238919607
0.10449500,-8.035127359,-8.245436260
0.10455009,-8.035128245,-8.238836865
0.10460517,-8.035129101,-8.245333713
0.10466025,-8.035129983,-8.238754701
0.10471534,-8.035130836,-8.245231842
0.10477042,-8.035131714,-8.238673113
0.10482551,-8.035132562,-8.245130640
0.10488059,-8.035133436,-8.238592095
0.10493568,-8.035134281,-8.245030106
0.10499076,-8.035135152,-8.238511646
0.10504584,-8.035135993,-8.244930233
0.10510093,-8.035136859,-8.238431760
0.10515601,-8.035137697,-8.244831020
0.10521110,-8.035138560,-8.238352436
0.10526618,-8.035139394,-8.244732460
0.10532127,-8.035140253,-8.238273671
0.10537635,-8.035141084,-8.244634552
0.10543143,-8.035141938,-8.238195460
0.10548652,-8.035142766,-8.244537291
0.10554160,-8.035143617,-8.238117802
0.10559669,-8.035144441,-8.244440674
0.10565177,-8.035145288,-8.238040694
0.10570686,-8.035146108,-8.244344698
0.10576194,-8.035146952,-8.237964132
0.10581703,-8.035147769,-8.244249358
0.10587211,-8.035148609,-8.237888115
0.10592719,-8.035149422,-8.244154652
0.10598228,-8.035150259,-8.237812639
0.10603736,-8.035151069,-8.244060577
0.10609245,-8.035151902,-8.237737703
0.10614753,-8.035152708,-8.243967129
0.10620262,-8.035153538,-8.237663302
0.10625770,-8.035154341,-8.243874305
0.10631278,-8.035155167,-8.237589436
0.10636787,-8.035155966,-8.243782101
0.10642295,-8.035156789,-8.237516101
0.10647804,-8.035157585,-8.243690515
0.10653312,-8.035158404,-8.237443295
0.10658821,-8.035159197,-8.243599544
0.10664329,-8.035160013,-8.237371015
0.10669837,-8.035160802,-8.243509183
0.10675346,-8.035161614,-8.237299258
0.10680854,-8.035162401,-8.243419430
0.10686363,-8.035163210,-8.237228022
0.10691871,-8.035163993,-8.243330280
0.10697380,-8.035164798,-8.237157303
0.10702888,-8.035165578,-8.243241732
0.10708397,-8.035166380,-8.237087099
0.10713905,-8.035167157,-8.243153779
0.10719413,-8.035167955,-8.237017407
0.10724922,-8.035168729,-8.243066420
0.10730430,-8.035169524,-8.236948223
0.10735939,-8.035170295,-8.242979649
0.10741447,-8.035171086,-8.236879544
0.10746956,-8.035171854,-8.242893463
0.10752464,-8.035172642,-8.236811366
0.10757972,-8.035173407,-8.242807858
0.10763481,-8.035174192,-8.236743686
0.10768989,-8.035174953,-8.242722829
0.10774498,-8.035175735,-8.236676500
0.10780006,-8.035176493,-8.242638371
0.10785515,-8.035177272,-8.236609804
0.10791023,-8.035178027,-8.242554481
0.10796531,-8.035178803,-8.236543594
0.10802040,-8.035179555,-8.242471153
0.10807548,-8.035180328,-8.236477866
0.10813057,-8.035181077,-8.242388383
0.10818565,-8.035181846,-8.236412615
0.10824074,-8.035182592,-8.242306165
0.10829582,-8.035183358,-8.236347838
0.10835091,-8.035184101,-8.242224495
0.10840599,-8.035184864,-8.236283529
0.10846107,-8.035185604,-8.242143368
0.10851616,-8.035186365,-8.236219685
0.10857124,-8.035187102,-8.242062778
0.10862633,-8.035187859,-8.236156300
0.10868141,-8.035188593,-8.241982721
0.10873650,-8.035189347,-8.236093370
0.10879158,-8.035190078,-8.241903190
0.10884666,-8.035190829,-8.236030890
0.10890175,-8.035191558,-8.241824182
0.10895683,-8.035192306,-8.235968855
0.10901192,-8.035193031,-8.241745690
0.10906700,-8.035193776,-8.235907262
0.10912209,-8.035194499,-8.241667710
0.10917717,-8.035195241,-8.235846104
0.10923225,-8.035195961,-8.241590236
0.10928734,-8.035196700,-8.235785378
0.10934242,-8.035197417,-8.241513264
0.10939751,-8.035198153,-8.235725079
0.10945259,-8.035198867,-8.241436787
0.10950768,-8.035199601,-8.235665202
0.10956276,-8.035200312,-8.241360801
0.10961784,-8.035201042,-8.235605742
0.10967293,-8.035201751,-8.241285301
0.10972801,-8.035202479,-8.235546695
0.10978310,-8.035203185,-8.241210282
0.10983818,-8.035203909,-8.235488057
0.10989327,-8.035204613,-8.241135739
0.10994835,-8.035205334,-8.235429823
0.11000344,-8.035206035,-8.241061668
0.11005852,-8.035206754,-8.235371989
0.11011360,-8.035207452,-8.240988063
0.11016869,-8.035208168,-8.235314550
0.11022377,-8.035208863,-8.240914920
0.11027886,-8.035209577,-8.235257504
0.11033394,-8.035210269,-8.240842235
0.11038903,-8.035210980,-8.235200845
0.11044411,-8.035211670,-8.240770004
0.11049919,-8.035212378,-8.235144569
0.11055428,-8.035213065,-8.240698221
0.11060936,-8.035213770,-8.235088674
0.11066445,-8.035214455,-8.240626883
0.11071953,-8.035215158,-8.235033155
0.11077462,-8.035215840,-8.240555986
0.11082970,-8.035216540,-8.234978009
0.11088478,-8.035217219,-8.240485526
0.11093987,-8.035217916,-8.234923232
0.11099495,-8.035218593,-8.240415499
0.11105004,-8.035219288,-8.234868821
0.11110512,-8.035219962,-8.240345902
0.11116021,-8.035220654,-8.234814774
0.11121529,-8.035221326,-8.240276731
0.11127038,-8.035222015,-8.234761085
0.11132546,-8.035222685,-8.240207983
0.11138054,-8.035223371,-8.234707754
0.11143563,-8.035224038,-8.240139654
0.11149071,-8.035224722,-8.234654777
0.11154580,-8.035225387,-8.240071741
0.11160088,-8.035226068,-8.234602151
0.11165597,-8.035226730,-8.240004241
0.11171105,-8.035227409,-8.234549874
0.11176613,-8.035228068,-8.239937151
0.11182122,-8.035228745,-8.234497942
0.11187630,-8.035229402,-8.239870468
0.11193139,-8.035230076,-8.234446355
0.11198647,-8.035230730,-8.239804190
0.11204156,-8.035231402,-8.234395108
0.11209664,-8.035232054,-8.239738314
0.11215172,-8.035232723,-8.234344201
0.11220681,-8.035233373,-8.239672837
0.11226189,-8.035234039,-8.234293631
0.11231698,-8.035234686,-8.239607758
0.11237206,-8.035235350,-8.234243395
0.11242715,-8.035235995,-8.239543072
0.11248223,-8.035236657,-8.234193493
0.11253732,-8.035237299,-8.239478779
0.11259240,-8.035237958,-8.234143922
0.11264748,-8.035238599,-8.239414876
0.11270257,-8.035239255,-8.234094680
0.11275765,-8.035239893,-8.239351360
0.11281274,-8.035240547,-8.234045766
0.11286782,-8.035241183,-8.239288231
0.11292291,-8.035241835,-8.233997178
0.11297799,-8.035242469,-8.239225486
0.11303307,-8.035243118,-8.233948914
0.11308816,-8.035243749,-8.239163122
0.11314324,-8.035244396,-8.233900973
0.11319833,-8.035245025,-8.239101139
0.11325341,-8.035245669,-8.233853354
0.11330850,-8.035246296,-8.239039534
0.11336358,-8.035246938,-8.233806054
0.11341866,-8.035247563,-8.238978306
0.11347375,-8.035248203,-8.233759074
0.11352883,-8.035248825,-8.238917453
0.11358392,-8.035249463,-8.233712411
0.11363900,-8.035250083,-8.238856973
0.11369409,-8.035250718,-8.233666064
0.11374917,-8.035251336,-8.238796865
0.11380426,-8.035251969,-8.233620032
0.11385934,-8.035252585,-8.238737127
0.11391442,-8.035253215,-8.233574314
0.11396951,-8.035253829,-8.238677759
0.11402459,-8.035254457,-8.233528909
0.11407968,-8.035255069,-8.238618757
0.11413476,-8.035255695,-8.233483815
0.11418985,-8.035256304,-8.238560122
0.11424493,-8.035256928,-8.233439032
0.11430001,-8.035257535,-8.238501851
0.11435510,-8.035258157,-8.233394558
0.11441018,-8.035258762,-8.238443943
0.11446527,-8.035259381,-8.233350393
0.11452035,-8.035259984,-8.238386397
0.11457544,-8.035260601,-8.233306535
0.11463052,-8.035261202,-8.238329212
0.11468560,-8.035261817,-8.233262984
0.11474069,-8.035262416,-8.238272386
0.11479577,-8.035263029,-8.233219739
0.11485086,-8.035263625,-8.238215917
0.11490594,-8.035264236,-8.233176798
0.11496103,-8.035264831,-8.238159805
0.11501611,-8.035265439,-8.233134160
0.11507120,-8.035266032,-8.238104049
0.11512628,-8.035266638,-8.233091825
0.11518136,-8.035267229,-8.238048646
0.11523645,-8.035267833,-8.233049792
0.11529153,-8.035268421,-8.237993596
0.11534662,-8.035269023,-8.233008059
0.11540170,-8.035269610,-8.237938897
0.11545679,-8.035270210,-8.232966626
0.11551187,-8.035270794,-8.237884549
0.11556695,-8.035271392,-8.232925491
0.11562204,-8.035271975,-8.237830548
0.11567712,-8.035272571,-8.232884654
0.11573221,-8.035273151,-8.237776895
0.11578729,-8.035273745,-8.232844113
0.11584238,-8.035274324,-8.237723588
0.11589746,-8.035274915,-8.232803867
0.11595254,-8.035275492,-8.237670625
0.11600763,-8.035276082,-8.232763916
0.11606271,-8.035276656,-8.237618004
0.11611780,-8.035277244,-8.232724257
0.11617288,-8.035277816,-8.237565725
0.11622797,-8.035278402,-8.232684889
0.11628305,-8.035278973,-8.237513785
0.11633813,-8.035279557,-8.232645812
0.11639322,-8.035280125,-8.237462183
0.11644830,-8.035280707,-8.232607024
0.11650339,-8.035281274,-8.237410918
0.11655847,-8.035281854,-8.232568523
0.11661356,-8.035282419,-8.237359987
0.11666864,-8.035282996,-8.232530308
0.11672373,-8.035283559,-8.237309388
0.11677881,-8.035284135,-8.232492377
0.11683389,-8.035284696,-8.237259120
0.11688898,-8.035285270,-8.232454729
0.11694406,-8.035285829,-8.237209181
0.11699915,-8.035286401,-8.232417362
0.11705423,-8.035286959,-8.237159568
0.11710932,-8.035287529,-8.232380274
0.11716440,-8.035288084,-8.237110280
0.11721948,-8.035288652,-8.232343463
0.11727457,-8.035289206,-8.237061314
0.11732965,-8.035289772,-8.232306927
0.11738474,-8.035290324,-8.237012667
0.11743982,-8.035290888,-8.232270664
0.11749491,-8.035291439,-8.236964338
0.11754999,-8.035292001,-8.232234672
0.11760507,-8.035292549,-8.236916324
0.11766016,-8.035293110,-8.232198948
0.11771524,-8.035293656,-8.236868622
0.11777033,-8.035294215,-8.232163491
0.11782541,-8.035294759,-8.236821229
0.11788050,-8.035295316,-8.232128297
0.11793558,-8.035295859,-8.236774143
0.11799067,-8.035296414,-8.232093363
0.11804575,-8.035296955,-8.236727360
0.11810083,-8.035297508,-8.232058688
0.11815592,-8.035298048,-8.236680877
0.11821100,-8.035298599,-8.232024267
0.11826609,-8.035299136,-8.236634691
0.11832117,-8.035299686,-8.231990099
0.11837626,-8.035300222,-8.236588799
0.11843134,-8.035300769,-8.231956179
0.11848642,-8.035301304,-8.236543196
0.11854151,-8.035301849,-8.231922504
0.11859659,-8.035302382,-8.236497879
0.11865168,-8.035302926,-8.231889070
0.11870676,-8.035303457,-8.236452845
0.11876185,-8.035303999,-8.231855875
0.11881693,-8.035304528,-8.236408089
0.11887201,-8.035305068,-8.231822914
0.11892710,-8.035305596,-8.236363606
0.11898218,-8.035306134,-8.231790182
0.11903727,-8.035306660,-8.236319393
0.11909235,-8.035307197,-8.231757675
0.11914744,-8.035307721,-8.236275444
0.11920252,-8.035308256,-8.231725390
0.11925761,-8.035308778,-8.236231754
0.11931269,-8.035309312,-8.231693320
0.11936777,-8.035309832,-8.236188320
0.11942286,-8.035310364,-8.231661462
0.11947794,-8.035310883,-8.236145133
0.11953303,-8.035311413,-8.231629809
0.11958811,-8.035311930,-8.236102191
0.11964320,-8.035312459,-8.231598356
0.11969828,-8.035312974,-8.236059485
0.11975336,-8.035313501,-8.231567098
0.11980845,-8.035314015,-8.236017011
0.11986353,-8.035314540,-8.231536027
0.11991862,-8.035315052,-8.235974760
0.11997370,-8.035315576,-8.231505138
0.12002879,-8.035316086,-8.235932727
0.12008387,-8.035316608,-8.231474423
0.12013895,-8.035317117,-8.235890904
0.12019404,-8.035317637,-8.231443875
0.12024912,-8.035318145,-8.235849283
0.12030421,-8.035318663,-8.231413486
0.12035929,-8.035319169,-8.235807855
0.12041438,-8.035319685,-8.231383247
0.12046946,-8.035320190,-8.235766612
0.12052455,-8.035320705,-8.231353151
0.12057963,-8.035321208,-8.235725544
0.12063471,-8.035321721,-8.231323186
0.12068980,-8.035322222,-8.235684641
0.12074488,-8.035322734,-8.231293344
0.12079997,-8.035323234,-8.235643891
0.12085505,-8.035323744,-8.231263611
0.12091014,-8.035324242,-8.235603284
0.12096522,-8.035324751,-8.231233978
0.12102030,-8.035325247,-8.235562805
0.12107539,-8.035325754,-8.231204429
0.12113047,-8.035326249,-8.235522439
0.12118556,-8.035326754,-8.231174949
0.12124064,-8.035327248,-8.235482168
0.12129573,-8.035327752,-8.231145520
0.12135081,-8.035328244,-8.235441970
0.12140589,-8.035328746,-8.231116116
0.12146098,-8.035329236,-8.235401814
0.12151606,-8.035329737,-8.231086702
0.12157115,-8.035330226,-8.235361650
0.12162623,-8.035330725,-8.231057213
0.12168132,-8.035331213,-8.235321388
0.12173640,-8.035331710,-8.231027519
0.12179149,-8.035332196,-8.235280846
0.12184657,-8.035332692,-8.230997356
0.12190165,-8.035333176,-8.235239653
0.12195674,-8.035333671,-8.230966187
0.12201182,-8.035334154,-8.235197085
0.12206691,-8.035334647,-8.230932965
0.12212199,-8.035335128,-8.235151743
0.12217708,-8.035335619,-8.230895752
0.12223216,-8.035336100,-8.235101100
0.12228724,-8.035336589,-8.230851242
0.12234233,-8.035337068,-8.235040778
0.12239741,-8.035337556,-8.230793973
0.12245250,-8.035338033,-8.234963625
0.12250758,-8.035338519,-8.230715350
0.12256267,-8.035338994,-8.234858822
0.12261775,-8.035339479,-8.230602052
0.12267283,-8.035339953,-8.234710117
0.12272792,-8.035340435,-8.230434141
0.12278300,-8.035340907,-8.234493922
0.12283809,-8.035341388,-8.230183781
0.12289317,-8.035341857,-8.234178393
0.12294826,-8.035342335,-8.229815190
0.12300334,-8.035342802,-8.233721181
0.12305842,-8.035343277,-8.229281404
0.12311351,-8.035343740,-8.233067159
0.12316859,-8.035344212,-8.228522085
0.12322368,-8.035344672,-8.232148582
0.12327876,-8.035345139,-8.227464688
0.12333385,-8.035345594,-8.230888357
0.12338893,-8.035346056,-8.226028880
0.12344402,-8.035346505,-8.229194985
0.12349910,-8.035346961,-8.224115758
0.12355418,-8.035347403,-8.226958257
0.12360927,-8.035347850,-8.221606014
0.12366435,-8.035348283,-8.224053689
0.12371944,-8.035348721,-8.218368308
0.12377452,-8.035349143,-8.220353869
0.12382961,-8.035349568,-8.214273717
0.12388469,-8.035349978,-8.215740835
0.12393977,-8.035350389,-8.209207226
0.12399486,-8.035350782,-8.210078416
0.12404994,-8.035351176,-8.203021513
0.12410503,-8.035351552,-8.203199762
0.12416011,-8.035351925,-8.195537993
0.12421520,-8.035352279,-8.194929398
0.12427028,-8.035352628,-8.186581402
0.12432536,-8.035352957,-8.185114076
0.12438045,-8.035353279,-8.176010898
0.12443553,-8.035353578,-8.173646147
0.12449062,-8.035353869,-8.163740124
0.12454570,-8.035354135,-8.160472827
0.12460079,-8.035354390,-8.149600878
0.12465587,-8.035354618,-8.145380217
0.12471096,-8.035354833,-8.133346407
0.12476604,-8.035355017,-8.128090697
0.12482112,-8.035355186,-8.114747161
0.12487621,-8.035355321,-8.108387261
0.12493129,-8.035355439,-8.093676492
0.12498638,-8.035355519,-8.086182270
0.12504146,-8.035355580,-8.070130488
0.12509655,-8.035355600,-8.061519740
0.12515163,-8.035355598,-8.044222765
0.12520671,-8.035355554,-8.034554951
0.12526180,-8.035355484,-8.016149046
0.12531688,-8.035355368,-8.005003595
0.12537197,-8.035355222,-7.985381981
0.12542705,-8.035355028,-7.972384812
0.12548214,-8.035354798,-7.951390665
0.12553722,-8.035354517,-7.936416875
0.12559230,-8.035354196,-7.913991858
0.12564739,-8.035353819,-7.897159022
0.12570247,-8.035353399,-7.873364271
0.12575756,-8.035352921,-7.854936892
0.12581264,-8.035352395,-7.829933634
0.12586773,-8.035351808,-7.810250850
0.12592281,-8.035351172,-7.784253666
0.12597790,-8.035350471,-7.763663915
0.12603298,-8.035349719,-7.736912359
0.12608806,-8.035348901,-7.715744187
0.12614315,-8.035348026,-7.688445823
0.12619823,-8.035347081,-7.665160394
0.12625332,-8.035346071,-7.636545353
0.12630840,-8.035344985,-7.610576710
0.12636349,-8.035343828,-7.580180401
0.12641857,-8.035342589,-7.551794803
0.12647365,-8.035341273,-7.519610837
0.12652874,-8.035339870,-7.489542323
0.12658382,-8.035338386,-7.455904144
0.12663891,-8.035336810,-7.424917027
0.12669399,-8.035335150,-7.390271178
0.12674908,-8.035333395,-7.359098496
0.12680416,-8.035331554,-7.323927572
0.12685924,-8.035329615,-7.293121346
0.12691433,-8.035327589,-7.257841025
0.12696941,-8.035325463,-7.227851887
0.12702450,-8.035323249,-7.192822086
0.12707958,-8.035320932,-7.163927450
0.12713467,-8.035318511,-7.129371244
0.12718975,-8.035315976,-7.095090275
0.12724484,-8.035313319,-7.057749096
0.12729992,-8.035310533,-7.018296921
0.12735500,-8.035307613,-6.977759405
0.12741009,-8.035304552,-6.935385681
0.12746517,-8.035301348,-6.892532882
0.12752026,-8.035297994,-6.849489799
0.12757534,-8.035294492,-6.805647373
0.12763043,-8.035290833,-6.763543151
0.12768551,-8.035287023,-6.719753818
0.12774059,-8.035283049,-6.679665081
0.12779568,-8.035278923,-6.636818007
0.12785076,-8.035274629,-6.599323893
0.12790585,-8.035270181,-6.557920141
0.12796093,-8.035265561,-6.523335204
0.12801602,-8.035260787,-6.483773987
0.12807110,-8.035255834,-6.452155044
0.12812618,-8.035250727,-6.414554201
0.12818127,-8.035245437,-6.385859203
0.12823635,-8.035239988,-6.350294958
0.12829144,-8.035234271,-6.324154669
0.12834652,-8.035228347,-6.265667824
0.12840161,-8.035222103,-6.228921527
0.12845669,-8.035215610,-6.160892797
0.12851178,-8.035208769,-6.117690318
0.12856686,-8.035201649,-6.048654469
0.12862194,-8.035194169,-6.003359107
0.12867703,-8.035186388,-5.938833825
0.12873211,-8.035178235,-5.895122463
0.12878720,-8.035169763,-5.836129469
0.12884228,-8.035160913,-5.795285396
0.12889737,-8.035151726,-5.743022233
0.12895245,-8.035142149,-5.706227221
0.12900753,-8.035132217,-5.659717941
0.12906262,-8.035121881,-5.626766954
0.12911770,-8.035111172,-5.586211196
0.12917279,-8.035100040,-5.557382855
0.12922787,-8.035088512,-5.521504027
0.12928296,-8.035076539,-5.496154007
0.12933804,-8.035064145,-5.464973271
0.12939312,-8.035051277,-5.443064435
0.12944821,-8.035037952,-5.415250114
0.12950329,-8.035023581,-5.395407722
0.12955838,-8.035008406,-5.268531446
0.12961346,-8.034992053,-5.200033812
0.12966855,-8.034974719,-5.074862291
0.12972363,-8.034956157,-4.999633804
0.12977871,-8.034936485,-4.895547173
0.12983380,-8.034915530,-4.826627992
0.12988888,-8.034893352,-4.744509928
0.12994397,-8.034869802,-4.687513634
0.12999905,-8.034844887,-4.623132638
0.13005414,-8.034818471,-4.575924789
0.13010922,-8.034790527,-4.525872249
0.13016431,-8.034760906,-4.488798469
0.13021939,-8.034729537,-4.449527680
0.13027447,-8.034696262,-4.419229232
0.13032956,-8.034660975,-4.388517018
0.13038464,-8.034623483,-4.365114827
0.13043973,-8.034583624,-4.340698664
0.13049481,-8.034541150,-4.320928469
0.13054990,-8.034489663,-4.299544756
0.13060498,-8.034430797,-3.787124366
0.13066006,-8.034363306,-3.518414328
0.13071515,-8.034286881,-3.254638670
0.13077023,-8.034200416,-3.074610841
0.13082532,-8.034102314,-2.928879472
0.13088040,-8.033991365,-2.802937696
0.13093549,-8.033864956,-2.731299343
0.13099057,-8.033720395,-2.661706341
0.13104565,-8.033553131,-2.618090312
0.13110074,-8.033358815,-2.563660339
0.13115582,-8.033129738,-2.546337089
0.13121091,-8.032852663,-2.516322542
0.13126599,-8.032320576,-2.430554660
0.13132108,-8.031418306,0.364890076
0.13137616,-8.029932737,1.757434720
0.13143125,-8.026908150,1.753105945
0.13148633,-8.017977102,2.024037889
0.13154141,3.144712878,13.134660642
0.13159650,23.017283135,33.178649587
0.13165158,37.341856638,42.034943324
0.13170667,41.888351907,41.981839152
0.13176175,42.116697095,42.248285602
0.13181684,42.390919889,42.546526269
0.13187192,42.416437085,42.301555680
0.13192700,42.179768656,42.046427329
0.13198209,42.165150211,42.269800669
0.13203717,42.393094954,42.527129612
0.13209226,42.414527395,42.315110680
0.13214734,42.208577262,42.092087439
0.13220243,42.194068211,42.283823277
0.13225751,42.390328319,42.506126850
0.13231259,42.407794229,42.320972925
0.13236768,42.226632463,42.123716022
0.13242276,42.210475195,42.286597557
0.13247785,42.377695194,42.476878106
0.13253293,42.389277493,42.311779577
0.13258802,42.226421096,42.133652810
0.13264310,42.206258896,42.269547332
0.13269819,42.346811037,42.431078081
0.13275327,42.352473044,42.282698017
0.13280835,42.205703906,42.122200808
0.13286344,42.184388930,42.238284723
0.13291852,42.306341200,42.380392323
0.13297361,42.312704045,42.252701510
0.13302869,42.186488016,42.114510047
0.13308378,42.171433433,42.220955936
0.13313886,42.284404495,42.353043280
0.13319394,42.297153614,42.248061820
0.13324903,42.192563051,42.132042274
0.13330411,42.184901234,42.231227609
0.13335920,42.290231250,42.353829562
0.13341428,42.306748623,42.265776204
0.13346937,42.217656161,42.165192578
0.13352445,42.212522111,42.254076968
0.13357953,42.307258097,42.364513351
0.13363462,42.323167898,42.287314375
0.13368970,42.244017725,42.196926308
0.13374479,42.238333750,42.274580810
0.13379987,42.321944829,42.372900677
0.13385496,42.335970073,42.303972362
0.13391004,42.264547349,42.221778220
0.13396513,42.257965565,42.289506043
0.13402021,42.331861343,42.377382661
0.13407529,42.344322710,42.315708834
0.13413038,42.279710151,42.240756048
0.13418546,42.272495477,42.300034580
0.13424055,42.338082569,42.378934653
0.13429563,42.349160908,42.323422204
0.13435072,42.290213328,42.254399653
0.13440580,42.281947501,42.305699984
0.13446088,42.339486209,42.375784477
0.13451597,42.348105531,42.324129197
0.13457105,42.292354450,42.258303087
0.13462614,42.281006943,42.300286313
0.13468122,42.329033426,42.360047301
0.13473631,42.332852412,42.309063300
0.13479139,42.277386942,42.243691046
0.13484647,42.261426455,42.276008559
0.13490156,42.300246360,42.326463265
0.13495664,42.300384584,42.277363708
0.13501173,42.247370024,42.215488641
0.13506681,42.231332549,42.244177979
0.13512190,42.267598122,42.292687829
0.13517698,42.271081230,42.252204937
0.13523207,42.227173391,42.200387259
0.13528715,42.217654366,42.232115218
0.13534223,42.257163761,42.283696469
0.13539732,42.267413418,42.253675119
0.13545240,42.233392235,42.211574642
0.13550749,42.229542683,42.244963885
0.13556257,42.270147747,42.296720114
0.13561766,42.283338810,42.272378433
0.13567274,42.254281417,42.234856165
0.13572782,42.251459595,42.265735695
0.13578291,42.289250775,42.314044787
0.13583799,42.301743801,42.291720189
0.13589308,42.274426102,42.255950013
0.13594816,42.270550862,42.282985304
0.13600325,42.304517116,42.327202753
0.13605833,42.315586589,42.306098364
0.13611341,42.289421374,42.271676186
0.13616850,42.284517186,42.295324731
0.13622358,42.315178181,42.336068655
0.13627867,42.325180813,42.316284892
0.13633375,42.300296885,42.283340836
0.13638884,42.294752049,42.304248939
0.13644392,42.322730642,42.342146720
0.13649900,42.332018645,42.323762410
0.13655409,42.308490715,42.292341840
0.13660917,42.302557573,42.310967747
0.13666426,42.328279092,42.346435834
0.13671934,42.337016082,42.329363701
0.13677443,42.314731968,42.299308664
0.13682951,42.308397399,42.315784866
0.13688460,42.331910508,42.348811298
0.13693968,42.339784979,42.332444603
0.13699476,42.318011051,42.302878928
0.13704985,42.310398627,42.316331086
0.13710493,42.330622005,42.345647437
0.13716002,42.335990001,42.327966710
0.13721510,42.312541321,42.296518031
0.13727019,42.301331769,42.304668630
0.13732527,42.316016252,42.328053626
0.13738035,42.316726976,42.306958549
0.13743544,42.289948403,42.272379522
0.13749052,42.274676124,42.275523676
0.13754561,42.284923675,42.294886765
0.13760069,42.283636089,42.273784892
0.13765578,42.257760661,42.241133646
0.13771086,42.244213914,42.245815622
0.13776594,42.256853063,42.268318714
0.13782103,42.260509994,42.253975722
0.13787611,42.241813020,42.229064147
0.13793120,42.235086528,42.239689509
0.13798628,42.253502427,42.267722145
0.13804137,42.263334337,42.260208118
0.13809645,42.250940970,42.241190481
0.13815154,42.248547764,42.254605010
0.13820662,42.269129779,42.284079973
0.13826170,42.280793304,42.278767456
0.13831679,42.270162531,42.261157122
0.13837187,42.267957245,42.273540607
0.13842696,42.287245224,42.301358283
0.13848204,42.297957651,42.295780618
0.13853713,42.287003757,42.277868438
0.13859221,42.283670473,42.288304144
0.13864729,42.300996347,42.314059931
0.13870238,42.310463660,42.308041080
0.13875746,42.299134725,42.289898160
0.13881255,42.294879033,42.298730442
0.13886763,42.310618894,42.322842127
0.13892272,42.319205964,42.316696530
0.13897780,42.307815973,42.298631364
0.13903288,42.302991217,42.306258769
0.13908797,42.317525233,42.329094362
0.13914305,42.325526701,42.323043615
0.13919814,42.314284667,42.305246882
0.13925322,42.309118245,42.311933079
0.13930831,42.322695035,42.333731320
0.13936339,42.330287614,42.327890214
0.13941848,42.319301639,42.310458102
0.13947356,42.313927459,42.316374327
0.13952864,42.326709114,42.337292858
0.13958373,42.333998355,42.331715036
0.13963881,42.323318836,42.314690095
0.13969390,42.317815168,42.319950116
0.13974898,42.329907387,42.340091007
0.13980407,42.336946000,42.334780314
0.13985915,42.326567303,42.318143812
0.13991423,42.320934774,42.322768225
0.13996932,42.332328215,42.342097421
0.14002440,42.339000679,42.336859021
0.14007949,42.328663509,42.320286094
0.14013457,42.322515939,42.323830434
0.14018966,42.332635941,42.341650181
0.14024474,42.338047786,42.335396355
0.14029982,42.326476933,42.317422862
0.14035491,42.318185211,42.318092123
0.14040999,42.325066932,42.332266158
0.14046508,42.326955916,42.322598899
0.14052016,42.311786378,42.300874325
0.14057525,42.299236132,42.296770193
0.14063033,42.301396260,42.306211372
0.14068542,42.299268587,42.293210794
0.14074050,42.281361569,42.269361836
0.14079558,42.267051755,42.263853598
0.14085067,42.268647167,42.273520901
0.14090575,42.268030901,42.263309593
0.14096084,42.253794874,42.244063455
0.14101592,42.244383551,42.243779547
0.14107101,42.251571082,42.259397574
0.14112609,42.257385587,42.256117415
0.14118117,42.249991454,42.243685443
0.14123626,42.246697178,42.248849962
0.14129134,42.258785902,42.268799978
0.14134643,42.268685042,42.269353260
0.14140151,42.264597051,42.259731189
0.14145660,42.263270205,42.266021807
0.14151168,42.276009285,42.286104309
0.14156676,42.286018753,42.286726976
0.14162185,42.281817824,42.276831056
0.14167693,42.279769670,42.281952589
0.14173202,42.291221711,42.300593160
0.14178710,42.300055994,42.300294724
0.14184219,42.294993090,42.289622508
0.14189727,42.291912076,42.293460823
0.14195236,42.302078184,42.310783215
0.14200744,42.309913111,42.309796138
0.14206252,42.304255359,42.298650900
0.14211761,42.300471278,42.301564230
0.14217269,42.309706504,42.317923139
0.14222778,42.316870698,42.316550763
0.14228286,42.310907320,42.305206340
0.14233795,42.306692860,42.307466125
0.14239303,42.315253768,42.323104630
0.14244811,42.321962689,42.321534790
0.14250320,42.315869650,42.310153703
0.14255828,42.311389904,42.311927320
0.14261337,42.319434693,42.326995661
0.14266845,42.325817636,42.325336721
0.14272354,42.319696563,42.314012442
0.14277862,42.315051265,42.315405661
0.14283370,42.322680606,42.330000597
0.14288879,42.328817795,42.328316306
0.14294387,42.322728589,42.317103612
0.14299896,42.317980439,42.318186882
0.14305404,42.325261891,42.332374212
0.14310913,42.331205294,42.330702801
0.14316421,42.325183855,42.319634099
0.14321929,42.320373761,42.320456675
0.14327438,42.327354889,42.334283343
0.14332946,42.333139377,42.332647719
0.14338455,42.327206998,42.321741624
0.14343963,42.322361876,42.322338610
0.14349472,42.329076264,42.335837727
0.14354980,42.334723059,42.334247415
0.14360489,42.328885889,42.323505877
0.14365997,42.324011556,42.323887123
0.14371505,42.330460231,42.337052339
0.14377014,42.335938589,42.335453144
0.14382522,42.330116847,42.324771152
0.14388031,42.325076306,42.324769411
0.14393539,42.331030414,42.337313657
0.14399048,42.335955363,42.335225926
0.14404556,42.329547382,42.323882370
0.14410064,42.323472955,42.322486428
0.14415573,42.327741456,42.333041569
0.14421081,42.330549901,42.328706753
0.14426590,42.321634712,42.314612962
0.14432098,42.312352171,42.309553497
0.14437607,42.312693203,42.315891235
0.14443115,42.311344617,42.307437731
0.14448623,42.298443814,42.289486953
0.14454132,42.285443598,42.280832648
0.14459640,42.282669134,42.284496570
0.14465149,42.279509023,42.275070017
0.14470657,42.266523384,42.257928543
0.14476166,42.255051010,42.251527941
0.14481674,42.255288617,42.258958962
0.14487183,42.256670792,42.254864018
0.14492691,42.249462638,42.243986476
0.14498199,42.244239004,42.243853109
0.14503708,42.250579583,42.257233467
0.14509216,42.257714598,42.258707906
0.14514725,42.255648571,42.252571092
0.14520233,42.254480330,42.255818347
0.14525742,42.263615088,42.271390787
0.14531250,42.272577598,42.274315409
0.14536758,42.271597295,42.268903986
0.14542267,42.270702753,42.271969275
0.14547775,42.279393178,42.286812522
0.14553284,42.287612115,42.288965233
0.14558792,42.285833642,42.282736008
0.14564301,42.283965533,42.284673489
0.14569809,42.291494986,42.298307169
0.14575317,42.298650887,42.299535799
0.14580826,42.296032196,42.292561688
0.14586334,42.293334618,42.293590711
0.14591843,42.299956623,42.306306004
0.14597351,42.306347707,42.306917869
0.14602860,42.303193981,42.299502616
0.14608368,42.299966124,42.299918349
0.14613877,42.305963517,42.311986504
0.14619385,42.311842728,42.312216390
0.14624893,42.308374941,42.304566624
0.14630402,42.304815537,42.304559692
0.14635910,42.310368335,42.316150426
0.14641419,42.315891404,42.316140031
0.14646927,42.312242374,42.308379129
0.14652436,42.308471674,42.308066455
0.14657944,42.313690856,42.319285134
0.14663452,42.318953554,42.319120641
0.14668961,42.315204203,42.311323780
0.14674469,42.311297170,42.310779961
0.14679978,42.316254073,42.321695017
0.14685486,42.321317749,42.321430736
0.14690995,42.317519091,42.313645199
0.14696503,42.313524282,42.312919947
0.14702011,42.318266821,42.323577848
0.14707520,42.323172323,42.323249068
0.14713028,42.319357432,42.315505325
0.14718537,42.315307350,42.314633072
0.14724045,42.319868988,42.325066657
0.14729554,42.324644443,42.324696863
0.14735062,42.320835225,42.317014870
0.14740571,42.316752237,42.316020298
0.14746079,42.321157177,42.326253627
0.14751587,42.325822542,42.325858747
0.14757096,42.322033718,42.318251676
0.14762604,42.317933580,42.317153039
0.14768113,42.322199897,42.327204327
0.14773621,42.326769717,42.326795310
0.14779130,42.323011265,42.319271846
0.14784638,42.318905304,42.318083026
0.14790146,42.323046891,42.327966484
0.14795655,42.327532029,42.327550922
0.14801163,42.323810724,42.320116713
0.14806672,42.319707219,42.318848539
0.14812180,42.323735038,42.328575557
0.14817689,42.328143789,42.328158725
0.14823197,42.324464176,42.320817301
0.14828705,42.320369224,42.319478359
0.14834214,42.324292029,42.329058140
0.14839722,42.328630604,42.328643343
0.14845231,42.324995093,42.321395960
0.14850739,42.320911942,42.319991454
0.14856248,42.324734107,42.329427894
0.14861756,42.329001505,42.329009461
0.14867264,42.325399598,42.321840809
0.14872773,42.321307575,42.320345109
0.14878281,42.324989962,42.329586596
0.14883790,42.329108627,42.329062311
0.14889298,42.325399745,42.321794959
0.14894807,42.321065752,42.319921609
0.14900315,42.324237931,42.328516946
0.14905824,42.327639060,42.327203749
0.14911332,42.322992939,42.318863019
0.14916840,42.317273227,42.315300993
0.14922349,42.318445914,42.321582368
0.14927857,42.319303663,42.317492280
0.14933366,42.311640906,42.305898247
0.14938874,42.302380496,42.298503550
0.14944383,42.299592255,42.300674291
0.14949891,42.296478804,42.292728579
0.14955399,42.285279138,42.277901170
0.14960908,42.273206032,42.268097824
0.14966416,42.268652020,42.269122400
0.14971925,42.265252051,42.261736336
0.14977433,42.255480686,42.249213033
0.14982942,42.246406748,42.243119097
0.14988450,42.246136585,42.249014875
0.14993958,42.248052501,42.247409622
0.14999467,42.244232357,42.241040250
0.15004975,42.241135562,42.240774684
0.15010484,42.246351995,42.251827489
0.15015992,42.253037105,42.254610736
0.15021501,42.253129886,42.251689115
0.15027009,42.252899986,42.253712104
0.15032518,42.259904172,42.266039728
0.15038026,42.267529165,42.269415024
0.15043534,42.267949612,42.266553148
0.15049043,42.267503527,42.268079363
0.15054551,42.273844829,42.279564678
0.15060060,42.280609935,42.282052479
0.15065568,42.280152547,42.278323935
0.15071077,42.278782176,42.278869639
0.15076585,42.284134873,42.289351018
0.15082093,42.289982300,42.291002471
0.15087602,42.288761539,42.286588791
0.15093110,42.286683238,42.286407916
0.15098619,42.291314080,42.296166944
0.15104127,42.296523392,42.297260778
0.15109636,42.294809873,42.292424907
0.15115144,42.292277097,42.291761624
0.15120652,42.296418452,42.301019085
0.15126161,42.301196980,42.301749189
0.15131669,42.299173082,42.296661741
0.15137178,42.296348054,42.295669700
0.15142686,42.300145186,42.304562506
0.15148195,42.304620746,42.305047545
0.15153703,42.302398032,42.299812733
0.15159212,42.299380641,42.298587359
0.15164720,42.302924285,42.307201622
0.15170228,42.307177185,42.307516094
0.15175737,42.304825848,42.302199612
0.15181245,42.301679815,42.300802545
0.15186754,42.305028978,42.309194741
0.15192262,42.309111719,42.309387192
0.15197771,42.306677536,42.304031881
0.15203279,42.303444993,42.302504464
0.15208787,42.306639528,42.310713065
0.15214296,42.310587652,42.310816146
0.15219804,42.308101378,42.305450713
0.15225313,42.304811035,42.303821588
0.15230821,42.307878752,42.311873687
0.15236330,42.311717060,42.311909946
0.15241838,42.309199865,42.306554050
0.15247346,42.305871786,42.304843626
0.15252855,42.308832663,42.312758884
0.15258363,42.312578925,42.312744246
0.15263872,42.310045680,42.307411574
0.15269380,42.306694198,42.305634771
0.15274889,42.309562967,42.313427849
0.15280397,42.313230224,42.313373780
0.15285906,42.310691547,42.308073982
0.15291414,42.307327094,42.306241956
0.15296922,42.310114885,42.313924067
0.15302431,42.313712915,42.313838963
0.15307939,42.311176490,42.308578895
0.15313448,42.307806781,42.306700167
0.15318956,42.310522188,42.314280088
0.15324465,42.314058476,42.314170185
0.15329973,42.311529920,42.308954735
0.15335481,42.308160740,42.307035937
0.15340990,42.310810540,42.314520691
0.15346498,42.314290918,42.314390680
0.15352007,42.311774366,42.309223323
0.15357515,42.308410106,42.307269713
0.15363024,42.310999743,42.314665034
0.15368532,42.314428836,42.314518478
0.15374040,42.311927346,42.309401663
0.15379549,42.308571372,42.307417475
0.15385057,42.311105299,42.314728131
0.15390566,42.314486834,42.314567764
0.15396074,42.312002667,42.309503182
0.15401583,42.308657580,42.307491878
0.15407091,42.311139497,42.314721905
0.15412600,42.314476526,42.314549839
0.15418108,42.312011347,42.309538614
0.15423616,42.308679169,42.307503067
0.15429125,42.311112201,42.314655932
0.15434633,42.314407256,42.314473810
0.15440142,42.311962282,42.309516643
0.15445650,42.308644591,42.307459264
0.15451159,42.311031412,42.314537992
0.15456667,42.314286624,42.314347095
0.15462175,42.311862728,42.309444362
0.15467684,42.308560760,42.307367203
0.15473192,42.310903687,42.314374462
0.15478701,42.314120870,42.314175794
0.15484209,42.311718659,42.309327622
0.15489718,42.308433376,42.307232435
0.15495226,42.310734426,42.314170589
0.15500734,42.313915104,42.313964881
0.15506243,42.311534881,42.309171066
0.15511751,42.308266796,42.307059047
0.15517260,42.310527206,42.313929475
0.15522768,42.313671483,42.313715635
0.15528277,42.311310761,42.308972293
0.15533785,42.308054739,42.306837159
0.15539293,42.310264557,42.313626578
0.15544802,42.313351100,42.313375711
0.15550310,42.310967684,42.308628006
0.15555819,42.307647722,42.306373684
0.15561327,42.309675652,42.312917306
0.15566836,42.312484350,42.312356277
0.15572344,42.309725292,42.307174180
0.15577853,42.305803346,42.304157685
0.15583361,42.306867906,42.309538504
0.15588869,42.308318521,42.307425698
0.15594378,42.303771851,42.300226407
0.15599886,42.297516713,42.294564219
0.15605395,42.295646074,42.296713840
0.15610903,42.293687821,42.291003032
0.15616412,42.285475798,42.280060185
0.15621920,42.275509545,42.270703962
0.15627428,42.270182127,42.269610436
0.15632937,42.265469598,42.261611266
0.15638445,42.255632132,42.249692824
0.15643954,42.245410416,42.240795391
0.15649462,42.241305748,42.241686162
0.15654971,42.239330507,42.237184407
0.15660479,42.233595531,42.229994420
0.15665987,42.228439476,42.226525867
0.15671496,42.229873595,42.233087122
0.15677004,42.233498437,42.234134639
0.15682513,42.233052005,42.231992675
0.15688021,42.232495504,42.232688939
0.15693530,42.237591531,42.242410690
0.15699038,42.243918015,42.245696686
0.15704547,42.245293479,42.244957053
0.15710055,42.245738102,42.246247937
0.15715563,42.251121322,42.255937967
0.15721072,42.257238874,42.258826766
0.15726580,42.258112688,42.257476620
0.15732089,42.257845107,42.257950831
0.15737597,42.262362114,42.266718525
0.15743106,42.267583261,42.268731530
0.15748614,42.267625188,42.266594451
0.15754122,42.266569481,42.266281251
0.15759631,42.270310657,42.274281841
0.15765139,42.274822286,42.275640264
0.15770648,42.274265965,42.272964008
0.15776156,42.272671055,42.272114514
0.15781665,42.275881495,42.279587704
0.15787173,42.279913217,42.280511357
0.15792681,42.278967468,42.277493769
0.15798190,42.277021190,42.276285732
0.15803698,42.279869045,42.283390038
0.15809207,42.283570009,42.284018633
0.15814715,42.282366416,42.280783011
0.15820224,42.280185753,42.279326970
0.15825732,42.282775804,42.286161380
0.15831241,42.286239278,42.286582420
0.15836749,42.284860480,42.283206423
0.15842257,42.282519620,42.281573006
0.15847766,42.284919211,42.288201579
0.15853274,42.288205676,42.288471961
0.15858783,42.286705545,42.285006349
0.15864291,42.284253343,42.283242442
0.15869800,42.286507432,42.289708232
0.15875308,42.289657562,42.289866257
0.15880816,42.288072404,42.286345275
0.15886325,42.285542078,42.284483020
0.15891833,42.287681663,42.290815911
0.15897342,42.290723661,42.290888116
0.15902850,42.289078625,42.287335467
0.15908359,42.286493372,42.285397511
0.15913867,42.288540420,42.291618826
0.15919375,42.291494356,42.291624053
0.15924884,42.289807270,42.288056497
0.15930392,42.287183659,42.286059180
0.15935901,42.289154119,42.292184516
0.15941409,42.292034611,42.292136429
0.15946918,42.290318364,42.288566030
0.15952426,42.287668463,42.286521391
0.15957935,42.289574168,42.292562414
0.15963443,42.292392086,42.292471112
0.15968951,42.290656155,42.288906682
0.15974460,42.287988906,42.286823760
0.15979968,42.289838811,42.292789378
0.15985477,42.292602389,42.292662448
0.15990985,42.290853847,42.289110501
0.15996494,42.288175974,42.286996199
0.16002002,42.289976978,42.292893348
0.16007510,42.292692563,42.292736576
0.16013019,42.290936756,42.289201975
0.16018527,42.288253383,42.287061649
0.16024036,42.290010892,42.292895821
0.16029544,42.292683454,42.292713683
0.16035053,42.290924465,42.289200081
0.16040561,42.288239542,42.287037946
0.16046069,42.289957857,42.292813568
0.16051578,42.292591347,42.292609564
0.16057086,42.290832327,42.289119721
0.16062595,42.288148927,42.286939137
0.16068103,42.289831522,42.292659832
0.16073612,42.292429124,42.292436736
0.16079120,42.290672518,42.288972735
0.16084629,42.287993055,42.286776416
0.16090137,42.289642774,42.292445196
0.16095645,42.292207087,42.292205221
0.16101154,42.290454811,42.288768638
0.16106662,42.287781192,42.286558799
0.16112171,42.289400393,42.292178199
0.16117679,42.291933568,42.291923135
0.16123188,42.290187122,42.288515152
0.16128696,42.287520866,42.286293620
0.16134204,42.289111529,42.291865807
0.16139713,42.291615363,42.291597110
0.16145221,42.289875932,42.288218601
0.16150730,42.287218252,42.285986901
0.16156238,42.288782058,42.291513746
0.16161747,42.291258072,42.291232612
0.16167255,42.289526589,42.287884217
0.16172763,42.286878458,42.285643631
0.16178272,42.288416850,42.291126770
0.16183780,42.290866345,42.290834188
0.16189289,42.289143546,42.287516358
0.16194797,42.286505747,42.285267974
0.16200306,42.288019977,42.290708856
0.16205814,42.290444078,42.290405654
0.16211322,42.288730548,42.287118696
0.16216831,42.286103716,42.284863455
0.16222339,42.287594893,42.290263386
0.16227848,42.289994599,42.289950279
0.16233356,42.288290822,42.286694418
0.16238865,42.285675516,42.284433185
0.16244373,42.287144688,42.289793427
0.16249882,42.289520985,42.289471149
0.16255390,42.287827502,42.286246700
0.16260898,42.285224410,42.283980512
0.16266407,42.286672859,42.289302618
0.16271915,42.289027123,42.288972388
0.16277424,42.287345086,42.285780400
0.16282932,42.284755787,42.283511334
0.16288441,42.286186049,42.288798320
0.16293949,42.288521407,42.288463387
0.16299457,42.286854356,42.285307651
0.16304966,42.284283612,42.283041400
0.16310474,42.285702389,42.288300983
0.16315983,42.288027340,42.287970628
0.16321491,42.286385638,42.284862534
0.16327000,42.283846708,42.282614173
0.16332508,42.285271102,42.287865479
0.16338016,42.287606678,42.287562631
0.16343525,42.286015527,42.284529593
0.16349033,42.283538903,42.282332640
0.16354542,42.285005644,42.287615611
0.16360050,42.287394794,42.287386228
0.16365559,42.285903349,42.284480561
0.16371067,42.283545082,42.282394782
0.16376576,42.285117467,42.287776288
0.16382084,42.287629976,42.287693118
0.16387592,42.286313589,42.284992797
0.16393101,42.284154246,42.283101387
0.16398609,42.285917299,42.288668375
0.16404118,42.288640768,42.288819782
0.16409626,42.287587634,42.286412903
0.16415135,42.285714688,42.284802790
0.16420643,42.287753634,42.290638909
0.16426151,42.290768680,42.291102594
0.16431660,42.290052640,42.289059198
0.16437168,42.288531984,42.287792177
0.16442677,42.290903747,42.293949563
0.16448185,42.294256826,42.294766358
0.16453694,42.293912848,42.293115540
0.16459202,42.292768163,42.292209853
0.16464710,42.295485656,42.298696081
0.16470219,42.299179017,42.299862885
0.16475727,42.299199256,42.298591969
0.16481236,42.298414249,42.298027609
0.16486744,42.301454498,42.304816683
0.16492253,42.305459621,42.306302384
0.16497761,42.305811286,42.305376793
0.16503270,42.305350930,42.305118183
0.16508778,42.308678530,42.312174816
0.16514286,42.312960573,42.313944976
0.16519795,42.313610240,42.313332228
0.16525303,42.313443935,42.313350589
0.16530812,42.317032210,42.320650201
0.16536320,42.321568557,42.322684170
0.16541829,42.322497694,42.322367815
0.16547337,42.322611577,42.322651850
0.16552845,42.326451694,42.330188100
0.16558354,42.331238047,42.332483648
0.16563862,42.332446380,42.332465361
0.16569371,42.332844369,42.333021228
0.16574879,42.336944492,42.340804319
0.16580388,42.341992570,42.343374718
0.16585896,42.343494770,42.343670563
0.16591404,42.344194614,42.344517686
0.16596913,42.348575642,42.352570028
0.16602421,42.353908897,42.355439799
0.16607930,42.355730467,42.356076246
0.16613438,42.356759956,42.357243726
0.16618947,42.361452170,42.365596804
0.16624455,42.367102906,42.368799090
0.16629964,42.369277800,42.369810890
0.16635472,42.370672884,42.371335857
0.16640980,42.375714530,42.380029048
0.16646489,42.381722921,42.383604838
0.16651997,42.384292957,42.385034616
0.16657506,42.386097506,42.386962163
0.16663014,42.391534863,42.396042953
0.16668523,42.397949299,42.400041557
0.16674031,42.400964749,42.401940520
0.16679539,42.403231357,42.404324607
0.16685048,42.409119742,42.413849680
0.16690556,42.415998006,42.418329991
0.16696065,42.419518932,42.420759347
0.16701573,42.422310417,42.423664376
0.16707082,42.428715829,42.433701342
0.16712590,42.436126897,42.438733712
0.16718098,42.440225105,42.441766694
0.16723607,42.443616609,42.445269690
0.16729115,42.450617996,42.455899426
0.16734624,42.458644464,42.461568174
0.16740132,42.463406102,42.465292733
0.16745641,42.467487878,42.469486222
0.16751149,42.475180110,42.480805950
0.16756658,42.483921375,42.487212654
0.16762166,42.489450340,42.491734970
0.16767674,42.494331388,42.496730739
0.16773183,42.502829153,42.508858046
0.16778691,42.512405579,42.516125845
0.16784200,42.518827967,42.521574937
0.16789708,42.524640804,42.527508965
0.16795217,42.534083713,42.540587088
0.16800725,42.544642102,42.548866343
0.16806233,42.552112079,42.555400140
0.16811742,42.559019036,42.562439116
0.16817250,42.569578381,42.576643939
0.16822759,42.581299236,42.586119755
0.16828267,42.590006843,42.593933182
0.16833776,42.598208458,42.602283205
0.16839284,42.610096254,42.617832634
0.16844792,42.623203515,42.628734960
0.16850301,42.633385167,42.638070836
0.16855809,42.643131522,42.647989184
0.16861318,42.656612745,42.665155855
0.16866826,42.671387025,42.677773236
0.16872335,42.683339830,42.688937154
0.16877843,42.694946052,42.700748403
0.16883351,42.710355447,42.719877169
0.16888860,42.727152262,42.734575718
0.16894368,42.741253826,42.747956668
0.16899877,42.755121619,42.762075122
0.16905385,42.772887130,42.783607476
0.16910894,42.792162432,42.800857500
0.16916402,42.808898696,42.816956917
0.16921911,42.825546742,42.833918348
0.16927419,42.846222746,42.858427131
0.16932927,42.868569286,42.878841137
0.16938436,42.888574380,42.898314569
0.16943944,42.908682050,42.918821949
0.16949453,42.932997369,42.947061618
0.16954961,42.959197507,42.971449629
0.16960470,42.983311897,42.995167693
0.16965978,43.007783374,43.020158449
0.16971486,43.036712074,43.053139383
0.16976995,43.067816054,43.082591143
0.16982503,43.097173208,43.111730589
0.16988012,43.127233568,43.142477634
0.16993520,43.162101622,43.181578350
0.16999029,43.199546131,43.217588140
0.17004537,43.235704457,43.253770837
0.17010045,43.273046654,43.292037463
0.17015554,43.315695815,43.339177372
0.17021062,43.361486735,43.383836657
0.17026571,43.406633256,43.429344181
0.17032079,43.453644592,43.477622337
0.17037588,43.506682899,43.535524487
0.17043096,43.563669519,43.591807770
0.17048605,43.620914122,43.649884558
0.17054113,43.680980350,43.711701015
0.17059621,43.748074038,43.784171885
0.17065130,43.820186376,43.856135372
0.17070638,43.893669441,43.931011660
0.17076147,43.971028782,44.010622909
0.17081655,44.056312137,44.101691255
0.17087164,44.147255811,44.192742019
0.17092672,44.239778578,44.286646267
0.17098180,44.335692965,44.384387699
0.17103689,44.438126882,44.491681881
0.17109197,44.543771990,44.595966209
0.17114706,44.647480740,44.699057628
0.17120214,44.750164939,44.801174354
0.17125723,44.854564938,44.908001839
0.17131231,44.957878925,45.008008276
0.17136739,45.056584117,45.105227955
0.17142248,45.154349983,45.203187360
0.17147756,45.257593953,45.311646124
0.17153265,45.367552932,45.423124316
0.17158773,45.484173272,45.544598477
0.17164282,45.612975586,45.680398221
0.17169790,45.759816804,45.838376988
0.17175299,45.922652417,46.006384598
0.17180807,46.095722601,46.184604457
0.17186315,46.277419883,46.369818797
0.17191824,46.466664252,46.563459782
0.17197332,46.656446754,46.749794180
0.17202841,46.839410290,46.929357144
0.17208349,47.016367775,47.103431016
0.17213858,47.192414316,47.281361513
0.17219366,47.369221861,47.456970996
0.17224874,47.548565736,47.639625920
0.17230383,47.738546568,47.836452210
0.17235891,47.947861911,48.058207148
0.17241400,48.177208418,48.295338781
0.17246908,48.423104223,48.549996579
0.17252417,48.685619347,48.820338222
0.17257925,48.965008403,49.109074572
0.17263433,49.255516797,49.401711727
0.17268942,49.550764904,49.699529530
0.17274450,49.851713813,50.003391022
0.17279959,50.162231066,50.320629918
0.17285467,50.480942497,50.641002163
0.17290976,50.804531022,50.967735010
0.17296484,51.134403218,51.300635244
0.17301993,51.472316882,51.643808123
0.17307501,51.813500866,51.983350196
0.17313009,52.151725181,52.320241067
0.17318518,52.487467273,52.654639276
0.17324026,52.824197092,52.993742629
0.17329535,53.161071184,53.328476262
0.17335043,53.496743773,53.664835174
0.17340552,53.836122665,54.006873624
0.17346060,54.185731704,54.364016961
0.17351568,54.546134226,54.727768558
0.17357077,54.915901469,55.103362163
0.17362585,55.298692899,55.493099077
0.17368094,55.698947596,55.903974608
0.17373602,56.114563297,56.324577774
0.17379111,56.541126849,56.757063545
0.17384619,56.979471026,57.201120306
0.17390127,57.432091341,57.662433474
0.17395636,57.896478691,58.130076692
0.17401144,58.369541022,58.608379821
0.17406653,58.854813845,59.100296489
0.17412161,59.358214348,59.615128893
0.17417670,59.880644018,60.145189109
0.17423178,60.421771491,60.697116141
0.17428687,60.986746135,61.274807537
0.17434195,61.581458311,61.886605576
0.17439703,62.204416505,62.521043863
0.17445212,62.849647496,63.177281822
0.17450720,63.512986284,63.848029650
0.17456229,64.188142375,64.528336632
0.17461737,64.860886769,65.194380128
0.17467246,65.515260519,65.837532693
0.17472754,66.143051274,66.450099931
0.17478262,66.741568237,67.034768243
0.17483771,67.307070418,67.581216103
0.17489279,67.837833820,68.096006547
0.17494788,68.339457789,68.584057757
0.17500296,68.819342187,69.055688664
0.17505805,69.279029371,69.503450025
0.17511313,69.718518604,69.934345689
0.17516821,70.144086735,70.354095410
0.17522330,70.564800548,70.775542358
0.17527838,70.984886493,71.194198046
0.17533347,71.405767218,71.617127743
0.17538855,71.830606693,72.043882189
0.17544364,72.258730297,72.473956117
0.17549872,72.678827985,72.884926616
0.17555380,73.075088092,73.267005097
0.17560889,73.437792877,73.610536187
0.17566397,73.763205241,73.917966933
0.17571906,74.048973109,74.181956101
0.17577414,74.297810282,74.415012334
0.17582923,74.521788189,74.629161529
0.17588431,74.734718548,74.840568279
0.17593940,74.942064006,75.043875733
0.17599448,75.143503269,75.243348927
0.17604956,75.340989356,75.438656680
0.17610465,75.538044616,75.637379200
0.17615973,75.736379724,75.835060643
0.17621482,75.941586715,76.046993715
0.17626990,76.169006237,76.288949452
0.17632499,76.436173113,76.580896836
0.17638007,76.750669986,76.918111878
0.17643515,77.108935857,77.297953260
0.17649024,77.500516431,77.702283000
0.17654532,77.905616716,78.109769246
0.17660041,78.293524512,78.479733302
0.17665549,78.633955145,78.791490474
0.17671058,78.911449600,79.034701971
0.17676566,79.126966064,79.221929622
0.17682074,79.292371254,79.364333699
0.17687583,79.430644045,79.496712108
0.17693091,79.575204005,79.651769784
0.17698600,79.757149534,79.859813794
0.17704108,79.990503447,80.118663460
0.17709617,80.271119222,80.421846519
0.17715125,80.583210971,80.744211647
0.17720634,80.900335620,81.057974464
0.17726142,81.186970123,81.319188034
0.17731650,81.411661355,81.508077274
0.17737159,81.561786317,81.619094802
0.17742667,81.644564061,81.672590579
0.17748176,81.680436388,81.689156940
0.17753684,81.701952862,81.713359269
0.17759193,81.752018072,81.787139399
0.17764701,81.870480696,81.949099130
0.17770209,82.078763854,82.203619557
0.17775718,82.377684413,82.547674114
0.17781226,82.752446051,82.954729449
0.17786735,83.172030368,83.389301976
0.17792243,83.589495846,83.792335799
0.17797752,83.954664553,84.121660276
0.17803260,84.230038911,84.344206233
0.17808768,84.395102112,84.452112701
0.17814277,84.444691738,84.442679566
0.17819785,84.393458490,84.347702066
0.17825294,84.279051692,84.211211143
0.17830802,84.151788962,84.090645897
0.17836311,84.059314203,84.024170460
0.17841819,84.040863587,84.052149461
0.17847328,84.125800964,84.193395003
0.17852836,84.325096265,84.451473879
0.17858344,84.623730431,84.792473638
0.17863853,84.986897890,85.180028853
0.17869361,85.372244706,85.565560105
0.17874870,85.734219819,85.906459112
0.17880378,86.026201402,86.151504576
0.17885887,86.211712832,86.278295208
0.17891395,86.276452120,86.280646982
0.17896903,86.227575293,86.179436610
0.17902412,86.086827263,85.997295037
0.17907920,85.890246439,85.783642508
0.17913429,85.688031656,85.590050843
0.17918937,85.533051303,85.471476709
0.17924446,85.466399591,85.455344820
0.17929954,85.514044305,85.566045120
0.17935462,85.688755775,85.804975686
0.17940971,85.985385070,86.160709909
0.17946479,86.376409767,86.589235777
0.17951988,86.819684945,87.049612560
0.17957496,87.270541846,87.493276952
0.17963005,87.684754098,87.880370764
0.17968513,88.018424494,88.162508423
0.17974022,88.236637659,88.317680380
0.17979530,88.323572395,88.336300052
0.17985038,88.281339672,88.232505195
0.17990547,88.124141880,88.020477403
0.17996055,87.879969438,87.741857127
0.18001564,87.593002169,87.443820395
0.18007072,87.314690259,87.182787612
0.18012581,87.091047943,86.994544014
0.18018089,86.959527405,86.918145765
0.18023597,86.949803994,86.974235690
0.18029106,87.077111340,87.173033816
0.18034614,87.335374329,87.491916251
0.18040123,87.702309094,87.908404614
0.18045631,88.149113727,88.387304473
0.18051140,88.641599532,88.895543584
0.18056648,89.138568250,89.383427636
0.18062156,89.598973274,89.818057167
0.18067665,89.990870322,90.168502518
0.18073173,90.290076939,90.417598826
0.18078682,90.475534311,90.540164514
0.18084190,90.533829128,90.534151360
0.18089699,90.466329641,90.404465123
0.18095207,90.286671813,90.173807242
0.18100716,90.014839033,89.859328586
0.18106224,89.679438042,89.500876180
0.18111732,89.321208559,89.140453387
0.18117241,88.985740801,88.827842656
0.18122749,88.712468693,88.592239306
0.18128258,88.532801821,88.467156841
0.18133766,88.471804785,88.469517843
0.18139275,88.542302016,88.608419882
0.18144783,88.738439868,88.862812708
0.18150291,89.040612038,89.214025558
0.18155800,89.424657673,89.632360662
0.18161308,89.862567567,90.091634140
0.18166817,90.320345130,90.549714023
0.18172325,90.764255170,90.980821174
0.18177834,91.168641612,91.359537841
0.18183342,91.513523254,91.671648936
0.18188850,91.778820008,91.891050925
0.18194359,91.947553592,92.009542100
0.18199867,92.012002195,92.020002096
0.18205376,91.971238492,91.927970670
0.18210884,91.826423805,91.730003874
0.18216393,91.585269007,91.444589521
0.18221901,91.268663846,91.095191833
0.18227409,90.907145708,90.719846877
0.18232918,90.533229061,90.345558733
0.18238426,90.181310370,90.014009525
0.18243935,89.889188007,89.759515027
0.18249443,89.690299024,89.615176093
0.18254952,89.603979661,89.586538374
0.18260460,89.636237075,89.679766392
0.18265969,89.785142818,89.884919799
0.18271477,90.039197960,90.189116647
0.18276985,90.374525304,90.557132105
0.18282494,90.761734906,90.964888595
0.18288002,91.175325680,91.385465266
0.18293511,91.593380055,91.802185876
0.18299019,91.993462249,92.186671894
0.18304528,92.356219834,92.528293214
0.18310036,92.670640304,92.815866380
0.18315544,92.929854200,93.047226657
0.18321053,93.124211357,93.205129205
0.18326561,93.243563820,93.286206428
0.18332070,93.282841688,93.283807664
0.18337578,93.239611801,93.199970791
0.18343087,93.109766077,93.024189856
0.18348595,92.892479281,92.764896963
0.18354103,92.597742896,92.433729921
0.18359612,92.244480853,92.057218014
0.18365120,91.854883061,91.653131992
0.18370629,91.456014410,91.257658094
0.18376137,91.082565114,90.904350296
0.18381646,90.769826790,90.630785615
0.18387154,90.543790050,90.451411070
0.18392663,90.420572508,90.383816265
0.18398171,90.409813524,90.429870494
0.18403679,90.511176191,90.587285422
0.18409188,90.710053462,90.828843237
0.18414696,90.983324804,91.135020981
0.18420205,91.308377120,91.480089123
0.18425713,91.663399531,91.846334044
0.18431222,92.024405046,92.203258790
0.18436730,92.369835454,92.537897610
0.18442238,92.686621253,92.837250415
0.18447747,92.966689618,93.098546735
0.18453255,93.200293825,93.304982525
0.18458764,93.377731226,93.453697700
0.18464272,93.493821603,93.537372573
0.18469781,93.544345322,93.555197514
0.18475289,93.520662880,93.490504433
0.18480797,93.413696192,93.341400834
0.18486306,93.221170385,93.105267216
0.18491814,92.946725198,92.792211633
0.18497323,92.596371008,92.403927432
0.18502831,92.182760280,91.963703069
0.18508340,91.730784145,91.498252055
0.18513848,91.273150555,91.046743914
0.18519357,90.841910976,90.634176961
0.18524865,90.467374871,90.296089007
0.18530373,90.179252117,90.056710029
0.18535882,89.999944330,89.937057344
0.18541390,89.936660788,89.930423198
0.18546899,89.983750652,90.031843328
0.18552407,90.129356015,90.222579198
0.18557916,90.355035930,90.484629114
0.18563424,90.633527902,90.781158369
0.18568932,90.934794877,91.088485960
0.18574441,91.233909349,91.380502725
0.18579949,91.509605209,91.641066386
0.18585458,91.739361699,91.841139802
0.18590966,91.902177820,91.967465900
0.18596475,91.983687521,92.004714404
0.18601983,91.973279073,91.947267186
0.18607491,91.859359815,91.777341262
0.18613000,91.633648647,91.495749283
0.18618508,91.298482217,91.106392040
0.18624017,90.865854025,90.629594061
0.18629525,90.353264968,90.079892264
0.18635034,89.786458782,89.494028012
0.18640542,89.202852033,88.910428453
0.18646051,88.644925610,88.376199907
0.18651559,88.149781537,87.918592854
0.18657067,87.746431295,87.568341927
0.18662576,87.456148871,87.337588783
0.18668084,87.286183523,87.229067848
0.18673593,87.223152716,87.213090520
0.18679101,87.236903870,87.258582397
0.18684610,87.288844370,87.319343816
0.18690118,87.333502224,87.350668766
0.18695626,87.318236026,87.291580915
0.18701135,87.190947641,87.098339269
0.18706643,86.909469871,86.730341696
0.18712152,86.441473141,86.163781807
0.18717660,85.760026467,85.368531745
0.18723169,84.845011572,84.334369724
0.18728677,83.684737602,83.048556775
0.18734185,82.267747503,81.501534257
0.18739694,80.571599656,79.658099034
0.18745202,78.560883117,77.482430933
0.18750711,76.190858968,74.920856696
0.18756219,73.407883704,71.919620198
0.18761728,70.152794180,68.413329287
0.18767236,66.376803432,64.368702551
0.18772745,62.061892100,59.782384571
0.18778253,57.231748970,54.704933462
0.18783761,51.955109842,49.223070659
0.18789270,46.349088135,43.484426625
0.18794778,40.575944632,37.666870036
0.18800287,34.824093294,31.970756821
0.18805795,29.281953652,26.573576899
0.18811304,24.119157652,21.637775831
0.18816812,19.473699728,17.277659249
0.18822320,15.437709295,13.563687659
0.18827829,12.048634488,10.499982921
0.18833337,9.295662163,8.060028430
0.18838846,7.134053537,6.180360225
0.18844354,5.494570571,4.785593769
0.18849863,4.290897669,3.777764034
0.18855371,3.433301794,3.074640182
0.18860879,2.841906122,2.598561553
0.18866388,2.449000257,2.291938770
0.18871896,2.196103529,2.095262764
0.18877405,2.036650957,1.974694522
0.18882913,1.939676179,1.902383353
0.18888422,1.885029613,1.866288363
0.18893930,1.856067176,1.845137057
0.18899438,1.840304371,1.835032840
0.18904947,1.832817731,1.830225687
0.18910455,1.832302682,1.834192896
0.18915964,1.835118244,1.836075032
0.18921472,1.837357299,1.838650125
0.18926981,1.839511318,1.840267462
0.18932489,1.843577508,1.846866251
0.18937998,1.847893257,1.849054151
0.18943506,1.849722928,1.850467814
0.18949014,1.850244960,1.849959770
0.18954523,1.851884212,1.853813475
0.18960031,1.853289749,1.852912967
0.18965540,1.851970957,1.851108272
0.18971048,1.849291325,1.847407356
0.18976557,1.847825309,1.848236045
0.18982065,1.846360302,1.844613439
0.18987573,1.842517549,1.840479562
0.18993082,1.837722382,1.834875351
0.18998590,1.834575455,1.834244642
0.19004099,1.831879726,1.829620108
0.19009607,1.827252227,1.824920740
0.19015116,1.822078018,1.819126923
0.19020624,1.818901642,1.818629221
0.19026132,1.816482733,1.814427302
0.19031641,1.812399949,1.810397429
0.19037149,1.807987593,1.805460336
0.19042658,1.805743989,1.805972437
0.19048166,1.804410967,1.802932598
0.19053675,1.801564728,1.800214266
0.19059183,1.798529586,1.796720460
0.19064692,1.797797527,1.798811549
0.19070200,1.798126121,1.797514828
0.19075708,1.797111787,1.796717244
0.19081217,1.796077032,1.795304287
0.19086725,1.797498391,1.799621962
0.19092234,1.800121453,1.800688822
0.19097742,1.801517260,1.802351152
0.19103251,1.802945914,1.803409642
0.19108759,1.806797695,1.810121233
0.19114267,1.811731953,1.813421474
0.19119776,1.815225284,1.817051615
0.19125284,1.818420952,1.819682577
0.19130793,1.823591986,1.827464836
0.19136301,1.829311150,1.831267387
0.19141810,1.832995570,1.834779880
0.19147318,1.835742926,1.836632723
0.19152826,1.839812954,1.842988982
0.19158335,1.843820685,1.844790322
0.19163843,1.845266567,1.845821842
0.19169352,1.845346363,1.844814444
0.19174860,1.846437222,1.848064867
0.19180369,1.847301625,1.846677233
0.19185877,1.845593591,1.844583090
0.19191386,1.842636964,1.840622902
0.19196894,1.840915065,1.841195357
0.19202402,1.839288758,1.837500243
0.19207911,1.835486149,1.833522857
0.19213419,1.830859209,1.828105451
0.19218928,1.827887771,1.827636566
0.19224436,1.825422105,1.823305309
0.19229945,1.821165246,1.819058394
0.19235453,1.816414817,1.813667023
0.19240961,1.813585241,1.813458520
0.19246470,1.811476014,1.809582060
0.19251978,1.807745814,1.805936579
0.19257487,1.803637028,1.801229852
0.19262995,1.801512417,1.801748073
0.19268504,1.800144901,1.798628998
0.19274012,1.797179732,1.795757294
0.19279520,1.793838577,1.791812971
0.19285029,1.792467976,1.793076428
0.19290537,1.791848722,1.790707611
0.19296046,1.789645072,1.788608204
0.19301554,1.787087878,1.785459009
0.19307063,1.786534255,1.787559693
0.19312571,1.786795868,1.786113365
0.19318080,1.785574488,1.785054824
0.19323588,1.784123090,1.783075536
0.19329096,1.784814978,1.786495901
0.19334605,1.786488839,1.786553137
0.19340113,1.786868725,1.787193825
0.19345622,1.787201558,1.787085128
0.19351130,1.789834702,1.792518888
0.19356639,1.793578084,1.794704032
0.19362147,1.796110849,1.797526737
0.19367655,1.798599587,1.799553177
0.19373164,1.803290342,1.806972164
0.19378672,1.808895308,1.810900416
0.19384181,1.812994761,1.815119248
0.19389689,1.816644412,1.818076845
0.19395198,1.821988588,1.825874975
0.19400706,1.827675593,1.829589794
0.19406214,1.831255695,1.832983985
0.19411723,1.833774353,1.834503160
0.19417231,1.837399096,1.840297027
0.19422740,1.840852719,1.841543621
0.19428248,1.841794668,1.842123614
0.19433757,1.841387052,1.840597873
0.19439265,1.841923130,1.843251777
0.19444774,1.842268976,1.841415375
0.19450282,1.840223047,1.839096910
0.19455790,1.837054218,1.834942990
0.19461299,1.835135178,1.835311223
0.19466807,1.833399409,1.831594876
0.19472316,1.829688442,1.827826132
0.19477824,1.825272528,1.822629648
0.19483333,1.822498979,1.822332894
0.19488841,1.820273041,1.818303071
0.19494349,1.816399376,1.814525486
0.19499858,1.812089353,1.809553084
0.19505366,1.809625509,1.809654204
0.19510875,1.807865191,1.806159792
0.19516383,1.804573751,1.803013760
0.19521892,1.800914931,1.798714588
0.19527400,1.799127311,1.799496092
0.19532908,1.798046683,1.796681217
0.19538417,1.795427658,1.794201498
0.19543925,1.792414605,1.790528548
0.19549434,1.791228118,1.791886074
0.19554942,1.790704882,1.789609514
0.19560451,1.788607312,1.787634619
0.19565959,1.786075234,1.784419185
0.19571467,1.785322675,1.786186573
0.19576976,1.785195709,1.784291904
0.19582484,1.783470958,1.782680713
0.19587993,1.781288920,1.779801800
0.19593501,1.780861732,1.781882685
0.19599010,1.781049546,1.780303015
0.19604518,1.779648584,1.779024008
0.19610027,1.777806666,1.776492877
0.19615535,1.777742124,1.778950059
0.19621043,1.778338550,1.777809701
0.19626552,1.777422133,1.777059515
0.19632060,1.776158762,1.775155858
0.19637569,1.776782710,1.778360958
0.19643077,1.778207903,1.778128483
0.19648586,1.778292443,1.778471621
0.19654094,1.778214972,1.777846403
0.19659602,1.780210631,1.782516282
0.19665111,1.783196686,1.783941087
0.19670619,1.785023178,1.786112884
0.19676128,1.786828846,1.787428570
0.19681636,1.790786172,1.794084389
0.19687145,1.795745105,1.797473146
0.19692653,1.799475692,1.801494715
0.19698161,1.803011000,1.804425969
0.19703670,1.808409301,1.812353312
0.19709178,1.814423715,1.816585776
0.19714687,1.818743533,1.820946031
0.19720195,1.822328393,1.823640379
0.19725704,1.827188242,1.830727867
0.19731212,1.832075616,1.833544114
0.19736721,1.834718733,1.835964117
0.19742229,1.836136846,1.836260811
0.19747737,1.838425692,1.840597586
0.19753246,1.840459584,1.840450284
0.19758754,1.840104824,1.839831376
0.19764263,1.838507449,1.837129912
0.19769771,1.837878902,1.838624044
0.19775280,1.837206865,1.835902437
0.19780788,1.834452250,1.833055142
0.19786296,1.830816093,1.828503179
0.19791805,1.828534330,1.828540664
0.19797313,1.826607258,1.824765855
0.19802822,1.822989920,1.821248203
0.19808330,1.818846628,1.816355100
0.19813839,1.816360980,1.816328367
0.19819347,1.814487569,1.812727397
0.19824855,1.811137104,1.809572603
0.19830364,1.807417800,1.805167579
0.19835872,1.805458091,1.805706549
0.19841381,1.804176998,1.802725808
0.19846889,1.801460223,1.800219813
0.19852398,1.798384805,1.796455290
0.19857906,1.797051180,1.797606419
0.19863415,1.796369527,1.795212395
0.19868923,1.794225098,1.793264885
0.19874431,1.791685143,1.790013392
0.19879940,1.790839753,1.791627718
0.19885448,1.790604032,1.789661811
0.19890957,1.788873033,1.788113164
0.19896465,1.786711549,1.785220073
0.19901974,1.786204197,1.787151676
0.19907482,1.786273864,1.785478641
0.19912990,1.784826826,1.784205132
0.19918499,1.782925937,1.781558425
0.19924007,1.782650238,1.783706581
0.19929516,1.782929811,1.782236218
0.19935024,1.781681370,1.781157358
0.19940533,1.779965117,1.778685635
0.19946041,1.779853907,1.780987448
0.19951549,1.780284521,1.779664935
0.19957058,1.779183895,1.778733967
0.19962566,1.777609886,1.776399158
0.19968075,1.777630064,1.778826414
0.19973583,1.778189455,1.777635310
0.19979092,1.777227703,1.776850599
0.19984600,1.775804069,1.774670333
0.19990109,1.775985991,1.777265770
0.19995617,1.776733346,1.776281287
0.20001125,1.776006672,1.775759524
0.20006634,1.774876373,1.773902462
0.20012142,1.775420541,1.776897845
0.20017651,1.776624848,1.776425659
0.20023159,1.776480672,1.776555604
0.20028668,1.776076947,1.775499305
0.20034176,1.777505098,1.779460760
0.20039684,1.779772124,1.780146980
0.20045193,1.780886392,1.781635700
0.20050701,1.781930297,1.782117145
0.20056210,1.784971113,1.787767650
0.20061718,1.788987299,1.790265339
0.20067227,1.791943817,1.793630913
0.20072735,1.794849360,1.795963662
0.20078243,1.799678531,1.803344388
0.20083752,1.805318220,1.807363736
0.20089260,1.809640292,1.811944164
0.20094769,1.813551095,1.815077614
0.20100277,1.818931258,1.822762954
0.20105786,1.824606043,1.826549567
0.20111294,1.828416237,1.830339640
0.20116803,1.831257129,1.832122705
0.20122311,1.835029239,1.837938993
0.20127819,1.838622873,1.839427283
0.20133328,1.839975690,1.840595362
0.20138836,1.840089142,1.839539516
0.20144345,1.840979034,1.842423431
0.20149853,1.841665638,1.841023308
0.20155362,1.840212984,1.839463559
0.20160870,1.837721870,1.835922427
0.20166378,1.836283132,1.836631025
0.20171887,1.834979447,1.833423431
0.20177395,1.831914906,1.830447106
0.20182904,1.828194203,1.825864430
0.20188412,1.825887795,1.825880530
0.20193921,1.824053274,1.822305471
0.20199429,1.820761251,1.819244365
0.20204937,1.817064418,1.814797271
0.20210446,1.814975791,1.815115701
0.20215954,1.813508761,1.811975218
0.20221463,1.810697046,1.809442414
0.20226971,1.807550474,1.805569670
0.20232480,1.806042615,1.806476418
0.20237988,1.805165869,1.803928771
0.20243496,1.802942475,1.801980701
0.20249005,1.800364666,1.798661642
0.20254513,1.799389878,1.800080907
0.20260022,1.799009725,1.798013629
0.20265530,1.797251644,1.796516040
0.20271039,1.795103477,1.793606145
0.20276547,1.794516455,1.795391465
0.20282056,1.794488405,1.793661787
0.20287564,1.793056597,1.792479211
0.20293072,1.791207378,1.789852477
0.20298581,1.790887335,1.791888249
0.20304089,1.791101019,1.790391044
0.20309598,1.789895396,1.789428457
0.20315106,1.788254865,1.786999420
0.20320615,1.788120703,1.789208960
0.20326123,1.788503351,1.787875418
0.20331631,1.787458594,1.787071030
0.20337140,1.785968113,1.784784242
0.20342648,1.785967185,1.787117739
0.20348157,1.786471433,1.785902976
0.20353665,1.785544808,1.785216233
0.20359174,1.784165774,1.783035065
0.20364682,1.784263188,1.785459385
0.20370190,1.784857407,1.784333301
0.20375699,1.784020145,1.783736778
0.20381207,1.782726363,1.781636276
0.20386716,1.782898267,1.784128685
0.20392224,1.783560678,1.783070470
0.20397733,1.782792812,1.782545051
0.20403241,1.781565973,1.780507718
0.20408750,1.781795603,1.783052195
0.20414258,1.782510819,1.782047105
0.20419766,1.781798178,1.781579196
0.20425275,1.780625274,1.779592610
0.20430783,1.780900781,1.782177881
0.20436292,1.781658083,1.781215749
0.20441800,1.780991102,1.780796376
0.20447309,1.779863928,1.778853084
0.20452817,1.780178853,1.781473655
0.20458325,1.780974063,1.780551577
0.20463834,1.780351702,1.780181492
0.20469342,1.779273759,1.778287636
0.20474851,1.779638199,1.780957414
0.20480359,1.780490830,1.780100309
0.20485868,1.779945879,1.779819903
0.20491376,1.778968439,1.778037290
0.20496884,1.779458798,1.780846856
0.20502393,1.780478451,1.780182853
0.20507901,1.780163124,1.780167874
0.20513410,1.779491478,1.778730770
0.20518918,1.780376839,1.781983508
0.20524427,1.781906121,1.781894042
0.20529935,1.782243750,1.782609557
0.20535444,1.782384769,1.782066817
0.20540952,1.784251683,1.786387614
0.20546460,1.786943983,1.787555793
0.20551969,1.788631197,1.789713776
0.20557477,1.790289349,1.790764815
0.20562986,1.793802990,1.796787605
0.20568494,1.798226887,1.799720009
0.20574003,1.801671681,1.803633330
0.20579511,1.805029003,1.806332554
0.20585019,1.810085213,1.813797181
0.20590528,1.815802569,1.817879240
0.20596036,1.820204821,1.822562414
0.20601545,1.824097154,1.825565615
0.20607053,1.829195464,1.832812365
0.20612562,1.834427741,1.836142244
0.20618070,1.837816938,1.839550438
0.20623578,1.840189629,1.840786814
0.20629087,1.843311636,1.845843242
0.20634595,1.846198524,1.846666825
0.20640104,1.846984303,1.847368541
0.20645612,1.846608364,1.845808217
0.20651121,1.846949222,1.848092875
0.20656629,1.847139184,1.846288733
0.20662138,1.845417909,1.844600010
0.20667646,1.842800411,1.840944364
0.20673154,1.841214714,1.841469311
0.20678663,1.839828612,1.838271857
0.20684171,1.836897131,1.835556761
0.20689680,1.833420474,1.831210934
0.20695188,1.831293110,1.831344541
0.20700697,1.829648244,1.828022876
0.20706205,1.826702692,1.825406501
0.20711713,1.823406084,1.821324839
0.20717222,1.821600658,1.821840202
0.20722730,1.820381192,1.818989159
0.20728239,1.817934304,1.816901290
0.20733747,1.815175584,1.813368553
0.20739256,1.813916692,1.814428856
0.20744764,1.813237767,1.812114281
0.20750272,1.811318866,1.810546557
0.20755781,1.809063468,1.807500957
0.20761289,1.808271802,1.809008528
0.20766798,1.808025174,1.807110943
0.20772306,1.806509557,1.805932930
0.20777815,1.804625772,1.803241118
0.20783323,1.804169406,1.805065210
0.20788832,1.804227449,1.803459962
0.20794340,1.802994571,1.802555138
0.20799848,1.801370494,1.800109790
0.20805357,1.801146823,1.802152522
0.20810865,1.801416217,1.800750872
0.20816374,1.800381622,1.800039091
0.20821882,1.798941087,1.797768057
0.20827391,1.798881579,1.799964550
0.20832899,1.799300666,1.798708101
0.20838407,1.798408820,1.798136731
0.20843916,1.797101784,1.795992584
0.20849424,1.797161315,1.798300048
0.20854933,1.797689323,1.797150073
0.20860441,1.796903283,1.796683974
0.20865950,1.795696227,1.794634835
0.20871458,1.795844367,1.797024309
0.20876966,1.796453601,1.795954399
0.20882475,1.795748079,1.795569414
0.20887983,1.794617889,1.793593222
0.20893492,1.794833516,1.796044535
0.20899000,1.795504622,1.795036162
0.20904509,1.794861814,1.794715222
0.20910017,1.793792112,1.792796295
0.20915525,1.794060173,1.795295029
0.20921034,1.794779276,1.794334869
0.20926542,1.794186340,1.794065615
0.20932051,1.793165240,1.792192544
0.20937559,1.793474759,1.794728162
0.20943068,1.794231690,1.793806421
0.20948576,1.793679155,1.793579709
0.20954085,1.792697849,1.791744018
0.20959593,1.793040658,1.794308666
0.20965101,1.793827818,1.793418002
0.20970610,1.793308567,1.793226940
0.20976118,1.792360401,1.791422218
0.20981627,1.792730314,1.794009936
0.20987135,1.793541921,1.793144753
0.20992644,1.793050512,1.792984053
0.20998152,1.792130378,1.791205367
0.21003660,1.792522631,1.793811562
0.21009169,1.793354220,1.792967525
0.21014677,1.792886426,1.792833068
0.21020186,1.791990339,1.791076569
0.21025694,1.792401210,1.793697649
0.21031203,1.793249282,1.792871353
0.21036711,1.792801772,1.792759883
0.21042219,1.791926583,1.791022524
0.21047728,1.792353125,1.793655645
0.21053236,1.793214902,1.792844382
0.21058745,1.792785021,1.792753295
0.21064253,1.791928208,1.791032638
0.21069762,1.792368066,1.793675527
0.21075270,1.793241327,1.792877131
0.21080779,1.792826950,1.792804341
0.21086287,1.791986507,1.791098457
0.21091795,1.792437841,1.793749363
0.21097304,1.793320912,1.792962236
0.21102812,1.792920538,1.792906334
0.21108321,1.792095243,1.791214177
0.21113829,1.792557281,1.793872594
0.21119338,1.793450051,1.793097003
0.21124846,1.793064565,1.793059462
0.21130354,1.792256906,1.791384489
0.21135863,1.792734673,1.794056941
0.21141371,1.793646012,1.793304004
0.21146880,1.793290025,1.793302786
0.21152388,1.792523097,1.791673028
0.21157897,1.793051921,1.794401886
0.21163405,1.794034283,1.793733819
0.21168913,1.793783611,1.793857937
0.21174422,1.793164296,1.792397675
0.21179930,1.793891151,1.795352087
0.21185439,1.795141508,1.794993147
0.21190947,1.795253261,1.795532066
0.21196456,1.795108174,1.794604682
0.21201964,1.796436224,1.798227428
0.21207473,1.798437083,1.798700012
0.21212981,1.799469597,1.800248604
0.21218489,1.800421048,1.800504973
0.21223998,1.803014556,1.805475426
0.21229506,1.806438810,1.807448263
0.21235015,1.809029089,1.810614637
0.21240523,1.811624080,1.812543835
0.21246032,1.815879514,1.819169140
0.21251540,1.820910959,1.822705733
0.21257048,1.824972656,1.827256146
0.21262557,1.828808961,1.830288961
0.21268065,1.833981081,1.837648072
0.21273574,1.839528659,1.841486101
0.21279082,1.843650221,1.845856983
0.21284591,1.847050149,1.848197402
0.21290099,1.851275991,1.854355100
0.21295607,1.855392992,1.856530387
0.21301116,1.857657588,1.858846155
0.21306624,1.858849619,1.858821075
0.21312133,1.860609281,1.862405995
0.21317641,1.862114550,1.861924342
0.21323150,1.861739990,1.861613212
0.21328658,1.860369589,1.859085471
0.21334167,1.859732265,1.860374891
0.21339675,1.859084577,1.857879618
0.21345183,1.856860341,1.855881208
0.21350692,1.853971679,1.852003986
0.21356200,1.852151472,1.852277442
0.21361709,1.850649609,1.849090742
0.21367217,1.847880606,1.846696212
0.21372726,1.844718352,1.842670414
0.21378234,1.842848784,1.842995888
0.21383742,1.841480799,1.840026892
0.21389251,1.838991347,1.837975994
0.21394759,1.836211923,1.834374363
0.21400268,1.834788598,1.835169548
0.21405776,1.833904335,1.832699203
0.21411285,1.831918447,1.831157854
0.21416793,1.829642181,1.828053957
0.21422301,1.828703853,1.829321709
0.21427810,1.828280952,1.827301492
0.21433318,1.826733034,1.826186233
0.21438827,1.824866004,1.823475057
0.21444335,1.824302261,1.825099087
0.21449844,1.824222724,1.823408951
0.21455352,1.822993589,1.822601219
0.21460861,1.821419798,1.820169182
0.21466369,1.821120611,1.822042932
0.21471877,1.821281894,1.820584309
0.21477386,1.820277120,1.819993823
0.21482894,1.818910378,1.817758841
0.21488403,1.818797540,1.819808007
0.21493911,1.819128902,1.818513754
0.21499420,1.818284584,1.818079877
0.21504928,1.817067205,1.815987244
0.21510436,1.817088655,1.818162444
0.21515945,1.817543056,1.816987892
0.21521453,1.816816601,1.816670134
0.21526962,1.815709976,1.814683142
0.21532470,1.815830684,1.816951047
0.21537979,1.816376273,1.815865842
0.21543487,1.815738638,1.815636486
0.21548995,1.814716252,1.813729835
0.21554504,1.814912002,1.816067324
0.21560012,1.815526609,1.815050260
0.21565521,1.814957436,1.814889804
0.21571029,1.814000581,1.813045586
0.21576538,1.814254186,1.815436201
0.21582046,1.814921981,1.814472087
0.21587554,1.814406643,1.814366472
0.21593063,1.813501798,1.812571710
0.21598571,1.813800774,1.815003467
0.21604080,1.814510204,1.814081182
0.21609588,1.814037961,1.814020055
0.21615097,1.813175150,1.812265151
0.21620605,1.813510248,1.814729151
0.21626114,1.814252710,1.813840398
0.21631622,1.813815529,1.813815987
0.21637130,1.812987253,1.812093714
0.21642639,1.813351495,1.814583236
0.21648147,1.814120479,1.813721716
0.21653656,1.813712244,1.813728094
0.21659164,1.812912773,1.812032918
0.21664673,1.813300814,1.814542804
0.21670181,1.814091311,1.813703663
0.21675689,1.813707300,1.813736237
0.21681198,1.812932190,1.812063864
0.21686706,1.813339874,1.814590100
0.21692215,1.814147980,1.813769545
0.21697723,1.813784493,1.813824708
0.21703232,1.813030250,1.812171757
0.21708740,1.813454305,1.814711181
0.21714248,1.814276938,1.813906212
0.21719757,1.813931040,1.813981095
0.21725265,1.813194884,1.812344872
0.21730774,1.813632702,1.814894964
0.21736282,1.814467401,1.814103180
0.21741791,1.814136738,1.814195474
0.21747299,1.813416430,1.812573812
0.21752808,1.813865912,1.815132541
0.21758316,1.814710689,1.814352002
0.21763824,1.814393351,1.814459829
0.21769333,1.813687072,1.812850962
0.21774841,1.814146509,1.815416678
0.21780350,1.814999744,1.814645796
0.21785858,1.814694169,1.814767614
0.21791367,1.814000422,1.813170093
0.21796875,1.814468410,1.815741439
0.21802383,1.815328773,1.814978909
0.21807892,1.815033665,1.815113435
0.21813400,1.814351208,1.813526056
0.21818909,1.814826582,1.816101906
0.21824417,1.815692960,1.815346633
0.21829926,1.815407231,1.815492785
0.21835434,1.814735011,1.813914523
0.21840942,1.815216776,1.816493913
0.21846451,1.816088211,1.815744945
0.21851959,1.815810901,1.815901753
0.21857468,1.815147964,1.814331668
0.21862976,1.815635188,1.816913676
0.21868485,1.816510735,1.816170050
0.21873993,1.816240841,1.816336473
0.21879502,1.815586115,1.814773461
0.21885010,1.816077646,1.817356891
0.21890518,1.816956016,1.816617227
0.21896027,1.816692021,1.816791615
0.21901535,1.816043706,1.815233732
0.21907044,1.816537403,1.817816251
0.21912552,1.817415981,1.817077662
0.21918061,1.817154637,1.817256410
0.21923569,1.816508704,1.815699210
0.21929077,1.816999592,1.818275328
0.21934586,1.817872220,1.817531005
0.21940094,1.817605906,1.817705695
0.21945603,1.816953002,1.816138905
0.21951111,1.817429710,1.818696171
0.21956620,1.818282645,1.817931097
0.21962128,1.817994862,1.818083767
0.21967636,1.817315385,1.816486163
0.21973145,1.817754876,1.818999744
0.21978653,1.818561286,1.818185105
0.21984162,1.818221070,1.818282658
0.21989670,1.817479690,1.816616684
0.21995179,1.817842107,1.819044430
0.22000687,1.818557503,1.818133399
0.22006196,1.818115724,1.818124390
0.22011704,1.817258826,1.816334245
0.22017212,1.817486377,1.818616352
0.22022721,1.818049197,1.817545584
0.22028229,1.817441069,1.817363748
0.22033738,1.816401367,1.815381080
0.22039246,1.816425130,1.817448009
0.22044755,1.816765748,1.816147735
0.22050263,1.815921939,1.815724119
0.22055771,1.814631484,1.813481927
0.22061280,1.814386013,1.815269727
0.22066788,1.814442525,1.813680040
0.22072297,1.813305640,1.812959715
0.22077805,1.811712453,1.810408927
0.22083314,1.811151952,1.811875051
0.22088822,1.810885310,1.809960383
0.22094330,1.809423410,1.808915027
0.22099839,1.807502856,1.806034694
0.22105347,1.806609997,1.807165446
0.22110856,1.806009934,1.804918984
0.22116364,1.804219372,1.803548146
0.22121873,1.801973858,1.800343567
0.22127381,1.800756400,1.801149213
0.22132889,1.799835189,1.798585283
0.22138398,1.797731824,1.796906403
0.22143906,1.795179872,1.793397233
0.22149415,1.793658094,1.793898721
0.22154923,1.792436841,1.791038635
0.22160432,1.790041729,1.789072555
0.22165940,1.787203586,1.785278480
0.22171449,1.785396266,1.785493712
0.22176957,1.783891687,1.782353026
0.22182465,1.781218984,1.780112519
0.22187974,1.778105895,1.776043268
0.22193482,1.776021126,1.775978714
0.22198991,1.774237979,1.772560480
0.22204499,1.771288993,1.770045111
0.22210008,1.767898809,1.765696819
0.22215516,1.765531050,1.765345256
0.22221024,1.763460464,1.761638950
0.22226533,1.760223078,1.758835003
0.22232041,1.756540584,1.754190946
0.22237550,1.753871682,1.753532786
0.22243058,1.751492691,1.749516060
0.22248567,1.747943238,1.746398540
0.22254075,1.743942199,1.741431236
0.22259583,1.740943485,1.740436619
0.22265092,1.738225063,1.736077278
0.22270600,1.734330206,1.732611701
0.22276109,1.729975041,1.727284470
0.22281617,1.726608749,1.725914546
0.22287126,1.723510946,1.721171541
0.22292634,1.719228523,1.717314634
0.22298143,1.714474857,1.711581998
0.22303651,1.710694386,1.709789044
0.22309159,1.707168312,1.704612322
0.22314668,1.702447057,1.700311612
0.22320176,1.697241186,1.694118639
0.22325685,1.692990332,1.691845184
0.22331193,1.688977168,1.686174587
0.22336702,1.683755513,1.681367099
0.22342210,1.678033011,1.674647919
0.22347718,1.673244381,1.671825057
0.22353227,1.668673608,1.665588461
0.22358735,1.662877729,1.660198677
0.22364244,1.656561310,1.652874244
0.22369752,1.651154000,1.649419223
0.22375261,1.645940887,1.642529932
0.22380769,1.639481994,1.636466981
0.22386277,1.632478600,1.628442063
0.22391786,1.626355067,1.624255043
0.22397294,1.620397317,1.616608316
0.22402803,1.613168058,1.609762251
0.22408311,1.605365004,1.600921436
0.22413820,1.598406935,1.595881222
0.22419328,1.591580254,1.587349690
0.22424837,1.583449970,1.579586579
0.22430345,1.574709851,1.569789013
0.22435853,1.566772701,1.563747395
0.22441362,1.558924940,1.554174994
0.22446870,1.549733366,1.545330400
0.22452379,1.539887295,1.534402772
0.22457887,1.530793011,1.527176987
0.22463396,1.521736332,1.516370839
0.22468904,1.511285166,1.506241071
0.22474412,1.500123680,1.493968186
0.22479921,1.489650899,1.485330744
0.22485429,1.479151191,1.473050168
0.22490938,1.467192655,1.461380406
0.22496446,1.454453352,1.447492332
0.22501955,1.442324008,1.437157096
0.22507463,1.430086383,1.423098520
0.22512971,1.416307498,1.409566441
0.22518480,1.401657953,1.393720733
0.22523988,1.387518724,1.381323589
0.22529497,1.373167330,1.365099514
0.22535005,1.357167922,1.349292374
0.22540514,1.340181727,1.331049065
0.22546022,1.323577872,1.316120620
0.22551531,1.306627306,1.297229769
0.22557039,1.287888743,1.278611727
0.22562547,1.268011251,1.257397523
0.22568056,1.248349052,1.239323814
0.22573564,1.228163122,1.217107963
0.22579073,1.206002975,1.194972600
0.22584581,1.182501406,1.170028600
0.22590090,1.158993194,1.147993454
0.22595598,1.134724289,1.121573847
0.22601106,1.108229420,1.094973963
0.22606615,1.080118978,1.065278125
0.22612123,1.051701565,1.038177595
0.22617632,1.022200696,1.006360624
0.22623140,0.990128261,0.974004590
0.22628649,0.956063645,0.938158419
0.22634157,0.921280238,0.904477903
0.22639665,0.884969869,0.865623571
0.22645174,0.845612587,0.825737252
0.22650682,0.803748774,0.781825160
0.22656191,0.760610603,0.739502857
0.22661699,0.715355615,0.691402606
0.22667208,0.666434753,0.641636567
0.22672716,0.614359897,0.587183226
0.22678225,0.560343067,0.533644897
0.22683733,0.503542123,0.473667658
0.22689241,0.442429967,0.411393924
0.22694750,0.377559701,0.343853937
0.22700258,0.310212240,0.276735460
0.22705767,0.239652381,0.202813177
0.22711275,0.164494130,0.126383728
0.22716784,0.085454331,0.044650889
0.22722292,0.003995004,-0.036508558
0.22727800,-0.080427993,-0.124125575
0.22733309,-0.169023893,-0.213742644
0.22738817,-0.260945357,-0.308054690
0.22744326,-0.354668332,-0.401161316
0.22749834,-0.450759736,-0.500161544
0.22755343,-0.550557134,-0.600785717
0.22760851,-0.653459724,-0.706034653
0.22766359,-0.758294064,-0.810405124
0.22771868,-0.866046652,-0.921440237
0.22777376,-0.978503260,-1.035325192
0.22782885,-1.095491107,-1.155465377
0.22788393,-1.216180323,-1.276643473
0.22793902,-1.341754615,-1.406512970
0.22799410,-1.474016600,-1.541182661
0.22804918,-1.612625553,-1.683797685
0.22810427,-1.756414898,-1.828725350
0.22815935,-1.906106888,-1.983107439
0.22821444,-2.062998111,-2.142547278
0.22826952,-2.226293703,-2.309782808
0.22832461,-2.394506977,-2.478945166
0.22837969,-2.568232704,-2.657155358
0.22843478,-2.748868368,-2.840239265
0.22848986,-2.935945860,-3.031368577
0.22854494,-3.128476028,-3.225240548
0.22860003,-3.327630380,-3.429568729
0.22865511,-3.535363999,-3.640706619
0.22871020,-3.751653291,-3.862191913
0.22876528,-3.975754729,-4.088850221
0.22882037,-4.208830185,-4.328247885
0.22887545,-4.452564107,-4.576342494
0.22893053,-4.706437499,-4.836073955
0.22898562,-4.969042338,-5.101533035
0.22904070,-5.240776921,-5.379489287
0.22909579,-5.522548082,-5.665137525
0.22915087,-5.813126054,-5.960755948
0.22920596,-6.110513686,-6.259917014
0.22926104,-6.414674893,-6.569038390
0.22931612,-6.726263550,-6.883159956
0.22937121,-7.043994328,-7.204603975
0.22942629,-7.366006378,-7.527172370
0.22948138,-7.692574378,-7.857675620
0.22953646,-8.024822969,-8.191703300
0.22959155,-7.774495971,-7.944670353
0.22964663,-7.828365658,-7.923373275
0.22970172,-7.856764318,-8.038814350
0.22975680,-7.883894507,-8.023915339
0.22981188,-7.901273896,-8.083872088
0.22986697,-7.917137755,-8.072750505
0.22992205,-7.928474197,-8.110241085
0.22997714,-7.938773861,-8.101521992
0.23003222,-7.946667173,-8.127433427
0.23008731,-7.953863089,-8.120606745
0.23014239,-7.959650706,-8.139585420
0.23019747,-7.964953119,-8.134281143
0.23025256,-7.969369584,-8.148714921
0.23030764,-7.973436262,-8.144602452
0.23036273,-7.976913174,-8.155891025
0.23041781,-7.980130241,-8.152685921
0.23047290,-7.982936385,-8.161723196
0.23052798,-7.985544714,-8.159194175
0.23058306,-7.987855771,-8.166582618
0.23063815,-7.990013167,-8.164549128
0.23069323,-7.991948651,-8.170708985
0.23074832,-7.993762734,-8.169033806
0.23080340,-7.995406712,-8.174265100
0.23085849,-7.996953372,-8.172845780
0.23091357,-7.998366659,-8.177366350
0.23096866,-7.999700941,-8.176127331
0.23102374,-8.000928605,-8.180097444
0.23107882,-8.002091404,-8.178983522
0.23113391,-8.003167537,-8.182522401
0.23118899,-8.004189876,-8.181493564
0.23124408,-8.005140735,-8.184690766
0.23129916,-8.006046574,-8.183718247
0.23135425,-8.006892704,-8.186641648
0.23140933,-8.007700845,-8.185704945
0.23146441,-8.008458550,-8.188406420
0.23151950,-8.009183952,-8.187491090
0.23157458,-8.009866329,-8.190010607
0.23162967,-8.010521048,-8.189106622
0.23168475,-8.011138740,-8.191475219
0.23173984,-8.011732596,-8.190575756
0.23179492,-8.012294338,-8.192817728
0.23185000,-8.012835414,-8.191918283
0.23190509,-8.013348440,-8.194052794
0.23196017,-8.013843450,-8.193150525
0.23201526,-8.014313803,-8.195192815
0.23207034,-8.014768369,-8.194286064
0.23212543,-8.015201136,-8.196248351
0.23218051,-8.015620000,-8.195336293
0.23223560,-8.016019491,-8.197228456
0.23229068,-8.016406685,-8.196310840
0.23234576,-8.016776580,-8.198140936
0.23240085,-8.017135549,-8.197217899
0.23245593,-8.017479003,-8.198992556
0.23251102,-8.017812714,-8.198064487
0.23256610,-8.018132451,-8.199789212
0.23262119,-8.018443467,-8.198856655
0.23267627,-8.018741852,-8.200536064
0.23273135,-8.019032401,-8.199599646
0.23278644,-8.019311494,-8.201237645
0.23284152,-8.019583524,-8.200298029
0.23289661,-8.019845128,-8.201897958
0.23295169,-8.020100348,-8.200955808
0.23300678,-8.020346050,-8.202520549
0.23306186,-8.020585963,-8.201576507
0.23311694,-8.020817164,-8.203108570
0.23317203,-8.021043101,-8.202163240
0.23322711,-8.021261042,-8.203664832
0.23328220,-8.021474185,-8.202718772
0.23333728,-8.021679970,-8.204191852
0.23339237,-8.021881370,-8.203245569
0.23344745,-8.022075984,-8.204691890
0.23350254,-8.022266581,-8.203745838
0.23355762,-8.022450906,-8.205166980
0.23361270,-8.022631543,-8.204221559
0.23366779,-8.022806370,-8.205618957
0.23372287,-8.022977804,-8.204674516
0.23377796,-8.023143845,-8.206049483
0.23383304,-8.023306758,-8.205106323
0.23388813,-8.023464657,-8.206460066
0.23394321,-8.023619667,-8.205518443
0.23399829,-8.023770005,-8.206852079
0.23405338,-8.023917670,-8.205912204
0.23410846,-8.024060976,-8.207226770
0.23416355,-8.024201804,-8.206288817
0.23421863,-8.024338557,-8.207585281
0.23427372,-8.024473011,-8.206649389
0.23432880,-8.024603649,-8.207928657
0.23438388,-8.024732149,-8.206994933
0.23443897,-8.024857071,-8.208257856
0.23449405,-8.024980002,-8.207326378
0.23454914,-8.025099574,-8.208573756
0.23460422,-8.025217289,-8.207644577
0.23465931,-8.025331846,-8.208877166
0.23471439,-8.025444669,-8.207950318
0.23476947,-8.025554518,-8.209168832
0.23482456,-8.025662747,-8.208244324
0.23487964,-8.025768171,-8.209449440
0.23493473,-8.025872079,-8.208527267
0.23498981,-8.025973340,-8.209719625
0.23504490,-8.026073180,-8.208799764
0.23509998,-8.026170518,-8.209979973
0.23515507,-8.026266523,-8.209062390
0.23521015,-8.026360161,-8.210231027
0.23526523,-8.026452546,-8.209315677
0.23532032,-8.026542690,-8.210473291
0.23537540,-8.026631657,-8.209560118
0.23543049,-8.026718498,-8.210707230
0.23548557,-8.026804231,-8.209796173
0.23554066,-8.026887947,-8.210933280
0.23559574,-8.026970620,-8.210024267
0.23565082,-8.027051375,-8.211151841
0.23570591,-8.027131147,-8.210244799
0.23576099,-8.027209096,-8.211363290
0.23581608,-8.027286116,-8.210458139
0.23587116,-8.027361401,-8.211567976
0.23592625,-8.027435810,-8.210664634
0.23598133,-8.027508566,-8.211766225
0.23603641,-8.027580493,-8.210864607
0.23609150,-8.027650843,-8.211958340
0.23614658,-8.027720410,-8.211058360
0.23620167,-8.027788473,-8.212144605
0.23625675,-8.027855793,-8.211246177
0.23631184,-8.027921677,-8.212325287
0.23636692,-8.027986858,-8.211428322
0.23642201,-8.028050666,-8.212500635
0.23647709,-8.028113807,-8.211605045
0.23653217,-8.028175635,-8.212670881
0.23658726,-8.028236830,-8.211776581
0.23664234,-8.028296768,-8.212836245
0.23669743,-8.028356106,-8.211943149
0.23675251,-8.028414240,-8.212996933
0.23680760,-8.028471803,-8.212104956
0.23686268,-8.028528212,-8.213153138
0.23691776,-8.028584079,-8.212262199
0.23697285,-8.028638839,-8.213305044
0.23702793,-8.028693083,-8.212415062
0.23708302,-8.028746264,-8.213452823
0.23713810,-8.028798955,-8.212563719
0.23719319,-8.028850625,-8.213596637
0.23724827,-8.028901828,-8.212708336
0.23730335,-8.028952050,-8.213736642
0.23735844,-8.029001827,-8.212849069
0.23741352,-8.029050660,-8.213872981
0.23746861,-8.029099070,-8.212986067
0.23752369,-8.029146571,-8.214005795
0.23757878,-8.029193669,-8.213119470
0.23763386,-8.029239892,-8.214135214
0.23768895,-8.029285731,-8.213249413
0.23774403,-8.029330726,-8.214261364
0.23779911,-8.029375354,-8.213376022
0.23785420,-8.029419171,-8.214384363
0.23790928,-8.029462636,-8.213499421
0.23796437,-8.029505318,-8.214504324
0.23801945,-8.029547666,-8.213619724
0.23807454,-8.029589257,-8.214621356
0.23812962,-8.029630529,-8.213737042
0.23818470,-8.029671071,-8.214735562
0.23823979,-8.029711307,-8.213851482
0.23829487,-8.029750838,-8.214847041
0.23834996,-8.029790078,-8.213963144
0.23840504,-8.029828636,-8.214955887
0.23846013,-8.029866914,-8.214072126
0.23851521,-8.029904535,-8.215062191
0.23857029,-8.029941887,-8.214178520
0.23862538,-8.029978603,-8.215166039
0.23868046,-8.030015063,-8.214282416
0.23873555,-8.030050907,-8.215267515
0.23879063,-8.030086506,-8.214383899
0.23884572,-8.030121508,-8.215366698
0.23890080,-8.030156276,-8.214483051
0.23895589,-8.030190465,-8.215463666
0.23901097,-8.030224430,-8.214579951
0.23906605,-8.030257836,-8.215558492
0.23912114,-8.030291025,-8.214674676
0.23917622,-8.030323673,-8.215651248
0.23923131,-8.030356113,-8.214767297
0.23928639,-8.030388028,-8.215742002
0.23934148,-8.030419744,-8.214857887
0.23939656,-8.030450951,-8.215830820
0.23945164,-8.030481967,-8.214946511
0.23950673,-8.030512489,-8.215917765
0.23956181,-8.030542828,-8.215033237
0.23961690,-8.030572687,-8.216002899
0.23967198,-8.030602370,-8.215118126
0.23972707,-8.030631588,-8.216086281
0.23978215,-8.030660637,-8.215201239
0.23983723,-8.030689233,-8.216167967
0.23989232,-8.030717667,-8.215282635
0.23994740,-8.030745662,-8.216248014
0.24000249,-8.030773501,-8.215362370
0.24005757,-8.030800913,-8.216326475
0.24011266,-8.030828176,-8.215440500
0.24016774,-8.030855022,-8.216403400
0.24022283,-8.030881726,-8.215517076
0.24027791,-8.030908025,-8.216478839
0.24033299,-8.030934186,-8.215592149
0.24038808,-8.030959954,-8.216552841
0.24044316,-8.030985590,-8.215665770
0.24049825,-8.031010842,-8.216625452
0.24055333,-8.031035968,-8.215737984
0.24060842,-8.031060720,-8.216696717
0.24066350,-8.031085351,-8.215808839
0.24071858,-8.031109618,-8.216766679
0.24077367,-8.031133767,-8.215878378
0.24082875,-8.031157563,-8.216835380
0.24088384,-8.031181246,-8.215946645
0.24093892,-8.031204584,-8.216902862
0.24099401,-8.031227814,-8.216013681
0.24104909,-8.031250707,-8.216969162
0.24110417,-8.031273496,-8.216079526
0.24115926,-8.031295957,-8.217034320
0.24121434,-8.031318318,-8.216144219
0.24126943,-8.031340359,-8.217098373
0.24132451,-8.031362304,-8.216207798
0.24137960,-8.031383937,-8.217161355
0.24143468,-8.031405476,-8.216270298
0.24148976,-8.031426712,-8.217223301
0.24154485,-8.031447858,-8.216331756
0.24159993,-8.031468707,-8.217284245
0.24165502,-8.031489470,-8.216392204
0.24171010,-8.031509944,-8.217344220
0.24176519,-8.031530334,-8.216451677
0.24182027,-8.031550442,-8.217403256
0.24187536,-8.031570469,-8.216510205
0.24193044,-8.031590220,-8.217461384
0.24198552,-8.031609895,-8.216567820
0.24204061,-8.031629299,-8.217518633
0.24209569,-8.031648630,-8.216624551
0.24215078,-8.031667696,-8.217575031
0.24220586,-8.031686692,-8.216680427
0.24226095,-8.031705429,-8.217630607
0.24231603,-8.031724098,-8.216735477
0.24237111,-8.031742515,-8.217685386
0.24242620,-8.031760866,-8.216789726
0.24248128,-8.031778970,-8.217739394
0.24253637,-8.031797011,-8.216843202
0.24259145,-8.031814811,-8.217792656
0.24264654,-8.031832549,-8.216895928
0.24270162,-8.031850052,-8.217845197
0.24275670,-8.031867496,-8.216947930
0.24281179,-8.031884709,-8.217897038
0.24286687,-8.031901865,-8.216999232
0.24292196,-8.031918796,-8.217948204
0.24297704,-8.031935672,-8.217049854
0.24303213,-8.031952327,-8.217998715
0.24308721,-8.031968929,-8.217099821
0.24314230,-8.031985315,-8.218048592
0.24319738,-8.032001650,-8.217149152
0.24325246,-8.032017774,-8.218097856
0.24330755,-8.032033848,-8.217197868
0.24336263,-8.032049716,-8.218146526
0.24341772,-8.032065536,-8.217245989
0.24347280,-8.032081153,-8.218194621
0.24352789,-8.032096725,-8.217293533
0.24358297,-8.032112097,-8.218242159
0.24363805,-8.032127426,-8.217340520
0.24369314,-8.032142560,-8.218289157
0.24374822,-8.032157652,-8.217386967
0.24380331,-8.032172553,-8.218335633
0.24385839,-8.032187413,-8.217432891
0.24391348,-8.032202087,-8.218381603
0.24396856,-8.032216721,-8.217478308
0.24402364,-8.032231171,-8.218427083
0.24407873,-8.032245584,-8.217523233
0.24413381,-8.032259817,-8.218472086
0.24418890,-8.032274013,-8.217567683
0.24424398,-8.032288034,-8.218516629
0.24429907,-8.032302019,-8.217611673
0.24435415,-8.032315831,-8.218560726
0.24440924,-8.032329610,-8.217655215
0.24446432,-8.032343218,-8.218604389
0.24451940,-8.032356795,-8.217698323
0.24457449,-8.032370205,-8.218647631
0.24462957,-8.032383583,-8.217741012
0.24468466,-8.032396799,-8.218690467
0.24473974,-8.032409984,-8.217783293
0.24479483,-8.032423009,-8.218732906
0.24484991,-8.032436005,-8.217825179
0.24490499,-8.032448843,-8.218774961
0.24496008,-8.032461654,-8.217866680
0.24501516,-8.032474310,-8.218816644
0.24507025,-8.032486940,-8.217907810
0.24512533,-8.032499417,-8.218857965
0.24518042,-8.032511869,-8.217948578
0.24523550,-8.032524172,-8.218898934
0.24529058,-8.032536450,-8.217988994
0.24534567,-8.032548582,-8.218939562
0.24540075,-8.032560690,-8.218029070
0.24545584,-8.032572654,-8.218979858
0.24551092,-8.032584596,-8.218068814
0.24556601,-8.032596396,-8.219019832
0.24562109,-8.032608174,-8.218108236
0.24567618,-8.032619813,-8.219059492
0.24573126,-8.032631432,-8.218147346
0.24578634,-8.032642914,-8.219098848
0.24584143,-8.032654375,-8.218186151
0.24589651,-8.032665703,-8.219137907
0.24595160,-8.032677011,-8.218224661
0.24600668,-8.032688187,-8.219176677
0.24606177,-8.032699345,-8.218262883
0.24611685,-8.032710373,-8.219215168
0.24617193,-8.032721383,-8.218300825
0.24622702,-8.032732266,-8.219253385
0.24628210,-8.032743132,-8.218338496
0.24633719,-8.032753872,-8.219291337
0.24639227,-8.032764596,-8.218375902
0.24644736,-8.032775197,-8.219329031
0.24650244,-8.032785782,-8.218413050
0.24655752,-8.032796245,-8.219366473
0.24661261,-8.032806694,-8.218449947
0.24666769,-8.032817024,-8.219403670
0.24672278,-8.032827339,-8.218486601
0.24677786,-8.032837536,-8.219440629
0.24683295,-8.032847720,-8.218523018
0.24688803,-8.032857789,-8.219477355
0.24694312,-8.032867844,-8.218559203
0.24699820,-8.032877786,-8.219513856
0.24705328,-8.032887715,-8.218595164
0.24710837,-8.032897532,-8.219550137
0.24716345,-8.032907337,-8.218630905
0.24721854,-8.032917032,-8.219586203
0.24727362,-8.032926716,-8.218666434
0.24732871,-8.032936291,-8.219622061
0.24738379,-8.032945856,-8.218701755
0.24743887,-8.032955313,-8.219657715
0.24749396,-8.032964761,-8.218736874
0.24754904,-8.032974103,-8.219693172
0.24760413,-8.032983435,-8.218771797
0.24765921,-8.032992664,-8.219728436
0.24771430,-8.033001884,-8.218806528
0.24776938,-8.033011001,-8.219763512
0.24782446,-8.033020110,-8.218841073
0.24787955,-8.033029118,-8.219798406
0.24793463,-8.033038118,-8.218875438
0.24798972,-8.033047019,-8.219833122
0.24804480,-8.033055912,-8.218909626
0.24809989,-8.033064707,-8.219867665
0.24815497,-8.033073495,-8.218943642
0.24821005,-8.033082187,-8.219902040
0.24826514,-8.033090872,-8.218977492
0.24832022,-8.033099462,-8.219936251
0.24837531,-8.033108045,-8.219011180
0.24843039,-8.033116535,-8.219970303
0.24848548,-8.033125019,-8.219044710
0.24854056,-8.033133411,-8.220004200
0.24859565,-8.033141797,-8.219078087
0.24865073,-8.033150092,-8.220037946
0.24870581,-8.033158382,-8.219111315
0.24876090,-8.033166583,-8.220071546
0.24881598,-8.033174778,-8.219144399
0.24887107,-8.033182885,-8.220105004
0.24892615,-8.033190987,-8.219177342
0.24898124,-8.033199003,-8.220138324
0.24903632,-8.033207014,-8.219210149
0.24909140,-8.033214939,-8.220171509
0.24914649,-8.033222860,-8.219242823
0.24920157,-8.033230697,-8.220204565
0.24925666,-8.033238530,-8.219275370
0.24931174,-8.033246280,-8.220237493
0.24936683,-8.033254026,-8.219307791
0.24942191,-8.033261690,-8.220270300
0.24947699,-8.033269350,-8.219340093
0.24953208,-8.033276930,-8.220302987
0.24958716,-8.033284507,-8.219372277
0.24964225,-8.033292004,-8.220335559
0.24969733,-8.033299497,-8.219404348
0.24975242,-8.033306913,-8.220368020
0.24980750,-8.033314325,-8.219436309
0.24986259,-8.033321661,-8.220400372
0.24991767,-8.033328993,-8.219468164
0.24997275,-8.033336250,-8.220432618
0.25002784,-8.033343504,-8.219499911
0.25008292,-8.033350682,-8.220464755
0.25013801,-8.033357859,-8.219531539
0.25019309,-8.033364961,-8.220496759
0.25024818,-8.033372061,-8.219562998
0.25030326,-8.033379088,-8.220528544
0.25035834,-8.033386114,-8.219594144
0.25041343,-8.033393067,-8.220559873
0.25046851,-8.033400019,-8.219624591
0.25052360,-8.033406899,-8.220590164
0.25057868,-8.033413777,-8.219653462
0.25063377,-8.033420586,-8.220618046
0.25068885,-8.033427393,-8.219678813
0.25074393,-8.033434130,-8.220640658
0.25079902,-8.033440866,-8.219696824
0.25085410,-8.033447532,-8.220652360
0.25090919,-8.033454198,-8.219700144
0.25096427,-8.033460794,-8.220643092
0.25101936,-8.033467388,-8.219676105
0.25107444,-8.033473914,-8.220595069
0.25112953,-8.033480436,-8.219602186
0.25118461,-8.033486889,-8.220479280
0.25123969,-8.033493336,-8.219442743
0.25129478,-8.033499712,-8.220246180
0.25134986,-8.033506079,-8.219134965
0.25140495,-8.033512371,-8.219818946
0.25146003,-8.033518649,-8.218585815
0.25151512,-8.033524847,-8.219096358
0.25157020,-8.033531022,-8.217647763
0.25162528,-8.033537107,-8.217909862
0.25168037,-8.033543159,-8.216119201
0.25173545,-8.033549107,-8.216036844
0.25179054,-8.033555005,-8.213770281
0.25184562,-8.033560778,-8.213112520
0.25190071,-8.033566475,-8.210176509
0.25195579,-8.033572022,-8.208671670
0.25201087,-8.033577460,-8.204838233
0.25206596,-8.033582700,-8.202269059
0.25212104,-8.033587787,-8.196828209
0.25217613,-8.033592610,-8.192740440
0.25223121,-8.033597222,-8.185085938
0.25228630,-8.033601497,-8.179052213
0.25234138,-8.033605497,-8.168923836
0.25239647,-8.033609027,-8.160673256
0.25245155,-8.033612177,-8.146090779
0.25250663,-8.033614710,-8.134267402
0.25256172,-8.033616733,-8.114744105
0.25261680,-8.033618008,-8.098510562
0.25267189,-8.033618637,-8.074605431
0.25272697,-8.033618170,-8.053830913
0.25278206,-8.033616772,-8.018606609
0.25283714,-8.033613972,-7.988673878
0.25289222,-8.033609934,-7.943786745
0.25294731,-8.033604297,-7.904468279
0.25300239,-8.033597146,-7.854008335
0.25305748,-8.033587228,-7.806973887
0.25311256,-8.033574868,-7.721468842
0.25316765,-8.033559209,-7.648214276
0.25322273,-8.033540323,-7.550915489
0.25327781,-8.033517914,-7.459587733
0.25333290,-8.033491648,-7.363778787
0.25338798,-8.033461738,-7.263684338
0.25344307,-8.033422780,-7.176221992
0.25349815,-8.033376576,-6.946575045
0.25355324,-8.033320320,-6.786127341
0.25360832,-8.033254935,-6.572637244
0.25366341,-8.033178635,-6.410547927
0.25371849,-8.033090941,-6.234471260
0.25377357,-8.032990676,-6.082016560
0.25382866,-8.032848609,-5.941178319
0.25388374,-8.032666814,-5.296364906
0.25393883,-8.032439204,-4.870418301
0.25399391,-8.032154577,-4.527539509
0.25404900,-8.031804512,-4.231980552
0.25410408,-8.031357873,-4.063713487
0.25415916,-8.030396641,-3.835653421
0.25421425,-8.028463429,-1.266150556
0.25426933,-8.024577932,0.357373280
0.25432442,-8.010696468,0.259137647
0.25437950,9.113459157,17.919200454
0.25443459,26.692400646,35.884652733
0.25448967,36.254562237,37.097754239
0.25454475,37.269757136,37.469621998
0.25459984,37.800811414,38.114625524
0.25465492,38.648336139,39.178330960
0.25471001,39.541839816,39.926252025
0.25476509,40.049578134,40.182408195
0.25482018,40.398742231,40.602579142
0.25487526,40.974337042,41.344612089
0.25493034,41.557783573,41.789793747
0.25498543,41.794530634,41.806870199
0.25504051,41.906814515,41.994373797
0.25509560,42.244660682,42.492315787
0.25515068,42.614683220,42.752245915
0.25520577,42.706326234,42.665271218
0.25526085,42.723068411,42.768202467
0.25531594,42.970912362,43.170456932
0.25537102,43.262628588,43.367903553
0.25542610,43.315060665,43.265642306
0.25548119,43.318724144,43.358933067
0.25553627,43.558812090,43.753979079
0.25559136,43.874175038,44.003912372
0.25564644,44.017348831,44.031229585
0.25570153,44.166834398,44.288130101
0.25575661,44.580473762,44.866227453
0.25581169,45.105698904,45.352203466
0.25586678,45.504009892,45.656134008
0.25592186,45.907120205,46.147588425
0.25597695,46.500406782,46.852371999
0.25603203,47.096307448,47.352984428
0.25608712,47.457188010,47.567063631
0.25614220,47.722685788,47.871593889
0.25619728,48.109752009,48.347194515
0.25625237,48.499904268,48.662408661
0.25630745,48.710604660,48.761948842
0.25636254,48.871486166,48.974175039
0.25641762,49.155501467,49.336966140
0.25647271,49.427061323,49.527123309
0.25652779,49.516633500,49.508728835
0.25658288,49.567926280,49.618870518
0.25663796,49.770455267,49.919361518
0.25669304,50.014479653,50.116315215
0.25674813,50.136525421,50.157800489
0.25680321,50.247319387,50.328922529
0.25685830,50.503462528,50.675136886
0.25691338,50.806699663,50.942749772
0.25696847,51.031258760,51.117673687
0.25702355,51.303637645,51.479474829
0.25707863,51.761215647,52.040039031
0.25713372,52.263599250,52.494867097
0.25718880,52.622442341,52.754820403
0.25724389,52.896652521,53.036666687
0.25729897,53.200994679,53.367913690
0.25735406,53.450797856,53.541582478
0.25740914,53.557743256,53.574553569
0.25746422,53.660603354,53.739046820
0.25751931,53.902566294,54.063896608
0.25757439,54.177517400,54.297554719
0.25762948,54.333531407,54.372947578
0.25768456,54.430096746,54.484783876
0.25773965,54.569570498,54.655765366
0.25779473,54.677759656,54.705690058
0.25784982,54.679657209,54.653065940
0.25790490,54.699286197,54.737826596
0.25795998,54.859774680,54.979100703
0.25801507,55.062362644,55.150722102
0.25807015,55.170787123,55.193260271
0.25812524,55.238826874,55.281431921
0.25818032,55.360062221,55.438804928
0.25823541,55.475787362,55.516256624
0.25829049,55.531633544,55.544126496
0.25834557,55.648688529,55.743953171
0.25840066,55.937276997,56.126420278
0.25845574,56.297180602,56.471875322
0.25851083,56.582960610,56.697350130
0.25856591,56.808735266,56.920649458
0.25862100,57.020125675,57.124463020
0.25867608,57.135687604,57.155240301
0.25873116,57.099571397,57.045674605
0.25878625,57.037321560,57.023204132
0.25884133,57.082225728,57.137852205
0.25889642,57.186476987,57.236866788
0.25895150,57.259239820,57.281330937
0.25900659,57.340409258,57.396155446
0.25906167,57.480869690,57.566271316
0.25911676,57.604838353,57.647524246
0.25917184,57.656176448,57.663319796
0.25922692,57.742614822,57.813968931
0.25928201,57.977183117,58.135203850
0.25933709,58.304769217,58.474798762
0.25939218,58.623816494,58.773017611
0.25944726,58.940011679,59.106556704
0.25950235,59.258933552,59.416666268
0.25955743,59.471592186,59.536375550
0.25961251,59.502017187,59.472458410
0.25966760,59.448485733,59.422076957
0.25972268,59.441282660,59.458009784
0.25977777,59.479003228,59.499687447
0.25983285,59.525230176,59.547832580
0.25988794,59.628795406,59.705345784
0.25994302,59.810161029,59.916599882
0.25999810,59.954760878,60.000462618
0.26005319,59.958718890,59.921883614
0.26010827,59.874728056,59.827169234
0.26016336,59.798427819,59.769254598
0.26021844,59.729647997,59.690293487
0.26027353,59.660400016,59.626437072
0.26032861,59.671318179,59.709283653
0.26038370,59.808460687,59.905894741
0.26043878,59.972384209,60.043466229
0.26049386,60.049666351,60.059841892
0.26054895,60.054355886,60.049904924
0.26060403,60.038231132,60.028740818
0.26065912,59.980156163,59.934219144
0.26071420,59.877109794,59.817314421
0.26076929,59.829520069,59.834617499
0.26082437,59.913594912,59.988855654
0.26087945,60.062748633,60.138462752
0.26093454,60.176860380,60.217519417
0.26098962,60.248713675,60.281461015
0.26104471,60.287834286,60.298984760
0.26109979,60.234366631,60.176347111
0.26115488,60.060346638,59.946123565
0.26120996,59.857776498,59.765986470
0.26126504,59.719433731,59.670626973
0.26132013,59.620939180,59.571975543
0.26137521,59.509980596,59.447414889
0.26143030,59.411385521,59.373266343
0.26148538,59.349558077,59.326698767
0.26154047,59.269430534,59.215181208
0.26159555,59.135657245,59.055438705
0.26165063,59.019042710,58.977990386
0.26170572,58.988918842,58.997170553
0.26176080,59.006096389,59.015902223
0.26181589,59.007015831,58.998547581
0.26187097,59.000660938,59.002522094
0.26192606,58.995690952,58.992014512
0.26198114,58.928287663,58.870209479
0.26203623,58.756822892,58.645821843
0.26209131,58.543891910,58.440488606
0.26214639,58.357790604,58.274783699
0.26220148,58.175511642,58.077977548
0.26225656,57.962321157,57.846293005
0.26231165,57.758500531,57.668029991
0.26236673,57.603598518,57.538453675
0.26242182,57.460271845,57.383355364
0.26247690,57.295233053,57.206046602
0.26253198,57.152401478,57.095703721
0.26258707,57.064514895,57.033328483
0.26264215,56.972975976,56.916232343
0.26269724,56.813774886,56.714019872
0.26275232,56.604971437,56.496881428
0.26280741,56.376238756,56.258273720
0.26286249,56.095316223,55.936351232
0.26291757,55.741626793,55.547804331
0.26297266,55.373975972,55.197873694
0.26302774,55.048377615,54.897759848
0.26308283,54.742557280,54.587767280
0.26313791,54.431189538,54.272733172
0.26319300,54.157682330,54.038586367
0.26324808,53.958918435,53.877319477
0.26330317,53.794364970,53.711958559
0.26335825,53.620757861,53.528745142
0.26341333,53.464088743,53.397110792
0.26346842,53.349199506,53.301296290
0.26352350,53.231637382,53.164506142
0.26357859,53.067174865,52.971245992
0.26363367,52.877170558,52.783393717
0.26368876,52.678922736,52.577320669
0.26374384,52.423851443,52.275565305
0.26379892,52.072240788,51.872160224
0.26385401,51.661596090,51.451675138
0.26390909,51.238100886,51.025800219
0.26396418,50.789845337,50.555726634
0.26401926,50.309626766,50.062439111
0.26407435,49.852790297,49.639339986
0.26412943,49.466995644,49.292036787
0.26418451,49.129266484,48.965492202
0.26423960,48.812208463,48.656325404
0.26429468,48.546010607,48.431623586
0.26434977,48.355118709,48.276607989
0.26440485,48.200141654,48.123865710
0.26445994,48.042658728,47.960530612
0.26451502,47.903747213,47.844972857
0.26457011,47.800309748,47.756009844
0.26462519,47.687508779,47.621833529
0.26468027,47.521851375,47.423860996
0.26473536,47.319377215,47.215858316
0.26479044,47.096724153,46.980401079
0.26484553,46.819339505,46.662410007
0.26490061,46.465941715,46.271109390
0.26495570,46.084470556,45.896457986
0.26501078,45.729120559,45.560389471
0.26506586,45.399964562,45.238431783
0.26512095,45.093993356,44.946311985
0.26517603,44.850912397,44.750995720
0.26523112,44.691093596,44.629237006
0.26528620,44.565396268,44.502614477
0.26534129,44.419580903,44.337604358
0.26539637,44.254073848,44.171208557
0.26545145,44.073959714,43.979344073
0.26550654,43.842483688,43.709587652
0.26556162,43.537776780,43.367838640
0.26561671,43.199835426,43.031357701
0.26567179,42.870410393,42.709488165
0.26572688,42.539902612,42.370948560
0.26578196,42.199431231,42.026510686
0.26583705,41.887399220,41.745106515
0.26589213,41.634560293,41.522083468
0.26594721,41.417005915,41.311394789
0.26600230,41.210853198,41.108514367
0.26605738,41.040018098,40.968554610
0.26611247,40.923966083,40.878004439
0.26616755,40.832439599,40.787065334
0.26622264,40.738445132,40.688862604
0.26627772,40.663875598,40.636785562
0.26633280,40.627766637,40.618141673
0.26638789,40.601739094,40.586163815
0.26644297,40.561211907,40.535868230
0.26649806,40.529327166,40.521195487
0.26655314,40.526292580,40.531170580
0.26660823,40.526116641,40.522147718
0.26666331,40.506601720,40.490864421
0.26671839,40.491968986,40.491634794
0.26677348,40.503413822,40.515012890
0.26682856,40.517082445,40.520167504
0.26688365,40.512754266,40.505058757
0.26693873,40.515022780,40.523471007
0.26699382,40.544848768,40.565953398
0.26704890,40.578653498,40.592291228
0.26710399,40.595830314,40.599119950
0.26715907,40.618849800,40.637227086
0.26721415,40.666265700,40.695254035
0.26726924,40.713397497,40.732730065
0.26732432,40.739068222,40.745463531
0.26737941,40.764733265,40.782979931
0.26743449,40.808601632,40.834435213
0.26748958,40.847290361,40.861511301
0.26754466,40.861184469,40.861068007
0.26759974,40.872173093,40.882397005
0.26765483,40.898735546,40.915361376
0.26770991,40.918760531,40.923525959
0.26776500,40.914011422,40.904678056
0.26782008,40.906956937,40.908280111
0.26787517,40.917012590,40.925837677
0.26793025,40.924356113,40.923919723
0.26798533,40.913075298,40.902042101
0.26804042,40.906519305,40.909669594
0.26809550,40.924121862,40.938300044
0.26815059,40.945908455,40.954266374
0.26820567,40.954498508,40.954436058
0.26826076,40.969591625,40.983546652
0.26831584,41.006263803,41.029011601
0.26837092,41.041197356,41.054570095
0.26842601,41.054515635,41.054710717
0.26848109,41.063991347,41.072622785
0.26853618,41.084718340,41.097248078
0.26859126,41.096267081,41.096649057
0.26864635,41.083065009,41.069698267
0.26870143,41.066820272,41.063073433
0.26875652,41.066174041,41.069315347
0.26881160,41.063905069,41.059384961
0.26886668,41.045792509,41.032020599
0.26892177,41.032014889,41.030904500
0.26897685,41.038169334,41.045386344
0.26903194,41.044256646,41.044054908
0.26908702,41.033669890,41.023255645
0.26914211,41.024529525,41.024883113
0.26919719,41.031895053,41.038966356
0.26925227,41.037254816,41.036480499
0.26930736,41.025784889,41.015048969
0.26936244,41.015933072,41.015924659
0.26941753,41.022016482,41.028238384
0.26947261,41.024693973,41.022214036
0.26952770,41.008053280,40.994050191
0.26958278,40.989265649,40.983790055
0.26963786,40.982703940,40.981830853
0.26969295,40.971332097,40.961808973
0.26974803,40.942465377,40.923055279
0.26980312,40.915811828,40.907552233
0.26985820,40.907646741,40.907543377
0.26991329,40.902498812,40.897998772
0.26996837,40.887963917,40.877514578
0.27002346,40.882123255,40.885498423
0.27007854,40.898777398,40.911764726
0.27013362,40.920078462,40.928994913
0.27018871,40.930674089,40.932209848
0.27024379,40.944605772,40.956247135
0.27029888,40.971809670,40.987682089
0.27035396,40.992194564,40.997948142
0.27040905,40.989781847,40.982073307
0.27046413,40.979438883,40.976495105
0.27051921,40.974193497,40.972362677
0.27057430,40.959383061,40.947494298
0.27062938,40.924857296,40.902300251
0.27068447,40.889709887,40.876301943
0.27073955,40.869367848,40.862344822
0.27079464,40.850040858,40.838322620
0.27084972,40.820433679,40.802281879
0.27090480,40.796535156,40.789811248
0.27095989,40.790349576,40.790764281
0.27101497,40.785756200,40.781381127
0.27107006,40.769913202,40.758300740
0.27112514,40.757503921,40.755875049
0.27118023,40.760094283,40.764290823
0.27123531,40.762424936,40.761227249
0.27129040,40.752878803,40.744379538
0.27134548,40.746934979,40.748602852
0.27140056,40.757132583,40.765497123
0.27145565,40.769854105,40.774660611
0.27151073,40.774865500,40.774689070
0.27156582,40.787821275,40.799872843
0.27162090,40.820514605,40.840870276
0.27167599,40.857875866,40.875363175
0.27173107,40.886659849,40.897862870
0.27178615,40.917644070,40.936910798
0.27184124,40.957408315,40.978386308
0.27189632,40.987189732,40.997327432
0.27195141,40.992241509,40.987868236
0.27200649,40.984395849,40.980993211
0.27206158,40.974615899,40.968917402
0.27211666,40.951512447,40.935212320
0.27217174,40.908377169,40.881686937
0.27222683,40.863338577,40.844285002
0.27228191,40.831167269,40.817876131
0.27233700,40.801796059,40.786037158
0.27239208,40.767091074,40.747697693
0.27244717,40.741521112,40.734260851
0.27250225,40.735857485,40.737054051
0.27255734,40.737201153,40.737542186
0.27261242,40.735543697,40.733055567
0.27266750,40.743759122,40.753403332
0.27272259,40.771362381,40.789001797
0.27277767,40.804337796,40.820055009
0.27283276,40.830563208,40.840959547
0.27288784,40.859271452,40.877114016
0.27294293,40.896007855,40.915321672
0.27299801,40.924007571,40.933870539
0.27305309,40.930191652,40.927141167
0.27310818,40.925003427,40.922926783
0.27316326,40.918121254,40.913909944
0.27321835,40.899589494,40.886222672
0.27327343,40.863813736,40.841483500
0.27332852,40.827327951,40.812465842
0.27338360,40.803837256,40.794931634
0.27343868,40.785213422,40.775614989
0.27349377,40.765015017,40.753833577
0.27354885,40.756412215,40.757861672
0.27360394,40.768595300,40.778868279
0.27365902,40.788888383,40.799090162
0.27371411,40.806173752,40.812994899
0.27376919,40.828779841,40.843968040
0.27382428,40.861942229,40.880101484
0.27387936,40.890932042,40.902603970
0.27393444,40.904453931,40.906627155
0.27398953,40.912345503,40.917875439
0.27404461,40.923293695,40.929046763
0.27409970,40.927466497,40.926635010
0.27415478,40.918068223,40.909594503
0.27420987,40.907441392,40.904841613
0.27426495,40.904729391,40.904742359
0.27432003,40.899116968,40.894138595
0.27437512,40.881739644,40.869459290
0.27443020,40.862584596,40.855352857
0.27448529,40.849686873,40.844190391
0.27454037,40.833159609,40.822707337
0.27459546,40.806288103,40.789799941
0.27465054,40.781311610,40.772168987
0.27470562,40.768330044,40.764273411
0.27476071,40.759103068,40.754096549
0.27481579,40.747355868,40.740186595
0.27487088,40.744239016,40.747375772
0.27492596,40.757975388,40.768203734
0.27498105,40.778248372,40.788439257
0.27503613,40.796158075,40.803607720
0.27509121,40.819492678,40.834797848
0.27514630,40.853165820,40.871631447
0.27520138,40.884375771,40.897825483
0.27525647,40.902555213,40.907618454
0.27531155,40.914753177,40.921866177
0.27536664,40.926837209,40.932313195
0.27542172,40.928928930,40.926447805
0.27547681,40.914447604,40.902763915
0.27553189,40.894517065,40.886022213
0.27558697,40.878962119,40.871990472
0.27564206,40.861448926,40.851273604
0.27569714,40.837582349,40.823652439
0.27575223,40.818756549,40.813115690
0.27580731,40.813643718,40.813868216
0.27586240,40.813862075,40.813988279
0.27591748,40.811967941,40.809677873
0.27597256,40.815515982,40.820767034
0.27602765,40.829652855,40.838516865
0.27608273,40.843709013,40.849374475
0.27613782,40.849170698,40.849041755
0.27619290,40.853595048,40.857838674
0.27624799,40.863465018,40.869219751
0.27630307,40.870523555,40.872327763
0.27635815,40.868538840,40.864785888
0.27641324,40.866271020,40.867391759
0.27646832,40.870477734,40.873648265
0.27652341,40.872669260,40.872183447
0.27657849,40.865908640,40.859708537
0.27663358,40.858125084,40.856219914
0.27668866,40.856068205,40.855980710
0.27674375,40.852474067,40.849348848
0.27679883,40.842124106,40.834789565
0.27685391,40.834300827,40.833261815
0.27690900,40.836553198,40.839673877
0.27696408,40.841668357,40.843872718
0.27701917,40.843149897,40.842282859
0.27707425,40.847654362,40.852598861
0.27712934,40.859768124,40.867014170
0.27718442,40.869963832,40.873449468
0.27723950,40.870304420,40.867366969
0.27729459,40.867037764,40.866579043
0.27734967,40.865861353,40.865384732
0.27740476,40.859802723,40.854763716
0.27745984,40.843885293,40.833091620
0.27751493,40.826791058,40.820141791
0.27757001,40.816015058,40.811846780
0.27762509,40.805736534,40.799876603
0.27768018,40.791117501,40.782193218
0.27773526,40.780018137,40.777296666
0.27779035,40.778963290,40.780420406
0.27784543,40.781575810,40.782834989
0.27790052,40.782601750,40.782087157
0.27795560,40.789325883,40.795930798
0.27801069,40.807727081,40.819254908
0.27806577,40.830853106,40.842558693
0.27812085,40.852210691,40.861698118
0.27817594,40.876916399,40.891748827
0.27823102,40.908475091,40.925293718
0.27828611,40.937815685,40.950893219
0.27834119,40.956823711,40.963086544
0.27839628,40.969765672,40.976528748
0.27845136,40.980749583,40.985417397
0.27850644,40.982941887,40.981212346
0.27856153,40.971355180,40.961849590
0.27861661,40.953503837,40.945094353
0.27867170,40.936647635,40.928352937
0.27872678,40.916692450,40.905394590
0.27878187,40.890253020,40.875068388
0.27883695,40.865008605,40.854528940
0.27889203,40.847465209,40.840258327
0.27894712,40.832346041,40.824586260
0.27900220,40.814632930,40.804528469
0.27905729,40.800085511,40.795197207
0.27911237,40.793681768,40.792038870
0.27916746,40.789387617,40.786921042
0.27922254,40.781882889,40.776731131
0.27927763,40.776851114,40.776543029
0.27933271,40.779683245,40.782664793
0.27938779,40.785263569,40.787970169
0.27944288,40.789113581,40.790046486
0.27949796,40.797282658,40.803988904
0.27955305,40.815247326,40.826248827
0.27960813,40.837798867,40.849386595
0.27966322,40.859903864,40.870189303
0.27971830,40.886707116,40.902699604
0.27977338,40.923250996,40.943517610
0.27982847,40.964994684,40.986397927
0.27988355,41.008521546,41.030190939
0.27993864,41.061083999,41.091117527
0.27999372,41.129789202,41.167789702
0.28004881,41.210936723,41.253722587
0.28010389,41.299027121,41.343889582
0.28015897,41.395467506,41.446652728
0.28021406,41.498682368,41.551006137
0.28026914,41.595592160,41.641188923
0.28032423,41.673210115,41.706329822
0.28037931,41.730087895,41.754812861
0.28043440,41.768429851,41.783178577
0.28048948,41.785260278,41.788482274
0.28054457,41.781011415,41.774094557
0.28059965,41.766819749,41.759515727
0.28065473,41.753131636,41.746769854
0.28070982,41.738769912,41.731042031
0.28076490,41.719343613,41.707812663
0.28081999,41.696805681,41.685895894
0.28087507,41.672017955,41.658640297
0.28093016,41.637378877,41.616963745
0.28098524,41.586926141,41.557469035
0.28104032,41.525871060,41.494426453
0.28109541,41.461928368,41.429557272
0.28115049,41.395576672,41.361719267
0.28120558,41.327316654,41.292604859
0.28126066,41.265326692,41.237343742
0.28131575,41.216562600,41.195241679
0.28137083,41.177763528,41.160036386
0.28142591,41.143811814,41.127221722
0.28148100,41.116957258,41.106174990
0.28153608,41.099653469,41.092901641
0.28159117,41.086412763,41.080006338
0.28164625,41.071756295,41.063437873
0.28170134,41.058610507,41.053503308
0.28175642,41.050547080,41.047545470
0.28181150,41.043048707,41.038803746
0.28186659,41.030899617,41.023113763
0.28192167,41.016709654,41.010217464
0.28197676,41.004000132,40.997887782
0.28203184,40.989080978,40.980594109
0.28208693,40.968323173,40.956132046
0.28214201,40.946378536,40.936375304
0.28219710,40.929102636,40.921656225
0.28225218,40.914982393,40.908280255
0.28230726,40.901641698,40.894733103
0.28236235,40.893710391,40.892138973
0.28241743,40.896039304,40.899556120
0.28247252,40.905376998,40.911092348
0.28252760,40.916793318,40.922315153
0.28258269,40.931723400,40.940842325
0.28263777,40.951847068,40.962866003
0.28269285,40.971325711,40.980174965
0.28274794,40.983438712,40.987056269
0.28280302,40.988992617,40.991119502
0.28285811,40.990771222,40.990768598
0.28291319,40.985812433,40.981371839
0.28296828,40.971312007,40.961513527
0.28302336,40.952213822,40.942807555
0.28307844,40.935145559,40.927371739
0.28313353,40.920110315,40.912828695
0.28318861,40.905698609,40.898308531
0.28324370,40.896513228,40.894171478
0.28329878,40.897590967,40.900583391
0.28335387,40.906527974,40.912300469
0.28340895,40.918786756,40.925048843
0.28346404,40.935416413,40.945448699
0.28351912,40.958162431,40.970794911
0.28357420,40.982110340,40.993686387
0.28362929,41.001131151,41.008811890
0.28368437,41.015831851,41.022924369
0.28373946,41.029024745,41.035326925
0.28379454,41.038193045,41.041451298
0.28384963,41.040068586,41.038920245
0.28390471,41.037748731,41.036553916
0.28395979,41.035784362,41.035078747
0.28401488,41.032394253,41.029984595
0.28406996,41.023877127,41.017949626
0.28412505,41.012143210,41.006314192
0.28418013,41.000739484,40.995241434
0.28423522,40.987698374,40.980412830
0.28429030,40.969920485,40.959529623
0.28434538,40.950503011,40.941289294
0.28440047,40.934630090,40.927794212
0.28445555,40.921986596,40.916129677
0.28451064,40.910435191,40.904536066
0.28456572,40.903016726,40.901047927
0.28462081,40.904049997,40.906690604
0.28467589,40.911707349,40.916606357
0.28473098,40.921610362,40.926487968
0.28478606,40.934014070,40.941314634
0.28484114,40.950495573,40.959658384
0.28489623,40.966993121,40.974638131
0.28495131,40.977570080,40.980837696
0.28500640,40.981910727,40.983178071
0.28506148,40.982471538,40.982047177
0.28511657,40.977505746,40.973411817
0.28517165,40.964182372,40.955255479
0.28522673,40.945407886,40.935565488
0.28528182,40.926563256,40.917537645
0.28533690,40.908044955,40.898646756
0.28539199,40.887852000,40.877031044
0.28544707,40.868387393,40.859486962
0.28550216,40.853747532,40.847805398
0.28555724,40.842751434,40.837702388
0.28561232,40.831698870,40.825663304
0.28566741,40.821430860,40.816990732
0.28572249,40.815033834,40.812944245
0.28577758,40.810946033,40.809027029
0.28583266,40.805393027,40.801798494
0.28588775,40.799283647,40.796614731
0.28594283,40.796059508,40.795392283
0.28599792,40.794784237,40.794243361
0.28605300,40.792301154,40.790357697
0.28610808,40.790073317,40.789556199
0.28616317,40.792274550,40.794753103
0.28621825,40.798895151,40.802934182
0.28627334,40.807565289,40.812001150
0.28632842,40.820183132,40.827931824
0.28638351,40.841019935,40.853688298
0.28643859,40.869623712,40.885347617
0.28649367,40.902210048,40.918897090
0.28654876,40.938203844,40.957260129
0.28660384,40.978771183,41.000217143
0.28665893,41.020206365,41.040499412
0.28671401,41.055716378,41.071389666
0.28676910,41.082601829,41.094224744
0.28682418,41.101571987,41.109440975
0.28687926,41.110418987,41.112128736
0.28693435,41.105425082,41.099391076
0.28698943,41.087997595,41.076984019
0.28704452,41.063475549,41.050223365
0.28709960,41.034050998,41.018168003
0.28715469,40.999285034,40.980534807
0.28720977,40.962306012,40.943900926
0.28726486,40.928756412,40.913355702
0.28731994,40.899942538,40.886405191
0.28737502,40.873513481,40.860472256
0.28743011,40.850108132,40.839411572
0.28748519,40.833001072,40.826276143
0.28754028,40.821667506,40.816945093
0.28759536,40.812485300,40.807922118
0.28765045,40.805459736,40.802701711
0.28770553,40.804085314,40.805139345
0.28776061,40.808846359,40.812350195
0.28781570,40.817541343,40.822455760
0.28787078,40.831779771,40.840541472
0.28792587,40.856825914,40.872424220
0.28798095,40.894838403,40.916636705
0.28803604,40.944625156,40.971925204
0.28809112,41.007708322,41.042586271
0.28814620,41.087958630,41.132456861
0.28820129,41.184482363,41.235968704
0.28825637,41.290951420,41.345693690
0.28831146,41.401771046,41.457825823
0.28836654,41.512554236,41.567725476
0.28842163,41.614230506,41.661871574
0.28847671,41.693836623,41.727423117
0.28853179,41.742494440,41.759328028
0.28858688,41.757580478,41.757683916
0.28864196,41.737436084,41.719100898
0.28869705,41.681249271,41.645012430
0.28875213,41.595039825,41.546023728
0.28880722,41.491230509,41.436820061
0.28886230,41.380483097,41.324194375
0.28891739,41.269194016,41.213866983
0.28897247,41.164563369,41.114481488
0.28902755,41.074888428,41.034348474
0.28908264,41.003036955,40.970946066
0.28913772,40.945876824,40.920144896
0.28919281,40.901369934,40.881870093
0.28924789,40.870559912,40.858600680
0.28930298,40.851808262,40.844640419
0.28935806,40.840082796,40.835256629
0.28941314,40.833624782,40.831559279
0.28946823,40.835490356,40.838903639
0.28952331,40.847089738,40.854862305
0.28957840,40.866581714,40.877852110
0.28963348,40.894861936,40.911165724
0.28968857,40.936650836,40.961335951
0.28974365,40.993425912,41.024929625
0.28979873,41.061135090,41.096958879
0.28985382,41.136010236,41.174765771
0.28990890,41.216205512,41.257649894
0.28996399,41.295722365,41.334389698
0.29001907,41.363467940,41.393609906
0.29007416,41.410860471,41.429317040
0.29012924,41.435237271,41.442465160
0.29018433,41.434609407,41.428220480
0.29023941,41.406231957,41.385590154
0.29029449,41.352765290,41.320788685
0.29034958,41.283645504,41.246886791
0.29040466,41.207437520,41.168156025
0.29045975,41.128294417,41.088347952
0.29051483,41.051168505,41.013499309
0.29056992,40.983548863,40.952907636
0.29062500,40.928910903,40.904366549
0.29068008,40.884556132,40.864319728
0.29073517,40.848386055,40.831935453
0.29079025,40.822021119,40.811606399
0.29084534,40.804895548,40.797952281
0.29090042,40.792017569,40.786018765
0.29095551,40.780465740,40.774740233
0.29101059,40.772231094,40.769509460
0.29106567,40.767829939,40.766141824
0.29112076,40.763480273,40.760921918
0.29117584,40.757329895,40.753681075
0.29123093,40.752343516,40.750864329
0.29128601,40.749872744,40.748914881
0.29134110,40.746663449,40.744543556
0.29139618,40.741127181,40.737670093
0.29145127,40.736463053,40.735116719
0.29150635,40.734277742,40.733467232
0.29156143,40.731456995,40.729569766
0.29161652,40.726482769,40.723335097
0.29167160,40.722782646,40.722048217
0.29172669,40.722399145,40.722709058
0.29178177,40.722733133,40.722777995
0.29183686,40.722905138,40.722820119
0.29189194,40.727293164,40.731369113
0.29194702,40.739145620,40.746605438
0.29200211,40.756996715,40.767089747
0.29205719,40.780763798,40.793890250
0.29211228,40.815087847,40.835585270
0.29216736,40.862525540,40.888955324
0.29222245,40.919451356,40.949648009
0.29227753,40.982062386,41.014180370
0.29233261,41.050183705,41.086011831
0.29238770,41.121197613,41.156644566
0.29244278,41.186883793,41.217749677
0.29249787,41.240661547,41.264202033
0.29255295,41.282553402,41.301475572
0.29260804,41.313491110,41.326186363
0.29266312,41.331564725,41.337572311
0.29271821,41.338112074,41.338852071
0.29277329,41.341277757,41.343480908
0.29282837,41.348796548,41.353764713
0.29288346,41.363052337,41.371857500
0.29293854,41.386863731,41.400998676
0.29299363,41.427519504,41.452879085
0.29304871,41.490157231,41.526355873
0.29310380,41.573170633,41.619040793
0.29315888,41.674190066,41.728336105
0.29321396,41.794161227,41.859092809
0.29326905,41.930557990,42.001681265
0.29332413,42.072817175,42.144244921
0.29337922,42.209145986,42.274724340
0.29343430,42.332198529,42.390757753
0.29348939,42.434002988,42.478965655
0.29354447,42.502720565,42.528648558
0.29359955,42.530196093,42.533870175
0.29365464,42.517477572,42.503001172
0.29370972,42.468411646,42.435677853
0.29376481,42.384290101,42.334554786
0.29381989,42.269363615,42.205233552
0.29387498,42.134863608,42.064967265
0.29393006,41.991612042,41.918483598
0.29398514,41.844267708,41.770062605
0.29404023,41.697192645,41.623859293
0.29409531,41.559303045,41.493902443
0.29415040,41.437436946,41.380146346
0.29420548,41.331172163,41.281448531
0.29426057,41.239340931,41.196289887
0.29431565,41.165570136,41.133771957
0.29437074,41.112066757,41.089505826
0.29442582,41.074595070,41.059055791
0.29448090,41.049166974,41.038547995
0.29453599,41.037701131,41.036034935
0.29459107,41.041551297,41.046499630
0.29464616,41.055932209,41.065058565
0.29470124,41.076181720,41.086948286
0.29475633,41.103219495,41.119121066
0.29481141,41.136927869,41.154717536
0.29486649,41.170598235,41.186825394
0.29492158,41.197675764,41.208882693
0.29497666,41.218004333,41.227456842
0.29503175,41.231790823,41.236711253
0.29508683,41.234251409,41.232561403
0.29514192,41.222322035,41.212615526
0.29519700,41.200564989,41.188750670
0.29525208,41.174302246,41.160107599
0.29530717,41.143199144,41.126563083
0.29536225,41.107234392,41.087864258
0.29541734,41.072341258,41.056492604
0.29547242,41.043526921,41.030344202
0.29552751,41.018679621,41.006954638
0.29558259,40.995150571,40.983115481
0.29563768,40.976174055,40.968838523
0.29569276,40.964487529,40.959940451
0.29574784,40.956319940,40.952709994
0.29580293,40.948117656,40.943369860
0.29585801,40.943063961,40.942407710
0.29591310,40.944517265,40.946426141
0.29596818,40.949628933,40.952785591
0.29602327,40.955832408,40.958617832
0.29607835,40.967227589,40.975350710
0.29613343,40.987708223,40.999739716
0.29618852,41.014166636,41.028484118
0.29624360,41.042811578,41.056922393
0.29629869,41.075651884,41.094085638
0.29635377,41.113780830,41.133510646
0.29640886,41.150877405,41.168653291
0.29646394,41.180209960,41.192166360
0.29651902,41.202024597,41.212205611
0.29657411,41.217483776,41.223307402
0.29662919,41.222423211,41.222240466
0.29668428,41.214358199,41.206854353
0.29673936,41.199545504,41.192172765
0.29679445,41.186081243,41.179791305
0.29684953,41.176529279,41.172926449
0.29690462,41.173978747,41.174164093
0.29695970,41.188415418,41.201284666
0.29701478,41.229156438,41.255601242
0.29706987,41.296886667,41.336868309
0.29712495,41.389480749,41.440697430
0.29718004,41.508528241,41.575029275
0.29723512,41.652206147,41.728688564
0.29729021,41.808269292,41.887964926
0.29734529,41.961676148,42.035975307
0.29740037,42.103523605,42.172048418
0.29745546,42.226183977,42.281929320
0.29751054,42.317800659,42.355739538
0.29756563,42.370310346,42.386772399
0.29762071,42.387310750,42.389315960
0.29767580,42.376606197,42.365197934
0.29773088,42.341343748,42.318620443
0.29778596,42.285139110,42.252244095
0.29784105,42.218311798,42.184448465
0.29789613,42.150211177,42.116005867
0.29795122,42.081428060,42.046957130
0.29800630,42.010904385,41.974668407
0.29806139,41.944178687,41.913189200
0.29811647,41.886844724,41.860104314
0.29817156,41.836853636,41.813386897
0.29822664,41.791157175,41.768521930
0.29828172,41.753358495,41.737596694
0.29833681,41.726671913,41.715405611
0.29839189,41.706139795,41.696866918
0.29844698,41.685820070,41.674687936
0.29850206,41.667275106,41.659622656
0.29855715,41.653063243,41.646483872
0.29861223,41.638996770,41.631723534
0.29866731,41.621085747,41.610442917
0.29872240,41.603568938,41.596391535
0.29877748,41.591709639,41.586831851
0.29883257,41.583407002,41.579951565
0.29888765,41.575940288,41.571643662
0.29894274,41.574212320,41.576178504
0.29899782,41.583840952,41.590991334
0.29905290,41.603070321,41.614765769
0.29910799,41.629915105,41.644352721
0.29916307,41.670703237,41.695921350
0.29921816,41.733021031,41.768974294
0.29927324,41.817061867,41.864061918
0.29932833,41.922091120,41.978707283
0.29938341,42.054272513,42.128120260
0.29943850,42.218842506,42.308090788
0.29949358,42.410973043,42.512826056
0.29954866,42.622527741,42.731331536
0.29960375,42.851000999,42.969913839
0.29965883,43.093262693,43.216442227
0.29971392,43.338139053,43.460268863
0.29976900,43.574731465,43.689684170
0.29982409,43.802151875,43.914969611
0.29987917,44.022733133,44.131035128
0.29993425,44.232882140,44.335468785
0.29998934,44.429221589,44.523470481
0.30004442,44.616412910,44.709573827
0.30009951,44.799243186,44.889340739
0.30015459,44.973636998,45.058662178
0.30020968,45.134367885,45.210615883
0.30026476,45.285157736,45.359879326
0.30031984,45.432584833,45.505417784
0.30037493,45.577690770,45.649990908
0.30043001,45.722903185,45.795220233
0.30048510,45.880112695,45.963722137
0.30054018,46.061834789,46.158529140
0.30059527,46.270384824,46.380941909
0.30065035,46.503735412,46.625103050
0.30070543,46.764189399,46.901837806
0.30076052,47.051374965,47.200063380
0.30081560,47.353934085,47.507708454
0.30087069,47.658020133,47.808538751
0.30092577,47.958005517,48.107847842
0.30098086,48.250322160,48.393704985
0.30103594,48.524870964,48.657451499
0.30109103,48.772612946,48.889119070
0.30114611,48.995064779,49.102096372
0.30120119,49.196769368,49.292643639
0.30125628,49.375515967,49.459723268
0.30131136,49.529286306,49.599796056
0.30136645,49.665593509,49.731813246
0.30142153,49.793982218,49.856468552
0.30147662,49.916400351,49.976590196
0.30153170,50.034486481,50.092069929
0.30158678,50.159208974,50.225342710
0.30164187,50.303264021,50.379948341
0.30169695,50.470930512,50.560567045
0.30175204,50.664665239,50.766916639
0.30180712,50.893946867,51.018672395
0.30186221,51.166820849,51.312861419
0.30191729,51.479246906,51.644022078
0.30197237,51.822052007,51.998688371
0.30202746,52.191060527,52.382313194
0.30208254,52.580508134,52.778414506
0.30213763,52.974513593,53.171248756
0.30219271,53.356071213,53.541891845
0.30224780,53.718536942,53.896306510
0.30230288,54.059199800,54.223655236
0.30235797,54.369818231,54.517906786
0.30241305,54.644132107,54.772001728
0.30246813,54.887719092,55.004565829
0.30252322,55.109982040,55.216393470
0.30257830,55.313437740,55.411375241
0.30263339,55.500545783,55.589985761
0.30268847,55.683253110,55.776071262
0.30274356,55.874676437,55.972651096
0.30279864,56.078064243,56.182862099
0.30285372,56.293488674,56.403153791
0.30290881,56.527474449,56.650539904
0.30296389,56.784953009,56.918466869
0.30301898,57.058923798,57.199074781
0.30307406,57.338531052,57.477857741
0.30312915,57.620515135,57.763128037
0.30318423,57.902809115,58.042981015
0.30323931,58.175217946,58.308505077
0.30329440,58.427708599,58.547926544
0.30334948,58.661152921,58.775165893
0.30340457,58.879445237,58.984717751
0.30345965,59.078600702,59.173743361
0.30351474,59.254104524,59.335442486
0.30356982,59.411490018,59.488073450
0.30362491,59.558680608,59.629836417
0.30367999,59.695364968,59.761523982
0.30373507,59.820525126,59.879702092
0.30379016,59.942922693,60.005741054
0.30384524,60.073028877,60.139848377
0.30390033,60.211962729,60.283679172
0.30395541,60.358852762,60.433232479
0.30401050,60.521260185,60.608060170
0.30406558,60.706805987,60.804512339
0.30412066,60.911658986,61.018208712
0.30417575,61.127788109,61.236835872
0.30423083,61.353970250,61.470620941
0.30428592,61.588754362,61.706992067
0.30434100,61.820908271,61.935577458
0.30439609,62.038745458,62.142676383
0.30445117,62.242333880,62.342507405
0.30450625,62.435956085,62.530082406
0.30456134,62.616470076,62.703768368
0.30461642,62.779960195,62.856784643
0.30467151,62.931787276,63.007065714
0.30472659,63.078179471,63.149763575
0.30478168,63.215327489,63.281669292
0.30483676,63.337962541,63.394766729
0.30489185,63.451343155,63.507977080
0.30494693,63.563607788,63.619319473
0.30500201,63.674195769,63.729291100
0.30505710,63.780986012,63.832536018
0.30511218,63.890978165,63.948826692
0.30516727,64.012149401,64.074978158
0.30522235,64.142492949,64.209726528
0.30527744,64.278529656,64.346701407
0.30533252,64.427048512,64.506278207
0.30538760,64.596703923,64.686106428
0.30544269,64.785454779,64.884125422
0.30549777,64.987094784,65.089373654
0.30555286,65.201819479,65.313609384
0.30560794,65.428335598,65.543076846
0.30566303,65.653787463,65.765291639
0.30571811,65.864069110,65.963732662
0.30577319,66.057773589,66.152442146
0.30582828,66.239488967,66.327227490
0.30588336,66.407997150,66.489523304
0.30593845,66.562609970,66.635975057
0.30599353,66.712423361,66.788659465
0.30604862,66.866044645,66.943441480
0.30610370,67.018946396,67.094961024
0.30615879,67.162167750,67.229880017
0.30621387,67.295993202,67.362402511
0.30626895,67.424011428,67.486097313
0.30632404,67.542816975,67.600163842
0.30637912,67.650202706,67.700371688
0.30643421,67.755734133,67.810608752
0.30648929,67.870490948,67.929928583
0.30654438,67.993363623,68.056684868
0.30659946,68.118508086,68.180107815
0.30665454,68.248130134,68.315697633
0.30670963,68.386169563,68.456410836
0.30676471,68.528392275,68.600342211
0.30681980,68.671713863,68.742553634
0.30687488,68.825816162,68.907871779
0.30692997,69.002855257,69.096626272
0.30698505,69.202550593,69.307642919
0.30704013,69.417931101,69.527509924
0.30709522,69.646559014,69.765129054
0.30715030,69.883408924,70.002089580
0.30720539,70.111736217,70.222691219
0.30726047,70.315147645,70.408969270
0.30731556,70.493070342,70.578086506
0.30737064,70.653812810,70.730247633
0.30742572,70.801317403,70.872871647
0.30748081,70.940353055,71.007582843
0.30753589,71.084803107,71.161138087
0.30759098,71.245803183,71.329853332
0.30764606,71.417771147,71.505790073
0.30770115,71.587519994,71.669648976
0.30775623,71.749586741,71.830023458
0.30781132,71.901743625,71.974392469
0.30786640,72.036012169,72.098803962
0.30792148,72.148636074,72.199015103
0.30797657,72.251784300,72.304184671
0.30803165,72.362225012,72.419611709
0.30808674,72.484984939,72.549804531
0.30814182,72.618416029,72.686321802
0.30819691,72.765271770,72.843500093
0.30825199,72.925152526,73.006769484
0.30830707,73.084957651,73.163859961
0.30836216,73.231292275,73.299340449
0.30841724,73.366523275,73.433724209
0.30847233,73.501728162,73.569432240
0.30852741,73.642922426,73.715820949
0.30858250,73.796114992,73.875060615
0.30863758,73.975493712,74.074012145
0.30869266,74.190774587,74.306098741
0.30874775,74.432322604,74.558168400
0.30880283,74.680319238,74.802826568
0.30885792,74.920963944,75.040036271
0.30891300,75.142962337,75.247705497
0.30896809,75.329879774,75.414427241
0.30902317,75.472269168,75.531921652
0.30907826,75.581388859,75.631535694
0.30913334,75.678311567,75.725051119
0.30918842,75.776362609,75.827199519
0.30924351,75.884076644,75.939833174
0.30929859,76.013354131,76.085482317
0.30935368,76.168267371,76.250486503
0.30940876,76.332617131,76.415497795
0.30946385,76.481929784,76.549898192
0.30951893,76.601628535,76.655317226
0.30957401,76.683506456,76.714266249
0.30962910,76.716229414,76.721077406
0.30968418,76.694765248,76.670713318
0.30973927,76.631232982,76.593136659
0.30979435,76.541475959,76.491127782
0.30984944,76.426212655,76.363178429
0.30990452,76.274584039,76.188498796
0.30995960,76.074099471,75.963391513
0.31001469,75.801054969,75.644833858
0.31006977,75.408739003,75.181838031
0.31012486,74.838934689,74.508030216
0.31017994,74.038320539,73.583441952
0.31023503,72.952421928,72.339728440
0.31029011,71.514750454,70.711670731
0.31034520,69.658349206,68.629593936
0.31040028,67.333307043,66.063476969
0.31045536,64.504146945,62.972724991
0.31051045,61.144657850,59.344593061
0.31056553,57.255583680,55.192142687
0.31062062,52.885449987,50.599619306
0.31067570,48.125072131,45.665293746
0.31073079,43.091603082,40.525212627
0.31078587,37.928349612,35.329918513
0.31084095,32.803847435,30.267302862
0.31089604,27.885665652,25.486280683
0.31095112,23.310119442,21.110826694
0.31100621,19.177971048,17.218121993
0.31106129,15.560538218,13.874149745
0.31111638,12.489624222,11.077086296
0.31117146,9.948454254,8.794316758
0.31122654,7.888995848,6.961071790
0.31128163,6.255777333,5.531106279
0.31133671,4.986824832,4.427060157
0.31139180,4.008263180,3.577775859
0.31144688,3.249096701,2.911449982
0.31150197,2.658272484,2.398169686
0.31155705,2.196866362,1.990800882
0.31161214,1.824050196,1.654428709
0.31166722,1.504870211,1.353350192
0.31172230,1.222491912,1.090139502
0.31177739,0.967617200,0.844485788
0.31183247,0.723419310,0.602640106
0.31188756,0.473618696,0.345029198
0.31194264,0.215739189,0.086753766
0.31199773,-0.048332527,-0.182709037
0.31205281,-0.326373370,-0.468844546
0.31210789,-0.626849004,-0.783895332
0.31216298,-0.945044429,-1.105719900
0.31221806,-1.272314646,-1.438359684
0.31227315,-1.610221115,-1.781340838
0.31232823,-1.961743381,-2.141880627
0.31238332,-2.317647775,-2.493807878
0.31243840,-2.666071155,-2.838742016
0.31249348,-3.006937064,-3.175352838
0.31254857,-3.343205247,-3.511682118
0.31260365,-3.667091078,-3.823641868
0.31265874,-3.969463401,-4.116245313
0.31271382,-4.254004746,-4.392308148
0.31276891,-4.528045395,-4.664491751
0.31282399,-4.788325608,-4.913155796
0.31287908,-5.030065711,-5.147581656
0.31293416,-5.260879673,-5.374195202
0.31298924,-5.491316532,-5.608499627
0.31304433,-5.720356342,-5.832498238
0.31309941,-5.944374068,-6.056138617
0.31315450,-6.171040612,-6.285296760
0.31320958,-6.409819699,-6.533855254
0.31326467,-6.657471434,-6.780987756
0.31331975,-6.907220450,-7.033153200
0.31337483,-7.162990823,-7.292205953
0.31342992,-7.430219761,-7.567979732
0.31348500,-7.701698735,-7.835736619
0.31354009,-7.967181025,-8.098882110
0.31359517,-7.774480958,-7.903641778
0.31365026,-7.815060015,-7.946623702
0.31370534,-7.845024358,-7.973893547
0.31376042,-7.867399077,-7.997707618
0.31381551,-7.885278436,-8.012785940
0.31387059,-7.899455356,-8.028555980
0.31392568,-7.911401733,-8.037799461
0.31398076,-7.921286682,-8.050127276
0.31403585,-7.929796801,-8.056692645
0.31409093,-7.937081471,-8.065249219
0.31414601,-7.943428846,-8.070657470
0.31420110,-7.949012362,-8.076194689
0.31425618,-7.953923968,-8.081144212
0.31431127,-7.958334610,-8.084554264
0.31436635,-7.962249436,-8.089198968
0.31442144,-7.965818548,-8.091215908
0.31447652,-7.969014660,-8.095528244
0.31453161,-7.971960666,-8.096693329
0.31458669,-7.974621782,-8.100619667
0.31464177,-7.977094340,-8.101303794
0.31469686,-7.979346385,-8.104811476
0.31475194,-7.981451274,-8.105255685
0.31480703,-7.983383359,-8.108339123
0.31486211,-7.985197308,-8.108693529
0.31491720,-7.986874254,-8.111367627
0.31497228,-7.988454171,-8.111722038
0.31502736,-7.989924270,-8.114013860
0.31508245,-7.991313190,-8.114419479
0.31513753,-7.992613171,-8.116361691
0.31519262,-7.993844204,-8.116845611
0.31524770,-7.995002512,-8.118472173
0.31530279,-7.996101524,-8.119046749
0.31535787,-7.997140539,-8.120390413
0.31541295,-7.998128021,-8.121059208
0.31546804,-7.999065595,-8.122150235
0.31552312,-7.999957984,-8.122911748
0.31557821,-8.000808541,-8.123777386
0.31563329,-8.001619172,-8.124627360
0.31568838,-8.002394493,-8.125291766
0.31574346,-8.003134297,-8.126224599
0.31579855,-8.003844106,-8.126708991
0.31585363,-8.004522130,-8.127718585
0.31590871,-8.005174522,-8.128041506
0.31596380,-8.005798318,-8.129121759
0.31601888,-8.006400092,-8.129299378
0.31607397,-8.006976015,-8.130444459
0.31612905,-8.007532925,-8.130490872
0.31618414,-8.008066362,-8.131695358
0.31623922,-8.008583310,-8.131622869
0.31629430,-8.009078861,-8.132881801
0.31634939,-8.009560051,-8.132701175
0.31640447,-8.010021665,-8.134010065
0.31645956,-8.010470725,-8.133730746
0.31651464,-8.010901815,-8.135085558
0.31656973,-8.011321892,-8.134715860
0.31662481,-8.011725423,-8.136112977
0.31667989,-8.012119262,-8.135660247
0.31673498,-8.012497821,-8.137096429
0.31679006,-8.012867827,-8.136567185
0.31684515,-8.013223685,-8.138039528
0.31690023,-8.013571975,-8.137439577
0.31695532,-8.013907131,-8.138945474
0.31701040,-8.014235575,-8.138280009
0.31706549,-8.014551800,-8.139817114
0.31712057,-8.014862058,-8.139090800
0.31717565,-8.015160923,-8.140656992
0.31723074,-8.015454473,-8.139874035
0.31728582,-8.015737377,-8.141467394
0.31734091,-8.016015541,-8.140631598
0.31739599,-8.016283738,-8.142250378
0.31745108,-8.016547698,-8.141365200
0.31750616,-8.016802311,-8.143007803
0.31756124,-8.017053133,-8.142076392
0.31761633,-8.017295173,-8.143741357
0.31767141,-8.017533816,-8.142766593
0.31772650,-8.017764196,-8.144452574
0.31778158,-8.017991529,-8.143437095
0.31783667,-8.018211074,-8.145142852
0.31789175,-8.018427883,-8.144089083
0.31794683,-8.018637342,-8.145813467
0.31800192,-8.018844343,-8.144723642
0.31805700,-8.019044396,-8.146465587
0.31811209,-8.019242240,-8.145341769
0.31816717,-8.019433509,-8.147100283
0.31822226,-8.019622791,-8.145944381
0.31827734,-8.019805843,-8.147718539
0.31833243,-8.019987106,-8.146532320
0.31838751,-8.020162459,-8.148321259
0.31844259,-8.020336202,-8.147106363
0.31849768,-8.020504332,-8.148909274
0.31855276,-8.020671013,-8.147667226
0.31860785,-8.020832357,-8.149483353
0.31866293,-8.020992398,-8.148215570
0.31871802,-8.021147359,-8.150044202
0.31877310,-8.021301147,-8.148752004
0.31882818,-8.021450095,-8.150592474
0.31888327,-8.021597990,-8.149277090
0.31893835,-8.021741269,-8.151128771
0.31899344,-8.021883601,-8.149791349
0.31904852,-8.022021527,-8.151653651
0.31910361,-8.022158603,-8.150295259
0.31915869,-8.022291471,-8.152167626
0.31921377,-8.022423576,-8.150789262
0.31926886,-8.022551657,-8.152671170
0.31932394,-8.022679056,-8.151273762
0.31937903,-8.022802604,-8.153164717
0.31943411,-8.022925542,-8.151749130
0.31948920,-8.023044792,-8.153648663
0.31954428,-8.023163499,-8.152215698
0.31959937,-8.023278671,-8.154123369
0.31965445,-8.023393359,-8.152673761
0.31970953,-8.023504657,-8.154589159
0.31976462,-8.023615527,-8.153123563
0.31981970,-8.023723142,-8.155046320
0.31987479,-8.023830379,-8.153565297
0.31992987,-8.023934490,-8.155495100
0.31998496,-8.024038268,-8.153999085
0.32004004,-8.024139041,-8.155935707
0.32009512,-8.024239525,-8.154424971
0.32015021,-8.024337117,-8.156368302
0.32020529,-8.024434458,-8.154842898
0.32026038,-8.024529015,-8.156792972
0.32031546,-8.024623356,-8.155252676
0.32037055,-8.024715015,-8.157209692
0.32042563,-8.024806492,-8.155653930
0.32048071,-8.024895382,-8.157618229
0.32053580,-8.024984120,-8.156045978
0.32059088,-8.025070360,-8.158017992
0.32064597,-8.025156478,-8.156427656
0.32070105,-8.025240179,-8.158407740
0.32075614,-8.025323786,-8.156796917
0.32081122,-8.025405053,-8.158785162
0.32086630,-8.025486249,-8.157150352
0.32092139,-8.025565175,-8.159146001
0.32097647,-8.025644053,-8.157481955
0.32103156,-8.025720723,-8.159483036
0.32108664,-8.025797361,-8.157782063
0.32114173,-8.025871845,-8.159783431
0.32119681,-8.025946309,-8.158033336
0.32125190,-8.026018660,-8.160026499
0.32130698,-8.026090993,-8.158209198
0.32136206,-8.026161238,-8.160175017
0.32141715,-8.026231454,-8.158259334
0.32147223,-8.026299585,-8.160171833
0.32152732,-8.026367648,-8.158112585
0.32158240,-8.026433587,-8.159909060
0.32163749,-8.026499395,-8.157620044
0.32169257,-8.026562993,-8.159233788
0.32174765,-8.026626307,-8.156601592
0.32180274,-8.026687221,-8.157829540
0.32185782,-8.026747651,-8.154601989
0.32191291,-8.026805390,-8.155307693
0.32196799,-8.026862300,-8.151217970
0.32202308,-8.026915940,-8.151020872
0.32207816,-8.026968245,-8.145365921
0.32213324,-8.027016656,-8.143821022
0.32218833,-8.027063104,-8.136383650
0.32224341,-8.027103930,-8.133103102
0.32229850,-8.027141399,-8.121223605
0.32235358,-8.027172045,-8.114281716
0.32240867,-8.027197718,-8.098993342
0.32246375,-8.027215628,-8.087744885
0.32251884,-8.027222820,-8.069659043
0.32257392,-8.027219328,-8.044310861
0.32262900,-8.027202265,-8.018901345
0.32268409,-8.027171802,-7.986703313
0.32273917,-8.027126687,-7.955269086
0.32279426,-8.027062985,-7.921546039
0.32284934,-8.026968573,-7.879795985
0.32290443,-8.026841796,-7.812531755
0.32295951,-8.026684146,-7.745853833
0.32301459,-8.026488836,-7.687923013
0.32306968,-8.026260986,-7.622371969
0.32312476,-8.025984694,-7.575263918
0.32317985,-8.025585224,-7.506529160
0.32323493,-8.025065331,-7.323263278
0.32329002,-8.024426968,-7.187804035
0.32334510,-8.023615496,-7.099097588
0.32340018,-8.022648329,-6.984925019
0.32345527,-8.021432371,-6.949279832
0.32351035,-8.019926627,-6.873883795
0.32356544,-8.016770947,-6.837805192
0.32362052,-8.010914324,-6.138830529
0.32367561,-8.000272346,-5.773735486
0.32373069,-7.972312809,-5.794439661
0.32378578,-7.745153012,-5.490973047
0.32384086,-3.243299479,-0.993178177
0.32389594,1.096081011,3.303714717
0.32395103,3.185848093,3.186821199
0.32400611,3.141170443,3.090848631
0.32406120,3.185007384,3.274730579
0.32411628,3.298772959,3.332726693
0.32417137,3.229984472,3.131391937
0.32422645,3.096097465,3.051207251
0.32428153,3.138822045,3.222548633
0.32433662,3.242434727,3.271420357
0.32439170,3.178692340,3.089527730
0.32444679,3.059517469,3.020798414
0.32450187,3.100343311,3.176645793
0.32455696,3.191175954,3.214062750
0.32461204,3.128579318,3.046105737
0.32466712,3.019820040,2.985519707
0.32472221,3.058111940,3.127916465
0.32477729,3.138961915,3.157627984
0.32483238,3.080163792,3.005176548
0.32488746,2.984229815,2.955833918
0.32494255,3.024803564,3.091350425
0.32499763,3.101999804,3.119636812
0.32505272,3.051350326,2.985132235
0.32510780,2.970359083,2.948696622
0.32516288,3.015422535,3.080101329
0.32521797,3.090834606,3.108067382
0.32527305,3.047469740,2.988658059
0.32532814,2.978306355,2.961605888
0.32538322,3.025126466,3.086941283
0.32543831,3.096580643,3.112289615
0.32549339,3.057247357,3.003739567
0.32554847,2.996192677,2.982746782
0.32560356,3.042774978,3.101348308
0.32565864,3.109897761,3.124094287
0.32571373,3.074084147,3.025363074
0.32576881,3.020589720,3.010293973
0.32582390,3.067751558,3.123955956
0.32587898,3.132193775,3.145708577
0.32593406,3.100543973,3.056485716
0.32598915,3.054125183,3.046619426
0.32604423,3.101352417,3.155053395
0.32609932,3.162153538,3.174255982
0.32615440,3.131905373,3.090562614
0.32620949,3.088278329,3.081231631
0.32626457,3.131192567,3.180335651
0.32631966,3.184073302,3.192565781
0.32637474,3.150468553,3.109269901
0.32642982,3.105166853,3.096586408
0.32648491,3.141177830,3.185049726
0.32653999,3.185713191,3.190803727
0.32659508,3.149864550,3.109622105
0.32665016,3.105799784,3.097652418
0.32670525,3.140310187,3.182243586
0.32676033,3.183784483,3.189400153
0.32681541,3.153408635,3.117921350
0.32687050,3.118118676,3.114153935
0.32692558,3.158417466,3.202009452
0.32698067,3.206953301,3.215747894
0.32703575,3.185722910,3.156150753
0.32709084,3.160230214,3.160421096
0.32714592,3.205241535,3.249552359
0.32720100,3.255676186,3.265549725
0.32725609,3.238125753,3.211192053
0.32731117,3.215339109,3.215897478
0.32736626,3.257493929,3.298745279
0.32742134,3.302206013,3.309321276
0.32747643,3.280628565,3.252443846
0.32753151,3.253255285,3.250718708
0.32758659,3.286386239,3.321813842
0.32764168,3.320312888,3.322334953
0.32769676,3.290342799,3.258833026
0.32775185,3.254866578,3.247723385
0.32780693,3.276775654,3.305624027
0.32786202,3.299019692,3.295750523
0.32791710,3.260848068,3.226328312
0.32797219,3.218900621,3.208360178
0.32802727,3.233261922,3.257884445
0.32808235,3.249596704,3.244361447
0.32813744,3.210796378,3.177421715
0.32819252,3.171708005,3.162855056
0.32824761,3.189532414,3.215803270
0.32830269,3.211894487,3.210765065
0.32835778,3.184173591,3.157636597
0.32841286,3.158543913,3.156379379
0.32846794,3.188594318,3.220422472
0.32852303,3.222902288,3.228086674
0.32857811,3.208396464,3.188837778
0.32863320,3.194329500,3.197014935
0.32868828,3.230961614,3.264722371
0.32874337,3.268156849,3.274374817
0.32879845,3.254946637,3.235821072
0.32885353,3.238812243,3.239280539
0.32890862,3.268118377,3.296927422
0.32896370,3.295174086,3.296189437
0.32901879,3.272069139,3.248273143
0.32907387,3.245563124,3.240416743
0.32912896,3.262994577,3.285489461
0.32918404,3.279365168,3.275794822
0.32923913,3.249602098,3.223571997
0.32929421,3.219416276,3.212756082
0.32934929,3.234545863,3.256100749
0.32940438,3.251590562,3.249393362
0.32945946,3.226964877,3.204573017
0.32951455,3.204163373,3.201270282
0.32956963,3.226306370,3.251100023
0.32962472,3.250553670,3.252266850
0.32967980,3.234020865,3.215883385
0.32973488,3.217816035,3.217467597
0.32978997,3.242766493,3.267969683
0.32984505,3.267120451,3.268590423
0.32990014,3.249498749,3.230637052
0.32995522,3.229837610,3.226938027
0.33001031,3.248006050,3.269047050
0.33006539,3.264402054,3.262015903
0.33012047,3.239942352,3.218065273
0.33017556,3.214038549,3.207919429
0.33023064,3.225918441,3.243796876
0.33028573,3.237901444,3.234073305
0.33034081,3.212606563,3.191206429
0.33039590,3.188254444,3.183160765
0.33045098,3.202674923,3.221966980
0.33050607,3.219177920,3.218304155
0.33056115,3.201197652,3.184099096
0.33061623,3.185174341,3.184149574
0.33067132,3.207166297,3.229967980
0.33072640,3.231146563,3.234207526
0.33078149,3.221180205,3.208216657
0.33083657,3.212022073,3.213871332
0.33089166,3.238190143,3.262393593
0.33094674,3.264504172,3.268545285
0.33100182,3.255889923,3.243413208
0.33105691,3.245840501,3.246487319
0.33111199,3.267847548,3.289199851
0.33116708,3.288036377,3.288833812
0.33122216,3.272686659,3.256781716
0.33127725,3.254667469,3.250862917
0.33133233,3.267084144,3.283295006
0.33138741,3.277822108,3.274214492
0.33144250,3.254817257,3.235587754
0.33149758,3.230532295,3.223737753
0.33155267,3.237684474,3.251497545
0.33160775,3.245561691,3.241306474
0.33166284,3.223146615,3.205027583
0.33171792,3.201794937,3.196763984
0.33177301,3.213031412,3.229080181
0.33182809,3.226623769,3.225747317
0.33188317,3.211747409,3.197776961
0.33193826,3.198065047,3.196628863
0.33199334,3.215582632,3.234373317
0.33204843,3.234423374,3.236085761
0.33210351,3.224117239,3.212273645
0.33215860,3.213143139,3.212431897
0.33221368,3.230698701,3.248889100
0.33226876,3.247991886,3.248732351
0.33232385,3.235631448,3.222705938
0.33237893,3.221626132,3.219034116
0.33243402,3.234919944,3.250726426
0.33248910,3.248070692,3.246986243
0.33254419,3.232799387,3.218751452
0.33259927,3.216544917,3.212820957
0.33265435,3.227737002,3.242520135
0.33270944,3.239841030,3.238642413
0.33276452,3.225196304,3.211850165
0.33281961,3.210258667,3.207160630
0.33287469,3.222591431,3.237869543
0.33292978,3.236236628,3.236039682
0.33298486,3.223924130,3.211918810
0.33303995,3.211077027,3.208785638
0.33309503,3.224454060,3.239991224
0.33315011,3.238769924,3.238972436
0.33320520,3.227319772,3.215804515
0.33326028,3.214789536,3.212381300
0.33331537,3.227462503,3.242419101
0.33337045,3.240993430,3.240952679
0.33342554,3.229469183,3.218112295
0.33348062,3.217046781,3.214600476
0.33353570,3.229636610,3.244514740
0.33359079,3.243753629,3.244309385
0.33364587,3.234066496,3.223924143
0.33370096,3.223935412,3.222580975
0.33375604,3.238553359,3.254359421
0.33381113,3.254869824,3.256675497
0.33386621,3.247736071,3.238931994
0.33392129,3.239447988,3.238682052
0.33397638,3.254337999,3.269890591
0.33403146,3.269749147,3.270946937
0.33408655,3.260834728,3.250941878
0.33414163,3.249143874,3.246173836
0.33419672,3.258588973,3.270964779
0.33425180,3.267384874,3.265162112
0.33430688,3.251504106,3.238094201
0.33436197,3.232301269,3.225364580
0.33441705,3.233761567,3.242083053
0.33447214,3.235317166,3.229814998
0.33452722,3.213964942,3.198275775
0.33458231,3.190943066,3.182384025
0.33463739,3.190200397,3.197811544
0.33469248,3.192048649,3.187388878
0.33474756,3.174002848,3.160654630
0.33480264,3.156585495,3.151207282
0.33485773,3.163027775,3.174552053
0.33491281,3.173784402,3.174034289
0.33496790,3.166207612,3.158398650
0.33502298,3.159581861,3.159495157
0.33507807,3.176069651,3.192389087
0.33513315,3.196085324,3.200844721
0.33518823,3.196848535,3.192967935
0.33524332,3.196665363,3.199228608
0.33529840,3.217039435,3.234708304
0.33535349,3.238814523,3.244074958
0.33540857,3.239581967,3.235320733
0.33546366,3.237181162,3.238038203
0.33551874,3.252890867,3.267694004
0.33557382,3.268276835,3.270074913
0.33562891,3.261475434,3.253188879
0.33568399,3.249948735,3.245801268
0.33573908,3.254739861,3.263692446
0.33579416,3.258023902,3.253610584
0.33584925,3.238334394,3.223437673
0.33590433,3.212635190,3.201011942
0.33595942,3.201637805,3.202335625
0.33601450,3.188055802,3.175065364
0.33606958,3.150831939,3.127031460
0.33612467,3.106575717,3.085359295
0.33617975,3.075926605,3.066579018
0.33623484,3.042491447,3.019658079
0.33628992,2.986094231,2.952916773
0.33634501,2.923575088,2.893400324
0.33640009,2.876114249,2.858765280
0.33645517,2.828749060,2.799769264
0.33651026,2.762581592,2.725540580
0.33656534,2.694866739,2.663100412
0.33662043,2.647187806,2.630904025
0.33667551,2.605486225,2.580772215
0.33673060,2.551264993,2.521609173
0.33678568,2.501057534,2.479166882
0.33684076,2.475548223,2.471333665
0.33689585,2.460247412,2.449678850
0.33695093,2.435878737,2.421828040
0.33700602,2.417385429,2.411577958
0.33706110,2.424051203,2.435932861
0.33711619,2.440814504,2.446247196
0.33717127,2.447815613,2.449227337
0.33722636,2.458861864,2.467271732
0.33728144,2.492402113,2.517082370
0.33733652,2.533348137,2.550310344
0.33739161,2.561729909,2.573177805
0.33744669,2.590611347,2.607035257
0.33750178,2.637913363,2.668544270
0.33755686,2.688776853,2.709897546
0.33761195,2.723415704,2.737172507
0.33766703,2.754555147,2.771141614
0.33772211,2.800102456,2.828986554
0.33777720,2.846017343,2.864061924
0.33783228,2.873334229,2.882956245
0.33788737,2.895065738,2.906465801
0.33794245,2.929616906,2.952718091
0.33799754,2.964075892,2.976424416
0.33805262,2.980383410,2.984660833
0.33810770,2.991706128,2.998004497
0.33816279,3.016592430,3.035061436
0.33821787,3.042713380,3.051271364
0.33827296,3.052264811,3.053519072
0.33832804,3.057898625,3.061501136
0.33838313,3.077670032,3.093688080
0.33843821,3.099276368,3.105744982
0.33849330,3.104763406,3.104055254
0.33854838,3.106064971,3.107338527
0.33860346,3.120737917,3.134016853
0.33865855,3.136680077,3.140242284
0.33871363,3.136135903,3.132334171
0.33876872,3.130813997,3.128587873
0.33882380,3.138328029,3.147939363
0.33887889,3.147305867,3.147527380
0.33893397,3.140637109,3.134003298
0.33898905,3.130113101,3.125461860
0.33904414,3.133503128,3.141329138
0.33909922,3.140015689,3.139454323
0.33915431,3.132813270,3.126349700
0.33920939,3.123228535,3.119295006
0.33926448,3.128527251,3.137498612
0.33931956,3.137798501,3.138821778
0.33937464,3.133851784,3.129078770
0.33942973,3.127112392,3.124393070
0.33948481,3.134122775,3.143655684
0.33953990,3.143886370,3.144906172
0.33959498,3.139163294,3.133702988
0.33965007,3.130018137,3.125669081
0.33970515,3.132971760,3.140131369
0.33976024,3.137694348,3.136063617
0.33981532,3.127616631,3.119456744
0.33987040,3.113049788,3.105964169
0.33992549,3.110900213,3.115634914
0.33998057,3.111659197,3.108399075
0.34003566,3.099338600,3.090477008
0.34009074,3.084199719,3.077160839
0.34014583,3.083067033,3.088675675
0.34020091,3.086671144,3.085285757
0.34025599,3.078996001,3.072840889
0.34031108,3.069692399,3.065748775
0.34036616,3.075025563,3.083978001
0.34042125,3.085591722,3.087810737
0.34047633,3.085103713,3.082555562
0.34053142,3.082496270,3.081696725
0.34058650,3.093480643,3.104997289
0.34064158,3.108609726,3.112888359
0.34069667,3.111503195,3.110362104
0.34075175,3.110645103,3.110286359
0.34080684,3.121524917,3.132576933
0.34086192,3.135034448,3.138219991
0.34091701,3.135134219,3.132353693
0.34097209,3.130331644,3.127717525
0.34102717,3.136362934,3.144831752
0.34108226,3.144871139,3.145612264
0.34113734,3.140480655,3.135616434
0.34119243,3.131920530,3.127581283
0.34124751,3.135199635,3.142558953
0.34130260,3.142540206,3.143122595
0.34135768,3.138879599,3.134817349
0.34141277,3.132678006,3.129826210
0.34146785,3.139626520,3.149100869
0.34152293,3.151895042,3.155236501
0.34157802,3.154146508,3.153222428
0.34163310,3.154104540,3.154293654
0.34168819,3.166833489,3.179076385
0.34174327,3.184320724,3.190151674
0.34179836,3.191016901,3.192114188
0.34185344,3.194147216,3.195569034
0.34190852,3.208506496,3.221216769
0.34196361,3.226310544,3.232048978
0.34201869,3.232213809,3.232675583
0.34207378,3.233317975,3.233414499
0.34212886,3.244430371,3.255263630
0.34218395,3.258154975,3.261721141
0.34223903,3.259396825,3.257408490
0.34229411,3.255091580,3.252274102
0.34234920,3.259946709,3.267469158
0.34240428,3.266804645,3.266840174
0.34245937,3.260687885,3.254909547
0.34251445,3.248296917,3.241227371
0.34256954,3.244255481,3.247158558
0.34262462,3.241758286,3.237064371
0.34267971,3.226170820,3.215653120
0.34273479,3.204287891,3.192452807
0.34278987,3.191039805,3.189449352
0.34284496,3.180369522,3.171905996
0.34290004,3.158338152,3.145037930
0.34295513,3.132087568,3.118539229
0.34301021,3.116939254,3.115000619
0.34306530,3.107450921,3.100337133
0.34312038,3.090017399,3.079796467
0.34317546,3.071552560,3.062561515
0.34323055,3.067010890,3.070985573
0.34328563,3.070685232,3.070713342
0.34334072,3.068400667,3.066134771
0.34339580,3.066017922,3.065157241
0.34345089,3.077458383,3.089325292
0.34350597,3.096307930,3.103697668
0.34356105,3.107654338,3.111786336
0.34361614,3.116423441,3.120481924
0.34367122,3.135867924,3.150993716
0.34372631,3.159411141,3.168413551
0.34378139,3.172057660,3.176068729
0.34383648,3.178482625,3.180512802
0.34389156,3.191898220,3.203199931
0.34394665,3.206075160,3.209695770
0.34400173,3.206307326,3.203446793
0.34405681,3.197264306,3.190854599
0.34411190,3.192261875,3.193718544
0.34416698,3.185514498,3.178166338
0.34422207,3.162734252,3.147929066
0.34427715,3.128822701,3.109563443
0.34433224,3.097592430,3.085692202
0.34438732,3.064272111,3.043667922
0.34444240,3.015735614,2.988333246
0.34449749,2.957981168,2.927308095
0.34455257,2.906195004,2.884891533
0.34460766,2.857368411,2.830312556
0.34466274,2.800011081,2.769829555
0.34471783,2.741272628,2.711937759
0.34477291,2.697220908,2.681820266
0.34482799,2.665502900,2.649160058
0.34488308,2.634563239,2.619646641
0.34493816,2.610512643,2.600245595
0.34499325,2.607796200,2.614407547
0.34504833,2.622141294,2.629720175
0.34510342,2.639570283,2.649124103
0.34515850,2.663294750,2.676503110
0.34521359,2.704991179,2.732828467
0.34526867,2.758170822,2.783744017
0.34532375,2.807025009,2.830476324
0.34537884,2.853267107,2.875604171
0.34543392,2.907825897,2.939897892
0.34548901,2.964381547,2.989563512
0.34554409,3.007771580,3.026575688
0.34559918,3.040521897,3.054379120
0.34565426,3.074742484,3.095237306
0.34570934,3.105698287,3.117057801
0.34576443,3.119747435,3.123170154
0.34581951,3.120614953,3.118045872
0.34587460,3.121597275,3.125283726
0.34592968,3.119310683,3.114175664
0.34598477,3.101315024,3.089079027
0.34603985,3.072249561,3.055246353
0.34609493,3.046401877,3.037466982
0.34615002,3.021629305,3.006344048
0.34620510,2.986614923,2.967184041
0.34626019,2.946766737,2.925814876
0.34631527,2.917024609,2.907750326
0.34637036,2.895844226,2.884088683
0.34642544,2.872027301,2.859892439
0.34648053,2.850386993,2.840027572
0.34653561,2.844858987,2.848949636
0.34659069,2.852685376,2.856400516
0.34664578,2.861016105,2.865498131
0.34670086,2.872554745,2.878807565
0.34675595,2.899162261,2.918916387
0.34681103,2.936382370,2.954046027
0.34686612,2.969890483,2.985888804
0.34692120,3.001105947,3.015846167
0.34697628,3.041180407,3.066240249
0.34703137,3.085692115,3.105645888
0.34708645,3.120740428,3.136264023
0.34714154,3.148314048,3.160115787
0.34719662,3.180469380,3.200710422
0.34725171,3.214051108,3.227991315
0.34730679,3.236361743,3.245211860
0.34736187,3.250277684,3.255103787
0.34741696,3.268656683,3.282061476
0.34747204,3.289166836,3.296806875
0.34752713,3.299643673,3.302889551
0.34758221,3.303066866,3.302934388
0.34763730,3.312288449,3.321420389
0.34769238,3.325042036,3.329129860
0.34774746,3.329041682,3.329316274
0.34780255,3.326845817,3.324041007
0.34785763,3.330903751,3.337531054
0.34791272,3.338731514,3.340400086
0.34796780,3.337741394,3.335474558
0.34802289,3.329980381,3.324203701
0.34807797,3.327479370,3.330580089
0.34813306,3.327590358,3.325137715
0.34818814,3.317557455,3.310453494
0.34824322,3.299143383,3.287641081
0.34829831,3.284286950,3.280834614
0.34835339,3.270603323,3.260966920
0.34840848,3.245693677,3.230938481
0.34846356,3.211636680,3.192157382
0.34851865,3.180902389,3.169519622
0.34857373,3.151946148,3.134894548
0.34862881,3.113181191,3.091882814
0.34868390,3.067253478,3.042317259
0.34873898,3.027132747,3.011665135
0.34879407,2.991748417,2.972191091
0.34884915,2.949620392,2.927324317
0.34890424,2.902958998,2.878183833
0.34895932,2.864018461,2.849509477
0.34901440,2.830907043,2.812660496
0.34906949,2.791045875,2.769775060
0.34912457,2.745270696,2.720491827
0.34917966,2.704601751,2.688546542
0.34923474,2.666344817,2.644703452
0.34928983,2.617442932,2.590740891
0.34934491,2.558571550,2.526319101
0.34940000,2.501235051,2.476112093
0.34945508,2.444002990,2.412489808
0.34951016,2.375552726,2.339107267
0.34956525,2.298521845,2.257667814
0.34962033,2.226681518,2.195339626
0.34967542,2.161080679,2.126982977
0.34973050,2.092605740,2.058200215
0.34978559,2.025483743,1.991923508
0.34984067,1.974505120,1.956131101
0.34989575,1.941143907,1.925740646
0.34995084,1.915800149,1.905331418
0.35000592,1.901194030,1.895827212
0.35006101,1.909923523,1.922813950
0.35011609,1.940867179,1.958412154
0.35017118,1.981405013,2.003952253
0.35022626,2.030945427,2.056957162
0.35028134,2.098972851,2.140167407
0.35033643,2.181792965,2.223406222
0.35039151,2.264698035,2.306126317
0.35044660,2.345500631,2.384520978
0.35050168,2.432870297,2.481023956
0.35055677,2.523182238,2.565920122
0.35061185,2.602385754,2.639526959
0.35066694,2.669321508,2.699223492
0.35072202,2.734159890,2.769259825
0.35077710,2.795223124,2.822017885
0.35083219,2.840491975,2.859794117
0.35088727,2.870694291,2.881756051
0.35094236,2.897870131,2.914102151
0.35099744,2.922222931,2.931043814
0.35105253,2.933339862,2.936269930
0.35110761,2.933126670,2.929901158
0.35116269,2.934562205,2.939055060
0.35121778,2.938633380,2.938603520
0.35127286,2.935321445,2.932369728
0.35132795,2.926430083,2.920123429
0.35138303,2.924572682,2.928594145
0.35143812,2.930242609,2.932063950
0.35149320,2.932630179,2.933367000
0.35154828,2.932411891,2.930992007
0.35160337,2.941031055,2.950598594
0.35165845,2.957954926,2.965493720
0.35171354,2.971359216,2.977459982
0.35176862,2.980886150,2.983954829
0.35182371,2.997189914,3.010082999
0.35187879,3.019324888,3.028891577
0.35193388,3.035225461,3.041947365
0.35198896,3.044348006,3.046542325
0.35204404,3.057392734,3.068034758
0.35209913,3.073750077,3.079903706
0.35215421,3.081730907,3.084045036
0.35220930,3.081073178,3.077975183
0.35226438,3.082842133,3.087552846
0.35231947,3.086958949,3.086829450
0.35237455,3.082221696,3.078108844
0.35242963,3.068715424,3.059182783
0.35248472,3.057914047,3.056446387
0.35253980,3.050297978,3.044544890
0.35259489,3.035155942,3.026177204
0.35264997,3.012867170,2.999320081
0.35270506,2.995155794,2.990681123
0.35276014,2.982748057,2.975098289
0.35281522,2.964922098,2.955064749
0.35287031,2.941652868,2.927945109
0.35292539,2.924040427,2.919804782
0.35298048,2.912070735,2.904651291
0.35303556,2.894021525,2.883808411
0.35309065,2.868606485,2.853270642
0.35314573,2.845722703,2.838054015
0.35320082,2.824453240,2.811411628
0.35325590,2.792439238,2.774146464
0.35331098,2.748076568,2.722122251
0.35336607,2.701558401,2.681069649
0.35342115,2.653016195,2.625635014
0.35347624,2.591681726,2.558419796
0.35353132,2.517896812,2.477379850
0.35358641,2.444172950,2.410796640
0.35364149,2.373195980,2.335897832
0.35369657,2.296549035,2.257425023
0.35375166,2.216383219,2.174814167
0.35380674,2.146444256,2.117337946
0.35386183,2.090012149,2.062434686
0.35391691,2.038376038,2.014051387
0.35397200,1.992447827,1.969924429
0.35402708,1.964087856,1.957240142
0.35408216,1.954319989,1.951008280
0.35413725,1.951862026,1.952453863
0.35419233,1.954902886,1.956567472
0.35424742,1.972835886,1.988332056
0.35430250,2.004743500,2.021080715
0.35435759,2.037876586,2.054783107
0.35441267,2.069407129,2.083642006
0.35446775,2.108331062,2.132631329
0.35452284,2.153975869,2.175597729
0.35457792,2.194207255,2.213238423
0.35463301,2.226978915,2.240589550
0.35468809,2.262278811,2.283777255
0.35474318,2.300593997,2.317830130
0.35479826,2.330837303,2.344367315
0.35485335,2.351729843,2.359032031
0.35490843,2.373855283,2.388531766
0.35496351,2.398168652,2.408259440
0.35501860,2.413743756,2.419796123
0.35507368,2.419088723,2.418386534
0.35512877,2.424398335,2.430351685
0.35518385,2.430186586,2.430594949
0.35523894,2.424923683,2.419981267
0.35529402,2.406336623,2.392896821
0.35534910,2.383893216,2.375058809
0.35540419,2.357580717,2.340926147
0.35545927,2.315447855,2.290966533
0.35551436,2.254894755,2.219297755
0.35556944,2.185378172,2.151876096
0.35562453,2.107312526,2.063782921
0.35567961,2.009477697,1.956330321
0.35573469,1.890234299,1.824705594
0.35578978,1.760357546,1.696431161
0.35584486,1.621947529,1.548407251
0.35589995,1.465580030,1.383729950
0.35595503,1.291324154,1.199218245
0.35601012,1.111596932,1.024049084
0.35606520,0.930012301,0.836510614
0.35612029,0.738257207,0.640542603
0.35617537,0.536947949,0.433209076
0.35623045,0.338590838,0.243616484
0.35628554,0.146496843,0.049524250
0.35634062,-0.048464405,-0.146232622
0.35639571,-0.247015848,-0.348176693
0.35645079,-0.438270861,-0.528864226
0.35650588,-0.620642015,-0.712318044
0.35656096,-0.805122997,-0.897649749
0.35661604,-0.994384388,-1.091346150
0.35667113,-1.179277730,-1.267489059
0.35672621,-1.359497711,-1.451144202
0.35678130,-1.546774656,-1.641866966
0.35683638,-1.743696566,-1.845567741
0.35689147,-1.939595829,-2.033898142
0.35694655,-2.130634861,-2.227295678
0.35700163,-2.322923398,-2.418667803
0.35705672,-2.512070326,-2.606514068
0.35711180,-2.681058424,-2.757019611
0.35716689,-2.823718583,-2.891242502
0.35722197,-2.951166550,-3.011453704
0.35727706,-3.071620910,-3.132245794
0.35733214,-3.183589236,-3.235180494
0.35738723,-3.291428948,-3.347345316
0.35744231,-3.405387089,-3.463287978
0.35749739,-3.520971813,-3.579564940
0.35755248,-3.618800265,-3.659424572
0.35760756,-3.690866305,-3.723068786
0.35766265,-3.749114410,-3.775284495
0.35771773,-3.805078947,-3.834916681
0.35777282,-3.860488945,-3.885836687
0.35782790,-3.920758521,-3.954862187
0.35788298,-3.996546760,-4.037439701
0.35793807,-4.086657481,-4.135802159
0.35799315,-4.177872171,-4.220154023
0.35804824,-4.265393688,-4.310513395
0.35810332,-4.355040781,-4.399601812
0.35815841,-4.443265109,-4.487745531
0.35821349,-4.515779425,-4.544815041
0.35826857,-4.569959171,-4.595406854
0.35832366,-4.618754079,-4.642022177
0.35837874,-4.668734254,-4.695685357
0.35843383,-4.714228277,-4.732954872
0.35848891,-4.756986090,-4.780447349
0.35854400,-4.810921338,-4.840477173
0.35859908,-4.881835501,-4.922741689
0.35865417,-4.961053995,-4.999200481
0.35870925,-5.043716518,-5.087773261
0.35876433,-5.135130824,-5.182003870
0.35881942,-5.235255939,-5.288518479
0.35887450,-5.334973641,-5.381647746
0.35892959,-5.430648437,-5.479751071
0.35898467,-5.523903972,-5.568641153
0.35903976,-5.605137141,-5.643138428
0.35909484,-5.657777734,-5.673914215
0.35914992,-5.683113031,-5.692667984
0.35920501,-5.702619592,-5.711989438
0.35926009,-5.733390556,-5.753999000
0.35931518,-5.779525609,-5.803956253
0.35937026,-5.846875300,-5.888307072
0.35942535,-5.941814276,-5.994503146
0.35948043,-6.050661852,-6.107641930
0.35953551,-6.143014004,-6.180096783
0.35959060,-6.203441081,-6.227917759
0.35964568,-6.243261055,-6.258828583
0.35970077,-6.279375749,-6.299592004
0.35975585,-6.322627234,-6.344482095
0.35981094,-6.389372273,-6.432015532
0.35986602,-6.498727646,-6.563273969
0.35992111,-6.647695098,-6.731488338
0.35997619,-6.807135813,-6.883611951
0.36003127,-6.950472906,-7.018521513
0.36008636,-7.071295050,-7.125205769
0.36014144,-7.170422244,-7.216864377
0.36019653,-7.246611754,-7.277234947
0.36025161,-7.307048380,-7.336850016
0.36030670,-7.368122252,-7.398969581
0.36036178,-7.436808827,-7.474683712
0.36041686,-7.504307622,-7.534477802
0.36047195,-7.561252241,-7.588747981
0.36052703,-7.604138859,-7.620604313
0.36058212,-7.626286293,-7.633365097
0.36063720,-7.622685076,-7.612610875
0.36069229,-7.609428299,-7.604996540
0.36074737,-7.621341373,-7.635001657
0.36080245,-7.684514800,-7.731089490
0.36085754,-7.803227189,-7.872718071
0.36091262,-7.971478202,-8.068342352
0.36096771,-7.745494993,-7.851009422
0.36102279,-7.779477054,-7.800045648
0.36107788,-7.794561066,-7.878236464
0.36113296,-7.817215059,-7.861904929
0.36118804,-7.830587166,-7.909281544
0.36124313,-7.845306414,-7.899904359
0.36129821,-7.858734512,-7.927685629
0.36135330,-7.870661498,-7.943552036
0.36140838,-7.881558895,-7.956229043
0.36146347,-7.890988345,-7.969294834
0.36151855,-7.899553478,-7.976809053
0.36157364,-7.907007079,-7.986435397
0.36162872,-7.914051928,-7.991755635
0.36168380,-7.920170259,-8.002343833
0.36173889,-7.925998157,-8.005474247
0.36179397,-7.931056720,-8.014981024
0.36184906,-7.935893058,-8.016294813
0.36190414,-7.940115622,-8.024582828
0.36195923,-7.944194454,-8.024908972
0.36201431,-7.947777388,-8.032793989
0.36206939,-7.951260104,-8.032425665
0.36212448,-7.954332421,-8.039805495
0.36217956,-7.957331490,-8.038784055
0.36223465,-7.959989778,-8.045636211
0.36228973,-7.962597226,-8.044161458
0.36234482,-7.963026602,-8.048769672
0.36239990,-7.963873665,-7.978580755
0.36245498,-7.964307392,-7.993834604
0.36251007,-7.965085174,-7.980474268
0.36256515,-7.965778986,-7.993846920
0.36262024,-7.966709292,-7.992271638
0.36267532,-7.967612315,-8.002691191
0.36273041,-7.968673037,-8.003635849
0.36278549,-7.969703198,-8.011969522
0.36284058,-7.970839115,-8.013182088
0.36289566,-7.971930975,-8.020172806
0.36295074,-7.973095108,-8.021078027
0.36300583,-7.974203518,-8.027197103
0.36306091,-7.975362636,-8.027674896
0.36311600,-7.976458377,-8.033209363
0.36317108,-7.977590864,-8.033270238
0.36322617,-7.978655936,-8.038397630
0.36328125,-7.979748650,-8.038086917
0.36333633,-7.980772626,-8.042920579
0.36339142,-7.981818262,-8.042288555
0.36344650,-7.982795706,-8.046903470
0.36350159,-7.983790849,-8.045996228
0.36355667,-7.984719561,-8.050443759
0.36361176,-7.985663326,-8.049300973
0.36366684,-7.986543161,-8.053617460
0.36372192,-7.987436262,-8.052272447
0.36377701,-7.988268347,-8.056484366
0.36383209,-7.989112475,-8.054964850
0.36388718,-7.989898689,-8.059091999
0.36394226,-7.990696093,-8.057420999
0.36399735,-7.991438729,-8.061478526
0.36405243,-7.992191947,-8.059675180
0.36410752,-7.992893490,-8.063674911
0.36416260,-7.993605164,-8.061755189
0.36421768,-7.994268151,-8.065706521
0.36427277,-7.994940923,-8.063683803
0.36432785,-7.995567850,-8.067594316
0.36438294,-7.996204284,-8.065479874
0.36443802,-7.996797559,-8.069355764
0.36449311,-7.997400104,-8.067159142
0.36454819,-7.997962009,-8.071005532
0.36460327,-7.998532975,-8.068734858
0.36465836,-7.999065657,-8.072556025
0.36471344,-7.999607207,-8.070218259
0.36476853,-8.000112668,-8.074017805
0.36482361,-8.000626813,-8.071618946
0.36487870,-8.001106912,-8.075399926
0.36493378,-8.001595520,-8.072945169
0.36498886,-8.002051979,-8.076710190
0.36504395,-8.002516772,-8.074204063
0.36509903,-8.002951182,-8.077955363
0.36515412,-8.003393754,-8.075401833
0.36520920,-8.003807583,-8.079141342
0.36526429,-8.004229402,-8.076543905
0.36531937,-8.004624001,-8.080273294
0.36537446,-8.005026422,-8.077635046
0.36542954,-8.005403040,-8.081355767
0.36548462,-8.005787309,-8.078679464
0.36553971,-8.006147094,-8.082392781
0.36559479,-8.006514363,-8.079680892
0.36564988,-8.006858377,-8.083387910
0.36570496,-8.007209706,-8.080642653
0.36576005,-8.007538926,-8.084344339
0.36581513,-8.007875295,-8.081567718
0.36587021,-8.008190624,-8.085264921
0.36592530,-8.008512939,-8.082458753
0.36598038,-8.008815210,-8.086152218
0.36603547,-8.009124306,-8.083318160
0.36609055,-8.009414293,-8.087008542
0.36614564,-8.009710945,-8.084148109
0.36620072,-8.009989361,-8.087835983
0.36625580,-8.010274284,-8.084950565
0.36631089,-8.010541792,-8.088636441
0.36636597,-8.010815652,-8.085727317
0.36642106,-8.011072864,-8.089411641
0.36647614,-8.011336278,-8.086479995
0.36653123,-8.011583766,-8.090163161
0.36658631,-8.011837306,-8.087210087
0.36664139,-8.012075598,-8.090892443
0.36669648,-8.012319798,-8.087918960
0.36675156,-8.012549388,-8.091600811
0.36680665,-8.012784744,-8.088607867
0.36686173,-8.013006090,-8.092289482
0.36691682,-8.013233064,-8.089277961
0.36697190,-8.013446596,-8.092959576
0.36702699,-8.013665618,-8.089930308
0.36708207,-8.013871735,-8.093612131
0.36713715,-8.014083209,-8.090565889
0.36719224,-8.014282283,-8.094248102
0.36724732,-8.014486587,-8.091185617
0.36730241,-8.014678967,-8.094868377
0.36735749,-8.014876451,-8.091790334
0.36741258,-8.015062464,-8.095473778
0.36746766,-8.015253310,-8.092380339
0.36752274,-8.015417137,-8.095985038
0.36757783,-8.013851215,-8.084204126
0.36763291,-7.858827638,-7.228922732
0.36768800,0.476183866,7.722953280
0.36774308,16.759854232,26.097770912
0.36779817,27.197935001,28.724829169
0.36785325,29.901250888,31.131259442
0.36790833,31.556043108,32.064776538
0.36796342,31.681329775,31.316291043
0.36801850,31.527343925,31.686325554
0.36807359,32.313204210,32.937518968
0.36812867,33.089187794,33.296880978
0.36818376,32.850927857,32.410779606
0.36823884,32.558796979,32.656198800
0.36829393,33.180548244,33.702095329
0.36834901,33.802877969,33.953522886
0.36840409,33.523129485,33.097293215
0.36845918,33.206772514,33.270833059
0.36851426,33.710556542,34.147676518
0.36856935,34.217793712,34.331319677
0.36862443,33.941497704,33.553850998
0.36867952,33.667753728,33.739950543
0.36873460,34.147114003,34.551879606
0.36878968,34.631047896,34.748802936
0.36884477,34.419196688,34.090813981
0.36889985,34.222745835,34.317254254
0.36895494,34.701259523,35.083921980
0.36901002,35.168880170,35.288901079
0.36906511,35.004615600,34.721086335
0.36912019,34.860434554,34.966087863
0.36917527,35.323390348,35.680064269
0.36923036,35.765894001,35.883489201
0.36928544,35.636488895,35.389618861
0.36934053,35.535426571,35.650546969
0.36939561,35.986942419,36.323131210
0.36945070,36.413366768,36.532412925
0.36950578,36.321605086,36.110392434
0.36956087,36.265178297,36.391916191
0.36961595,36.713435094,37.035133705
0.36967103,37.132155227,37.255477958
0.36972612,37.078212134,36.900187678
0.36978120,37.063569003,37.201305914
0.36983629,37.509935748,37.819154996
0.36989137,37.921508800,38.048046205
0.36994646,37.898766727,37.748497453
0.37000154,37.917328093,38.062671729
0.37005662,38.357655079,38.653638715
0.37011171,38.757549965,38.883887575
0.37016679,38.754816132,38.624698836
0.37022188,38.792315926,38.938524844
0.37027696,39.213497890,39.490135711
0.37033205,39.583279264,39.697856929
0.37038713,39.567496639,39.436886264
0.37044221,39.574740027,39.694069415
0.37049730,39.912071421,40.133424069
0.37055238,40.167671844,40.223338718
0.37060747,40.037175780,39.851565525
0.37066255,39.914024286,39.959190393
0.37071764,40.100453968,40.243404111
0.37077272,40.239909491,40.253030669
0.37082781,40.084460398,39.911710408
0.37088289,40.024965944,40.117501976
0.37093797,40.340151647,40.561072149
0.37099306,40.672467050,40.797856977
0.37104814,40.756218458,40.711233362
0.37110323,40.916878799,41.105853686
0.37115831,41.375083336,41.646838405
0.37121340,41.770307816,41.911299216
0.37126848,41.849268629,41.788105786
0.37132356,41.924841390,42.049345663
0.37137865,42.215885890,42.387118233
0.37143373,42.405569918,42.440923796
0.37148882,42.291912298,42.142002978
0.37154390,42.209290615,42.261703233
0.37159899,42.394210559,42.526926590
0.37165407,42.563499524,42.611946636
0.37170915,42.522450819,42.429557472
0.37176424,42.556545007,42.669545241
0.37181932,42.839688493,43.012553773
0.37187441,43.058978029,43.120259550
0.37192949,43.010958616,42.901535823
0.37198458,42.977080420,43.040677326
0.37203966,43.156845143,43.274428466
0.37209475,43.300339608,43.337041804
0.37214983,43.253576416,43.166129696
0.37220491,43.292201063,43.404548603
0.37226000,43.576096250,43.749402151
0.37231508,43.814828594,43.893769122
0.37237017,43.808924131,43.725462369
0.37242525,43.785693716,43.838352948
0.37248034,43.893201295,43.953609687
0.37253542,43.886951694,43.833970032
0.37259050,43.635821075,43.436379200
0.37264559,43.420492555,43.392076595
0.37270067,43.432231261,43.470846378
0.37275576,43.465660215,43.466495682
0.37281084,43.397604715,43.321808880
0.37286593,43.468679370,43.600707368
0.37292101,43.807673817,44.013885225
0.37297609,44.150226946,44.296600425
0.37303118,44.311724680,44.327332530
0.37308626,44.470255211,44.607440376
0.37314135,44.724913707,44.849534223
0.37319643,44.835879418,44.837267977
0.37325152,44.673532295,44.512328901
0.37330660,44.472275224,44.425550489
0.37336168,44.387853458,44.353400185
0.37341677,44.235527953,44.127171841
0.37347185,43.914476054,43.699216596
0.37352694,43.650105020,43.590458952
0.37358202,43.575142978,43.560038909
0.37363711,43.488977804,43.425305543
0.37369219,43.273060905,43.117568831
0.37374728,43.125745603,43.123774771
0.37380236,43.160450096,43.197762487
0.37385744,43.175994478,43.161919391
0.37391253,43.055571384,42.946718263
0.37396761,42.989359562,43.022881696
0.37402270,43.086071535,43.150482559
0.37407778,43.152915114,43.163234727
0.37413287,43.079829770,42.994386694
0.37418795,43.051867225,43.100911152
0.37424303,43.174274538,43.249126922
0.37429812,43.262058989,43.282811943
0.37435320,43.210877896,43.137133411
0.37440829,43.200257804,43.255409114
0.37446337,43.331557746,43.409301833
0.37451846,43.426494641,43.451332265
0.37457354,43.385512777,43.318005353
0.37462862,43.382530172,43.439438608
0.37468371,43.515015303,43.592219147
0.37473879,43.610787781,43.636780342
0.37479388,43.574546134,43.510695367
0.37484896,43.574719137,43.631426327
0.37490405,43.704960316,43.780124557
0.37495913,43.798656767,43.824389139
0.37501422,43.764309474,43.702670631
0.37506930,43.765073932,43.820430690
0.37512438,43.891061332,43.963306764
0.37517947,43.981016224,44.005691927
0.37523455,43.947111243,43.886998053
0.37528964,43.947614966,44.001408292
0.37534472,44.069373709,44.138908643
0.37539981,44.156157141,44.180129603
0.37545489,44.123425614,44.065205212
0.37550997,44.124601081,44.177385390
0.37556506,44.243247396,44.310646624
0.37562014,44.327710559,44.351287613
0.37567523,44.296418831,44.240068783
0.37573031,44.298187592,44.349908707
0.37578540,44.413605413,44.478811534
0.37584048,44.495546707,44.518588912
0.37589556,44.465423480,44.410795992
0.37595065,44.467832267,44.518653548
0.37600573,44.580648271,44.644105657
0.37606082,44.661038380,44.684069024
0.37611590,44.633113738,44.580710637
0.37617099,44.637287030,44.687826150
0.37622607,44.748701713,44.811006761
0.37628116,44.828469650,44.851848545
0.37633624,44.803166070,44.753067014
0.37639132,44.809216410,44.859510359
0.37644641,44.919260845,44.980415262
0.37650149,44.998290732,45.021909960
0.37655658,44.975322689,44.927345695
0.37661166,44.983057541,45.033081516
0.37666675,45.091799934,45.151892482
0.37672183,45.170231033,45.194146512
0.37677691,45.149642845,45.103773737
0.37683200,45.159165450,45.209024313
0.37688708,45.266947383,45.326202413
0.37694217,45.345367352,45.369918939
0.37699725,45.328235617,45.285144319
0.37705234,45.341962500,45.393265631
0.37710742,45.453907049,45.515601682
0.37716250,45.542092988,45.573385006
0.37721759,45.545945487,45.516426571
0.37727267,45.593615066,45.664415634
0.37732776,45.756580452,45.848432090
0.37738284,45.922064567,45.998815507
0.37743793,46.034923054,46.067523856
0.37749301,46.218077182,46.361456231
0.37754810,46.530603128,46.699515018
0.37760318,46.842844636,46.990688612
0.37765826,47.074250931,47.157389861
0.37771335,47.316068815,47.471957136
0.37776843,47.603677578,47.739838360
0.37782352,47.802770578,47.874292303
0.37787860,47.844790203,47.817750307
0.37793369,47.844125846,47.868865704
0.37798877,47.869304867,47.873342920
0.37804385,47.823488739,47.779849684
0.37809894,47.666353991,47.552304671
0.37815402,47.523877979,47.490757920
0.37820911,47.465134294,47.440258962
0.37826419,47.389023749,47.341686140
0.37831928,47.244781470,47.145851694
0.37837436,47.142426982,47.133566446
0.37842944,47.137559215,47.141910085
0.37848453,47.122494139,47.106829679
0.37853961,47.041742368,46.974815016
0.37859470,46.999198752,47.018495086
0.37864978,47.047687371,47.077420654
0.37870487,47.082712852,47.091730194
0.37875995,47.052627864,47.011583396
0.37881504,47.062895074,47.108813039
0.37887012,47.170494856,47.231930918
0.37892520,47.280009554,47.330596822
0.37898029,47.347632293,47.361404344
0.37903537,47.480609751,47.593201980
0.37909046,47.733817426,47.873239760
0.37914554,48.006187077,48.141448298
0.37920063,48.239049623,48.334507645
0.37925571,48.514582622,48.690566497
0.37931079,48.861416102,49.034604847
0.37936588,49.159738445,49.291278453
0.37942096,49.340708787,49.392175630
0.37947605,49.485549373,49.578395694
0.37953113,49.635277706,49.696765509
0.37958622,49.694907164,49.700243427
0.37964130,49.623462363,49.548252602
0.37969638,49.525789448,49.501270997
0.37975147,49.462934987,49.426775889
0.37980655,49.356595937,49.290716182
0.37986164,49.174081619,49.056218840
0.37991672,49.018165103,48.975621538
0.37997181,48.942930618,48.910374581
0.38002689,48.862483606,48.817377284
0.38008197,48.733964816,48.648500381
0.38013706,48.647130704,48.641011795
0.38019214,48.645645921,48.650416865
0.38024723,48.638745536,48.630027077
0.38030231,48.580359392,48.529025826
0.38035740,48.556239644,48.579172957
0.38041248,48.608729088,48.638725130
0.38046757,48.650243729,48.664818723
0.38052265,48.638416828,48.610341392
0.38057773,48.661236282,48.707608582
0.38063282,48.765747171,48.823600936
0.38068790,48.873549258,48.925333189
0.38074299,48.951502872,48.974480056
0.38079807,49.093107746,49.205549145
0.38085316,49.347936772,49.488453397
0.38090824,49.635534492,49.783524762
0.38096332,49.909479243,50.032721375
0.38101841,50.236144857,50.435669613
0.38107349,50.630855658,50.828173281
0.38112858,50.980981903,51.140006404
0.38118366,51.216081316,51.295297062
0.38123875,51.393309947,51.492658546
0.38129383,51.540905768,51.594742897
0.38134891,51.580529565,51.573669919
0.38140400,51.485687910,51.399805007
0.38145908,51.354472964,51.307730336
0.38151417,51.246848550,51.187766777
0.38156925,51.103429179,51.022486314
0.38162434,50.900114981,50.776533326
0.38167942,50.722262424,50.664315794
0.38173451,50.609942507,50.556199718
0.38178959,50.482895276,50.412969227
0.38184467,50.295036493,50.177104265
0.38189976,50.108539129,50.038603545
0.38195484,49.942953898,49.851060215
0.38200993,49.702625371,49.561326554
0.38206501,49.329686755,49.102208746
0.38212010,48.879216086,48.658843651
0.38217518,48.374847724,48.097585866
0.38223026,47.740912312,47.392593206
0.38228535,46.953509099,46.517513735
0.38234043,46.111603649,45.704599853
0.38239552,45.288937718,44.873724166
0.38245060,44.457917071,44.042391538
0.38250569,43.627298607,43.206736736
0.38256077,42.903966622,42.592352262
0.38261585,42.345320696,42.092800272
0.38267094,41.888619474,41.681293936
0.38272602,41.494690808,41.301920791
0.38278111,41.219018195,41.128863809
0.38283619,41.076325238,41.021339302
0.38289128,40.977111048,40.933456599
0.38294636,40.869909747,40.804021546
0.38300145,40.808667180,40.809498393
0.38305653,40.815829063,40.822414857
0.38311161,40.815868946,40.811852799
0.38316670,40.771310996,40.729831269
0.38322178,40.746493257,40.760297669
0.38327687,40.772321337,40.785135521
0.38333195,40.781132813,40.779917414
0.38338704,40.740534244,40.700389573
0.38344212,40.716373114,40.729626243
0.38349720,40.740563618,40.752296755
0.38355229,40.747710998,40.745844658
0.38360737,40.706690925,40.666755141
0.38366246,40.682469168,40.695461804
0.38371754,40.706499113,40.718269759
0.38377263,40.714713400,40.713772633
0.38382771,40.676666547,40.638740923
0.38388279,40.656086224,40.670716674
0.38393788,40.683690285,40.697346831
0.38399296,40.696465701,40.698120378
0.38404805,40.664421891,40.629898075
0.38410313,40.649903890,40.667239809
0.38415822,40.682765291,40.698969511
0.38421330,40.700901944,40.705341832
0.38426839,40.674683826,40.643246428
0.38432347,40.665069560,40.684317894
0.38437855,40.701078580,40.718562349
0.38443364,40.721549479,40.727059223
0.38448872,40.697313716,40.666867825
0.38454381,40.688143982,40.706961051
0.38459889,40.722461778,40.738738540
0.38465398,40.740278581,40.744351002
0.38470906,40.713156316,40.681317877
0.38476414,40.700003120,40.716306842
0.38481923,40.728937912,40.742348369
0.38487431,40.741360185,40.742855533
0.38492940,40.709732044,40.675955382
0.38498448,40.692233245,40.706138890
0.38503957,40.716714700,40.728010172
0.38509465,40.725861098,40.726093147
0.38514973,40.692851975,40.658906119
0.38520482,40.674916907,40.688537961
0.38525990,40.699344461,40.710803563
0.38531499,40.709734488,40.710956096
0.38537007,40.679620689,40.647556839
0.38542516,40.664984887,40.680046923
0.38548024,40.692298887,40.705189261
0.38553533,40.705862261,40.708794519
0.38559041,40.679453539,40.649417994
0.38564549,40.667837804,40.683966825
0.38570058,40.696789194,40.710278658
0.38575566,40.711474833,40.714929062
0.38581075,40.686162825,40.656749255
0.38586583,40.674721914,40.690475481
0.38592092,40.702546085,40.715295268
0.38597600,40.715927694,40.718788247
0.38603108,40.689841543,40.660256308
0.38608617,40.677439442,40.692432098
0.38614125,40.703816769,40.715850606
0.38619634,40.716345520,40.719004028
0.38625142,40.690585749,40.661511313
0.38630651,40.678813791,40.693939300
0.38636159,40.705608090,40.717896062
0.38641667,40.719144728,40.722505770
0.38647176,40.695308655,40.667461475
0.38652684,40.685305445,40.701017721
0.38658193,40.713045533,40.725700563
0.38663701,40.727394797,40.731189934
0.38669210,40.704536173,40.677274016
0.38674718,40.694686923,40.710041573
0.38680226,40.721231451,40.733076200
0.38685735,40.733890169,40.736802273
0.38691243,40.709353965,40.681334143
0.38696752,40.697107375,40.710878230
0.38702260,40.720248282,40.730273613
0.38707769,40.729533921,40.730854463
0.38713277,40.702311813,40.673192691
0.38718786,40.687457567,40.699731074
0.38724294,40.707835101,40.716551991
0.38729802,40.715196625,40.715825706
0.38735311,40.687451153,40.658463535
0.38740819,40.672743774,40.685021071
0.38746328,40.693529103,40.702597379
0.38751836,40.702318727,40.703951382
0.38757345,40.677340577,40.650094003
0.38762853,40.665796223,40.679508496
0.38768361,40.689528258,40.700090654
0.38773870,40.701612203,40.705014424
0.38779378,40.680457200,40.655286828
0.38784887,40.672270777,40.687322824
0.38790395,40.698290811,40.709826583
0.38795904,40.712203866,40.716468002
0.38801412,40.692717431,40.668402981
0.38806920,40.685239763,40.700217588
0.38812429,40.710626739,40.721632487
0.38817937,40.723389760,40.727032242
0.38823446,40.702753215,40.677940002
0.38828954,40.693546899,40.707338918
0.38834463,40.716416841,40.726086281
0.38839971,40.726791926,40.729345116
0.38845480,40.704451900,40.679017995
0.38850988,40.693647994,40.706474268
0.38856496,40.714750445,40.723587325
0.38862005,40.723967462,40.726140374
0.38867513,40.701470669,40.676244817
0.38873022,40.690777638,40.703517346
0.38878530,40.711822478,40.720665789
0.38884039,40.721426929,40.723941238
0.38889547,40.700027315,40.675560423
0.38895055,40.690343513,40.703364241
0.38900564,40.711845890,40.720863893
0.38906072,40.721961347,40.724791345
0.38911581,40.701426286,40.677525947
0.38917089,40.692248425,40.705248743
0.38922598,40.713529565,40.722350275
0.38928106,40.723379566,40.726122012
0.38933614,40.702913730,40.679184501
0.38939123,40.693513430,40.706153861
0.38944631,40.713969927,40.722322171
0.38950140,40.723088459,40.725541502
0.38955648,40.702358907,40.678662796
0.38961157,40.692533228,40.704743082
0.38966665,40.712068495,40.719923346
0.38972174,40.720414223,40.722564767
0.38977682,40.699392013,40.675713195
0.38983190,40.689111406,40.700877189
0.38988699,40.707691230,40.715028552
0.38994207,40.715219833,40.717043292
0.38999716,40.693871290,40.670197232
0.39005224,40.683170895,40.694533421
0.39010733,40.700963279,40.707900847
0.39016241,40.708024207,40.709740236
0.39021749,40.686930094,40.663606934
0.39027258,40.676676592,40.688139979
0.39032766,40.694859019,40.702055012
0.39038275,40.702915502,40.705316757
0.39043783,40.683770974,40.661692410
0.39049292,40.675821151,40.688345252
0.39054800,40.696303949,40.704713552
0.39060308,40.707168440,40.711125346
0.39065817,40.691528486,40.671399751
0.39071325,40.687037501,40.701100037
0.39076834,40.710440945,40.720241265
0.39082342,40.724072691,40.729406385
0.39087851,40.711154724,40.692411954
0.39093359,40.708584400,40.723249146
0.39098868,40.732650427,40.742553963
0.39104376,40.746145815,40.751267716
0.39109884,40.732533304,40.713365927
0.39115393,40.728148638,40.741496888
0.39120901,40.749045088,40.757132474
0.39126410,40.758696238,40.761799949
0.39131918,40.741033198,40.719861611
0.39137427,40.732058756,40.742854362
0.39142935,40.747783348,40.753241001
0.39148443,40.752494218,40.753245125
0.39153952,40.730678289,40.707679838
0.39159460,40.718054641,40.727006237
0.39164969,40.730581326,40.734623786
0.39170477,40.733284973,40.733356521
0.39175986,40.711099178,40.688344760
0.39181494,40.699336683,40.708852651
0.39187002,40.713757505,40.719046235
0.39192511,40.719959152,40.722181464
0.39198019,40.703160651,40.683570891
0.39203528,40.698131535,40.711163857
0.39209036,40.720304456,40.729752803
0.39214545,40.735715957,40.742901098
0.39220053,40.729753940,40.715984547
0.39225562,40.736549007,40.755556602
0.39231070,40.771105836,40.786916886
0.39236578,40.799778476,40.813811552
0.39242087,40.807996424,40.801549242
0.39247595,40.829125878,40.855167981
0.39253104,40.877601535,40.900310477
0.39258612,40.919931362,40.940741089
0.39264121,40.941429209,40.941550170
0.39269629,40.974567836,41.006153615
0.39275137,41.033107076,41.060433907
0.39280646,41.083634258,41.108126005
0.39286154,41.111337105,41.114127385
0.39291663,41.147870231,41.180357547
0.39297171,41.206469065,41.233114401
0.39302680,41.254018257,41.276363041
0.39308188,41.275877942,41.275145661
0.39313696,41.303260743,41.330301997
0.39319205,41.349295316,41.368965769
0.39324713,41.381590797,41.395766522
0.39330222,41.386109038,41.376316250
0.39335730,41.394035838,41.410782331
0.39341239,41.418753762,41.427449788
0.39346747,41.428875146,41.431854321
0.39352255,41.411164785,41.390338302
0.39357764,41.396907305,41.402488455
0.39363272,41.399771346,41.397714060
0.39368781,41.389306745,41.382351265
0.39374289,41.352942879,41.323300732
0.39379798,41.321871541,41.319357535
0.39385306,41.309798165,41.300767487
0.39390815,41.286907673,41.274348504
0.39396323,41.240968103,41.207225176
0.39401831,41.202750164,41.197078994
0.39407340,41.185662206,41.174646299
0.39412848,41.160189312,41.146901397
0.39418357,41.114131008,41.080902711
0.39423865,41.077577669,41.072990000
0.39429374,41.063424450,41.054186076
0.39434882,41.042284647,41.031480618
0.39440390,41.001883312,40.971794347
0.39445899,40.971600696,40.970138172
0.39451407,40.963847844,40.957867469
0.39456916,40.949439993,40.942088367
0.39462424,40.916150810,40.889729260
0.39467933,40.892816618,40.894660856
0.39473441,40.891542640,40.888740368
0.39478949,40.883512316,40.879353641
0.39484458,40.856701731,40.833581293
0.39489966,40.839539393,40.844282769
0.39495475,40.843919858,40.843879159
0.39500983,40.841437757,40.840059116
0.39506492,40.820278409,40.800045252
0.39512000,40.808446685,40.815664582
0.39517509,40.817583993,40.819838034
0.39523017,40.819632612,40.820492536
0.39528525,40.802930534,40.784942988
0.39534034,40.795029362,40.803974611
0.39539542,40.807310885,40.811004707
0.39545051,40.812080803,40.814232652
0.39550559,40.797882863,40.781137399
0.39556068,40.791908680,40.801578361
0.39561576,40.805391463,40.809576379
0.39567084,40.811109725,40.813714932
0.39572593,40.797919768,40.781739332
0.39578101,40.792749516,40.802674876
0.39583610,40.806743277,40.811174511
0.39589118,40.813159506,40.816191039
0.39594627,40.801130685,40.785677701
0.39600135,40.797249154,40.807740661
0.39605643,40.812456830,40.817522820
0.39611152,40.820342161,40.824187061
0.39616660,40.810155452,40.795735807
0.39622169,40.808009826,40.819227395
0.39627677,40.824519486,40.830172371
0.39633186,40.833503438,40.837865907
0.39638694,40.824279133,40.810335363
0.39644203,40.822490186,40.833635565
0.39649711,40.838480801,40.843716458
0.39655219,40.846394883,40.850122256
0.39660728,40.835750888,40.821056509
0.39666236,40.831889715,40.841754282
0.39671745,40.845058551,40.848768306
0.39677253,40.849884201,40.852044546
0.39682762,40.836227146,40.820092343
0.39688270,40.829243627,40.837434639
0.39693778,40.839157997,40.841268352
0.39699287,40.841098724,40.841936793
0.39704795,40.825241729,40.808205864
0.39710304,40.816494510,40.823807797
0.39715812,40.824950925,40.826446872
0.39721321,40.826092558,40.826702277
0.39726829,40.810243907,40.793423210
0.39732337,40.801897018,40.809390929
0.39737846,40.810850840,40.812648167
0.39743354,40.812785504,40.813868513
0.39748863,40.798052678,40.781882251
0.39754371,40.790656066,40.798476338
0.39759880,40.800070829,40.802017720
0.39765388,40.802187877,40.803312562
0.39770897,40.787448957,40.771259828
0.39776405,40.779482883,40.786792548
0.39781913,40.787584870,40.788750159
0.39787422,40.788013228,40.788236510
0.39792930,40.771466264,40.754387503
0.39798439,40.761365636,40.767450705
0.39803947,40.766972190,40.766861623
0.39809456,40.765019290,40.764113328
0.39814964,40.746535026,40.728633425
0.39820472,40.734774724,40.740011439
0.39825981,40.738963572,40.738249061
0.39831489,40.736265385,40.735168359
0.39836998,40.717967079,40.700406222
0.39842506,40.707073601,40.712808549
0.39848015,40.712675568,40.712830892
0.39853523,40.712255887,40.712513067
0.39859031,40.697252450,40.681596279
0.39864540,40.690324120,40.698096831
0.39870048,40.700334757,40.702826068
0.39875557,40.704991910,40.707950305
0.39881065,40.695795566,40.683228380
0.39886574,40.694977599,40.705772498
0.39892082,40.711090503,40.716655421
0.39897591,40.721972790,40.728076364
0.39903099,40.719095242,40.709722283
0.39908607,40.724182999,40.737731471
0.39914116,40.745406314,40.753366003
0.39919624,40.760676634,40.768813019
0.39925133,40.761409685,40.753680061
0.39930641,40.768844521,40.783180410
0.39936150,40.790834979,40.798848222
0.39941658,40.805476737,40.812997819
0.39947166,40.804297418,40.795351894
0.39952675,40.808273348,40.820451800
0.39958183,40.825203762,40.830375300
0.39963692,40.833650886,40.837857397
0.39969200,40.825549297,40.813033259
0.39974709,40.821906063,40.830063422
0.39980217,40.830729689,40.831807098
0.39985725,40.831261164,40.831606842
0.39991234,40.815997122,40.800133897
0.39996742,40.806067873,40.811230130
0.40002251,40.809707495,40.808506923
0.40007759,40.806771601,40.805814687
0.40013268,40.790187729,40.774197437
0.40018776,40.781023693,40.786970126
0.40024284,40.787500378,40.788226724
0.40029793,40.789802598,40.792023239
0.40035301,40.780975356,40.769451118
0.40040810,40.781695505,40.792966877
0.40046318,40.799825987,40.806789046
0.40051827,40.815521452,40.824817784
0.40057335,40.821584387,40.817832851
0.40062844,40.837950877,40.857091816
0.40068352,40.871787034,40.886600126
0.40073860,40.902897596,40.919798936
0.40079369,40.923566460,40.926906034
0.40084877,40.952780738,40.977813145
0.40090386,40.996884067,41.016227265
0.40095894,41.035307330,41.055166488
0.40101403,41.059922485,41.064462904
0.40106911,41.089024274,41.112979382
0.40112419,41.128539193,41.144598593
0.40117928,41.158069504,41.172532403
0.40123436,41.169750349,41.166961979
0.40128945,41.181961872,41.196544757
0.40134453,41.201043007,41.206177798
0.40139962,41.207592811,41.210081414
0.40145470,41.194781901,41.179518491
0.40150978,41.181742857,41.183545520
0.40156487,41.175731262,41.168480212
0.40161995,41.158641707,41.149743427
0.40167504,41.124757420,41.099642093
0.40173012,41.093816379,41.087375206
0.40178521,41.073623533,41.060201926
0.40184029,41.046805246,41.034092835
0.40189538,41.008045089,40.981622388
0.40195046,40.976878395,40.971290145
0.40200554,40.960800975,40.950419154
0.40206063,40.942309592,40.934681704
0.40211571,40.915677143,40.896143523
0.40217080,40.899517032,40.901941292
0.40222588,40.900409344,40.898911452
0.40228097,40.900242087,40.902019271
0.40233605,40.892542567,40.882560261
0.40239113,40.894817962,40.906201600
0.40244622,40.912689890,40.919314756
0.40250130,40.927527554,40.936316248
0.40255639,40.932334789,40.928017618
0.40261147,40.943861053,40.959028272
0.40266656,40.967225982,40.975756918
0.40272164,40.983826101,40.992662010
0.40277672,40.986765220,40.980728371
0.40283181,40.992714896,41.004211936
0.40288689,41.006992573,41.010255946
0.40294198,41.011704174,41.014029224
0.40299706,41.000687515,40.987291264
0.40305215,40.991088572,40.994449928
0.40310723,40.988852771,40.983739603
0.40316232,40.977072995,40.971238580
0.40321740,40.950435291,40.929510484
0.40327248,40.926508936,40.922983391
0.40332757,40.911652092,40.900683220
0.40338265,40.889582156,40.879170498
0.40343774,40.855361229,40.831293634
0.40349282,40.826441952,40.820938488
0.40354791,40.809023848,40.797340133
0.40360299,40.786885278,40.776994232
0.40365807,40.754953521,40.732557452
0.40371316,40.730140841,40.727001632
0.40376824,40.718167175,40.709500489
0.40382333,40.702661907,40.696335029
0.40387841,40.678325714,40.659936638
0.40393350,40.661551730,40.662440309
0.40398858,40.657692788,40.653107468
0.40404366,40.650409020,40.648215764
0.40409875,40.634403931,40.620219949
0.40415383,40.625809566,40.630687138
0.40420892,40.629869437,40.629214325
0.40426400,40.630508714,40.632297084
0.40431909,40.622633995,40.612593254
0.40437417,40.622273107,40.631236850
0.40442926,40.634659779,40.638225127
0.40448434,40.644019698,40.650277506
0.40453942,40.645440363,40.640204207
0.40459451,40.654773088,40.668612131
0.40464959,40.677122033,40.685752797
0.40470468,40.696855084,40.708397754
0.40475976,40.709064549,40.709328042
0.40481485,40.729251501,40.748456894
0.40486993,40.762231938,40.776138676
0.40492501,40.792387780,40.809090978
0.40498010,40.814740362,40.820019337
0.40503518,40.844432445,40.868173417
0.40509027,40.886052755,40.904102291
0.40514535,40.924123843,40.944631049
0.40520044,40.953785291,40.962607413
0.40525552,40.990059215,41.016876692
0.40531060,41.037563214,41.058437490
0.40536569,41.081202021,41.104452137
0.40542077,41.116432713,41.128080847
0.40547586,41.158284006,41.187850523
0.40553094,41.211424495,41.235168819
0.40558603,41.261036108,41.287365947
0.40564111,41.302659236,41.317615125
0.40569620,41.350975288,41.383715714
0.40575128,41.410246763,41.436977664
0.40580636,41.465405707,41.494348914
0.40586145,41.511531614,41.528474360
0.40591653,41.562455121,41.595957441
0.40597162,41.621622278,41.647655393
0.40602670,41.673449342,41.699954404
0.40608179,41.712483022,41.725004980
0.40613687,41.751857611,41.778489213
0.40619195,41.794589246,41.811310749
0.40624704,41.825184252,41.840007945
0.40630212,41.838455557,41.837123445
0.40635721,41.847785548,41.858424018
0.40641229,41.856780039,41.855896950
0.40646738,41.851053062,41.847234616
0.40652246,41.826627412,41.806260933
0.40657754,41.797933152,41.789540940
0.40663263,41.769754690,41.750612395
0.40668771,41.729144193,41.708516829
0.40674280,41.673386043,41.638267826
0.40679788,41.617730127,41.596863959
0.40685297,41.567645153,41.538767855
0.40690805,41.510895234,41.483540443
0.40696313,41.445125275,41.406409195
0.40701822,41.385393758,41.363756274
0.40707330,41.336794396,41.309897188
0.40712839,41.286759483,41.263893267
0.40718347,41.232331404,41.200275907
0.40723856,41.187548319,41.174061155
0.40729364,41.156468470,41.138844925
0.40734873,41.125723338,41.112822531
0.40740381,41.091491613,41.069673254
0.40745889,41.066738885,41.063099458
0.40751398,41.054627270,41.046205020
0.40756906,41.041293634,41.036705386
0.40762415,41.022500792,41.007938897
0.40767923,41.010698725,41.012899196
0.40773432,41.008777420,41.004843320
0.40778940,41.003029538,41.001664181
0.40784448,40.989446350,40.976992160
0.40789957,40.980568957,40.983694442
0.40795465,40.979550862,40.975671624
0.40800974,40.973279713,40.971382705
0.40806482,40.958306266,40.945023873
0.40811991,40.947479223,40.949495366
0.40817499,40.944312093,40.939374652
0.40823007,40.936267691,40.933613009
0.40828516,40.920336536,40.906805782
0.40834024,40.909474434,40.911651090
0.40839533,40.907289547,40.903106728
0.40845041,40.901509220,40.900290134
0.40850550,40.889233896,40.877861037
0.40856058,40.883200247,40.887996977
0.40861567,40.886802610,40.885736889
0.40867075,40.887755512,40.890107977
0.40872583,40.883039828,40.875631109
0.40878092,40.885003140,40.893826447
0.40883600,40.896718175,40.899735206
0.40889109,40.905842941,40.912285504
0.40894617,40.909264620,40.905919899
0.40900126,40.919037781,40.931633238
0.40905634,40.938070923,40.944652288
0.40911142,40.954173337,40.964038886
0.40916651,40.964387615,40.964423475
0.40922159,40.980749940,40.996560021
0.40927668,41.006278444,41.016125621
0.40933176,41.029178863,41.042542622
0.40938685,41.046841882,41.050789241
0.40944193,41.071400303,41.091450170
0.40949701,41.105991579,41.120601649
0.40955210,41.139103150,41.157848446
0.40960718,41.168231259,41.178209229
0.40966227,41.205241971,41.231679289
0.40971735,41.252922557,41.274213607
0.40977244,41.299496485,41.325025940
0.40982752,41.341991213,41.358597306
0.40988261,41.391457043,41.423810918
0.40993769,41.449859092,41.476076533
0.40999277,41.504813273,41.533951071
0.41004786,41.552711956,41.571309298
0.41010294,41.603834114,41.636079247
0.41015803,41.659587751,41.683499049
0.41021311,41.707458099,41.732050137
0.41026820,41.743867466,41.755751978
0.41032328,41.779132738,41.802448295
0.41037836,41.814994540,41.828117897
0.41043345,41.839707369,41.852057808
0.41048853,41.850567536,41.849232537
0.41054362,41.858655750,41.868055978
0.41059870,41.866597074,41.865698810
0.41065379,41.863755448,41.862503524
0.41070887,41.848417279,41.834381704
0.41076395,41.832325168,41.830110531
0.41081904,41.818687971,41.807656299
0.41087412,41.797516198,41.787874702
0.41092921,41.767513860,41.747008705
0.41098429,41.740459551,41.733560007
0.41103938,41.719517306,41.705669550
0.41109446,41.694760024,41.684156529
0.41114955,41.664812937,41.645150607
0.41120463,41.641111755,41.636564306
0.41125971,41.626525489,41.616526518
0.41131480,41.611067343,41.605762832
0.41136988,41.593282277,41.580344710
0.41142497,41.584362856,41.587741558
0.41148005,41.587051986,41.586263851
0.41153514,41.591506142,41.596757538
0.41159022,41.596395286,41.595434168
0.41164530,41.612843981,41.629473850
0.41170039,41.643579522,41.657437347
0.41175547,41.678919042,41.700258004
0.41181056,41.717563591,41.734133354
0.41186564,41.770349985,41.805669618
0.41192073,41.839629625,41.873242359
0.41197581,41.915370678,41.957288508
0.41203089,41.995647543,42.033259548
0.41208598,42.090210904,42.146322277
0.41214106,42.200113647,42.253685299
0.41219615,42.313969150,42.374255123
0.41225123,42.428216832,42.481748113
0.41230632,42.550634523,42.619098594
0.41236140,42.680378297,42.741933981
0.41241649,42.804600554,42.867820939
0.41247157,42.918703353,42.969736576
0.41252665,43.029954146,43.090309118
0.41258174,43.137982374,43.186404928
0.41263682,43.231630054,43.277748345
0.41269191,43.308870371,43.340322767
0.41274699,43.380025605,43.419866857
0.41280208,43.448120157,43.476942657
0.41285716,43.505401827,43.534428264
0.41291224,43.552551983,43.570596391
0.41296733,43.601428308,43.631961664
0.41302241,43.655528823,43.679245875
0.41307750,43.706718523,43.734403914
0.41313258,43.754408061,43.774082974
0.41318767,43.808457400,43.842398214
0.41324275,43.870193811,43.898107352
0.41329783,43.929531561,43.961231437
0.41335292,43.984086119,44.006761980
0.41340800,44.042083305,44.077180763
0.41346309,44.103767906,44.130697234
0.41351817,44.158817536,44.187413499
0.41357326,44.205341351,44.223233132
0.41362834,44.252693337,44.281974638
0.41368342,44.303009344,44.324300308
0.41373851,44.348448858,44.372861262
0.41379359,44.389470333,44.405748068
0.41384868,44.436958424,44.467666199
0.41390376,44.493527418,44.519354163
0.41395885,44.550637597,44.582000356
0.41401393,44.606665759,44.630985345
0.41406902,44.669245721,44.707179012
0.41412410,44.737408598,44.767942789
0.41417918,44.799556792,44.831702601
0.41423427,44.851981156,44.872411039
0.41428935,44.901558559,44.930829123
0.41434444,44.948303873,44.966395908
0.41439952,44.983280975,45.000823121
0.41445461,45.006343683,45.011951217
0.41450969,45.027945598,45.043835254
0.41456477,45.051157520,45.058754807
0.41461986,45.069145067,45.079809312
0.41467494,45.082464902,45.084856475
0.41473003,45.100925198,45.116605763
0.41478511,45.126317347,45.136083917
0.41484020,45.150620826,45.165256650
0.41489528,45.173561603,45.181448773
0.41495036,45.204575843,45.227149566
0.41500545,45.245696192,45.264096962
0.41506053,45.289568753,45.314913738
0.41511562,45.336352355,45.357162432
0.41517070,45.395157615,45.432444858
0.41522579,45.466914177,45.501175120
0.41528087,45.542478851,45.583725211
0.41533596,45.619472091,45.654823078
0.41539104,45.703905362,45.752673688
0.41544612,45.793674938,45.834991137
0.41550121,45.877220316,45.920004603
0.41555629,45.950515721,45.981284871
0.41561138,46.018852863,46.056734542
0.41566646,46.080702541,46.105511611
0.41572155,46.126487544,46.148388857
0.41577663,46.155172563,46.162399395
0.41583171,46.175585169,46.189067078
0.41588680,46.190045458,46.191645754
0.41594188,46.192769544,46.194435074
0.41599697,46.185784221,46.177091449
0.41605205,46.179782743,46.182244744
0.41610714,46.177799325,46.173463127
0.41616222,46.173752441,46.174139253
0.41621730,46.168319880,46.162131226
0.41627239,46.169954618,46.177357770
0.41632747,46.179104920,46.180900835
0.41638256,46.187222021,46.193698628
0.41643764,46.192756704,46.191599623
0.41649273,46.202385113,46.212949681
0.41654781,46.215771726,46.218812155
0.41660290,46.225007278,46.231422545
0.41665798,46.230603519,46.229461218
0.41671306,46.242580541,46.255138029
0.41676815,46.265049671,46.274582212
0.41682323,46.294923172,46.314683590
0.41687832,46.336436544,46.356999384
0.41693340,46.400675807,46.443048373
0.41698849,46.489169924,46.534506050
0.41704357,46.592262266,46.649557879
0.41709865,46.704086014,46.758173580
0.41715374,46.823811759,46.889478151
0.41720882,46.942101752,46.995653256
0.41726391,47.042354843,47.090391062
0.41731899,47.117474624,47.145668103
0.41737408,47.171566181,47.198513982
0.41742916,47.205508822,47.213757552
0.41748424,47.215914707,47.219038578
0.41753933,47.208719799,47.198600932
0.41759441,47.198096387,47.197421922
0.41764950,47.190559130,47.183668748
0.41770458,47.183677050,47.183526776
0.41775967,47.180273891,47.176396456
0.41781475,47.188763312,47.200479476
0.41786984,47.209171511,47.217657216
0.41792492,47.233409892,47.249046316
0.41798000,47.260195512,47.270889974
0.41803509,47.295618499,47.319894875
0.41809017,47.339244183,47.358529480
0.41814526,47.384099400,47.409591992
0.41820034,47.430878034,47.451632560
0.41825543,47.487865189,47.523456556
0.41831051,47.556740878,47.589679363
0.41836559,47.632244066,47.674406310
0.41842068,47.715821154,47.756406368
0.41847576,47.815177823,47.873103002
0.41853085,47.930171403,47.986835817
0.41858593,48.052705554,48.118306474
0.41864102,48.180562095,48.242334015
0.41869610,48.317440518,48.392231751
0.41875118,48.459750727,48.527512724
0.41880627,48.597274399,48.667448188
0.41886135,48.727228149,48.787159954
0.41891644,48.854245742,48.921534466
0.41897152,48.977011156,49.033087122
0.41902661,49.088376886,49.144279334
0.41908169,49.188468399,49.232903338
0.41913678,49.283882126,49.335112952
0.41919186,49.374096986,49.413743189
0.41924694,49.451648993,49.490298586
0.41930203,49.515333465,49.540847676
0.41935711,49.569809606,49.599351868
0.41941220,49.612798364,49.627286241
0.41946728,49.635925027,49.645681050
0.41952237,49.638156336,49.631416698
0.41957745,49.625508506,49.620348069
0.41963253,49.598393896,49.577446929
0.41968762,49.552296967,49.527999609
0.41974270,49.490553888,49.453407461
0.41979779,49.423349722,49.393365783
0.41985287,49.354617417,49.316068783
0.41990796,49.282297084,49.248518234
0.41996304,49.210627835,49.172215049
0.42001812,49.149001476,49.125147980
0.42007321,49.099257458,49.073003202
0.42012829,49.056455384,49.039512831
0.42018338,49.021486057,49.002731770
0.42023846,49.000297238,48.997177436
0.42029355,48.991733712,48.985999541
0.42034863,48.988637372,48.991036068
0.42040371,48.990363559,48.989172931
0.42045880,49.001870189,49.014113143
0.42051388,49.021623479,49.029064633
0.42056897,49.042664900,49.056222291
0.42062405,49.064829136,49.073084908
0.42067914,49.093639720,49.113867511
0.42073422,49.128334279,49.142803449
0.42078931,49.163020201,49.183202346
0.42084439,49.198738042,49.213864740
0.42089947,49.242280982,49.270234059
0.42095456,49.294387878,49.318314695
0.42100964,49.350936141,49.383202260
0.42106473,49.414679488,49.445357504
0.42111981,49.493699131,49.541150264
0.42117490,49.589390128,49.636987501
0.42122998,49.697326544,49.756985005
0.42128506,49.818451710,49.878980120
0.42134015,49.957226325,50.034712365
0.42139523,50.109872727,50.184844214
0.42145032,50.265802367,50.346876988
0.42150540,50.419462850,50.492221398
0.42156049,50.569445608,50.647239141
0.42161557,50.707968140,50.769909490
0.42167065,50.823239355,50.877998183
0.42172574,50.911541001,50.946332015
0.42178082,50.976090181,51.007133275
0.42183591,51.016017758,51.026395119
0.42189099,51.027804823,51.030483216
0.42194608,51.016053255,51.002325539
0.42200116,50.991221922,50.980557656
0.42205625,50.958035603,50.935960216
0.42211133,50.916682103,50.897531193
0.42216641,50.873481279,50.848989037
0.42222150,50.838895310,50.828148649
0.42227658,50.816635241,50.804548736
0.42233167,50.805505066,50.805647254
0.42238675,50.810333430,50.813715641
0.42244184,50.840069586,50.864987094
0.42249692,50.896926798,50.927601326
0.42255200,50.977920180,51.026876041
0.42260709,51.085069407,51.141640767
0.42266217,51.222840633,51.302614577
0.42271726,51.387116699,51.470780541
0.42277234,51.566939261,51.662640476
0.42282743,51.755229425,51.847585798
0.42288251,51.947341500,52.047461580
0.42293759,52.131710008,52.217143125
0.42299268,52.293173431,52.370784375
0.42304776,52.424593475,52.479994446
0.42310285,52.525587356,52.572952727
0.42315793,52.592623575,52.614347763
0.42321302,52.620779758,52.629131669
0.42326810,52.612813050,52.598058854
0.42332319,52.575004988,52.553632853
0.42337827,52.504599109,52.457892012
0.42343335,52.389233368,52.323654936
0.42348844,52.214262350,52.109031251
0.42354352,51.958198170,51.813551569
0.42359861,51.581759840,51.358985779
0.42365369,51.031074145,50.715092258
0.42370878,50.250933450,49.801495005
0.42376386,49.188316681,48.592649526
0.42381894,47.790796217,47.008648453
0.42387403,46.018297423,45.048229814
0.42392911,43.861692972,42.694167722
0.42398420,41.346582608,40.015305474
0.42403928,38.525730080,37.048367165
0.42409437,35.478472199,33.915174989
0.42414945,32.312281618,30.709580362
0.42420453,29.148425972,27.581498464
0.42425962,26.099265461,24.606272474
0.42431470,23.258611729,21.896141069
0.42436979,20.702089268,19.490498973
0.42442487,18.479669884,17.450441885
0.42447996,16.606135446,15.744132612
0.42453504,15.067422614,14.374431809
0.42459013,13.836173936,13.283510119
0.42464521,12.876150639,12.456875087
0.42470029,12.139849325,11.813592230
0.42475538,11.576789283,11.332909869
0.42481046,11.146542502,10.954738742
0.42486555,10.817990972,10.677403320
0.42492063,10.560959689,10.442113837
0.42497572,10.348758504,10.253813157
0.42503080,10.166388540,10.077753024
0.42508588,10.006519293,9.934581081
0.42514097,9.859485526,9.784235187
0.42519605,9.715263145,9.646265858
0.42525114,9.571640248,9.496869592
0.42530622,9.430624042,9.364382675
0.42536131,9.289233062,9.214382951
0.42541639,9.142195203,9.070263332
0.42547147,8.990525371,8.910813649
0.42552656,8.838278638,8.765848278
0.42558164,8.683797312,8.602097256
0.42563673,8.522721350,8.443623750
0.42569181,8.356597968,8.269610144
0.42574690,8.189679655,8.109860882
0.42580198,8.020399645,7.931289238
0.42585707,7.844531649,7.758047168
0.42591215,7.663715270,7.569415858
0.42596723,7.482211947,7.395110303
0.42602232,7.298539860,7.202297429
0.42607740,7.108729481,7.015395663
0.42613249,6.914725934,6.814035087
0.42618757,6.721074399,6.628141902
0.42624266,6.526692709,6.425466302
0.42629774,6.328206542,6.231041195
0.42635282,6.128214217,6.025194021
0.42640791,5.931879541,5.838385426
0.42646299,5.738804450,5.639197403
0.42651808,5.546388384,5.453389706
0.42657316,5.357882936,5.261879488
0.42662825,5.178805075,5.095243354
0.42668333,5.008819761,4.922075234
0.42673841,4.845053537,4.767589642
0.42679350,4.689916645,4.611573942
0.42684858,4.547385869,4.482646436
0.42690367,4.415036592,4.347169774
0.42695875,4.287548403,4.227691534
0.42701384,4.164616192,4.101223881
0.42706892,4.047464528,3.993630104
0.42712400,3.931367423,3.869401486
0.42717909,3.809588345,3.750115789
0.42723417,3.681457029,3.613020014
0.42728926,3.548974590,3.485288892
0.42734434,3.409450432,3.334178631
0.42739943,3.259315634,3.184863436
0.42745451,3.101698680,3.018621723
0.42750960,2.942462727,2.866342382
0.42756468,2.782434427,2.698623161
0.42761976,2.620810202,2.542852797
0.42767485,2.462262281,2.381195527
0.42772993,2.312754018,2.243845158
0.42778502,2.171960468,2.099773430
0.42784010,2.037011084,1.973846876
0.42789519,1.909872358,1.845320750
0.42795027,1.793547236,1.741347763
0.42800535,1.685044234,1.628585865
0.42806044,1.579516037,1.530258560
0.42811552,1.477698735,1.424805727
0.42817061,1.382070046,1.339143048
0.42822569,1.289849284,1.240591299
0.42828078,1.197044000,1.153437215
0.42833586,1.105582068,1.057454317
0.42839094,1.019229549,0.980802249
0.42844603,0.936572163,0.892292517
0.42850111,0.855015500,0.817529855
0.42855620,0.777677800,0.737362101
0.42861128,0.709097019,0.680420652
0.42866637,0.648166660,0.615665396
0.42872145,0.592040850,0.568062653
0.42877654,0.542789902,0.517008025
0.42883162,0.503027124,0.488722303
0.42888670,0.469109470,0.449482077
0.42894179,0.435435298,0.421407114
0.42899687,0.401454321,0.381473626
0.42905196,0.367773630,0.354275589
0.42910704,0.329989988,0.306172142
0.42916213,0.283417817,0.261032432
0.42921721,0.230088735,0.199261041
0.42927229,0.174587119,0.149997695
0.42932738,0.117496755,0.085063603
0.42938246,0.059471136,0.033593720
0.42943755,0.007292572,-0.019726550
0.42949263,-0.031131718,-0.043367627
0.42954772,-0.053784149,-0.065019188
0.42960280,-0.060674603,-0.057358693
0.42965788,-0.047827620,-0.039517843
0.42971297,-0.011962439,0.014558104
0.42976805,0.043238679,0.071210804
0.42982314,0.111814874,0.151795964
0.42987822,0.192172520,0.231981232
0.42993331,0.282961561,0.333731657
0.42998839,0.377338095,0.421141221
0.43004348,0.467894012,0.514927028
0.43009856,0.553138841,0.591617701
0.43015364,0.633074339,0.675033459
0.43020873,0.703214661,0.732146354
0.43026381,0.759181373,0.786881140
0.43031890,0.802689570,0.818991043
0.43037398,0.836735705,0.855067680
0.43042907,0.859495142,0.864637690
0.43048415,0.868844125,0.873589473
0.43053923,0.868182831,0.863086015
0.43059432,0.861573947,0.860432607
0.43064940,0.847811254,0.835670590
0.43070449,0.825093022,0.814818606
0.43075957,0.796829749,0.778929191
0.43081466,0.766807929,0.754855816
0.43086974,0.733443816,0.712329445
0.43092482,0.694581746,0.676974670
0.43097991,0.653237924,0.629451720
0.43103499,0.612730707,0.596063361
0.43109008,0.571059922,0.546254068
0.43114516,0.525777852,0.505356414
0.43120025,0.479628247,0.453781614
0.43125533,0.435612397,0.417441803
0.43131042,0.391471307,0.365650860
0.43136550,0.344615082,0.323593557
0.43142058,0.297650805,0.271559567
0.43147567,0.253382167,0.235181894
0.43153075,0.209393790,0.183737139
0.43158584,0.163040580,0.142342693
0.43164092,0.116868393,0.091236962
0.43169601,0.073550786,0.055838397
0.43175109,0.030576934,0.005443558
0.43180617,-0.014698116,-0.034844175
0.43186126,-0.059738476,-0.084788540
0.43191634,-0.101953327,-0.119139870
0.43197143,-0.143907265,-0.168543969
0.43202651,-0.188210716,-0.207880394
0.43208160,-0.232310401,-0.256891409
0.43213668,-0.273677406,-0.290478063
0.43219176,-0.314916005,-0.339218457
0.43224685,-0.358593853,-0.377968813
0.43230193,-0.402134984,-0.426445737
0.43235702,-0.443067438,-0.459695328
0.43241210,-0.484029836,-0.508222997
0.43246719,-0.527540915,-0.546854381
0.43252227,-0.570994104,-0.595271832
0.43257736,-0.611965238,-0.628656605
0.43263244,-0.653119910,-0.677436382
0.43268752,-0.696925977,-0.716407171
0.43274261,-0.740752708,-0.765228783
0.43279769,-0.782242854,-0.799243813
0.43285278,-0.824127520,-0.848852712
0.43290786,-0.868889143,-0.888901902
0.43296295,-0.913972451,-0.939147404
0.43301803,-0.957229411,-0.975258477
0.43307311,-1.001651506,-1.027832334
0.43312820,-1.049990604,-1.072051471
0.43318328,-1.100082415,-1.128113915
0.43323837,-1.150355635,-1.172405929
0.43329345,-1.204459498,-1.236128066
0.43334854,-1.265800133,-1.295165431
0.43340362,-1.332909432,-1.370406603
0.43345870,-1.404928888,-1.438983942
0.43351379,-1.486027536,-1.532402105
0.43356887,-1.579744992,-1.626511526
0.43362396,-1.684312473,-1.741637723
0.43367904,-1.798061435,-1.853866199
0.43373413,-1.923653715,-1.992738953
0.43378921,-2.062345395,-2.131493401
0.43384429,-2.209475237,-2.287270695
0.43389938,-2.360107207,-2.432796331
0.43395446,-2.513445063,-2.594040849
0.43400955,-2.667397520,-2.741092582
0.43406463,-2.814554347,-2.888720672
0.43411972,-2.948255307,-3.008563693
0.43417480,-3.067199527,-3.126664549
0.43422989,-3.170111115,-3.214664921
0.43428497,-3.251800821,-3.290228259
0.43434005,-3.309110658,-3.329125251
0.43439514,-3.345102906,-3.362018654
0.43445022,-3.363244562,-3.365435406
0.43450531,-3.363101497,-3.361683469
0.43456039,-3.345908327,-3.330697445
0.43461548,-3.318324669,-3.306185719
0.43467056,-3.286352816,-3.266699242
0.43472564,-3.251055470,-3.235509281
0.43478073,-3.214243320,-3.192735649
0.43483581,-3.182305250,-3.171351542
0.43489090,-3.160296690,-3.148731886
0.43494598,-3.147986373,-3.146721763
0.43500107,-3.145803672,-3.144101712
0.43505615,-3.158719755,-3.172348647
0.43511123,-3.190342077,-3.207433979
0.43516632,-3.239028826,-3.269786726
0.43522140,-3.303797329,-3.336791224
0.43527649,-3.387981693,-3.438057032
0.43533157,-3.493136479,-3.547317837
0.43538666,-3.615139736,-3.682278729
0.43544174,-3.750124661,-3.817281210
0.43549683,-3.898116022,-3.978353234
0.43555191,-4.057056522,-4.135567427
0.43560699,-4.219271918,-4.303164366
0.43566208,-4.377794732,-4.452734398
0.43571716,-4.530272815,-4.608288518
0.43577225,-4.673270327,-4.739141529
0.43582733,-4.799060691,-4.860177902
0.43588242,-4.902110267,-4.945218508
0.43593750,-4.982852156,-5.021627730
0.43599258,-5.041733129,-5.063144786
0.43604767,-5.075761212,-5.089717858
0.43610275,-5.084620407,-5.080567865
0.43615784,-5.073906248,-5.068009639
0.43621292,-5.048697583,-5.030109898
0.43626801,-5.009846558,-4.990186896
0.43632309,-4.959915295,-4.929857732
0.43637817,-4.906229708,-4.882503346
0.43643326,-4.854435965,-4.826246835
0.43648834,-4.805024068,-4.783610927
0.43654343,-4.759541449,-4.734969446
0.43659851,-4.723827223,-4.711962054
0.43665360,-4.701782654,-4.690946638
0.43670868,-4.692206517,-4.692817056
0.43676377,-4.695217472,-4.696718936
0.43681885,-4.715475863,-4.733166492
0.43687393,-4.755882999,-4.777644117
0.43692902,-4.814392968,-4.850235967
0.43698410,-4.890308021,-4.929280322
0.43703919,-4.987202275,-5.043940566
0.43709427,-5.106359620,-5.167821492
0.43714936,-5.243504851,-5.318429560
0.43720444,-5.395073600,-5.470949783
0.43725952,-5.561101646,-5.650615577
0.43731461,-5.738801886,-5.826798713
0.43736969,-5.919698342,-6.012812357
0.43742478,-6.096361567,-6.180284996
0.43747986,-6.265671435,-6.351675226
0.43753495,-6.422767002,-6.494960698
0.43759003,-6.558573813,-6.623641086
0.43764511,-6.666723293,-6.711287959
0.43770020,-6.746656516,-6.783557063
0.43775528,-6.797232790,-6.812689612
0.43781037,-6.813865511,-6.816925233
0.43786545,-6.794904385,-6.774568553
0.43792054,-6.744051788,-6.715096202
0.43797562,-6.663391496,-6.613393285
0.43803071,-6.550233482,-6.488854490
0.43808579,-6.403392050,-6.319558473
0.43814087,-6.225618118,-6.133290783
0.43819596,-6.016914043,-5.902433139
0.43825104,-5.771984555,-5.643636438
0.43830613,-5.487206422,-5.332816792
0.43836121,-5.163652743,-4.996537463
0.43841630,-4.800961227,-4.607645204
0.43847138,-4.395302485,-4.185243439
0.43852646,-3.946597780,-3.709892329
0.43858155,-3.461385403,-3.214462857
0.43863663,-2.946275973,-2.679467778
0.43869172,-2.405379468,-2.132262384
0.43874680,-1.846767843,-1.561506965
0.43880189,-1.284382860,-1.006826795
0.43885697,-0.730604367,-0.453551341
0.43891205,-0.193070451,0.068703659
0.43896714,0.319248496,0.571729803
0.43902222,0.794345561,1.019326261
0.43907731,1.224460958,1.432007965
0.43913239,1.608706341,1.787852807
0.43918748,1.946259323,2.107292367
0.43924256,2.233943250,2.363185506
0.43929764,2.472764992,2.584561812
0.43935273,2.669769946,2.756882768
0.43940781,2.830669761,2.906277450
0.43946290,2.957184751,3.009704300
0.43951798,3.053525184,3.098500138
0.43957307,3.128254814,3.158847015
0.43962815,3.187099451,3.216161439
0.43968324,3.230675862,3.245886541
0.43973832,3.261360710,3.277193802
0.43979340,3.285408545,3.293799696
0.43984849,3.306001283,3.318482627
0.43990357,3.321274316,3.324350075
0.43995866,3.331384430,3.338468448
0.44001374,3.340644740,3.342776888
0.44006883,3.350570008,3.358492742
0.44012391,3.357977561,3.357647036
0.44017899,3.362073967,3.366488234
0.44023408,3.366476379,3.366386488
0.44028916,3.372169503,3.378066446
0.44034425,3.375635435,3.373380900
0.44039933,3.375943026,3.378486928
0.44045442,3.376660334,3.374752059
0.44050950,3.378739021,3.382834861
0.44056458,3.378692753,3.374715791
0.44061967,3.375709811,3.376667886
0.44067475,3.373476499,3.370182489
0.44072984,3.373005822,3.375913733
0.44078492,3.370877530,3.365976538
0.44084001,3.366385016,3.366723915
0.44089509,3.363280169,3.359701185
0.44095018,3.362555637,3.365464067
0.44100526,3.360754449,3.356149889
0.44106034,3.357159311,3.358071611
0.44111543,3.355468038,3.352708775
0.44117051,3.356538190,3.360408589
0.44122560,3.356773647,3.353235675
0.44128068,3.355363116,3.357391076
0.44133577,3.355892657,3.354244815
0.44139085,3.359057249,3.363924259
0.44144593,3.361125776,3.358440988
0.44150102,3.361228116,3.363934908
0.44155610,3.362902757,3.361744335
0.44161119,3.366770783,3.371876740
0.44166627,3.369071919,3.366402835
0.44172136,3.368991724,3.371518667
0.44177644,3.370136116,3.368644006
0.44183152,3.373159420,3.377767996
0.44188661,3.374362977,3.371100821
0.44194169,3.373055684,3.374949846
0.44199678,3.372951743,3.370842909
0.44205186,3.374751279,3.378749327
0.44210695,3.374801639,3.370988906
0.44216203,3.372494142,3.373928027
0.44221712,3.371590958,3.369133891
0.44227220,3.372765576,3.376479442
0.44232728,3.372333973,3.368315500
0.44238237,3.369695081,3.370996046
0.44243745,3.368594603,3.366069851
0.44249254,3.369631510,3.373275338
0.44254762,3.369062432,3.364976463
0.44260271,3.366287172,3.367519195
0.44265779,3.365049396,3.362458471
0.44271287,3.365906658,3.369440069
0.44276796,3.365102735,3.360892532
0.44282304,3.362091845,3.363209769
0.44287813,3.360670123,3.358006279
0.44293321,3.361402936,3.364880601
0.44298830,3.360558697,3.356355698
0.44304338,3.357666845,3.358885331
0.44309846,3.356577853,3.354135408
0.44315355,3.357847291,3.361630140
0.44320863,3.357731717,3.353940890
0.44326372,3.355783111,3.357521655
0.44331880,3.355842572,3.354021625
0.44337389,3.358387168,3.362821108
0.44342897,3.359593599,3.356473114
0.44348406,3.358974969,3.361375473
0.44353914,3.360314414,3.359119616
0.44359422,3.363979694,3.368921228
0.44364931,3.366057232,3.363314792
0.44370439,3.366032358,3.368664329
0.44375948,3.367663090,3.366546934
0.44381456,3.371260707,3.376076111
0.44386965,3.372889905,3.369842765
0.44392473,3.372087220,3.374260388
0.44397981,3.372669646,3.370976952
0.44403490,3.374975254,3.379085485
0.44408998,3.375122761,3.371303408
0.44414507,3.372762174,3.374148345
0.44420015,3.371814249,3.369374205
0.44425524,3.372668310,3.376067507
0.44431032,3.371499139,3.367062335
0.44436540,3.368049764,3.368949258
0.44442049,3.366304232,3.363538177
0.44447557,3.366646470,3.369845528
0.44453066,3.365238704,3.360748109
0.44458574,3.361841606,3.362832303
0.44464083,3.360426842,3.357889452
0.44469591,3.361303008,3.364800360
0.44475100,3.360560122,3.356430591
0.44480608,3.357930804,3.359324718
0.44486116,3.357345738,3.355235877
0.44491625,3.359028089,3.362908731
0.44497133,3.359003035,3.355212973
0.44502642,3.356997719,3.358681292
0.44508150,3.356937044,3.355069274
0.44513659,3.359002944,3.363033444
0.44519167,3.359204094,3.355496544
0.44524675,3.357309992,3.359026297
0.44530184,3.357283698,3.355421855
0.44535692,3.359303129,3.363285061
0.44541201,3.359388235,3.355613883
0.44546709,3.357367776,3.359022699
0.44552218,3.357249493,3.355355581
0.44557726,3.359204631,3.363152972
0.44563234,3.359253704,3.355473273
0.44568743,3.357267758,3.358958207
0.44574251,3.357278767,3.355475048
0.44579760,3.359429881,3.363481638
0.44585268,3.359721123,3.356075849
0.44590777,3.358046188,3.359908364
0.44596285,3.358444342,3.356854140
0.44601793,3.361016922,3.365276532
0.44607302,3.361732166,3.358302235
0.44612810,3.360496612,3.362581948
0.44618319,3.361348245,3.359990112
0.44623827,3.364338813,3.368788314
0.44629336,3.365396842,3.362123514
0.44634844,3.364433241,3.366637991
0.44640353,3.365476595,3.364197818
0.44645861,3.368522522,3.372957523
0.44651369,3.369455673,3.366081244
0.44656878,3.368190864,3.370204877
0.44662386,3.368752681,3.367194789
0.44667895,3.371093693,3.375115927
0.44673403,3.371076068,3.367174893
0.44678912,3.368648381,3.370035616
0.44684420,3.367869690,3.365607326
0.44689928,3.368695634,3.371915193
0.44695437,3.367016988,3.362260839
0.44700945,3.362868825,3.363389311
0.44706454,3.360395870,3.357302206
0.44711962,3.359602724,3.362027441
0.44717471,3.356444770,3.350991348
0.44722979,3.351065582,3.351034558
0.44728487,3.347700906,3.344247372
0.44733996,3.346391124,3.348637834
0.44739504,3.343123072,3.337713309
0.44745013,3.338095815,3.338347540
0.44750521,3.335565498,3.332640588
0.44756030,3.335523440,3.338489686
0.44761538,3.333892569,3.329383198
0.44767047,3.330826248,3.332125327
0.44772555,3.330499921,3.328726032
0.44778063,3.332760600,3.336880865
0.44783572,3.333382609,3.329980451
0.44789080,3.332403662,3.334698070
0.44794589,3.333867283,3.332912387
0.44800097,3.337446382,3.342098834
0.44805606,3.338759036,3.335553452
0.44811114,3.337741536,3.339843934
0.44816622,3.338341037,3.336763494
0.44822131,3.340111639,3.343632328
0.44827639,3.338587278,3.333731397
0.44833148,3.333688693,3.333615167
0.44838656,3.329363903,3.325093631
0.44844165,3.325154329,3.325441948
0.44849673,3.316621867,3.308040123
0.44855181,3.303787289,3.299546521
0.44860690,3.290717086,3.281906083
0.44866198,3.277058158,3.272467186
0.44871707,3.258516857,3.244823746
0.44877215,3.235326635,3.225848540
0.44882724,3.211779442,3.197725040
0.44888232,3.187726543,3.177969229
0.44893741,3.159105855,3.140468970
0.44899249,3.126434832,3.112374251
0.44904757,3.094282814,3.076148345
0.44910266,3.062734086,3.049491110
0.44915774,3.027959107,3.006570238
0.44921283,2.990729002,2.974766491
0.44926791,2.955826929,2.936742275
0.44932300,2.923472617,2.910266840
0.44937808,2.889937654,2.869639252
0.44943316,2.856083718,2.842293031
0.44948825,2.826717694,2.810887213
0.44954333,2.801983982,2.793041030
0.44959842,2.778030939,2.762955179
0.44965350,2.755581225,2.747886016
0.44970859,2.739240348,2.730268428
0.44976367,2.728866371,2.727369938
0.44981875,2.720295910,2.713117145
0.44987384,2.713954198,2.714447792
0.44992892,2.714123908,2.713470875
0.44998401,2.720297136,2.727044572
0.45003909,2.727963162,2.728807814
0.45009418,2.737258512,2.745410790
0.45014926,2.752194989,2.758709634
0.45020435,2.771990798,2.785264592
0.45025943,2.791914615,2.798569316
0.45031451,2.811969007,2.825153917
0.45036960,2.836070757,2.846806294
0.45042468,2.863353454,2.879983124
0.45047977,2.889059315,2.898227156
0.45053485,2.913247787,2.928136084
0.45058994,2.939921220,2.951603409
0.45064502,2.968292716,2.985136977
0.45070010,2.993720033,3.002458106
0.45075519,3.016435242,3.030334192
0.45081027,3.040613872,3.050837478
0.45086536,3.065607609,3.080571946
0.45092044,3.086920740,3.093454401
0.45097553,3.104962939,3.116414777
0.45103061,3.124065799,3.131676743
0.45108569,3.143685005,3.155898332
0.45114078,3.159423771,3.163138468
0.45119586,3.171813439,3.180430854
0.45125095,3.185282451,3.190090698
0.45130603,3.199332232,3.208773314
0.45136112,3.209610282,3.210627136
0.45141620,3.216720316,3.222743585
0.45147129,3.225144946,3.227490094
0.45152637,3.234395356,3.241486682
0.45158145,3.240132627,3.238942559
0.45163654,3.243005581,3.246981144
0.45169162,3.247525773,3.247997427
0.45174671,3.253189487,3.258551580
0.45180179,3.255645610,3.252886640
0.45185688,3.255560288,3.258129376
0.45191196,3.257444765,3.256672422
0.45196704,3.260750913,3.264986918
0.45202213,3.261086890,3.257321753
0.45207721,3.259110503,3.260783551
0.45213230,3.259312626,3.257745827
0.45218738,3.261088682,3.264583319
0.45224247,3.260003430,3.255552750
0.45229755,3.256713731,3.257753380
0.45235263,3.255707920,3.253562535
0.45240772,3.256352421,3.259290639
0.45246280,3.254203142,3.249239434
0.45251789,3.249954427,3.250540655
0.45257297,3.248131176,3.245613994
0.45262806,3.248106976,3.250739553
0.45268314,3.245457991,3.240288497
0.45273822,3.240934634,3.241437916
0.45279331,3.239104468,3.236649234
0.45284839,3.239340824,3.242158051
0.45290348,3.237218822,3.232376487
0.45295856,3.233510823,3.234487061
0.45301365,3.232782975,3.230944508
0.45306873,3.234358033,3.237887510
0.45312382,3.233757263,3.229715717
0.45317890,3.231723878,3.233568057
0.45323398,3.232777967,3.231852089
0.45328907,3.236157633,3.240581768
0.45334415,3.237309474,3.234130360
0.45339924,3.236941765,3.239595477
0.45345432,3.239538889,3.239355943
0.45350941,3.244280453,3.249334968
0.45356449,3.246578128,3.243925103
0.45361957,3.247155368,3.250237391
0.45367466,3.250517871,3.250681435
0.45372974,3.255846482,3.261149917
0.45378483,3.258575378,3.256109576
0.45383991,3.259493629,3.262731044
0.45389500,3.263168096,3.263488394
0.45395008,3.268807224,3.274262949
0.45400516,3.271878167,3.269597465
0.45406025,3.273229131,3.276707335
0.45411533,3.277465539,3.278100628
0.45417042,3.283786627,3.289604037
0.45422550,3.287643882,3.285782154
0.45428059,3.289887525,3.293834830
0.45433567,3.295100404,3.296241923
0.45439076,3.302411924,3.308716262
0.45444584,3.307201619,3.305790739
0.45450092,3.310273282,3.314606138
0.45455601,3.316150040,3.317583202
0.45461109,3.323868089,3.330304988
0.45466618,3.328726378,3.327271323
0.45472126,3.331488591,3.335577932
0.45477635,3.336639368,3.337614939
0.45483143,3.343156953,3.348877749
0.45488651,3.346306986,3.343885688
0.45494160,3.346870117,3.349751090
0.45499668,3.349357461,3.348901838
0.45505177,3.352760057,3.356818944
0.45510685,3.352384037,3.348115705
0.45516194,3.349101257,3.349995192
0.45521702,3.347521965,3.344994342
0.45527210,3.346718837,3.348646317
0.45532719,3.342100655,3.335716310
0.45538227,3.334683124,3.333545604
0.45543736,3.329216399,3.324814398
0.45549244,3.324881215,3.325126802
0.45554753,3.317198164,3.309399549
0.45560261,3.307316194,3.305091365
0.45565770,3.300093611,3.294983004
0.45571278,3.294765528,3.294684884
0.45576786,3.286888386,3.279177964
0.45582295,3.277647089,3.275931003
0.45587803,3.271892247,3.267700824
0.45593312,3.268782883,3.269967461
0.45598820,3.263770774,3.257631470
0.45604329,3.257931947,3.258026238
0.45609837,3.255967155,3.253745357
0.45615345,3.256827080,3.260012929
0.45620854,3.255743150,3.251542943
0.45626362,3.253589716,3.255453665
0.45631871,3.254853839,3.254127272
0.45637379,3.258247773,3.262519789
0.45642888,3.258789117,3.255183752
0.45648396,3.257195133,3.259086328
0.45653904,3.257822218,3.256500387
0.45659413,3.259264358,3.262252260
0.45664921,3.256479243,3.250902725
0.45670430,3.250210081,3.249464511
0.45675938,3.244889412,3.240318471
0.45681447,3.239216934,3.238392340
0.45686955,3.228323477,3.218490602
0.45692464,3.213211498,3.207903157
0.45697972,3.198614292,3.189336952
0.45703480,3.183543648,3.178016319
0.45708989,3.163481422,3.149150553
0.45714497,3.139828688,3.130424831
0.45720006,3.117711468,3.104938455
0.45725514,3.096490333,3.088219824
0.45731023,3.071972844,3.055825174
0.45736531,3.045867117,3.035709724
0.45742039,3.023533246,3.011172939
0.45747548,3.004457331,2.997792685
0.45753056,2.984490455,2.971161875
0.45758565,2.965316226,2.959152231
0.45764073,2.952161597,2.944881610
0.45769582,2.944251941,2.943585651
0.45775090,2.937094952,2.930510779
0.45780598,2.931981865,2.933091583
0.45786107,2.933677846,2.933959672
0.45791615,2.940876835,2.947770848
0.45797124,2.948545921,2.949267592
0.45802632,2.957472178,2.965380814
0.45808141,2.971940407,2.978285119
0.45813649,2.990190226,3.002181613
0.45819158,3.006817528,3.011522941
0.45824666,3.022358503,3.033029429
0.45830174,3.040942239,3.048775736
0.45835683,3.060733716,3.072911605
0.45841191,3.076372866,3.080028083
0.45846700,3.088574968,3.097067697
0.45852208,3.101737546,3.106421720
0.45857717,3.114349478,3.122570026
0.45863225,3.121449261,3.120570441
0.45868733,3.124226157,3.127849748
0.45874242,3.127569594,3.127301152
0.45879750,3.130436149,3.133837204
0.45885259,3.128322159,3.122998584
0.45890767,3.122864813,3.122627953
0.45896276,3.119337520,3.115972632
0.45901784,3.116981726,3.118159504
0.45907292,3.111503528,3.104933625
0.45912801,3.104687238,3.104229622
0.45918309,3.101851981,3.099295428
0.45923818,3.102165005,3.105106735
0.45929326,3.101179287,3.097251841
0.45934835,3.100476621,3.103418309
0.45940343,3.105102089,3.106553409
0.45945851,3.113873618,3.121232052
0.45951360,3.121972256,3.122697295
0.45956868,3.130623300,3.138269868
0.45962377,3.144513849,3.150548206
0.45967885,3.162099661,3.173729085
0.45973394,3.178244606,3.182797545
0.45978902,3.193932690,3.204851184
0.45984411,3.213658793,3.222328083
0.45989919,3.235720390,3.249266929
0.45995427,3.254891747,3.260630626
0.46000936,3.272152024,3.283531389
0.46006444,3.292035429,3.300472935
0.46011953,3.312895351,3.325538843
0.46017461,3.329602651,3.333839718
0.46022970,3.343282082,3.352633653
0.46028478,3.358617677,3.364579809
0.46033986,3.374088205,3.383855708
0.46039495,3.384690923,3.385730005
0.46045003,3.391690391,3.397584408
0.46050512,3.399885662,3.402185759
0.46056020,3.407824874,3.413740849
0.46061529,3.410562479,3.407602224
0.46067037,3.409428514,3.411200291
0.46072545,3.409265464,3.407340966
0.46078054,3.408628549,3.410204094
0.46083562,3.402580888,3.395185129
0.46089071,3.392485954,3.389740006
0.46094579,3.383215297,3.376708194
0.46100088,3.373333707,3.370253243
0.46105596,3.357929341,3.345835823
0.46111105,3.338425126,3.330967374
0.46116613,3.319752694,3.308553232
0.46122121,3.300517273,3.292770368
0.46127630,3.275857441,3.259165958
0.46133138,3.247271033,3.235316704
0.46138647,3.219752628,3.204189846
0.46144155,3.191937176,3.179958275
0.46149664,3.158989913,3.138225517
0.46155172,3.122449512,3.106595282
0.46160680,3.087334228,3.068056090
0.46166189,3.052270826,3.036741189
0.46171697,3.012421696,2.988286621
0.46177206,2.969352524,2.950318926
0.46182714,2.928114154,2.905869604
0.46188223,2.887362106,2.869084315
0.46193731,2.842323278,2.815714298
0.46199239,2.794687447,2.773520581
0.46204748,2.749661052,2.725712390
0.46210256,2.706069772,2.686596452
0.46215765,2.659353457,2.632188159
0.46221273,2.611467499,2.590517922
0.46226782,2.567893369,2.545077499
0.46232290,2.527708606,2.510394069
0.46237799,2.486594929,2.462746302
0.46243307,2.446737116,2.430362833
0.46248815,2.413782254,2.396870461
0.46254324,2.386874062,2.376792851
0.46259832,2.361676404,2.346376043
0.46265341,2.340278012,2.333691192
0.46270849,2.328114970,2.322101592
0.46276358,2.323988734,2.325707870
0.46281866,2.323127720,2.320306461
0.46287374,2.327122745,2.333422939
0.46292883,2.340838338,2.347822811
0.46298391,2.362438287,2.376926075
0.46303900,2.386505320,2.395915864
0.46309408,2.414022415,2.431715495
0.46314917,2.449282338,2.466548811
0.46320425,2.489923240,2.513323347
0.46325933,2.530101531,2.546880098
0.46331442,2.570507688,2.593900501
0.46336950,2.615257302,2.636496641
0.46342459,2.661915370,2.687539960
0.46347967,2.704697649,2.722025632
0.46353476,2.744494994,2.766883990
0.46358984,2.785720753,2.804575688
0.46364493,2.826300445,2.848344179
0.46370001,2.860881160,2.873675546
0.46375509,2.890848467,2.908001522
0.46381018,2.921119691,2.934291549
0.46386526,2.950093844,2.966226838
0.46392035,2.972868917,2.979757521
0.46397543,2.991256336,3.002705370
0.46403052,3.010529942,3.018364363
0.46408560,3.029349482,3.040611393
0.46414068,3.043001231,3.045576593
0.46419577,3.053427041,3.061164013
0.46425085,3.065946908,3.070678292
0.46430594,3.079173233,3.087888913
0.46436102,3.088290087,3.088827420
0.46441611,3.095109998,3.101238664
0.46447119,3.104780902,3.108242576
0.46452627,3.115698686,3.123358059
0.46458136,3.122828919,3.122428599
0.46463644,3.127792005,3.133003812
0.46469153,3.135552507,3.138032583
0.46474661,3.144325219,3.150840789
0.46480170,3.148931993,3.147176343
0.46485678,3.150906371,3.154512166
0.46491187,3.155155791,3.155760575
0.46496695,3.159851211,3.164194994
0.46502203,3.159808846,3.155603850
0.46507712,3.156604947,3.157506830
0.46513220,3.155203185,3.152883266
0.46518729,3.153821676,3.155032782
0.46524237,3.147335048,3.139833898
0.46529746,3.137397066,3.134873077
0.46535254,3.129033582,3.123188422
0.46540762,3.120489587,3.118073215
0.46546271,3.106656022,3.095444067
0.46551779,3.089206657,3.082890771
0.46557288,3.073164968,3.063444049
0.46562796,3.056740473,3.050331800
0.46568305,3.034789472,3.019465401
0.46573813,3.008975053,2.998419498
0.46579321,2.984315936,2.970230817
0.46584830,2.959018017,2.948112047
0.46590338,2.927971872,2.908056997
0.46595847,2.892935491,2.877748844
0.46601355,2.859061488,2.840384322
0.46606864,2.824716534,2.809336270
0.46612372,2.785004546,2.760864419
0.46617880,2.741958445,2.722937837
0.46623389,2.701030658,2.679068576
0.46628897,2.660884727,2.642907310
0.46634406,2.616928839,2.591044568
0.46639914,2.571503536,2.551736315
0.46645423,2.530326278,2.508739612
0.46650931,2.492250392,2.475839135
0.46656440,2.452808936,2.429740969
0.46661948,2.414403843,2.398710180
0.46667456,2.382715617,2.366421857
0.46672965,2.356445127,2.346436204
0.46678473,2.330886266,2.315204184
0.46683982,2.308137000,2.300638817
0.46689490,2.293495336,2.286002238
0.46694999,2.285203626,2.284348165
0.46700507,2.278066418,2.271653440
0.46706015,2.273695756,2.275333699
0.46711524,2.276901092,2.278171216
0.46717032,2.285438282,2.292724346
0.46722541,2.293669111,2.294578267
0.46728049,2.302832622,2.310795235
0.46733558,2.317417267,2.323869518
0.46739066,2.334900157,2.346088600
0.46744574,2.349432261,2.352886231
0.46750083,2.362120033,2.371212603
0.46755591,2.377365966,2.383503351
0.46761100,2.392586850,2.401982998
0.46766608,2.401916532,2.402113571
0.46772117,2.406493833,2.410883388
0.46777625,2.410772002,2.410792471
0.46783134,2.412220336,2.414104638
0.46788642,2.405051877,2.396400044
0.46794150,2.390527609,2.384794259
0.46799659,2.373246693,2.361952234
0.46805167,2.350843481,2.340301076
0.46810676,2.317750726,2.295695669
0.46816184,2.275528186,2.255575196
0.46821693,2.229138239,2.203007808
0.46827201,2.176637648,2.150860692
0.46832709,2.112969024,2.075567703
0.46838218,2.040299805,2.005206260
0.46843726,1.964262650,1.923548621
0.46849235,1.883615079,1.844159522
0.46854743,1.794027313,1.744231591
0.46860252,1.698397755,1.652548962
0.46865760,1.603026236,1.553514709
0.46871268,1.507215210,1.461153671
0.46876777,1.407037421,1.353004694
0.46882285,1.305625602,1.257977158
0.46887794,1.209293809,1.160378811
0.46893302,1.117113634,1.073866545
0.46898811,1.024711879,0.975453221
0.46904319,0.934598067,0.893326841
0.46909828,0.852304967,0.810951705
0.46915336,0.776010139,0.741035299
0.46920844,0.700424216,0.659703163
0.46926353,0.627199517,0.594314140
0.46931861,0.561109750,0.527641613
0.46937370,0.499709864,0.471835700
0.46942878,0.437280853,0.402718591
0.46948387,0.375262598,0.347529327
0.46953895,0.318400334,0.289106366
0.46959403,0.264363563,0.239764845
0.46964912,0.207671092,0.175639514
0.46970420,0.150084699,0.124304679
0.46975929,0.096679832,0.068927156
0.46981437,0.045406445,0.022055190
0.46986946,-0.008996247,-0.039968565
0.46992454,-0.064610999,-0.089465529
0.46997962,-0.116293864,-0.143236356
0.47003471,-0.166107139,-0.188792691
0.47008979,-0.219350394,-0.249812281
0.47014488,-0.274121915,-0.298627944
0.47019996,-0.325256125,-0.351986490
0.47025505,-0.374739762,-0.397304303
0.47031013,-0.427706095,-0.458022337
0.47036522,-0.481989033,-0.506179027
0.47042030,-0.532106764,-0.558180346
0.47047538,-0.579728831,-0.601147778
0.47053047,-0.629696595,-0.658231396
0.47058555,-0.679616212,-0.701301456
0.47064064,-0.723908601,-0.746735264
0.47069572,-0.764317402,-0.781831789
0.47075081,-0.805917028,-0.830030946
0.47080589,-0.846683270,-0.863652737
0.47086097,-0.881535954,-0.899624128
0.47091606,-0.912814374,-0.925889647
0.47097114,-0.946211421,-0.966484083
0.47102623,-0.980280284,-0.994288682
0.47108131,-1.010451992,-1.026692920
0.47113640,-1.039483837,-1.052017481
0.47119148,-1.073343894,-1.094472984
0.47124656,-1.110689386,-1.126972163
0.47130165,-1.146898249,-1.166766202
0.47135673,-1.184527808,-1.201915084
0.47141182,-1.229182200,-1.256162415
0.47146690,-1.278989781,-1.301828185
0.47152199,-1.328673057,-1.355443533
0.47157707,-1.380042747,-1.404294691
0.47163216,-1.437877183,-1.471245813
0.47168724,-1.499432360,-1.527747696
0.47174232,-1.558586285,-1.589507908
0.47179741,-1.616402824,-1.643140528
0.47185249,-1.677049686,-1.710958361
0.47190758,-1.737352527,-1.764099407
0.47196266,-1.791003833,-1.818210944
0.47201775,-1.839162507,-1.860158372
0.47207283,-1.886352952,-1.912718323
0.47212791,-1.929986337,-1.947737172
0.47218300,-1.964545553,-1.981737312
0.47223808,-1.992131509,-2.002598150
0.47229317,-2.018265443,-2.034080785
0.47234825,-2.041320927,-2.048974636
0.47240334,-2.056657802,-2.064615366
0.47245842,-2.067121928,-2.069562079
0.47251350,-2.078791029,-2.088010423
0.47256859,-2.090385635,-2.093007356
0.47262367,-2.097438353,-2.101974070
0.47267876,-2.102839451,-2.103471504
0.47273384,-2.112610969,-2.121579946
0.47278893,-2.125360050,-2.129231368
0.47284401,-2.136514795,-2.143750716
0.47289909,-2.148908895,-2.153682840
0.47295418,-2.168539178,-2.183075527
0.47300926,-2.193984568,-2.204838276
0.47306435,-2.220612589,-2.236200269
0.47311943,-2.251106549,-2.265506286
0.47317452,-2.291130503,-2.316342512
0.47322960,-2.338677725,-2.360909425
0.47328469,-2.388266039,-2.415444776
0.47333977,-2.441486034,-2.467097368
0.47339485,-2.502706420,-2.538053688
0.47344994,-2.568520898,-2.599106108
0.47350502,-2.632108490,-2.665213758
0.47356011,-2.693952902,-2.722583268
0.47361519,-2.757680152,-2.792852192
0.47367028,-2.819612896,-2.846815264
0.47372536,-2.873211863,-2.899992265
0.47378044,-2.919797505,-2.939707613
0.47383553,-2.964290911,-2.989078820
0.47389061,-3.004623346,-3.020645828
0.47394570,-3.036025546,-3.051732260
0.47400078,-3.061576923,-3.071386473
0.47405587,-3.087761600,-3.104135478
0.47411095,-3.113742316,-3.123575591
0.47416603,-3.135596773,-3.147668358
0.47422112,-3.156860847,-3.165736452
0.47427620,-3.184100248,-3.202192616
0.47433129,-3.216246546,-3.230279296
0.47438637,-3.248943132,-3.267437923
0.47444146,-3.285188053,-3.302432662
0.47449654,-3.330961048,-3.359060728
0.47455163,-3.384599479,-3.409989476
0.47460671,-3.441184420,-3.472110409
0.47466179,-3.503188185,-3.533688340
0.47471688,-3.576059828,-3.617960617
0.47477196,-3.657561981,-3.697005395
0.47482705,-3.742149669,-3.787051498
0.47488213,-3.831612953,-3.875662807
0.47493722,-3.930646961,-3.985269196
0.47499230,-4.036201603,-4.087127877
0.47504738,-4.141916960,-4.196655700
0.47510247,-4.248821959,-4.300704716
0.47515755,-4.360933731,-4.421058993
0.47521264,-4.474639369,-4.528493395
0.47526772,-4.583177860,-4.638103745
0.47532281,-4.687358936,-4.736625965
0.47537789,-4.791138670,-4.845839619
0.47543297,-4.890974312,-4.936664685
0.47548806,-4.980300071,-5.024443073
0.47554314,-5.060230449,-5.096276113
0.47559823,-5.135099641,-5.174335163
0.47565331,-5.201800337,-5.230018092
0.47570840,-5.254282287,-5.279218758
0.47576348,-5.294277863,-5.309722357
0.47581857,-5.326840425,-5.344454496
0.47587365,-5.349688157,-5.355708583
0.47592873,-5.357724099,-5.360389619
0.47598382,-5.353757337,-5.347427701
0.47603890,-5.343990978,-5.340906217
0.47609399,-5.327306268,-5.314289365
0.47614907,-5.299735170,-5.285572512
0.47620416,-5.265117287,-5.244661173
0.47625924,-5.230498622,-5.216352873
0.47631432,-5.195346513,-5.174571165
0.47636941,-5.155998330,-5.137463344
0.47642449,-5.116309310,-5.094814829
0.47647958,-5.083042384,-5.070975894
0.47653466,-5.055108635,-5.039201018
0.47658975,-5.028088730,-5.016789013
0.47664483,-5.004958621,-4.992612144
0.47669991,-4.991537996,-4.990043890
0.47675500,-4.985797630,-4.981430369
0.47681008,-4.982465960,-4.983270864
0.47686517,-4.983817587,-4.983833365
0.47692025,-4.995142192,-5.006035046
0.47697534,-5.014063073,-5.021982350
0.47703042,-5.035161865,-5.048120983
0.47708551,-5.060757945,-5.072864736
0.47714059,-5.096326365,-5.119358722
0.47719567,-5.139760184,-5.160023147
0.47725076,-5.185952927,-5.211616771
0.47730584,-5.237518710,-5.262834446
0.47736093,-5.300122555,-5.336924258
0.47741601,-5.371666866,-5.406224317
0.47747110,-5.446832818,-5.487152504
0.47752618,-5.527767596,-5.567812530
0.47758126,-5.619381681,-5.670534349
0.47763635,-5.718542236,-5.766500313
0.47769143,-5.818680632,-5.870779659
0.47774652,-5.920570963,-5.970073577
0.47780160,-6.027723492,-6.085307610
0.47785669,-6.135703262,-6.186455996
0.47791177,-6.236894162,-6.287693688
0.47796685,-6.331416098,-6.375302986
0.47802194,-6.422608000,-6.470282448
0.47807702,-6.506406216,-6.543273861
0.47813211,-6.576144277,-6.609685047
0.47818719,-6.633444528,-6.657575449
0.47824228,-6.683601769,-6.710085165
0.47829736,-6.724829615,-6.740276110
0.47835245,-6.752923452,-6.766068012
0.47840753,-6.771992579,-6.777991956
0.47846261,-6.789661856,-6.801385019
0.47851770,-6.806159120,-6.811146497
0.47857278,-6.818866938,-6.826537874
0.47862787,-6.832964249,-6.838892209
0.47868295,-6.856545696,-6.873686537
0.47873804,-6.889666790,-6.905335018
0.47879312,-6.928906866,-6.951976200
0.47884820,-6.978041365,-7.003257363
0.47890329,-7.043195559,-7.082399072
0.47895837,-7.121959050,-7.161134004
0.47901346,-7.208065940,-7.254584900
0.47906854,-7.302196215,-7.349217704
0.47912363,-7.407248298,-7.464973929
0.47917871,-7.517581164,-7.570396909
0.47923379,-7.623827836,-7.677591764
0.47928888,-7.723783749,-7.770272442
0.47934396,-7.817685774,-7.865812244
0.47939905,-7.897396327,-7.930335372
0.47945413,-7.951103070,-7.973485267
0.47950922,-7.974015335,-7.976278906
0.47956430,-7.963385783,-7.952831400
0.47961938,-7.907447062,-7.865274581
0.47967447,-7.789946845,-7.718367191
0.47972955,-7.600797749,-7.487411753
0.47978464,-7.331220607,-7.180155557
0.47983972,-6.963049777,-6.752268133
0.47989481,-6.473917938,-6.202694637
0.47994989,-5.848786276,-5.502594234
0.48000498,-5.076119513,-4.658287111
0.48006006,-4.138294919,-3.627900212
0.48011514,-3.017828956,-2.417646404
0.48017023,-1.709691130,-1.011413926
0.48022531,-0.217828267,0.566233780
0.48028040,1.454612011,2.333832993
0.48033548,3.299834667,4.257878366
0.48039057,5.294482468,6.324897777
0.48044565,7.405046362,8.480668825
0.48050073,9.599895598,10.716298168
0.48055582,11.846146303,12.975418933
0.48061090,14.100881013,15.228208270
0.48066599,16.318269045,17.412093448
0.48072107,18.462653595,19.518462637
0.48077616,20.505696550,21.499783337
0.48083124,22.417098249,23.342695033
0.48088632,24.170526953,25.007251576
0.48094141,25.754957074,26.511587094
0.48099649,27.169717345,27.836871634
0.48105158,28.413037321,28.998207194
0.48110666,29.485967752,29.982039886
0.48116175,30.402035707,30.829283711
0.48121683,31.181051024,31.539330269
0.48127192,31.836935303,32.140455618
0.48132700,32.381446252,32.627334450
0.48138208,32.834063809,33.044529963
0.48143717,33.216339699,33.391228460
0.48149225,33.540490444,33.692454887
0.48154734,33.814000125,33.937542007
0.48160242,34.050370977,34.164399070
0.48165751,34.264235654,34.364994094
0.48171259,34.460590971,34.557103728
0.48176767,34.639908331,34.723264996
0.48182276,34.809230801,34.895254326
0.48187784,34.977473999,35.059733934
0.48193293,35.144742755,35.230001266
0.48198801,35.307457639,35.384973418
0.48204310,35.469400897,35.553530658
0.48209818,35.636911225,35.720083585
0.48215326,35.808086120,35.896171732
0.48220835,35.977810865,36.059404705
0.48226343,36.148705660,36.237651798
0.48231852,36.326214671,36.414549970
0.48237360,36.507725871,36.600995872
0.48242869,36.687552322,36.774099662
0.48248377,36.867838961,36.961281987
0.48253886,37.053606601,37.145783085
0.48259394,37.241847827,37.338105233
0.48264902,37.426514709,37.515030498
0.48270411,37.609433999,37.703671393
0.48275919,37.795349061,37.887020816
0.48281428,37.981028115,38.075377796
0.48286936,38.160286777,38.245453209
0.48292445,38.334931284,38.424389346
0.48297953,38.509807805,38.595354443
0.48303461,38.681920581,38.768943171
0.48308970,38.845473772,38.922347778
0.48314478,39.002814210,39.083312072
0.48319987,39.159448031,39.235724793
0.48325495,39.313119652,39.390942212
0.48331004,39.458819185,39.526969584
0.48336512,39.599672628,39.672300070
0.48342020,39.741882338,39.811469116
0.48347529,39.883738671,39.956280373
0.48353037,40.020585905,40.085001862
0.48358546,40.155677926,40.226121525
0.48364054,40.295086804,40.363919563
0.48369563,40.436714553,40.509675981
0.48375071,40.575301870,40.640972246
0.48380580,40.713341512,40.785457627
0.48386088,40.856044165,40.926524351
0.48391596,41.000424964,41.074561713
0.48397105,41.140405002,41.206398566
0.48402613,41.277801023,41.349082514
0.48408122,41.417333292,41.485625161
0.48413630,41.555739282,41.626240007
0.48419139,41.686894243,41.747840610
0.48424647,41.812787481,41.877737695
0.48430155,41.938478450,41.999361252
0.48435664,42.061151581,42.123402867
0.48441172,42.175187950,42.227312557
0.48446681,42.283086028,42.338886357
0.48452189,42.390353561,42.441967854
0.48457698,42.494520097,42.547525708
0.48463206,42.590201040,42.633201323
0.48468714,42.680022082,42.726853622
0.48474223,42.769515347,42.812310776
0.48479731,42.856157791,42.900448962
0.48485240,42.934486511,42.968842966
0.48490748,43.007069338,43.045301274
0.48496257,43.079426213,43.113676949
0.48501765,43.149089986,43.184931764
0.48507274,43.210745203,43.236849839
0.48512782,43.267196075,43.297505081
0.48518290,43.324249415,43.351061416
0.48523799,43.379727440,43.408750759
0.48529307,43.428562800,43.448586193
0.48534816,43.473710793,43.498718441
0.48540324,43.520964794,43.543210262
0.48545833,43.567923335,43.592947778
0.48551341,43.609078448,43.625407878
0.48556849,43.646742884,43.667990891
0.48562358,43.685895900,43.703878304
0.48567866,43.723217621,43.742995129
0.48573375,43.752283462,43.761940240
0.48578883,43.774602394,43.787379442
0.48584392,43.794557005,43.802030795
0.48589900,43.808524938,43.815673671
0.48595408,43.810149063,43.805185644
0.48600917,43.801407805,43.797893940
0.48606425,43.787530393,43.777551473
0.48611934,43.766060412,43.755238608
0.48617442,43.732049073,43.709354247
0.48622951,43.689016873,43.668795607
0.48628459,43.643732842,43.618831967
0.48633967,43.595151518,43.571854344
0.48639476,43.539509994,43.507326909
0.48644984,43.481211353,43.454850160
0.48650493,43.427541973,43.400026004
0.48656001,43.377588032,43.355174721
0.48661510,43.327360012,43.299375489
0.48667018,43.280724118,43.261537300
0.48672527,43.244172620,43.226361610
0.48678035,43.215812523,43.205106003
0.48683543,43.190580774,43.175761021
0.48689052,43.171255201,43.166144654
0.48694560,43.163279382,43.159949451
0.48700069,43.163799263,43.167517236
0.48705577,43.166925689,43.166100719
0.48711086,43.174770072,43.182923096
0.48716594,43.192265076,43.201250357
0.48722102,43.216192621,43.231122931
0.48727611,43.240443824,43.249656224
0.48733119,43.267039404,43.284031090
0.48738628,43.300917547,43.317568334
0.48744136,43.338935641,43.360405054
0.48749645,43.375119615,43.389830378
0.48755153,43.411669084,43.433210664
0.48760661,43.453718487,43.474074635
0.48766170,43.498322383,43.522745756
0.48771678,43.539705773,43.556725056
0.48777187,43.580266010,43.603563299
0.48782695,43.625318826,43.646967753
0.48788204,43.672077423,43.697400115
0.48793712,43.714912131,43.732513629
0.48799221,43.756355756,43.779978284
0.48804729,43.801839651,43.823613542
0.48810237,43.848670317,43.873954875
0.48815746,43.891300735,43.908746752
0.48821254,43.932340590,43.955722182
0.48826763,43.977283362,43.998762019
0.48832271,44.023480906,44.048430414
0.48837780,44.065426406,44.082523274
0.48843288,44.105769286,44.128802150
0.48848796,44.150033218,44.171179890
0.48854305,44.195588483,44.220224888
0.48859813,44.236946213,44.253764438
0.48865322,44.276777785,44.299573093
0.48870830,44.320623844,44.341584791
0.48876339,44.365864739,44.390366341
0.48881847,44.407026427,44.423775956
0.48887355,44.446805052,44.469607236
0.48892864,44.490768223,44.511829061
0.48898372,44.536325001,44.561030015
0.48903881,44.578045001,44.595133451
0.48909389,44.618689778,44.641998992
0.48914898,44.663907968,44.685691557
0.48920406,44.711205855,44.736897429
0.48925915,44.755279502,44.773694846
0.48931423,44.799051285,44.824110710
0.48936931,44.848355275,44.872413861
0.48942440,44.900902056,44.929495054
0.48947948,44.951614277,44.973681579
0.48953457,45.003655463,45.033234932
0.48958965,45.063089886,45.092651042
0.48964474,45.127823492,45.162985108
0.48969982,45.192923541,45.222690529
0.48975490,45.261621362,45.300040431
0.48980999,45.339932087,45.379422573
0.48986507,45.425563484,45.471604758
0.48992016,45.513220745,45.554604319
0.48997524,45.605596332,45.656053457
0.49003033,45.707976752,45.759523203
0.49008541,45.817160646,45.874777807
0.49014049,45.926802695,45.978734485
0.49019558,46.038454017,46.097840031
0.49025066,46.156223792,46.214492376
0.49030575,46.275771725,46.337346053
0.49036083,46.389745618,46.442409586
0.49041592,46.498908915,46.555459554
0.49047100,46.606869621,46.658558661
0.49052609,46.709130953,46.760381091
0.49058117,46.798576473,46.837386406
0.49063625,46.876611379,46.916185037
0.49069134,46.947863861,46.980048779
0.49074642,47.009186204,47.039144091
0.49080151,47.055077242,47.071673357
0.49085659,47.088735899,47.106097448
0.49091168,47.116652382,47.127567365
0.49096676,47.137503547,47.148024162
0.49102184,47.147487268,47.147298013
0.49107693,47.151294354,47.155209818
0.49113201,47.156624203,47.157971600
0.49118710,47.163031254,47.168219497
0.49124218,47.167242085,47.166146297
0.49129727,47.174121981,47.181559378
0.49135235,47.191188880,47.200320566
0.49140743,47.217475990,47.234371873
0.49146252,47.248884358,47.262947310
0.49151760,47.289183909,47.314620905
0.49157269,47.344554644,47.373810028
0.49162777,47.412486954,47.450812674
0.49168286,47.487188040,47.523116327
0.49173794,47.570636953,47.617457162
0.49179303,47.667176587,47.716412788
0.49184811,47.772479588,47.828481045
0.49190319,47.879038802,47.929516492
0.49195828,47.987304875,48.044827614
0.49201336,48.100350435,48.155875329
0.49206845,48.212909277,48.270392604
0.49212353,48.316938879,48.363925546
0.49217862,48.412805252,48.461921110
0.49223370,48.503959624,48.546459365
0.49228878,48.585968642,48.626321184
0.49234387,48.652049359,48.678527050
0.49239895,48.704192780,48.730304501
0.49245404,48.747745549,48.765749391
0.49250912,48.780335044,48.795753672
0.49256421,48.797301525,48.799478850
0.49261929,48.802713373,48.806172021
0.49267437,48.803839239,48.801758166
0.49272946,48.799986097,48.798662279
0.49278454,48.787875711,48.777277894
0.49283963,48.772621328,48.767711254
0.49289471,48.762173759,48.756392580
0.49294980,48.756159594,48.755879515
0.49300488,48.751283413,48.746397007
0.49305996,48.752333967,48.757569665
0.49311505,48.766653900,48.775091474
0.49317013,48.793007490,48.810529756
0.49322522,48.827019053,48.842937870
0.49328030,48.872204676,48.900566066
0.49333539,48.934453890,48.967575596
0.49339047,49.010914630,49.053832253
0.49344556,49.095461618,49.136590112
0.49350064,49.189758947,49.242193111
0.49355572,49.297773296,49.352860534
0.49361081,49.414708976,49.476509123
0.49366589,49.532548211,49.588553035
0.49372098,49.651188825,49.713639936
0.49377606,49.773027124,49.832540803
0.49383115,49.891965729,49.952013488
0.49388623,49.999025033,50.046704848
0.49394131,50.093527162,50.140877765
0.49399640,50.177690667,50.215332995
0.49405148,50.245627748,50.277219257
0.49410657,50.288925911,50.301929865
0.49416165,50.307771580,50.314714394
0.49421674,50.305458142,50.297541218
0.49427182,50.277295874,50.258791472
0.49432690,50.216120322,50.175125495
0.49438199,50.123352898,50.072998379
0.49443707,50.003462062,49.935523757
0.49449216,49.852863544,49.772146813
0.49454724,49.665460366,49.560595966
0.49460233,49.443757449,49.328421905
0.49465741,49.193387141,49.059966370
0.49471250,48.912086890,48.766085623
0.49476758,48.595318610,48.426211957
0.49482266,48.247434907,48.069887026
0.49487775,47.876212584,47.683751949
0.49493283,47.481801282,47.281191332
0.49498792,47.062276839,46.844342912
0.49504300,46.624692135,46.405451781
0.49509809,46.179451578,45.953720000
0.49515317,45.729085648,45.504741814
0.49520825,45.273635521,45.042384477
0.49526334,44.821544117,44.599950947
0.49531842,44.383894410,44.166947139
0.49537351,43.963100316,43.758431462
0.49542859,43.558272334,43.356943964
0.49548368,43.176143238,42.993690308
0.49553876,42.825389169,42.655452961
0.49559384,42.505457326,42.354070910
0.49564893,42.212111804,42.068600615
0.49570401,41.948552598,41.826655911
0.49575910,41.719923737,41.611537402
0.49581418,41.522319896,41.431852360
0.49586927,41.348491966,41.263856245
0.49592435,41.199083394,41.132847138
0.49597944,41.077205717,41.020374712
0.49603452,40.977476026,40.933841910
0.49608960,40.891722148,40.848864352
0.49614469,40.820179861,40.790568399
0.49619977,40.765996262,40.740750899
0.49625486,40.724184809,40.707364645
0.49630994,40.687248745,40.666830810
0.49636503,40.656291306,40.645209818
0.49642011,40.635430643,40.625310398
0.49647519,40.620683087,40.616081894
0.49653028,40.605536147,40.594919667
0.49658536,40.592016999,40.588759761
0.49664045,40.585071710,40.581192090
0.49669553,40.581431025,40.581813606
0.49675062,40.575184151,40.568575273
0.49680570,40.568850652,40.568842253
0.49686078,40.567761290,40.566544172
0.49691587,40.568935003,40.571513537
0.49697095,40.566673626,40.561890148
0.49702604,40.563649840,40.565156151
0.49708112,40.565296032,40.565326797
0.49713621,40.568693816,40.572273332
0.49719129,40.568187169,40.564180496
0.49724638,40.566481316,40.568550519
0.49730146,40.569033031,40.569427091
0.49735654,40.572945218,40.576695025
0.49741163,40.572590575,40.568582738
0.49746671,40.570713724,40.572627887
0.49752180,40.572815868,40.572927683
0.49757688,40.576048029,40.579409378
0.49763197,40.574839565,40.570372328
0.49768705,40.571998893,40.573411327
0.49774213,40.573089031,40.572690299
0.49779722,40.575317116,40.578181823
0.49785230,40.573166372,40.568247724
0.49790739,40.569495087,40.570520528
0.49796247,40.569903849,40.569201703
0.49801756,40.571622945,40.574272271
0.49807264,40.569149905,40.564114165
0.49812772,40.565349356,40.566352780
0.49818281,40.565814905,40.565182731
0.49823789,40.567757325,40.570552428
0.49829298,40.565650205,40.560828356
0.49834806,40.562332765,40.563600755
0.49840315,40.563367994,40.563038093
0.49845823,40.565932499,40.569046153
0.49851332,40.564470250,40.559974665
0.49856840,40.561797651,40.563385269
0.49862348,40.563456749,40.563433166
0.49867857,40.566605041,40.569998857
0.49873365,40.565675196,40.561434731
0.49878874,40.563480212,40.565293325
0.49884382,40.565559743,40.565734270
0.49889891,40.569068224,40.572627254
0.49895399,40.568439229,40.564337302
0.49900907,40.566489944,40.568413078
0.49906416,40.568760598,40.569019313
0.49911924,40.572401397,40.576011831
0.49917433,40.571842404,40.567762455
0.49922941,40.569898613,40.571808957
0.49928450,40.572104087,40.572314623
0.49933958,40.575599339,40.579116965
0.49939466,40.574808095,40.570593334
0.49944975,40.572544050,40.574273623
0.49950483,40.574340495,40.574327442
0.49955992,40.577338406,40.580586544
0.49961500,40.575969660,40.571450283
0.49967009,40.573064567,40.574460093
0.49972517,40.574175761,40.573812793
0.49978025,40.576465408,40.579355048
0.49983534,40.574393000,40.569526568
0.49989042,40.570821780,40.571894705
0.49994551,40.571335323,40.570692364
0.50000059,40.573122540,40.575783421
0.50005568,40.570669080,40.565642746
0.50011076,40.566862209,40.567850963
0.50016585,40.567300339,40.566657476
0.50022093,40.569176669,40.571917965
0.50027601,40.566975380,40.562112545
0.50033110,40.563576651,40.564802695
0.50038618,40.564561204,40.564221558
0.50044127,40.567094770,40.570185766
0.50049635,40.565631124,40.561153551
0.50055144,40.563019100,40.564645773
0.50060652,40.564803811,40.564864887
0.50066160,40.568113103,40.571582045
0.50071669,40.567367946,40.563235224
0.50077177,40.565391394,40.567314194
0.50082686,40.567705990,40.568007325
0.50088194,40.571421180,40.575062735
0.50093703,40.570949491,40.566924524
0.50099211,40.569115593,40.571079886
0.50104719,40.571448026,40.571731823
0.50110228,40.575065685,40.578632498
0.50115736,40.574397922,40.570255674
0.50121245,40.572292164,40.574104765
0.50126753,40.574298895,40.574410543
0.50132262,40.577556587,40.580936346
0.50137770,40.576515437,40.572186506
0.50143279,40.574043733,40.575675922
0.50148787,40.575706819,40.575653642
0.50154295,40.578651482,40.581881096
0.50159804,40.577334458,40.572877586
0.50165312,40.574628809,40.576152850
0.50170821,40.576098252,40.575957822
0.50176329,40.578882273,40.582037125
0.50181838,40.577430362,40.572912323
0.50187346,40.574609152,40.576078258
0.50192854,40.575972706,40.575781413
0.50198363,40.578648651,40.581746836
0.50203871,40.577078074,40.572498816
0.50209380,40.574123143,40.575520783
0.50214888,40.575333030,40.575060836
0.50220397,40.577830610,40.580832622
0.50225905,40.576057375,40.571372637
0.50231413,40.572880925,40.574163238
0.50236922,40.573856043,40.573464824
0.50242430,40.576111496,40.578990275
0.50247939,40.574099455,40.569298227
0.50253447,40.570702396,40.571878935
0.50258956,40.571489034,40.571012789
0.50264464,40.573600929,40.576418032
0.50269973,40.571505995,40.566679465
0.50275481,40.568104437,40.569296929
0.50280989,40.568979259,40.568569848
0.50286498,40.571282401,40.574217980
0.50292006,40.569491991,40.564845088
0.50297515,40.566517057,40.567950001
0.50303023,40.567942611,40.567837196
0.50308532,40.570915436,40.574210847
0.50314040,40.569905320,40.565673647
0.50319548,40.567809032,40.569701229
0.50325057,40.570190830,40.570579737
0.50330565,40.574168987,40.577974372
0.50336074,40.574182177,40.570464525
0.50341582,40.573094072,40.575483118
0.50347091,40.576430829,40.577282694
0.50352599,40.581269860,40.585479981
0.50358107,40.582012661,40.578628386
0.50363616,40.581491113,40.584123359
0.50369124,40.585202815,40.586197670
0.50374633,40.590202557,40.594442227
0.50380141,40.590881450,40.587415420
0.50385650,40.590074348,40.592513832
0.50391158,40.593292036,40.593995423
0.50396667,40.597613954,40.601474964
0.50402175,40.597471688,40.593567975
0.50407683,40.595755271,40.597724571
0.50413192,40.598039961,40.598278187
0.50418700,40.601477831,40.604913270
0.50424209,40.600583228,40.596341350
0.50429717,40.598335773,40.600096097
0.50435226,40.600399925,40.600605939
0.50440734,40.604014022,40.607632805
0.50446242,40.603776597,40.599979307
0.50451751,40.602745445,40.605244778
0.50457259,40.606649925,40.607921913
0.50462768,40.612777825,40.617807177
0.50468276,40.615763195,40.613739824
0.50473785,40.618682541,40.623320287
0.50479293,40.627261332,40.631032416
0.50484801,40.638760381,40.646627387
0.50490310,40.647767014,40.648896330
0.50495818,40.657290368,40.665353269
0.50501327,40.672964340,40.680385235
0.50506835,40.691935808,40.703612042
0.50512344,40.708661425,40.713694754
0.50517852,40.726004407,40.737985684
0.50523361,40.749436413,40.760708885
0.50528869,40.775930082,40.791298243
0.50534377,40.799763728,40.808243872
0.50539886,40.823621746,40.838711362
0.50545394,40.852797447,40.866754485
0.50550903,40.884091533,40.901633048
0.50556411,40.911625776,40.921697933
0.50561920,40.937947588,40.953979954
0.50567428,40.968233796,40.982434429
0.50572936,40.999194331,41.016237671
0.50578445,41.024893278,41.033708576
0.50583953,41.047855269,41.061864498
0.50589462,41.073267240,41.084694355
0.50594970,41.097883717,41.111429869
0.50600479,41.115851018,41.120499122
0.50605987,41.129810911,41.139044918
0.50611495,41.145095765,41.151221747
0.50617004,41.158630853,41.166437306
0.50622512,41.164757316,41.163333688
0.50628021,41.166329186,41.169264741
0.50633529,41.168898773,41.168614080
0.50639038,41.169613633,41.171004978
0.50644546,41.163036739,41.155307987
0.50650054,41.152236336,41.149077420
0.50655563,41.142962099,41.136891375
0.50661071,41.132538240,41.128531973
0.50666580,41.115683130,41.103021923
0.50672088,41.095594979,41.088023623
0.50677597,41.078122443,41.068205050
0.50683105,41.060657902,41.053394582
0.50688614,41.037960679,41.022650569
0.50694122,41.013242697,41.003627293
0.50699630,40.992337592,40.980970607
0.50705139,40.972597820,40.964450807
0.50710647,40.948724539,40.933067861
0.50716156,40.923855703,40.914386483
0.50721664,40.903735529,40.892963010
0.50727173,40.885616589,40.878457097
0.50732681,40.864096660,40.849772476
0.50738189,40.842208959,40.834360654
0.50743698,40.825591203,40.816677983
0.50749206,40.811391428,40.806274739
0.50754715,40.794110161,40.781969506
0.50760223,40.776690943,40.771119718
0.50765732,40.764687178,40.758107078
0.50771240,40.755169916,40.752402333
0.50776748,40.742573613,40.732771514
0.50782257,40.729785452,40.726512080
0.50787765,40.722308834,40.717965649
0.50793274,40.717172205,40.716557689
0.50798782,40.708777644,40.701034839
0.50804291,40.699988415,40.698666323
0.50809799,40.696288791,40.693783698
0.50815308,40.694693685,40.695795279
0.50820816,40.689599752,40.683454118
0.50826324,40.683870894,40.684024515
0.50831833,40.682994184,40.681848527
0.50837341,40.683990031,40.686334843
0.50842850,40.681265426,40.676256927
0.50848358,40.677697044,40.678884438
0.50853867,40.678783088,40.678576324
0.50859375,40.681553921,40.684744162
0.50864883,40.680427437,40.676180442
0.50870392,40.678289978,40.680155337
0.50875900,40.680644651,40.681037026
0.50881409,40.684523158,40.688230362
0.50886917,40.684344136,40.680536111
0.50892426,40.682992916,40.685214280
0.50897934,40.685967465,40.686632818
0.50903442,40.690292559,40.694182737
0.50908951,40.690382034,40.686669060
0.50914459,40.689118125,40.691341450
0.50919968,40.691995604,40.692571682
0.50925476,40.696038504,40.699745253
0.50930985,40.695666037,40.691683496
0.50936493,40.693770913,40.695640864
0.50942002,40.695860842,40.696010150
0.50947510,40.698976702,40.702189385
0.50953018,40.697560737,40.693033557
0.50958527,40.694532431,40.695817234
0.50964035,40.695426098,40.694966284
0.50969544,40.697309342,40.699899035
0.50975052,40.694652587,40.689506695
0.50980561,40.690401916,40.691081034
0.50986069,40.690112648,40.689072702
0.50991577,40.690868415,40.692907184
0.50997086,40.687152654,40.681494659
0.51002594,40.681919434,40.682124050
0.51008103,40.680724413,40.679249424
0.51013611,40.680646099,40.682282404
0.51019120,40.676160849,40.670132895
0.51024628,40.670213183,40.670071074
0.51030136,40.668345554,40.666543166
0.51035645,40.667622899,40.668941270
0.51041153,40.662511837,40.656175343
0.51046662,40.655950733,40.655503278
0.51052170,40.653478186,40.651375738
0.51057679,40.652160361,40.653182653
0.51063187,40.646473333,40.639855146
0.51068696,40.639371591,40.638662347
0.51074204,40.636413754,40.634083662
0.51079712,40.634691028,40.635530273
0.51085221,40.628710956,40.621975154
0.51090729,40.621462674,40.620715114
0.51096238,40.618538454,40.616269187
0.51101746,40.617062113,40.618074113
0.51107255,40.611573223,40.605141564
0.51112763,40.605088553,40.604785156
0.51118271,40.603219339,40.601545033
0.51123780,40.603099909,40.604857789
0.51129288,40.599272907,40.593741534
0.51134797,40.594747821,40.595489051
0.51140305,40.595115257,40.594619976
0.51145814,40.597477320,40.600526808
0.51151322,40.596335461,40.592189430
0.51156830,40.594647903,40.596836388
0.51162339,40.597942880,40.598926619
0.51167847,40.603252729,40.607773537
0.51173356,40.605006224,40.602290719
0.51178864,40.606086625,40.609623078
0.51184373,40.611945545,40.614159669
0.51189881,40.619542113,40.625137080
0.51195389,40.623240754,40.621416950
0.51200898,40.625870426,40.630087491
0.51206406,40.632839267,40.635507268
0.51211915,40.641078482,40.646887261
0.51217423,40.644944536,40.643098813
0.51222932,40.647278012,40.651243760
0.51228440,40.653517006,40.655726845
0.51233949,40.660643160,40.665813653
0.51239457,40.663085189,40.660465626
0.51244965,40.663773983,40.666875368
0.51250474,40.668251236,40.669564125
0.51255982,40.673614083,40.677912067
0.51261491,40.674416460,40.671016852
0.51266999,40.673717222,40.676191209
0.51272508,40.677181376,40.678083060
0.51278016,40.682021230,40.686176423
0.51283524,40.682894173,40.679672415
0.51289033,40.682943270,40.685949104
0.51294541,40.687891510,40.689705153
0.51300050,40.694980853,40.700433204
0.51305558,40.698868667,40.697325941
0.51311067,40.702663951,40.707701901
0.51316575,40.712018683,40.716177119
0.51322083,40.724069546,40.732116098
0.51327592,40.733338292,40.734568363
0.51333100,40.742769264,40.750666156
0.51338609,40.757823775,40.764830030
0.51344117,40.775430358,40.786203169
0.51349626,40.789894496,40.793623558
0.51355134,40.803942302,40.813998153
0.51360643,40.822821993,40.831546003
0.51366151,40.843265612,40.855218226
0.51371659,40.859409619,40.863706503
0.51377168,40.873844717,40.883792993
0.51382676,40.891722853,40.899628561
0.51388185,40.909727114,40.920134276
0.51393693,40.921998188,40.924040332
0.51399202,40.931183836,40.938204611
0.51404710,40.942543741,40.946917745
0.51410218,40.952918965,40.959277142
0.51415727,40.956655026,40.954246825
0.51421235,40.956641733,40.958935526
0.51426744,40.958407067,40.957920059
0.51432252,40.959078259,40.960584503
0.51437761,40.953294834,40.946194990
0.51443269,40.944233897,40.942133474
0.51448777,40.937690247,40.933237660
0.51454286,40.931028499,40.929105936
0.51459794,40.919087723,40.909189783
0.51465303,40.905196060,40.900988309
0.51470811,40.895243074,40.889411661
0.51476320,40.886630613,40.884060223
0.51481828,40.874178048,40.864344128
0.51487337,40.861136100,40.857648875
0.51492845,40.853261751,40.848732590
0.51498353,40.847778033,40.846989509
0.51503862,40.839289325,40.831605534
0.51509370,40.830802767,40.829702750
0.51514879,40.827812715,40.825776695
0.51520387,40.827274621,40.828948328
0.51525896,40.823533473,40.818157599
0.51531404,40.819353804,40.820286882
0.51536912,40.820012621,40.819636152
0.51542421,40.822284330,40.825159384
0.51547929,40.820377332,40.815690224
0.51553438,40.816966119,40.818037232
0.51558946,40.817285074,40.816488800
0.51564455,40.818115977,40.820025261
0.51569963,40.813723911,40.807567608
0.51575471,40.806882640,40.806036000
0.51580980,40.802961089,40.799876551
0.51586488,40.798906122,40.798242388
0.51591997,40.789171615,40.780259896
0.51597505,40.776732527,40.773046775
0.51603014,40.767161197,40.761258738
0.51608522,40.757604337,40.754239322
0.51614031,40.742705848,40.731305043
0.51619539,40.725611837,40.719726117
0.51625047,40.712040462,40.704297427
0.51630556,40.699257965,40.694462436
0.51636064,40.682000821,40.669623046
0.51641573,40.663477668,40.657089184
0.51647081,40.649438815,40.641680070
0.51652590,40.637157099,40.632827773
0.51658098,40.621354420,40.609916392
0.51663606,40.605204804,40.600204290
0.51669115,40.594406789,40.588458343
0.51674623,40.586171174,40.584038602
0.51680132,40.575152785,40.566266987
0.51685640,40.564454424,40.562321509
0.51691149,40.559701044,40.556901955
0.51696657,40.558032536,40.559293488
0.51702165,40.554038273,40.548762111
0.51707674,40.550759256,40.552418204
0.51713182,40.553761405,40.554910981
0.51718691,40.560130883,40.565468683
0.51724199,40.564409220,40.563318731
0.51729708,40.569591931,40.575519236
0.51735216,40.581199834,40.586681367
0.51740725,40.596276347,40.605985884
0.51746233,40.609323071,40.612628008
0.51751741,40.623295192,40.633617473
0.51757250,40.643671451,40.653529528
0.51762758,40.667454153,40.681498553
0.51768267,40.689105817,40.696688141
0.51773775,40.711541796,40.726060057
0.51779284,40.740199076,40.754153874
0.51784792,40.772038780,40.790057252
0.51790300,40.801483207,40.812900263
0.51795809,40.831404606,40.849592132
0.51801317,40.867191627,40.884628220
0.51806826,40.905753001,40.927035657
0.51812334,40.941453723,40.955890691
0.51817843,40.977099081,40.998022594
0.51823351,41.017998482,41.037848109
0.51828859,41.060970847,41.084293325
0.51834368,41.100281240,41.116335808
0.51839876,41.138622479,41.160678546
0.51845385,41.181179699,41.201615715
0.51850893,41.224641645,41.247935333
0.51856402,41.263142470,41.278491089
0.51861910,41.299245964,41.319851502
0.51867418,41.338015888,41.356201912
0.51872927,41.376037662,41.396232064
0.51878435,41.407368842,41.418740473
0.51883944,41.434528102,41.450260279
0.51889452,41.462571872,41.474997058
0.51894961,41.488125009,41.501698902
0.51900469,41.505336422,41.509288722
0.51905978,41.516867330,41.524460407
0.51911486,41.527966967,41.531644361
0.51916994,41.535503538,41.539850768
0.51922503,41.533915270,41.528319655
0.51928011,41.526187841,41.524077286
0.51933520,41.517919310,41.511919786
0.51939028,41.506342371,41.501221225
0.51944537,41.486263265,41.471594639
0.51950045,41.461022811,41.450404312
0.51955553,41.436547427,41.422765552
0.51961062,41.410362166,41.398318481
0.51966570,41.377519624,41.356903423
0.51972079,41.341549352,41.326035206
0.51977587,41.308502118,41.290927311
0.51983096,41.275962802,41.261241311
0.51988604,41.238979732,41.216787577
0.51994112,41.201013696,41.184973139
0.51999621,41.167986896,41.150861571
0.52005129,41.137306624,41.123908632
0.52010638,41.103804828,41.083697346
0.52016146,41.070694956,41.057366841
0.52021655,41.043631912,41.029713205
0.52027163,41.019750594,41.009914259
0.52032672,40.993617355,40.977299398
0.52038180,40.968194009,40.958757684
0.52043688,40.948906044,40.938875888
0.52049197,40.932691352,40.926646826
0.52054705,40.913957312,40.901266961
0.52060214,40.895544599,40.889515996
0.52065722,40.882795698,40.875923938
0.52071231,40.872605716,40.869454900
0.52076739,40.859377153,40.849324686
0.52082247,40.845976273,40.842345155
0.52087756,40.837795765,40.833114705
0.52093264,40.831802713,40.830673312
0.52098773,40.822487514,40.814337216
0.52104281,40.812810768,40.811006860
0.52109790,40.808259595,40.805381021
0.52115298,40.805893653,40.806584630
0.52120806,40.800290216,40.794023082
0.52126315,40.794484616,40.794657277
0.52131823,40.794023995,40.793245454
0.52137332,40.796015548,40.798948132
0.52142840,40.795072015,40.791206180
0.52148349,40.794249703,40.796986932
0.52153857,40.799103353,40.801057108
0.52159366,40.806739596,40.812567475
0.52164874,40.811764920,40.810956227
0.52170382,40.817222439,40.823166925
0.52175891,40.828648093,40.833952212
0.52181399,40.843128585,40.852437019
0.52186908,40.855250213,40.858045186
0.52192416,40.868032106,40.877686736
0.52197925,40.886981116,40.896089581
0.52203433,40.909151434,40.922338443
0.52208941,40.929091540,40.935822049
0.52214450,40.949771603,40.963387778
0.52219958,40.976635531,40.989700234
0.52225467,41.006661655,41.023755792
0.52230975,41.034308217,41.044851292
0.52236484,41.062436559,41.079708352
0.52241992,41.096363174,41.112862244
0.52247500,41.132925353,41.153156422
0.52253009,41.166429891,41.179737709
0.52258517,41.199577257,41.219155722
0.52264026,41.237519099,41.255787503
0.52269534,41.276934030,41.298316970
0.52275043,41.311983985,41.325760537
0.52280551,41.345242732,41.364544452
0.52286060,41.381760853,41.398966425
0.52291568,41.418152004,41.437659455
0.52297076,41.448555401,41.459645388
0.52302585,41.475565374,41.491386034
0.52308093,41.504298910,41.517276114
0.52313602,41.531486085,41.546084508
0.52319110,41.551431292,41.557027902
0.52324619,41.566935903,41.576787637
0.52330127,41.583360417,41.590026097
0.52335635,41.597711564,41.605798205
0.52341144,41.604595596,41.603638976
0.52346652,41.607128711,41.610541567
0.52352161,41.610990100,41.611494198
0.52357669,41.613503709,41.615860816
0.52363178,41.609583337,41.603483090
0.52368686,41.602632206,41.601621911
0.52374194,41.598589736,41.595518296
0.52379703,41.595011884,41.594747602
0.52385211,41.587012584,41.579340683
0.52390720,41.578157266,41.576693764
0.52396228,41.574508073,41.572157817
0.52401737,41.573706936,41.575370196
0.52407245,41.570916683,41.566397756
0.52412754,41.569710892,41.572617029
0.52418262,41.576118954,41.579333001
0.52423770,41.587712400,41.596088229
0.52429279,41.599545419,41.602827319
0.52434787,41.615040404,41.626746736
0.52440296,41.640032346,41.652942553
0.52445804,41.671858314,41.690697301
0.52451313,41.705298150,41.719667055
0.52456821,41.743457747,41.766703665
0.52462329,41.791816412,41.816536006
0.52467838,41.847324823,41.878040650
0.52473346,41.904352689,41.930459078
0.52478855,41.965577829,42.000200979
0.52484363,42.036045431,42.071568223
0.52489872,42.112283424,42.153018095
0.52495380,42.188265181,42.223418056
0.52500888,42.266310695,42.308835353
0.52506397,42.351161472,42.393305982
0.52511905,42.439113601,42.485088811
0.52517414,42.523991673,42.562951944
0.52522922,42.608054029,42.652938480
0.52528431,42.696071219,42.739166520
0.52533939,42.784461251,42.830057001
0.52539447,42.867256619,42.904632561
0.52544956,42.946994360,42.989239965
0.52550464,43.028779276,43.068362906
0.52555973,43.109404508,43.150808050
0.52561481,43.183298251,43.216004988
0.52566990,43.253389901,43.290679238
0.52572498,43.325154808,43.359677476
0.52578007,43.395722632,43.432117089
0.52583515,43.459811511,43.487697465
0.52589023,43.520582511,43.553337854
0.52594532,43.583681327,43.614031641
0.52600040,43.646351320,43.678976684
0.52605549,43.703371780,43.727914059
0.52611057,43.757915578,43.787744479
0.52616566,43.815599638,43.843421652
0.52622074,43.873610614,43.904069270
0.52627582,43.926651012,43.949348846
0.52633091,43.977799930,44.006052827
0.52638599,44.032569215,44.059032611
0.52644108,44.088036707,44.117296452
0.52649616,44.138794485,44.160400563
0.52655125,44.187807596,44.215014483
0.52660633,44.240472450,44.265881302
0.52666141,44.293756444,44.321896516
0.52671650,44.342149432,44.362524609
0.52677158,44.388523540,44.414340668
0.52682667,44.438198103,44.462027514
0.52688175,44.488090042,44.514439607
0.52693684,44.532671737,44.551047419
0.52699192,44.574832896,44.598454978
0.52704701,44.619950013,44.641430182
0.52710209,44.665042040,44.688946580
0.52715717,44.704725875,44.720645089
0.52721226,44.742068782,44.763314863
0.52726734,44.782649254,44.801943085
0.52732243,44.823704427,44.845721162
0.52737751,44.860070563,44.874511932
0.52743260,44.895015713,44.915285035
0.52748768,44.934285100,44.953181192
0.52754276,44.975237534,44.997482322
0.52759785,45.012772670,45.028088266
0.52765293,45.050150237,45.071915296
0.52770802,45.093030500,45.113987426
0.52776310,45.138613796,45.163386151
0.52781819,45.181571263,45.199754473
0.52787327,45.224868979,45.249677485
0.52792835,45.273822356,45.297819557
0.52798344,45.325256918,45.352871162
0.52803852,45.373458633,45.394095053
0.52809361,45.421016010,45.447700234
0.52814869,45.472897423,45.498031741
0.52820378,45.525637152,45.553515920
0.52825886,45.573303783,45.593244318
0.52831395,45.618353013,45.643330983
0.52836903,45.665715289,45.688139596
0.52842411,45.711989724,45.736207657
0.52847920,45.751409613,45.766845618
0.52853428,45.786683026,45.806454033
0.52858937,45.823067690,45.839765328
0.52864445,45.857551474,45.875726849
0.52869954,45.884797075,45.894099353
0.52875462,45.907957354,45.921723740
0.52880970,45.932730152,45.943773097
0.52886479,45.956523948,45.969596207
0.52891987,45.974385785,45.979321986
0.52897496,45.989799846,46.000086290
0.52903004,46.008733678,46.017306771
0.52908513,46.028801697,46.040499753
0.52914021,46.045188561,46.049902189
0.52919529,46.061441425,46.072667894
0.52925038,46.083515508,46.094171720
0.52930546,46.108940707,46.123803822
0.52936055,46.132743617,46.141611419
0.52941563,46.158235798,46.174466762
0.52947072,46.191061780,46.207404443
0.52952580,46.228374158,46.249399876
0.52958089,46.264763092,46.280041710
0.52963597,46.303053597,46.325686681
0.52969105,46.348372876,46.370848766
0.52974614,46.397353379,46.423982267
0.52980122,46.444089632,46.464204298
0.52985631,46.490961995,46.517452164
0.52991139,46.542735456,46.567933137
0.52996648,46.595794644,46.623911430
0.53002156,46.644121795,46.664469160
0.53007664,46.690129936,46.715643721
0.53013173,46.738765875,46.761906073
0.53018681,46.786741691,46.811912628
0.53024190,46.828493426,46.845262579
0.53029698,46.866982393,46.888574588
0.53035207,46.907764585,46.926958489
0.53040715,46.948188228,46.969706179
0.53046223,46.983313082,46.997030937
0.53051732,47.016671874,47.036081738
0.53057240,47.054310346,47.072418596
0.53062749,47.093966036,47.115662697
0.53068257,47.130971810,47.146244855
0.53073766,47.169006282,47.191388239
0.53079274,47.214135236,47.236618197
0.53084783,47.264000997,47.291399638
0.53090291,47.313735634,47.335917605
0.53095799,47.366720398,47.397045509
0.53101308,47.428642632,47.459900552
0.53106816,47.496704218,47.533474179
0.53112325,47.565548337,47.597446623
0.53117833,47.638028641,47.678140150
0.53123342,47.719280725,47.760118666
0.53128850,47.805948217,47.851809748
0.53134358,47.892121898,47.932352225
0.53139867,47.980117977,48.027534134
0.53145375,48.074564024,48.121436624
0.53150884,48.171642601,48.222047267
0.53156392,48.265041918,48.308139398
0.53161901,48.356741273,48.405192150
0.53167409,48.451108001,48.497074424
0.53172917,48.544153531,48.591643509
0.53178426,48.629488955,48.667648823
0.53183934,48.709109836,48.750625810
0.53189443,48.787495758,48.824611346
0.53194951,48.860870157,48.897718938
0.53200460,48.923152096,48.949058222
0.53205968,48.976731930,49.004594319
0.53211476,49.026564988,49.048886154
0.53216985,49.069426501,49.090629436
0.53222493,49.099850462,49.109582457
0.53228002,49.120886436,49.132380956
0.53233510,49.138177189,49.144288891
0.53239019,49.149198383,49.154698981
0.53244527,49.149174793,49.144055503
0.53250036,49.141810162,49.139617710
0.53255544,49.133343409,49.127219224
0.53261052,49.121771596,49.116726921
0.53266561,49.102746795,49.088966509
0.53272069,49.080287624,49.071445981
0.53277578,49.060828018,49.050140146
0.53283086,49.042442185,49.034928834
0.53288595,49.020744426,49.006548979
0.53294103,48.999606621,48.992303005
0.53299611,48.985223845,48.977892290
0.53305120,48.975363533,48.972855426
0.53310628,48.965286422,48.957562500
0.53316137,48.958482517,48.958917839
0.53321645,48.960759375,48.962244654
0.53327154,48.969514024,48.976718211
0.53332662,48.979666433,48.982390191
0.53338170,48.994399065,49.005868080
0.53343679,49.019248118,49.032229186
0.53349187,49.051375468,49.070424930
0.53354696,49.085491008,49.100311677
0.53360204,49.124573601,49.148285853
0.53365713,49.173946856,49.199211302
0.53371221,49.230538351,49.261785192
0.53376730,49.288785355,49.315573758
0.53382238,49.351339941,49.386610221
0.53387746,49.423140687,49.459351223
0.53393255,49.500678624,49.542027555
0.53398763,49.577912385,49.613713821
0.53404272,49.656988110,49.699921533
0.53409780,49.742339577,49.784617448
0.53415289,49.829991996,49.875588709
0.53420797,49.913512890,49.951569609
0.53426305,49.994765180,50.037843624
0.53431814,50.078043641,50.118325737
0.53437322,50.159412001,50.200930915
0.53442831,50.232671852,50.264733592
0.53448339,50.300118556,50.335542213
0.53453848,50.366672746,50.397999303
0.53459356,50.429201358,50.460900543
0.53464864,50.482450695,50.504331766
0.53470373,50.529751067,50.555162798
0.53475881,50.577093299,50.599118200
0.53481390,50.622391682,50.646009822
0.53486898,50.661350497,50.676826906
0.53492407,50.698100385,50.719139573
0.53497915,50.739217776,50.759145698
0.53503424,50.782942508,50.806837046
0.53508932,50.825004192,50.843075268
0.53514440,50.869228112,50.894947982
0.53519949,50.921543648,50.947841206
0.53525457,50.979207187,51.010591102
0.53530966,51.036639447,51.062596267
0.53536474,51.096048476,51.129171371
0.53541983,51.161467576,51.193681327
0.53547491,51.228013956,51.262703470
0.53552999,51.287755640,51.313188590
0.53558508,51.340358221,51.367812900
0.53564016,51.387148616,51.407165642
0.53569525,51.420398965,51.434908754
0.53575033,51.429211218,51.424975399
0.53580542,51.410181385,51.396918566
0.53586050,51.361496258,51.328167719
0.53591558,51.272270730,51.219226320
0.53597067,51.128505304,51.040977810
0.53602575,50.923853455,50.810132181
0.53608084,50.653866099,50.501680169
0.53613592,50.305519891,50.114275908
0.53619101,49.863396095,49.617800857
0.53624609,49.320692694,49.029042256
0.53630118,48.673729625,48.324438292
0.53635626,47.911728336,47.505674190
0.53641134,47.023196821,46.547446415
0.53646643,46.007077019,45.473212371
0.53652151,44.867295994,44.267957625
0.53657660,43.602475770,42.943631791
0.53663168,42.212108923,41.486654340
0.53668677,40.707352972,39.933215699
0.53674185,39.105103451,38.281535782
0.53679693,37.417121417,36.556642432
0.53685202,35.655552065,34.757217967
0.53690710,33.843040338,32.930198505
0.53696219,32.006168428,31.082460705
0.53701727,30.164036282,29.245076368
0.53707236,28.333352757,27.419825964
0.53712744,26.538280401,25.653587423
0.53718252,24.803792827,23.950072987
0.53723761,23.144367950,22.334260265
0.53729269,21.569363504,20.799299086
0.53734778,20.093297818,19.381380205
0.53740286,18.729769598,18.072119680
0.53745795,17.480789238,16.883621855
0.53751303,16.342806872,15.796061600
0.53756812,15.317617506,14.833127927
0.53762320,14.406846938,13.974967686
0.53767828,13.601753971,13.223632827
0.53773337,12.889601269,12.550964270
0.53778845,12.264770907,11.974154018
0.53784354,11.723341284,11.468751931
0.53789862,11.252868478,11.034007859
0.53795371,10.838632192,10.640609366
0.53800879,10.474550232,10.305985941
0.53806387,10.157513658,10.007089041
0.53811896,9.876906077,9.745436299
0.53817404,9.620578118,9.494603085
0.53822913,9.385502736,9.275253273
0.53828421,9.171886481,9.067744707
0.53833930,8.972504496,8.876979779
0.53839438,8.778523481,8.679787409
0.53844946,8.590042102,8.499833189
0.53850455,8.410131140,8.320203653
0.53855963,8.234132528,8.148207024
0.53861472,8.055465247,7.962771043
0.53866980,7.876165148,7.789335833
0.53872489,7.700945103,7.612495915
0.53877997,7.526525514,7.440806968
0.53883505,7.347468371,7.254233983
0.53889014,7.166742338,7.079043876
0.53894522,6.989812989,6.900508183
0.53900031,6.814002898,6.727708945
0.53905539,6.634343813,6.541023759
0.53911048,6.454152226,6.367001873
0.53916556,6.279133266,6.191110850
0.53922065,6.106754675,6.022526763
0.53927573,5.932103873,5.841644492
0.53933081,5.758464626,5.674930104
0.53938590,5.591429671,5.507708829
0.53944098,5.428288190,5.348941501
0.53949607,5.263891543,5.178765709
0.53955115,5.101238092,5.023333081
0.53960624,4.945603798,4.867648486
0.53966132,4.793953079,4.720342654
0.53971640,4.640822136,4.561252207
0.53977149,4.488918440,4.416246870
0.53982657,4.343271976,4.270120320
0.53988166,4.200667357,4.131354308
0.53993674,4.055537235,3.979727248
0.53999183,3.910563661,3.841116052
0.54004691,3.770832562,3.700419036
0.54010199,3.633266250,3.566289351
0.54015708,3.492504299,3.418748943
0.54021216,3.351484344,3.283943259
0.54026725,3.215579652,3.147077561
0.54032233,3.082015981,3.017106147
0.54037742,2.945729470,2.874344262
0.54043250,2.809922985,2.745175278
0.54048759,2.680189717,2.615006707
0.54054267,2.553923649,2.492927503
0.54059775,2.426168910,2.359334608
0.54065284,2.300169693,2.240612070
0.54070792,2.181499500,2.122126666
0.54076301,2.067484402,2.012871819
0.54081809,1.953060651,1.893123922
0.54087318,1.841331119,1.789104217
0.54092826,1.737708394,1.686019590
0.54098334,1.639353879,1.592693658
0.54103843,1.541041963,1.489248862
0.54109351,1.445717481,1.401744010
0.54114860,1.358644633,1.315251263
0.54120368,1.276853023,1.238465444
0.54125877,1.195000091,1.151404186
0.54131385,1.115923264,1.080016182
0.54136893,1.044791302,1.009292452
0.54142402,0.978557050,0.947855387
0.54147910,0.911820917,0.875681031
0.54153419,0.847382658,0.818683901
0.54158927,0.790400939,0.761868361
0.54164436,0.737857904,0.713901841
0.54169944,0.684426457,0.654860414
0.54175453,0.633020736,0.610787194
0.54180961,0.588958312,0.566875661
0.54186469,0.549426030,0.532014092
0.54191978,0.509336022,0.486537213
0.54197486,0.471856550,0.456738635
0.54202995,0.442557125,0.428066110
0.54208503,0.418856806,0.409619469
0.54214012,0.395853614,0.381895225
0.54219520,0.376826221,0.371247035
0.54225028,0.367360164,0.363095218
0.54230537,0.364785632,0.366389864
0.54236045,0.363996247,0.361368745
0.54241554,0.367945730,0.373993785
0.54247062,0.381785593,0.389207753
0.54252571,0.402326393,0.415397775
0.54258079,0.423880342,0.432200399
0.54263587,0.448784570,0.464943646
0.54269096,0.481576028,0.497972889
0.54274604,0.518493517,0.539127482
0.54280113,0.553351444,0.567594907
0.54285621,0.588086356,0.608349824
0.54291130,0.626955549,0.645530642
0.54296638,0.666057600,0.686903072
0.54302147,0.699208409,0.711731723
0.54307655,0.728478302,0.745182203
0.54313163,0.758380698,0.771714882
0.54318672,0.785379308,0.799505097
0.54324180,0.803738857,0.808307129
0.54329689,0.816031188,0.823801241
0.54335197,0.827299620,0.830993997
0.54340706,0.834545985,0.838592091
0.54346214,0.832556368,0.826862485
0.54351722,0.824382923,0.821934064
0.54357231,0.815495691,0.809218459
0.54362739,0.803264757,0.797754221
0.54368248,0.782778198,0.768080817
0.54373756,0.757317203,0.746512491
0.54379265,0.732512149,0.718595644
0.54384773,0.705834818,0.693437203
0.54390281,0.672420923,0.651603406
0.54395790,0.635548022,0.619373906
0.54401298,0.600802439,0.582240835
0.54406807,0.565585322,0.549223801
0.54412315,0.524941046,0.500793593
0.54417824,0.482037213,0.463104954
0.54423332,0.442340200,0.421534452
0.54428841,0.403131799,0.384978429
0.54434349,0.359339588,0.333797473
0.54439857,0.314014867,0.294023694
0.54445366,0.272512768,0.250933423
0.54450874,0.232015674,0.213324482
0.54456383,0.187362113,0.161478172
0.54461891,0.141519675,0.121338361
0.54467400,0.099767222,0.078116810
0.54472908,0.059223096,0.040547983
0.54478416,0.014670929,-0.011132904
0.54483925,-0.030973734,-0.051040038
0.54489433,-0.072480067,-0.093999907
0.54494942,-0.112769733,-0.131319623
0.54500450,-0.157094791,-0.182793400
0.54505959,-0.202577897,-0.222582417
0.54511467,-0.244028211,-0.265546364
0.54516975,-0.284405533,-0.303035217
0.54522484,-0.329002243,-0.354880578
0.54527992,-0.374990521,-0.395305316
0.54533501,-0.417237525,-0.439223652
0.54539009,-0.458765585,-0.478055925
0.54544518,-0.504937530,-0.531703936
0.54550026,-0.553009726,-0.574488855
0.54555534,-0.597944679,-0.621417658
0.54561043,-0.642864695,-0.664017888
0.54566551,-0.693237197,-0.722293221
0.54572060,-0.746429376,-0.770684985
0.54577568,-0.797513216,-0.824299609
0.54583077,-0.849707060,-0.874757572
0.54588585,-0.908555106,-0.942123349
0.54594094,-0.971477990,-1.000885015
0.54599602,-1.033565211,-1.066138138
0.54605110,-1.098000879,-1.129446000
0.54610619,-1.170235657,-1.210743359
0.54616127,-1.247534195,-1.284336476
0.54621636,-1.324758998,-1.365049216
0.54627144,-1.404788016,-1.444104060
0.54632653,-1.492690455,-1.541013023
0.54638161,-1.585286034,-1.629614764
0.54643669,-1.676938264,-1.724202163
0.54649178,-1.769983895,-1.815445014
0.54654686,-1.868933497,-1.922289045
0.54660195,-1.970062643,-2.018049488
0.54665703,-2.067232192,-2.116536037
0.54671212,-2.162342954,-2.208028092
0.54676720,-2.259568588,-2.311186215
0.54682228,-2.354979221,-2.399198846
0.54687737,-2.442381320,-2.485893174
0.54693245,-2.523782187,-2.561743572
0.54698754,-2.603632304,-2.645769062
0.54704262,-2.678452170,-2.711701072
0.54709771,-2.742657955,-2.774044604
0.54715279,-2.798999653,-2.824082992
0.54720788,-2.852776780,-2.881725923
0.54726296,-2.901434851,-2.921666442
0.54731804,-2.940348124,-2.959366669
0.54737313,-2.973209419,-2.987040621
0.54742821,-3.006205300,-3.025443254
0.54748330,-3.037577116,-3.050016077
0.54753838,-3.063364652,-3.076805739
0.54759347,-3.087759817,-3.098441048
0.54764855,-3.117260839,-3.135886019
0.54770363,-3.150223367,-3.164602200
0.54775872,-3.182594915,-3.200431889
0.54781380,-3.218265110,-3.235603029
0.54786889,-3.263232830,-3.290480543
0.54792397,-3.315181178,-3.339778764
0.54797906,-3.369235148,-3.398440799
0.54803414,-3.428338513,-3.457700002
0.54808922,-3.497460782,-3.536854673
0.54814431,-3.573218902,-3.609551271
0.54819939,-3.649676180,-3.689675369
0.54825448,-3.728758373,-3.767479388
0.54830956,-3.814506883,-3.861383866
0.54836465,-3.902746814,-3.944327549
0.54841973,-3.986919508,-4.029658521
0.54847482,-4.068522703,-4.107309384
0.54852990,-4.151387601,-4.195599135
0.54858498,-4.231364184,-4.267617839
0.54864007,-4.302152573,-4.337080592
0.54869515,-4.365728365,-4.394509589
0.54875024,-4.426602541,-4.458994996
0.54880532,-4.481483057,-4.504573723
0.54886041,-4.525066442,-4.546009413
0.54891549,-4.560414399,-4.574950272
0.54897057,-4.593169261,-4.611625396
0.54902566,-4.621172670,-4.631202764
0.54908074,-4.640207259,-4.649489809
0.54913583,-4.654323612,-4.659070656
0.54919091,-4.670019152,-4.680950101
0.54924600,-4.685829573,-4.690910005
0.54930108,-4.698042570,-4.705155301
0.54935616,-4.711001698,-4.716458975
0.54941125,-4.731277988,-4.745784007
0.54946633,-4.757264438,-4.768668590
0.54952142,-4.784891709,-4.800847017
0.54957650,-4.817937328,-4.834429879
0.54963159,-4.862216287,-4.889529051
0.54968667,-4.915202367,-4.940694180
0.54974176,-4.971766927,-5.002528273
0.54979684,-5.034512059,-5.065920501
0.54985192,-5.107996386,-5.149689268
0.54990701,-5.188396979,-5.227082468
0.54996209,-5.269282261,-5.311397335
0.55001718,-5.351977045,-5.392272179
0.55007226,-5.439827813,-5.487349818
0.55012735,-5.527905151,-5.568839213
0.55018243,-5.608805688,-5.649131820
0.55023751,-5.683038592,-5.717139174
0.55029260,-5.753314634,-5.789958356
0.55034768,-5.814268606,-5.839472197
0.55040277,-5.858265945,-5.877936176
0.55045785,-5.885784072,-5.894334478
0.55051294,-5.899698300,-5.906020856
0.55056802,-5.894998931,-5.885333370
0.55062310,-5.864581015,-5.845132643
0.55067819,-5.809604278,-5.775163030
0.55073327,-5.733765924,-5.693662342
0.55078836,-5.633008995,-5.573990810
0.55084344,-5.501297778,-5.430126152
0.55089853,-5.340963290,-5.253038436
0.55095361,-5.156972035,-5.062278340
0.55100870,-4.946634245,-4.832628054
0.55106378,-4.705370555,-4.579556793
0.55111886,-4.437043214,-4.295606170
0.55117395,-4.148213626,-4.001945873
0.55122903,-3.837835464,-3.675027569
0.55128412,-3.502990205,-3.331974910
0.55133920,-3.149175938,-2.966948975
0.55139429,-2.784522560,-2.602639342
0.55144937,-2.409439222,-2.216891750
0.55150445,-2.022292597,-1.828009365
0.55155954,-1.629635555,-1.431085887
0.55161462,-1.240374137,-1.049432530
0.55166971,-0.855377697,-0.661195606
0.55172479,-0.473123481,-0.284600074
0.55177988,-0.099903501,0.085703975
0.55183496,0.256005453,0.427221433
0.55189004,0.594708204,0.762939900
0.55194513,0.919014380,1.076076534
0.55200021,1.224187109,1.373652786
0.55205530,1.503708228,1.635023265
0.55211038,1.759568746,1.885102001
0.55216547,1.996520525,2.109067756
0.55222055,2.211756964,2.315844694
0.55227563,2.400606783,2.486581989
0.55233072,2.566758881,2.647797343
0.55238580,2.716468135,2.786073462
0.55244089,2.848206285,2.911488548
0.55249597,2.958331550,3.006097483
0.55255106,3.051300299,3.097046841
0.55260614,3.133880643,3.171315785
0.55266123,3.204824799,3.239145879
0.55271631,3.260560475,3.282566339
0.55277139,3.305427594,3.328514584
0.55282648,3.345928669,3.363645571
0.55288156,3.380441912,3.397775385
0.55293665,3.404944091,3.412455481
0.55299173,3.423273296,3.434095772
0.55304682,3.441409726,3.448832550
0.55310190,3.457217385,3.465971319
0.55315698,3.466182289,3.466592218
0.55321207,3.471682860,3.476656549
0.55326715,3.479281966,3.481913992
0.55332224,3.486478597,3.491326708
0.55337732,3.488444375,3.485689786
0.55343241,3.488286776,3.490707739
0.55348749,3.491340296,3.491930231
0.55354257,3.494918767,3.498149552
0.55359766,3.494043555,3.490030767
0.55365274,3.491695519,3.493155335
0.55370783,3.493103389,3.492984394
0.55376291,3.495496609,3.498230349
0.55381800,3.493826478,3.489498515
0.55387308,3.491009070,3.492300541
0.55392817,3.492213690,3.492048311
0.55398325,3.494619390,3.497402895
0.55403833,3.493132186,3.488930725
0.55409342,3.490621898,3.492089691
0.55414850,3.492213288,3.492256024
0.55420359,3.495048394,3.498052530
0.55425867,3.494001441,3.490020612
0.55431376,3.491910683,3.493579891
0.55436884,3.493872821,3.494088404
0.55442392,3.497011283,3.500150062
0.55447901,3.496188574,3.492302037
0.55453409,3.494232562,3.495947282
0.55458918,3.496233447,3.496447210
0.55464426,3.499317172,3.502407549
0.55469935,3.498354351,3.494380230
0.55475443,3.496180245,3.497768144
0.55480951,3.497893689,3.497949761
0.55486460,3.500635207,3.503543096
0.55491968,3.499292318,3.495121960
0.55497477,3.496713210,3.498093111
0.55502985,3.498007844,3.497853112
0.55508494,3.500331169,3.503030893
0.55514002,3.498585296,3.494218860
0.55519511,3.495627427,3.496823069
0.55525019,3.496573723,3.496252864
0.55530527,3.498588150,3.501142560
0.55536036,3.496581950,3.492097749
0.55541544,3.493416132,3.494518771
0.55547053,3.494208294,3.493823237
0.55552561,3.496127137,3.498646805
0.55558070,3.494089136,3.489604506
0.55563578,3.490955397,3.492087306
0.55569086,3.491841194,3.491517230
0.55574595,3.493915893,3.496527002
0.55580103,3.492096570,3.487736123
0.55585612,3.489239074,3.490520441
0.55591120,3.490450213,3.490299856
0.55596629,3.492893159,3.495696972
0.55602137,3.491478203,3.487328152
0.55607645,3.489048331,3.490546500
0.55613154,3.490694497,3.490762620
0.55618662,3.493567022,3.496582818
0.55624171,3.492563996,3.488615642
0.55629679,3.490511880,3.492188786
0.55635188,3.492484329,3.492703301
0.55640696,3.495619908,3.498751648
0.55646205,3.494808340,3.490939768
0.55651713,3.492866132,3.494577883
0.55657221,3.494858779,3.495067861
0.55662730,3.497924460,3.501000699
0.55668238,3.496957583,3.492993496
0.55673747,3.494778779,3.496353437
0.55679255,3.496459754,3.496497545
0.55684764,3.499152167,3.502028803
0.55690272,3.497767707,3.493587238
0.55695780,3.495141737,3.496486469
0.55701289,3.496360213,3.496165316
0.55706797,3.498593339,3.501242238
0.55712306,3.496771910,3.492380361
0.55717814,3.493744580,3.494896678
0.55723323,3.494607022,3.494245774
0.55728831,3.496540709,3.499053044
0.55734339,3.494486042,3.489994214
0.55739848,3.491293857,3.492377897
0.55745356,3.492057542,3.491662158
0.55750865,3.493957685,3.496467263
0.55756373,3.491932669,3.487470327
0.55761882,3.488825046,3.489961834
0.55767390,3.489717139,3.489395492
0.55772899,3.491781930,3.494380823
0.55778407,3.489951333,3.485593045
0.55783915,3.487057492,3.488303550
0.55789424,3.488171767,3.487962871
0.55794932,3.490461633,3.493172827
0.55800441,3.488856280,3.484611199
0.55805949,3.486182387,3.487535743
0.55811458,3.487506034,3.487399755
0.55816966,3.489995134,3.492803317
0.55822474,3.488581876,3.484432291
0.55827983,3.486092578,3.487535497
0.55833491,3.487592184,3.487572592
0.55839000,3.490251984,3.493144217
0.55844508,3.489008750,3.484945178
0.55850017,3.486688591,3.488214809
0.55855525,3.488354101,3.488417239
0.55861033,3.491177481,3.494150618
0.55866542,3.490096561,3.486114685
0.55872050,3.487932909,3.489534611
0.55877559,3.489741918,3.489873963
0.55883067,3.492691675,3.495723361
0.55888576,3.491716187,3.487782736
0.55894084,3.489628071,3.491259007
0.55899592,3.491471925,3.491612056
0.55905101,3.494409234,3.497423112
0.55910609,3.493369062,3.489391908
0.55916118,3.491155539,3.492708411
0.55921626,3.492804667,3.492831923
0.55927135,3.495475374,3.498339256
0.55932643,3.494097654,3.489936727
0.55938152,3.491474768,3.492805820
0.55943660,3.492643318,3.492415181
0.55949168,3.494770146,3.497348256
0.55954677,3.492797544,3.488329651
0.55960185,3.489539671,3.490544222
0.55965694,3.490045326,3.489481339
0.55971202,3.491500074,3.493741350
0.55976711,3.488867835,3.484075578
0.55982219,3.484980829,3.485678188
0.55987727,3.484904413,3.484062086
0.55993236,3.485843844,3.487843675
0.55998744,3.482781768,3.477796059
0.56004253,3.478561358,3.479113434
0.56009761,3.478253057,3.477318578
0.56015270,3.479066042,3.481026054
0.56020778,3.475981856,3.471008961
0.56026286,3.471831224,3.472436476
0.56031795,3.471663409,3.470813717
0.56037303,3.472663265,3.474724399
0.56042812,3.469782063,3.464912226
0.56048320,3.465809158,3.466492832
0.56053829,3.465745218,3.464927302
0.56059337,3.466726139,3.468745547
0.56064846,3.463652312,3.458643545
0.56070354,3.459256280,3.459670790
0.56075862,3.458480877,3.457238403
0.56081371,3.458410847,3.459823998
0.56086879,3.453901163,3.448085231
0.56092388,3.447641052,3.447023029
0.56097896,3.444537154,3.442024270
0.56103405,3.441652698,3.441547843
0.56108913,3.433834428,3.426253922
0.56114421,3.423772292,3.421142153
0.56119930,3.416386687,3.411627849
0.56125438,3.408774031,3.406207973
0.56130947,3.395830913,3.385604650
0.56136455,3.380307921,3.374876733
0.56141964,3.367199321,3.359527794
0.56147472,3.353693279,3.348150267
0.56152980,3.334791459,3.321581380
0.56158489,3.313355191,3.304986337
0.56163997,3.294495869,3.283996430
0.56169506,3.275528215,3.267329792
0.56175014,3.251583851,3.235958362
0.56180523,3.225648559,3.215161559
0.56186031,3.202952435,3.190693712
0.56191540,3.180925530,3.171380902
0.56197048,3.154805086,3.138298848
0.56202556,3.127663971,3.116797359
0.56208065,3.104801083,3.092697786
0.56213573,3.083700306,3.074867101
0.56219082,3.059632713,3.044408201
0.56224590,3.035677891,3.026657043
0.56230099,3.017116659,3.007412350
0.56235607,3.001395667,2.995489381
0.56241115,2.983727111,2.971925252
0.56246624,2.967105595,2.961951485
0.56252132,2.956705853,2.951258605
0.56257641,2.949855583,2.948532165
0.56263149,2.941635088,2.934675351
0.56268658,2.934891818,2.934758953
0.56274166,2.934644864,2.934322421
0.56279674,2.938067398,2.941893273
0.56285183,2.940087083,2.938227579
0.56290691,2.943398648,2.948237470
0.56296200,2.952875014,2.957328208
0.56301708,2.965558640,2.973900091
0.56307217,2.976261590,2.978605415
0.56312725,2.987574588,2.996251831
0.56318234,3.004282893,3.012173376
0.56323742,3.023364449,3.034712668
0.56329250,3.039587300,3.044491979
0.56334759,3.055512803,3.066290124
0.56340267,3.075913950,3.085445175
0.56345776,3.097778144,3.110314867
0.56351284,3.115899994,3.121559904
0.56356793,3.132876957,3.143992824
0.56362301,3.153528722,3.163011159
0.56367809,3.174903551,3.187035171
0.56373318,3.191865727,3.196802831
0.56378826,3.207083257,3.217190467
0.56384335,3.225448269,3.233676472
0.56389843,3.244087152,3.254756750
0.56395352,3.257943137,3.261251932
0.56400860,3.269756715,3.278100571
0.56406368,3.284487875,3.290854283
0.56411877,3.299330957,3.308071847
0.56417385,3.309293299,3.310639598
0.56422894,3.317169340,3.323538140
0.56428402,3.327965623,3.332369826
0.56433911,3.338921245,3.345732371
0.56439419,3.345083384,3.344553170
0.56444928,3.349275791,3.353830225
0.56450436,3.356527225,3.359192570
0.56455944,3.364098056,3.369253920
0.56461453,3.367053131,3.364961306
0.56466961,3.368225053,3.371310608
0.56472470,3.372646350,3.373940163
0.56477978,3.377582474,3.381464666
0.56483487,3.378102139,3.374838204
0.56488995,3.377035455,3.379044423
0.56494503,3.379409812,3.379723263
0.56500012,3.382489171,3.385484966
0.56505520,3.381341685,3.377287262
0.56511029,3.378792403,3.380099867
0.56516537,3.379862551,3.379563981
0.56522046,3.381814714,3.384285994
0.56527554,3.379717307,3.375228344
0.56533062,3.376391404,3.377347939
0.56538571,3.376852982,3.376287979
0.56544079,3.378363622,3.380651017
0.56549588,3.375991495,3.371403189
0.56555096,3.372552084,3.373486382
0.56560605,3.373053285,3.372542335
0.56566113,3.374751619,3.377165115
0.56571621,3.372709858,3.368318878
0.56577130,3.369731871,3.370924106
0.56582638,3.370810921,3.370614342
0.56588147,3.373191806,3.375968543
0.56593655,3.371925560,3.367942811
0.56599164,3.369798877,3.371431154
0.56604672,3.371786035,3.372055261
0.56610181,3.375117314,3.378377038
0.56615689,3.374831023,3.371344494
0.56621197,3.373697628,3.375827091
0.56626706,3.376675286,3.377438474
0.56632214,3.380984393,3.384728974
0.56637723,3.381656637,3.378645257
0.56643231,3.381453407,3.384039818
0.56648740,3.385324444,3.386526118
0.56654248,3.390487961,3.394650483
0.56659756,3.391976137,3.389364924
0.56665265,3.392547268,3.395510273
0.56670773,3.397147061,3.398703286
0.56676282,3.402993962,3.407487652
0.56681790,3.405120867,3.402819812
0.56687299,3.406280936,3.409525760
0.56692807,3.411411650,3.413220321
0.56698315,3.417725622,3.422437620
0.56703824,3.420248951,3.418130396
0.56709332,3.421721268,3.425101116
0.56714841,3.427063222,3.428954119
0.56720349,3.433473518,3.438206327
0.56725858,3.435964655,3.433800772
0.56731366,3.437257918,3.440512734
0.56736875,3.442254965,3.443935369
0.56742383,3.448141621,3.452571134
0.56747891,3.449921392,3.447359822
0.56753400,3.450305627,3.453059867
0.56758908,3.454189217,3.455267370
0.56764417,3.458760984,3.462487959
0.56769925,3.459034565,3.455678833
0.56775434,3.457733162,3.459604555
0.56780942,3.459768600,3.459888641
0.56786450,3.462357394,3.465064872
0.56791959,3.460547975,3.456132249
0.56797467,3.457098910,3.457884156
0.56802976,3.456960186,3.455991345
0.56808484,3.457393828,3.459031623
0.56813993,3.453496406,3.448056657
0.56819501,3.448069767,3.447893663
0.56825009,3.446103780,3.444259086
0.56830518,3.444900925,3.445766209
0.56836026,3.439593754,3.433503611
0.56841535,3.433008103,3.432309488
0.56847043,3.430147550,3.427916460
0.56852552,3.428322573,3.428937842
0.56858060,3.422663849,3.416458793
0.56863569,3.415979142,3.415284627
0.56869077,3.413240954,3.411118339
0.56874585,3.411721951,3.412527356
0.56880094,3.406505966,3.400549295
0.56885602,3.400340535,3.399916293
0.56891111,3.398129744,3.396267234
0.56896619,3.397077863,3.398096881
0.56902128,3.392199837,3.386377916
0.56907636,3.386171013,3.385762701
0.56913144,3.383826413,3.381831265
0.56918653,3.382313404,3.383023422
0.56924161,3.376602037,3.370277191
0.56929670,3.369331809,3.368207605
0.56935178,3.365316691,3.362389481
0.56940687,3.361705603,3.361271039
0.56946195,3.353490839,3.345826676
0.56951703,3.343349622,3.340710347
0.56957212,3.336152229,3.331570274
0.56962720,3.329127278,3.326940926
0.56968229,3.317365015,3.307906830
0.56973737,3.303650347,3.299227193
0.56979246,3.292970785,3.286679337
0.56984754,3.282683472,3.278926085
0.56990263,3.268010575,3.257188046
0.56995771,3.251861524,3.246337496
0.57001279,3.239339126,3.232269212
