t_s,H_m
0.00000000,44.286656473
0.00005000,44.286656473
0.00010000,44.286656473
0.00015000,44.286656473
0.00020000,44.286656473
0.00025000,44.286656473
0.00030000,44.286656473
0.00035000,44.286656473
0.00040000,44.286656473
0.00045000,44.286656473
0.00050000,44.286656473
0.00055000,44.286656473
0.00060000,44.286656473
0.00065000,44.286656473
0.00070000,44.286656473
0.00075000,44.286656473
0.00080000,44.286656473
0.00085000,44.286656473
0.00090000,44.286656473
0.00095000,44.286656473
0.00100000,44.286656473
0.00105000,44.286656473
0.00110000,44.286656473
0.00115000,44.286656473
0.00120000,44.286656473
0.00125000,44.286656473
0.00130000,44.286656473
0.00135000,44.286656473
0.00140000,44.286656473
0.00145000,44.286656473
0.00150000,44.286656473
0.00155000,44.286656473
0.00160000,44.286656473
0.00165000,44.286656473
0.00170000,44.286656473
0.00175000,44.286656473
0.00180000,44.286656473
0.00185000,44.286656473
0.00190000,44.286656473
0.00195000,44.286656473
0.00200000,44.286656473
0.00205000,44.286656473
0.00210000,44.286656473
0.00215000,44.286656473
0.00220000,44.286656473
0.00225000,44.286656473
0.00230000,44.286656473
0.00235000,44.286656473
0.00240000,44.286656473
0.00245000,44.286656473
0.00250000,44.286656473
0.00255000,44.286656473
0.00260000,44.286656473
0.00265000,44.286656473
0.00270000,44.286656473
0.00275000,44.286656473
0.00280000,44.286656473
0.00285000,44.286656473
0.00290000,44.286656473
0.00295000,44.286656473
0.00300000,44.286656473
0.00305000,44.286656473
0.00310000,44.286656473
0.00315000,44.286656473
0.00320000,44.286656473
0.00325000,44.286656473
0.00330000,44.286656473
0.00335000,44.286656473
0.00340000,44.286656473
0.00345000,44.286656473
0.00350000,44.286656473
0.00355000,44.286656473
0.00360000,44.286656473
0.00365000,44.286656473
0.00370000,44.286656473
0.00375000,44.286656473
0.00380000,44.286656473
0.00385000,44.286656473
0.00390000,44.286656473
0.00395000,44.286656473
0.00400000,44.286656473
0.00405000,44.286656473
0.00410000,44.286656473
0.00415000,44.286656473
0.00420000,44.286656473
0.00425000,44.286656473
0.00430000,44.286656473
0.00435000,44.286656473
0.00440000,44.286656473
0.00445000,44.286656473
0.00450000,44.286656473
0.00455000,44.286656473
0.00460000,44.286656473
0.00465000,44.286656473
0.00470000,44.286656473
0.00475000,44.286656473
0.00480000,44.286656473
0.00485000,44.286656473
0.00490000,44.286656473
0.00495000,44.286656473
0.00500000,44.286656473
0.00505000,44.286656473
0.00510000,44.286656473
0.00515000,44.286656473
0.00520000,44.286656473
0.00525000,44.286656473
0.00530000,44.286656473
0.00535000,44.286656473
0.00540000,44.286656473
0.00545000,44.286656473
0.00550000,44.286656473
0.00555000,44.286656473
0.00560000,44.286656473
0.00565000,44.286656473
0.00570000,44.286656473
0.00575000,44.286656473
0.00580000,44.286656473
0.00585000,44.286656473
0.00590000,44.286656473
0.00595000,44.286656473
0.00600000,44.286656473
0.00605000,44.286656473
0.00610000,44.286656473
0.00615000,44.286656473
0.00620000,44.286656473
0.00625000,44.286656473
0.00630000,44.286656473
0.00635000,44.286656473
0.00640000,44.286656473
0.00645000,44.286656473
0.00650000,44.286656473
0.00655000,44.286656473
0.00660000,44.286656473
0.00665000,44.286656473
0.00670000,44.286656473
0.00675000,44.286656473
0.00680000,44.286656473
0.00685000,44.286656473
0.00690000,44.286656473
0.00695000,44.286656473
0.00700000,44.286656473
0.00705000,44.286656473
0.00710000,44.286656473
0.00715000,44.286656473
0.00720000,44.286656473
0.00725000,44.286656473
0.00730000,44.286656473
0.00735000,44.286656473
0.00740000,44.286656473
0.00745000,44.286656473
0.00750000,44.286656473
0.00755000,44.286656473
0.00760000,44.286656473
0.00765000,44.286656473
0.00770000,44.286656473
0.00775000,44.286656473
0.00780000,44.286656473
0.00785000,44.286656473
0.00790000,44.286656473
0.00795000,44.286656473
0.00800000,44.286656473
0.00805000,44.286656473
0.00810000,44.286656473
0.00815000,44.286656473
0.00820000,44.286656473
0.00825000,44.286656473
0.00830000,44.286656473
0.00835000,44.286656473
0.00840000,44.286656473
0.00845000,44.286656473
0.00850000,44.286656473
0.00855000,44.286656473
0.00860000,44.286656473
0.00865000,44.286656473
0.00870000,44.286656473
0.00875000,44.286656473
0.00880000,44.286656473
0.00885000,44.286656473
0.00890000,44.286656473
0.00895000,44.286656473
0.00900000,44.286656473
0.00905000,44.286656473
0.00910000,44.286656473
0.00915000,44.286656473
0.00920000,44.286656473
0.00925000,44.286656473
0.00930000,44.286656473
0.00935000,44.286656473
0.00940000,44.286656473
0.00945000,44.286656473
0.00950000,44.286656473
0.00955000,44.286656473
0.00960000,44.286656473
0.00965000,44.286656473
0.00970000,44.286656473
0.00975000,44.286656473
0.00980000,44.286656473
0.00985000,44.286656473
0.00990000,44.286656473
0.00995000,44.286656473
0.01000000,44.286656473
0.01005000,44.286656473
0.01010000,44.286656473
0.01015000,44.286656473
0.01020000,44.286656473
0.01025000,44.286656473
0.01030000,44.286656473
0.01035000,44.286656473
0.01040000,44.286656473
0.01045000,44.286656473
0.01050000,44.286656473
0.01055000,44.286656473
0.01060000,44.286656473
0.01065000,44.286656473
0.01070000,44.286656473
0.01075000,44.286656473
0.01080000,44.286656473
0.01085000,44.286656473
0.01090000,44.286656473
0.01095000,44.286656473
0.01100000,44.286656473
0.01105000,44.286656473
0.01110000,44.286656473
0.01115000,44.286656473
0.01120000,44.286656473
0.01125000,44.286656473
0.01130000,44.286656473
0.01135000,44.286656473
0.01140000,44.286656473
0.01145000,44.286656473
0.01150000,44.286656473
0.01155000,44.286656473
0.01160000,44.286656473
0.01165000,44.286656473
0.01170000,44.286656473
0.01175000,44.286656473
0.01180000,44.286656473
0.01185000,44.286656473
0.01190000,44.286656473
0.01195000,44.286656473
0.01200000,44.286656473
0.01205000,44.286656473
0.01210000,44.286656473
0.01215000,44.286656473
0.01220000,44.286656473
0.01225000,44.286656473
0.01230000,44.286656473
0.01235000,44.286656473
0.01240000,44.286656473
0.01245000,44.286656473
0.01250000,44.286656473
0.01255000,44.286656473
0.01260000,44.286656473
0.01265000,44.286656473
0.01270000,44.286656473
0.01275000,44.286656473
0.01280000,44.286656473
0.01285000,44.286656473
0.01290000,44.286656473
0.01295000,44.286656473
0.01300000,44.286656473
0.01305000,44.286656473
0.01310000,44.286656473
0.01315000,44.286656473
0.01320000,44.286656473
0.01325000,44.286656473
0.01330000,44.286656473
0.01335000,44.286656473
0.01340000,44.286656473
0.01345000,44.286656473
0.01350000,44.286656473
0.01355000,44.286656473
0.01360000,44.286656473
0.01365000,44.286656473
0.01370000,44.286656473
0.01375000,44.286656473
0.01380000,44.286656473
0.01385000,44.286656473
0.01390000,44.286656473
0.01395000,44.286656473
0.01400000,44.286656473
0.01405000,44.286656473
0.01410000,44.286656473
0.01415000,44.286656473
0.01420000,44.286656473
0.01425000,44.286656473
0.01430000,44.286656473
0.01435000,44.286656473
0.01440000,44.286656473
0.01445000,44.286656473
0.01450000,44.286656473
0.01455000,44.286656473
0.01460000,44.286656473
0.01465000,44.286656473
0.01470000,44.286656473
0.01475000,44.286656473
0.01480000,44.286656473
0.01485000,44.286656473
0.01490000,44.286656473
0.01495000,44.286656473
0.01500000,44.286656473
0.01505000,44.286656473
0.01510000,44.286656473
0.01515000,44.286656473
0.01520000,44.286656473
0.01525000,44.286656473
0.01530000,44.286656473
0.01535000,44.286656473
0.01540000,44.286656473
0.01545000,44.286656473
0.01550000,44.286656473
0.01555000,44.286656473
0.01560000,44.286656473
0.01565000,44.286656473
0.01570000,44.286656473
0.01575000,44.286656473
0.01580000,44.286656473
0.01585000,44.286656473
0.01590000,44.286656473
0.01595000,44.286656473
0.01600000,44.286656473
0.01605000,44.286656473
0.01610000,44.286656473
0.01615000,44.286656473
0.01620000,44.286656473
0.01625000,44.286656473
0.01630000,44.286656473
0.01635000,44.286656473
0.01640000,44.286656473
0.01645000,44.286656473
0.01650000,44.286656473
0.01655000,44.286656473
0.01660000,44.286656473
0.01665000,44.286656473
0.01670000,44.286656473
0.01675000,44.286656473
0.01680000,44.286656473
0.01685000,44.286656473
0.01690000,44.286656473
0.01695000,44.286656473
0.01700000,44.286656473
0.01705000,44.286656473
0.01710000,44.286656473
0.01715000,44.286656473
0.01720000,44.286656473
0.01725000,44.286656473
0.01730000,44.286656473
0.01735000,44.286656473
0.01740000,44.286656473
0.01745000,44.286656473
0.01750000,44.286656473
0.01755000,44.286656473
0.01760000,44.286656473
0.01765000,44.286656473
0.01770000,44.286656473
0.01775000,44.286656473
0.01780000,44.286656473
0.01785000,44.286656473
0.01790000,44.286656473
0.01795000,44.286656473
0.01800000,44.286656473
0.01805000,44.286656473
0.01810000,44.286656473
0.01815000,44.286656473
0.01820000,44.286656473
0.01825000,44.286656473
0.01830000,44.286656473
0.01835000,44.286656473
0.01840000,44.286656473
0.01845000,44.286656473
0.01850000,44.286656473
0.01855000,44.286656473
0.01860000,44.286656473
0.01865000,44.286656473
0.01870000,44.286656473
0.01875000,44.286656473
0.01880000,44.286656473
0.01885000,44.286656473
0.01890000,44.286656473
0.01895000,44.286656473
0.01900000,44.286656473
0.01905000,44.286656473
0.01910000,44.286656473
0.01915000,44.286656473
0.01920000,44.286656473
0.01925000,44.286656473
0.01930000,44.286656473
0.01935000,44.286656473
0.01940000,44.286656473
0.01945000,44.286656473
0.01950000,44.286656473
0.01955000,44.286656473
0.01960000,44.286656473
0.01965000,44.286656473
0.01970000,44.286656473
0.01975000,44.286656473
0.01980000,44.286656473
0.01985000,44.286656473
0.01990000,44.286656473
0.01995000,44.286656473
0.02000000,44.286656473
0.02005000,44.286656473
0.02010000,44.286656473
0.02015000,44.286656473
0.02020000,44.286656473
0.02025000,44.286656473
0.02030000,44.286656473
0.02035000,44.286656473
0.02040000,44.286656473
0.02045000,44.286656473
0.02050000,44.286656473
0.02055000,44.286656473
0.02060000,44.286656473
0.02065000,44.286656473
0.02070000,44.286656473
0.02075000,44.286656473
0.02080000,44.286656473
0.02085000,44.286656473
0.02090000,44.286656473
0.02095000,44.286656473
0.02100000,44.286656473
0.02105000,44.286656473
0.02110000,44.286656473
0.02115000,44.286656473
0.02120000,44.286656473
0.02125000,44.286656473
0.02130000,44.286656473
0.02135000,44.286656473
0.02140000,44.286656473
0.02145000,44.286656473
0.02150000,44.286656473
0.02155000,44.286656473
0.02160000,44.286656473
0.02165000,44.286656473
0.02170000,44.286656473
0.02175000,44.286656473
0.02180000,44.286656473
0.02185000,44.286656473
0.02190000,44.286656473
0.02195000,44.286656473
0.02200000,44.286656473
0.02205000,44.286656473
0.02210000,44.286656473
0.02215000,44.286656473
0.02220000,44.286656473
0.02225000,44.286656473
0.02230000,44.286656473
0.02235000,44.286656473
0.02240000,44.286656473
0.02245000,44.286656473
0.02250000,44.286656473
0.02255000,44.286656473
0.02260000,44.286656473
0.02265000,44.286656473
0.02270000,44.286656473
0.02275000,44.286656473
0.02280000,44.286656473
0.02285000,44.286656473
0.02290000,44.286656473
0.02295000,44.286656473
0.02300000,44.286656473
0.02305000,44.286656473
0.02310000,44.286656473
0.02315000,44.286656473
0.02320000,44.286656473
0.02325000,44.286656473
0.02330000,44.286656473
0.02335000,44.286656473
0.02340000,44.286656473
0.02345000,44.286656473
0.02350000,44.286656473
0.02355000,44.286656473
0.02360000,44.286656473
0.02365000,44.286656473
0.02370000,44.286656473
0.02375000,44.286656473
0.02380000,44.286656473
0.02385000,44.286656473
0.02390000,44.286656473
0.02395000,44.286656473
0.02400000,44.286656473
0.02405000,44.286656473
0.02410000,44.286656473
0.02415000,44.286656473
0.02420000,44.286656473
0.02425000,44.286656473
0.02430000,44.286656473
0.02435000,44.286656473
0.02440000,44.286656473
0.02445000,44.286656473
0.02450000,44.286656473
0.02455000,44.286656473
0.02460000,44.286656473
0.02465000,44.286656473
0.02470000,44.286656473
0.02475000,44.286656473
0.02480000,44.286656473
0.02485000,44.286656473
0.02490000,44.286656473
0.02495000,44.286656473
0.02500000,44.286656473
0.02505000,44.286656473
0.02510000,44.286656473
0.02515000,44.286656473
0.02520000,44.286656473
0.02525000,44.286656473
0.02530000,44.286656473
0.02535000,44.286656473
0.02540000,44.286656473
0.02545000,44.286656473
0.02550000,44.286656473
0.02555000,44.286656473
0.02560000,44.286656473
0.02565000,44.286656473
0.02570000,44.286656473
0.02575000,44.286656473
0.02580000,44.286656473
0.02585000,44.286656473
0.02590000,44.286656473
0.02595000,44.286656473
0.02600000,44.286656473
0.02605000,44.286656473
0.02610000,44.286656473
0.02615000,44.286656473
0.02620000,44.286656473
0.02625000,44.286656473
0.02630000,44.286656473
0.02635000,44.286656473
0.02640000,44.286656473
0.02645000,44.286656473
0.02650000,44.286656473
0.02655000,44.286656473
0.02660000,44.286656473
0.02665000,44.286656473
0.02670000,44.286656473
0.02675000,44.286656473
0.02680000,44.286656473
0.02685000,44.286656473
0.02690000,44.286656473
0.02695000,44.286656473
0.02700000,44.286656473
0.02705000,44.286656473
0.02710000,44.286656473
0.02715000,44.286656473
0.02720000,44.286656473
0.02725000,44.286656473
0.02730000,44.286656473
0.02735000,44.286656473
0.02740000,44.286656473
0.02745000,44.286656473
0.02750000,44.286656473
0.02755000,44.286656473
0.02760000,44.286656473
0.02765000,44.286656473
0.02770000,44.286656473
0.02775000,44.286656473
0.02780000,44.286656473
0.02785000,44.286656473
0.02790000,44.286656473
0.02795000,44.286656473
0.02800000,44.286656473
0.02805000,44.286656473
0.02810000,44.286656473
0.02815000,44.286656473
0.02820000,44.286656473
0.02825000,44.286656473
0.02830000,44.286656473
0.02835000,44.286656473
0.02840000,44.286656473
0.02845000,44.286656473
0.02850000,44.286656473
0.02855000,44.286656473
0.02860000,44.286656473
0.02865000,44.286656473
0.02870000,44.286656473
0.02875000,44.286656473
0.02880000,44.286656473
0.02885000,44.286656473
0.02890000,44.286656473
0.02895000,44.286656473
0.02900000,44.286656473
0.02905000,44.286656473
0.02910000,44.286656473
0.02915000,44.286656473
0.02920000,44.286656473
0.02925000,44.286656473
0.02930000,44.286656473
0.02935000,44.286656473
0.02940000,44.286656473
0.02945000,44.286656473
0.02950000,44.286656473
0.02955000,44.286656473
0.02960000,44.286656473
0.02965000,44.286656473
0.02970000,44.286656473
0.02975000,44.286656473
0.02980000,44.286656473
0.02985000,44.286656473
0.02990000,44.286656473
0.02995000,44.286656473
0.03000000,44.286656473
0.03005000,44.286656473
0.03010000,44.286656473
0.03015000,44.286656473
0.03020000,44.286656473
0.03025000,44.286656473
0.03030000,44.286656473
0.03035000,44.286656473
0.03040000,44.286656473
0.03045000,44.286656473
0.03050000,44.286656473
0.03055000,44.286656473
0.03060000,44.286656473
0.03065000,44.286656473
0.03070000,44.286656473
0.03075000,44.286656473
0.03080000,44.286656473
0.03085000,44.286656473
0.03090000,44.286656473
0.03095000,44.286656473
0.03100000,44.286656473
0.03105000,44.286656473
0.03110000,44.286656473
0.03115000,44.286656473
0.03120000,44.286656473
0.03125000,44.286656473
0.03130000,44.286656473
0.03135000,44.286656473
0.03140000,44.286656473
0.03145000,44.286656473
0.03150000,44.286656473
0.03155000,44.286656473
0.03160000,44.286656473
0.03165000,44.286656473
0.03170000,44.286656473
0.03175000,44.286656473
0.03180000,44.286656473
0.03185000,44.286656473
0.03190000,44.286656473
0.03195000,44.286656473
0.03200000,44.286656473
0.03205000,44.286656473
0.03210000,44.286656473
0.03215000,44.286656473
0.03220000,44.286656473
0.03225000,44.286656473
0.03230000,44.286656473
0.03235000,44.286656473
0.03240000,44.286656473
0.03245000,44.286656473
0.03250000,44.286656473
0.03255000,44.286656473
0.03260000,44.286656473
0.03265000,44.286656473
0.03270000,44.286656473
0.03275000,44.286656473
0.03280000,44.286656473
0.03285000,44.286656473
0.03290000,44.286656473
0.03295000,44.286656473
0.03300000,44.286656473
0.03305000,44.286656473
0.03310000,44.286656473
0.03315000,44.286656473
0.03320000,44.286656473
0.03325000,44.286656473
0.03330000,44.286656473
0.03335000,44.286656473
0.03340000,44.286656473
0.03345000,44.286656473
0.03350000,44.286656473
0.03355000,44.286656473
0.03360000,44.286656473
0.03365000,44.286656473
0.03370000,44.286656473
0.03375000,44.286656473
0.03380000,44.286656473
0.03385000,44.286656473
0.03390000,44.286656473
0.03395000,44.286656473
0.03400000,44.286656473
0.03405000,44.286656473
0.03410000,44.286656473
0.03415000,44.286656473
0.03420000,44.286656473
0.03425000,44.286656473
0.03430000,44.286656473
0.03435000,44.286656473
0.03440000,44.286656473
0.03445000,44.286656473
0.03450000,44.286656473
0.03455000,44.286656473
0.03460000,44.286656473
0.03465000,44.286656473
0.03470000,44.286656473
0.03475000,44.286656473
0.03480000,44.286656473
0.03485000,44.286656473
0.03490000,44.286656473
0.03495000,44.286656473
0.03500000,44.286656473
0.03505000,44.286656473
0.03510000,44.286656473
0.03515000,44.286656473
0.03520000,44.286656473
0.03525000,44.286656473
0.03530000,44.286656473
0.03535000,44.286656473
0.03540000,44.286656473
0.03545000,44.286656473
0.03550000,44.286656473
0.03555000,44.286656473
0.03560000,44.286656473
0.03565000,44.286656473
0.03570000,44.286656473
0.03575000,44.286656473
0.03580000,44.286656473
0.03585000,44.286656473
0.03590000,44.286656473
0.03595000,44.286656473
0.03600000,44.286656473
0.03605000,44.286656473
0.03610000,44.286656473
0.03615000,44.286656473
0.03620000,44.286656473
0.03625000,44.286656473
0.03630000,44.286656473
0.03635000,44.286656473
0.03640000,44.286656473
0.03645000,44.286656473
0.03650000,44.286656473
0.03655000,44.286656473
0.03660000,44.286656473
0.03665000,44.286656473
0.03670000,44.286656473
0.03675000,44.286656473
0.03680000,44.286656473
0.03685000,44.286656473
0.03690000,44.286656473
0.03695000,44.286656473
0.03700000,44.286656473
0.03705000,44.286656473
0.03710000,44.286656473
0.03715000,44.286656473
0.03720000,44.286656473
0.03725000,44.286656473
0.03730000,44.286656473
0.03735000,44.286656473
0.03740000,44.286656473
0.03745000,44.286656473
0.03750000,44.286656473
0.03755000,44.286656473
0.03760000,44.286656473
0.03765000,44.286656473
0.03770000,44.286656473
0.03775000,44.286656473
0.03780000,44.286656473
0.03785000,44.286656473
0.03790000,44.286656473
0.03795000,44.286656473
0.03800000,44.286656473
0.03805000,44.286656473
0.03810000,44.286656473
0.03815000,44.286656473
0.03820000,44.286656473
0.03825000,44.286656473
0.03830000,44.286656473
0.03835000,44.286656473
0.03840000,44.286656473
0.03845000,44.286656473
0.03850000,44.286656473
0.03855000,44.286656473
0.03860000,44.286656473
0.03865000,44.286656473
0.03870000,44.286656473
0.03875000,44.286656473
0.03880000,44.286656473
0.03885000,44.286656473
0.03890000,44.286656473
0.03895000,44.286656473
0.03900000,44.286656473
0.03905000,44.286656473
0.03910000,44.286656473
0.03915000,44.286656473
0.03920000,44.286656473
0.03925000,44.286656473
0.03930000,44.286656473
0.03935000,44.286656473
0.03940000,44.286656473
0.03945000,44.286656473
0.03950000,44.286656473
0.03955000,44.286656473
0.03960000,44.286656473
0.03965000,44.286656473
0.03970000,44.286656473
0.03975000,44.286656473
0.03980000,44.286656473
0.03985000,44.286656473
0.03990000,44.286656473
0.03995000,44.286656473
0.04000000,44.286656473
0.04005000,44.286656473
0.04010000,44.286656473
0.04015000,44.286656473
0.04020000,44.286656473
0.04025000,44.286656473
0.04030000,44.286656473
0.04035000,44.286656473
0.04040000,44.286656473
0.04045000,44.286656473
0.04050000,44.286656473
0.04055000,44.286656473
0.04060000,44.286656473
0.04065000,44.286656473
0.04070000,44.286656473
0.04075000,44.286656473
0.04080000,44.286656473
0.04085000,44.286656473
0.04090000,44.286656473
0.04095000,44.286656473
0.04100000,44.286656473
0.04105000,44.286656473
0.04110000,44.286656473
0.04115000,44.286656473
0.04120000,44.286656473
0.04125000,44.286656473
0.04130000,44.286656473
0.04135000,44.286656473
0.04140000,44.286656473
0.04145000,44.286656473
0.04150000,44.286656473
0.04155000,44.286656473
0.04160000,44.286656473
0.04165000,44.286656473
0.04170000,44.286656473
0.04175000,44.286656473
0.04180000,44.286656473
0.04185000,44.286656473
0.04190000,44.286656473
0.04195000,44.286656473
0.04200000,44.286656473
0.04205000,44.286656473
0.04210000,44.286656473
0.04215000,44.286656473
0.04220000,44.286656473
0.04225000,44.286656473
0.04230000,44.286656473
0.04235000,44.286656473
0.04240000,44.286656473
0.04245000,44.286656473
0.04250000,44.286656473
0.04255000,44.286656473
0.04260000,44.286656473
0.04265000,44.286656473
0.04270000,44.286656473
0.04275000,44.286656473
0.04280000,44.286656473
0.04285000,44.286656473
0.04290000,44.286656473
0.04295000,44.286656473
0.04300000,44.286656473
0.04305000,44.286656473
0.04310000,44.286656473
0.04315000,44.286656473
0.04320000,44.286656473
0.04325000,44.286656473
0.04330000,44.286656473
0.04335000,44.286656473
0.04340000,44.286656473
0.04345000,44.286656473
0.04350000,44.286656473
0.04355000,44.286656473
0.04360000,44.286656473
0.04365000,44.286656473
0.04370000,44.286656473
0.04375000,44.286656473
0.04380000,44.286656473
0.04385000,44.286656473
0.04390000,44.286656473
0.04395000,44.286656473
0.04400000,44.286656473
0.04405000,44.286656473
0.04410000,44.286656473
0.04415000,44.286656473
0.04420000,44.286656473
0.04425000,44.286656473
0.04430000,44.286656473
0.04435000,44.286656473
0.04440000,44.286656473
0.04445000,44.286656473
0.04450000,44.286656473
0.04455000,44.286656473
0.04460000,44.286656473
0.04465000,44.286656473
0.04470000,44.286656473
0.04475000,44.286656473
0.04480000,44.286656473
0.04485000,44.286656473
0.04490000,44.286656473
0.04495000,44.286656473
0.04500000,44.286656473
0.04505000,44.286656473
0.04510000,44.286656473
0.04515000,44.286656473
0.04520000,44.286656473
0.04525000,44.286656473
0.04530000,44.286656473
0.04535000,44.286656473
0.04540000,44.286656473
0.04545000,44.286656473
0.04550000,44.286656473
0.04555000,44.286656473
0.04560000,44.286656473
0.04565000,44.286656473
0.04570000,44.286656473
0.04575000,44.286656473
0.04580000,44.286656473
0.04585000,44.286656473
0.04590000,44.286656473
0.04595000,44.286656473
0.04600000,44.286656473
0.04605000,44.286656473
0.04610000,44.286656473
0.04615000,44.286656473
0.04620000,44.286656473
0.04625000,44.286656473
0.04630000,44.286656473
0.04635000,44.286656473
0.04640000,44.286656473
0.04645000,44.286656473
0.04650000,44.286656473
0.04655000,44.286656473
0.04660000,44.286656473
0.04665000,44.286656473
0.04670000,44.286656473
0.04675000,44.286656473
0.04680000,44.286656473
0.04685000,44.286656473
0.04690000,44.286656473
0.04695000,44.286656473
0.04700000,44.286656473
0.04705000,44.286656473
0.04710000,44.286656473
0.04715000,44.286656473
0.04720000,44.286656473
0.04725000,44.286656473
0.04730000,44.286656473
0.04735000,44.286656473
0.04740000,44.286656473
0.04745000,44.286656473
0.04750000,44.286656473
0.04755000,44.286656473
0.04760000,44.286656473
0.04765000,44.286656473
0.04770000,44.286656473
0.04775000,44.286656473
0.04780000,44.286656473
0.04785000,44.286656473
0.04790000,44.286656473
0.04795000,44.286656473
0.04800000,44.286656473
0.04805000,44.286656473
0.04810000,44.286656473
0.04815000,44.286656473
0.04820000,44.286656473
0.04825000,44.286656473
0.04830000,44.286656473
0.04835000,44.286656473
0.04840000,44.286656473
0.04845000,44.286656473
0.04850000,44.286656473
0.04855000,44.286656473
0.04860000,44.286656473
0.04865000,44.286656473
0.04870000,44.286656473
0.04875000,44.286656473
0.04880000,44.286656473
0.04885000,44.286656473
0.04890000,44.286656473
0.04895000,44.286656473
0.04900000,44.286656473
0.04905000,44.286656473
0.04910000,44.286656473
0.04915000,44.286656473
0.04920000,44.286656473
0.04925000,44.286656473
0.04930000,44.286656473
0.04935000,44.286656473
0.04940000,44.286656473
0.04945000,44.286656473
0.04950000,44.286656473
0.04955000,44.286656473
0.04960000,44.286656473
0.04965000,44.286656473
0.04970000,44.286656473
0.04975000,44.286656473
0.04980000,44.286656473
0.04985000,44.286656473
0.04990000,44.286656473
0.04995000,44.286656473
0.05000000,44.286656473
0.05005000,44.286656473
0.05010000,44.286656473
0.05015000,44.286656473
0.05020000,44.286656473
0.05025000,44.286656473
0.05030000,44.286656473
0.05035000,44.286656473
0.05040000,44.286656473
0.05045000,44.286656473
0.05050000,44.286656473
0.05055000,44.286656473
0.05060000,44.286656473
0.05065000,44.286656473
0.05070000,44.286656473
0.05075000,44.286656473
0.05080000,44.286656473
0.05085000,44.286656473
0.05090000,44.286656473
0.05095000,44.286656473
0.05100000,44.286656473
0.05105000,44.286656473
0.05110000,44.286656473
0.05115000,44.286656473
0.05120000,44.286656473
0.05125000,44.286656473
0.05130000,44.286656473
0.05135000,44.286656473
0.05140000,44.286656473
0.05145000,44.286656473
0.05150000,44.286656473
0.05155000,44.286656473
0.05160000,44.286656473
0.05165000,44.286656473
0.05170000,44.286656473
0.05175000,44.286656473
0.05180000,44.286656473
0.05185000,44.286656473
0.05190000,44.286656473
0.05195000,44.286656473
0.05200000,44.286656473
0.05205000,44.286656473
0.05210000,44.286656473
0.05215000,44.286656473
0.05220000,44.286656473
0.05225000,44.286656473
0.05230000,44.286656473
0.05235000,44.286656473
0.05240000,44.286656473
0.05245000,44.286656473
0.05250000,44.286656473
0.05255000,44.286656473
0.05260000,44.286656473
0.05265000,44.286656473
0.05270000,44.286656473
0.05275000,44.286656473
0.05280000,44.286656473
0.05285000,44.286656473
0.05290000,44.286656473
0.05295000,44.286656473
0.05300000,44.286656473
0.05305000,44.286656473
0.05310000,44.286656473
0.05315000,44.286656473
0.05320000,44.286656473
0.05325000,44.286656473
0.05330000,44.286656473
0.05335000,44.286656473
0.05340000,44.286656473
0.05345000,44.286656473
0.05350000,44.286656473
0.05355000,44.286656473
0.05360000,44.286656473
0.05365000,44.286656473
0.05370000,44.286656473
0.05375000,44.286656473
0.05380000,44.286656473
0.05385000,44.286656473
0.05390000,44.286656473
0.05395000,44.286656473
0.05400000,44.286656473
0.05405000,44.286656473
0.05410000,44.286656473
0.05415000,44.286656473
0.05420000,44.286656473
0.05425000,44.286656473
0.05430000,44.286656473
0.05435000,44.286656473
0.05440000,44.286656473
0.05445000,44.286656473
0.05450000,44.286656473
0.05455000,44.286656473
0.05460000,44.286656473
0.05465000,44.286656473
0.05470000,44.286656473
0.05475000,44.286656473
0.05480000,44.286656473
0.05485000,44.286656473
0.05490000,44.286656473
0.05495000,44.286656473
0.05500000,44.286656473
0.05505000,44.286656473
0.05510000,44.286656473
0.05515000,44.286656473
0.05520000,44.286656473
0.05525000,44.286656473
0.05530000,44.286656473
0.05535000,44.286656473
0.05540000,44.286656473
0.05545000,44.286656473
0.05550000,44.286656473
0.05555000,44.286656473
0.05560000,44.286656473
0.05565000,44.286656473
0.05570000,44.286656473
0.05575000,44.286656473
0.05580000,44.286656473
0.05585000,44.286656473
0.05590000,44.286656473
0.05595000,44.286656473
0.05600000,44.286656473
0.05605000,44.286656473
0.05610000,44.286656473
0.05615000,44.286656473
0.05620000,44.286656473
0.05625000,2.533343527
0.05630000,2.533343527
0.05635000,2.533343527
0.05640000,2.533343527
0.05645000,2.533343527
0.05650000,2.533343527
0.05655000,2.533343527
0.05660000,2.533343527
0.05665000,2.533343527
0.05670000,2.533343527
0.05675000,2.533343527
0.05680000,2.533343527
0.05685000,2.533343527
0.05690000,2.533343527
0.05695000,2.533343527
0.05700000,2.533343527
0.05705000,2.533343527
0.05710000,2.533343527
0.05715000,2.533343527
0.05720000,2.533343527
0.05725000,2.533343527
0.05730000,2.533343527
0.05735000,2.533343527
0.05740000,2.533343527
0.05745000,2.533343527
0.05750000,2.533343527
0.05755000,2.533343527
0.05760000,2.533343527
0.05765000,2.533343527
0.05770000,2.533343527
0.05775000,2.533343527
0.05780000,2.533343527
0.05785000,2.533343527
0.05790000,2.533343527
0.05795000,2.533343527
0.05800000,2.533343527
0.05805000,2.533343527
0.05810000,2.533343527
0.05815000,2.533343527
0.05820000,2.533343527
0.05825000,2.533343527
0.05830000,2.533343527
0.05835000,2.533343527
0.05840000,2.533343527
0.05845000,2.533343527
0.05850000,2.533343527
0.05855000,2.533343527
0.05860000,2.533343527
0.05865000,2.533343527
0.05870000,2.533343527
0.05875000,2.533343527
0.05880000,2.533343527
0.05885000,2.533343527
0.05890000,2.533343527
0.05895000,2.533343527
0.05900000,2.533343527
0.05905000,2.533343527
0.05910000,2.533343527
0.05915000,2.533343527
0.05920000,2.533343527
0.05925000,2.533343527
0.05930000,2.533343527
0.05935000,2.533343527
0.05940000,2.533343527
0.05945000,2.533343527
0.05950000,2.533343527
0.05955000,2.533343527
0.05960000,2.533343527
0.05965000,2.533343527
0.05970000,2.533343527
0.05975000,2.533343527
0.05980000,2.533343527
0.05985000,2.533343527
0.05990000,2.533343527
0.05995000,2.533343527
0.06000000,2.533343527
0.06005000,2.533343527
0.06010000,2.533343527
0.06015000,2.533343527
0.06020000,2.533343527
0.06025000,2.533343527
0.06030000,2.533343527
0.06035000,2.533343527
0.06040000,2.533343527
0.06045000,2.533343527
0.06050000,2.533343527
0.06055000,2.533343527
0.06060000,2.533343527
0.06065000,2.533343527
0.06070000,2.533343527
0.06075000,2.533343527
0.06080000,2.533343527
0.06085000,2.533343527
0.06090000,2.533343527
0.06095000,2.533343527
0.06100000,2.533343527
0.06105000,2.533343527
0.06110000,2.533343527
0.06115000,2.533343527
0.06120000,2.533343527
0.06125000,2.533343527
0.06130000,2.533343527
0.06135000,2.533343527
0.06140000,2.533343527
0.06145000,2.533343527
0.06150000,2.533343527
0.06155000,2.533343527
0.06160000,2.533343527
0.06165000,2.533343527
0.06170000,2.533343527
0.06175000,2.533343527
0.06180000,2.533343527
0.06185000,2.533343527
0.06190000,2.533343527
0.06195000,2.533343527
0.06200000,2.533343527
0.06205000,2.533343527
0.06210000,2.533343527
0.06215000,2.533343527
0.06220000,2.533343527
0.06225000,2.533343527
0.06230000,2.533343527
0.06235000,2.533343527
0.06240000,2.533343527
0.06245000,2.533343527
0.06250000,2.533343527
0.06255000,2.533343527
0.06260000,2.533343527
0.06265000,2.533343527
0.06270000,2.533343527
0.06275000,2.533343527
0.06280000,2.533343527
0.06285000,2.533343527
0.06290000,2.533343527
0.06295000,2.533343527
0.06300000,2.533343527
0.06305000,2.533343527
0.06310000,2.533343527
0.06315000,2.533343527
0.06320000,2.533343527
0.06325000,2.533343527
0.06330000,2.533343527
0.06335000,2.533343527
0.06340000,2.533343527
0.06345000,2.533343527
0.06350000,2.533343527
0.06355000,2.533343527
0.06360000,2.533343527
0.06365000,2.533343527
0.06370000,2.533343527
0.06375000,2.533343527
0.06380000,2.533343527
0.06385000,2.533343527
0.06390000,2.533343527
0.06395000,2.533343527
0.06400000,2.533343527
0.06405000,2.533343527
0.06410000,2.533343527
0.06415000,2.533343527
0.06420000,2.533343527
0.06425000,2.533343527
0.06430000,2.533343527
0.06435000,2.533343527
0.06440000,2.533343527
0.06445000,2.533343527
0.06450000,2.533343527
0.06455000,2.533343527
0.06460000,2.533343527
0.06465000,2.533343527
0.06470000,2.533343527
0.06475000,2.533343527
0.06480000,2.533343527
0.06485000,2.533343527
0.06490000,2.533343527
0.06495000,2.533343527
0.06500000,2.533343527
0.06505000,2.533343527
0.06510000,2.533343527
0.06515000,2.533343527
0.06520000,2.533343527
0.06525000,2.533343527
0.06530000,2.533343527
0.06535000,2.533343527
0.06540000,2.533343527
0.06545000,2.533343527
0.06550000,2.533343527
0.06555000,2.533343527
0.06560000,2.533343527
0.06565000,2.533343527
0.06570000,2.533343527
0.06575000,2.533343527
0.06580000,2.533343527
0.06585000,2.533343527
0.06590000,2.533343527
0.06595000,2.533343527
0.06600000,2.533343527
0.06605000,2.533343527
0.06610000,2.533343527
0.06615000,2.533343527
0.06620000,2.533343527
0.06625000,2.533343527
0.06630000,2.533343527
0.06635000,2.533343527
0.06640000,2.533343527
0.06645000,2.533343527
0.06650000,2.533343527
0.06655000,2.533343527
0.06660000,2.533343527
0.06665000,2.533343527
0.06670000,2.533343527
0.06675000,2.533343527
0.06680000,2.533343527
0.06685000,2.533343527
0.06690000,2.533343527
0.06695000,2.533343527
0.06700000,2.533343527
0.06705000,2.533343527
0.06710000,2.533343527
0.06715000,2.533343527
0.06720000,2.533343527
0.06725000,2.533343527
0.06730000,2.533343527
0.06735000,2.533343527
0.06740000,2.533343527
0.06745000,2.533343527
0.06750000,2.533343527
0.06755000,2.533343527
0.06760000,2.533343527
0.06765000,2.533343527
0.06770000,2.533343527
0.06775000,2.533343527
0.06780000,2.533343527
0.06785000,2.533343527
0.06790000,2.533343527
0.06795000,2.533343527
0.06800000,2.533343527
0.06805000,2.533343527
0.06810000,2.533343527
0.06815000,2.533343527
0.06820000,2.533343527
0.06825000,2.533343527
0.06830000,2.533343527
0.06835000,2.533343527
0.06840000,2.533343527
0.06845000,2.533343527
0.06850000,2.533343527
0.06855000,2.533343527
0.06860000,2.533343527
0.06865000,2.533343527
0.06870000,2.533343527
0.06875000,2.533343527
0.06880000,2.533343527
0.06885000,2.533343527
0.06890000,2.533343527
0.06895000,2.533343527
0.06900000,2.533343527
0.06905000,2.533343527
0.06910000,2.533343527
0.06915000,2.533343527
0.06920000,2.533343527
0.06925000,2.533343527
0.06930000,2.533343527
0.06935000,2.533343527
0.06940000,2.533343527
0.06945000,2.533343527
0.06950000,2.533343527
0.06955000,2.533343527
0.06960000,2.533343527
0.06965000,2.533343527
0.06970000,2.533343527
0.06975000,2.533343527
0.06980000,2.533343527
0.06985000,2.533343527
0.06990000,2.533343527
0.06995000,2.533343527
0.07000000,2.533343527
0.07005000,2.533343527
0.07010000,2.533343527
0.07015000,2.533343527
0.07020000,2.533343527
0.07025000,2.533343527
0.07030000,2.533343527
0.07035000,2.533343527
0.07040000,2.533343527
0.07045000,2.533343527
0.07050000,2.533343527
0.07055000,2.533343527
0.07060000,2.533343527
0.07065000,2.533343527
0.07070000,2.533343527
0.07075000,2.533343527
0.07080000,2.533343527
0.07085000,2.533343527
0.07090000,2.533343527
0.07095000,2.533343527
0.07100000,2.533343527
0.07105000,2.533343527
0.07110000,2.533343527
0.07115000,2.533343527
0.07120000,2.533343527
0.07125000,2.533343527
0.07130000,2.533343527
0.07135000,2.533343527
0.07140000,2.533343527
0.07145000,2.533343527
0.07150000,2.533343527
0.07155000,2.533343527
0.07160000,2.533343527
0.07165000,2.533343527
0.07170000,2.533343527
0.07175000,2.533343527
0.07180000,2.533343527
0.07185000,2.533343527
0.07190000,2.533343527
0.07195000,2.533343527
0.07200000,2.533343527
0.07205000,2.533343527
0.07210000,2.533343527
0.07215000,2.533343527
0.07220000,2.533343527
0.07225000,2.533343527
0.07230000,2.533343527
0.07235000,2.533343527
0.07240000,2.533343527
0.07245000,2.533343527
0.07250000,2.533343527
0.07255000,2.533343527
0.07260000,2.533343527
0.07265000,2.533343527
0.07270000,2.533343527
0.07275000,2.533343527
0.07280000,2.533343527
0.07285000,2.533343527
0.07290000,2.533343527
0.07295000,2.533343527
0.07300000,2.533343527
0.07305000,2.533343527
0.07310000,2.533343527
0.07315000,2.533343527
0.07320000,2.533343527
0.07325000,2.533343527
0.07330000,2.533343527
0.07335000,2.533343527
0.07340000,2.533343527
0.07345000,2.533343527
0.07350000,2.533343527
0.07355000,2.533343527
0.07360000,2.533343527
0.07365000,2.533343527
0.07370000,2.533343527
0.07375000,2.533343527
0.07380000,2.533343527
0.07385000,2.533343527
0.07390000,2.533343527
0.07395000,2.533343527
0.07400000,2.533343527
0.07405000,2.533343527
0.07410000,2.533343527
0.07415000,2.533343527
0.07420000,2.533343527
0.07425000,2.533343527
0.07430000,2.533343527
0.07435000,2.533343527
0.07440000,2.533343527
0.07445000,2.533343527
0.07450000,2.533343527
0.07455000,2.533343527
0.07460000,2.533343527
0.07465000,2.533343527
0.07470000,2.533343527
0.07475000,2.533343527
0.07480000,2.533343527
0.07485000,2.533343527
0.07490000,2.533343527
0.07495000,2.533343527
0.07500000,2.533343527
0.07505000,2.533343527
0.07510000,2.533343527
0.07515000,2.533343527
0.07520000,2.533343527
0.07525000,2.533343527
0.07530000,2.533343527
0.07535000,2.533343527
0.07540000,2.533343527
0.07545000,2.533343527
0.07550000,2.533343527
0.07555000,2.533343527
0.07560000,2.533343527
0.07565000,2.533343527
0.07570000,2.533343527
0.07575000,2.533343527
0.07580000,2.533343527
0.07585000,2.533343527
0.07590000,2.533343527
0.07595000,2.533343527
0.07600000,2.533343527
0.07605000,2.533343527
0.07610000,2.533343527
0.07615000,2.533343527
0.07620000,2.533343527
0.07625000,2.533343527
0.07630000,2.533343527
0.07635000,2.533343527
0.07640000,2.533343527
0.07645000,2.533343527
0.07650000,2.533343527
0.07655000,2.533343527
0.07660000,2.533343527
0.07665000,2.533343527
0.07670000,2.533343527
0.07675000,2.533343527
0.07680000,2.533343527
0.07685000,2.533343527
0.07690000,2.533343527
0.07695000,2.533343527
0.07700000,2.533343527
0.07705000,2.533343527
0.07710000,2.533343527
0.07715000,2.533343527
0.07720000,2.533343527
0.07725000,2.533343527
0.07730000,2.533343527
0.07735000,2.533343527
0.07740000,2.533343527
0.07745000,2.533343527
0.07750000,2.533343527
0.07755000,2.533343527
0.07760000,2.533343527
0.07765000,2.533343527
0.07770000,2.533343527
0.07775000,2.533343527
0.07780000,2.533343527
0.07785000,2.533343527
0.07790000,2.533343527
0.07795000,2.533343527
0.07800000,2.533343527
0.07805000,2.533343527
0.07810000,2.533343527
0.07815000,2.533343527
0.07820000,2.533343527
0.07825000,2.533343527
0.07830000,2.533343527
0.07835000,2.533343527
0.07840000,2.533343527
0.07845000,2.533343527
0.07850000,2.533343527
0.07855000,2.533343527
0.07860000,2.533343527
0.07865000,2.533343527
0.07870000,2.533343527
0.07875000,2.533343527
0.07880000,2.533343527
0.07885000,2.533343527
0.07890000,2.533343527
0.07895000,2.533343527
0.07900000,2.533343527
0.07905000,2.533343527
0.07910000,2.533343527
0.07915000,2.533343527
0.07920000,2.533343527
0.07925000,2.533343527
0.07930000,2.533343527
0.07935000,2.533343527
0.07940000,2.533343527
0.07945000,2.533343527
0.07950000,2.533343527
0.07955000,2.533343527
0.07960000,2.533343527
0.07965000,2.533343527
0.07970000,2.533343527
0.07975000,2.533343527
0.07980000,2.533343527
0.07985000,2.533343527
0.07990000,2.533343527
0.07995000,2.533343527
0.08000000,2.533343527
0.08005000,2.533343527
0.08010000,2.533343527
0.08015000,2.533343527
0.08020000,2.533343527
0.08025000,2.533343527
0.08030000,2.533343527
0.08035000,2.533343527
0.08040000,2.533343527
0.08045000,2.533343527
0.08050000,2.533343527
0.08055000,2.533343527
0.08060000,2.533343527
0.08065000,2.533343527
0.08070000,2.533343527
0.08075000,2.533343527
0.08080000,2.533343527
0.08085000,2.533343527
0.08090000,2.533343527
0.08095000,2.533343527
0.08100000,2.533343527
0.08105000,2.533343527
0.08110000,2.533343527
0.08115000,2.533343527
0.08120000,2.533343527
0.08125000,2.533343527
0.08130000,2.533343527
0.08135000,2.533343527
0.08140000,2.533343527
0.08145000,2.533343527
0.08150000,2.533343527
0.08155000,2.533343527
0.08160000,2.533343527
0.08165000,2.533343527
0.08170000,2.533343527
0.08175000,2.533343527
0.08180000,2.533343527
0.08185000,2.533343527
0.08190000,2.533343527
0.08195000,2.533343527
0.08200000,2.533343527
0.08205000,2.533343527
0.08210000,2.533343527
0.08215000,2.533343527
0.08220000,2.533343527
0.08225000,2.533343527
0.08230000,2.533343527
0.08235000,2.533343527
0.08240000,2.533343527
0.08245000,2.533343527
0.08250000,2.533343527
0.08255000,2.533343527
0.08260000,2.533343527
0.08265000,2.533343527
0.08270000,2.533343527
0.08275000,2.533343527
0.08280000,2.533343527
0.08285000,2.533343527
0.08290000,2.533343527
0.08295000,2.533343527
0.08300000,2.533343527
0.08305000,2.533343527
0.08310000,2.533343527
0.08315000,2.533343527
0.08320000,2.533343527
0.08325000,2.533343527
0.08330000,2.533343527
0.08335000,2.533343527
0.08340000,2.533343527
0.08345000,2.533343527
0.08350000,2.533343527
0.08355000,2.533343527
0.08360000,2.533343527
0.08365000,2.533343527
0.08370000,2.533343527
0.08375000,2.533343527
0.08380000,2.533343527
0.08385000,2.533343527
0.08390000,2.533343527
0.08395000,2.533343527
0.08400000,2.533343527
0.08405000,2.533343527
0.08410000,2.533343527
0.08415000,2.533343527
0.08420000,2.533343527
0.08425000,2.533343527
0.08430000,2.533343527
0.08435000,2.533343527
0.08440000,2.533343527
0.08445000,2.533343527
0.08450000,2.533343527
0.08455000,2.533343527
0.08460000,2.533343527
0.08465000,2.533343527
0.08470000,2.533343527
0.08475000,2.533343527
0.08480000,2.533343527
0.08485000,2.533343527
0.08490000,2.533343527
0.08495000,2.533343527
0.08500000,2.533343527
0.08505000,2.533343527
0.08510000,2.533343527
0.08515000,2.533343527
0.08520000,2.533343527
0.08525000,2.533343527
0.08530000,2.533343527
0.08535000,2.533343527
0.08540000,2.533343527
0.08545000,2.533343527
0.08550000,2.533343527
0.08555000,2.533343527
0.08560000,2.533343527
0.08565000,2.533343527
0.08570000,2.533343527
0.08575000,2.533343527
0.08580000,2.533343527
0.08585000,2.533343527
0.08590000,2.533343527
0.08595000,2.533343527
0.08600000,2.533343527
0.08605000,2.533343527
0.08610000,2.533343527
0.08615000,2.533343527
0.08620000,2.533343527
0.08625000,2.533343527
0.08630000,2.533343527
0.08635000,2.533343527
0.08640000,2.533343527
0.08645000,2.533343527
0.08650000,2.533343527
0.08655000,2.533343527
0.08660000,2.533343527
0.08665000,2.533343527
0.08670000,2.533343527
0.08675000,2.533343527
0.08680000,2.533343527
0.08685000,2.533343527
0.08690000,2.533343527
0.08695000,2.533343527
0.08700000,2.533343527
0.08705000,2.533343527
0.08710000,2.533343527
0.08715000,2.533343527
0.08720000,2.533343527
0.08725000,2.533343527
0.08730000,2.533343527
0.08735000,2.533343527
0.08740000,2.533343527
0.08745000,2.533343527
0.08750000,2.533343527
0.08755000,2.533343527
0.08760000,2.533343527
0.08765000,2.533343527
0.08770000,2.533343527
0.08775000,2.533343527
0.08780000,2.533343527
0.08785000,2.533343527
0.08790000,2.533343527
0.08795000,2.533343527
0.08800000,2.533343527
0.08805000,2.533343527
0.08810000,2.533343527
0.08815000,2.533343527
0.08820000,2.533343527
0.08825000,2.533343527
0.08830000,2.533343527
0.08835000,2.533343527
0.08840000,2.533343527
0.08845000,2.533343527
0.08850000,2.533343527
0.08855000,2.533343527
0.08860000,2.533343527
0.08865000,2.533343527
0.08870000,2.533343527
0.08875000,2.533343527
0.08880000,2.533343527
0.08885000,2.533343527
0.08890000,2.533343527
0.08895000,2.533343527
0.08900000,2.533343527
0.08905000,2.533343527
0.08910000,2.533343527
0.08915000,2.533343527
0.08920000,2.533343527
0.08925000,2.533343527
0.08930000,2.533343527
0.08935000,2.533343527
0.08940000,2.533343527
0.08945000,2.533343527
0.08950000,2.533343527
0.08955000,2.533343527
0.08960000,2.533343527
0.08965000,2.533343527
0.08970000,2.533343527
0.08975000,2.533343527
0.08980000,2.533343527
0.08985000,2.533343527
0.08990000,2.533343527
0.08995000,2.533343527
0.09000000,2.533343527
0.09005000,2.533343527
0.09010000,2.533343527
0.09015000,2.533343527
0.09020000,2.533343527
0.09025000,2.533343527
0.09030000,2.533343527
0.09035000,2.533343527
0.09040000,2.533343527
0.09045000,2.533343527
0.09050000,2.533343527
0.09055000,2.533343527
0.09060000,2.533343527
0.09065000,2.533343527
0.09070000,2.533343527
0.09075000,2.533343527
0.09080000,2.533343527
0.09085000,2.533343527
0.09090000,2.533343527
0.09095000,2.533343527
0.09100000,2.533343527
0.09105000,2.533343527
0.09110000,2.533343527
0.09115000,2.533343527
0.09120000,2.533343527
0.09125000,2.533343527
0.09130000,2.533343527
0.09135000,2.533343527
0.09140000,2.533343527
0.09145000,2.533343527
0.09150000,2.533343527
0.09155000,2.533343527
0.09160000,2.533343527
0.09165000,2.533343527
0.09170000,2.533343527
0.09175000,2.533343527
0.09180000,2.533343527
0.09185000,2.533343527
0.09190000,2.533343527
0.09195000,2.533343527
0.09200000,2.533343527
0.09205000,2.533343527
0.09210000,2.533343527
0.09215000,2.533343527
0.09220000,2.533343527
0.09225000,2.533343527
0.09230000,2.533343527
0.09235000,2.533343527
0.09240000,2.533343527
0.09245000,2.533343527
0.09250000,2.533343527
0.09255000,2.533343527
0.09260000,2.533343527
0.09265000,2.533343527
0.09270000,2.533343527
0.09275000,2.533343527
0.09280000,2.533343527
0.09285000,2.533343527
0.09290000,2.533343527
0.09295000,2.533343527
0.09300000,2.533343527
0.09305000,2.533343527
0.09310000,2.533343527
0.09315000,2.533343527
0.09320000,2.533343527
0.09325000,2.533343527
0.09330000,2.533343527
0.09335000,2.533343527
0.09340000,2.533343527
0.09345000,2.533343527
0.09350000,2.533343527
0.09355000,2.533343527
0.09360000,2.533343527
0.09365000,2.533343527
0.09370000,2.533343527
0.09375000,2.533343527
0.09380000,2.533343527
0.09385000,2.533343527
0.09390000,2.533343527
0.09395000,2.533343527
0.09400000,2.533343527
0.09405000,2.533343527
0.09410000,2.533343527
0.09415000,2.533343527
0.09420000,2.533343527
0.09425000,2.533343527
0.09430000,2.533343527
0.09435000,2.533343527
0.09440000,2.533343527
0.09445000,2.533343527
0.09450000,2.533343527
0.09455000,2.533343527
0.09460000,2.533343527
0.09465000,2.533343527
0.09470000,2.533343527
0.09475000,2.533343527
0.09480000,2.533343527
0.09485000,2.533343527
0.09490000,2.533343527
0.09495000,2.533343527
0.09500000,2.533343527
0.09505000,2.533343527
0.09510000,2.533343527
0.09515000,2.533343527
0.09520000,2.533343527
0.09525000,2.533343527
0.09530000,2.533343527
0.09535000,2.533343527
0.09540000,2.533343527
0.09545000,2.533343527
0.09550000,2.533343527
0.09555000,2.533343527
0.09560000,2.533343527
0.09565000,2.533343527
0.09570000,2.533343527
0.09575000,2.533343527
0.09580000,2.533343527
0.09585000,2.533343527
0.09590000,2.533343527
0.09595000,2.533343527
0.09600000,2.533343527
0.09605000,2.533343527
0.09610000,2.533343527
0.09615000,2.533343527
0.09620000,2.533343527
0.09625000,2.533343527
0.09630000,2.533343527
0.09635000,2.533343527
0.09640000,2.533343527
0.09645000,2.533343527
0.09650000,2.533343527
0.09655000,2.533343527
0.09660000,2.533343527
0.09665000,2.533343527
0.09670000,2.533343527
0.09675000,2.533343527
0.09680000,2.533343527
0.09685000,2.533343527
0.09690000,2.533343527
0.09695000,2.533343527
0.09700000,2.533343527
0.09705000,2.533343527
0.09710000,2.533343527
0.09715000,2.533343527
0.09720000,2.533343527
0.09725000,2.533343527
0.09730000,2.533343527
0.09735000,2.533343527
0.09740000,2.533343527
0.09745000,2.533343527
0.09750000,2.533343527
0.09755000,2.533343527
0.09760000,2.533343527
0.09765000,2.533343527
0.09770000,2.533343527
0.09775000,2.533343527
0.09780000,2.533343527
0.09785000,2.533343527
0.09790000,2.533343527
0.09795000,2.533343527
0.09800000,2.533343527
0.09805000,2.533343527
0.09810000,2.533343527
0.09815000,2.533343527
0.09820000,2.533343527
0.09825000,2.533343527
0.09830000,2.533343527
0.09835000,2.533343527
0.09840000,2.533343527
0.09845000,2.533343527
0.09850000,2.533343527
0.09855000,2.533343527
0.09860000,2.533343527
0.09865000,2.533343527
0.09870000,2.533343527
0.09875000,2.533343527
0.09880000,2.533343527
0.09885000,2.533343527
0.09890000,2.533343527
0.09895000,2.533343527
0.09900000,2.533343527
0.09905000,2.533343527
0.09910000,2.533343527
0.09915000,2.533343527
0.09920000,2.533343527
0.09925000,2.533343527
0.09930000,2.533343527
0.09935000,2.533343527
0.09940000,2.533343527
0.09945000,2.533343527
0.09950000,2.533343527
0.09955000,2.533343527
0.09960000,2.533343527
0.09965000,2.533343527
0.09970000,2.533343527
0.09975000,2.533343527
0.09980000,2.533343527
0.09985000,2.533343527
0.09990000,2.533343527
0.09995000,2.533343527
0.10000000,2.533343527
0.10005000,2.533343527
0.10010000,2.533343527
0.10015000,2.533343527
0.10020000,2.533343527
0.10025000,2.533343527
0.10030000,2.533343527
0.10035000,2.533343527
0.10040000,2.533343527
0.10045000,2.533343527
0.10050000,2.533343527
0.10055000,2.533343527
0.10060000,2.533343527
0.10065000,2.533343527
0.10070000,2.533343527
0.10075000,2.533343527
0.10080000,2.533343527
0.10085000,2.533343527
0.10090000,2.533343527
0.10095000,2.533343527
0.10100000,2.533343527
0.10105000,2.533343527
0.10110000,2.533343527
0.10115000,2.533343527
0.10120000,2.533343527
0.10125000,2.533343527
0.10130000,2.533343527
0.10135000,2.533343527
0.10140000,2.533343527
0.10145000,2.533343527
0.10150000,2.533343527
0.10155000,2.533343527
0.10160000,2.533343527
0.10165000,2.533343527
0.10170000,2.533343527
0.10175000,2.533343527
0.10180000,2.533343527
0.10185000,2.533343527
0.10190000,2.533343527
0.10195000,2.533343527
0.10200000,2.533343527
0.10205000,2.533343527
0.10210000,2.533343527
0.10215000,2.533343527
0.10220000,2.533343527
0.10225000,2.533343527
0.10230000,2.533343527
0.10235000,2.533343527
0.10240000,2.533343527
0.10245000,2.533343527
0.10250000,2.533343527
0.10255000,2.533343527
0.10260000,2.533343527
0.10265000,2.533343527
0.10270000,2.533343527
0.10275000,2.533343527
0.10280000,2.533343527
0.10285000,2.533343527
0.10290000,2.533343527
0.10295000,2.533343527
0.10300000,2.533343527
0.10305000,2.533343527
0.10310000,2.533343527
0.10315000,2.533343527
0.10320000,2.533343527
0.10325000,2.533343527
0.10330000,2.533343527
0.10335000,2.533343527
0.10340000,2.533343527
0.10345000,2.533343527
0.10350000,2.533343527
0.10355000,2.533343527
0.10360000,2.533343527
0.10365000,2.533343527
0.10370000,2.533343527
0.10375000,2.533343527
0.10380000,2.533343527
0.10385000,2.533343527
0.10390000,2.533343527
0.10395000,2.533343527
0.10400000,2.533343527
0.10405000,2.533343527
0.10410000,2.533343527
0.10415000,2.533343527
0.10420000,2.533343527
0.10425000,2.533343527
0.10430000,2.533343527
0.10435000,2.533343527
0.10440000,2.533343527
0.10445000,2.533343527
0.10450000,2.533343527
0.10455000,2.533343527
0.10460000,2.533343527
0.10465000,2.533343527
0.10470000,2.533343527
0.10475000,2.533343527
0.10480000,2.533343527
0.10485000,2.533343527
0.10490000,2.533343527
0.10495000,2.533343527
0.10500000,2.533343527
0.10505000,2.533343527
0.10510000,2.533343527
0.10515000,2.533343527
0.10520000,2.533343527
0.10525000,2.533343527
0.10530000,2.533343527
0.10535000,2.533343527
0.10540000,2.533343527
0.10545000,2.533343527
0.10550000,2.533343527
0.10555000,2.533343527
0.10560000,2.533343527
0.10565000,2.533343527
0.10570000,2.533343527
0.10575000,2.533343527
0.10580000,2.533343527
0.10585000,2.533343527
0.10590000,2.533343527
0.10595000,2.533343527
0.10600000,2.533343527
0.10605000,2.533343527
0.10610000,2.533343527
0.10615000,2.533343527
0.10620000,2.533343527
0.10625000,2.533343527
0.10630000,2.533343527
0.10635000,2.533343527
0.10640000,2.533343527
0.10645000,2.533343527
0.10650000,2.533343527
0.10655000,2.533343527
0.10660000,2.533343527
0.10665000,2.533343527
0.10670000,2.533343527
0.10675000,2.533343527
0.10680000,2.533343527
0.10685000,2.533343527
0.10690000,2.533343527
0.10695000,2.533343527
0.10700000,2.533343527
0.10705000,2.533343527
0.10710000,2.533343527
0.10715000,2.533343527
0.10720000,2.533343527
0.10725000,2.533343527
0.10730000,2.533343527
0.10735000,2.533343527
0.10740000,2.533343527
0.10745000,2.533343527
0.10750000,2.533343527
0.10755000,2.533343527
0.10760000,2.533343527
0.10765000,2.533343527
0.10770000,2.533343527
0.10775000,2.533343527
0.10780000,2.533343527
0.10785000,2.533343527
0.10790000,2.533343527
0.10795000,2.533343527
0.10800000,2.533343527
0.10805000,2.533343527
0.10810000,2.533343527
0.10815000,2.533343527
0.10820000,2.533343527
0.10825000,2.533343527
0.10830000,2.533343527
0.10835000,2.533343527
0.10840000,2.533343527
0.10845000,2.533343527
0.10850000,2.533343527
0.10855000,2.533343527
0.10860000,2.533343527
0.10865000,2.533343527
0.10870000,2.533343527
0.10875000,2.533343527
0.10880000,2.533343527
0.10885000,2.533343527
0.10890000,2.533343527
0.10895000,2.533343527
0.10900000,2.533343527
0.10905000,2.533343527
0.10910000,2.533343527
0.10915000,2.533343527
0.10920000,2.533343527
0.10925000,2.533343527
0.10930000,2.533343527
0.10935000,2.533343527
0.10940000,2.533343527
0.10945000,2.533343527
0.10950000,2.533343527
0.10955000,2.533343527
0.10960000,2.533343527
0.10965000,2.533343527
0.10970000,2.533343527
0.10975000,2.533343527
0.10980000,2.533343527
0.10985000,2.533343527
0.10990000,2.533343527
0.10995000,2.533343527
0.11000000,2.533343527
0.11005000,2.533343527
0.11010000,2.533343527
0.11015000,2.533343527
0.11020000,2.533343527
0.11025000,2.533343527
0.11030000,2.533343527
0.11035000,2.533343527
0.11040000,2.533343527
0.11045000,2.533343527
0.11050000,2.533343527
0.11055000,2.533343527
0.11060000,2.533343527
0.11065000,2.533343527
0.11070000,2.533343527
0.11075000,2.533343527
0.11080000,2.533343527
0.11085000,2.533343527
0.11090000,2.533343527
0.11095000,2.533343527
0.11100000,2.533343527
0.11105000,2.533343527
0.11110000,2.533343527
0.11115000,2.533343527
0.11120000,2.533343527
0.11125000,2.533343527
0.11130000,2.533343527
0.11135000,2.533343527
0.11140000,2.533343527
0.11145000,2.533343527
0.11150000,2.533343527
0.11155000,2.533343527
0.11160000,2.533343527
0.11165000,2.533343527
0.11170000,2.533343527
0.11175000,2.533343527
0.11180000,2.533343527
0.11185000,2.533343527
0.11190000,2.533343527
0.11195000,2.533343527
0.11200000,2.533343527
0.11205000,2.533343527
0.11210000,2.533343527
0.11215000,2.533343527
0.11220000,2.533343527
0.11225000,2.533343527
0.11230000,2.533343527
0.11235000,2.533343527
0.11240000,2.533343527
0.11245000,2.533343527
0.11250000,44.286656473
0.11255000,44.286656473
0.11260000,44.286656473
0.11265000,44.286656473
0.11270000,44.286656473
0.11275000,44.286656473
0.11280000,44.286656473
0.11285000,44.286656473
0.11290000,44.286656473
0.11295000,44.286656473
0.11300000,44.286656473
0.11305000,44.286656473
0.11310000,44.286656473
0.11315000,44.286656473
0.11320000,44.286656473
0.11325000,44.286656473
0.11330000,44.286656473
0.11335000,44.286656473
0.11340000,44.286656473
0.11345000,44.286656473
0.11350000,44.286656473
0.11355000,44.286656473
0.11360000,44.286656473
0.11365000,44.286656473
0.11370000,44.286656473
0.11375000,44.286656473
0.11380000,44.286656473
0.11385000,44.286656473
0.11390000,44.286656473
0.11395000,44.286656473
0.11400000,44.286656473
0.11405000,44.286656473
0.11410000,44.286656473
0.11415000,44.286656473
0.11420000,44.286656473
0.11425000,44.286656473
0.11430000,44.286656473
0.11435000,44.286656473
0.11440000,44.286656473
0.11445000,44.286656473
0.11450000,44.286656473
0.11455000,44.286656473
0.11460000,44.286656473
0.11465000,44.286656473
0.11470000,44.286656473
0.11475000,44.286656473
0.11480000,44.286656473
0.11485000,44.286656473
0.11490000,44.286656473
0.11495000,44.286656473
0.11500000,44.286656473
0.11505000,44.286656473
0.11510000,44.286656473
0.11515000,44.286656473
0.11520000,44.286656473
0.11525000,44.286656473
0.11530000,44.286656473
0.11535000,44.286656473
0.11540000,44.286656473
0.11545000,44.286656473
0.11550000,44.286656473
0.11555000,44.286656473
0.11560000,44.286656473
0.11565000,44.286656473
0.11570000,44.286656473
0.11575000,44.286656473
0.11580000,44.286656473
0.11585000,44.286656473
0.11590000,44.286656473
0.11595000,44.286656473
0.11600000,44.286656473
0.11605000,44.286656473
0.11610000,44.286656473
0.11615000,44.286656473
0.11620000,44.286656473
0.11625000,44.286656473
0.11630000,44.286656473
0.11635000,44.286656473
0.11640000,44.286656473
0.11645000,44.286656473
0.11650000,44.286656473
0.11655000,44.286656473
0.11660000,44.286656473
0.11665000,44.286656473
0.11670000,44.286656473
0.11675000,44.286656473
0.11680000,44.286656473
0.11685000,44.286656473
0.11690000,44.286656473
0.11695000,44.286656473
0.11700000,44.286656473
0.11705000,44.286656473
0.11710000,44.286656473
0.11715000,44.286656473
0.11720000,44.286656473
0.11725000,44.286656473
0.11730000,44.286656473
0.11735000,44.286656473
0.11740000,44.286656473
0.11745000,44.286656473
0.11750000,44.286656473
0.11755000,44.286656473
0.11760000,44.286656473
0.11765000,44.286656473
0.11770000,44.286656473
0.11775000,44.286656473
0.11780000,44.286656473
0.11785000,44.286656473
0.11790000,44.286656473
0.11795000,44.286656473
0.11800000,44.286656473
0.11805000,44.286656473
0.11810000,44.286656473
0.11815000,44.286656473
0.11820000,44.286656473
0.11825000,44.286656473
0.11830000,44.286656473
0.11835000,44.286656473
0.11840000,44.286656473
0.11845000,44.286656473
0.11850000,44.286656473
0.11855000,44.286656473
0.11860000,44.286656473
0.11865000,44.286656473
0.11870000,44.286656473
0.11875000,44.286656473
0.11880000,44.286656473
0.11885000,44.286656473
0.11890000,44.286656473
0.11895000,44.286656473
0.11900000,44.286656473
0.11905000,44.286656473
0.11910000,44.286656473
0.11915000,44.286656473
0.11920000,44.286656473
0.11925000,44.286656473
0.11930000,44.286656473
0.11935000,44.286656473
0.11940000,44.286656473
0.11945000,44.286656473
0.11950000,44.286656473
0.11955000,44.286656473
0.11960000,44.286656473
0.11965000,44.286656473
0.11970000,44.286656473
0.11975000,44.286656473
0.11980000,44.286656473
0.11985000,44.286656473
0.11990000,44.286656473
0.11995000,44.286656473
0.12000000,44.286656473
0.12005000,44.286656473
0.12010000,44.286656473
0.12015000,44.286656473
0.12020000,44.286656473
0.12025000,44.286656473
0.12030000,44.286656473
0.12035000,44.286656473
0.12040000,44.286656473
0.12045000,44.286656473
0.12050000,44.286656473
0.12055000,44.286656473
0.12060000,44.286656473
0.12065000,44.286656473
0.12070000,44.286656473
0.12075000,44.286656473
0.12080000,44.286656473
0.12085000,44.286656473
0.12090000,44.286656473
0.12095000,44.286656473
0.12100000,44.286656473
0.12105000,44.286656473
0.12110000,44.286656473
0.12115000,44.286656473
0.12120000,44.286656473
0.12125000,44.286656473
0.12130000,44.286656473
0.12135000,44.286656473
0.12140000,44.286656473
0.12145000,44.286656473
0.12150000,44.286656473
0.12155000,44.286656473
0.12160000,44.286656473
0.12165000,44.286656473
0.12170000,44.286656473
0.12175000,44.286656473
0.12180000,44.286656473
0.12185000,44.286656473
0.12190000,44.286656473
0.12195000,44.286656473
0.12200000,44.286656473
0.12205000,44.286656473
0.12210000,44.286656473
0.12215000,44.286656473
0.12220000,44.286656473
0.12225000,44.286656473
0.12230000,44.286656473
0.12235000,44.286656473
0.12240000,44.286656473
0.12245000,44.286656473
0.12250000,44.286656473
0.12255000,44.286656473
0.12260000,44.286656473
0.12265000,44.286656473
0.12270000,44.286656473
0.12275000,44.286656473
0.12280000,44.286656473
0.12285000,44.286656473
0.12290000,44.286656473
0.12295000,44.286656473
0.12300000,44.286656473
0.12305000,44.286656473
0.12310000,44.286656473
0.12315000,44.286656473
0.12320000,44.286656473
0.12325000,44.286656473
0.12330000,44.286656473
0.12335000,44.286656473
0.12340000,44.286656473
0.12345000,44.286656473
0.12350000,44.286656473
0.12355000,44.286656473
0.12360000,44.286656473
0.12365000,44.286656473
0.12370000,44.286656473
0.12375000,44.286656473
0.12380000,44.286656473
0.12385000,44.286656473
0.12390000,44.286656473
0.12395000,44.286656473
0.12400000,44.286656473
0.12405000,44.286656473
0.12410000,44.286656473
0.12415000,44.286656473
0.12420000,44.286656473
0.12425000,44.286656473
0.12430000,44.286656473
0.12435000,44.286656473
0.12440000,44.286656473
0.12445000,44.286656473
0.12450000,44.286656473
0.12455000,44.286656473
0.12460000,44.286656473
0.12465000,44.286656473
0.12470000,44.286656473
0.12475000,44.286656473
0.12480000,44.286656473
0.12485000,44.286656473
0.12490000,44.286656473
0.12495000,44.286656473
0.12500000,44.286656473
0.12505000,44.286656473
0.12510000,44.286656473
0.12515000,44.286656473
0.12520000,44.286656473
0.12525000,44.286656473
0.12530000,44.286656473
0.12535000,44.286656473
0.12540000,44.286656473
0.12545000,44.286656473
0.12550000,44.286656473
0.12555000,44.286656473
0.12560000,44.286656473
0.12565000,44.286656473
0.12570000,44.286656473
0.12575000,44.286656473
0.12580000,44.286656473
0.12585000,44.286656473
0.12590000,44.286656473
0.12595000,44.286656473
0.12600000,44.286656473
0.12605000,44.286656473
0.12610000,44.286656473
0.12615000,44.286656473
0.12620000,44.286656473
0.12625000,44.286656473
0.12630000,44.286656473
0.12635000,44.286656473
0.12640000,44.286656473
0.12645000,44.286656473
0.12650000,44.286656473
0.12655000,44.286656473
0.12660000,44.286656473
0.12665000,44.286656473
0.12670000,44.286656473
0.12675000,44.286656473
0.12680000,44.286656473
0.12685000,44.286656473
0.12690000,44.286656473
0.12695000,44.286656473
0.12700000,44.286656473
0.12705000,44.286656473
0.12710000,44.286656473
0.12715000,44.286656473
0.12720000,44.286656473
0.12725000,44.286656473
0.12730000,44.286656473
0.12735000,44.286656473
0.12740000,44.286656473
0.12745000,44.286656473
0.12750000,44.286656473
0.12755000,44.286656473
0.12760000,44.286656473
0.12765000,44.286656473
0.12770000,44.286656473
0.12775000,44.286656473
0.12780000,44.286656473
0.12785000,44.286656473
0.12790000,44.286656473
0.12795000,44.286656473
0.12800000,44.286656473
0.12805000,44.286656473
0.12810000,44.286656473
0.12815000,44.286656473
0.12820000,44.286656473
0.12825000,44.286656473
0.12830000,44.286656473
0.12835000,44.286656473
0.12840000,44.286656473
0.12845000,44.286656473
0.12850000,44.286656473
0.12855000,44.286656473
0.12860000,44.286656473
0.12865000,44.286656473
0.12870000,44.286656473
0.12875000,44.286656473
0.12880000,44.286656473
0.12885000,44.286656473
0.12890000,44.286656473
0.12895000,44.286656473
0.12900000,44.286656473
0.12905000,44.286656473
0.12910000,44.286656473
0.12915000,44.286656473
0.12920000,44.286656473
0.12925000,44.286656473
0.12930000,44.286656473
0.12935000,44.286656473
0.12940000,44.286656473
0.12945000,44.286656473
0.12950000,44.286656473
0.12955000,44.286656473
0.12960000,44.286656473
0.12965000,44.286656473
0.12970000,44.286656473
0.12975000,44.286656473
0.12980000,44.286656473
0.12985000,44.286656473
0.12990000,44.286656473
0.12995000,44.286656473
0.13000000,44.286656473
0.13005000,44.286656473
0.13010000,44.286656473
0.13015000,44.286656473
0.13020000,44.286656473
0.13025000,44.286656473
0.13030000,44.286656473
0.13035000,44.286656473
0.13040000,44.286656473
0.13045000,44.286656473
0.13050000,44.286656473
0.13055000,44.286656473
0.13060000,44.286656473
0.13065000,44.286656473
0.13070000,44.286656473
0.13075000,44.286656473
0.13080000,44.286656473
0.13085000,44.286656473
0.13090000,44.286656473
0.13095000,44.286656473
0.13100000,44.286656473
0.13105000,44.286656473
0.13110000,44.286656473
0.13115000,44.286656473
0.13120000,44.286656473
0.13125000,44.286656473
0.13130000,44.286656473
0.13135000,44.286656473
0.13140000,44.286656473
0.13145000,44.286656473
0.13150000,44.286656473
0.13155000,44.286656473
0.13160000,44.286656473
0.13165000,44.286656473
0.13170000,44.286656473
0.13175000,44.286656473
0.13180000,44.286656473
0.13185000,44.286656473
0.13190000,44.286656473
0.13195000,44.286656473
0.13200000,44.286656473
0.13205000,44.286656473
0.13210000,44.286656473
0.13215000,44.286656473
0.13220000,44.286656473
0.13225000,44.286656473
0.13230000,44.286656473
0.13235000,44.286656473
0.13240000,44.286656473
0.13245000,44.286656473
0.13250000,44.286656473
0.13255000,44.286656473
0.13260000,44.286656473
0.13265000,44.286656473
0.13270000,44.286656473
0.13275000,44.286656473
0.13280000,44.286656473
0.13285000,44.286656473
0.13290000,44.286656473
0.13295000,44.286656473
0.13300000,44.286656473
0.13305000,44.286656473
0.13310000,44.286656473
0.13315000,44.286656473
0.13320000,44.286656473
0.13325000,44.286656473
0.13330000,44.286656473
0.13335000,44.286656473
0.13340000,44.286656473
0.13345000,44.286656473
0.13350000,44.286656473
0.13355000,44.286656473
0.13360000,44.286656473
0.13365000,44.286656473
0.13370000,44.286656473
0.13375000,44.286656473
0.13380000,44.286656473
0.13385000,44.286656473
0.13390000,44.286656473
0.13395000,44.286656473
0.13400000,44.286656473
0.13405000,44.286656473
0.13410000,44.286656473
0.13415000,44.286656473
0.13420000,44.286656473
0.13425000,44.286656473
0.13430000,44.286656473
0.13435000,44.286656473
0.13440000,44.286656473
0.13445000,44.286656473
0.13450000,44.286656473
0.13455000,44.286656473
0.13460000,44.286656473
0.13465000,44.286656473
0.13470000,44.286656473
0.13475000,44.286656473
0.13480000,44.286656473
0.13485000,44.286656473
0.13490000,44.286656473
0.13495000,44.286656473
0.13500000,44.286656473
0.13505000,44.286656473
0.13510000,44.286656473
0.13515000,44.286656473
0.13520000,44.286656473
0.13525000,44.286656473
0.13530000,44.286656473
0.13535000,44.286656473
0.13540000,44.286656473
0.13545000,44.286656473
0.13550000,44.286656473
0.13555000,44.286656473
0.13560000,44.286656473
0.13565000,44.286656473
0.13570000,44.286656473
0.13575000,44.286656473
0.13580000,44.286656473
0.13585000,44.286656473
0.13590000,44.286656473
0.13595000,44.286656473
0.13600000,44.286656473
0.13605000,44.286656473
0.13610000,44.286656473
0.13615000,44.286656473
0.13620000,44.286656473
0.13625000,44.286656473
0.13630000,44.286656473
0.13635000,44.286656473
0.13640000,44.286656473
0.13645000,44.286656473
0.13650000,44.286656473
0.13655000,44.286656473
0.13660000,44.286656473
0.13665000,44.286656473
0.13670000,44.286656473
0.13675000,44.286656473
0.13680000,44.286656473
0.13685000,44.286656473
0.13690000,44.286656473
0.13695000,44.286656473
0.13700000,44.286656473
0.13705000,44.286656473
0.13710000,44.286656473
0.13715000,44.286656473
0.13720000,44.286656473
0.13725000,44.286656473
0.13730000,44.286656473
0.13735000,44.286656473
0.13740000,44.286656473
0.13745000,44.286656473
0.13750000,44.286656473
0.13755000,44.286656473
0.13760000,44.286656473
0.13765000,44.286656473
0.13770000,44.286656473
0.13775000,44.286656473
0.13780000,44.286656473
0.13785000,44.286656473
0.13790000,44.286656473
0.13795000,44.286656473
0.13800000,44.286656473
0.13805000,44.286656473
0.13810000,44.286656473
0.13815000,44.286656473
0.13820000,44.286656473
0.13825000,44.286656473
0.13830000,44.286656473
0.13835000,44.286656473
0.13840000,44.286656473
0.13845000,44.286656473
0.13850000,44.286656473
0.13855000,44.286656473
0.13860000,44.286656473
0.13865000,44.286656473
0.13870000,44.286656473
0.13875000,44.286656473
0.13880000,44.286656473
0.13885000,44.286656473
0.13890000,44.286656473
0.13895000,44.286656473
0.13900000,44.286656473
0.13905000,44.286656473
0.13910000,44.286656473
0.13915000,44.286656473
0.13920000,44.286656473
0.13925000,44.286656473
0.13930000,44.286656473
0.13935000,44.286656473
0.13940000,44.286656473
0.13945000,44.286656473
0.13950000,44.286656473
0.13955000,44.286656473
0.13960000,44.286656473
0.13965000,44.286656473
0.13970000,44.286656473
0.13975000,44.286656473
0.13980000,44.286656473
0.13985000,44.286656473
0.13990000,44.286656473
0.13995000,44.286656473
0.14000000,44.286656473
0.14005000,44.286656473
0.14010000,44.286656473
0.14015000,44.286656473
0.14020000,44.286656473
0.14025000,44.286656473
0.14030000,44.286656473
0.14035000,44.286656473
0.14040000,44.286656473
0.14045000,44.286656473
0.14050000,44.286656473
0.14055000,44.286656473
0.14060000,44.286656473
0.14065000,44.286656473
0.14070000,44.286656473
0.14075000,44.286656473
0.14080000,44.286656473
0.14085000,44.286656473
0.14090000,44.286656473
0.14095000,44.286656473
0.14100000,44.286656473
0.14105000,44.286656473
0.14110000,44.286656473
0.14115000,44.286656473
0.14120000,44.286656473
0.14125000,44.286656473
0.14130000,44.286656473
0.14135000,44.286656473
0.14140000,44.286656473
0.14145000,44.286656473
0.14150000,44.286656473
0.14155000,44.286656473
0.14160000,44.286656473
0.14165000,44.286656473
0.14170000,44.286656473
0.14175000,44.286656473
0.14180000,44.286656473
0.14185000,44.286656473
0.14190000,44.286656473
0.14195000,44.286656473
0.14200000,44.286656473
0.14205000,44.286656473
0.14210000,44.286656473
0.14215000,44.286656473
0.14220000,44.286656473
0.14225000,44.286656473
0.14230000,44.286656473
0.14235000,44.286656473
0.14240000,44.286656473
0.14245000,44.286656473
0.14250000,44.286656473
0.14255000,44.286656473
0.14260000,44.286656473
0.14265000,44.286656473
0.14270000,44.286656473
0.14275000,44.286656473
0.14280000,44.286656473
0.14285000,44.286656473
0.14290000,44.286656473
0.14295000,44.286656473
0.14300000,44.286656473
0.14305000,44.286656473
0.14310000,44.286656473
0.14315000,44.286656473
0.14320000,44.286656473
0.14325000,44.286656473
0.14330000,44.286656473
0.14335000,44.286656473
0.14340000,44.286656473
0.14345000,44.286656473
0.14350000,44.286656473
0.14355000,44.286656473
0.14360000,44.286656473
0.14365000,44.286656473
0.14370000,44.286656473
0.14375000,44.286656473
0.14380000,44.286656473
0.14385000,44.286656473
0.14390000,44.286656473
0.14395000,44.286656473
0.14400000,44.286656473
0.14405000,44.286656473
0.14410000,44.286656473
0.14415000,44.286656473
0.14420000,44.286656473
0.14425000,44.286656473
0.14430000,44.286656473
0.14435000,44.286656473
0.14440000,44.286656473
0.14445000,44.286656473
0.14450000,44.286656473
0.14455000,44.286656473
0.14460000,44.286656473
0.14465000,44.286656473
0.14470000,44.286656473
0.14475000,44.286656473
0.14480000,44.286656473
0.14485000,44.286656473
0.14490000,44.286656473
0.14495000,44.286656473
0.14500000,44.286656473
0.14505000,44.286656473
0.14510000,44.286656473
0.14515000,44.286656473
0.14520000,44.286656473
0.14525000,44.286656473
0.14530000,44.286656473
0.14535000,44.286656473
0.14540000,44.286656473
0.14545000,44.286656473
0.14550000,44.286656473
0.14555000,44.286656473
0.14560000,44.286656473
0.14565000,44.286656473
0.14570000,44.286656473
0.14575000,44.286656473
0.14580000,44.286656473
0.14585000,44.286656473
0.14590000,44.286656473
0.14595000,44.286656473
0.14600000,44.286656473
0.14605000,44.286656473
0.14610000,44.286656473
0.14615000,44.286656473
0.14620000,44.286656473
0.14625000,44.286656473
0.14630000,44.286656473
0.14635000,44.286656473
0.14640000,44.286656473
0.14645000,44.286656473
0.14650000,44.286656473
0.14655000,44.286656473
0.14660000,44.286656473
0.14665000,44.286656473
0.14670000,44.286656473
0.14675000,44.286656473
0.14680000,44.286656473
0.14685000,44.286656473
0.14690000,44.286656473
0.14695000,44.286656473
0.14700000,44.286656473
0.14705000,44.286656473
0.14710000,44.286656473
0.14715000,44.286656473
0.14720000,44.286656473
0.14725000,44.286656473
0.14730000,44.286656473
0.14735000,44.286656473
0.14740000,44.286656473
0.14745000,44.286656473
0.14750000,44.286656473
0.14755000,44.286656473
0.14760000,44.286656473
0.14765000,44.286656473
0.14770000,44.286656473
0.14775000,44.286656473
0.14780000,44.286656473
0.14785000,44.286656473
0.14790000,44.286656473
0.14795000,44.286656473
0.14800000,44.286656473
0.14805000,44.286656473
0.14810000,44.286656473
0.14815000,44.286656473
0.14820000,44.286656473
0.14825000,44.286656473
0.14830000,44.286656473
0.14835000,44.286656473
0.14840000,44.286656473
0.14845000,44.286656473
0.14850000,44.286656473
0.14855000,44.286656473
0.14860000,44.286656473
0.14865000,44.286656473
0.14870000,44.286656473
0.14875000,44.286656473
0.14880000,44.286656473
0.14885000,44.286656473
0.14890000,44.286656473
0.14895000,44.286656473
0.14900000,44.286656473
0.14905000,44.286656473
0.14910000,44.286656473
0.14915000,44.286656473
0.14920000,44.286656473
0.14925000,44.286656473
0.14930000,44.286656473
0.14935000,44.286656473
0.14940000,44.286656473
0.14945000,44.286656473
0.14950000,44.286656473
0.14955000,44.286656473
0.14960000,44.286656473
0.14965000,44.286656473
0.14970000,44.286656473
0.14975000,44.286656473
0.14980000,44.286656473
0.14985000,44.286656473
0.14990000,44.286656473
0.14995000,44.286656473
0.15000000,44.286656473
0.15005000,44.286656473
0.15010000,44.286656473
0.15015000,44.286656473
0.15020000,44.286656473
0.15025000,44.286656473
0.15030000,44.286656473
0.15035000,44.286656473
0.15040000,44.286656473
0.15045000,44.286656473
0.15050000,44.286656473
0.15055000,44.286656473
0.15060000,44.286656473
0.15065000,44.286656473
0.15070000,44.286656473
0.15075000,44.286656473
0.15080000,44.286656473
0.15085000,44.286656473
0.15090000,44.286656473
0.15095000,44.286656473
0.15100000,44.286656473
0.15105000,44.286656473
0.15110000,44.286656473
0.15115000,44.286656473
0.15120000,44.286656473
0.15125000,44.286656473
0.15130000,44.286656473
0.15135000,44.286656473
0.15140000,44.286656473
0.15145000,44.286656473
0.15150000,44.286656473
0.15155000,44.286656473
0.15160000,44.286656473
0.15165000,44.286656473
0.15170000,44.286656473
0.15175000,44.286656473
0.15180000,44.286656473
0.15185000,44.286656473
0.15190000,44.286656473
0.15195000,44.286656473
0.15200000,44.286656473
0.15205000,44.286656473
0.15210000,44.286656473
0.15215000,44.286656473
0.15220000,44.286656473
0.15225000,44.286656473
0.15230000,44.286656473
0.15235000,44.286656473
0.15240000,44.286656473
0.15245000,44.286656473
0.15250000,44.286656473
0.15255000,44.286656473
0.15260000,44.286656473
0.15265000,44.286656473
0.15270000,44.286656473
0.15275000,44.286656473
0.15280000,44.286656473
0.15285000,44.286656473
0.15290000,44.286656473
0.15295000,44.286656473
0.15300000,44.286656473
0.15305000,44.286656473
0.15310000,44.286656473
0.15315000,44.286656473
0.15320000,44.286656473
0.15325000,44.286656473
0.15330000,44.286656473
0.15335000,44.286656473
0.15340000,44.286656473
0.15345000,44.286656473
0.15350000,44.286656473
0.15355000,44.286656473
0.15360000,44.286656473
0.15365000,44.286656473
0.15370000,44.286656473
0.15375000,44.286656473
0.15380000,44.286656473
0.15385000,44.286656473
0.15390000,44.286656473
0.15395000,44.286656473
0.15400000,44.286656473
0.15405000,44.286656473
0.15410000,44.286656473
0.15415000,44.286656473
0.15420000,44.286656473
0.15425000,44.286656473
0.15430000,44.286656473
0.15435000,44.286656473
0.15440000,44.286656473
0.15445000,44.286656473
0.15450000,44.286656473
0.15455000,44.286656473
0.15460000,44.286656473
0.15465000,44.286656473
0.15470000,44.286656473
0.15475000,44.286656473
0.15480000,44.286656473
0.15485000,44.286656473
0.15490000,44.286656473
0.15495000,44.286656473
0.15500000,44.286656473
0.15505000,44.286656473
0.15510000,44.286656473
0.15515000,44.286656473
0.15520000,44.286656473
0.15525000,44.286656473
0.15530000,44.286656473
0.15535000,44.286656473
0.15540000,44.286656473
0.15545000,44.286656473
0.15550000,44.286656473
0.15555000,44.286656473
0.15560000,44.286656473
0.15565000,44.286656473
0.15570000,44.286656473
0.15575000,44.286656473
0.15580000,44.286656473
0.15585000,44.286656473
0.15590000,44.286656473
0.15595000,44.286656473
0.15600000,44.286656473
0.15605000,44.286656473
0.15610000,44.286656473
0.15615000,44.286656473
0.15620000,44.286656473
0.15625000,44.286656473
0.15630000,44.286656473
0.15635000,44.286656473
0.15640000,44.286656473
0.15645000,44.286656473
0.15650000,44.286656473
0.15655000,44.286656473
0.15660000,44.286656473
0.15665000,44.286656473
0.15670000,44.286656473
0.15675000,44.286656473
0.15680000,44.286656473
0.15685000,44.286656473
0.15690000,44.286656473
0.15695000,44.286656473
0.15700000,44.286656473
0.15705000,44.286656473
0.15710000,44.286656473
0.15715000,44.286656473
0.15720000,44.286656473
0.15725000,44.286656473
0.15730000,44.286656473
0.15735000,44.286656473
0.15740000,44.286656473
0.15745000,44.286656473
0.15750000,44.286656473
0.15755000,44.286656473
0.15760000,44.286656473
0.15765000,44.286656473
0.15770000,44.286656473
0.15775000,44.286656473
0.15780000,44.286656473
0.15785000,44.286656473
0.15790000,44.286656473
0.15795000,44.286656473
0.15800000,44.286656473
0.15805000,44.286656473
0.15810000,44.286656473
0.15815000,44.286656473
0.15820000,44.286656473
0.15825000,44.286656473
0.15830000,44.286656473
0.15835000,44.286656473
0.15840000,44.286656473
0.15845000,44.286656473
0.15850000,44.286656473
0.15855000,44.286656473
0.15860000,44.286656473
0.15865000,44.286656473
0.15870000,44.286656473
0.15875000,44.286656473
0.15880000,44.286656473
0.15885000,44.286656473
0.15890000,44.286656473
0.15895000,44.286656473
0.15900000,44.286656473
0.15905000,44.286656473
0.15910000,44.286656473
0.15915000,44.286656473
0.15920000,44.286656473
0.15925000,44.286656473
0.15930000,44.286656473
0.15935000,44.286656473
0.15940000,44.286656473
0.15945000,44.286656473
0.15950000,44.286656473
0.15955000,44.286656473
0.15960000,44.286656473
0.15965000,44.286656473
0.15970000,44.286656473
0.15975000,44.286656473
0.15980000,44.286656473
0.15985000,44.286656473
0.15990000,44.286656473
0.15995000,44.286656473
0.16000000,44.286656473
0.16005000,44.286656473
0.16010000,44.286656473
0.16015000,44.286656473
0.16020000,44.286656473
0.16025000,44.286656473
0.16030000,44.286656473
0.16035000,44.286656473
0.16040000,44.286656473
0.16045000,44.286656473
0.16050000,44.286656473
0.16055000,44.286656473
0.16060000,44.286656473
0.16065000,44.286656473
0.16070000,44.286656473
0.16075000,44.286656473
0.16080000,44.286656473
0.16085000,44.286656473
0.16090000,44.286656473
0.16095000,44.286656473
0.16100000,44.286656473
0.16105000,44.286656473
0.16110000,44.286656473
0.16115000,44.286656473
0.16120000,44.286656473
0.16125000,44.286656473
0.16130000,44.286656473
0.16135000,44.286656473
0.16140000,44.286656473
0.16145000,44.286656473
0.16150000,44.286656473
0.16155000,44.286656473
0.16160000,44.286656473
0.16165000,44.286656473
0.16170000,44.286656473
0.16175000,44.286656473
0.16180000,44.286656473
0.16185000,44.286656473
0.16190000,44.286656473
0.16195000,44.286656473
0.16200000,44.286656473
0.16205000,44.286656473
0.16210000,44.286656473
0.16215000,44.286656473
0.16220000,44.286656473
0.16225000,44.286656473
0.16230000,44.286656473
0.16235000,44.286656473
0.16240000,44.286656473
0.16245000,44.286656473
0.16250000,44.286656473
0.16255000,44.286656473
0.16260000,44.286656473
0.16265000,44.286656473
0.16270000,44.286656473
0.16275000,44.286656473
0.16280000,44.286656473
0.16285000,44.286656473
0.16290000,44.286656473
0.16295000,44.286656473
0.16300000,44.286656473
0.16305000,44.286656473
0.16310000,44.286656473
0.16315000,44.286656473
0.16320000,44.286656473
0.16325000,44.286656473
0.16330000,44.286656473
0.16335000,44.286656473
0.16340000,44.286656473
0.16345000,44.286656473
0.16350000,44.286656473
0.16355000,44.286656473
0.16360000,44.286656473
0.16365000,44.286656473
0.16370000,44.286656473
0.16375000,44.286656473
0.16380000,44.286656473
0.16385000,44.286656473
0.16390000,44.286656473
0.16395000,44.286656473
0.16400000,44.286656473
0.16405000,44.286656473
0.16410000,44.286656473
0.16415000,44.286656473
0.16420000,44.286656473
0.16425000,44.286656473
0.16430000,44.286656473
0.16435000,44.286656473
0.16440000,44.286656473
0.16445000,44.286656473
0.16450000,44.286656473
0.16455000,44.286656473
0.16460000,44.286656473
0.16465000,44.286656473
0.16470000,44.286656473
0.16475000,44.286656473
0.16480000,44.286656473
0.16485000,44.286656473
0.16490000,44.286656473
0.16495000,44.286656473
0.16500000,44.286656473
0.16505000,44.286656473
0.16510000,44.286656473
0.16515000,44.286656473
0.16520000,44.286656473
0.16525000,44.286656473
0.16530000,44.286656473
0.16535000,44.286656473
0.16540000,44.286656473
0.16545000,44.286656473
0.16550000,44.286656473
0.16555000,44.286656473
0.16560000,44.286656473
0.16565000,44.286656473
0.16570000,44.286656473
0.16575000,44.286656473
0.16580000,44.286656473
0.16585000,44.286656473
0.16590000,44.286656473
0.16595000,44.286656473
0.16600000,44.286656473
0.16605000,44.286656473
0.16610000,44.286656473
0.16615000,44.286656473
0.16620000,44.286656473
0.16625000,44.286656473
0.16630000,44.286656473
0.16635000,44.286656473
0.16640000,44.286656473
0.16645000,44.286656473
0.16650000,44.286656473
0.16655000,44.286656473
0.16660000,44.286656473
0.16665000,44.286656473
0.16670000,44.286656473
0.16675000,44.286656473
0.16680000,44.286656473
0.16685000,44.286656473
0.16690000,44.286656473
0.16695000,44.286656473
0.16700000,44.286656473
0.16705000,44.286656473
0.16710000,44.286656473
0.16715000,44.286656473
0.16720000,44.286656473
0.16725000,44.286656473
0.16730000,44.286656473
0.16735000,44.286656473
0.16740000,44.286656473
0.16745000,44.286656473
0.16750000,44.286656473
0.16755000,44.286656473
0.16760000,44.286656473
0.16765000,44.286656473
0.16770000,44.286656473
0.16775000,44.286656473
0.16780000,44.286656473
0.16785000,44.286656473
0.16790000,44.286656473
0.16795000,44.286656473
0.16800000,44.286656473
0.16805000,44.286656473
0.16810000,44.286656473
0.16815000,44.286656473
0.16820000,44.286656473
0.16825000,44.286656473
0.16830000,44.286656473
0.16835000,44.286656473
0.16840000,44.286656473
0.16845000,44.286656473
0.16850000,44.286656473
0.16855000,44.286656473
0.16860000,44.286656473
0.16865000,44.286656473
0.16870000,44.286656473
0.16875000,2.533343527
0.16880000,2.533343527
0.16885000,2.533343527
0.16890000,2.533343527
0.16895000,2.533343527
0.16900000,2.533343527
0.16905000,2.533343527
0.16910000,2.533343527
0.16915000,2.533343527
0.16920000,2.533343527
0.16925000,2.533343527
0.16930000,2.533343527
0.16935000,2.533343527
0.16940000,2.533343527
0.16945000,2.533343527
0.16950000,2.533343527
0.16955000,2.533343527
0.16960000,2.533343527
0.16965000,2.533343527
0.16970000,2.533343527
0.16975000,2.533343527
0.16980000,2.533343527
0.16985000,2.533343527
0.16990000,2.533343527
0.16995000,2.533343527
0.17000000,2.533343527
0.17005000,2.533343527
0.17010000,2.533343527
0.17015000,2.533343527
0.17020000,2.533343527
0.17025000,2.533343527
0.17030000,2.533343527
0.17035000,2.533343527
0.17040000,2.533343527
0.17045000,2.533343527
0.17050000,2.533343527
0.17055000,2.533343527
0.17060000,2.533343527
0.17065000,2.533343527
0.17070000,2.533343527
0.17075000,2.533343527
0.17080000,2.533343527
0.17085000,2.533343527
0.17090000,2.533343527
0.17095000,2.533343527
0.17100000,2.533343527
0.17105000,2.533343527
0.17110000,2.533343527
0.17115000,2.533343527
0.17120000,2.533343527
0.17125000,2.533343527
0.17130000,2.533343527
0.17135000,2.533343527
0.17140000,2.533343527
0.17145000,2.533343527
0.17150000,2.533343527
0.17155000,2.533343527
0.17160000,2.533343527
0.17165000,2.533343527
0.17170000,2.533343527
0.17175000,2.533343527
0.17180000,2.533343527
0.17185000,2.533343527
0.17190000,2.533343527
0.17195000,2.533343527
0.17200000,2.533343527
0.17205000,2.533343527
0.17210000,2.533343527
0.17215000,2.533343527
0.17220000,2.533343527
0.17225000,2.533343527
0.17230000,2.533343527
0.17235000,2.533343527
0.17240000,2.533343527
0.17245000,2.533343527
0.17250000,2.533343527
0.17255000,2.533343527
0.17260000,2.533343527
0.17265000,2.533343527
0.17270000,2.533343527
0.17275000,2.533343527
0.17280000,2.533343527
0.17285000,2.533343527
0.17290000,2.533343527
0.17295000,2.533343527
0.17300000,2.533343527
0.17305000,2.533343527
0.17310000,2.533343527
0.17315000,2.533343527
0.17320000,2.533343527
0.17325000,2.533343527
0.17330000,2.533343527
0.17335000,2.533343527
0.17340000,2.533343527
0.17345000,2.533343527
0.17350000,2.533343527
0.17355000,2.533343527
0.17360000,2.533343527
0.17365000,2.533343527
0.17370000,2.533343527
0.17375000,2.533343527
0.17380000,2.533343527
0.17385000,2.533343527
0.17390000,2.533343527
0.17395000,2.533343527
0.17400000,2.533343527
0.17405000,2.533343527
0.17410000,2.533343527
0.17415000,2.533343527
0.17420000,2.533343527
0.17425000,2.533343527
0.17430000,2.533343527
0.17435000,2.533343527
0.17440000,2.533343527
0.17445000,2.533343527
0.17450000,2.533343527
0.17455000,2.533343527
0.17460000,2.533343527
0.17465000,2.533343527
0.17470000,2.533343527
0.17475000,2.533343527
0.17480000,2.533343527
0.17485000,2.533343527
0.17490000,2.533343527
0.17495000,2.533343527
0.17500000,2.533343527
0.17505000,2.533343527
0.17510000,2.533343527
0.17515000,2.533343527
0.17520000,2.533343527
0.17525000,2.533343527
0.17530000,2.533343527
0.17535000,2.533343527
0.17540000,2.533343527
0.17545000,2.533343527
0.17550000,2.533343527
0.17555000,2.533343527
0.17560000,2.533343527
0.17565000,2.533343527
0.17570000,2.533343527
0.17575000,2.533343527
0.17580000,2.533343527
0.17585000,2.533343527
0.17590000,2.533343527
0.17595000,2.533343527
0.17600000,2.533343527
0.17605000,2.533343527
0.17610000,2.533343527
0.17615000,2.533343527
0.17620000,2.533343527
0.17625000,2.533343527
0.17630000,2.533343527
0.17635000,2.533343527
0.17640000,2.533343527
0.17645000,2.533343527
0.17650000,2.533343527
0.17655000,2.533343527
0.17660000,2.533343527
0.17665000,2.533343527
0.17670000,2.533343527
0.17675000,2.533343527
0.17680000,2.533343527
0.17685000,2.533343527
0.17690000,2.533343527
0.17695000,2.533343527
0.17700000,2.533343527
0.17705000,2.533343527
0.17710000,2.533343527
0.17715000,2.533343527
0.17720000,2.533343527
0.17725000,2.533343527
0.17730000,2.533343527
0.17735000,2.533343527
0.17740000,2.533343527
0.17745000,2.533343527
0.17750000,2.533343527
0.17755000,2.533343527
0.17760000,2.533343527
0.17765000,2.533343527
0.17770000,2.533343527
0.17775000,2.533343527
0.17780000,2.533343527
0.17785000,2.533343527
0.17790000,2.533343527
0.17795000,2.533343527
0.17800000,2.533343527
0.17805000,2.533343527
0.17810000,2.533343527
0.17815000,2.533343527
0.17820000,2.533343527
0.17825000,2.533343527
0.17830000,2.533343527
0.17835000,2.533343527
0.17840000,2.533343527
0.17845000,2.533343527
0.17850000,2.533343527
0.17855000,2.533343527
0.17860000,2.533343527
0.17865000,2.533343527
0.17870000,2.533343527
0.17875000,2.533343527
0.17880000,2.533343527
0.17885000,2.533343527
0.17890000,2.533343527
0.17895000,2.533343527
0.17900000,2.533343527
0.17905000,2.533343527
0.17910000,2.533343527
0.17915000,2.533343527
0.17920000,2.533343527
0.17925000,2.533343527
0.17930000,2.533343527
0.17935000,2.533343527
0.17940000,2.533343527
0.17945000,2.533343527
0.17950000,2.533343527
0.17955000,2.533343527
0.17960000,2.533343527
0.17965000,2.533343527
0.17970000,2.533343527
0.17975000,2.533343527
0.17980000,2.533343527
0.17985000,2.533343527
0.17990000,2.533343527
0.17995000,2.533343527
0.18000000,2.533343527
0.18005000,2.533343527
0.18010000,2.533343527
0.18015000,2.533343527
0.18020000,2.533343527
0.18025000,2.533343527
0.18030000,2.533343527
0.18035000,2.533343527
0.18040000,2.533343527
0.18045000,2.533343527
0.18050000,2.533343527
0.18055000,2.533343527
0.18060000,2.533343527
0.18065000,2.533343527
0.18070000,2.533343527
0.18075000,2.533343527
0.18080000,2.533343527
0.18085000,2.533343527
0.18090000,2.533343527
0.18095000,2.533343527
0.18100000,2.533343527
0.18105000,2.533343527
0.18110000,2.533343527
0.18115000,2.533343527
0.18120000,2.533343527
0.18125000,2.533343527
0.18130000,2.533343527
0.18135000,2.533343527
0.18140000,2.533343527
0.18145000,2.533343527
0.18150000,2.533343527
0.18155000,2.533343527
0.18160000,2.533343527
0.18165000,2.533343527
0.18170000,2.533343527
0.18175000,2.533343527
0.18180000,2.533343527
0.18185000,2.533343527
0.18190000,2.533343527
0.18195000,2.533343527
0.18200000,2.533343527
0.18205000,2.533343527
0.18210000,2.533343527
0.18215000,2.533343527
0.18220000,2.533343527
0.18225000,2.533343527
0.18230000,2.533343527
0.18235000,2.533343527
0.18240000,2.533343527
0.18245000,2.533343527
0.18250000,2.533343527
0.18255000,2.533343527
0.18260000,2.533343527
0.18265000,2.533343527
0.18270000,2.533343527
0.18275000,2.533343527
0.18280000,2.533343527
0.18285000,2.533343527
0.18290000,2.533343527
0.18295000,2.533343527
0.18300000,2.533343527
0.18305000,2.533343527
0.18310000,2.533343527
0.18315000,2.533343527
0.18320000,2.533343527
0.18325000,2.533343527
0.18330000,2.533343527
0.18335000,2.533343527
0.18340000,2.533343527
0.18345000,2.533343527
0.18350000,2.533343527
0.18355000,2.533343527
0.18360000,2.533343527
0.18365000,2.533343527
0.18370000,2.533343527
0.18375000,2.533343527
0.18380000,2.533343527
0.18385000,2.533343527
0.18390000,2.533343527
0.18395000,2.533343527
0.18400000,2.533343527
0.18405000,2.533343527
0.18410000,2.533343527
0.18415000,2.533343527
0.18420000,2.533343527
0.18425000,2.533343527
0.18430000,2.533343527
0.18435000,2.533343527
0.18440000,2.533343527
0.18445000,2.533343527
0.18450000,2.533343527
0.18455000,2.533343527
0.18460000,2.533343527
0.18465000,2.533343527
0.18470000,2.533343527
0.18475000,2.533343527
0.18480000,2.533343527
0.18485000,2.533343527
0.18490000,2.533343527
0.18495000,2.533343527
0.18500000,2.533343527
0.18505000,2.533343527
0.18510000,2.533343527
0.18515000,2.533343527
0.18520000,2.533343527
0.18525000,2.533343527
0.18530000,2.533343527
0.18535000,2.533343527
0.18540000,2.533343527
0.18545000,2.533343527
0.18550000,2.533343527
0.18555000,2.533343527
0.18560000,2.533343527
0.18565000,2.533343527
0.18570000,2.533343527
0.18575000,2.533343527
0.18580000,2.533343527
0.18585000,2.533343527
0.18590000,2.533343527
0.18595000,2.533343527
0.18600000,2.533343527
0.18605000,2.533343527
0.18610000,2.533343527
0.18615000,2.533343527
0.18620000,2.533343527
0.18625000,2.533343527
0.18630000,2.533343527
0.18635000,2.533343527
0.18640000,2.533343527
0.18645000,2.533343527
0.18650000,2.533343527
0.18655000,2.533343527
0.18660000,2.533343527
0.18665000,2.533343527
0.18670000,2.533343527
0.18675000,2.533343527
0.18680000,2.533343527
0.18685000,2.533343527
0.18690000,2.533343527
0.18695000,2.533343527
0.18700000,2.533343527
0.18705000,2.533343527
0.18710000,2.533343527
0.18715000,2.533343527
0.18720000,2.533343527
0.18725000,2.533343527
0.18730000,2.533343527
0.18735000,2.533343527
0.18740000,2.533343527
0.18745000,2.533343527
0.18750000,2.533343527
0.18755000,2.533343527
0.18760000,2.533343527
0.18765000,2.533343527
0.18770000,2.533343527
0.18775000,2.533343527
0.18780000,2.533343527
0.18785000,2.533343527
0.18790000,2.533343527
0.18795000,2.533343527
0.18800000,2.533343527
0.18805000,2.533343527
0.18810000,2.533343527
0.18815000,2.533343527
0.18820000,2.533343527
0.18825000,2.533343527
0.18830000,2.533343527
0.18835000,2.533343527
0.18840000,2.533343527
0.18845000,2.533343527
0.18850000,2.533343527
0.18855000,2.533343527
0.18860000,2.533343527
0.18865000,2.533343527
0.18870000,2.533343527
0.18875000,2.533343527
0.18880000,2.533343527
0.18885000,2.533343527
0.18890000,2.533343527
0.18895000,2.533343527
0.18900000,2.533343527
0.18905000,2.533343527
0.18910000,2.533343527
0.18915000,2.533343527
0.18920000,2.533343527
0.18925000,2.533343527
0.18930000,2.533343527
0.18935000,2.533343527
0.18940000,2.533343527
0.18945000,2.533343527
0.18950000,2.533343527
0.18955000,2.533343527
0.18960000,2.533343527
0.18965000,2.533343527
0.18970000,2.533343527
0.18975000,2.533343527
0.18980000,2.533343527
0.18985000,2.533343527
0.18990000,2.533343527
0.18995000,2.533343527
0.19000000,2.533343527
0.19005000,2.533343527
0.19010000,2.533343527
0.19015000,2.533343527
0.19020000,2.533343527
0.19025000,2.533343527
0.19030000,2.533343527
0.19035000,2.533343527
0.19040000,2.533343527
0.19045000,2.533343527
0.19050000,2.533343527
0.19055000,2.533343527
0.19060000,2.533343527
0.19065000,2.533343527
0.19070000,2.533343527
0.19075000,2.533343527
0.19080000,2.533343527
0.19085000,2.533343527
0.19090000,2.533343527
0.19095000,2.533343527
0.19100000,2.533343527
0.19105000,2.533343527
0.19110000,2.533343527
0.19115000,2.533343527
0.19120000,2.533343527
0.19125000,2.533343527
0.19130000,2.533343527
0.19135000,2.533343527
0.19140000,2.533343527
0.19145000,2.533343527
0.19150000,2.533343527
0.19155000,2.533343527
0.19160000,2.533343527
0.19165000,2.533343527
0.19170000,2.533343527
0.19175000,2.533343527
0.19180000,2.533343527
0.19185000,2.533343527
0.19190000,2.533343527
0.19195000,2.533343527
0.19200000,2.533343527
0.19205000,2.533343527
0.19210000,2.533343527
0.19215000,2.533343527
0.19220000,2.533343527
0.19225000,2.533343527
0.19230000,2.533343527
0.19235000,2.533343527
0.19240000,2.533343527
0.19245000,2.533343527
0.19250000,2.533343527
0.19255000,2.533343527
0.19260000,2.533343527
0.19265000,2.533343527
0.19270000,2.533343527
0.19275000,2.533343527
0.19280000,2.533343527
0.19285000,2.533343527
0.19290000,2.533343527
0.19295000,2.533343527
0.19300000,2.533343527
0.19305000,2.533343527
0.19310000,2.533343527
0.19315000,2.533343527
0.19320000,2.533343527
0.19325000,2.533343527
0.19330000,2.533343527
0.19335000,2.533343527
0.19340000,2.533343527
0.19345000,2.533343527
0.19350000,2.533343527
0.19355000,2.533343527
0.19360000,2.533343527
0.19365000,2.533343527
0.19370000,2.533343527
0.19375000,2.533343527
0.19380000,2.533343527
0.19385000,2.533343527
0.19390000,2.533343527
0.19395000,2.533343527
0.19400000,2.533343527
0.19405000,2.533343527
0.19410000,2.533343527
0.19415000,2.533343527
0.19420000,2.533343527
0.19425000,2.533343527
0.19430000,2.533343527
0.19435000,2.533343527
0.19440000,2.533343527
0.19445000,2.533343527
0.19450000,2.533343527
0.19455000,2.533343527
0.19460000,2.533343527
0.19465000,2.533343527
0.19470000,2.533343527
0.19475000,2.533343527
0.19480000,2.533343527
0.19485000,2.533343527
0.19490000,2.533343527
0.19495000,2.533343527
0.19500000,2.533343527
0.19505000,2.533343527
0.19510000,2.533343527
0.19515000,2.533343527
0.19520000,2.533343527
0.19525000,2.533343527
0.19530000,2.533343527
0.19535000,2.533343527
0.19540000,2.533343527
0.19545000,2.533343527
0.19550000,2.533343527
0.19555000,2.533343527
0.19560000,2.533343527
0.19565000,2.533343527
0.19570000,2.533343527
0.19575000,2.533343527
0.19580000,2.533343527
0.19585000,2.533343527
0.19590000,2.533343527
0.19595000,2.533343527
0.19600000,2.533343527
0.19605000,2.533343527
0.19610000,2.533343527
0.19615000,2.533343527
0.19620000,2.533343527
0.19625000,2.533343527
0.19630000,2.533343527
0.19635000,2.533343527
0.19640000,2.533343527
0.19645000,2.533343527
0.19650000,2.533343527
0.19655000,2.533343527
0.19660000,2.533343527
0.19665000,2.533343527
0.19670000,2.533343527
0.19675000,2.533343527
0.19680000,2.533343527
0.19685000,2.533343527
0.19690000,2.533343527
0.19695000,2.533343527
0.19700000,2.533343527
0.19705000,2.533343527
0.19710000,2.533343527
0.19715000,2.533343527
0.19720000,2.533343527
0.19725000,2.533343527
0.19730000,2.533343527
0.19735000,2.533343527
0.19740000,2.533343527
0.19745000,2.533343527
0.19750000,2.533343527
0.19755000,2.533343527
0.19760000,2.533343527
0.19765000,2.533343527
0.19770000,2.533343527
0.19775000,2.533343527
0.19780000,2.533343527
0.19785000,2.533343527
0.19790000,2.533343527
0.19795000,2.533343527
0.19800000,2.533343527
0.19805000,2.533343527
0.19810000,2.533343527
0.19815000,2.533343527
0.19820000,2.533343527
0.19825000,2.533343527
0.19830000,2.533343527
0.19835000,2.533343527
0.19840000,2.533343527
0.19845000,2.533343527
0.19850000,2.533343527
0.19855000,2.533343527
0.19860000,2.533343527
0.19865000,2.533343527
0.19870000,2.533343527
0.19875000,2.533343527
0.19880000,2.533343527
0.19885000,2.533343527
0.19890000,2.533343527
0.19895000,2.533343527
0.19900000,2.533343527
0.19905000,2.533343527
0.19910000,2.533343527
0.19915000,2.533343527
0.19920000,2.533343527
0.19925000,2.533343527
0.19930000,2.533343527
0.19935000,2.533343527
0.19940000,2.533343527
0.19945000,2.533343527
0.19950000,2.533343527
0.19955000,2.533343527
0.19960000,2.533343527
0.19965000,2.533343527
0.19970000,2.533343527
0.19975000,2.533343527
0.19980000,2.533343527
0.19985000,2.533343527
0.19990000,2.533343527
0.19995000,2.533343527
0.20000000,2.533343527
0.20005000,2.533343527
0.20010000,2.533343527
0.20015000,2.533343527
0.20020000,2.533343527
0.20025000,2.533343527
0.20030000,2.533343527
0.20035000,2.533343527
0.20040000,2.533343527
0.20045000,2.533343527
0.20050000,2.533343527
0.20055000,2.533343527
0.20060000,2.533343527
0.20065000,2.533343527
0.20070000,2.533343527
0.20075000,2.533343527
0.20080000,2.533343527
0.20085000,2.533343527
0.20090000,2.533343527
0.20095000,2.533343527
0.20100000,2.533343527
0.20105000,2.533343527
0.20110000,2.533343527
0.20115000,2.533343527
0.20120000,2.533343527
0.20125000,2.533343527
0.20130000,2.533343527
0.20135000,2.533343527
0.20140000,2.533343527
0.20145000,2.533343527
0.20150000,2.533343527
0.20155000,2.533343527
0.20160000,2.533343527
0.20165000,2.533343527
0.20170000,2.533343527
0.20175000,2.533343527
0.20180000,2.533343527
0.20185000,2.533343527
0.20190000,2.533343527
0.20195000,2.533343527
0.20200000,2.533343527
0.20205000,2.533343527
0.20210000,2.533343527
0.20215000,2.533343527
0.20220000,2.533343527
0.20225000,2.533343527
0.20230000,2.533343527
0.20235000,2.533343527
0.20240000,2.533343527
0.20245000,2.533343527
0.20250000,2.533343527
0.20255000,2.533343527
0.20260000,2.533343527
0.20265000,2.533343527
0.20270000,2.533343527
0.20275000,2.533343527
0.20280000,2.533343527
0.20285000,2.533343527
0.20290000,2.533343527
0.20295000,2.533343527
0.20300000,2.533343527
0.20305000,2.533343527
0.20310000,2.533343527
0.20315000,2.533343527
0.20320000,2.533343527
0.20325000,2.533343527
0.20330000,2.533343527
0.20335000,2.533343527
0.20340000,2.533343527
0.20345000,2.533343527
0.20350000,2.533343527
0.20355000,2.533343527
0.20360000,2.533343527
0.20365000,2.533343527
0.20370000,2.533343527
0.20375000,2.533343527
0.20380000,2.533343527
0.20385000,2.533343527
0.20390000,2.533343527
0.20395000,2.533343527
0.20400000,2.533343527
0.20405000,2.533343527
0.20410000,2.533343527
0.20415000,2.533343527
0.20420000,2.533343527
0.20425000,2.533343527
0.20430000,2.533343527
0.20435000,2.533343527
0.20440000,2.533343527
0.20445000,2.533343527
0.20450000,2.533343527
0.20455000,2.533343527
0.20460000,2.533343527
0.20465000,2.533343527
0.20470000,2.533343527
0.20475000,2.533343527
0.20480000,2.533343527
0.20485000,2.533343527
0.20490000,2.533343527
0.20495000,2.533343527
0.20500000,2.533343527
0.20505000,2.533343527
0.20510000,2.533343527
0.20515000,2.533343527
0.20520000,2.533343527
0.20525000,2.533343527
0.20530000,2.533343527
0.20535000,2.533343527
0.20540000,2.533343527
0.20545000,2.533343527
0.20550000,2.533343527
0.20555000,2.533343527
0.20560000,2.533343527
0.20565000,2.533343527
0.20570000,2.533343527
0.20575000,2.533343527
0.20580000,2.533343527
0.20585000,2.533343527
0.20590000,2.533343527
0.20595000,2.533343527
0.20600000,2.533343527
0.20605000,2.533343527
0.20610000,2.533343527
0.20615000,2.533343527
0.20620000,2.533343527
0.20625000,2.533343527
0.20630000,2.533343527
0.20635000,2.533343527
0.20640000,2.533343527
0.20645000,2.533343527
0.20650000,2.533343527
0.20655000,2.533343527
0.20660000,2.533343527
0.20665000,2.533343527
0.20670000,2.533343527
0.20675000,2.533343527
0.20680000,2.533343527
0.20685000,2.533343527
0.20690000,2.533343527
0.20695000,2.533343527
0.20700000,2.533343527
0.20705000,2.533343527
0.20710000,2.533343527
0.20715000,2.533343527
0.20720000,2.533343527
0.20725000,2.533343527
0.20730000,2.533343527
0.20735000,2.533343527
0.20740000,2.533343527
0.20745000,2.533343527
0.20750000,2.533343527
0.20755000,2.533343527
0.20760000,2.533343527
0.20765000,2.533343527
0.20770000,2.533343527
0.20775000,2.533343527
0.20780000,2.533343527
0.20785000,2.533343527
0.20790000,2.533343527
0.20795000,2.533343527
0.20800000,2.533343527
0.20805000,2.533343527
0.20810000,2.533343527
0.20815000,2.533343527
0.20820000,2.533343527
0.20825000,2.533343527
0.20830000,2.533343527
0.20835000,2.533343527
0.20840000,2.533343527
0.20845000,2.533343527
0.20850000,2.533343527
0.20855000,2.533343527
0.20860000,2.533343527
0.20865000,2.533343527
0.20870000,2.533343527
0.20875000,2.533343527
0.20880000,2.533343527
0.20885000,2.533343527
0.20890000,2.533343527
0.20895000,2.533343527
0.20900000,2.533343527
0.20905000,2.533343527
0.20910000,2.533343527
0.20915000,2.533343527
0.20920000,2.533343527
0.20925000,2.533343527
0.20930000,2.533343527
0.20935000,2.533343527
0.20940000,2.533343527
0.20945000,2.533343527
0.20950000,2.533343527
0.20955000,2.533343527
0.20960000,2.533343527
0.20965000,2.533343527
0.20970000,2.533343527
0.20975000,2.533343527
0.20980000,2.533343527
0.20985000,2.533343527
0.20990000,2.533343527
0.20995000,2.533343527
0.21000000,2.533343527
0.21005000,2.533343527
0.21010000,2.533343527
0.21015000,2.533343527
0.21020000,2.533343527
0.21025000,2.533343527
0.21030000,2.533343527
0.21035000,2.533343527
0.21040000,2.533343527
0.21045000,2.533343527
0.21050000,2.533343527
0.21055000,2.533343527
0.21060000,2.533343527
0.21065000,2.533343527
0.21070000,2.533343527
0.21075000,2.533343527
0.21080000,2.533343527
0.21085000,2.533343527
0.21090000,2.533343527
0.21095000,2.533343527
0.21100000,2.533343527
0.21105000,2.533343527
0.21110000,2.533343527
0.21115000,2.533343527
0.21120000,2.533343527
0.21125000,2.533343527
0.21130000,2.533343527
0.21135000,2.533343527
0.21140000,2.533343527
0.21145000,2.533343527
0.21150000,2.533343527
0.21155000,2.533343527
0.21160000,2.533343527
0.21165000,2.533343527
0.21170000,2.533343527
0.21175000,2.533343527
0.21180000,2.533343527
0.21185000,2.533343527
0.21190000,2.533343527
0.21195000,2.533343527
0.21200000,2.533343527
0.21205000,2.533343527
0.21210000,2.533343527
0.21215000,2.533343527
0.21220000,2.533343527
0.21225000,2.533343527
0.21230000,2.533343527
0.21235000,2.533343527
0.21240000,2.533343527
0.21245000,2.533343527
0.21250000,2.533343527
0.21255000,2.533343527
0.21260000,2.533343527
0.21265000,2.533343527
0.21270000,2.533343527
0.21275000,2.533343527
0.21280000,2.533343527
0.21285000,2.533343527
0.21290000,2.533343527
0.21295000,2.533343527
0.21300000,2.533343527
0.21305000,2.533343527
0.21310000,2.533343527
0.21315000,2.533343527
0.21320000,2.533343527
0.21325000,2.533343527
0.21330000,2.533343527
0.21335000,2.533343527
0.21340000,2.533343527
0.21345000,2.533343527
0.21350000,2.533343527
0.21355000,2.533343527
0.21360000,2.533343527
0.21365000,2.533343527
0.21370000,2.533343527
0.21375000,2.533343527
0.21380000,2.533343527
0.21385000,2.533343527
0.21390000,2.533343527
0.21395000,2.533343527
0.21400000,2.533343527
0.21405000,2.533343527
0.21410000,2.533343527
0.21415000,2.533343527
0.21420000,2.533343527
0.21425000,2.533343527
0.21430000,2.533343527
0.21435000,2.533343527
0.21440000,2.533343527
0.21445000,2.533343527
0.21450000,2.533343527
0.21455000,2.533343527
0.21460000,2.533343527
0.21465000,2.533343527
0.21470000,2.533343527
0.21475000,2.533343527
0.21480000,2.533343527
0.21485000,2.533343527
0.21490000,2.533343527
0.21495000,2.533343527
0.21500000,2.533343527
0.21505000,2.533343527
0.21510000,2.533343527
0.21515000,2.533343527
0.21520000,2.533343527
0.21525000,2.533343527
0.21530000,2.533343527
0.21535000,2.533343527
0.21540000,2.533343527
0.21545000,2.533343527
0.21550000,2.533343527
0.21555000,2.533343527
0.21560000,2.533343527
0.21565000,2.533343527
0.21570000,2.533343527
0.21575000,2.533343527
0.21580000,2.533343527
0.21585000,2.533343527
0.21590000,2.533343527
0.21595000,2.533343527
0.21600000,2.533343527
0.21605000,2.533343527
0.21610000,2.533343527
0.21615000,2.533343527
0.21620000,2.533343527
0.21625000,2.533343527
0.21630000,2.533343527
0.21635000,2.533343527
0.21640000,2.533343527
0.21645000,2.533343527
0.21650000,2.533343527
0.21655000,2.533343527
0.21660000,2.533343527
0.21665000,2.533343527
0.21670000,2.533343527
0.21675000,2.533343527
0.21680000,2.533343527
0.21685000,2.533343527
0.21690000,2.533343527
0.21695000,2.533343527
0.21700000,2.533343527
0.21705000,2.533343527
0.21710000,2.533343527
0.21715000,2.533343527
0.21720000,2.533343527
0.21725000,2.533343527
0.21730000,2.533343527
0.21735000,2.533343527
0.21740000,2.533343527
0.21745000,2.533343527
0.21750000,2.533343527
0.21755000,2.533343527
0.21760000,2.533343527
0.21765000,2.533343527
0.21770000,2.533343527
0.21775000,2.533343527
0.21780000,2.533343527
0.21785000,2.533343527
0.21790000,2.533343527
0.21795000,2.533343527
0.21800000,2.533343527
0.21805000,2.533343527
0.21810000,2.533343527
0.21815000,2.533343527
0.21820000,2.533343527
0.21825000,2.533343527
0.21830000,2.533343527
0.21835000,2.533343527
0.21840000,2.533343527
0.21845000,2.533343527
0.21850000,2.533343527
0.21855000,2.533343527
0.21860000,2.533343527
0.21865000,2.533343527
0.21870000,2.533343527
0.21875000,2.533343527
0.21880000,2.533343527
0.21885000,2.533343527
0.21890000,2.533343527
0.21895000,2.533343527
0.21900000,2.533343527
0.21905000,2.533343527
0.21910000,2.533343527
0.21915000,2.533343527
0.21920000,2.533343527
0.21925000,2.533343527
0.21930000,2.533343527
0.21935000,2.533343527
0.21940000,2.533343527
0.21945000,2.533343527
0.21950000,2.533343527
0.21955000,2.533343527
0.21960000,2.533343527
0.21965000,2.533343527
0.21970000,2.533343527
0.21975000,2.533343527
0.21980000,2.533343527
0.21985000,2.533343527
0.21990000,2.533343527
0.21995000,2.533343527
0.22000000,2.533343527
0.22005000,2.533343527
0.22010000,2.533343527
0.22015000,2.533343527
0.22020000,2.533343527
0.22025000,2.533343527
0.22030000,2.533343527
0.22035000,2.533343527
0.22040000,2.533343527
0.22045000,2.533343527
0.22050000,2.533343527
0.22055000,2.533343527
0.22060000,2.533343527
0.22065000,2.533343527
0.22070000,2.533343527
0.22075000,2.533343527
0.22080000,2.533343527
0.22085000,2.533343527
0.22090000,2.533343527
0.22095000,2.533343527
0.22100000,2.533343527
0.22105000,2.533343527
0.22110000,2.533343527
0.22115000,2.533343527
0.22120000,2.533343527
0.22125000,2.533343527
0.22130000,2.533343527
0.22135000,2.533343527
0.22140000,2.533343527
0.22145000,2.533343527
0.22150000,2.533343527
0.22155000,2.533343527
0.22160000,2.533343527
0.22165000,2.533343527
0.22170000,2.533343527
0.22175000,2.533343527
0.22180000,2.533343527
0.22185000,2.533343527
0.22190000,2.533343527
0.22195000,2.533343527
0.22200000,2.533343527
0.22205000,2.533343527
0.22210000,2.533343527
0.22215000,2.533343527
0.22220000,2.533343527
0.22225000,2.533343527
0.22230000,2.533343527
0.22235000,2.533343527
0.22240000,2.533343527
0.22245000,2.533343527
0.22250000,2.533343527
0.22255000,2.533343527
0.22260000,2.533343527
0.22265000,2.533343527
0.22270000,2.533343527
0.22275000,2.533343527
0.22280000,2.533343527
0.22285000,2.533343527
0.22290000,2.533343527
0.22295000,2.533343527
0.22300000,2.533343527
0.22305000,2.533343527
0.22310000,2.533343527
0.22315000,2.533343527
0.22320000,2.533343527
0.22325000,2.533343527
0.22330000,2.533343527
0.22335000,2.533343527
0.22340000,2.533343527
0.22345000,2.533343527
0.22350000,2.533343527
0.22355000,2.533343527
0.22360000,2.533343527
0.22365000,2.533343527
0.22370000,2.533343527
0.22375000,2.533343527
0.22380000,2.533343527
0.22385000,2.533343527
0.22390000,2.533343527
0.22395000,2.533343527
0.22400000,2.533343527
0.22405000,2.533343527
0.22410000,2.533343527
0.22415000,2.533343527
0.22420000,2.533343527
0.22425000,2.533343527
0.22430000,2.533343527
0.22435000,2.533343527
0.22440000,2.533343527
0.22445000,2.533343527
0.22450000,2.533343527
0.22455000,2.533343527
0.22460000,2.533343527
0.22465000,2.533343527
0.22470000,2.533343527
0.22475000,2.533343527
0.22480000,2.533343527
0.22485000,2.533343527
0.22490000,2.533343527
0.22495000,2.533343527
0.22500000,44.286656473
0.22505000,44.286656473
0.22510000,44.286656473
0.22515000,44.286656473
0.22520000,44.286656473
0.22525000,44.286656473
0.22530000,44.286656473
0.22535000,44.286656473
0.22540000,44.286656473
0.22545000,44.286656473
0.22550000,44.286656473
0.22555000,44.286656473
0.22560000,44.286656473
0.22565000,44.286656473
0.22570000,44.286656473
0.22575000,44.286656473
0.22580000,44.286656473
0.22585000,44.286656473
0.22590000,44.286656473
0.22595000,44.286656473
0.22600000,44.286656473
0.22605000,44.286656473
0.22610000,44.286656473
0.22615000,44.286656473
0.22620000,44.286656473
0.22625000,44.286656473
0.22630000,44.286656473
0.22635000,44.286656473
0.22640000,44.286656473
0.22645000,44.286656473
0.22650000,44.286656473
0.22655000,44.286656473
0.22660000,44.286656473
0.22665000,44.286656473
0.22670000,44.286656473
0.22675000,44.286656473
0.22680000,44.286656473
0.22685000,44.286656473
0.22690000,44.286656473
0.22695000,44.286656473
0.22700000,44.286656473
0.22705000,44.286656473
0.22710000,44.286656473
0.22715000,44.286656473
0.22720000,44.286656473
0.22725000,44.286656473
0.22730000,44.286656473
0.22735000,44.286656473
0.22740000,44.286656473
0.22745000,44.286656473
0.22750000,44.286656473
0.22755000,44.286656473
0.22760000,44.286656473
0.22765000,44.286656473
0.22770000,44.286656473
0.22775000,44.286656473
0.22780000,44.286656473
0.22785000,44.286656473
0.22790000,44.286656473
0.22795000,44.286656473
0.22800000,44.286656473
0.22805000,44.286656473
0.22810000,44.286656473
0.22815000,44.286656473
0.22820000,44.286656473
0.22825000,44.286656473
0.22830000,44.286656473
0.22835000,44.286656473
0.22840000,44.286656473
0.22845000,44.286656473
0.22850000,44.286656473
0.22855000,44.286656473
0.22860000,44.286656473
0.22865000,44.286656473
0.22870000,44.286656473
0.22875000,44.286656473
0.22880000,44.286656473
0.22885000,44.286656473
0.22890000,44.286656473
0.22895000,44.286656473
0.22900000,44.286656473
0.22905000,44.286656473
0.22910000,44.286656473
0.22915000,44.286656473
0.22920000,44.286656473
0.22925000,44.286656473
0.22930000,44.286656473
0.22935000,44.286656473
0.22940000,44.286656473
0.22945000,44.286656473
0.22950000,44.286656473
0.22955000,44.286656473
0.22960000,44.286656473
0.22965000,44.286656473
0.22970000,44.286656473
0.22975000,44.286656473
0.22980000,44.286656473
0.22985000,44.286656473
0.22990000,44.286656473
0.22995000,44.286656473
0.23000000,44.286656473
0.23005000,44.286656473
0.23010000,44.286656473
0.23015000,44.286656473
0.23020000,44.286656473
0.23025000,44.286656473
0.23030000,44.286656473
0.23035000,44.286656473
0.23040000,44.286656473
0.23045000,44.286656473
0.23050000,44.286656473
0.23055000,44.286656473
0.23060000,44.286656473
0.23065000,44.286656473
0.23070000,44.286656473
0.23075000,44.286656473
0.23080000,44.286656473
0.23085000,44.286656473
0.23090000,44.286656473
0.23095000,44.286656473
0.23100000,44.286656473
0.23105000,44.286656473
0.23110000,44.286656473
0.23115000,44.286656473
0.23120000,44.286656473
0.23125000,44.286656473
0.23130000,44.286656473
0.23135000,44.286656473
0.23140000,44.286656473
0.23145000,44.286656473
0.23150000,44.286656473
0.23155000,44.286656473
0.23160000,44.286656473
0.23165000,44.286656473
0.23170000,44.286656473
0.23175000,44.286656473
0.23180000,44.286656473
0.23185000,44.286656473
0.23190000,44.286656473
0.23195000,44.286656473
0.23200000,44.286656473
0.23205000,44.286656473
0.23210000,44.286656473
0.23215000,44.286656473
0.23220000,44.286656473
0.23225000,44.286656473
0.23230000,44.286656473
0.23235000,44.286656473
0.23240000,44.286656473
0.23245000,44.286656473
0.23250000,44.286656473
0.23255000,44.286656473
0.23260000,44.286656473
0.23265000,44.286656473
0.23270000,44.286656473
0.23275000,44.286656473
0.23280000,44.286656473
0.23285000,44.286656473
0.23290000,44.286656473
0.23295000,44.286656473
0.23300000,44.286656473
0.23305000,44.286656473
0.23310000,44.286656473
0.23315000,44.286656473
0.23320000,44.286656473
0.23325000,44.286656473
0.23330000,44.286656473
0.23335000,44.286656473
0.23340000,44.286656473
0.23345000,44.286656473
0.23350000,44.286656473
0.23355000,44.286656473
0.23360000,44.286656473
0.23365000,44.286656473
0.23370000,44.286656473
0.23375000,44.286656473
0.23380000,44.286656473
0.23385000,44.286656473
0.23390000,44.286656473
0.23395000,44.286656473
0.23400000,44.286656473
0.23405000,44.286656473
0.23410000,44.286656473
0.23415000,44.286656473
0.23420000,44.286656473
0.23425000,44.286656473
0.23430000,44.286656473
0.23435000,44.286656473
0.23440000,44.286656473
0.23445000,44.286656473
0.23450000,44.286656473
0.23455000,44.286656473
0.23460000,44.286656473
0.23465000,44.286656473
0.23470000,44.286656473
0.23475000,44.286656473
0.23480000,44.286656473
0.23485000,44.286656473
0.23490000,44.286656473
0.23495000,44.286656473
0.23500000,44.286656473
0.23505000,44.286656473
0.23510000,44.286656473
0.23515000,44.286656473
0.23520000,44.286656473
0.23525000,44.286656473
0.23530000,44.286656473
0.23535000,44.286656473
0.23540000,44.286656473
0.23545000,44.286656473
0.23550000,44.286656473
0.23555000,44.286656473
0.23560000,44.286656473
0.23565000,44.286656473
0.23570000,44.286656473
0.23575000,44.286656473
0.23580000,44.286656473
0.23585000,44.286656473
0.23590000,44.286656473
0.23595000,44.286656473
0.23600000,44.286656473
0.23605000,44.286656473
0.23610000,44.286656473
0.23615000,44.286656473
0.23620000,44.286656473
0.23625000,44.286656473
0.23630000,44.286656473
0.23635000,44.286656473
0.23640000,44.286656473
0.23645000,44.286656473
0.23650000,44.286656473
0.23655000,44.286656473
0.23660000,44.286656473
0.23665000,44.286656473
0.23670000,44.286656473
0.23675000,44.286656473
0.23680000,44.286656473
0.23685000,44.286656473
0.23690000,44.286656473
0.23695000,44.286656473
0.23700000,44.286656473
0.23705000,44.286656473
0.23710000,44.286656473
0.23715000,44.286656473
0.23720000,44.286656473
0.23725000,44.286656473
0.23730000,44.286656473
0.23735000,44.286656473
0.23740000,44.286656473
0.23745000,44.286656473
0.23750000,44.286656473
0.23755000,44.286656473
0.23760000,44.286656473
0.23765000,44.286656473
0.23770000,44.286656473
0.23775000,44.286656473
0.23780000,44.286656473
0.23785000,44.286656473
0.23790000,44.286656473
0.23795000,44.286656473
0.23800000,44.286656473
0.23805000,44.286656473
0.23810000,44.286656473
0.23815000,44.286656473
0.23820000,44.286656473
0.23825000,44.286656473
0.23830000,44.286656473
0.23835000,44.286656473
0.23840000,44.286656473
0.23845000,44.286656473
0.23850000,44.286656473
0.23855000,44.286656473
0.23860000,44.286656473
0.23865000,44.286656473
0.23870000,44.286656473
0.23875000,44.286656473
0.23880000,44.286656473
0.23885000,44.286656473
0.23890000,44.286656473
0.23895000,44.286656473
0.23900000,44.286656473
0.23905000,44.286656473
0.23910000,44.286656473
0.23915000,44.286656473
0.23920000,44.286656473
0.23925000,44.286656473
0.23930000,44.286656473
0.23935000,44.286656473
0.23940000,44.286656473
0.23945000,44.286656473
0.23950000,44.286656473
0.23955000,44.286656473
0.23960000,44.286656473
0.23965000,44.286656473
0.23970000,44.286656473
0.23975000,44.286656473
0.23980000,44.286656473
0.23985000,44.286656473
0.23990000,44.286656473
0.23995000,44.286656473
0.24000000,44.286656473
0.24005000,44.286656473
0.24010000,44.286656473
0.24015000,44.286656473
0.24020000,44.286656473
0.24025000,44.286656473
0.24030000,44.286656473
0.24035000,44.286656473
0.24040000,44.286656473
0.24045000,44.286656473
0.24050000,44.286656473
0.24055000,44.286656473
0.24060000,44.286656473
0.24065000,44.286656473
0.24070000,44.286656473
0.24075000,44.286656473
0.24080000,44.286656473
0.24085000,44.286656473
0.24090000,44.286656473
0.24095000,44.286656473
0.24100000,44.286656473
0.24105000,44.286656473
0.24110000,44.286656473
0.24115000,44.286656473
0.24120000,44.286656473
0.24125000,44.286656473
0.24130000,44.286656473
0.24135000,44.286656473
0.24140000,44.286656473
0.24145000,44.286656473
0.24150000,44.286656473
0.24155000,44.286656473
0.24160000,44.286656473
0.24165000,44.286656473
0.24170000,44.286656473
0.24175000,44.286656473
0.24180000,44.286656473
0.24185000,44.286656473
0.24190000,44.286656473
0.24195000,44.286656473
0.24200000,44.286656473
0.24205000,44.286656473
0.24210000,44.286656473
0.24215000,44.286656473
0.24220000,44.286656473
0.24225000,44.286656473
0.24230000,44.286656473
0.24235000,44.286656473
0.24240000,44.286656473
0.24245000,44.286656473
0.24250000,44.286656473
0.24255000,44.286656473
0.24260000,44.286656473
0.24265000,44.286656473
0.24270000,44.286656473
0.24275000,44.286656473
0.24280000,44.286656473
0.24285000,44.286656473
0.24290000,44.286656473
0.24295000,44.286656473
0.24300000,44.286656473
0.24305000,44.286656473
0.24310000,44.286656473
0.24315000,44.286656473
0.24320000,44.286656473
0.24325000,44.286656473
0.24330000,44.286656473
0.24335000,44.286656473
0.24340000,44.286656473
0.24345000,44.286656473
0.24350000,44.286656473
0.24355000,44.286656473
0.24360000,44.286656473
0.24365000,44.286656473
0.24370000,44.286656473
0.24375000,44.286656473
0.24380000,44.286656473
0.24385000,44.286656473
0.24390000,44.286656473
0.24395000,44.286656473
0.24400000,44.286656473
0.24405000,44.286656473
0.24410000,44.286656473
0.24415000,44.286656473
0.24420000,44.286656473
0.24425000,44.286656473
0.24430000,44.286656473
0.24435000,44.286656473
0.24440000,44.286656473
0.24445000,44.286656473
0.24450000,44.286656473
0.24455000,44.286656473
0.24460000,44.286656473
0.24465000,44.286656473
0.24470000,44.286656473
0.24475000,44.286656473
0.24480000,44.286656473
0.24485000,44.286656473
0.24490000,44.286656473
0.24495000,44.286656473
0.24500000,44.286656473
0.24505000,44.286656473
0.24510000,44.286656473
0.24515000,44.286656473
0.24520000,44.286656473
0.24525000,44.286656473
0.24530000,44.286656473
0.24535000,44.286656473
0.24540000,44.286656473
0.24545000,44.286656473
0.24550000,44.286656473
0.24555000,44.286656473
0.24560000,44.286656473
0.24565000,44.286656473
0.24570000,44.286656473
0.24575000,44.286656473
0.24580000,44.286656473
0.24585000,44.286656473
0.24590000,44.286656473
0.24595000,44.286656473
0.24600000,44.286656473
0.24605000,44.286656473
0.24610000,44.286656473
0.24615000,44.286656473
0.24620000,44.286656473
0.24625000,44.286656473
0.24630000,44.286656473
0.24635000,44.286656473
0.24640000,44.286656473
0.24645000,44.286656473
0.24650000,44.286656473
0.24655000,44.286656473
0.24660000,44.286656473
0.24665000,44.286656473
0.24670000,44.286656473
0.24675000,44.286656473
0.24680000,44.286656473
0.24685000,44.286656473
0.24690000,44.286656473
0.24695000,44.286656473
0.24700000,44.286656473
0.24705000,44.286656473
0.24710000,44.286656473
0.24715000,44.286656473
0.24720000,44.286656473
0.24725000,44.286656473
0.24730000,44.286656473
0.24735000,44.286656473
0.24740000,44.286656473
0.24745000,44.286656473
0.24750000,44.286656473
0.24755000,44.286656473
0.24760000,44.286656473
0.24765000,44.286656473
0.24770000,44.286656473
0.24775000,44.286656473
0.24780000,44.286656473
0.24785000,44.286656473
0.24790000,44.286656473
0.24795000,44.286656473
0.24800000,44.286656473
0.24805000,44.286656473
0.24810000,44.286656473
0.24815000,44.286656473
0.24820000,44.286656473
0.24825000,44.286656473
0.24830000,44.286656473
0.24835000,44.286656473
0.24840000,44.286656473
0.24845000,44.286656473
0.24850000,44.286656473
0.24855000,44.286656473
0.24860000,44.286656473
0.24865000,44.286656473
0.24870000,44.286656473
0.24875000,44.286656473
0.24880000,44.286656473
0.24885000,44.286656473
0.24890000,44.286656473
0.24895000,44.286656473
0.24900000,44.286656473
0.24905000,44.286656473
0.24910000,44.286656473
0.24915000,44.286656473
0.24920000,44.286656473
0.24925000,44.286656473
0.24930000,44.286656473
0.24935000,44.286656473
0.24940000,44.286656473
0.24945000,44.286656473
0.24950000,44.286656473
0.24955000,44.286656473
0.24960000,44.286656473
0.24965000,44.286656473
0.24970000,44.286656473
0.24975000,44.286656473
0.24980000,44.286656473
0.24985000,44.286656473
0.24990000,44.286656473
0.24995000,44.286656473
0.25000000,44.286656473
0.25005000,44.286656473
0.25010000,44.286656473
0.25015000,44.286656473
0.25020000,44.286656473
0.25025000,44.286656473
0.25030000,44.286656473
0.25035000,44.286656473
0.25040000,44.286656473
0.25045000,44.286656473
0.25050000,44.286656473
0.25055000,44.286656473
0.25060000,44.286656473
0.25065000,44.286656473
0.25070000,44.286656473
0.25075000,44.286656473
0.25080000,44.286656473
0.25085000,44.286656473
0.25090000,44.286656473
0.25095000,44.286656473
0.25100000,44.286656473
0.25105000,44.286656473
0.25110000,44.286656473
0.25115000,44.286656473
0.25120000,44.286656473
0.25125000,44.286656473
0.25130000,44.286656473
0.25135000,44.286656473
0.25140000,44.286656473
0.25145000,44.286656473
0.25150000,44.286656473
0.25155000,44.286656473
0.25160000,44.286656473
0.25165000,44.286656473
0.25170000,44.286656473
0.25175000,44.286656473
0.25180000,44.286656473
0.25185000,44.286656473
0.25190000,44.286656473
0.25195000,44.286656473
0.25200000,44.286656473
0.25205000,44.286656473
0.25210000,44.286656473
0.25215000,44.286656473
0.25220000,44.286656473
0.25225000,44.286656473
0.25230000,44.286656473
0.25235000,44.286656473
0.25240000,44.286656473
0.25245000,44.286656473
0.25250000,44.286656473
0.25255000,44.286656473
0.25260000,44.286656473
0.25265000,44.286656473
0.25270000,44.286656473
0.25275000,44.286656473
0.25280000,44.286656473
0.25285000,44.286656473
0.25290000,44.286656473
0.25295000,44.286656473
0.25300000,44.286656473
0.25305000,44.286656473
0.25310000,44.286656473
0.25315000,44.286656473
0.25320000,44.286656473
0.25325000,44.286656473
0.25330000,44.286656473
0.25335000,44.286656473
0.25340000,44.286656473
0.25345000,44.286656473
0.25350000,44.286656473
0.25355000,44.286656473
0.25360000,44.286656473
0.25365000,44.286656473
0.25370000,44.286656473
0.25375000,44.286656473
0.25380000,44.286656473
0.25385000,44.286656473
0.25390000,44.286656473
0.25395000,44.286656473
0.25400000,44.286656473
0.25405000,44.286656473
0.25410000,44.286656473
0.25415000,44.286656473
0.25420000,44.286656473
0.25425000,44.286656473
0.25430000,44.286656473
0.25435000,44.286656473
0.25440000,44.286656473
0.25445000,44.286656473
0.25450000,44.286656473
0.25455000,44.286656473
0.25460000,44.286656473
0.25465000,44.286656473
0.25470000,44.286656473
0.25475000,44.286656473
0.25480000,44.286656473
0.25485000,44.286656473
0.25490000,44.286656473
0.25495000,44.286656473
0.25500000,44.286656473
0.25505000,44.286656473
0.25510000,44.286656473
0.25515000,44.286656473
0.25520000,44.286656473
0.25525000,44.286656473
0.25530000,44.286656473
0.25535000,44.286656473
0.25540000,44.286656473
0.25545000,44.286656473
0.25550000,44.286656473
0.25555000,44.286656473
0.25560000,44.286656473
0.25565000,44.286656473
0.25570000,44.286656473
0.25575000,44.286656473
0.25580000,44.286656473
0.25585000,44.286656473
0.25590000,44.286656473
0.25595000,44.286656473
0.25600000,44.286656473
0.25605000,44.286656473
0.25610000,44.286656473
0.25615000,44.286656473
0.25620000,44.286656473
0.25625000,44.286656473
0.25630000,44.286656473
0.25635000,44.286656473
0.25640000,44.286656473
0.25645000,44.286656473
0.25650000,44.286656473
0.25655000,44.286656473
0.25660000,44.286656473
0.25665000,44.286656473
0.25670000,44.286656473
0.25675000,44.286656473
0.25680000,44.286656473
0.25685000,44.286656473
0.25690000,44.286656473
0.25695000,44.286656473
0.25700000,44.286656473
0.25705000,44.286656473
0.25710000,44.286656473
0.25715000,44.286656473
0.25720000,44.286656473
0.25725000,44.286656473
0.25730000,44.286656473
0.25735000,44.286656473
0.25740000,44.286656473
0.25745000,44.286656473
0.25750000,44.286656473
0.25755000,44.286656473
0.25760000,44.286656473
0.25765000,44.286656473
0.25770000,44.286656473
0.25775000,44.286656473
0.25780000,44.286656473
0.25785000,44.286656473
0.25790000,44.286656473
0.25795000,44.286656473
0.25800000,44.286656473
0.25805000,44.286656473
0.25810000,44.286656473
0.25815000,44.286656473
0.25820000,44.286656473
0.25825000,44.286656473
0.25830000,44.286656473
0.25835000,44.286656473
0.25840000,44.286656473
0.25845000,44.286656473
0.25850000,44.286656473
0.25855000,44.286656473
0.25860000,44.286656473
0.25865000,44.286656473
0.25870000,44.286656473
0.25875000,44.286656473
0.25880000,44.286656473
0.25885000,44.286656473
0.25890000,44.286656473
0.25895000,44.286656473
0.25900000,44.286656473
0.25905000,44.286656473
0.25910000,44.286656473
0.25915000,44.286656473
0.25920000,44.286656473
0.25925000,44.286656473
0.25930000,44.286656473
0.25935000,44.286656473
0.25940000,44.286656473
0.25945000,44.286656473
0.25950000,44.286656473
0.25955000,44.286656473
0.25960000,44.286656473
0.25965000,44.286656473
0.25970000,44.286656473
0.25975000,44.286656473
0.25980000,44.286656473
0.25985000,44.286656473
0.25990000,44.286656473
0.25995000,44.286656473
0.26000000,44.286656473
0.26005000,44.286656473
0.26010000,44.286656473
0.26015000,44.286656473
0.26020000,44.286656473
0.26025000,44.286656473
0.26030000,44.286656473
0.26035000,44.286656473
0.26040000,44.286656473
0.26045000,44.286656473
0.26050000,44.286656473
0.26055000,44.286656473
0.26060000,44.286656473
0.26065000,44.286656473
0.26070000,44.286656473
0.26075000,44.286656473
0.26080000,44.286656473
0.26085000,44.286656473
0.26090000,44.286656473
0.26095000,44.286656473
0.26100000,44.286656473
0.26105000,44.286656473
0.26110000,44.286656473
0.26115000,44.286656473
0.26120000,44.286656473
0.26125000,44.286656473
0.26130000,44.286656473
0.26135000,44.286656473
0.26140000,44.286656473
0.26145000,44.286656473
0.26150000,44.286656473
0.26155000,44.286656473
0.26160000,44.286656473
0.26165000,44.286656473
0.26170000,44.286656473
0.26175000,44.286656473
0.26180000,44.286656473
0.26185000,44.286656473
0.26190000,44.286656473
0.26195000,44.286656473
0.26200000,44.286656473
0.26205000,44.286656473
0.26210000,44.286656473
0.26215000,44.286656473
0.26220000,44.286656473
0.26225000,44.286656473
0.26230000,44.286656473
0.26235000,44.286656473
0.26240000,44.286656473
0.26245000,44.286656473
0.26250000,44.286656473
0.26255000,44.286656473
0.26260000,44.286656473
0.26265000,44.286656473
0.26270000,44.286656473
0.26275000,44.286656473
0.26280000,44.286656473
0.26285000,44.286656473
0.26290000,44.286656473
0.26295000,44.286656473
0.26300000,44.286656473
0.26305000,44.286656473
0.26310000,44.286656473
0.26315000,44.286656473
0.26320000,44.286656473
0.26325000,44.286656473
0.26330000,44.286656473
0.26335000,44.286656473
0.26340000,44.286656473
0.26345000,44.286656473
0.26350000,44.286656473
0.26355000,44.286656473
0.26360000,44.286656473
0.26365000,44.286656473
0.26370000,44.286656473
0.26375000,44.286656473
0.26380000,44.286656473
0.26385000,44.286656473
0.26390000,44.286656473
0.26395000,44.286656473
0.26400000,44.286656473
0.26405000,44.286656473
0.26410000,44.286656473
0.26415000,44.286656473
0.26420000,44.286656473
0.26425000,44.286656473
0.26430000,44.286656473
0.26435000,44.286656473
0.26440000,44.286656473
0.26445000,44.286656473
0.26450000,44.286656473
0.26455000,44.286656473
0.26460000,44.286656473
0.26465000,44.286656473
0.26470000,44.286656473
0.26475000,44.286656473
0.26480000,44.286656473
0.26485000,44.286656473
0.26490000,44.286656473
0.26495000,44.286656473
0.26500000,44.286656473
0.26505000,44.286656473
0.26510000,44.286656473
0.26515000,44.286656473
0.26520000,44.286656473
0.26525000,44.286656473
0.26530000,44.286656473
0.26535000,44.286656473
0.26540000,44.286656473
0.26545000,44.286656473
0.26550000,44.286656473
0.26555000,44.286656473
0.26560000,44.286656473
0.26565000,44.286656473
0.26570000,44.286656473
0.26575000,44.286656473
0.26580000,44.286656473
0.26585000,44.286656473
0.26590000,44.286656473
0.26595000,44.286656473
0.26600000,44.286656473
0.26605000,44.286656473
0.26610000,44.286656473
0.26615000,44.286656473
0.26620000,44.286656473
0.26625000,44.286656473
0.26630000,44.286656473
0.26635000,44.286656473
0.26640000,44.286656473
0.26645000,44.286656473
0.26650000,44.286656473
0.26655000,44.286656473
0.26660000,44.286656473
0.26665000,44.286656473
0.26670000,44.286656473
0.26675000,44.286656473
0.26680000,44.286656473
0.26685000,44.286656473
0.26690000,44.286656473
0.26695000,44.286656473
0.26700000,44.286656473
0.26705000,44.286656473
0.26710000,44.286656473
0.26715000,44.286656473
0.26720000,44.286656473
0.26725000,44.286656473
0.26730000,44.286656473
0.26735000,44.286656473
0.26740000,44.286656473
0.26745000,44.286656473
0.26750000,44.286656473
0.26755000,44.286656473
0.26760000,44.286656473
0.26765000,44.286656473
0.26770000,44.286656473
0.26775000,44.286656473
0.26780000,44.286656473
0.26785000,44.286656473
0.26790000,44.286656473
0.26795000,44.286656473
0.26800000,44.286656473
0.26805000,44.286656473
0.26810000,44.286656473
0.26815000,44.286656473
0.26820000,44.286656473
0.26825000,44.286656473
0.26830000,44.286656473
0.26835000,44.286656473
0.26840000,44.286656473
0.26845000,44.286656473
0.26850000,44.286656473
0.26855000,44.286656473
0.26860000,44.286656473
0.26865000,44.286656473
0.26870000,44.286656473
0.26875000,44.286656473
0.26880000,44.286656473
0.26885000,44.286656473
0.26890000,44.286656473
0.26895000,44.286656473
0.26900000,44.286656473
0.26905000,44.286656473
0.26910000,44.286656473
0.26915000,44.286656473
0.26920000,44.286656473
0.26925000,44.286656473
0.26930000,44.286656473
0.26935000,44.286656473
0.26940000,44.286656473
0.26945000,44.286656473
0.26950000,44.286656473
0.26955000,44.286656473
0.26960000,44.286656473
0.26965000,44.286656473
0.26970000,44.286656473
0.26975000,44.286656473
0.26980000,44.286656473
0.26985000,44.286656473
0.26990000,44.286656473
0.26995000,44.286656473
0.27000000,44.286656473
0.27005000,44.286656473
0.27010000,44.286656473
0.27015000,44.286656473
0.27020000,44.286656473
0.27025000,44.286656473
0.27030000,44.286656473
0.27035000,44.286656473
0.27040000,44.286656473
0.27045000,44.286656473
0.27050000,44.286656473
0.27055000,44.286656473
0.27060000,44.286656473
0.27065000,44.286656473
0.27070000,44.286656473
0.27075000,44.286656473
0.27080000,44.286656473
0.27085000,44.286656473
0.27090000,44.286656473
0.27095000,44.286656473
0.27100000,44.286656473
0.27105000,44.286656473
0.27110000,44.286656473
0.27115000,44.286656473
0.27120000,44.286656473
0.27125000,44.286656473
0.27130000,44.286656473
0.27135000,44.286656473
0.27140000,44.286656473
0.27145000,44.286656473
0.27150000,44.286656473
0.27155000,44.286656473
0.27160000,44.286656473
0.27165000,44.286656473
0.27170000,44.286656473
0.27175000,44.286656473
0.27180000,44.286656473
0.27185000,44.286656473
0.27190000,44.286656473
0.27195000,44.286656473
0.27200000,44.286656473
0.27205000,44.286656473
0.27210000,44.286656473
0.27215000,44.286656473
0.27220000,44.286656473
0.27225000,44.286656473
0.27230000,44.286656473
0.27235000,44.286656473
0.27240000,44.286656473
0.27245000,44.286656473
0.27250000,44.286656473
0.27255000,44.286656473
0.27260000,44.286656473
0.27265000,44.286656473
0.27270000,44.286656473
0.27275000,44.286656473
0.27280000,44.286656473
0.27285000,44.286656473
0.27290000,44.286656473
0.27295000,44.286656473
0.27300000,44.286656473
0.27305000,44.286656473
0.27310000,44.286656473
0.27315000,44.286656473
0.27320000,44.286656473
0.27325000,44.286656473
0.27330000,44.286656473
0.27335000,44.286656473
0.27340000,44.286656473
0.27345000,44.286656473
0.27350000,44.286656473
0.27355000,44.286656473
0.27360000,44.286656473
0.27365000,44.286656473
0.27370000,44.286656473
0.27375000,44.286656473
0.27380000,44.286656473
0.27385000,44.286656473
0.27390000,44.286656473
0.27395000,44.286656473
0.27400000,44.286656473
0.27405000,44.286656473
0.27410000,44.286656473
0.27415000,44.286656473
0.27420000,44.286656473
0.27425000,44.286656473
0.27430000,44.286656473
0.27435000,44.286656473
0.27440000,44.286656473
0.27445000,44.286656473
0.27450000,44.286656473
0.27455000,44.286656473
0.27460000,44.286656473
0.27465000,44.286656473
0.27470000,44.286656473
0.27475000,44.286656473
0.27480000,44.286656473
0.27485000,44.286656473
0.27490000,44.286656473
0.27495000,44.286656473
0.27500000,44.286656473
0.27505000,44.286656473
0.27510000,44.286656473
0.27515000,44.286656473
0.27520000,44.286656473
0.27525000,44.286656473
0.27530000,44.286656473
0.27535000,44.286656473
0.27540000,44.286656473
0.27545000,44.286656473
0.27550000,44.286656473
0.27555000,44.286656473
0.27560000,44.286656473
0.27565000,44.286656473
0.27570000,44.286656473
0.27575000,44.286656473
0.27580000,44.286656473
0.27585000,44.286656473
0.27590000,44.286656473
0.27595000,44.286656473
0.27600000,44.286656473
0.27605000,44.286656473
0.27610000,44.286656473
0.27615000,44.286656473
0.27620000,44.286656473
0.27625000,44.286656473
0.27630000,44.286656473
0.27635000,44.286656473
0.27640000,44.286656473
0.27645000,44.286656473
0.27650000,44.286656473
0.27655000,44.286656473
0.27660000,44.286656473
0.27665000,44.286656473
0.27670000,44.286656473
0.27675000,44.286656473
0.27680000,44.286656473
0.27685000,44.286656473
0.27690000,44.286656473
0.27695000,44.286656473
0.27700000,44.286656473
0.27705000,44.286656473
0.27710000,44.286656473
0.27715000,44.286656473
0.27720000,44.286656473
0.27725000,44.286656473
0.27730000,44.286656473
0.27735000,44.286656473
0.27740000,44.286656473
0.27745000,44.286656473
0.27750000,44.286656473
0.27755000,44.286656473
0.27760000,44.286656473
0.27765000,44.286656473
0.27770000,44.286656473
0.27775000,44.286656473
0.27780000,44.286656473
0.27785000,44.286656473
0.27790000,44.286656473
0.27795000,44.286656473
0.27800000,44.286656473
0.27805000,44.286656473
0.27810000,44.286656473
0.27815000,44.286656473
0.27820000,44.286656473
0.27825000,44.286656473
0.27830000,44.286656473
0.27835000,44.286656473
0.27840000,44.286656473
0.27845000,44.286656473
0.27850000,44.286656473
0.27855000,44.286656473
0.27860000,44.286656473
0.27865000,44.286656473
0.27870000,44.286656473
0.27875000,44.286656473
0.27880000,44.286656473
0.27885000,44.286656473
0.27890000,44.286656473
0.27895000,44.286656473
0.27900000,44.286656473
0.27905000,44.286656473
0.27910000,44.286656473
0.27915000,44.286656473
0.27920000,44.286656473
0.27925000,44.286656473
0.27930000,44.286656473
0.27935000,44.286656473
0.27940000,44.286656473
0.27945000,44.286656473
0.27950000,44.286656473
0.27955000,44.286656473
0.27960000,44.286656473
0.27965000,44.286656473
0.27970000,44.286656473
0.27975000,44.286656473
0.27980000,44.286656473
0.27985000,44.286656473
0.27990000,44.286656473
0.27995000,44.286656473
0.28000000,44.286656473
0.28005000,44.286656473
0.28010000,44.286656473
0.28015000,44.286656473
0.28020000,44.286656473
0.28025000,44.286656473
0.28030000,44.286656473
0.28035000,44.286656473
0.28040000,44.286656473
0.28045000,44.286656473
0.28050000,44.286656473
0.28055000,44.286656473
0.28060000,44.286656473
0.28065000,44.286656473
0.28070000,44.286656473
0.28075000,44.286656473
0.28080000,44.286656473
0.28085000,44.286656473
0.28090000,44.286656473
0.28095000,44.286656473
0.28100000,44.286656473
0.28105000,44.286656473
0.28110000,44.286656473
0.28115000,44.286656473
0.28120000,44.286656473
0.28125000,2.533343527
0.28130000,2.533343527
0.28135000,2.533343527
0.28140000,2.533343527
0.28145000,2.533343527
0.28150000,2.533343527
0.28155000,2.533343527
0.28160000,2.533343527
0.28165000,2.533343527
0.28170000,2.533343527
0.28175000,2.533343527
0.28180000,2.533343527
0.28185000,2.533343527
0.28190000,2.533343527
0.28195000,2.533343527
0.28200000,2.533343527
0.28205000,2.533343527
0.28210000,2.533343527
0.28215000,2.533343527
0.28220000,2.533343527
0.28225000,2.533343527
0.28230000,2.533343527
0.28235000,2.533343527
0.28240000,2.533343527
0.28245000,2.533343527
0.28250000,2.533343527
0.28255000,2.533343527
0.28260000,2.533343527
0.28265000,2.533343527
0.28270000,2.533343527
0.28275000,2.533343527
0.28280000,2.533343527
0.28285000,2.533343527
0.28290000,2.533343527
0.28295000,2.533343527
0.28300000,2.533343527
0.28305000,2.533343527
0.28310000,2.533343527
0.28315000,2.533343527
0.28320000,2.533343527
0.28325000,2.533343527
0.28330000,2.533343527
0.28335000,2.533343527
0.28340000,2.533343527
0.28345000,2.533343527
0.28350000,2.533343527
0.28355000,2.533343527
0.28360000,2.533343527
0.28365000,2.533343527
0.28370000,2.533343527
0.28375000,2.533343527
0.28380000,2.533343527
0.28385000,2.533343527
0.28390000,2.533343527
0.28395000,2.533343527
0.28400000,2.533343527
0.28405000,2.533343527
0.28410000,2.533343527
0.28415000,2.533343527
0.28420000,2.533343527
0.28425000,2.533343527
0.28430000,2.533343527
0.28435000,2.533343527
0.28440000,2.533343527
0.28445000,2.533343527
0.28450000,2.533343527
0.28455000,2.533343527
0.28460000,2.533343527
0.28465000,2.533343527
0.28470000,2.533343527
0.28475000,2.533343527
0.28480000,2.533343527
0.28485000,2.533343527
0.28490000,2.533343527
0.28495000,2.533343527
0.28500000,2.533343527
0.28505000,2.533343527
0.28510000,2.533343527
0.28515000,2.533343527
0.28520000,2.533343527
0.28525000,2.533343527
0.28530000,2.533343527
0.28535000,2.533343527
0.28540000,2.533343527
0.28545000,2.533343527
0.28550000,2.533343527
0.28555000,2.533343527
0.28560000,2.533343527
0.28565000,2.533343527
0.28570000,2.533343527
0.28575000,2.533343527
0.28580000,2.533343527
0.28585000,2.533343527
0.28590000,2.533343527
0.28595000,2.533343527
0.28600000,2.533343527
0.28605000,2.533343527
0.28610000,2.533343527
0.28615000,2.533343527
0.28620000,2.533343527
0.28625000,2.533343527
0.28630000,2.533343527
0.28635000,2.533343527
0.28640000,2.533343527
0.28645000,2.533343527
0.28650000,2.533343527
0.28655000,2.533343527
0.28660000,2.533343527
0.28665000,2.533343527
0.28670000,2.533343527
0.28675000,2.533343527
0.28680000,2.533343527
0.28685000,2.533343527
0.28690000,2.533343527
0.28695000,2.533343527
0.28700000,2.533343527
0.28705000,2.533343527
0.28710000,2.533343527
0.28715000,2.533343527
0.28720000,2.533343527
0.28725000,2.533343527
0.28730000,2.533343527
0.28735000,2.533343527
0.28740000,2.533343527
0.28745000,2.533343527
0.28750000,2.533343527
0.28755000,2.533343527
0.28760000,2.533343527
0.28765000,2.533343527
0.28770000,2.533343527
0.28775000,2.533343527
0.28780000,2.533343527
0.28785000,2.533343527
0.28790000,2.533343527
0.28795000,2.533343527
0.28800000,2.533343527
0.28805000,2.533343527
0.28810000,2.533343527
0.28815000,2.533343527
0.28820000,2.533343527
0.28825000,2.533343527
0.28830000,2.533343527
0.28835000,2.533343527
0.28840000,2.533343527
0.28845000,2.533343527
0.28850000,2.533343527
0.28855000,2.533343527
0.28860000,2.533343527
0.28865000,2.533343527
0.28870000,2.533343527
0.28875000,2.533343527
0.28880000,2.533343527
0.28885000,2.533343527
0.28890000,2.533343527
0.28895000,2.533343527
0.28900000,2.533343527
0.28905000,2.533343527
0.28910000,2.533343527
0.28915000,2.533343527
0.28920000,2.533343527
0.28925000,2.533343527
0.28930000,2.533343527
0.28935000,2.533343527
0.28940000,2.533343527
0.28945000,2.533343527
0.28950000,2.533343527
0.28955000,2.533343527
0.28960000,2.533343527
0.28965000,2.533343527
0.28970000,2.533343527
0.28975000,2.533343527
0.28980000,2.533343527
0.28985000,2.533343527
0.28990000,2.533343527
0.28995000,2.533343527
0.29000000,2.533343527
0.29005000,2.533343527
0.29010000,2.533343527
0.29015000,2.533343527
0.29020000,2.533343527
0.29025000,2.533343527
0.29030000,2.533343527
0.29035000,2.533343527
0.29040000,2.533343527
0.29045000,2.533343527
0.29050000,2.533343527
0.29055000,2.533343527
0.29060000,2.533343527
0.29065000,2.533343527
0.29070000,2.533343527
0.29075000,2.533343527
0.29080000,2.533343527
0.29085000,2.533343527
0.29090000,2.533343527
0.29095000,2.533343527
0.29100000,2.533343527
0.29105000,2.533343527
0.29110000,2.533343527
0.29115000,2.533343527
0.29120000,2.533343527
0.29125000,2.533343527
0.29130000,2.533343527
0.29135000,2.533343527
0.29140000,2.533343527
0.29145000,2.533343527
0.29150000,2.533343527
0.29155000,2.533343527
0.29160000,2.533343527
0.29165000,2.533343527
0.29170000,2.533343527
0.29175000,2.533343527
0.29180000,2.533343527
0.29185000,2.533343527
0.29190000,2.533343527
0.29195000,2.533343527
0.29200000,2.533343527
0.29205000,2.533343527
0.29210000,2.533343527
0.29215000,2.533343527
0.29220000,2.533343527
0.29225000,2.533343527
0.29230000,2.533343527
0.29235000,2.533343527
0.29240000,2.533343527
0.29245000,2.533343527
0.29250000,2.533343527
0.29255000,2.533343527
0.29260000,2.533343527
0.29265000,2.533343527
0.29270000,2.533343527
0.29275000,2.533343527
0.29280000,2.533343527
0.29285000,2.533343527
0.29290000,2.533343527
0.29295000,2.533343527
0.29300000,2.533343527
0.29305000,2.533343527
0.29310000,2.533343527
0.29315000,2.533343527
0.29320000,2.533343527
0.29325000,2.533343527
0.29330000,2.533343527
0.29335000,2.533343527
0.29340000,2.533343527
0.29345000,2.533343527
0.29350000,2.533343527
0.29355000,2.533343527
0.29360000,2.533343527
0.29365000,2.533343527
0.29370000,2.533343527
0.29375000,2.533343527
0.29380000,2.533343527
0.29385000,2.533343527
0.29390000,2.533343527
0.29395000,2.533343527
0.29400000,2.533343527
0.29405000,2.533343527
0.29410000,2.533343527
0.29415000,2.533343527
0.29420000,2.533343527
0.29425000,2.533343527
0.29430000,2.533343527
0.29435000,2.533343527
0.29440000,2.533343527
0.29445000,2.533343527
0.29450000,2.533343527
0.29455000,2.533343527
0.29460000,2.533343527
0.29465000,2.533343527
0.29470000,2.533343527
0.29475000,2.533343527
0.29480000,2.533343527
0.29485000,2.533343527
0.29490000,2.533343527
0.29495000,2.533343527
0.29500000,2.533343527
0.29505000,2.533343527
0.29510000,2.533343527
0.29515000,2.533343527
0.29520000,2.533343527
0.29525000,2.533343527
0.29530000,2.533343527
0.29535000,2.533343527
0.29540000,2.533343527
0.29545000,2.533343527
0.29550000,2.533343527
0.29555000,2.533343527
0.29560000,2.533343527
0.29565000,2.533343527
0.29570000,2.533343527
0.29575000,2.533343527
0.29580000,2.533343527
0.29585000,2.533343527
0.29590000,2.533343527
0.29595000,2.533343527
0.29600000,2.533343527
0.29605000,2.533343527
0.29610000,2.533343527
0.29615000,2.533343527
0.29620000,2.533343527
0.29625000,2.533343527
0.29630000,2.533343527
0.29635000,2.533343527
0.29640000,2.533343527
0.29645000,2.533343527
0.29650000,2.533343527
0.29655000,2.533343527
0.29660000,2.533343527
0.29665000,2.533343527
0.29670000,2.533343527
0.29675000,2.533343527
0.29680000,2.533343527
0.29685000,2.533343527
0.29690000,2.533343527
0.29695000,2.533343527
0.29700000,2.533343527
0.29705000,2.533343527
0.29710000,2.533343527
0.29715000,2.533343527
0.29720000,2.533343527
0.29725000,2.533343527
0.29730000,2.533343527
0.29735000,2.533343527
0.29740000,2.533343527
0.29745000,2.533343527
0.29750000,2.533343527
0.29755000,2.533343527
0.29760000,2.533343527
0.29765000,2.533343527
0.29770000,2.533343527
0.29775000,2.533343527
0.29780000,2.533343527
0.29785000,2.533343527
0.29790000,2.533343527
0.29795000,2.533343527
0.29800000,2.533343527
0.29805000,2.533343527
0.29810000,2.533343527
0.29815000,2.533343527
0.29820000,2.533343527
0.29825000,2.533343527
0.29830000,2.533343527
0.29835000,2.533343527
0.29840000,2.533343527
0.29845000,2.533343527
0.29850000,2.533343527
0.29855000,2.533343527
0.29860000,2.533343527
0.29865000,2.533343527
0.29870000,2.533343527
0.29875000,2.533343527
0.29880000,2.533343527
0.29885000,2.533343527
0.29890000,2.533343527
0.29895000,2.533343527
0.29900000,2.533343527
0.29905000,2.533343527
0.29910000,2.533343527
0.29915000,2.533343527
0.29920000,2.533343527
0.29925000,2.533343527
0.29930000,2.533343527
0.29935000,2.533343527
0.29940000,2.533343527
0.29945000,2.533343527
0.29950000,2.533343527
0.29955000,2.533343527
0.29960000,2.533343527
0.29965000,2.533343527
0.29970000,2.533343527
0.29975000,2.533343527
0.29980000,2.533343527
0.29985000,2.533343527
0.29990000,2.533343527
0.29995000,2.533343527
0.30000000,2.533343527
0.30005000,2.533343527
0.30010000,2.533343527
0.30015000,2.533343527
0.30020000,2.533343527
0.30025000,2.533343527
0.30030000,2.533343527
0.30035000,2.533343527
0.30040000,2.533343527
0.30045000,2.533343527
0.30050000,2.533343527
0.30055000,2.533343527
0.30060000,2.533343527
0.30065000,2.533343527
0.30070000,2.533343527
0.30075000,2.533343527
0.30080000,2.533343527
0.30085000,2.533343527
0.30090000,2.533343527
0.30095000,2.533343527
0.30100000,2.533343527
0.30105000,2.533343527
0.30110000,2.533343527
0.30115000,2.533343527
0.30120000,2.533343527
0.30125000,2.533343527
0.30130000,2.533343527
0.30135000,2.533343527
0.30140000,2.533343527
0.30145000,2.533343527
0.30150000,2.533343527
0.30155000,2.533343527
0.30160000,2.533343527
0.30165000,2.533343527
0.30170000,2.533343527
0.30175000,2.533343527
0.30180000,2.533343527
0.30185000,2.533343527
0.30190000,2.533343527
0.30195000,2.533343527
0.30200000,2.533343527
0.30205000,2.533343527
0.30210000,2.533343527
0.30215000,2.533343527
0.30220000,2.533343527
0.30225000,2.533343527
0.30230000,2.533343527
0.30235000,2.533343527
0.30240000,2.533343527
0.30245000,2.533343527
0.30250000,2.533343527
0.30255000,2.533343527
0.30260000,2.533343527
0.30265000,2.533343527
0.30270000,2.533343527
0.30275000,2.533343527
0.30280000,2.533343527
0.30285000,2.533343527
0.30290000,2.533343527
0.30295000,2.533343527
0.30300000,2.533343527
0.30305000,2.533343527
0.30310000,2.533343527
0.30315000,2.533343527
0.30320000,2.533343527
0.30325000,2.533343527
0.30330000,2.533343527
0.30335000,2.533343527
0.30340000,2.533343527
0.30345000,2.533343527
0.30350000,2.533343527
0.30355000,2.533343527
0.30360000,2.533343527
0.30365000,2.533343527
0.30370000,2.533343527
0.30375000,2.533343527
0.30380000,2.533343527
0.30385000,2.533343527
0.30390000,2.533343527
0.30395000,2.533343527
0.30400000,2.533343527
0.30405000,2.533343527
0.30410000,2.533343527
0.30415000,2.533343527
0.30420000,2.533343527
0.30425000,2.533343527
0.30430000,2.533343527
0.30435000,2.533343527
0.30440000,2.533343527
0.30445000,2.533343527
0.30450000,2.533343527
0.30455000,2.533343527
0.30460000,2.533343527
0.30465000,2.533343527
0.30470000,2.533343527
0.30475000,2.533343527
0.30480000,2.533343527
0.30485000,2.533343527
0.30490000,2.533343527
0.30495000,2.533343527
0.30500000,2.533343527
0.30505000,2.533343527
0.30510000,2.533343527
0.30515000,2.533343527
0.30520000,2.533343527
0.30525000,2.533343527
0.30530000,2.533343527
0.30535000,2.533343527
0.30540000,2.533343527
0.30545000,2.533343527
0.30550000,2.533343527
0.30555000,2.533343527
0.30560000,2.533343527
0.30565000,2.533343527
0.30570000,2.533343527
0.30575000,2.533343527
0.30580000,2.533343527
0.30585000,2.533343527
0.30590000,2.533343527
0.30595000,2.533343527
0.30600000,2.533343527
0.30605000,2.533343527
0.30610000,2.533343527
0.30615000,2.533343527
0.30620000,2.533343527
0.30625000,2.533343527
0.30630000,2.533343527
0.30635000,2.533343527
0.30640000,2.533343527
0.30645000,2.533343527
0.30650000,2.533343527
0.30655000,2.533343527
0.30660000,2.533343527
0.30665000,2.533343527
0.30670000,2.533343527
0.30675000,2.533343527
0.30680000,2.533343527
0.30685000,2.533343527
0.30690000,2.533343527
0.30695000,2.533343527
0.30700000,2.533343527
0.30705000,2.533343527
0.30710000,2.533343527
0.30715000,2.533343527
0.30720000,2.533343527
0.30725000,2.533343527
0.30730000,2.533343527
0.30735000,2.533343527
0.30740000,2.533343527
0.30745000,2.533343527
0.30750000,2.533343527
0.30755000,2.533343527
0.30760000,2.533343527
0.30765000,2.533343527
0.30770000,2.533343527
0.30775000,2.533343527
0.30780000,2.533343527
0.30785000,2.533343527
0.30790000,2.533343527
0.30795000,2.533343527
0.30800000,2.533343527
0.30805000,2.533343527
0.30810000,2.533343527
0.30815000,2.533343527
0.30820000,2.533343527
0.30825000,2.533343527
0.30830000,2.533343527
0.30835000,2.533343527
0.30840000,2.533343527
0.30845000,2.533343527
0.30850000,2.533343527
0.30855000,2.533343527
0.30860000,2.533343527
0.30865000,2.533343527
0.30870000,2.533343527
0.30875000,2.533343527
0.30880000,2.533343527
0.30885000,2.533343527
0.30890000,2.533343527
0.30895000,2.533343527
0.30900000,2.533343527
0.30905000,2.533343527
0.30910000,2.533343527
0.30915000,2.533343527
0.30920000,2.533343527
0.30925000,2.533343527
0.30930000,2.533343527
0.30935000,2.533343527
0.30940000,2.533343527
0.30945000,2.533343527
0.30950000,2.533343527
0.30955000,2.533343527
0.30960000,2.533343527
0.30965000,2.533343527
0.30970000,2.533343527
0.30975000,2.533343527
0.30980000,2.533343527
0.30985000,2.533343527
0.30990000,2.533343527
0.30995000,2.533343527
0.31000000,2.533343527
0.31005000,2.533343527
0.31010000,2.533343527
0.31015000,2.533343527
0.31020000,2.533343527
0.31025000,2.533343527
0.31030000,2.533343527
0.31035000,2.533343527
0.31040000,2.533343527
0.31045000,2.533343527
0.31050000,2.533343527
0.31055000,2.533343527
0.31060000,2.533343527
0.31065000,2.533343527
0.31070000,2.533343527
0.31075000,2.533343527
0.31080000,2.533343527
0.31085000,2.533343527
0.31090000,2.533343527
0.31095000,2.533343527
0.31100000,2.533343527
0.31105000,2.533343527
0.31110000,2.533343527
0.31115000,2.533343527
0.31120000,2.533343527
0.31125000,2.533343527
0.31130000,2.533343527
0.31135000,2.533343527
0.31140000,2.533343527
0.31145000,2.533343527
0.31150000,2.533343527
0.31155000,2.533343527
0.31160000,2.533343527
0.31165000,2.533343527
0.31170000,2.533343527
0.31175000,2.533343527
0.31180000,2.533343527
0.31185000,2.533343527
0.31190000,2.533343527
0.31195000,2.533343527
0.31200000,2.533343527
0.31205000,2.533343527
0.31210000,2.533343527
0.31215000,2.533343527
0.31220000,2.533343527
0.31225000,2.533343527
0.31230000,2.533343527
0.31235000,2.533343527
0.31240000,2.533343527
0.31245000,2.533343527
0.31250000,2.533343527
0.31255000,2.533343527
0.31260000,2.533343527
0.31265000,2.533343527
0.31270000,2.533343527
0.31275000,2.533343527
0.31280000,2.533343527
0.31285000,2.533343527
0.31290000,2.533343527
0.31295000,2.533343527
0.31300000,2.533343527
0.31305000,2.533343527
0.31310000,2.533343527
0.31315000,2.533343527
0.31320000,2.533343527
0.31325000,2.533343527
0.31330000,2.533343527
0.31335000,2.533343527
0.31340000,2.533343527
0.31345000,2.533343527
0.31350000,2.533343527
0.31355000,2.533343527
0.31360000,2.533343527
0.31365000,2.533343527
0.31370000,2.533343527
0.31375000,2.533343527
0.31380000,2.533343527
0.31385000,2.533343527
0.31390000,2.533343527
0.31395000,2.533343527
0.31400000,2.533343527
0.31405000,2.533343527
0.31410000,2.533343527
0.31415000,2.533343527
0.31420000,2.533343527
0.31425000,2.533343527
0.31430000,2.533343527
0.31435000,2.533343527
0.31440000,2.533343527
0.31445000,2.533343527
0.31450000,2.533343527
0.31455000,2.533343527
0.31460000,2.533343527
0.31465000,2.533343527
0.31470000,2.533343527
0.31475000,2.533343527
0.31480000,2.533343527
0.31485000,2.533343527
0.31490000,2.533343527
0.31495000,2.533343527
0.31500000,2.533343527
0.31505000,2.533343527
0.31510000,2.533343527
0.31515000,2.533343527
0.31520000,2.533343527
0.31525000,2.533343527
0.31530000,2.533343527
0.31535000,2.533343527
0.31540000,2.533343527
0.31545000,2.533343527
0.31550000,2.533343527
0.31555000,2.533343527
0.31560000,2.533343527
0.31565000,2.533343527
0.31570000,2.533343527
0.31575000,2.533343527
0.31580000,2.533343527
0.31585000,2.533343527
0.31590000,2.533343527
0.31595000,2.533343527
0.31600000,2.533343527
0.31605000,2.533343527
0.31610000,2.533343527
0.31615000,2.533343527
0.31620000,2.533343527
0.31625000,2.533343527
0.31630000,2.533343527
0.31635000,2.533343527
0.31640000,2.533343527
0.31645000,2.533343527
0.31650000,2.533343527
0.31655000,2.533343527
0.31660000,2.533343527
0.31665000,2.533343527
0.31670000,2.533343527
0.31675000,2.533343527
0.31680000,2.533343527
0.31685000,2.533343527
0.31690000,2.533343527
0.31695000,2.533343527
0.31700000,2.533343527
0.31705000,2.533343527
0.31710000,2.533343527
0.31715000,2.533343527
0.31720000,2.533343527
0.31725000,2.533343527
0.31730000,2.533343527
0.31735000,2.533343527
0.31740000,2.533343527
0.31745000,2.533343527
0.31750000,2.533343527
0.31755000,2.533343527
0.31760000,2.533343527
0.31765000,2.533343527
0.31770000,2.533343527
0.31775000,2.533343527
0.31780000,2.533343527
0.31785000,2.533343527
0.31790000,2.533343527
0.31795000,2.533343527
0.31800000,2.533343527
0.31805000,2.533343527
0.31810000,2.533343527
0.31815000,2.533343527
0.31820000,2.533343527
0.31825000,2.533343527
0.31830000,2.533343527
0.31835000,2.533343527
0.31840000,2.533343527
0.31845000,2.533343527
0.31850000,2.533343527
0.31855000,2.533343527
0.31860000,2.533343527
0.31865000,2.533343527
0.31870000,2.533343527
0.31875000,2.533343527
0.31880000,2.533343527
0.31885000,2.533343527
0.31890000,2.533343527
0.31895000,2.533343527
0.31900000,2.533343527
0.31905000,2.533343527
0.31910000,2.533343527
0.31915000,2.533343527
0.31920000,2.533343527
0.31925000,2.533343527
0.31930000,2.533343527
0.31935000,2.533343527
0.31940000,2.533343527
0.31945000,2.533343527
0.31950000,2.533343527
0.31955000,2.533343527
0.31960000,2.533343527
0.31965000,2.533343527
0.31970000,2.533343527
0.31975000,2.533343527
0.31980000,2.533343527
0.31985000,2.533343527
0.31990000,2.533343527
0.31995000,2.533343527
0.32000000,2.533343527
0.32005000,2.533343527
0.32010000,2.533343527
0.32015000,2.533343527
0.32020000,2.533343527
0.32025000,2.533343527
0.32030000,2.533343527
0.32035000,2.533343527
0.32040000,2.533343527
0.32045000,2.533343527
0.32050000,2.533343527
0.32055000,2.533343527
0.32060000,2.533343527
0.32065000,2.533343527
0.32070000,2.533343527
0.32075000,2.533343527
0.32080000,2.533343527
0.32085000,2.533343527
0.32090000,2.533343527
0.32095000,2.533343527
0.32100000,2.533343527
0.32105000,2.533343527
0.32110000,2.533343527
0.32115000,2.533343527
0.32120000,2.533343527
0.32125000,2.533343527
0.32130000,2.533343527
0.32135000,2.533343527
0.32140000,2.533343527
0.32145000,2.533343527
0.32150000,2.533343527
0.32155000,2.533343527
0.32160000,2.533343527
0.32165000,2.533343527
0.32170000,2.533343527
0.32175000,2.533343527
0.32180000,2.533343527
0.32185000,2.533343527
0.32190000,2.533343527
0.32195000,2.533343527
0.32200000,2.533343527
0.32205000,2.533343527
0.32210000,2.533343527
0.32215000,2.533343527
0.32220000,2.533343527
0.32225000,2.533343527
0.32230000,2.533343527
0.32235000,2.533343527
0.32240000,2.533343527
0.32245000,2.533343527
0.32250000,2.533343527
0.32255000,2.533343527
0.32260000,2.533343527
0.32265000,2.533343527
0.32270000,2.533343527
0.32275000,2.533343527
0.32280000,2.533343527
0.32285000,2.533343527
0.32290000,2.533343527
0.32295000,2.533343527
0.32300000,2.533343527
0.32305000,2.533343527
0.32310000,2.533343527
0.32315000,2.533343527
0.32320000,2.533343527
0.32325000,2.533343527
0.32330000,2.533343527
0.32335000,2.533343527
0.32340000,2.533343527
0.32345000,2.533343527
0.32350000,2.533343527
0.32355000,2.533343527
0.32360000,2.533343527
0.32365000,2.533343527
0.32370000,2.533343527
0.32375000,2.533343527
0.32380000,2.533343527
0.32385000,2.533343527
0.32390000,2.533343527
0.32395000,2.533343527
0.32400000,2.533343527
0.32405000,2.533343527
0.32410000,2.533343527
0.32415000,2.533343527
0.32420000,2.533343527
0.32425000,2.533343527
0.32430000,2.533343527
0.32435000,2.533343527
0.32440000,2.533343527
0.32445000,2.533343527
0.32450000,2.533343527
0.32455000,2.533343527
0.32460000,2.533343527
0.32465000,2.533343527
0.32470000,2.533343527
0.32475000,2.533343527
0.32480000,2.533343527
0.32485000,2.533343527
0.32490000,2.533343527
0.32495000,2.533343527
0.32500000,2.533343527
0.32505000,2.533343527
0.32510000,2.533343527
0.32515000,2.533343527
0.32520000,2.533343527
0.32525000,2.533343527
0.32530000,2.533343527
0.32535000,2.533343527
0.32540000,2.533343527
0.32545000,2.533343527
0.32550000,2.533343527
0.32555000,2.533343527
0.32560000,2.533343527
0.32565000,2.533343527
0.32570000,2.533343527
0.32575000,2.533343527
0.32580000,2.533343527
0.32585000,2.533343527
0.32590000,2.533343527
0.32595000,2.533343527
0.32600000,2.533343527
0.32605000,2.533343527
0.32610000,2.533343527
0.32615000,2.533343527
0.32620000,2.533343527
0.32625000,2.533343527
0.32630000,2.533343527
0.32635000,2.533343527
0.32640000,2.533343527
0.32645000,2.533343527
0.32650000,2.533343527
0.32655000,2.533343527
0.32660000,2.533343527
0.32665000,2.533343527
0.32670000,2.533343527
0.32675000,2.533343527
0.32680000,2.533343527
0.32685000,2.533343527
0.32690000,2.533343527
0.32695000,2.533343527
0.32700000,2.533343527
0.32705000,2.533343527
0.32710000,2.533343527
0.32715000,2.533343527
0.32720000,2.533343527
0.32725000,2.533343527
0.32730000,2.533343527
0.32735000,2.533343527
0.32740000,2.533343527
0.32745000,2.533343527
0.32750000,2.533343527
0.32755000,2.533343527
0.32760000,2.533343527
0.32765000,2.533343527
0.32770000,2.533343527
0.32775000,2.533343527
0.32780000,2.533343527
0.32785000,2.533343527
0.32790000,2.533343527
0.32795000,2.533343527
0.32800000,2.533343527
0.32805000,2.533343527
0.32810000,2.533343527
0.32815000,2.533343527
0.32820000,2.533343527
0.32825000,2.533343527
0.32830000,2.533343527
0.32835000,2.533343527
0.32840000,2.533343527
0.32845000,2.533343527
0.32850000,2.533343527
0.32855000,2.533343527
0.32860000,2.533343527
0.32865000,2.533343527
0.32870000,2.533343527
0.32875000,2.533343527
0.32880000,2.533343527
0.32885000,2.533343527
0.32890000,2.533343527
0.32895000,2.533343527
0.32900000,2.533343527
0.32905000,2.533343527
0.32910000,2.533343527
0.32915000,2.533343527
0.32920000,2.533343527
0.32925000,2.533343527
0.32930000,2.533343527
0.32935000,2.533343527
0.32940000,2.533343527
0.32945000,2.533343527
0.32950000,2.533343527
0.32955000,2.533343527
0.32960000,2.533343527
0.32965000,2.533343527
0.32970000,2.533343527
0.32975000,2.533343527
0.32980000,2.533343527
0.32985000,2.533343527
0.32990000,2.533343527
0.32995000,2.533343527
0.33000000,2.533343527
0.33005000,2.533343527
0.33010000,2.533343527
0.33015000,2.533343527
0.33020000,2.533343527
0.33025000,2.533343527
0.33030000,2.533343527
0.33035000,2.533343527
0.33040000,2.533343527
0.33045000,2.533343527
0.33050000,2.533343527
0.33055000,2.533343527
0.33060000,2.533343527
0.33065000,2.533343527
0.33070000,2.533343527
0.33075000,2.533343527
0.33080000,2.533343527
0.33085000,2.533343527
0.33090000,2.533343527
0.33095000,2.533343527
0.33100000,2.533343527
0.33105000,2.533343527
0.33110000,2.533343527
0.33115000,2.533343527
0.33120000,2.533343527
0.33125000,2.533343527
0.33130000,2.533343527
0.33135000,2.533343527
0.33140000,2.533343527
0.33145000,2.533343527
0.33150000,2.533343527
0.33155000,2.533343527
0.33160000,2.533343527
0.33165000,2.533343527
0.33170000,2.533343527
0.33175000,2.533343527
0.33180000,2.533343527
0.33185000,2.533343527
0.33190000,2.533343527
0.33195000,2.533343527
0.33200000,2.533343527
0.33205000,2.533343527
0.33210000,2.533343527
0.33215000,2.533343527
0.33220000,2.533343527
0.33225000,2.533343527
0.33230000,2.533343527
0.33235000,2.533343527
0.33240000,2.533343527
0.33245000,2.533343527
0.33250000,2.533343527
0.33255000,2.533343527
0.33260000,2.533343527
0.33265000,2.533343527
0.33270000,2.533343527
0.33275000,2.533343527
0.33280000,2.533343527
0.33285000,2.533343527
0.33290000,2.533343527
0.33295000,2.533343527
0.33300000,2.533343527
0.33305000,2.533343527
0.33310000,2.533343527
0.33315000,2.533343527
0.33320000,2.533343527
0.33325000,2.533343527
0.33330000,2.533343527
0.33335000,2.533343527
0.33340000,2.533343527
0.33345000,2.533343527
0.33350000,2.533343527
0.33355000,2.533343527
0.33360000,2.533343527
0.33365000,2.533343527
0.33370000,2.533343527
0.33375000,2.533343527
0.33380000,2.533343527
0.33385000,2.533343527
0.33390000,2.533343527
0.33395000,2.533343527
0.33400000,2.533343527
0.33405000,2.533343527
0.33410000,2.533343527
0.33415000,2.533343527
0.33420000,2.533343527
0.33425000,2.533343527
0.33430000,2.533343527
0.33435000,2.533343527
0.33440000,2.533343527
0.33445000,2.533343527
0.33450000,2.533343527
0.33455000,2.533343527
0.33460000,2.533343527
0.33465000,2.533343527
0.33470000,2.533343527
0.33475000,2.533343527
0.33480000,2.533343527
0.33485000,2.533343527
0.33490000,2.533343527
0.33495000,2.533343527
0.33500000,2.533343527
0.33505000,2.533343527
0.33510000,2.533343527
0.33515000,2.533343527
0.33520000,2.533343527
0.33525000,2.533343527
0.33530000,2.533343527
0.33535000,2.533343527
0.33540000,2.533343527
0.33545000,2.533343527
0.33550000,2.533343527
0.33555000,2.533343527
0.33560000,2.533343527
0.33565000,2.533343527
0.33570000,2.533343527
0.33575000,2.533343527
0.33580000,2.533343527
0.33585000,2.533343527
0.33590000,2.533343527
0.33595000,2.533343527
0.33600000,2.533343527
0.33605000,2.533343527
0.33610000,2.533343527
0.33615000,2.533343527
0.33620000,2.533343527
0.33625000,2.533343527
0.33630000,2.533343527
0.33635000,2.533343527
0.33640000,2.533343527
0.33645000,2.533343527
0.33650000,2.533343527
0.33655000,2.533343527
0.33660000,2.533343527
0.33665000,2.533343527
0.33670000,2.533343527
0.33675000,2.533343527
0.33680000,2.533343527
0.33685000,2.533343527
0.33690000,2.533343527
0.33695000,2.533343527
0.33700000,2.533343527
0.33705000,2.533343527
0.33710000,2.533343527
0.33715000,2.533343527
0.33720000,2.533343527
0.33725000,2.533343527
0.33730000,2.533343527
0.33735000,2.533343527
0.33740000,2.533343527
0.33745000,2.533343527
0.33750000,44.286656473
0.33755000,44.286656473
0.33760000,44.286656473
0.33765000,44.286656473
0.33770000,44.286656473
0.33775000,44.286656473
0.33780000,44.286656473
0.33785000,44.286656473
0.33790000,44.286656473
0.33795000,44.286656473
0.33800000,44.286656473
0.33805000,44.286656473
0.33810000,44.286656473
0.33815000,44.286656473
0.33820000,44.286656473
0.33825000,44.286656473
0.33830000,44.286656473
0.33835000,44.286656473
0.33840000,44.286656473
0.33845000,44.286656473
0.33850000,44.286656473
0.33855000,44.286656473
0.33860000,44.286656473
0.33865000,44.286656473
0.33870000,44.286656473
0.33875000,44.286656473
0.33880000,44.286656473
0.33885000,44.286656473
0.33890000,44.286656473
0.33895000,44.286656473
0.33900000,44.286656473
0.33905000,44.286656473
0.33910000,44.286656473
0.33915000,44.286656473
0.33920000,44.286656473
0.33925000,44.286656473
0.33930000,44.286656473
0.33935000,44.286656473
0.33940000,44.286656473
0.33945000,44.286656473
0.33950000,44.286656473
0.33955000,44.286656473
0.33960000,44.286656473
0.33965000,44.286656473
0.33970000,44.286656473
0.33975000,44.286656473
0.33980000,44.286656473
0.33985000,44.286656473
0.33990000,44.286656473
0.33995000,44.286656473
0.34000000,44.286656473
0.34005000,44.286656473
0.34010000,44.286656473
0.34015000,44.286656473
0.34020000,44.286656473
0.34025000,44.286656473
0.34030000,44.286656473
0.34035000,44.286656473
0.34040000,44.286656473
0.34045000,44.286656473
0.34050000,44.286656473
0.34055000,44.286656473
0.34060000,44.286656473
0.34065000,44.286656473
0.34070000,44.286656473
0.34075000,44.286656473
0.34080000,44.286656473
0.34085000,44.286656473
0.34090000,44.286656473
0.34095000,44.286656473
0.34100000,44.286656473
0.34105000,44.286656473
0.34110000,44.286656473
0.34115000,44.286656473
0.34120000,44.286656473
0.34125000,44.286656473
0.34130000,44.286656473
0.34135000,44.286656473
0.34140000,44.286656473
0.34145000,44.286656473
0.34150000,44.286656473
0.34155000,44.286656473
0.34160000,44.286656473
0.34165000,44.286656473
0.34170000,44.286656473
0.34175000,44.286656473
0.34180000,44.286656473
0.34185000,44.286656473
0.34190000,44.286656473
0.34195000,44.286656473
0.34200000,44.286656473
0.34205000,44.286656473
0.34210000,44.286656473
0.34215000,44.286656473
0.34220000,44.286656473
0.34225000,44.286656473
0.34230000,44.286656473
0.34235000,44.286656473
0.34240000,44.286656473
0.34245000,44.286656473
0.34250000,44.286656473
0.34255000,44.286656473
0.34260000,44.286656473
0.34265000,44.286656473
0.34270000,44.286656473
0.34275000,44.286656473
0.34280000,44.286656473
0.34285000,44.286656473
0.34290000,44.286656473
0.34295000,44.286656473
0.34300000,44.286656473
0.34305000,44.286656473
0.34310000,44.286656473
0.34315000,44.286656473
0.34320000,44.286656473
0.34325000,44.286656473
0.34330000,44.286656473
0.34335000,44.286656473
0.34340000,44.286656473
0.34345000,44.286656473
0.34350000,44.286656473
0.34355000,44.286656473
0.34360000,44.286656473
0.34365000,44.286656473
0.34370000,44.286656473
0.34375000,44.286656473
0.34380000,44.286656473
0.34385000,44.286656473
0.34390000,44.286656473
0.34395000,44.286656473
0.34400000,44.286656473
0.34405000,44.286656473
0.34410000,44.286656473
0.34415000,44.286656473
0.34420000,44.286656473
0.34425000,44.286656473
0.34430000,44.286656473
0.34435000,44.286656473
0.34440000,44.286656473
0.34445000,44.286656473
0.34450000,44.286656473
0.34455000,44.286656473
0.34460000,44.286656473
0.34465000,44.286656473
0.34470000,44.286656473
0.34475000,44.286656473
0.34480000,44.286656473
0.34485000,44.286656473
0.34490000,44.286656473
0.34495000,44.286656473
0.34500000,44.286656473
0.34505000,44.286656473
0.34510000,44.286656473
0.34515000,44.286656473
0.34520000,44.286656473
0.34525000,44.286656473
0.34530000,44.286656473
0.34535000,44.286656473
0.34540000,44.286656473
0.34545000,44.286656473
0.34550000,44.286656473
0.34555000,44.286656473
0.34560000,44.286656473
0.34565000,44.286656473
0.34570000,44.286656473
0.34575000,44.286656473
0.34580000,44.286656473
0.34585000,44.286656473
0.34590000,44.286656473
0.34595000,44.286656473
0.34600000,44.286656473
0.34605000,44.286656473
0.34610000,44.286656473
0.34615000,44.286656473
0.34620000,44.286656473
0.34625000,44.286656473
0.34630000,44.286656473
0.34635000,44.286656473
0.34640000,44.286656473
0.34645000,44.286656473
0.34650000,44.286656473
0.34655000,44.286656473
0.34660000,44.286656473
0.34665000,44.286656473
0.34670000,44.286656473
0.34675000,44.286656473
0.34680000,44.286656473
0.34685000,44.286656473
0.34690000,44.286656473
0.34695000,44.286656473
0.34700000,44.286656473
0.34705000,44.286656473
0.34710000,44.286656473
0.34715000,44.286656473
0.34720000,44.286656473
0.34725000,44.286656473
0.34730000,44.286656473
0.34735000,44.286656473
0.34740000,44.286656473
0.34745000,44.286656473
0.34750000,44.286656473
0.34755000,44.286656473
0.34760000,44.286656473
0.34765000,44.286656473
0.34770000,44.286656473
0.34775000,44.286656473
0.34780000,44.286656473
0.34785000,44.286656473
0.34790000,44.286656473
0.34795000,44.286656473
0.34800000,44.286656473
0.34805000,44.286656473
0.34810000,44.286656473
0.34815000,44.286656473
0.34820000,44.286656473
0.34825000,44.286656473
0.34830000,44.286656473
0.34835000,44.286656473
0.34840000,44.286656473
0.34845000,44.286656473
0.34850000,44.286656473
0.34855000,44.286656473
0.34860000,44.286656473
0.34865000,44.286656473
0.34870000,44.286656473
0.34875000,44.286656473
0.34880000,44.286656473
0.34885000,44.286656473
0.34890000,44.286656473
0.34895000,44.286656473
0.34900000,44.286656473
0.34905000,44.286656473
0.34910000,44.286656473
0.34915000,44.286656473
0.34920000,44.286656473
0.34925000,44.286656473
0.34930000,44.286656473
0.34935000,44.286656473
0.34940000,44.286656473
0.34945000,44.286656473
0.34950000,44.286656473
0.34955000,44.286656473
0.34960000,44.286656473
0.34965000,44.286656473
0.34970000,44.286656473
0.34975000,44.286656473
0.34980000,44.286656473
0.34985000,44.286656473
0.34990000,44.286656473
0.34995000,44.286656473
0.35000000,44.286656473
0.35005000,44.286656473
0.35010000,44.286656473
0.35015000,44.286656473
0.35020000,44.286656473
0.35025000,44.286656473
0.35030000,44.286656473
0.35035000,44.286656473
0.35040000,44.286656473
0.35045000,44.286656473
0.35050000,44.286656473
0.35055000,44.286656473
0.35060000,44.286656473
0.35065000,44.286656473
0.35070000,44.286656473
0.35075000,44.286656473
0.35080000,44.286656473
0.35085000,44.286656473
0.35090000,44.286656473
0.35095000,44.286656473
0.35100000,44.286656473
0.35105000,44.286656473
0.35110000,44.286656473
0.35115000,44.286656473
0.35120000,44.286656473
0.35125000,44.286656473
0.35130000,44.286656473
0.35135000,44.286656473
0.35140000,44.286656473
0.35145000,44.286656473
0.35150000,44.286656473
0.35155000,44.286656473
0.35160000,44.286656473
0.35165000,44.286656473
0.35170000,44.286656473
0.35175000,44.286656473
0.35180000,44.286656473
0.35185000,44.286656473
0.35190000,44.286656473
0.35195000,44.286656473
0.35200000,44.286656473
0.35205000,44.286656473
0.35210000,44.286656473
0.35215000,44.286656473
0.35220000,44.286656473
0.35225000,44.286656473
0.35230000,44.286656473
0.35235000,44.286656473
0.35240000,44.286656473
0.35245000,44.286656473
0.35250000,44.286656473
0.35255000,44.286656473
0.35260000,44.286656473
0.35265000,44.286656473
0.35270000,44.286656473
0.35275000,44.286656473
0.35280000,44.286656473
0.35285000,44.286656473
0.35290000,44.286656473
0.35295000,44.286656473
0.35300000,44.286656473
0.35305000,44.286656473
0.35310000,44.286656473
0.35315000,44.286656473
0.35320000,44.286656473
0.35325000,44.286656473
0.35330000,44.286656473
0.35335000,44.286656473
0.35340000,44.286656473
0.35345000,44.286656473
0.35350000,44.286656473
0.35355000,44.286656473
0.35360000,44.286656473
0.35365000,44.286656473
0.35370000,44.286656473
0.35375000,44.286656473
0.35380000,44.286656473
0.35385000,44.286656473
0.35390000,44.286656473
0.35395000,44.286656473
0.35400000,44.286656473
0.35405000,44.286656473
0.35410000,44.286656473
0.35415000,44.286656473
0.35420000,44.286656473
0.35425000,44.286656473
0.35430000,44.286656473
0.35435000,44.286656473
0.35440000,44.286656473
0.35445000,44.286656473
0.35450000,44.286656473
0.35455000,44.286656473
0.35460000,44.286656473
0.35465000,44.286656473
0.35470000,44.286656473
0.35475000,44.286656473
0.35480000,44.286656473
0.35485000,44.286656473
0.35490000,44.286656473
0.35495000,44.286656473
0.35500000,44.286656473
0.35505000,44.286656473
0.35510000,44.286656473
0.35515000,44.286656473
0.35520000,44.286656473
0.35525000,44.286656473
0.35530000,44.286656473
0.35535000,44.286656473
0.35540000,44.286656473
0.35545000,44.286656473
0.35550000,44.286656473
0.35555000,44.286656473
0.35560000,44.286656473
0.35565000,44.286656473
0.35570000,44.286656473
0.35575000,44.286656473
0.35580000,44.286656473
0.35585000,44.286656473
0.35590000,44.286656473
0.35595000,44.286656473
0.35600000,44.286656473
0.35605000,44.286656473
0.35610000,44.286656473
0.35615000,44.286656473
0.35620000,44.286656473
0.35625000,44.286656473
0.35630000,44.286656473
0.35635000,44.286656473
0.35640000,44.286656473
0.35645000,44.286656473
0.35650000,44.286656473
0.35655000,44.286656473
0.35660000,44.286656473
0.35665000,44.286656473
0.35670000,44.286656473
0.35675000,44.286656473
0.35680000,44.286656473
0.35685000,44.286656473
0.35690000,44.286656473
0.35695000,44.286656473
0.35700000,44.286656473
0.35705000,44.286656473
0.35710000,44.286656473
0.35715000,44.286656473
0.35720000,44.286656473
0.35725000,44.286656473
0.35730000,44.286656473
0.35735000,44.286656473
0.35740000,44.286656473
0.35745000,44.286656473
0.35750000,44.286656473
0.35755000,44.286656473
0.35760000,44.286656473
0.35765000,44.286656473
0.35770000,44.286656473
0.35775000,44.286656473
0.35780000,44.286656473
0.35785000,44.286656473
0.35790000,44.286656473
0.35795000,44.286656473
0.35800000,44.286656473
0.35805000,44.286656473
0.35810000,44.286656473
0.35815000,44.286656473
0.35820000,44.286656473
0.35825000,44.286656473
0.35830000,44.286656473
0.35835000,44.286656473
0.35840000,44.286656473
0.35845000,44.286656473
0.35850000,44.286656473
0.35855000,44.286656473
0.35860000,44.286656473
0.35865000,44.286656473
0.35870000,44.286656473
0.35875000,44.286656473
0.35880000,44.286656473
0.35885000,44.286656473
0.35890000,44.286656473
0.35895000,44.286656473
0.35900000,44.286656473
0.35905000,44.286656473
0.35910000,44.286656473
0.35915000,44.286656473
0.35920000,44.286656473
0.35925000,44.286656473
0.35930000,44.286656473
0.35935000,44.286656473
0.35940000,44.286656473
0.35945000,44.286656473
0.35950000,44.286656473
0.35955000,44.286656473
0.35960000,44.286656473
0.35965000,44.286656473
0.35970000,44.286656473
0.35975000,44.286656473
0.35980000,44.286656473
0.35985000,44.286656473
0.35990000,44.286656473
0.35995000,44.286656473
0.36000000,44.286656473
0.36005000,44.286656473
0.36010000,44.286656473
0.36015000,44.286656473
0.36020000,44.286656473
0.36025000,44.286656473
0.36030000,44.286656473
0.36035000,44.286656473
0.36040000,44.286656473
0.36045000,44.286656473
0.36050000,44.286656473
0.36055000,44.286656473
0.36060000,44.286656473
0.36065000,44.286656473
0.36070000,44.286656473
0.36075000,44.286656473
0.36080000,44.286656473
0.36085000,44.286656473
0.36090000,44.286656473
0.36095000,44.286656473
0.36100000,44.286656473
0.36105000,44.286656473
0.36110000,44.286656473
0.36115000,44.286656473
0.36120000,44.286656473
0.36125000,44.286656473
0.36130000,44.286656473
0.36135000,44.286656473
0.36140000,44.286656473
0.36145000,44.286656473
0.36150000,44.286656473
0.36155000,44.286656473
0.36160000,44.286656473
0.36165000,44.286656473
0.36170000,44.286656473
0.36175000,44.286656473
0.36180000,44.286656473
0.36185000,44.286656473
0.36190000,44.286656473
0.36195000,44.286656473
0.36200000,44.286656473
0.36205000,44.286656473
0.36210000,44.286656473
0.36215000,44.286656473
0.36220000,44.286656473
0.36225000,44.286656473
0.36230000,44.286656473
0.36235000,44.286656473
0.36240000,44.286656473
0.36245000,44.286656473
0.36250000,44.286656473
0.36255000,44.286656473
0.36260000,44.286656473
0.36265000,44.286656473
0.36270000,44.286656473
0.36275000,44.286656473
0.36280000,44.286656473
0.36285000,44.286656473
0.36290000,44.286656473
0.36295000,44.286656473
0.36300000,44.286656473
0.36305000,44.286656473
0.36310000,44.286656473
0.36315000,44.286656473
0.36320000,44.286656473
0.36325000,44.286656473
0.36330000,44.286656473
0.36335000,44.286656473
0.36340000,44.286656473
0.36345000,44.286656473
0.36350000,44.286656473
0.36355000,44.286656473
0.36360000,44.286656473
0.36365000,44.286656473
0.36370000,44.286656473
0.36375000,44.286656473
0.36380000,44.286656473
0.36385000,44.286656473
0.36390000,44.286656473
0.36395000,44.286656473
0.36400000,44.286656473
0.36405000,44.286656473
0.36410000,44.286656473
0.36415000,44.286656473
0.36420000,44.286656473
0.36425000,44.286656473
0.36430000,44.286656473
0.36435000,44.286656473
0.36440000,44.286656473
0.36445000,44.286656473
0.36450000,44.286656473
0.36455000,44.286656473
0.36460000,44.286656473
0.36465000,44.286656473
0.36470000,44.286656473
0.36475000,44.286656473
0.36480000,44.286656473
0.36485000,44.286656473
0.36490000,44.286656473
0.36495000,44.286656473
0.36500000,44.286656473
0.36505000,44.286656473
0.36510000,44.286656473
0.36515000,44.286656473
0.36520000,44.286656473
0.36525000,44.286656473
0.36530000,44.286656473
0.36535000,44.286656473
0.36540000,44.286656473
0.36545000,44.286656473
0.36550000,44.286656473
0.36555000,44.286656473
0.36560000,44.286656473
0.36565000,44.286656473
0.36570000,44.286656473
0.36575000,44.286656473
0.36580000,44.286656473
0.36585000,44.286656473
0.36590000,44.286656473
0.36595000,44.286656473
0.36600000,44.286656473
0.36605000,44.286656473
0.36610000,44.286656473
0.36615000,44.286656473
0.36620000,44.286656473
0.36625000,44.286656473
0.36630000,44.286656473
0.36635000,44.286656473
0.36640000,44.286656473
0.36645000,44.286656473
0.36650000,44.286656473
0.36655000,44.286656473
0.36660000,44.286656473
0.36665000,44.286656473
0.36670000,44.286656473
0.36675000,44.286656473
0.36680000,44.286656473
0.36685000,44.286656473
0.36690000,44.286656473
0.36695000,44.286656473
0.36700000,44.286656473
0.36705000,44.286656473
0.36710000,44.286656473
0.36715000,44.286656473
0.36720000,44.286656473
0.36725000,44.286656473
0.36730000,44.286656473
0.36735000,44.286656473
0.36740000,44.286656473
0.36745000,44.286656473
0.36750000,44.286656473
0.36755000,44.286656473
0.36760000,44.286656473
0.36765000,44.286656473
0.36770000,44.286656473
0.36775000,44.286656473
0.36780000,44.286656473
0.36785000,44.286656473
0.36790000,44.286656473
0.36795000,44.286656473
0.36800000,44.286656473
0.36805000,44.286656473
0.36810000,44.286656473
0.36815000,44.286656473
0.36820000,44.286656473
0.36825000,44.286656473
0.36830000,44.286656473
0.36835000,44.286656473
0.36840000,44.286656473
0.36845000,44.286656473
0.36850000,44.286656473
0.36855000,44.286656473
0.36860000,44.286656473
0.36865000,44.286656473
0.36870000,44.286656473
0.36875000,44.286656473
0.36880000,44.286656473
0.36885000,44.286656473
0.36890000,44.286656473
0.36895000,44.286656473
0.36900000,44.286656473
0.36905000,44.286656473
0.36910000,44.286656473
0.36915000,44.286656473
0.36920000,44.286656473
0.36925000,44.286656473
0.36930000,44.286656473
0.36935000,44.286656473
0.36940000,44.286656473
0.36945000,44.286656473
0.36950000,44.286656473
0.36955000,44.286656473
0.36960000,44.286656473
0.36965000,44.286656473
0.36970000,44.286656473
0.36975000,44.286656473
0.36980000,44.286656473
0.36985000,44.286656473
0.36990000,44.286656473
0.36995000,44.286656473
0.37000000,44.286656473
0.37005000,44.286656473
0.37010000,44.286656473
0.37015000,44.286656473
0.37020000,44.286656473
0.37025000,44.286656473
0.37030000,44.286656473
0.37035000,44.286656473
0.37040000,44.286656473
0.37045000,44.286656473
0.37050000,44.286656473
0.37055000,44.286656473
0.37060000,44.286656473
0.37065000,44.286656473
0.37070000,44.286656473
0.37075000,44.286656473
0.37080000,44.286656473
0.37085000,44.286656473
0.37090000,44.286656473
0.37095000,44.286656473
0.37100000,44.286656473
0.37105000,44.286656473
0.37110000,44.286656473
0.37115000,44.286656473
0.37120000,44.286656473
0.37125000,44.286656473
0.37130000,44.286656473
0.37135000,44.286656473
0.37140000,44.286656473
0.37145000,44.286656473
0.37150000,44.286656473
0.37155000,44.286656473
0.37160000,44.286656473
0.37165000,44.286656473
0.37170000,44.286656473
0.37175000,44.286656473
0.37180000,44.286656473
0.37185000,44.286656473
0.37190000,44.286656473
0.37195000,44.286656473
0.37200000,44.286656473
0.37205000,44.286656473
0.37210000,44.286656473
0.37215000,44.286656473
0.37220000,44.286656473
0.37225000,44.286656473
0.37230000,44.286656473
0.37235000,44.286656473
0.37240000,44.286656473
0.37245000,44.286656473
0.37250000,44.286656473
0.37255000,44.286656473
0.37260000,44.286656473
0.37265000,44.286656473
0.37270000,44.286656473
0.37275000,44.286656473
0.37280000,44.286656473
0.37285000,44.286656473
0.37290000,44.286656473
0.37295000,44.286656473
0.37300000,44.286656473
0.37305000,44.286656473
0.37310000,44.286656473
0.37315000,44.286656473
0.37320000,44.286656473
0.37325000,44.286656473
0.37330000,44.286656473
0.37335000,44.286656473
0.37340000,44.286656473
0.37345000,44.286656473
0.37350000,44.286656473
0.37355000,44.286656473
0.37360000,44.286656473
0.37365000,44.286656473
0.37370000,44.286656473
0.37375000,44.286656473
0.37380000,44.286656473
0.37385000,44.286656473
0.37390000,44.286656473
0.37395000,44.286656473
0.37400000,44.286656473
0.37405000,44.286656473
0.37410000,44.286656473
0.37415000,44.286656473
0.37420000,44.286656473
0.37425000,44.286656473
0.37430000,44.286656473
0.37435000,44.286656473
0.37440000,44.286656473
0.37445000,44.286656473
0.37450000,44.286656473
0.37455000,44.286656473
0.37460000,44.286656473
0.37465000,44.286656473
0.37470000,44.286656473
0.37475000,44.286656473
0.37480000,44.286656473
0.37485000,44.286656473
0.37490000,44.286656473
0.37495000,44.286656473
0.37500000,44.286656473
0.37505000,44.286656473
0.37510000,44.286656473
0.37515000,44.286656473
0.37520000,44.286656473
0.37525000,44.286656473
0.37530000,44.286656473
0.37535000,44.286656473
0.37540000,44.286656473
0.37545000,44.286656473
0.37550000,44.286656473
0.37555000,44.286656473
0.37560000,44.286656473
0.37565000,44.286656473
0.37570000,44.286656473
0.37575000,44.286656473
0.37580000,44.286656473
0.37585000,44.286656473
0.37590000,44.286656473
0.37595000,44.286656473
0.37600000,44.286656473
0.37605000,44.286656473
0.37610000,44.286656473
0.37615000,44.286656473
0.37620000,44.286656473
0.37625000,44.286656473
0.37630000,44.286656473
0.37635000,44.286656473
0.37640000,44.286656473
0.37645000,44.286656473
0.37650000,44.286656473
0.37655000,44.286656473
0.37660000,44.286656473
0.37665000,44.286656473
0.37670000,44.286656473
0.37675000,44.286656473
0.37680000,44.286656473
0.37685000,44.286656473
0.37690000,44.286656473
0.37695000,44.286656473
0.37700000,44.286656473
0.37705000,44.286656473
0.37710000,44.286656473
0.37715000,44.286656473
0.37720000,44.286656473
0.37725000,44.286656473
0.37730000,44.286656473
0.37735000,44.286656473
0.37740000,44.286656473
0.37745000,44.286656473
0.37750000,44.286656473
0.37755000,44.286656473
0.37760000,44.286656473
0.37765000,44.286656473
0.37770000,44.286656473
0.37775000,44.286656473
0.37780000,44.286656473
0.37785000,44.286656473
0.37790000,44.286656473
0.37795000,44.286656473
0.37800000,44.286656473
0.37805000,44.286656473
0.37810000,44.286656473
0.37815000,44.286656473
0.37820000,44.286656473
0.37825000,44.286656473
0.37830000,44.286656473
0.37835000,44.286656473
0.37840000,44.286656473
0.37845000,44.286656473
0.37850000,44.286656473
0.37855000,44.286656473
0.37860000,44.286656473
0.37865000,44.286656473
0.37870000,44.286656473
0.37875000,44.286656473
0.37880000,44.286656473
0.37885000,44.286656473
0.37890000,44.286656473
0.37895000,44.286656473
0.37900000,44.286656473
0.37905000,44.286656473
0.37910000,44.286656473
0.37915000,44.286656473
0.37920000,44.286656473
0.37925000,44.286656473
0.37930000,44.286656473
0.37935000,44.286656473
0.37940000,44.286656473
0.37945000,44.286656473
0.37950000,44.286656473
0.37955000,44.286656473
0.37960000,44.286656473
0.37965000,44.286656473
0.37970000,44.286656473
0.37975000,44.286656473
0.37980000,44.286656473
0.37985000,44.286656473
0.37990000,44.286656473
0.37995000,44.286656473
0.38000000,44.286656473
0.38005000,44.286656473
0.38010000,44.286656473
0.38015000,44.286656473
0.38020000,44.286656473
0.38025000,44.286656473
0.38030000,44.286656473
0.38035000,44.286656473
0.38040000,44.286656473
0.38045000,44.286656473
0.38050000,44.286656473
0.38055000,44.286656473
0.38060000,44.286656473
0.38065000,44.286656473
0.38070000,44.286656473
0.38075000,44.286656473
0.38080000,44.286656473
0.38085000,44.286656473
0.38090000,44.286656473
0.38095000,44.286656473
0.38100000,44.286656473
0.38105000,44.286656473
0.38110000,44.286656473
0.38115000,44.286656473
0.38120000,44.286656473
0.38125000,44.286656473
0.38130000,44.286656473
0.38135000,44.286656473
0.38140000,44.286656473
0.38145000,44.286656473
0.38150000,44.286656473
0.38155000,44.286656473
0.38160000,44.286656473
0.38165000,44.286656473
0.38170000,44.286656473
0.38175000,44.286656473
0.38180000,44.286656473
0.38185000,44.286656473
0.38190000,44.286656473
0.38195000,44.286656473
0.38200000,44.286656473
0.38205000,44.286656473
0.38210000,44.286656473
0.38215000,44.286656473
0.38220000,44.286656473
0.38225000,44.286656473
0.38230000,44.286656473
0.38235000,44.286656473
0.38240000,44.286656473
0.38245000,44.286656473
0.38250000,44.286656473
0.38255000,44.286656473
0.38260000,44.286656473
0.38265000,44.286656473
0.38270000,44.286656473
0.38275000,44.286656473
0.38280000,44.286656473
0.38285000,44.286656473
0.38290000,44.286656473
0.38295000,44.286656473
0.38300000,44.286656473
0.38305000,44.286656473
0.38310000,44.286656473
0.38315000,44.286656473
0.38320000,44.286656473
0.38325000,44.286656473
0.38330000,44.286656473
0.38335000,44.286656473
0.38340000,44.286656473
0.38345000,44.286656473
0.38350000,44.286656473
0.38355000,44.286656473
0.38360000,44.286656473
0.38365000,44.286656473
0.38370000,44.286656473
0.38375000,44.286656473
0.38380000,44.286656473
0.38385000,44.286656473
0.38390000,44.286656473
0.38395000,44.286656473
0.38400000,44.286656473
0.38405000,44.286656473
0.38410000,44.286656473
0.38415000,44.286656473
0.38420000,44.286656473
0.38425000,44.286656473
0.38430000,44.286656473
0.38435000,44.286656473
0.38440000,44.286656473
0.38445000,44.286656473
0.38450000,44.286656473
0.38455000,44.286656473
0.38460000,44.286656473
0.38465000,44.286656473
0.38470000,44.286656473
0.38475000,44.286656473
0.38480000,44.286656473
0.38485000,44.286656473
0.38490000,44.286656473
0.38495000,44.286656473
0.38500000,44.286656473
0.38505000,44.286656473
0.38510000,44.286656473
0.38515000,44.286656473
0.38520000,44.286656473
0.38525000,44.286656473
0.38530000,44.286656473
0.38535000,44.286656473
0.38540000,44.286656473
0.38545000,44.286656473
0.38550000,44.286656473
0.38555000,44.286656473
0.38560000,44.286656473
0.38565000,44.286656473
0.38570000,44.286656473
0.38575000,44.286656473
0.38580000,44.286656473
0.38585000,44.286656473
0.38590000,44.286656473
0.38595000,44.286656473
0.38600000,44.286656473
0.38605000,44.286656473
0.38610000,44.286656473
0.38615000,44.286656473
0.38620000,44.286656473
0.38625000,44.286656473
0.38630000,44.286656473
0.38635000,44.286656473
0.38640000,44.286656473
0.38645000,44.286656473
0.38650000,44.286656473
0.38655000,44.286656473
0.38660000,44.286656473
0.38665000,44.286656473
0.38670000,44.286656473
0.38675000,44.286656473
0.38680000,44.286656473
0.38685000,44.286656473
0.38690000,44.286656473
0.38695000,44.286656473
0.38700000,44.286656473
0.38705000,44.286656473
0.38710000,44.286656473
0.38715000,44.286656473
0.38720000,44.286656473
0.38725000,44.286656473
0.38730000,44.286656473
0.38735000,44.286656473
0.38740000,44.286656473
0.38745000,44.286656473
0.38750000,44.286656473
0.38755000,44.286656473
0.38760000,44.286656473
0.38765000,44.286656473
0.38770000,44.286656473
0.38775000,44.286656473
0.38780000,44.286656473
0.38785000,44.286656473
0.38790000,44.286656473
0.38795000,44.286656473
0.38800000,44.286656473
0.38805000,44.286656473
0.38810000,44.286656473
0.38815000,44.286656473
0.38820000,44.286656473
0.38825000,44.286656473
0.38830000,44.286656473
0.38835000,44.286656473
0.38840000,44.286656473
0.38845000,44.286656473
0.38850000,44.286656473
0.38855000,44.286656473
0.38860000,44.286656473
0.38865000,44.286656473
0.38870000,44.286656473
0.38875000,44.286656473
0.38880000,44.286656473
0.38885000,44.286656473
0.38890000,44.286656473
0.38895000,44.286656473
0.38900000,44.286656473
0.38905000,44.286656473
0.38910000,44.286656473
0.38915000,44.286656473
0.38920000,44.286656473
0.38925000,44.286656473
0.38930000,44.286656473
0.38935000,44.286656473
0.38940000,44.286656473
0.38945000,44.286656473
0.38950000,44.286656473
0.38955000,44.286656473
0.38960000,44.286656473
0.38965000,44.286656473
0.38970000,44.286656473
0.38975000,44.286656473
0.38980000,44.286656473
0.38985000,44.286656473
0.38990000,44.286656473
0.38995000,44.286656473
0.39000000,44.286656473
0.39005000,44.286656473
0.39010000,44.286656473
0.39015000,44.286656473
0.39020000,44.286656473
0.39025000,44.286656473
0.39030000,44.286656473
0.39035000,44.286656473
0.39040000,44.286656473
0.39045000,44.286656473
0.39050000,44.286656473
0.39055000,44.286656473
0.39060000,44.286656473
0.39065000,44.286656473
0.39070000,44.286656473
0.39075000,44.286656473
0.39080000,44.286656473
0.39085000,44.286656473
0.39090000,44.286656473
0.39095000,44.286656473
0.39100000,44.286656473
0.39105000,44.286656473
0.39110000,44.286656473
0.39115000,44.286656473
0.39120000,44.286656473
0.39125000,44.286656473
0.39130000,44.286656473
0.39135000,44.286656473
0.39140000,44.286656473
0.39145000,44.286656473
0.39150000,44.286656473
0.39155000,44.286656473
0.39160000,44.286656473
0.39165000,44.286656473
0.39170000,44.286656473
0.39175000,44.286656473
0.39180000,44.286656473
0.39185000,44.286656473
0.39190000,44.286656473
0.39195000,44.286656473
0.39200000,44.286656473
0.39205000,44.286656473
0.39210000,44.286656473
0.39215000,44.286656473
0.39220000,44.286656473
0.39225000,44.286656473
0.39230000,44.286656473
0.39235000,44.286656473
0.39240000,44.286656473
0.39245000,44.286656473
0.39250000,44.286656473
0.39255000,44.286656473
0.39260000,44.286656473
0.39265000,44.286656473
0.39270000,44.286656473
0.39275000,44.286656473
0.39280000,44.286656473
0.39285000,44.286656473
0.39290000,44.286656473
0.39295000,44.286656473
0.39300000,44.286656473
0.39305000,44.286656473
0.39310000,44.286656473
0.39315000,44.286656473
0.39320000,44.286656473
0.39325000,44.286656473
0.39330000,44.286656473
0.39335000,44.286656473
0.39340000,44.286656473
0.39345000,44.286656473
0.39350000,44.286656473
0.39355000,44.286656473
0.39360000,44.286656473
0.39365000,44.286656473
0.39370000,44.286656473
0.39375000,2.533343527
0.39380000,2.533343527
0.39385000,2.533343527
0.39390000,2.533343527
0.39395000,2.533343527
0.39400000,2.533343527
0.39405000,2.533343527
0.39410000,2.533343527
0.39415000,2.533343527
0.39420000,2.533343527
0.39425000,2.533343527
0.39430000,2.533343527
0.39435000,2.533343527
0.39440000,2.533343527
0.39445000,2.533343527
0.39450000,2.533343527
0.39455000,2.533343527
0.39460000,2.533343527
0.39465000,2.533343527
0.39470000,2.533343527
0.39475000,2.533343527
0.39480000,2.533343527
0.39485000,2.533343527
0.39490000,2.533343527
0.39495000,2.533343527
0.39500000,2.533343527
0.39505000,2.533343527
0.39510000,2.533343527
0.39515000,2.533343527
0.39520000,2.533343527
0.39525000,2.533343527
0.39530000,2.533343527
0.39535000,2.533343527
0.39540000,2.533343527
0.39545000,2.533343527
0.39550000,2.533343527
0.39555000,2.533343527
0.39560000,2.533343527
0.39565000,2.533343527
0.39570000,2.533343527
0.39575000,2.533343527
0.39580000,2.533343527
0.39585000,2.533343527
0.39590000,2.533343527
0.39595000,2.533343527
0.39600000,2.533343527
0.39605000,2.533343527
0.39610000,2.533343527
0.39615000,2.533343527
0.39620000,2.533343527
0.39625000,2.533343527
0.39630000,2.533343527
0.39635000,2.533343527
0.39640000,2.533343527
0.39645000,2.533343527
0.39650000,2.533343527
0.39655000,2.533343527
0.39660000,2.533343527
0.39665000,2.533343527
0.39670000,2.533343527
0.39675000,2.533343527
0.39680000,2.533343527
0.39685000,2.533343527
0.39690000,2.533343527
0.39695000,2.533343527
0.39700000,2.533343527
0.39705000,2.533343527
0.39710000,2.533343527
0.39715000,2.533343527
0.39720000,2.533343527
0.39725000,2.533343527
0.39730000,2.533343527
0.39735000,2.533343527
0.39740000,2.533343527
0.39745000,2.533343527
0.39750000,2.533343527
0.39755000,2.533343527
0.39760000,2.533343527
0.39765000,2.533343527
0.39770000,2.533343527
0.39775000,2.533343527
0.39780000,2.533343527
0.39785000,2.533343527
0.39790000,2.533343527
0.39795000,2.533343527
0.39800000,2.533343527
0.39805000,2.533343527
0.39810000,2.533343527
0.39815000,2.533343527
0.39820000,2.533343527
0.39825000,2.533343527
0.39830000,2.533343527
0.39835000,2.533343527
0.39840000,2.533343527
0.39845000,2.533343527
0.39850000,2.533343527
0.39855000,2.533343527
0.39860000,2.533343527
0.39865000,2.533343527
0.39870000,2.533343527
0.39875000,2.533343527
0.39880000,2.533343527
0.39885000,2.533343527
0.39890000,2.533343527
0.39895000,2.533343527
0.39900000,2.533343527
0.39905000,2.533343527
0.39910000,2.533343527
0.39915000,2.533343527
0.39920000,2.533343527
0.39925000,2.533343527
0.39930000,2.533343527
0.39935000,2.533343527
0.39940000,2.533343527
0.39945000,2.533343527
0.39950000,2.533343527
0.39955000,2.533343527
0.39960000,2.533343527
0.39965000,2.533343527
0.39970000,2.533343527
0.39975000,2.533343527
0.39980000,2.533343527
0.39985000,2.533343527
0.39990000,2.533343527
0.39995000,2.533343527
0.40000000,2.533343527
0.40005000,2.533343527
0.40010000,2.533343527
0.40015000,2.533343527
0.40020000,2.533343527
0.40025000,2.533343527
0.40030000,2.533343527
0.40035000,2.533343527
0.40040000,2.533343527
0.40045000,2.533343527
0.40050000,2.533343527
0.40055000,2.533343527
0.40060000,2.533343527
0.40065000,2.533343527
0.40070000,2.533343527
0.40075000,2.533343527
0.40080000,2.533343527
0.40085000,2.533343527
0.40090000,2.533343527
0.40095000,2.533343527
0.40100000,2.533343527
0.40105000,2.533343527
0.40110000,2.533343527
0.40115000,2.533343527
0.40120000,2.533343527
0.40125000,2.533343527
0.40130000,2.533343527
0.40135000,2.533343527
0.40140000,2.533343527
0.40145000,2.533343527
0.40150000,2.533343527
0.40155000,2.533343527
0.40160000,2.533343527
0.40165000,2.533343527
0.40170000,2.533343527
0.40175000,2.533343527
0.40180000,2.533343527
0.40185000,2.533343527
0.40190000,2.533343527
0.40195000,2.533343527
0.40200000,2.533343527
0.40205000,2.533343527
0.40210000,2.533343527
0.40215000,2.533343527
0.40220000,2.533343527
0.40225000,2.533343527
0.40230000,2.533343527
0.40235000,2.533343527
0.40240000,2.533343527
0.40245000,2.533343527
0.40250000,2.533343527
0.40255000,2.533343527
0.40260000,2.533343527
0.40265000,2.533343527
0.40270000,2.533343527
0.40275000,2.533343527
0.40280000,2.533343527
0.40285000,2.533343527
0.40290000,2.533343527
0.40295000,2.533343527
0.40300000,2.533343527
0.40305000,2.533343527
0.40310000,2.533343527
0.40315000,2.533343527
0.40320000,2.533343527
0.40325000,2.533343527
0.40330000,2.533343527
0.40335000,2.533343527
0.40340000,2.533343527
0.40345000,2.533343527
0.40350000,2.533343527
0.40355000,2.533343527
0.40360000,2.533343527
0.40365000,2.533343527
0.40370000,2.533343527
0.40375000,2.533343527
0.40380000,2.533343527
0.40385000,2.533343527
0.40390000,2.533343527
0.40395000,2.533343527
0.40400000,2.533343527
0.40405000,2.533343527
0.40410000,2.533343527
0.40415000,2.533343527
0.40420000,2.533343527
0.40425000,2.533343527
0.40430000,2.533343527
0.40435000,2.533343527
0.40440000,2.533343527
0.40445000,2.533343527
0.40450000,2.533343527
0.40455000,2.533343527
0.40460000,2.533343527
0.40465000,2.533343527
0.40470000,2.533343527
0.40475000,2.533343527
0.40480000,2.533343527
0.40485000,2.533343527
0.40490000,2.533343527
0.40495000,2.533343527
0.40500000,2.533343527
0.40505000,2.533343527
0.40510000,2.533343527
0.40515000,2.533343527
0.40520000,2.533343527
0.40525000,2.533343527
0.40530000,2.533343527
0.40535000,2.533343527
0.40540000,2.533343527
0.40545000,2.533343527
0.40550000,2.533343527
0.40555000,2.533343527
0.40560000,2.533343527
0.40565000,2.533343527
0.40570000,2.533343527
0.40575000,2.533343527
0.40580000,2.533343527
0.40585000,2.533343527
0.40590000,2.533343527
0.40595000,2.533343527
0.40600000,2.533343527
0.40605000,2.533343527
0.40610000,2.533343527
0.40615000,2.533343527
0.40620000,2.533343527
0.40625000,2.533343527
0.40630000,2.533343527
0.40635000,2.533343527
0.40640000,2.533343527
0.40645000,2.533343527
0.40650000,2.533343527
0.40655000,2.533343527
0.40660000,2.533343527
0.40665000,2.533343527
0.40670000,2.533343527
0.40675000,2.533343527
0.40680000,2.533343527
0.40685000,2.533343527
0.40690000,2.533343527
0.40695000,2.533343527
0.40700000,2.533343527
0.40705000,2.533343527
0.40710000,2.533343527
0.40715000,2.533343527
0.40720000,2.533343527
0.40725000,2.533343527
0.40730000,2.533343527
0.40735000,2.533343527
0.40740000,2.533343527
0.40745000,2.533343527
0.40750000,2.533343527
0.40755000,2.533343527
0.40760000,2.533343527
0.40765000,2.533343527
0.40770000,2.533343527
0.40775000,2.533343527
0.40780000,2.533343527
0.40785000,2.533343527
0.40790000,2.533343527
0.40795000,2.533343527
0.40800000,2.533343527
0.40805000,2.533343527
0.40810000,2.533343527
0.40815000,2.533343527
0.40820000,2.533343527
0.40825000,2.533343527
0.40830000,2.533343527
0.40835000,2.533343527
0.40840000,2.533343527
0.40845000,2.533343527
0.40850000,2.533343527
0.40855000,2.533343527
0.40860000,2.533343527
0.40865000,2.533343527
0.40870000,2.533343527
0.40875000,2.533343527
0.40880000,2.533343527
0.40885000,2.533343527
0.40890000,2.533343527
0.40895000,2.533343527
0.40900000,2.533343527
0.40905000,2.533343527
0.40910000,2.533343527
0.40915000,2.533343527
0.40920000,2.533343527
0.40925000,2.533343527
0.40930000,2.533343527
0.40935000,2.533343527
0.40940000,2.533343527
0.40945000,2.533343527
0.40950000,2.533343527
0.40955000,2.533343527
0.40960000,2.533343527
0.40965000,2.533343527
0.40970000,2.533343527
0.40975000,2.533343527
0.40980000,2.533343527
0.40985000,2.533343527
0.40990000,2.533343527
0.40995000,2.533343527
0.41000000,2.533343527
0.41005000,2.533343527
0.41010000,2.533343527
0.41015000,2.533343527
0.41020000,2.533343527
0.41025000,2.533343527
0.41030000,2.533343527
0.41035000,2.533343527
0.41040000,2.533343527
0.41045000,2.533343527
0.41050000,2.533343527
0.41055000,2.533343527
0.41060000,2.533343527
0.41065000,2.533343527
0.41070000,2.533343527
0.41075000,2.533343527
0.41080000,2.533343527
0.41085000,2.533343527
0.41090000,2.533343527
0.41095000,2.533343527
0.41100000,2.533343527
0.41105000,2.533343527
0.41110000,2.533343527
0.41115000,2.533343527
0.41120000,2.533343527
0.41125000,2.533343527
0.41130000,2.533343527
0.41135000,2.533343527
0.41140000,2.533343527
0.41145000,2.533343527
0.41150000,2.533343527
0.41155000,2.533343527
0.41160000,2.533343527
0.41165000,2.533343527
0.41170000,2.533343527
0.41175000,2.533343527
0.41180000,2.533343527
0.41185000,2.533343527
0.41190000,2.533343527
0.41195000,2.533343527
0.41200000,2.533343527
0.41205000,2.533343527
0.41210000,2.533343527
0.41215000,2.533343527
0.41220000,2.533343527
0.41225000,2.533343527
0.41230000,2.533343527
0.41235000,2.533343527
0.41240000,2.533343527
0.41245000,2.533343527
0.41250000,2.533343527
0.41255000,2.533343527
0.41260000,2.533343527
0.41265000,2.533343527
0.41270000,2.533343527
0.41275000,2.533343527
0.41280000,2.533343527
0.41285000,2.533343527
0.41290000,2.533343527
0.41295000,2.533343527
0.41300000,2.533343527
0.41305000,2.533343527
0.41310000,2.533343527
0.41315000,2.533343527
0.41320000,2.533343527
0.41325000,2.533343527
0.41330000,2.533343527
0.41335000,2.533343527
0.41340000,2.533343527
0.41345000,2.533343527
0.41350000,2.533343527
0.41355000,2.533343527
0.41360000,2.533343527
0.41365000,2.533343527
0.41370000,2.533343527
0.41375000,2.533343527
0.41380000,2.533343527
0.41385000,2.533343527
0.41390000,2.533343527
0.41395000,2.533343527
0.41400000,2.533343527
0.41405000,2.533343527
0.41410000,2.533343527
0.41415000,2.533343527
0.41420000,2.533343527
0.41425000,2.533343527
0.41430000,2.533343527
0.41435000,2.533343527
0.41440000,2.533343527
0.41445000,2.533343527
0.41450000,2.533343527
0.41455000,2.533343527
0.41460000,2.533343527
0.41465000,2.533343527
0.41470000,2.533343527
0.41475000,2.533343527
0.41480000,2.533343527
0.41485000,2.533343527
0.41490000,2.533343527
0.41495000,2.533343527
0.41500000,2.533343527
0.41505000,2.533343527
0.41510000,2.533343527
0.41515000,2.533343527
0.41520000,2.533343527
0.41525000,2.533343527
0.41530000,2.533343527
0.41535000,2.533343527
0.41540000,2.533343527
0.41545000,2.533343527
0.41550000,2.533343527
0.41555000,2.533343527
0.41560000,2.533343527
0.41565000,2.533343527
0.41570000,2.533343527
0.41575000,2.533343527
0.41580000,2.533343527
0.41585000,2.533343527
0.41590000,2.533343527
0.41595000,2.533343527
0.41600000,2.533343527
0.41605000,2.533343527
0.41610000,2.533343527
0.41615000,2.533343527
0.41620000,2.533343527
0.41625000,2.533343527
0.41630000,2.533343527
0.41635000,2.533343527
0.41640000,2.533343527
0.41645000,2.533343527
0.41650000,2.533343527
0.41655000,2.533343527
0.41660000,2.533343527
0.41665000,2.533343527
0.41670000,2.533343527
0.41675000,2.533343527
0.41680000,2.533343527
0.41685000,2.533343527
0.41690000,2.533343527
0.41695000,2.533343527
0.41700000,2.533343527
0.41705000,2.533343527
0.41710000,2.533343527
0.41715000,2.533343527
0.41720000,2.533343527
0.41725000,2.533343527
0.41730000,2.533343527
0.41735000,2.533343527
0.41740000,2.533343527
0.41745000,2.533343527
0.41750000,2.533343527
0.41755000,2.533343527
0.41760000,2.533343527
0.41765000,2.533343527
0.41770000,2.533343527
0.41775000,2.533343527
0.41780000,2.533343527
0.41785000,2.533343527
0.41790000,2.533343527
0.41795000,2.533343527
0.41800000,2.533343527
0.41805000,2.533343527
0.41810000,2.533343527
0.41815000,2.533343527
0.41820000,2.533343527
0.41825000,2.533343527
0.41830000,2.533343527
0.41835000,2.533343527
0.41840000,2.533343527
0.41845000,2.533343527
0.41850000,2.533343527
0.41855000,2.533343527
0.41860000,2.533343527
0.41865000,2.533343527
0.41870000,2.533343527
0.41875000,2.533343527
0.41880000,2.533343527
0.41885000,2.533343527
0.41890000,2.533343527
0.41895000,2.533343527
0.41900000,2.533343527
0.41905000,2.533343527
0.41910000,2.533343527
0.41915000,2.533343527
0.41920000,2.533343527
0.41925000,2.533343527
0.41930000,2.533343527
0.41935000,2.533343527
0.41940000,2.533343527
0.41945000,2.533343527
0.41950000,2.533343527
0.41955000,2.533343527
0.41960000,2.533343527
0.41965000,2.533343527
0.41970000,2.533343527
0.41975000,2.533343527
0.41980000,2.533343527
0.41985000,2.533343527
0.41990000,2.533343527
0.41995000,2.533343527
0.42000000,2.533343527
0.42005000,2.533343527
0.42010000,2.533343527
0.42015000,2.533343527
0.42020000,2.533343527
0.42025000,2.533343527
0.42030000,2.533343527
0.42035000,2.533343527
0.42040000,2.533343527
0.42045000,2.533343527
0.42050000,2.533343527
0.42055000,2.533343527
0.42060000,2.533343527
0.42065000,2.533343527
0.42070000,2.533343527
0.42075000,2.533343527
0.42080000,2.533343527
0.42085000,2.533343527
0.42090000,2.533343527
0.42095000,2.533343527
0.42100000,2.533343527
0.42105000,2.533343527
0.42110000,2.533343527
0.42115000,2.533343527
0.42120000,2.533343527
0.42125000,2.533343527
0.42130000,2.533343527
0.42135000,2.533343527
0.42140000,2.533343527
0.42145000,2.533343527
0.42150000,2.533343527
0.42155000,2.533343527
0.42160000,2.533343527
0.42165000,2.533343527
0.42170000,2.533343527
0.42175000,2.533343527
0.42180000,2.533343527
0.42185000,2.533343527
0.42190000,2.533343527
0.42195000,2.533343527
0.42200000,2.533343527
0.42205000,2.533343527
0.42210000,2.533343527
0.42215000,2.533343527
0.42220000,2.533343527
0.42225000,2.533343527
0.42230000,2.533343527
0.42235000,2.533343527
0.42240000,2.533343527
0.42245000,2.533343527
0.42250000,2.533343527
0.42255000,2.533343527
0.42260000,2.533343527
0.42265000,2.533343527
0.42270000,2.533343527
0.42275000,2.533343527
0.42280000,2.533343527
0.42285000,2.533343527
0.42290000,2.533343527
0.42295000,2.533343527
0.42300000,2.533343527
0.42305000,2.533343527
0.42310000,2.533343527
0.42315000,2.533343527
0.42320000,2.533343527
0.42325000,2.533343527
0.42330000,2.533343527
0.42335000,2.533343527
0.42340000,2.533343527
0.42345000,2.533343527
0.42350000,2.533343527
0.42355000,2.533343527
0.42360000,2.533343527
0.42365000,2.533343527
0.42370000,2.533343527
0.42375000,2.533343527
0.42380000,2.533343527
0.42385000,2.533343527
0.42390000,2.533343527
0.42395000,2.533343527
0.42400000,2.533343527
0.42405000,2.533343527
0.42410000,2.533343527
0.42415000,2.533343527
0.42420000,2.533343527
0.42425000,2.533343527
0.42430000,2.533343527
0.42435000,2.533343527
0.42440000,2.533343527
0.42445000,2.533343527
0.42450000,2.533343527
0.42455000,2.533343527
0.42460000,2.533343527
0.42465000,2.533343527
0.42470000,2.533343527
0.42475000,2.533343527
0.42480000,2.533343527
0.42485000,2.533343527
0.42490000,2.533343527
0.42495000,2.533343527
0.42500000,2.533343527
0.42505000,2.533343527
0.42510000,2.533343527
0.42515000,2.533343527
0.42520000,2.533343527
0.42525000,2.533343527
0.42530000,2.533343527
0.42535000,2.533343527
0.42540000,2.533343527
0.42545000,2.533343527
0.42550000,2.533343527
0.42555000,2.533343527
0.42560000,2.533343527
0.42565000,2.533343527
0.42570000,2.533343527
0.42575000,2.533343527
0.42580000,2.533343527
0.42585000,2.533343527
0.42590000,2.533343527
0.42595000,2.533343527
0.42600000,2.533343527
0.42605000,2.533343527
0.42610000,2.533343527
0.42615000,2.533343527
0.42620000,2.533343527
0.42625000,2.533343527
0.42630000,2.533343527
0.42635000,2.533343527
0.42640000,2.533343527
0.42645000,2.533343527
0.42650000,2.533343527
0.42655000,2.533343527
0.42660000,2.533343527
0.42665000,2.533343527
0.42670000,2.533343527
0.42675000,2.533343527
0.42680000,2.533343527
0.42685000,2.533343527
0.42690000,2.533343527
0.42695000,2.533343527
0.42700000,2.533343527
0.42705000,2.533343527
0.42710000,2.533343527
0.42715000,2.533343527
0.42720000,2.533343527
0.42725000,2.533343527
0.42730000,2.533343527
0.42735000,2.533343527
0.42740000,2.533343527
0.42745000,2.533343527
0.42750000,2.533343527
0.42755000,2.533343527
0.42760000,2.533343527
0.42765000,2.533343527
0.42770000,2.533343527
0.42775000,2.533343527
0.42780000,2.533343527
0.42785000,2.533343527
0.42790000,2.533343527
0.42795000,2.533343527
0.42800000,2.533343527
0.42805000,2.533343527
0.42810000,2.533343527
0.42815000,2.533343527
0.42820000,2.533343527
0.42825000,2.533343527
0.42830000,2.533343527
0.42835000,2.533343527
0.42840000,2.533343527
0.42845000,2.533343527
0.42850000,2.533343527
0.42855000,2.533343527
0.42860000,2.533343527
0.42865000,2.533343527
0.42870000,2.533343527
0.42875000,2.533343527
0.42880000,2.533343527
0.42885000,2.533343527
0.42890000,2.533343527
0.42895000,2.533343527
0.42900000,2.533343527
0.42905000,2.533343527
0.42910000,2.533343527
0.42915000,2.533343527
0.42920000,2.533343527
0.42925000,2.533343527
0.42930000,2.533343527
0.42935000,2.533343527
0.42940000,2.533343527
0.42945000,2.533343527
0.42950000,2.533343527
0.42955000,2.533343527
0.42960000,2.533343527
0.42965000,2.533343527
0.42970000,2.533343527
0.42975000,2.533343527
0.42980000,2.533343527
0.42985000,2.533343527
0.42990000,2.533343527
0.42995000,2.533343527
0.43000000,2.533343527
0.43005000,2.533343527
0.43010000,2.533343527
0.43015000,2.533343527
0.43020000,2.533343527
0.43025000,2.533343527
0.43030000,2.533343527
0.43035000,2.533343527
0.43040000,2.533343527
0.43045000,2.533343527
0.43050000,2.533343527
0.43055000,2.533343527
0.43060000,2.533343527
0.43065000,2.533343527
0.43070000,2.533343527
0.43075000,2.533343527
0.43080000,2.533343527
0.43085000,2.533343527
0.43090000,2.533343527
0.43095000,2.533343527
0.43100000,2.533343527
0.43105000,2.533343527
0.43110000,2.533343527
0.43115000,2.533343527
0.43120000,2.533343527
0.43125000,2.533343527
0.43130000,2.533343527
0.43135000,2.533343527
0.43140000,2.533343527
0.43145000,2.533343527
0.43150000,2.533343527
0.43155000,2.533343527
0.43160000,2.533343527
0.43165000,2.533343527
0.43170000,2.533343527
0.43175000,2.533343527
0.43180000,2.533343527
0.43185000,2.533343527
0.43190000,2.533343527
0.43195000,2.533343527
0.43200000,2.533343527
0.43205000,2.533343527
0.43210000,2.533343527
0.43215000,2.533343527
0.43220000,2.533343527
0.43225000,2.533343527
0.43230000,2.533343527
0.43235000,2.533343527
0.43240000,2.533343527
0.43245000,2.533343527
0.43250000,2.533343527
0.43255000,2.533343527
0.43260000,2.533343527
0.43265000,2.533343527
0.43270000,2.533343527
0.43275000,2.533343527
0.43280000,2.533343527
0.43285000,2.533343527
0.43290000,2.533343527
0.43295000,2.533343527
0.43300000,2.533343527
0.43305000,2.533343527
0.43310000,2.533343527
0.43315000,2.533343527
0.43320000,2.533343527
0.43325000,2.533343527
0.43330000,2.533343527
0.43335000,2.533343527
0.43340000,2.533343527
0.43345000,2.533343527
0.43350000,2.533343527
0.43355000,2.533343527
0.43360000,2.533343527
0.43365000,2.533343527
0.43370000,2.533343527
0.43375000,2.533343527
0.43380000,2.533343527
0.43385000,2.533343527
0.43390000,2.533343527
0.43395000,2.533343527
0.43400000,2.533343527
0.43405000,2.533343527
0.43410000,2.533343527
0.43415000,2.533343527
0.43420000,2.533343527
0.43425000,2.533343527
0.43430000,2.533343527
0.43435000,2.533343527
0.43440000,2.533343527
0.43445000,2.533343527
0.43450000,2.533343527
0.43455000,2.533343527
0.43460000,2.533343527
0.43465000,2.533343527
0.43470000,2.533343527
0.43475000,2.533343527
0.43480000,2.533343527
0.43485000,2.533343527
0.43490000,2.533343527
0.43495000,2.533343527
0.43500000,2.533343527
0.43505000,2.533343527
0.43510000,2.533343527
0.43515000,2.533343527
0.43520000,2.533343527
0.43525000,2.533343527
0.43530000,2.533343527
0.43535000,2.533343527
0.43540000,2.533343527
0.43545000,2.533343527
0.43550000,2.533343527
0.43555000,2.533343527
0.43560000,2.533343527
0.43565000,2.533343527
0.43570000,2.533343527
0.43575000,2.533343527
0.43580000,2.533343527
0.43585000,2.533343527
0.43590000,2.533343527
0.43595000,2.533343527
0.43600000,2.533343527
0.43605000,2.533343527
0.43610000,2.533343527
0.43615000,2.533343527
0.43620000,2.533343527
0.43625000,2.533343527
0.43630000,2.533343527
0.43635000,2.533343527
0.43640000,2.533343527
0.43645000,2.533343527
0.43650000,2.533343527
0.43655000,2.533343527
0.43660000,2.533343527
0.43665000,2.533343527
0.43670000,2.533343527
0.43675000,2.533343527
0.43680000,2.533343527
0.43685000,2.533343527
0.43690000,2.533343527
0.43695000,2.533343527
0.43700000,2.533343527
0.43705000,2.533343527
0.43710000,2.533343527
0.43715000,2.533343527
0.43720000,2.533343527
0.43725000,2.533343527
0.43730000,2.533343527
0.43735000,2.533343527
0.43740000,2.533343527
0.43745000,2.533343527
0.43750000,2.533343527
0.43755000,2.533343527
0.43760000,2.533343527
0.43765000,2.533343527
0.43770000,2.533343527
0.43775000,2.533343527
0.43780000,2.533343527
0.43785000,2.533343527
0.43790000,2.533343527
0.43795000,2.533343527
0.43800000,2.533343527
0.43805000,2.533343527
0.43810000,2.533343527
0.43815000,2.533343527
0.43820000,2.533343527
0.43825000,2.533343527
0.43830000,2.533343527
0.43835000,2.533343527
0.43840000,2.533343527
0.43845000,2.533343527
0.43850000,2.533343527
0.43855000,2.533343527
0.43860000,2.533343527
0.43865000,2.533343527
0.43870000,2.533343527
0.43875000,2.533343527
0.43880000,2.533343527
0.43885000,2.533343527
0.43890000,2.533343527
0.43895000,2.533343527
0.43900000,2.533343527
0.43905000,2.533343527
0.43910000,2.533343527
0.43915000,2.533343527
0.43920000,2.533343527
0.43925000,2.533343527
0.43930000,2.533343527
0.43935000,2.533343527
0.43940000,2.533343527
0.43945000,2.533343527
0.43950000,2.533343527
0.43955000,2.533343527
0.43960000,2.533343527
0.43965000,2.533343527
0.43970000,2.533343527
0.43975000,2.533343527
0.43980000,2.533343527
0.43985000,2.533343527
0.43990000,2.533343527
0.43995000,2.533343527
0.44000000,2.533343527
0.44005000,2.533343527
0.44010000,2.533343527
0.44015000,2.533343527
0.44020000,2.533343527
0.44025000,2.533343527
0.44030000,2.533343527
0.44035000,2.533343527
0.44040000,2.533343527
0.44045000,2.533343527
0.44050000,2.533343527
0.44055000,2.533343527
0.44060000,2.533343527
0.44065000,2.533343527
0.44070000,2.533343527
0.44075000,2.533343527
0.44080000,2.533343527
0.44085000,2.533343527
0.44090000,2.533343527
0.44095000,2.533343527
0.44100000,2.533343527
0.44105000,2.533343527
0.44110000,2.533343527
0.44115000,2.533343527
0.44120000,2.533343527
0.44125000,2.533343527
0.44130000,2.533343527
0.44135000,2.533343527
0.44140000,2.533343527
0.44145000,2.533343527
0.44150000,2.533343527
0.44155000,2.533343527
0.44160000,2.533343527
0.44165000,2.533343527
0.44170000,2.533343527
0.44175000,2.533343527
0.44180000,2.533343527
0.44185000,2.533343527
0.44190000,2.533343527
0.44195000,2.533343527
0.44200000,2.533343527
0.44205000,2.533343527
0.44210000,2.533343527
0.44215000,2.533343527
0.44220000,2.533343527
0.44225000,2.533343527
0.44230000,2.533343527
0.44235000,2.533343527
0.44240000,2.533343527
0.44245000,2.533343527
0.44250000,2.533343527
0.44255000,2.533343527
0.44260000,2.533343527
0.44265000,2.533343527
0.44270000,2.533343527
0.44275000,2.533343527
0.44280000,2.533343527
0.44285000,2.533343527
0.44290000,2.533343527
0.44295000,2.533343527
0.44300000,2.533343527
0.44305000,2.533343527
0.44310000,2.533343527
0.44315000,2.533343527
0.44320000,2.533343527
0.44325000,2.533343527
0.44330000,2.533343527
0.44335000,2.533343527
0.44340000,2.533343527
0.44345000,2.533343527
0.44350000,2.533343527
0.44355000,2.533343527
0.44360000,2.533343527
0.44365000,2.533343527
0.44370000,2.533343527
0.44375000,2.533343527
0.44380000,2.533343527
0.44385000,2.533343527
0.44390000,2.533343527
0.44395000,2.533343527
0.44400000,2.533343527
0.44405000,2.533343527
0.44410000,2.533343527
0.44415000,2.533343527
0.44420000,2.533343527
0.44425000,2.533343527
0.44430000,2.533343527
0.44435000,2.533343527
0.44440000,2.533343527
0.44445000,2.533343527
0.44450000,2.533343527
0.44455000,2.533343527
0.44460000,2.533343527
0.44465000,2.533343527
0.44470000,2.533343527
0.44475000,2.533343527
0.44480000,2.533343527
0.44485000,2.533343527
0.44490000,2.533343527
0.44495000,2.533343527
0.44500000,2.533343527
0.44505000,2.533343527
0.44510000,2.533343527
0.44515000,2.533343527
0.44520000,2.533343527
0.44525000,2.533343527
0.44530000,2.533343527
0.44535000,2.533343527
0.44540000,2.533343527
0.44545000,2.533343527
0.44550000,2.533343527
0.44555000,2.533343527
0.44560000,2.533343527
0.44565000,2.533343527
0.44570000,2.533343527
0.44575000,2.533343527
0.44580000,2.533343527
0.44585000,2.533343527
0.44590000,2.533343527
0.44595000,2.533343527
0.44600000,2.533343527
0.44605000,2.533343527
0.44610000,2.533343527
0.44615000,2.533343527
0.44620000,2.533343527
0.44625000,2.533343527
0.44630000,2.533343527
0.44635000,2.533343527
0.44640000,2.533343527
0.44645000,2.533343527
0.44650000,2.533343527
0.44655000,2.533343527
0.44660000,2.533343527
0.44665000,2.533343527
0.44670000,2.533343527
0.44675000,2.533343527
0.44680000,2.533343527
0.44685000,2.533343527
0.44690000,2.533343527
0.44695000,2.533343527
0.44700000,2.533343527
0.44705000,2.533343527
0.44710000,2.533343527
0.44715000,2.533343527
0.44720000,2.533343527
0.44725000,2.533343527
0.44730000,2.533343527
0.44735000,2.533343527
0.44740000,2.533343527
0.44745000,2.533343527
0.44750000,2.533343527
0.44755000,2.533343527
0.44760000,2.533343527
0.44765000,2.533343527
0.44770000,2.533343527
0.44775000,2.533343527
0.44780000,2.533343527
0.44785000,2.533343527
0.44790000,2.533343527
0.44795000,2.533343527
0.44800000,2.533343527
0.44805000,2.533343527
0.44810000,2.533343527
0.44815000,2.533343527
0.44820000,2.533343527
0.44825000,2.533343527
0.44830000,2.533343527
0.44835000,2.533343527
0.44840000,2.533343527
0.44845000,2.533343527
0.44850000,2.533343527
0.44855000,2.533343527
0.44860000,2.533343527
0.44865000,2.533343527
0.44870000,2.533343527
0.44875000,2.533343527
0.44880000,2.533343527
0.44885000,2.533343527
0.44890000,2.533343527
0.44895000,2.533343527
0.44900000,2.533343527
0.44905000,2.533343527
0.44910000,2.533343527
0.44915000,2.533343527
0.44920000,2.533343527
0.44925000,2.533343527
0.44930000,2.533343527
0.44935000,2.533343527
0.44940000,2.533343527
0.44945000,2.533343527
0.44950000,2.533343527
0.44955000,2.533343527
0.44960000,2.533343527
0.44965000,2.533343527
0.44970000,2.533343527
0.44975000,2.533343527
0.44980000,2.533343527
0.44985000,2.533343527
0.44990000,2.533343527
0.44995000,2.533343527
0.45000000,44.286656473
0.45005000,44.286656473
0.45010000,44.286656473
0.45015000,44.286656473
0.45020000,44.286656473
0.45025000,44.286656473
0.45030000,44.286656473
0.45035000,44.286656473
0.45040000,44.286656473
0.45045000,44.286656473
0.45050000,44.286656473
0.45055000,44.286656473
0.45060000,44.286656473
0.45065000,44.286656473
0.45070000,44.286656473
0.45075000,44.286656473
0.45080000,44.286656473
0.45085000,44.286656473
0.45090000,44.286656473
0.45095000,44.286656473
0.45100000,44.286656473
0.45105000,44.286656473
0.45110000,44.286656473
0.45115000,44.286656473
0.45120000,44.286656473
0.45125000,44.286656473
0.45130000,44.286656473
0.45135000,44.286656473
0.45140000,44.286656473
0.45145000,44.286656473
0.45150000,44.286656473
0.45155000,44.286656473
0.45160000,44.286656473
0.45165000,44.286656473
0.45170000,44.286656473
0.45175000,44.286656473
0.45180000,44.286656473
0.45185000,44.286656473
0.45190000,44.286656473
0.45195000,44.286656473
0.45200000,44.286656473
0.45205000,44.286656473
0.45210000,44.286656473
0.45215000,44.286656473
0.45220000,44.286656473
0.45225000,44.286656473
0.45230000,44.286656473
0.45235000,44.286656473
0.45240000,44.286656473
0.45245000,44.286656473
0.45250000,44.286656473
0.45255000,44.286656473
0.45260000,44.286656473
0.45265000,44.286656473
0.45270000,44.286656473
0.45275000,44.286656473
0.45280000,44.286656473
0.45285000,44.286656473
0.45290000,44.286656473
0.45295000,44.286656473
0.45300000,44.286656473
0.45305000,44.286656473
0.45310000,44.286656473
0.45315000,44.286656473
0.45320000,44.286656473
0.45325000,44.286656473
0.45330000,44.286656473
0.45335000,44.286656473
0.45340000,44.286656473
0.45345000,44.286656473
0.45350000,44.286656473
0.45355000,44.286656473
0.45360000,44.286656473
0.45365000,44.286656473
0.45370000,44.286656473
0.45375000,44.286656473
0.45380000,44.286656473
0.45385000,44.286656473
0.45390000,44.286656473
0.45395000,44.286656473
0.45400000,44.286656473
0.45405000,44.286656473
0.45410000,44.286656473
0.45415000,44.286656473
0.45420000,44.286656473
0.45425000,44.286656473
0.45430000,44.286656473
0.45435000,44.286656473
0.45440000,44.286656473
0.45445000,44.286656473
0.45450000,44.286656473
0.45455000,44.286656473
0.45460000,44.286656473
0.45465000,44.286656473
0.45470000,44.286656473
0.45475000,44.286656473
0.45480000,44.286656473
0.45485000,44.286656473
0.45490000,44.286656473
0.45495000,44.286656473
0.45500000,44.286656473
0.45505000,44.286656473
0.45510000,44.286656473
0.45515000,44.286656473
0.45520000,44.286656473
0.45525000,44.286656473
0.45530000,44.286656473
0.45535000,44.286656473
0.45540000,44.286656473
0.45545000,44.286656473
0.45550000,44.286656473
0.45555000,44.286656473
0.45560000,44.286656473
0.45565000,44.286656473
0.45570000,44.286656473
0.45575000,44.286656473
0.45580000,44.286656473
0.45585000,44.286656473
0.45590000,44.286656473
0.45595000,44.286656473
0.45600000,44.286656473
0.45605000,44.286656473
0.45610000,44.286656473
0.45615000,44.286656473
0.45620000,44.286656473
0.45625000,44.286656473
0.45630000,44.286656473
0.45635000,44.286656473
0.45640000,44.286656473
0.45645000,44.286656473
0.45650000,44.286656473
0.45655000,44.286656473
0.45660000,44.286656473
0.45665000,44.286656473
0.45670000,44.286656473
0.45675000,44.286656473
0.45680000,44.286656473
0.45685000,44.286656473
0.45690000,44.286656473
0.45695000,44.286656473
0.45700000,44.286656473
0.45705000,44.286656473
0.45710000,44.286656473
0.45715000,44.286656473
0.45720000,44.286656473
0.45725000,44.286656473
0.45730000,44.286656473
0.45735000,44.286656473
0.45740000,44.286656473
0.45745000,44.286656473
0.45750000,44.286656473
0.45755000,44.286656473
0.45760000,44.286656473
0.45765000,44.286656473
0.45770000,44.286656473
0.45775000,44.286656473
0.45780000,44.286656473
0.45785000,44.286656473
0.45790000,44.286656473
0.45795000,44.286656473
0.45800000,44.286656473
0.45805000,44.286656473
0.45810000,44.286656473
0.45815000,44.286656473
0.45820000,44.286656473
0.45825000,44.286656473
0.45830000,44.286656473
0.45835000,44.286656473
0.45840000,44.286656473
0.45845000,44.286656473
0.45850000,44.286656473
0.45855000,44.286656473
0.45860000,44.286656473
0.45865000,44.286656473
0.45870000,44.286656473
0.45875000,44.286656473
0.45880000,44.286656473
0.45885000,44.286656473
0.45890000,44.286656473
0.45895000,44.286656473
0.45900000,44.286656473
0.45905000,44.286656473
0.45910000,44.286656473
0.45915000,44.286656473
0.45920000,44.286656473
0.45925000,44.286656473
0.45930000,44.286656473
0.45935000,44.286656473
0.45940000,44.286656473
0.45945000,44.286656473
0.45950000,44.286656473
0.45955000,44.286656473
0.45960000,44.286656473
0.45965000,44.286656473
0.45970000,44.286656473
0.45975000,44.286656473
0.45980000,44.286656473
0.45985000,44.286656473
0.45990000,44.286656473
0.45995000,44.286656473
0.46000000,44.286656473
0.46005000,44.286656473
0.46010000,44.286656473
0.46015000,44.286656473
0.46020000,44.286656473
0.46025000,44.286656473
0.46030000,44.286656473
0.46035000,44.286656473
0.46040000,44.286656473
0.46045000,44.286656473
0.46050000,44.286656473
0.46055000,44.286656473
0.46060000,44.286656473
0.46065000,44.286656473
0.46070000,44.286656473
0.46075000,44.286656473
0.46080000,44.286656473
0.46085000,44.286656473
0.46090000,44.286656473
0.46095000,44.286656473
0.46100000,44.286656473
0.46105000,44.286656473
0.46110000,44.286656473
0.46115000,44.286656473
0.46120000,44.286656473
0.46125000,44.286656473
0.46130000,44.286656473
0.46135000,44.286656473
0.46140000,44.286656473
0.46145000,44.286656473
0.46150000,44.286656473
0.46155000,44.286656473
0.46160000,44.286656473
0.46165000,44.286656473
0.46170000,44.286656473
0.46175000,44.286656473
0.46180000,44.286656473
0.46185000,44.286656473
0.46190000,44.286656473
0.46195000,44.286656473
0.46200000,44.286656473
0.46205000,44.286656473
0.46210000,44.286656473
0.46215000,44.286656473
0.46220000,44.286656473
0.46225000,44.286656473
0.46230000,44.286656473
0.46235000,44.286656473
0.46240000,44.286656473
0.46245000,44.286656473
0.46250000,44.286656473
0.46255000,44.286656473
0.46260000,44.286656473
0.46265000,44.286656473
0.46270000,44.286656473
0.46275000,44.286656473
0.46280000,44.286656473
0.46285000,44.286656473
0.46290000,44.286656473
0.46295000,44.286656473
0.46300000,44.286656473
0.46305000,44.286656473
0.46310000,44.286656473
0.46315000,44.286656473
0.46320000,44.286656473
0.46325000,44.286656473
0.46330000,44.286656473
0.46335000,44.286656473
0.46340000,44.286656473
0.46345000,44.286656473
0.46350000,44.286656473
0.46355000,44.286656473
0.46360000,44.286656473
0.46365000,44.286656473
0.46370000,44.286656473
0.46375000,44.286656473
0.46380000,44.286656473
0.46385000,44.286656473
0.46390000,44.286656473
0.46395000,44.286656473
0.46400000,44.286656473
0.46405000,44.286656473
0.46410000,44.286656473
0.46415000,44.286656473
0.46420000,44.286656473
0.46425000,44.286656473
0.46430000,44.286656473
0.46435000,44.286656473
0.46440000,44.286656473
0.46445000,44.286656473
0.46450000,44.286656473
0.46455000,44.286656473
0.46460000,44.286656473
0.46465000,44.286656473
0.46470000,44.286656473
0.46475000,44.286656473
0.46480000,44.286656473
0.46485000,44.286656473
0.46490000,44.286656473
0.46495000,44.286656473
0.46500000,44.286656473
0.46505000,44.286656473
0.46510000,44.286656473
0.46515000,44.286656473
0.46520000,44.286656473
0.46525000,44.286656473
0.46530000,44.286656473
0.46535000,44.286656473
0.46540000,44.286656473
0.46545000,44.286656473
0.46550000,44.286656473
0.46555000,44.286656473
0.46560000,44.286656473
0.46565000,44.286656473
0.46570000,44.286656473
0.46575000,44.286656473
0.46580000,44.286656473
0.46585000,44.286656473
0.46590000,44.286656473
0.46595000,44.286656473
0.46600000,44.286656473
0.46605000,44.286656473
0.46610000,44.286656473
0.46615000,44.286656473
0.46620000,44.286656473
0.46625000,44.286656473
0.46630000,44.286656473
0.46635000,44.286656473
0.46640000,44.286656473
0.46645000,44.286656473
0.46650000,44.286656473
0.46655000,44.286656473
0.46660000,44.286656473
0.46665000,44.286656473
0.46670000,44.286656473
0.46675000,44.286656473
0.46680000,44.286656473
0.46685000,44.286656473
0.46690000,44.286656473
0.46695000,44.286656473
0.46700000,44.286656473
0.46705000,44.286656473
0.46710000,44.286656473
0.46715000,44.286656473
0.46720000,44.286656473
0.46725000,44.286656473
0.46730000,44.286656473
0.46735000,44.286656473
0.46740000,44.286656473
0.46745000,44.286656473
0.46750000,44.286656473
0.46755000,44.286656473
0.46760000,44.286656473
0.46765000,44.286656473
0.46770000,44.286656473
0.46775000,44.286656473
0.46780000,44.286656473
0.46785000,44.286656473
0.46790000,44.286656473
0.46795000,44.286656473
0.46800000,44.286656473
0.46805000,44.286656473
0.46810000,44.286656473
0.46815000,44.286656473
0.46820000,44.286656473
0.46825000,44.286656473
0.46830000,44.286656473
0.46835000,44.286656473
0.46840000,44.286656473
0.46845000,44.286656473
0.46850000,44.286656473
0.46855000,44.286656473
0.46860000,44.286656473
0.46865000,44.286656473
0.46870000,44.286656473
0.46875000,44.286656473
0.46880000,44.286656473
0.46885000,44.286656473
0.46890000,44.286656473
0.46895000,44.286656473
0.46900000,44.286656473
0.46905000,44.286656473
0.46910000,44.286656473
0.46915000,44.286656473
0.46920000,44.286656473
0.46925000,44.286656473
0.46930000,44.286656473
0.46935000,44.286656473
0.46940000,44.286656473
0.46945000,44.286656473
0.46950000,44.286656473
0.46955000,44.286656473
0.46960000,44.286656473
0.46965000,44.286656473
0.46970000,44.286656473
0.46975000,44.286656473
0.46980000,44.286656473
0.46985000,44.286656473
0.46990000,44.286656473
0.46995000,44.286656473
0.47000000,44.286656473
0.47005000,44.286656473
0.47010000,44.286656473
0.47015000,44.286656473
0.47020000,44.286656473
0.47025000,44.286656473
0.47030000,44.286656473
0.47035000,44.286656473
0.47040000,44.286656473
0.47045000,44.286656473
0.47050000,44.286656473
0.47055000,44.286656473
0.47060000,44.286656473
0.47065000,44.286656473
0.47070000,44.286656473
0.47075000,44.286656473
0.47080000,44.286656473
0.47085000,44.286656473
0.47090000,44.286656473
0.47095000,44.286656473
0.47100000,44.286656473
0.47105000,44.286656473
0.47110000,44.286656473
0.47115000,44.286656473
0.47120000,44.286656473
0.47125000,44.286656473
0.47130000,44.286656473
0.47135000,44.286656473
0.47140000,44.286656473
0.47145000,44.286656473
0.47150000,44.286656473
0.47155000,44.286656473
0.47160000,44.286656473
0.47165000,44.286656473
0.47170000,44.286656473
0.47175000,44.286656473
0.47180000,44.286656473
0.47185000,44.286656473
0.47190000,44.286656473
0.47195000,44.286656473
0.47200000,44.286656473
0.47205000,44.286656473
0.47210000,44.286656473
0.47215000,44.286656473
0.47220000,44.286656473
0.47225000,44.286656473
0.47230000,44.286656473
0.47235000,44.286656473
0.47240000,44.286656473
0.47245000,44.286656473
0.47250000,44.286656473
0.47255000,44.286656473
0.47260000,44.286656473
0.47265000,44.286656473
0.47270000,44.286656473
0.47275000,44.286656473
0.47280000,44.286656473
0.47285000,44.286656473
0.47290000,44.286656473
0.47295000,44.286656473
0.47300000,44.286656473
0.47305000,44.286656473
0.47310000,44.286656473
0.47315000,44.286656473
0.47320000,44.286656473
0.47325000,44.286656473
0.47330000,44.286656473
0.47335000,44.286656473
0.47340000,44.286656473
0.47345000,44.286656473
0.47350000,44.286656473
0.47355000,44.286656473
0.47360000,44.286656473
0.47365000,44.286656473
0.47370000,44.286656473
0.47375000,44.286656473
0.47380000,44.286656473
0.47385000,44.286656473
0.47390000,44.286656473
0.47395000,44.286656473
0.47400000,44.286656473
0.47405000,44.286656473
0.47410000,44.286656473
0.47415000,44.286656473
0.47420000,44.286656473
0.47425000,44.286656473
0.47430000,44.286656473
0.47435000,44.286656473
0.47440000,44.286656473
0.47445000,44.286656473
0.47450000,44.286656473
0.47455000,44.286656473
0.47460000,44.286656473
0.47465000,44.286656473
0.47470000,44.286656473
0.47475000,44.286656473
0.47480000,44.286656473
0.47485000,44.286656473
0.47490000,44.286656473
0.47495000,44.286656473
0.47500000,44.286656473
0.47505000,44.286656473
0.47510000,44.286656473
0.47515000,44.286656473
0.47520000,44.286656473
0.47525000,44.286656473
0.47530000,44.286656473
0.47535000,44.286656473
0.47540000,44.286656473
0.47545000,44.286656473
0.47550000,44.286656473
0.47555000,44.286656473
0.47560000,44.286656473
0.47565000,44.286656473
0.47570000,44.286656473
0.47575000,44.286656473
0.47580000,44.286656473
0.47585000,44.286656473
0.47590000,44.286656473
0.47595000,44.286656473
0.47600000,44.286656473
0.47605000,44.286656473
0.47610000,44.286656473
0.47615000,44.286656473
0.47620000,44.286656473
0.47625000,44.286656473
0.47630000,44.286656473
0.47635000,44.286656473
0.47640000,44.286656473
0.47645000,44.286656473
0.47650000,44.286656473
0.47655000,44.286656473
0.47660000,44.286656473
0.47665000,44.286656473
0.47670000,44.286656473
0.47675000,44.286656473
0.47680000,44.286656473
0.47685000,44.286656473
0.47690000,44.286656473
0.47695000,44.286656473
0.47700000,44.286656473
0.47705000,44.286656473
0.47710000,44.286656473
0.47715000,44.286656473
0.47720000,44.286656473
0.47725000,44.286656473
0.47730000,44.286656473
0.47735000,44.286656473
0.47740000,44.286656473
0.47745000,44.286656473
0.47750000,44.286656473
0.47755000,44.286656473
0.47760000,44.286656473
0.47765000,44.286656473
0.47770000,44.286656473
0.47775000,44.286656473
0.47780000,44.286656473
0.47785000,44.286656473
0.47790000,44.286656473
0.47795000,44.286656473
0.47800000,44.286656473
0.47805000,44.286656473
0.47810000,44.286656473
0.47815000,44.286656473
0.47820000,44.286656473
0.47825000,44.286656473
0.47830000,44.286656473
0.47835000,44.286656473
0.47840000,44.286656473
0.47845000,44.286656473
0.47850000,44.286656473
0.47855000,44.286656473
0.47860000,44.286656473
0.47865000,44.286656473
0.47870000,44.286656473
0.47875000,44.286656473
0.47880000,44.286656473
0.47885000,44.286656473
0.47890000,44.286656473
0.47895000,44.286656473
0.47900000,44.286656473
0.47905000,44.286656473
0.47910000,44.286656473
0.47915000,44.286656473
0.47920000,44.286656473
0.47925000,44.286656473
0.47930000,44.286656473
0.47935000,44.286656473
0.47940000,44.286656473
0.47945000,44.286656473
0.47950000,44.286656473
0.47955000,44.286656473
0.47960000,44.286656473
0.47965000,44.286656473
0.47970000,44.286656473
0.47975000,44.286656473
0.47980000,44.286656473
0.47985000,44.286656473
0.47990000,44.286656473
0.47995000,44.286656473
0.48000000,44.286656473
0.48005000,44.286656473
0.48010000,44.286656473
0.48015000,44.286656473
0.48020000,44.286656473
0.48025000,44.286656473
0.48030000,44.286656473
0.48035000,44.286656473
0.48040000,44.286656473
0.48045000,44.286656473
0.48050000,44.286656473
0.48055000,44.286656473
0.48060000,44.286656473
0.48065000,44.286656473
0.48070000,44.286656473
0.48075000,44.286656473
0.48080000,44.286656473
0.48085000,44.286656473
0.48090000,44.286656473
0.48095000,44.286656473
0.48100000,44.286656473
0.48105000,44.286656473
0.48110000,44.286656473
0.48115000,44.286656473
0.48120000,44.286656473
0.48125000,44.286656473
0.48130000,44.286656473
0.48135000,44.286656473
0.48140000,44.286656473
0.48145000,44.286656473
0.48150000,44.286656473
0.48155000,44.286656473
0.48160000,44.286656473
0.48165000,44.286656473
0.48170000,44.286656473
0.48175000,44.286656473
0.48180000,44.286656473
0.48185000,44.286656473
0.48190000,44.286656473
0.48195000,44.286656473
0.48200000,44.286656473
0.48205000,44.286656473
0.48210000,44.286656473
0.48215000,44.286656473
0.48220000,44.286656473
0.48225000,44.286656473
0.48230000,44.286656473
0.48235000,44.286656473
0.48240000,44.286656473
0.48245000,44.286656473
0.48250000,44.286656473
0.48255000,44.286656473
0.48260000,44.286656473
0.48265000,44.286656473
0.48270000,44.286656473
0.48275000,44.286656473
0.48280000,44.286656473
0.48285000,44.286656473
0.48290000,44.286656473
0.48295000,44.286656473
0.48300000,44.286656473
0.48305000,44.286656473
0.48310000,44.286656473
0.48315000,44.286656473
0.48320000,44.286656473
0.48325000,44.286656473
0.48330000,44.286656473
0.48335000,44.286656473
0.48340000,44.286656473
0.48345000,44.286656473
0.48350000,44.286656473
0.48355000,44.286656473
0.48360000,44.286656473
0.48365000,44.286656473
0.48370000,44.286656473
0.48375000,44.286656473
0.48380000,44.286656473
0.48385000,44.286656473
0.48390000,44.286656473
0.48395000,44.286656473
0.48400000,44.286656473
0.48405000,44.286656473
0.48410000,44.286656473
0.48415000,44.286656473
0.48420000,44.286656473
0.48425000,44.286656473
0.48430000,44.286656473
0.48435000,44.286656473
0.48440000,44.286656473
0.48445000,44.286656473
0.48450000,44.286656473
0.48455000,44.286656473
0.48460000,44.286656473
0.48465000,44.286656473
0.48470000,44.286656473
0.48475000,44.286656473
0.48480000,44.286656473
0.48485000,44.286656473
0.48490000,44.286656473
0.48495000,44.286656473
0.48500000,44.286656473
0.48505000,44.286656473
0.48510000,44.286656473
0.48515000,44.286656473
0.48520000,44.286656473
0.48525000,44.286656473
0.48530000,44.286656473
0.48535000,44.286656473
0.48540000,44.286656473
0.48545000,44.286656473
0.48550000,44.286656473
0.48555000,44.286656473
0.48560000,44.286656473
0.48565000,44.286656473
0.48570000,44.286656473
0.48575000,44.286656473
0.48580000,44.286656473
0.48585000,44.286656473
0.48590000,44.286656473
0.48595000,44.286656473
0.48600000,44.286656473
0.48605000,44.286656473
0.48610000,44.286656473
0.48615000,44.286656473
0.48620000,44.286656473
0.48625000,44.286656473
0.48630000,44.286656473
0.48635000,44.286656473
0.48640000,44.286656473
0.48645000,44.286656473
0.48650000,44.286656473
0.48655000,44.286656473
0.48660000,44.286656473
0.48665000,44.286656473
0.48670000,44.286656473
0.48675000,44.286656473
0.48680000,44.286656473
0.48685000,44.286656473
0.48690000,44.286656473
0.48695000,44.286656473
0.48700000,44.286656473
0.48705000,44.286656473
0.48710000,44.286656473
0.48715000,44.286656473
0.48720000,44.286656473
0.48725000,44.286656473
0.48730000,44.286656473
0.48735000,44.286656473
0.48740000,44.286656473
0.48745000,44.286656473
0.48750000,44.286656473
0.48755000,44.286656473
0.48760000,44.286656473
0.48765000,44.286656473
0.48770000,44.286656473
0.48775000,44.286656473
0.48780000,44.286656473
0.48785000,44.286656473
0.48790000,44.286656473
0.48795000,44.286656473
0.48800000,44.286656473
0.48805000,44.286656473
0.48810000,44.286656473
0.48815000,44.286656473
0.48820000,44.286656473
0.48825000,44.286656473
0.48830000,44.286656473
0.48835000,44.286656473
0.48840000,44.286656473
0.48845000,44.286656473
0.48850000,44.286656473
0.48855000,44.286656473
0.48860000,44.286656473
0.48865000,44.286656473
0.48870000,44.286656473
0.48875000,44.286656473
0.48880000,44.286656473
0.48885000,44.286656473
0.48890000,44.286656473
0.48895000,44.286656473
0.48900000,44.286656473
0.48905000,44.286656473
0.48910000,44.286656473
0.48915000,44.286656473
0.48920000,44.286656473
0.48925000,44.286656473
0.48930000,44.286656473
0.48935000,44.286656473
0.48940000,44.286656473
0.48945000,44.286656473
0.48950000,44.286656473
0.48955000,44.286656473
0.48960000,44.286656473
0.48965000,44.286656473
0.48970000,44.286656473
0.48975000,44.286656473
0.48980000,44.286656473
0.48985000,44.286656473
0.48990000,44.286656473
0.48995000,44.286656473
0.49000000,44.286656473
0.49005000,44.286656473
0.49010000,44.286656473
0.49015000,44.286656473
0.49020000,44.286656473
0.49025000,44.286656473
0.49030000,44.286656473
0.49035000,44.286656473
0.49040000,44.286656473
0.49045000,44.286656473
0.49050000,44.286656473
0.49055000,44.286656473
0.49060000,44.286656473
0.49065000,44.286656473
0.49070000,44.286656473
0.49075000,44.286656473
0.49080000,44.286656473
0.49085000,44.286656473
0.49090000,44.286656473
0.49095000,44.286656473
0.49100000,44.286656473
0.49105000,44.286656473
0.49110000,44.286656473
0.49115000,44.286656473
0.49120000,44.286656473
0.49125000,44.286656473
0.49130000,44.286656473
0.49135000,44.286656473
0.49140000,44.286656473
0.49145000,44.286656473
0.49150000,44.286656473
0.49155000,44.286656473
0.49160000,44.286656473
0.49165000,44.286656473
0.49170000,44.286656473
0.49175000,44.286656473
0.49180000,44.286656473
0.49185000,44.286656473
0.49190000,44.286656473
0.49195000,44.286656473
0.49200000,44.286656473
0.49205000,44.286656473
0.49210000,44.286656473
0.49215000,44.286656473
0.49220000,44.286656473
0.49225000,44.286656473
0.49230000,44.286656473
0.49235000,44.286656473
0.49240000,44.286656473
0.49245000,44.286656473
0.49250000,44.286656473
0.49255000,44.286656473
0.49260000,44.286656473
0.49265000,44.286656473
0.49270000,44.286656473
0.49275000,44.286656473
0.49280000,44.286656473
0.49285000,44.286656473
0.49290000,44.286656473
0.49295000,44.286656473
0.49300000,44.286656473
0.49305000,44.286656473
0.49310000,44.286656473
0.49315000,44.286656473
0.49320000,44.286656473
0.49325000,44.286656473
0.49330000,44.286656473
0.49335000,44.286656473
0.49340000,44.286656473
0.49345000,44.286656473
0.49350000,44.286656473
0.49355000,44.286656473
0.49360000,44.286656473
0.49365000,44.286656473
0.49370000,44.286656473
0.49375000,44.286656473
0.49380000,44.286656473
0.49385000,44.286656473
0.49390000,44.286656473
0.49395000,44.286656473
0.49400000,44.286656473
0.49405000,44.286656473
0.49410000,44.286656473
0.49415000,44.286656473
0.49420000,44.286656473
0.49425000,44.286656473
0.49430000,44.286656473
0.49435000,44.286656473
0.49440000,44.286656473
0.49445000,44.286656473
0.49450000,44.286656473
0.49455000,44.286656473
0.49460000,44.286656473
0.49465000,44.286656473
0.49470000,44.286656473
0.49475000,44.286656473
0.49480000,44.286656473
0.49485000,44.286656473
0.49490000,44.286656473
0.49495000,44.286656473
0.49500000,44.286656473
0.49505000,44.286656473
0.49510000,44.286656473
0.49515000,44.286656473
0.49520000,44.286656473
0.49525000,44.286656473
0.49530000,44.286656473
0.49535000,44.286656473
0.49540000,44.286656473
0.49545000,44.286656473
0.49550000,44.286656473
0.49555000,44.286656473
0.49560000,44.286656473
0.49565000,44.286656473
0.49570000,44.286656473
0.49575000,44.286656473
0.49580000,44.286656473
0.49585000,44.286656473
0.49590000,44.286656473
0.49595000,44.286656473
0.49600000,44.286656473
0.49605000,44.286656473
0.49610000,44.286656473
0.49615000,44.286656473
0.49620000,44.286656473
0.49625000,44.286656473
0.49630000,44.286656473
0.49635000,44.286656473
0.49640000,44.286656473
0.49645000,44.286656473
0.49650000,44.286656473
0.49655000,44.286656473
0.49660000,44.286656473
0.49665000,44.286656473
0.49670000,44.286656473
0.49675000,44.286656473
0.49680000,44.286656473
0.49685000,44.286656473
0.49690000,44.286656473
0.49695000,44.286656473
0.49700000,44.286656473
0.49705000,44.286656473
0.49710000,44.286656473
0.49715000,44.286656473
0.49720000,44.286656473
0.49725000,44.286656473
0.49730000,44.286656473
0.49735000,44.286656473
0.49740000,44.286656473
0.49745000,44.286656473
0.49750000,44.286656473
0.49755000,44.286656473
0.49760000,44.286656473
0.49765000,44.286656473
0.49770000,44.286656473
0.49775000,44.286656473
0.49780000,44.286656473
0.49785000,44.286656473
0.49790000,44.286656473
0.49795000,44.286656473
0.49800000,44.286656473
0.49805000,44.286656473
0.49810000,44.286656473
0.49815000,44.286656473
0.49820000,44.286656473
0.49825000,44.286656473
0.49830000,44.286656473
0.49835000,44.286656473
0.49840000,44.286656473
0.49845000,44.286656473
0.49850000,44.286656473
0.49855000,44.286656473
0.49860000,44.286656473
0.49865000,44.286656473
0.49870000,44.286656473
0.49875000,44.286656473
0.49880000,44.286656473
0.49885000,44.286656473
0.49890000,44.286656473
0.49895000,44.286656473
0.49900000,44.286656473
0.49905000,44.286656473
0.49910000,44.286656473
0.49915000,44.286656473
0.49920000,44.286656473
0.49925000,44.286656473
0.49930000,44.286656473
0.49935000,44.286656473
0.49940000,44.286656473
0.49945000,44.286656473
0.49950000,44.286656473
0.49955000,44.286656473
0.49960000,44.286656473
0.49965000,44.286656473
0.49970000,44.286656473
0.49975000,44.286656473
0.49980000,44.286656473
0.49985000,44.286656473
0.49990000,44.286656473
0.49995000,44.286656473
0.50000000,44.286656473
0.50005000,44.286656473
0.50010000,44.286656473
0.50015000,44.286656473
0.50020000,44.286656473
0.50025000,44.286656473
0.50030000,44.286656473
0.50035000,44.286656473
0.50040000,44.286656473
0.50045000,44.286656473
0.50050000,44.286656473
0.50055000,44.286656473
0.50060000,44.286656473
0.50065000,44.286656473
0.50070000,44.286656473
0.50075000,44.286656473
0.50080000,44.286656473
0.50085000,44.286656473
0.50090000,44.286656473
0.50095000,44.286656473
0.50100000,44.286656473
0.50105000,44.286656473
0.50110000,44.286656473
0.50115000,44.286656473
0.50120000,44.286656473
0.50125000,44.286656473
0.50130000,44.286656473
0.50135000,44.286656473
0.50140000,44.286656473
0.50145000,44.286656473
0.50150000,44.286656473
0.50155000,44.286656473
0.50160000,44.286656473
0.50165000,44.286656473
0.50170000,44.286656473
0.50175000,44.286656473
0.50180000,44.286656473
0.50185000,44.286656473
0.50190000,44.286656473
0.50195000,44.286656473
0.50200000,44.286656473
0.50205000,44.286656473
0.50210000,44.286656473
0.50215000,44.286656473
0.50220000,44.286656473
0.50225000,44.286656473
0.50230000,44.286656473
0.50235000,44.286656473
0.50240000,44.286656473
0.50245000,44.286656473
0.50250000,44.286656473
0.50255000,44.286656473
0.50260000,44.286656473
0.50265000,44.286656473
0.50270000,44.286656473
0.50275000,44.286656473
0.50280000,44.286656473
0.50285000,44.286656473
0.50290000,44.286656473
0.50295000,44.286656473
0.50300000,44.286656473
0.50305000,44.286656473
0.50310000,44.286656473
0.50315000,44.286656473
0.50320000,44.286656473
0.50325000,44.286656473
0.50330000,44.286656473
0.50335000,44.286656473
0.50340000,44.286656473
0.50345000,44.286656473
0.50350000,44.286656473
0.50355000,44.286656473
0.50360000,44.286656473
0.50365000,44.286656473
0.50370000,44.286656473
0.50375000,44.286656473
0.50380000,44.286656473
0.50385000,44.286656473
0.50390000,44.286656473
0.50395000,44.286656473
0.50400000,44.286656473
0.50405000,44.286656473
0.50410000,44.286656473
0.50415000,44.286656473
0.50420000,44.286656473
0.50425000,44.286656473
0.50430000,44.286656473
0.50435000,44.286656473
0.50440000,44.286656473
0.50445000,44.286656473
0.50450000,44.286656473
0.50455000,44.286656473
0.50460000,44.286656473
0.50465000,44.286656473
0.50470000,44.286656473
0.50475000,44.286656473
0.50480000,44.286656473
0.50485000,44.286656473
0.50490000,44.286656473
0.50495000,44.286656473
0.50500000,44.286656473
0.50505000,44.286656473
0.50510000,44.286656473
0.50515000,44.286656473
0.50520000,44.286656473
0.50525000,44.286656473
0.50530000,44.286656473
0.50535000,44.286656473
0.50540000,44.286656473
0.50545000,44.286656473
0.50550000,44.286656473
0.50555000,44.286656473
0.50560000,44.286656473
0.50565000,44.286656473
0.50570000,44.286656473
0.50575000,44.286656473
0.50580000,44.286656473
0.50585000,44.286656473
0.50590000,44.286656473
0.50595000,44.286656473
0.50600000,44.286656473
0.50605000,44.286656473
0.50610000,44.286656473
0.50615000,44.286656473
0.50620000,44.286656473
0.50625000,2.533343527
0.50630000,2.533343527
0.50635000,2.533343527
0.50640000,2.533343527
0.50645000,2.533343527
0.50650000,2.533343527
0.50655000,2.533343527
0.50660000,2.533343527
0.50665000,2.533343527
0.50670000,2.533343527
0.50675000,2.533343527
0.50680000,2.533343527
0.50685000,2.533343527
0.50690000,2.533343527
0.50695000,2.533343527
0.50700000,2.533343527
0.50705000,2.533343527
0.50710000,2.533343527
0.50715000,2.533343527
0.50720000,2.533343527
0.50725000,2.533343527
0.50730000,2.533343527
0.50735000,2.533343527
0.50740000,2.533343527
0.50745000,2.533343527
0.50750000,2.533343527
0.50755000,2.533343527
0.50760000,2.533343527
0.50765000,2.533343527
0.50770000,2.533343527
0.50775000,2.533343527
0.50780000,2.533343527
0.50785000,2.533343527
0.50790000,2.533343527
0.50795000,2.533343527
0.50800000,2.533343527
0.50805000,2.533343527
0.50810000,2.533343527
0.50815000,2.533343527
0.50820000,2.533343527
0.50825000,2.533343527
0.50830000,2.533343527
0.50835000,2.533343527
0.50840000,2.533343527
0.50845000,2.533343527
0.50850000,2.533343527
0.50855000,2.533343527
0.50860000,2.533343527
0.50865000,2.533343527
0.50870000,2.533343527
0.50875000,2.533343527
0.50880000,2.533343527
0.50885000,2.533343527
0.50890000,2.533343527
0.50895000,2.533343527
0.50900000,2.533343527
0.50905000,2.533343527
0.50910000,2.533343527
0.50915000,2.533343527
0.50920000,2.533343527
0.50925000,2.533343527
0.50930000,2.533343527
0.50935000,2.533343527
0.50940000,2.533343527
0.50945000,2.533343527
0.50950000,2.533343527
0.50955000,2.533343527
0.50960000,2.533343527
0.50965000,2.533343527
0.50970000,2.533343527
0.50975000,2.533343527
0.50980000,2.533343527
0.50985000,2.533343527
0.50990000,2.533343527
0.50995000,2.533343527
0.51000000,2.533343527
0.51005000,2.533343527
0.51010000,2.533343527
0.51015000,2.533343527
0.51020000,2.533343527
0.51025000,2.533343527
0.51030000,2.533343527
0.51035000,2.533343527
0.51040000,2.533343527
0.51045000,2.533343527
0.51050000,2.533343527
0.51055000,2.533343527
0.51060000,2.533343527
0.51065000,2.533343527
0.51070000,2.533343527
0.51075000,2.533343527
0.51080000,2.533343527
0.51085000,2.533343527
0.51090000,2.533343527
0.51095000,2.533343527
0.51100000,2.533343527
0.51105000,2.533343527
0.51110000,2.533343527
0.51115000,2.533343527
0.51120000,2.533343527
0.51125000,2.533343527
0.51130000,2.533343527
0.51135000,2.533343527
0.51140000,2.533343527
0.51145000,2.533343527
0.51150000,2.533343527
0.51155000,2.533343527
0.51160000,2.533343527
0.51165000,2.533343527
0.51170000,2.533343527
0.51175000,2.533343527
0.51180000,2.533343527
0.51185000,2.533343527
0.51190000,2.533343527
0.51195000,2.533343527
0.51200000,2.533343527
0.51205000,2.533343527
0.51210000,2.533343527
0.51215000,2.533343527
0.51220000,2.533343527
0.51225000,2.533343527
0.51230000,2.533343527
0.51235000,2.533343527
0.51240000,2.533343527
0.51245000,2.533343527
0.51250000,2.533343527
0.51255000,2.533343527
0.51260000,2.533343527
0.51265000,2.533343527
0.51270000,2.533343527
0.51275000,2.533343527
0.51280000,2.533343527
0.51285000,2.533343527
0.51290000,2.533343527
0.51295000,2.533343527
0.51300000,2.533343527
0.51305000,2.533343527
0.51310000,2.533343527
0.51315000,2.533343527
0.51320000,2.533343527
0.51325000,2.533343527
0.51330000,2.533343527
0.51335000,2.533343527
0.51340000,2.533343527
0.51345000,2.533343527
0.51350000,2.533343527
0.51355000,2.533343527
0.51360000,2.533343527
0.51365000,2.533343527
0.51370000,2.533343527
0.51375000,2.533343527
0.51380000,2.533343527
0.51385000,2.533343527
0.51390000,2.533343527
0.51395000,2.533343527
0.51400000,2.533343527
0.51405000,2.533343527
0.51410000,2.533343527
0.51415000,2.533343527
0.51420000,2.533343527
0.51425000,2.533343527
0.51430000,2.533343527
0.51435000,2.533343527
0.51440000,2.533343527
0.51445000,2.533343527
0.51450000,2.533343527
0.51455000,2.533343527
0.51460000,2.533343527
0.51465000,2.533343527
0.51470000,2.533343527
0.51475000,2.533343527
0.51480000,2.533343527
0.51485000,2.533343527
0.51490000,2.533343527
0.51495000,2.533343527
0.51500000,2.533343527
0.51505000,2.533343527
0.51510000,2.533343527
0.51515000,2.533343527
0.51520000,2.533343527
0.51525000,2.533343527
0.51530000,2.533343527
0.51535000,2.533343527
0.51540000,2.533343527
0.51545000,2.533343527
0.51550000,2.533343527
0.51555000,2.533343527
0.51560000,2.533343527
0.51565000,2.533343527
0.51570000,2.533343527
0.51575000,2.533343527
0.51580000,2.533343527
0.51585000,2.533343527
0.51590000,2.533343527
0.51595000,2.533343527
0.51600000,2.533343527
0.51605000,2.533343527
0.51610000,2.533343527
0.51615000,2.533343527
0.51620000,2.533343527
0.51625000,2.533343527
0.51630000,2.533343527
0.51635000,2.533343527
0.51640000,2.533343527
0.51645000,2.533343527
0.51650000,2.533343527
0.51655000,2.533343527
0.51660000,2.533343527
0.51665000,2.533343527
0.51670000,2.533343527
0.51675000,2.533343527
0.51680000,2.533343527
0.51685000,2.533343527
0.51690000,2.533343527
0.51695000,2.533343527
0.51700000,2.533343527
0.51705000,2.533343527
0.51710000,2.533343527
0.51715000,2.533343527
0.51720000,2.533343527
0.51725000,2.533343527
0.51730000,2.533343527
0.51735000,2.533343527
0.51740000,2.533343527
0.51745000,2.533343527
0.51750000,2.533343527
0.51755000,2.533343527
0.51760000,2.533343527
0.51765000,2.533343527
0.51770000,2.533343527
0.51775000,2.533343527
0.51780000,2.533343527
0.51785000,2.533343527
0.51790000,2.533343527
0.51795000,2.533343527
0.51800000,2.533343527
0.51805000,2.533343527
0.51810000,2.533343527
0.51815000,2.533343527
0.51820000,2.533343527
0.51825000,2.533343527
0.51830000,2.533343527
0.51835000,2.533343527
0.51840000,2.533343527
0.51845000,2.533343527
0.51850000,2.533343527
0.51855000,2.533343527
0.51860000,2.533343527
0.51865000,2.533343527
0.51870000,2.533343527
0.51875000,2.533343527
0.51880000,2.533343527
0.51885000,2.533343527
0.51890000,2.533343527
0.51895000,2.533343527
0.51900000,2.533343527
0.51905000,2.533343527
0.51910000,2.533343527
0.51915000,2.533343527
0.51920000,2.533343527
0.51925000,2.533343527
0.51930000,2.533343527
0.51935000,2.533343527
0.51940000,2.533343527
0.51945000,2.533343527
0.51950000,2.533343527
0.51955000,2.533343527
0.51960000,2.533343527
0.51965000,2.533343527
0.51970000,2.533343527
0.51975000,2.533343527
0.51980000,2.533343527
0.51985000,2.533343527
0.51990000,2.533343527
0.51995000,2.533343527
0.52000000,2.533343527
0.52005000,2.533343527
0.52010000,2.533343527
0.52015000,2.533343527
0.52020000,2.533343527
0.52025000,2.533343527
0.52030000,2.533343527
0.52035000,2.533343527
0.52040000,2.533343527
0.52045000,2.533343527
0.52050000,2.533343527
0.52055000,2.533343527
0.52060000,2.533343527
0.52065000,2.533343527
0.52070000,2.533343527
0.52075000,2.533343527
0.52080000,2.533343527
0.52085000,2.533343527
0.52090000,2.533343527
0.52095000,2.533343527
0.52100000,2.533343527
0.52105000,2.533343527
0.52110000,2.533343527
0.52115000,2.533343527
0.52120000,2.533343527
0.52125000,2.533343527
0.52130000,2.533343527
0.52135000,2.533343527
0.52140000,2.533343527
0.52145000,2.533343527
0.52150000,2.533343527
0.52155000,2.533343527
0.52160000,2.533343527
0.52165000,2.533343527
0.52170000,2.533343527
0.52175000,2.533343527
0.52180000,2.533343527
0.52185000,2.533343527
0.52190000,2.533343527
0.52195000,2.533343527
0.52200000,2.533343527
0.52205000,2.533343527
0.52210000,2.533343527
0.52215000,2.533343527
0.52220000,2.533343527
0.52225000,2.533343527
0.52230000,2.533343527
0.52235000,2.533343527
0.52240000,2.533343527
0.52245000,2.533343527
0.52250000,2.533343527
0.52255000,2.533343527
0.52260000,2.533343527
0.52265000,2.533343527
0.52270000,2.533343527
0.52275000,2.533343527
0.52280000,2.533343527
0.52285000,2.533343527
0.52290000,2.533343527
0.52295000,2.533343527
0.52300000,2.533343527
0.52305000,2.533343527
0.52310000,2.533343527
0.52315000,2.533343527
0.52320000,2.533343527
0.52325000,2.533343527
0.52330000,2.533343527
0.52335000,2.533343527
0.52340000,2.533343527
0.52345000,2.533343527
0.52350000,2.533343527
0.52355000,2.533343527
0.52360000,2.533343527
0.52365000,2.533343527
0.52370000,2.533343527
0.52375000,2.533343527
0.52380000,2.533343527
0.52385000,2.533343527
0.52390000,2.533343527
0.52395000,2.533343527
0.52400000,2.533343527
0.52405000,2.533343527
0.52410000,2.533343527
0.52415000,2.533343527
0.52420000,2.533343527
0.52425000,2.533343527
0.52430000,2.533343527
0.52435000,2.533343527
0.52440000,2.533343527
0.52445000,2.533343527
0.52450000,2.533343527
0.52455000,2.533343527
0.52460000,2.533343527
0.52465000,2.533343527
0.52470000,2.533343527
0.52475000,2.533343527
0.52480000,2.533343527
0.52485000,2.533343527
0.52490000,2.533343527
0.52495000,2.533343527
0.52500000,2.533343527
0.52505000,2.533343527
0.52510000,2.533343527
0.52515000,2.533343527
0.52520000,2.533343527
0.52525000,2.533343527
0.52530000,2.533343527
0.52535000,2.533343527
0.52540000,2.533343527
0.52545000,2.533343527
0.52550000,2.533343527
0.52555000,2.533343527
0.52560000,2.533343527
0.52565000,2.533343527
0.52570000,2.533343527
0.52575000,2.533343527
0.52580000,2.533343527
0.52585000,2.533343527
0.52590000,2.533343527
0.52595000,2.533343527
0.52600000,2.533343527
0.52605000,2.533343527
0.52610000,2.533343527
0.52615000,2.533343527
0.52620000,2.533343527
0.52625000,2.533343527
0.52630000,2.533343527
0.52635000,2.533343527
0.52640000,2.533343527
0.52645000,2.533343527
0.52650000,2.533343527
0.52655000,2.533343527
0.52660000,2.533343527
0.52665000,2.533343527
0.52670000,2.533343527
0.52675000,2.533343527
0.52680000,2.533343527
0.52685000,2.533343527
0.52690000,2.533343527
0.52695000,2.533343527
0.52700000,2.533343527
0.52705000,2.533343527
0.52710000,2.533343527
0.52715000,2.533343527
0.52720000,2.533343527
0.52725000,2.533343527
0.52730000,2.533343527
0.52735000,2.533343527
0.52740000,2.533343527
0.52745000,2.533343527
0.52750000,2.533343527
0.52755000,2.533343527
0.52760000,2.533343527
0.52765000,2.533343527
0.52770000,2.533343527
0.52775000,2.533343527
0.52780000,2.533343527
0.52785000,2.533343527
0.52790000,2.533343527
0.52795000,2.533343527
0.52800000,2.533343527
0.52805000,2.533343527
0.52810000,2.533343527
0.52815000,2.533343527
0.52820000,2.533343527
0.52825000,2.533343527
0.52830000,2.533343527
0.52835000,2.533343527
0.52840000,2.533343527
0.52845000,2.533343527
0.52850000,2.533343527
0.52855000,2.533343527
0.52860000,2.533343527
0.52865000,2.533343527
0.52870000,2.533343527
0.52875000,2.533343527
0.52880000,2.533343527
0.52885000,2.533343527
0.52890000,2.533343527
0.52895000,2.533343527
0.52900000,2.533343527
0.52905000,2.533343527
0.52910000,2.533343527
0.52915000,2.533343527
0.52920000,2.533343527
0.52925000,2.533343527
0.52930000,2.533343527
0.52935000,2.533343527
0.52940000,2.533343527
0.52945000,2.533343527
0.52950000,2.533343527
0.52955000,2.533343527
0.52960000,2.533343527
0.52965000,2.533343527
0.52970000,2.533343527
0.52975000,2.533343527
0.52980000,2.533343527
0.52985000,2.533343527
0.52990000,2.533343527
0.52995000,2.533343527
0.53000000,2.533343527
0.53005000,2.533343527
0.53010000,2.533343527
0.53015000,2.533343527
0.53020000,2.533343527
0.53025000,2.533343527
0.53030000,2.533343527
0.53035000,2.533343527
0.53040000,2.533343527
0.53045000,2.533343527
0.53050000,2.533343527
0.53055000,2.533343527
0.53060000,2.533343527
0.53065000,2.533343527
0.53070000,2.533343527
0.53075000,2.533343527
0.53080000,2.533343527
0.53085000,2.533343527
0.53090000,2.533343527
0.53095000,2.533343527
0.53100000,2.533343527
0.53105000,2.533343527
0.53110000,2.533343527
0.53115000,2.533343527
0.53120000,2.533343527
0.53125000,2.533343527
0.53130000,2.533343527
0.53135000,2.533343527
0.53140000,2.533343527
0.53145000,2.533343527
0.53150000,2.533343527
0.53155000,2.533343527
0.53160000,2.533343527
0.53165000,2.533343527
0.53170000,2.533343527
0.53175000,2.533343527
0.53180000,2.533343527
0.53185000,2.533343527
0.53190000,2.533343527
0.53195000,2.533343527
0.53200000,2.533343527
0.53205000,2.533343527
0.53210000,2.533343527
0.53215000,2.533343527
0.53220000,2.533343527
0.53225000,2.533343527
0.53230000,2.533343527
0.53235000,2.533343527
0.53240000,2.533343527
0.53245000,2.533343527
0.53250000,2.533343527
0.53255000,2.533343527
0.53260000,2.533343527
0.53265000,2.533343527
0.53270000,2.533343527
0.53275000,2.533343527
0.53280000,2.533343527
0.53285000,2.533343527
0.53290000,2.533343527
0.53295000,2.533343527
0.53300000,2.533343527
0.53305000,2.533343527
0.53310000,2.533343527
0.53315000,2.533343527
0.53320000,2.533343527
0.53325000,2.533343527
0.53330000,2.533343527
0.53335000,2.533343527
0.53340000,2.533343527
0.53345000,2.533343527
0.53350000,2.533343527
0.53355000,2.533343527
0.53360000,2.533343527
0.53365000,2.533343527
0.53370000,2.533343527
0.53375000,2.533343527
0.53380000,2.533343527
0.53385000,2.533343527
0.53390000,2.533343527
0.53395000,2.533343527
0.53400000,2.533343527
0.53405000,2.533343527
0.53410000,2.533343527
0.53415000,2.533343527
0.53420000,2.533343527
0.53425000,2.533343527
0.53430000,2.533343527
0.53435000,2.533343527
0.53440000,2.533343527
0.53445000,2.533343527
0.53450000,2.533343527
0.53455000,2.533343527
0.53460000,2.533343527
0.53465000,2.533343527
0.53470000,2.533343527
0.53475000,2.533343527
0.53480000,2.533343527
0.53485000,2.533343527
0.53490000,2.533343527
0.53495000,2.533343527
0.53500000,2.533343527
0.53505000,2.533343527
0.53510000,2.533343527
0.53515000,2.533343527
0.53520000,2.533343527
0.53525000,2.533343527
0.53530000,2.533343527
0.53535000,2.533343527
0.53540000,2.533343527
0.53545000,2.533343527
0.53550000,2.533343527
0.53555000,2.533343527
0.53560000,2.533343527
0.53565000,2.533343527
0.53570000,2.533343527
0.53575000,2.533343527
0.53580000,2.533343527
0.53585000,2.533343527
0.53590000,2.533343527
0.53595000,2.533343527
0.53600000,2.533343527
0.53605000,2.533343527
0.53610000,2.533343527
0.53615000,2.533343527
0.53620000,2.533343527
0.53625000,2.533343527
0.53630000,2.533343527
0.53635000,2.533343527
0.53640000,2.533343527
0.53645000,2.533343527
0.53650000,2.533343527
0.53655000,2.533343527
0.53660000,2.533343527
0.53665000,2.533343527
0.53670000,2.533343527
0.53675000,2.533343527
0.53680000,2.533343527
0.53685000,2.533343527
0.53690000,2.533343527
0.53695000,2.533343527
0.53700000,2.533343527
0.53705000,2.533343527
0.53710000,2.533343527
0.53715000,2.533343527
0.53720000,2.533343527
0.53725000,2.533343527
0.53730000,2.533343527
0.53735000,2.533343527
0.53740000,2.533343527
0.53745000,2.533343527
0.53750000,2.533343527
0.53755000,2.533343527
0.53760000,2.533343527
0.53765000,2.533343527
0.53770000,2.533343527
0.53775000,2.533343527
0.53780000,2.533343527
0.53785000,2.533343527
0.53790000,2.533343527
0.53795000,2.533343527
0.53800000,2.533343527
0.53805000,2.533343527
0.53810000,2.533343527
0.53815000,2.533343527
0.53820000,2.533343527
0.53825000,2.533343527
0.53830000,2.533343527
0.53835000,2.533343527
0.53840000,2.533343527
0.53845000,2.533343527
0.53850000,2.533343527
0.53855000,2.533343527
0.53860000,2.533343527
0.53865000,2.533343527
0.53870000,2.533343527
0.53875000,2.533343527
0.53880000,2.533343527
0.53885000,2.533343527
0.53890000,2.533343527
0.53895000,2.533343527
0.53900000,2.533343527
0.53905000,2.533343527
0.53910000,2.533343527
0.53915000,2.533343527
0.53920000,2.533343527
0.53925000,2.533343527
0.53930000,2.533343527
0.53935000,2.533343527
0.53940000,2.533343527
0.53945000,2.533343527
0.53950000,2.533343527
0.53955000,2.533343527
0.53960000,2.533343527
0.53965000,2.533343527
0.53970000,2.533343527
0.53975000,2.533343527
0.53980000,2.533343527
0.53985000,2.533343527
0.53990000,2.533343527
0.53995000,2.533343527
0.54000000,2.533343527
0.54005000,2.533343527
0.54010000,2.533343527
0.54015000,2.533343527
0.54020000,2.533343527
0.54025000,2.533343527
0.54030000,2.533343527
0.54035000,2.533343527
0.54040000,2.533343527
0.54045000,2.533343527
0.54050000,2.533343527
0.54055000,2.533343527
0.54060000,2.533343527
0.54065000,2.533343527
0.54070000,2.533343527
0.54075000,2.533343527
0.54080000,2.533343527
0.54085000,2.533343527
0.54090000,2.533343527
0.54095000,2.533343527
0.54100000,2.533343527
0.54105000,2.533343527
0.54110000,2.533343527
0.54115000,2.533343527
0.54120000,2.533343527
0.54125000,2.533343527
0.54130000,2.533343527
0.54135000,2.533343527
0.54140000,2.533343527
0.54145000,2.533343527
0.54150000,2.533343527
0.54155000,2.533343527
0.54160000,2.533343527
0.54165000,2.533343527
0.54170000,2.533343527
0.54175000,2.533343527
0.54180000,2.533343527
0.54185000,2.533343527
0.54190000,2.533343527
0.54195000,2.533343527
0.54200000,2.533343527
0.54205000,2.533343527
0.54210000,2.533343527
0.54215000,2.533343527
0.54220000,2.533343527
0.54225000,2.533343527
0.54230000,2.533343527
0.54235000,2.533343527
0.54240000,2.533343527
0.54245000,2.533343527
0.54250000,2.533343527
0.54255000,2.533343527
0.54260000,2.533343527
0.54265000,2.533343527
0.54270000,2.533343527
0.54275000,2.533343527
0.54280000,2.533343527
0.54285000,2.533343527
0.54290000,2.533343527
0.54295000,2.533343527
0.54300000,2.533343527
0.54305000,2.533343527
0.54310000,2.533343527
0.54315000,2.533343527
0.54320000,2.533343527
0.54325000,2.533343527
0.54330000,2.533343527
0.54335000,2.533343527
0.54340000,2.533343527
0.54345000,2.533343527
0.54350000,2.533343527
0.54355000,2.533343527
0.54360000,2.533343527
0.54365000,2.533343527
0.54370000,2.533343527
0.54375000,2.533343527
0.54380000,2.533343527
0.54385000,2.533343527
0.54390000,2.533343527
0.54395000,2.533343527
0.54400000,2.533343527
0.54405000,2.533343527
0.54410000,2.533343527
0.54415000,2.533343527
0.54420000,2.533343527
0.54425000,2.533343527
0.54430000,2.533343527
0.54435000,2.533343527
0.54440000,2.533343527
0.54445000,2.533343527
0.54450000,2.533343527
0.54455000,2.533343527
0.54460000,2.533343527
0.54465000,2.533343527
0.54470000,2.533343527
0.54475000,2.533343527
0.54480000,2.533343527
0.54485000,2.533343527
0.54490000,2.533343527
0.54495000,2.533343527
0.54500000,2.533343527
0.54505000,2.533343527
0.54510000,2.533343527
0.54515000,2.533343527
0.54520000,2.533343527
0.54525000,2.533343527
0.54530000,2.533343527
0.54535000,2.533343527
0.54540000,2.533343527
0.54545000,2.533343527
0.54550000,2.533343527
0.54555000,2.533343527
0.54560000,2.533343527
0.54565000,2.533343527
0.54570000,2.533343527
0.54575000,2.533343527
0.54580000,2.533343527
0.54585000,2.533343527
0.54590000,2.533343527
0.54595000,2.533343527
0.54600000,2.533343527
0.54605000,2.533343527
0.54610000,2.533343527
0.54615000,2.533343527
0.54620000,2.533343527
0.54625000,2.533343527
0.54630000,2.533343527
0.54635000,2.533343527
0.54640000,2.533343527
0.54645000,2.533343527
0.54650000,2.533343527
0.54655000,2.533343527
0.54660000,2.533343527
0.54665000,2.533343527
0.54670000,2.533343527
0.54675000,2.533343527
0.54680000,2.533343527
0.54685000,2.533343527
0.54690000,2.533343527
0.54695000,2.533343527
0.54700000,2.533343527
0.54705000,2.533343527
0.54710000,2.533343527
0.54715000,2.533343527
0.54720000,2.533343527
0.54725000,2.533343527
0.54730000,2.533343527
0.54735000,2.533343527
0.54740000,2.533343527
0.54745000,2.533343527
0.54750000,2.533343527
0.54755000,2.533343527
0.54760000,2.533343527
0.54765000,2.533343527
0.54770000,2.533343527
0.54775000,2.533343527
0.54780000,2.533343527
0.54785000,2.533343527
0.54790000,2.533343527
0.54795000,2.533343527
0.54800000,2.533343527
0.54805000,2.533343527
0.54810000,2.533343527
0.54815000,2.533343527
0.54820000,2.533343527
0.54825000,2.533343527
0.54830000,2.533343527
0.54835000,2.533343527
0.54840000,2.533343527
0.54845000,2.533343527
0.54850000,2.533343527
0.54855000,2.533343527
0.54860000,2.533343527
0.54865000,2.533343527
0.54870000,2.533343527
0.54875000,2.533343527
0.54880000,2.533343527
0.54885000,2.533343527
0.54890000,2.533343527
0.54895000,2.533343527
0.54900000,2.533343527
0.54905000,2.533343527
0.54910000,2.533343527
0.54915000,2.533343527
0.54920000,2.533343527
0.54925000,2.533343527
0.54930000,2.533343527
0.54935000,2.533343527
0.54940000,2.533343527
0.54945000,2.533343527
0.54950000,2.533343527
0.54955000,2.533343527
0.54960000,2.533343527
0.54965000,2.533343527
0.54970000,2.533343527
0.54975000,2.533343527
0.54980000,2.533343527
0.54985000,2.533343527
0.54990000,2.533343527
0.54995000,2.533343527
0.55000000,2.533343527
0.55005000,2.533343527
0.55010000,2.533343527
0.55015000,2.533343527
0.55020000,2.533343527
0.55025000,2.533343527
0.55030000,2.533343527
0.55035000,2.533343527
0.55040000,2.533343527
0.55045000,2.533343527
0.55050000,2.533343527
0.55055000,2.533343527
0.55060000,2.533343527
0.55065000,2.533343527
0.55070000,2.533343527
0.55075000,2.533343527
0.55080000,2.533343527
0.55085000,2.533343527
0.55090000,2.533343527
0.55095000,2.533343527
0.55100000,2.533343527
0.55105000,2.533343527
0.55110000,2.533343527
0.55115000,2.533343527
0.55120000,2.533343527
0.55125000,2.533343527
0.55130000,2.533343527
0.55135000,2.533343527
0.55140000,2.533343527
0.55145000,2.533343527
0.55150000,2.533343527
0.55155000,2.533343527
0.55160000,2.533343527
0.55165000,2.533343527
0.55170000,2.533343527
0.55175000,2.533343527
0.55180000,2.533343527
0.55185000,2.533343527
0.55190000,2.533343527
0.55195000,2.533343527
0.55200000,2.533343527
0.55205000,2.533343527
0.55210000,2.533343527
0.55215000,2.533343527
0.55220000,2.533343527
0.55225000,2.533343527
0.55230000,2.533343527
0.55235000,2.533343527
0.55240000,2.533343527
0.55245000,2.533343527
0.55250000,2.533343527
0.55255000,2.533343527
0.55260000,2.533343527
0.55265000,2.533343527
0.55270000,2.533343527
0.55275000,2.533343527
0.55280000,2.533343527
0.55285000,2.533343527
0.55290000,2.533343527
0.55295000,2.533343527
0.55300000,2.533343527
0.55305000,2.533343527
0.55310000,2.533343527
0.55315000,2.533343527
0.55320000,2.533343527
0.55325000,2.533343527
0.55330000,2.533343527
0.55335000,2.533343527
0.55340000,2.533343527
0.55345000,2.533343527
0.55350000,2.533343527
0.55355000,2.533343527
0.55360000,2.533343527
0.55365000,2.533343527
0.55370000,2.533343527
0.55375000,2.533343527
0.55380000,2.533343527
0.55385000,2.533343527
0.55390000,2.533343527
0.55395000,2.533343527
0.55400000,2.533343527
0.55405000,2.533343527
0.55410000,2.533343527
0.55415000,2.533343527
0.55420000,2.533343527
0.55425000,2.533343527
0.55430000,2.533343527
0.55435000,2.533343527
0.55440000,2.533343527
0.55445000,2.533343527
0.55450000,2.533343527
0.55455000,2.533343527
0.55460000,2.533343527
0.55465000,2.533343527
0.55470000,2.533343527
0.55475000,2.533343527
0.55480000,2.533343527
0.55485000,2.533343527
0.55490000,2.533343527
0.55495000,2.533343527
0.55500000,2.533343527
0.55505000,2.533343527
0.55510000,2.533343527
0.55515000,2.533343527
0.55520000,2.533343527
0.55525000,2.533343527
0.55530000,2.533343527
0.55535000,2.533343527
0.55540000,2.533343527
0.55545000,2.533343527
0.55550000,2.533343527
0.55555000,2.533343527
0.55560000,2.533343527
0.55565000,2.533343527
0.55570000,2.533343527
0.55575000,2.533343527
0.55580000,2.533343527
0.55585000,2.533343527
0.55590000,2.533343527
0.55595000,2.533343527
0.55600000,2.533343527
0.55605000,2.533343527
0.55610000,2.533343527
0.55615000,2.533343527
0.55620000,2.533343527
0.55625000,2.533343527
0.55630000,2.533343527
0.55635000,2.533343527
0.55640000,2.533343527
0.55645000,2.533343527
0.55650000,2.533343527
0.55655000,2.533343527
0.55660000,2.533343527
0.55665000,2.533343527
0.55670000,2.533343527
0.55675000,2.533343527
0.55680000,2.533343527
0.55685000,2.533343527
0.55690000,2.533343527
0.55695000,2.533343527
0.55700000,2.533343527
0.55705000,2.533343527
0.55710000,2.533343527
0.55715000,2.533343527
0.55720000,2.533343527
0.55725000,2.533343527
0.55730000,2.533343527
0.55735000,2.533343527
0.55740000,2.533343527
0.55745000,2.533343527
0.55750000,2.533343527
0.55755000,2.533343527
0.55760000,2.533343527
0.55765000,2.533343527
0.55770000,2.533343527
0.55775000,2.533343527
0.55780000,2.533343527
0.55785000,2.533343527
0.55790000,2.533343527
0.55795000,2.533343527
0.55800000,2.533343527
0.55805000,2.533343527
0.55810000,2.533343527
0.55815000,2.533343527
0.55820000,2.533343527
0.55825000,2.533343527
0.55830000,2.533343527
0.55835000,2.533343527
0.55840000,2.533343527
0.55845000,2.533343527
0.55850000,2.533343527
0.55855000,2.533343527
0.55860000,2.533343527
0.55865000,2.533343527
0.55870000,2.533343527
0.55875000,2.533343527
0.55880000,2.533343527
0.55885000,2.533343527
0.55890000,2.533343527
0.55895000,2.533343527
0.55900000,2.533343527
0.55905000,2.533343527
0.55910000,2.533343527
0.55915000,2.533343527
0.55920000,2.533343527
0.55925000,2.533343527
0.55930000,2.533343527
0.55935000,2.533343527
0.55940000,2.533343527
0.55945000,2.533343527
0.55950000,2.533343527
0.55955000,2.533343527
0.55960000,2.533343527
0.55965000,2.533343527
0.55970000,2.533343527
0.55975000,2.533343527
0.55980000,2.533343527
0.55985000,2.533343527
0.55990000,2.533343527
0.55995000,2.533343527
0.56000000,2.533343527
0.56005000,2.533343527
0.56010000,2.533343527
0.56015000,2.533343527
0.56020000,2.533343527
0.56025000,2.533343527
0.56030000,2.533343527
0.56035000,2.533343527
0.56040000,2.533343527
0.56045000,2.533343527
0.56050000,2.533343527
0.56055000,2.533343527
0.56060000,2.533343527
0.56065000,2.533343527
0.56070000,2.533343527
0.56075000,2.533343527
0.56080000,2.533343527
0.56085000,2.533343527
0.56090000,2.533343527
0.56095000,2.533343527
0.56100000,2.533343527
0.56105000,2.533343527
0.56110000,2.533343527
0.56115000,2.533343527
0.56120000,2.533343527
0.56125000,2.533343527
0.56130000,2.533343527
0.56135000,2.533343527
0.56140000,2.533343527
0.56145000,2.533343527
0.56150000,2.533343527
0.56155000,2.533343527
0.56160000,2.533343527
0.56165000,2.533343527
0.56170000,2.533343527
0.56175000,2.533343527
0.56180000,2.533343527
0.56185000,2.533343527
0.56190000,2.533343527
0.56195000,2.533343527
0.56200000,2.533343527
0.56205000,2.533343527
0.56210000,2.533343527
0.56215000,2.533343527
0.56220000,2.533343527
0.56225000,2.533343527
0.56230000,2.533343527
0.56235000,2.533343527
0.56240000,2.533343527
0.56245000,2.533343527
0.56250000,44.286656473
0.56255000,44.286656473
0.56260000,44.286656473
0.56265000,44.286656473
0.56270000,44.286656473
0.56275000,44.286656473
0.56280000,44.286656473
0.56285000,44.286656473
0.56290000,44.286656473
0.56295000,44.286656473
0.56300000,44.286656473
0.56305000,44.286656473
0.56310000,44.286656473
0.56315000,44.286656473
0.56320000,44.286656473
0.56325000,44.286656473
0.56330000,44.286656473
0.56335000,44.286656473
0.56340000,44.286656473
0.56345000,44.286656473
0.56350000,44.286656473
0.56355000,44.286656473
0.56360000,44.286656473
0.56365000,44.286656473
0.56370000,44.286656473
0.56375000,44.286656473
0.56380000,44.286656473
0.56385000,44.286656473
0.56390000,44.286656473
0.56395000,44.286656473
0.56400000,44.286656473
0.56405000,44.286656473
0.56410000,44.286656473
0.56415000,44.286656473
0.56420000,44.286656473
0.56425000,44.286656473
0.56430000,44.286656473
0.56435000,44.286656473
0.56440000,44.286656473
0.56445000,44.286656473
0.56450000,44.286656473
0.56455000,44.286656473
0.56460000,44.286656473
0.56465000,44.286656473
0.56470000,44.286656473
0.56475000,44.286656473
0.56480000,44.286656473
0.56485000,44.286656473
0.56490000,44.286656473
0.56495000,44.286656473
0.56500000,44.286656473
0.56505000,44.286656473
0.56510000,44.286656473
0.56515000,44.286656473
0.56520000,44.286656473
0.56525000,44.286656473
0.56530000,44.286656473
0.56535000,44.286656473
0.56540000,44.286656473
0.56545000,44.286656473
0.56550000,44.286656473
0.56555000,44.286656473
0.56560000,44.286656473
0.56565000,44.286656473
0.56570000,44.286656473
0.56575000,44.286656473
0.56580000,44.286656473
0.56585000,44.286656473
0.56590000,44.286656473
0.56595000,44.286656473
0.56600000,44.286656473
0.56605000,44.286656473
0.56610000,44.286656473
0.56615000,44.286656473
0.56620000,44.286656473
0.56625000,44.286656473
0.56630000,44.286656473
0.56635000,44.286656473
0.56640000,44.286656473
0.56645000,44.286656473
0.56650000,44.286656473
0.56655000,44.286656473
0.56660000,44.286656473
0.56665000,44.286656473
0.56670000,44.286656473
0.56675000,44.286656473
0.56680000,44.286656473
0.56685000,44.286656473
0.56690000,44.286656473
0.56695000,44.286656473
0.56700000,44.286656473
0.56705000,44.286656473
0.56710000,44.286656473
0.56715000,44.286656473
0.56720000,44.286656473
0.56725000,44.286656473
0.56730000,44.286656473
0.56735000,44.286656473
0.56740000,44.286656473
0.56745000,44.286656473
0.56750000,44.286656473
0.56755000,44.286656473
0.56760000,44.286656473
0.56765000,44.286656473
0.56770000,44.286656473
0.56775000,44.286656473
0.56780000,44.286656473
0.56785000,44.286656473
0.56790000,44.286656473
0.56795000,44.286656473
0.56800000,44.286656473
0.56805000,44.286656473
0.56810000,44.286656473
0.56815000,44.286656473
0.56820000,44.286656473
0.56825000,44.286656473
0.56830000,44.286656473
0.56835000,44.286656473
0.56840000,44.286656473
0.56845000,44.286656473
0.56850000,44.286656473
0.56855000,44.286656473
0.56860000,44.286656473
0.56865000,44.286656473
0.56870000,44.286656473
0.56875000,44.286656473
0.56880000,44.286656473
0.56885000,44.286656473
0.56890000,44.286656473
0.56895000,44.286656473
0.56900000,44.286656473
0.56905000,44.286656473
0.56910000,44.286656473
0.56915000,44.286656473
0.56920000,44.286656473
0.56925000,44.286656473
0.56930000,44.286656473
0.56935000,44.286656473
0.56940000,44.286656473
0.56945000,44.286656473
0.56950000,44.286656473
0.56955000,44.286656473
0.56960000,44.286656473
0.56965000,44.286656473
0.56970000,44.286656473
0.56975000,44.286656473
0.56980000,44.286656473
0.56985000,44.286656473
0.56990000,44.286656473
0.56995000,44.286656473
0.57000000,44.286656473
0.57005000,44.286656473
0.57010000,44.286656473
0.57015000,44.286656473
0.57020000,44.286656473
0.57025000,44.286656473
0.57030000,44.286656473
0.57035000,44.286656473
0.57040000,44.286656473
0.57045000,44.286656473
0.57050000,44.286656473
0.57055000,44.286656473
0.57060000,44.286656473
0.57065000,44.286656473
0.57070000,44.286656473
0.57075000,44.286656473
0.57080000,44.286656473
0.57085000,44.286656473
0.57090000,44.286656473
0.57095000,44.286656473
0.57100000,44.286656473
0.57105000,44.286656473
0.57110000,44.286656473
0.57115000,44.286656473
0.57120000,44.286656473
0.57125000,44.286656473
0.57130000,44.286656473
0.57135000,44.286656473
0.57140000,44.286656473
0.57145000,44.286656473
0.57150000,44.286656473
0.57155000,44.286656473
0.57160000,44.286656473
0.57165000,44.286656473
0.57170000,44.286656473
0.57175000,44.286656473
0.57180000,44.286656473
0.57185000,44.286656473
0.57190000,44.286656473
0.57195000,44.286656473
0.57200000,44.286656473
0.57205000,44.286656473
0.57210000,44.286656473
0.57215000,44.286656473
0.57220000,44.286656473
0.57225000,44.286656473
0.57230000,44.286656473
0.57235000,44.286656473
0.57240000,44.286656473
0.57245000,44.286656473
0.57250000,44.286656473
0.57255000,44.286656473
0.57260000,44.286656473
0.57265000,44.286656473
0.57270000,44.286656473
0.57275000,44.286656473
0.57280000,44.286656473
0.57285000,44.286656473
0.57290000,44.286656473
0.57295000,44.286656473
0.57300000,44.286656473
0.57305000,44.286656473
0.57310000,44.286656473
0.57315000,44.286656473
0.57320000,44.286656473
0.57325000,44.286656473
0.57330000,44.286656473
0.57335000,44.286656473
0.57340000,44.286656473
0.57345000,44.286656473
0.57350000,44.286656473
0.57355000,44.286656473
0.57360000,44.286656473
0.57365000,44.286656473
0.57370000,44.286656473
0.57375000,44.286656473
0.57380000,44.286656473
0.57385000,44.286656473
0.57390000,44.286656473
0.57395000,44.286656473
0.57400000,44.286656473
0.57405000,44.286656473
0.57410000,44.286656473
0.57415000,44.286656473
0.57420000,44.286656473
0.57425000,44.286656473
0.57430000,44.286656473
0.57435000,44.286656473
0.57440000,44.286656473
0.57445000,44.286656473
0.57450000,44.286656473
0.57455000,44.286656473
0.57460000,44.286656473
0.57465000,44.286656473
0.57470000,44.286656473
0.57475000,44.286656473
0.57480000,44.286656473
0.57485000,44.286656473
0.57490000,44.286656473
0.57495000,44.286656473
0.57500000,44.286656473
0.57505000,44.286656473
0.57510000,44.286656473
0.57515000,44.286656473
0.57520000,44.286656473
0.57525000,44.286656473
0.57530000,44.286656473
0.57535000,44.286656473
0.57540000,44.286656473
0.57545000,44.286656473
0.57550000,44.286656473
0.57555000,44.286656473
0.57560000,44.286656473
0.57565000,44.286656473
0.57570000,44.286656473
0.57575000,44.286656473
0.57580000,44.286656473
0.57585000,44.286656473
0.57590000,44.286656473
0.57595000,44.286656473
0.57600000,44.286656473
0.57605000,44.286656473
0.57610000,44.286656473
0.57615000,44.286656473
0.57620000,44.286656473
0.57625000,44.286656473
0.57630000,44.286656473
0.57635000,44.286656473
0.57640000,44.286656473
0.57645000,44.286656473
0.57650000,44.286656473
0.57655000,44.286656473
0.57660000,44.286656473
0.57665000,44.286656473
0.57670000,44.286656473
0.57675000,44.286656473
0.57680000,44.286656473
0.57685000,44.286656473
0.57690000,44.286656473
0.57695000,44.286656473
0.57700000,44.286656473
0.57705000,44.286656473
0.57710000,44.286656473
0.57715000,44.286656473
0.57720000,44.286656473
0.57725000,44.286656473
0.57730000,44.286656473
0.57735000,44.286656473
0.57740000,44.286656473
0.57745000,44.286656473
0.57750000,44.286656473
0.57755000,44.286656473
0.57760000,44.286656473
0.57765000,44.286656473
0.57770000,44.286656473
0.57775000,44.286656473
0.57780000,44.286656473
0.57785000,44.286656473
0.57790000,44.286656473
0.57795000,44.286656473
0.57800000,44.286656473
0.57805000,44.286656473
0.57810000,44.286656473
0.57815000,44.286656473
0.57820000,44.286656473
0.57825000,44.286656473
0.57830000,44.286656473
0.57835000,44.286656473
0.57840000,44.286656473
0.57845000,44.286656473
0.57850000,44.286656473
0.57855000,44.286656473
0.57860000,44.286656473
0.57865000,44.286656473
0.57870000,44.286656473
0.57875000,44.286656473
0.57880000,44.286656473
0.57885000,44.286656473
0.57890000,44.286656473
0.57895000,44.286656473
0.57900000,44.286656473
0.57905000,44.286656473
0.57910000,44.286656473
0.57915000,44.286656473
0.57920000,44.286656473
0.57925000,44.286656473
0.57930000,44.286656473
0.57935000,44.286656473
0.57940000,44.286656473
0.57945000,44.286656473
0.57950000,44.286656473
0.57955000,44.286656473
0.57960000,44.286656473
0.57965000,44.286656473
0.57970000,44.286656473
0.57975000,44.286656473
0.57980000,44.286656473
0.57985000,44.286656473
0.57990000,44.286656473
0.57995000,44.286656473
0.58000000,44.286656473
0.58005000,44.286656473
0.58010000,44.286656473
0.58015000,44.286656473
0.58020000,44.286656473
0.58025000,44.286656473
0.58030000,44.286656473
0.58035000,44.286656473
0.58040000,44.286656473
0.58045000,44.286656473
0.58050000,44.286656473
0.58055000,44.286656473
0.58060000,44.286656473
0.58065000,44.286656473
0.58070000,44.286656473
0.58075000,44.286656473
0.58080000,44.286656473
0.58085000,44.286656473
0.58090000,44.286656473
0.58095000,44.286656473
0.58100000,44.286656473
0.58105000,44.286656473
0.58110000,44.286656473
0.58115000,44.286656473
0.58120000,44.286656473
0.58125000,44.286656473
0.58130000,44.286656473
0.58135000,44.286656473
0.58140000,44.286656473
0.58145000,44.286656473
0.58150000,44.286656473
0.58155000,44.286656473
0.58160000,44.286656473
0.58165000,44.286656473
0.58170000,44.286656473
0.58175000,44.286656473
0.58180000,44.286656473
0.58185000,44.286656473
0.58190000,44.286656473
0.58195000,44.286656473
0.58200000,44.286656473
0.58205000,44.286656473
0.58210000,44.286656473
0.58215000,44.286656473
0.58220000,44.286656473
0.58225000,44.286656473
0.58230000,44.286656473
0.58235000,44.286656473
0.58240000,44.286656473
0.58245000,44.286656473
0.58250000,44.286656473
0.58255000,44.286656473
0.58260000,44.286656473
0.58265000,44.286656473
0.58270000,44.286656473
0.58275000,44.286656473
0.58280000,44.286656473
0.58285000,44.286656473
0.58290000,44.286656473
0.58295000,44.286656473
0.58300000,44.286656473
0.58305000,44.286656473
0.58310000,44.286656473
0.58315000,44.286656473
0.58320000,44.286656473
0.58325000,44.286656473
0.58330000,44.286656473
0.58335000,44.286656473
0.58340000,44.286656473
0.58345000,44.286656473
0.58350000,44.286656473
0.58355000,44.286656473
0.58360000,44.286656473
0.58365000,44.286656473
0.58370000,44.286656473
0.58375000,44.286656473
0.58380000,44.286656473
0.58385000,44.286656473
0.58390000,44.286656473
0.58395000,44.286656473
0.58400000,44.286656473
0.58405000,44.286656473
0.58410000,44.286656473
0.58415000,44.286656473
0.58420000,44.286656473
0.58425000,44.286656473
0.58430000,44.286656473
0.58435000,44.286656473
0.58440000,44.286656473
0.58445000,44.286656473
0.58450000,44.286656473
0.58455000,44.286656473
0.58460000,44.286656473
0.58465000,44.286656473
0.58470000,44.286656473
0.58475000,44.286656473
0.58480000,44.286656473
0.58485000,44.286656473
0.58490000,44.286656473
0.58495000,44.286656473
0.58500000,44.286656473
0.58505000,44.286656473
0.58510000,44.286656473
0.58515000,44.286656473
0.58520000,44.286656473
0.58525000,44.286656473
0.58530000,44.286656473
0.58535000,44.286656473
0.58540000,44.286656473
0.58545000,44.286656473
0.58550000,44.286656473
0.58555000,44.286656473
0.58560000,44.286656473
0.58565000,44.286656473
0.58570000,44.286656473
0.58575000,44.286656473
0.58580000,44.286656473
0.58585000,44.286656473
0.58590000,44.286656473
0.58595000,44.286656473
0.58600000,44.286656473
0.58605000,44.286656473
0.58610000,44.286656473
0.58615000,44.286656473
0.58620000,44.286656473
0.58625000,44.286656473
0.58630000,44.286656473
0.58635000,44.286656473
0.58640000,44.286656473
0.58645000,44.286656473
0.58650000,44.286656473
0.58655000,44.286656473
0.58660000,44.286656473
0.58665000,44.286656473
0.58670000,44.286656473
0.58675000,44.286656473
0.58680000,44.286656473
0.58685000,44.286656473
0.58690000,44.286656473
0.58695000,44.286656473
0.58700000,44.286656473
0.58705000,44.286656473
0.58710000,44.286656473
0.58715000,44.286656473
0.58720000,44.286656473
0.58725000,44.286656473
0.58730000,44.286656473
0.58735000,44.286656473
0.58740000,44.286656473
0.58745000,44.286656473
0.58750000,44.286656473
0.58755000,44.286656473
0.58760000,44.286656473
0.58765000,44.286656473
0.58770000,44.286656473
0.58775000,44.286656473
0.58780000,44.286656473
0.58785000,44.286656473
0.58790000,44.286656473
0.58795000,44.286656473
0.58800000,44.286656473
0.58805000,44.286656473
0.58810000,44.286656473
0.58815000,44.286656473
0.58820000,44.286656473
0.58825000,44.286656473
0.58830000,44.286656473
0.58835000,44.286656473
0.58840000,44.286656473
0.58845000,44.286656473
0.58850000,44.286656473
0.58855000,44.286656473
0.58860000,44.286656473
0.58865000,44.286656473
0.58870000,44.286656473
0.58875000,44.286656473
0.58880000,44.286656473
0.58885000,44.286656473
0.58890000,44.286656473
0.58895000,44.286656473
0.58900000,44.286656473
0.58905000,44.286656473
0.58910000,44.286656473
0.58915000,44.286656473
0.58920000,44.286656473
0.58925000,44.286656473
0.58930000,44.286656473
0.58935000,44.286656473
0.58940000,44.286656473
0.58945000,44.286656473
0.58950000,44.286656473
0.58955000,44.286656473
0.58960000,44.286656473
0.58965000,44.286656473
0.58970000,44.286656473
0.58975000,44.286656473
0.58980000,44.286656473
0.58985000,44.286656473
0.58990000,44.286656473
0.58995000,44.286656473
0.59000000,44.286656473
0.59005000,44.286656473
0.59010000,44.286656473
0.59015000,44.286656473
0.59020000,44.286656473
0.59025000,44.286656473
0.59030000,44.286656473
0.59035000,44.286656473
0.59040000,44.286656473
0.59045000,44.286656473
0.59050000,44.286656473
0.59055000,44.286656473
0.59060000,44.286656473
0.59065000,44.286656473
0.59070000,44.286656473
0.59075000,44.286656473
0.59080000,44.286656473
0.59085000,44.286656473
0.59090000,44.286656473
0.59095000,44.286656473
0.59100000,44.286656473
0.59105000,44.286656473
0.59110000,44.286656473
0.59115000,44.286656473
0.59120000,44.286656473
0.59125000,44.286656473
0.59130000,44.286656473
0.59135000,44.286656473
0.59140000,44.286656473
0.59145000,44.286656473
0.59150000,44.286656473
0.59155000,44.286656473
0.59160000,44.286656473
0.59165000,44.286656473
0.59170000,44.286656473
0.59175000,44.286656473
0.59180000,44.286656473
0.59185000,44.286656473
0.59190000,44.286656473
0.59195000,44.286656473
0.59200000,44.286656473
0.59205000,44.286656473
0.59210000,44.286656473
0.59215000,44.286656473
0.59220000,44.286656473
0.59225000,44.286656473
0.59230000,44.286656473
0.59235000,44.286656473
0.59240000,44.286656473
0.59245000,44.286656473
0.59250000,44.286656473
0.59255000,44.286656473
0.59260000,44.286656473
0.59265000,44.286656473
0.59270000,44.286656473
0.59275000,44.286656473
0.59280000,44.286656473
0.59285000,44.286656473
0.59290000,44.286656473
0.59295000,44.286656473
0.59300000,44.286656473
0.59305000,44.286656473
0.59310000,44.286656473
0.59315000,44.286656473
0.59320000,44.286656473
0.59325000,44.286656473
0.59330000,44.286656473
0.59335000,44.286656473
0.59340000,44.286656473
0.59345000,44.286656473
0.59350000,44.286656473
0.59355000,44.286656473
0.59360000,44.286656473
0.59365000,44.286656473
0.59370000,44.286656473
0.59375000,44.286656473
0.59380000,44.286656473
0.59385000,44.286656473
0.59390000,44.286656473
0.59395000,44.286656473
0.59400000,44.286656473
0.59405000,44.286656473
0.59410000,44.286656473
0.59415000,44.286656473
0.59420000,44.286656473
0.59425000,44.286656473
0.59430000,44.286656473
0.59435000,44.286656473
0.59440000,44.286656473
0.59445000,44.286656473
0.59450000,44.286656473
0.59455000,44.286656473
0.59460000,44.286656473
0.59465000,44.286656473
0.59470000,44.286656473
0.59475000,44.286656473
0.59480000,44.286656473
0.59485000,44.286656473
0.59490000,44.286656473
0.59495000,44.286656473
0.59500000,44.286656473
0.59505000,44.286656473
0.59510000,44.286656473
0.59515000,44.286656473
0.59520000,44.286656473
0.59525000,44.286656473
0.59530000,44.286656473
0.59535000,44.286656473
0.59540000,44.286656473
0.59545000,44.286656473
0.59550000,44.286656473
0.59555000,44.286656473
0.59560000,44.286656473
0.59565000,44.286656473
0.59570000,44.286656473
0.59575000,44.286656473
0.59580000,44.286656473
0.59585000,44.286656473
0.59590000,44.286656473
0.59595000,44.286656473
0.59600000,44.286656473
0.59605000,44.286656473
0.59610000,44.286656473
0.59615000,44.286656473
0.59620000,44.286656473
0.59625000,44.286656473
0.59630000,44.286656473
0.59635000,44.286656473
0.59640000,44.286656473
0.59645000,44.286656473
0.59650000,44.286656473
0.59655000,44.286656473
0.59660000,44.286656473
0.59665000,44.286656473
0.59670000,44.286656473
0.59675000,44.286656473
0.59680000,44.286656473
0.59685000,44.286656473
0.59690000,44.286656473
0.59695000,44.286656473
0.59700000,44.286656473
0.59705000,44.286656473
0.59710000,44.286656473
0.59715000,44.286656473
0.59720000,44.286656473
0.59725000,44.286656473
0.59730000,44.286656473
0.59735000,44.286656473
0.59740000,44.286656473
0.59745000,44.286656473
0.59750000,44.286656473
0.59755000,44.286656473
0.59760000,44.286656473
0.59765000,44.286656473
0.59770000,44.286656473
0.59775000,44.286656473
0.59780000,44.286656473
0.59785000,44.286656473
0.59790000,44.286656473
0.59795000,44.286656473
0.59800000,44.286656473
0.59805000,44.286656473
0.59810000,44.286656473
0.59815000,44.286656473
0.59820000,44.286656473
0.59825000,44.286656473
0.59830000,44.286656473
0.59835000,44.286656473
0.59840000,44.286656473
0.59845000,44.286656473
0.59850000,44.286656473
0.59855000,44.286656473
0.59860000,44.286656473
0.59865000,44.286656473
0.59870000,44.286656473
0.59875000,44.286656473
0.59880000,44.286656473
0.59885000,44.286656473
0.59890000,44.286656473
0.59895000,44.286656473
0.59900000,44.286656473
0.59905000,44.286656473
0.59910000,44.286656473
0.59915000,44.286656473
0.59920000,44.286656473
0.59925000,44.286656473
0.59930000,44.286656473
0.59935000,44.286656473
0.59940000,44.286656473
0.59945000,44.286656473
0.59950000,44.286656473
0.59955000,44.286656473
0.59960000,44.286656473
0.59965000,44.286656473
0.59970000,44.286656473
0.59975000,44.286656473
0.59980000,44.286656473
0.59985000,44.286656473
0.59990000,44.286656473
0.59995000,44.286656473
0.60000000,44.286656473
0.60005000,44.286656473
0.60010000,44.286656473
0.60015000,44.286656473
0.60020000,44.286656473
0.60025000,44.286656473
0.60030000,44.286656473
0.60035000,44.286656473
0.60040000,44.286656473
0.60045000,44.286656473
0.60050000,44.286656473
0.60055000,44.286656473
0.60060000,44.286656473
0.60065000,44.286656473
0.60070000,44.286656473
0.60075000,44.286656473
0.60080000,44.286656473
0.60085000,44.286656473
0.60090000,44.286656473
0.60095000,44.286656473
0.60100000,44.286656473
0.60105000,44.286656473
0.60110000,44.286656473
0.60115000,44.286656473
0.60120000,44.286656473
0.60125000,44.286656473
0.60130000,44.286656473
0.60135000,44.286656473
0.60140000,44.286656473
0.60145000,44.286656473
0.60150000,44.286656473
0.60155000,44.286656473
0.60160000,44.286656473
0.60165000,44.286656473
0.60170000,44.286656473
0.60175000,44.286656473
0.60180000,44.286656473
0.60185000,44.286656473
0.60190000,44.286656473
0.60195000,44.286656473
0.60200000,44.286656473
0.60205000,44.286656473
0.60210000,44.286656473
0.60215000,44.286656473
0.60220000,44.286656473
0.60225000,44.286656473
0.60230000,44.286656473
0.60235000,44.286656473
0.60240000,44.286656473
0.60245000,44.286656473
0.60250000,44.286656473
0.60255000,44.286656473
0.60260000,44.286656473
0.60265000,44.286656473
0.60270000,44.286656473
0.60275000,44.286656473
0.60280000,44.286656473
0.60285000,44.286656473
0.60290000,44.286656473
0.60295000,44.286656473
0.60300000,44.286656473
0.60305000,44.286656473
0.60310000,44.286656473
0.60315000,44.286656473
0.60320000,44.286656473
0.60325000,44.286656473
0.60330000,44.286656473
0.60335000,44.286656473
0.60340000,44.286656473
0.60345000,44.286656473
0.60350000,44.286656473
0.60355000,44.286656473
0.60360000,44.286656473
0.60365000,44.286656473
0.60370000,44.286656473
0.60375000,44.286656473
0.60380000,44.286656473
0.60385000,44.286656473
0.60390000,44.286656473
0.60395000,44.286656473
0.60400000,44.286656473
0.60405000,44.286656473
0.60410000,44.286656473
0.60415000,44.286656473
0.60420000,44.286656473
0.60425000,44.286656473
0.60430000,44.286656473
0.60435000,44.286656473
0.60440000,44.286656473
0.60445000,44.286656473
0.60450000,44.286656473
0.60455000,44.286656473
0.60460000,44.286656473
0.60465000,44.286656473
0.60470000,44.286656473
0.60475000,44.286656473
0.60480000,44.286656473
0.60485000,44.286656473
0.60490000,44.286656473
0.60495000,44.286656473
0.60500000,44.286656473
0.60505000,44.286656473
0.60510000,44.286656473
0.60515000,44.286656473
0.60520000,44.286656473
0.60525000,44.286656473
0.60530000,44.286656473
0.60535000,44.286656473
0.60540000,44.286656473
0.60545000,44.286656473
0.60550000,44.286656473
0.60555000,44.286656473
0.60560000,44.286656473
0.60565000,44.286656473
0.60570000,44.286656473
0.60575000,44.286656473
0.60580000,44.286656473
0.60585000,44.286656473
0.60590000,44.286656473
0.60595000,44.286656473
0.60600000,44.286656473
0.60605000,44.286656473
0.60610000,44.286656473
0.60615000,44.286656473
0.60620000,44.286656473
0.60625000,44.286656473
0.60630000,44.286656473
0.60635000,44.286656473
0.60640000,44.286656473
0.60645000,44.286656473
0.60650000,44.286656473
0.60655000,44.286656473
0.60660000,44.286656473
0.60665000,44.286656473
0.60670000,44.286656473
0.60675000,44.286656473
0.60680000,44.286656473
0.60685000,44.286656473
0.60690000,44.286656473
0.60695000,44.286656473
0.60700000,44.286656473
0.60705000,44.286656473
0.60710000,44.286656473
0.60715000,44.286656473
0.60720000,44.286656473
0.60725000,44.286656473
0.60730000,44.286656473
0.60735000,44.286656473
0.60740000,44.286656473
0.60745000,44.286656473
0.60750000,44.286656473
0.60755000,44.286656473
0.60760000,44.286656473
0.60765000,44.286656473
0.60770000,44.286656473
0.60775000,44.286656473
0.60780000,44.286656473
0.60785000,44.286656473
0.60790000,44.286656473
0.60795000,44.286656473
0.60800000,44.286656473
0.60805000,44.286656473
0.60810000,44.286656473
0.60815000,44.286656473
0.60820000,44.286656473
0.60825000,44.286656473
0.60830000,44.286656473
0.60835000,44.286656473
0.60840000,44.286656473
0.60845000,44.286656473
0.60850000,44.286656473
0.60855000,44.286656473
0.60860000,44.286656473
0.60865000,44.286656473
0.60870000,44.286656473
0.60875000,44.286656473
0.60880000,44.286656473
0.60885000,44.286656473
0.60890000,44.286656473
0.60895000,44.286656473
0.60900000,44.286656473
0.60905000,44.286656473
0.60910000,44.286656473
0.60915000,44.286656473
0.60920000,44.286656473
0.60925000,44.286656473
0.60930000,44.286656473
0.60935000,44.286656473
0.60940000,44.286656473
0.60945000,44.286656473
0.60950000,44.286656473
0.60955000,44.286656473
0.60960000,44.286656473
0.60965000,44.286656473
0.60970000,44.286656473
0.60975000,44.286656473
0.60980000,44.286656473
0.60985000,44.286656473
0.60990000,44.286656473
0.60995000,44.286656473
0.61000000,44.286656473
0.61005000,44.286656473
0.61010000,44.286656473
0.61015000,44.286656473
0.61020000,44.286656473
0.61025000,44.286656473
0.61030000,44.286656473
0.61035000,44.286656473
0.61040000,44.286656473
0.61045000,44.286656473
0.61050000,44.286656473
0.61055000,44.286656473
0.61060000,44.286656473
0.61065000,44.286656473
0.61070000,44.286656473
0.61075000,44.286656473
0.61080000,44.286656473
0.61085000,44.286656473
0.61090000,44.286656473
0.61095000,44.286656473
0.61100000,44.286656473
0.61105000,44.286656473
0.61110000,44.286656473
0.61115000,44.286656473
0.61120000,44.286656473
0.61125000,44.286656473
0.61130000,44.286656473
0.61135000,44.286656473
0.61140000,44.286656473
0.61145000,44.286656473
0.61150000,44.286656473
0.61155000,44.286656473
0.61160000,44.286656473
0.61165000,44.286656473
0.61170000,44.286656473
0.61175000,44.286656473
0.61180000,44.286656473
0.61185000,44.286656473
0.61190000,44.286656473
0.61195000,44.286656473
0.61200000,44.286656473
0.61205000,44.286656473
0.61210000,44.286656473
0.61215000,44.286656473
0.61220000,44.286656473
0.61225000,44.286656473
0.61230000,44.286656473
0.61235000,44.286656473
0.61240000,44.286656473
0.61245000,44.286656473
0.61250000,44.286656473
0.61255000,44.286656473
0.61260000,44.286656473
0.61265000,44.286656473
0.61270000,44.286656473
0.61275000,44.286656473
0.61280000,44.286656473
0.61285000,44.286656473
0.61290000,44.286656473
0.61295000,44.286656473
0.61300000,44.286656473
0.61305000,44.286656473
0.61310000,44.286656473
0.61315000,44.286656473
0.61320000,44.286656473
0.61325000,44.286656473
0.61330000,44.286656473
0.61335000,44.286656473
0.61340000,44.286656473
0.61345000,44.286656473
0.61350000,44.286656473
0.61355000,44.286656473
0.61360000,44.286656473
0.61365000,44.286656473
0.61370000,44.286656473
0.61375000,44.286656473
0.61380000,44.286656473
0.61385000,44.286656473
0.61390000,44.286656473
0.61395000,44.286656473
0.61400000,44.286656473
0.61405000,44.286656473
0.61410000,44.286656473
0.61415000,44.286656473
0.61420000,44.286656473
0.61425000,44.286656473
0.61430000,44.286656473
0.61435000,44.286656473
0.61440000,44.286656473
0.61445000,44.286656473
0.61450000,44.286656473
0.61455000,44.286656473
0.61460000,44.286656473
0.61465000,44.286656473
0.61470000,44.286656473
0.61475000,44.286656473
0.61480000,44.286656473
0.61485000,44.286656473
0.61490000,44.286656473
0.61495000,44.286656473
0.61500000,44.286656473
0.61505000,44.286656473
0.61510000,44.286656473
0.61515000,44.286656473
0.61520000,44.286656473
0.61525000,44.286656473
0.61530000,44.286656473
0.61535000,44.286656473
0.61540000,44.286656473
0.61545000,44.286656473
0.61550000,44.286656473
0.61555000,44.286656473
0.61560000,44.286656473
0.61565000,44.286656473
0.61570000,44.286656473
0.61575000,44.286656473
0.61580000,44.286656473
0.61585000,44.286656473
0.61590000,44.286656473
0.61595000,44.286656473
0.61600000,44.286656473
0.61605000,44.286656473
0.61610000,44.286656473
0.61615000,44.286656473
0.61620000,44.286656473
0.61625000,44.286656473
0.61630000,44.286656473
0.61635000,44.286656473
0.61640000,44.286656473
0.61645000,44.286656473
0.61650000,44.286656473
0.61655000,44.286656473
0.61660000,44.286656473
0.61665000,44.286656473
0.61670000,44.286656473
0.61675000,44.286656473
0.61680000,44.286656473
0.61685000,44.286656473
0.61690000,44.286656473
0.61695000,44.286656473
0.61700000,44.286656473
0.61705000,44.286656473
0.61710000,44.286656473
0.61715000,44.286656473
0.61720000,44.286656473
0.61725000,44.286656473
0.61730000,44.286656473
0.61735000,44.286656473
0.61740000,44.286656473
0.61745000,44.286656473
0.61750000,44.286656473
0.61755000,44.286656473
0.61760000,44.286656473
0.61765000,44.286656473
0.61770000,44.286656473
0.61775000,44.286656473
0.61780000,44.286656473
0.61785000,44.286656473
0.61790000,44.286656473
0.61795000,44.286656473
0.61800000,44.286656473
0.61805000,44.286656473
0.61810000,44.286656473
0.61815000,44.286656473
0.61820000,44.286656473
0.61825000,44.286656473
0.61830000,44.286656473
0.61835000,44.286656473
0.61840000,44.286656473
0.61845000,44.286656473
0.61850000,44.286656473
0.61855000,44.286656473
0.61860000,44.286656473
0.61865000,44.286656473
0.61870000,44.286656473
0.61875000,2.533343527
0.61880000,2.533343527
0.61885000,2.533343527
0.61890000,2.533343527
0.61895000,2.533343527
0.61900000,2.533343527
0.61905000,2.533343527
0.61910000,2.533343527
0.61915000,2.533343527
0.61920000,2.533343527
0.61925000,2.533343527
0.61930000,2.533343527
0.61935000,2.533343527
0.61940000,2.533343527
0.61945000,2.533343527
0.61950000,2.533343527
0.61955000,2.533343527
0.61960000,2.533343527
0.61965000,2.533343527
0.61970000,2.533343527
0.61975000,2.533343527
0.61980000,2.533343527
0.61985000,2.533343527
0.61990000,2.533343527
0.61995000,2.533343527
0.62000000,2.533343527
0.62005000,2.533343527
0.62010000,2.533343527
0.62015000,2.533343527
0.62020000,2.533343527
0.62025000,2.533343527
0.62030000,2.533343527
0.62035000,2.533343527
0.62040000,2.533343527
0.62045000,2.533343527
0.62050000,2.533343527
0.62055000,2.533343527
0.62060000,2.533343527
0.62065000,2.533343527
0.62070000,2.533343527
0.62075000,2.533343527
0.62080000,2.533343527
0.62085000,2.533343527
0.62090000,2.533343527
0.62095000,2.533343527
0.62100000,2.533343527
0.62105000,2.533343527
0.62110000,2.533343527
0.62115000,2.533343527
0.62120000,2.533343527
0.62125000,2.533343527
0.62130000,2.533343527
0.62135000,2.533343527
0.62140000,2.533343527
0.62145000,2.533343527
0.62150000,2.533343527
0.62155000,2.533343527
0.62160000,2.533343527
0.62165000,2.533343527
0.62170000,2.533343527
0.62175000,2.533343527
0.62180000,2.533343527
0.62185000,2.533343527
0.62190000,2.533343527
0.62195000,2.533343527
0.62200000,2.533343527
0.62205000,2.533343527
0.62210000,2.533343527
0.62215000,2.533343527
0.62220000,2.533343527
0.62225000,2.533343527
0.62230000,2.533343527
0.62235000,2.533343527
0.62240000,2.533343527
0.62245000,2.533343527
0.62250000,2.533343527
0.62255000,2.533343527
0.62260000,2.533343527
0.62265000,2.533343527
0.62270000,2.533343527
0.62275000,2.533343527
0.62280000,2.533343527
0.62285000,2.533343527
0.62290000,2.533343527
0.62295000,2.533343527
0.62300000,2.533343527
0.62305000,2.533343527
0.62310000,2.533343527
0.62315000,2.533343527
0.62320000,2.533343527
0.62325000,2.533343527
0.62330000,2.533343527
0.62335000,2.533343527
0.62340000,2.533343527
0.62345000,2.533343527
0.62350000,2.533343527
0.62355000,2.533343527
0.62360000,2.533343527
0.62365000,2.533343527
0.62370000,2.533343527
0.62375000,2.533343527
0.62380000,2.533343527
0.62385000,2.533343527
0.62390000,2.533343527
0.62395000,2.533343527
0.62400000,2.533343527
0.62405000,2.533343527
0.62410000,2.533343527
0.62415000,2.533343527
0.62420000,2.533343527
0.62425000,2.533343527
0.62430000,2.533343527
0.62435000,2.533343527
0.62440000,2.533343527
0.62445000,2.533343527
0.62450000,2.533343527
0.62455000,2.533343527
0.62460000,2.533343527
0.62465000,2.533343527
0.62470000,2.533343527
0.62475000,2.533343527
0.62480000,2.533343527
0.62485000,2.533343527
0.62490000,2.533343527
0.62495000,2.533343527
0.62500000,2.533343527
0.62505000,2.533343527
0.62510000,2.533343527
0.62515000,2.533343527
0.62520000,2.533343527
0.62525000,2.533343527
0.62530000,2.533343527
0.62535000,2.533343527
0.62540000,2.533343527
0.62545000,2.533343527
0.62550000,2.533343527
0.62555000,2.533343527
0.62560000,2.533343527
0.62565000,2.533343527
0.62570000,2.533343527
0.62575000,2.533343527
0.62580000,2.533343527
0.62585000,2.533343527
0.62590000,2.533343527
0.62595000,2.533343527
0.62600000,2.533343527
0.62605000,2.533343527
0.62610000,2.533343527
0.62615000,2.533343527
0.62620000,2.533343527
0.62625000,2.533343527
0.62630000,2.533343527
0.62635000,2.533343527
0.62640000,2.533343527
0.62645000,2.533343527
0.62650000,2.533343527
0.62655000,2.533343527
0.62660000,2.533343527
0.62665000,2.533343527
0.62670000,2.533343527
0.62675000,2.533343527
0.62680000,2.533343527
0.62685000,2.533343527
0.62690000,2.533343527
0.62695000,2.533343527
0.62700000,2.533343527
0.62705000,2.533343527
0.62710000,2.533343527
0.62715000,2.533343527
0.62720000,2.533343527
0.62725000,2.533343527
0.62730000,2.533343527
0.62735000,2.533343527
0.62740000,2.533343527
0.62745000,2.533343527
0.62750000,2.533343527
0.62755000,2.533343527
0.62760000,2.533343527
0.62765000,2.533343527
0.62770000,2.533343527
0.62775000,2.533343527
0.62780000,2.533343527
0.62785000,2.533343527
0.62790000,2.533343527
0.62795000,2.533343527
0.62800000,2.533343527
0.62805000,2.533343527
0.62810000,2.533343527
0.62815000,2.533343527
0.62820000,2.533343527
0.62825000,2.533343527
0.62830000,2.533343527
0.62835000,2.533343527
0.62840000,2.533343527
0.62845000,2.533343527
0.62850000,2.533343527
0.62855000,2.533343527
0.62860000,2.533343527
0.62865000,2.533343527
0.62870000,2.533343527
0.62875000,2.533343527
0.62880000,2.533343527
0.62885000,2.533343527
0.62890000,2.533343527
0.62895000,2.533343527
0.62900000,2.533343527
0.62905000,2.533343527
0.62910000,2.533343527
0.62915000,2.533343527
0.62920000,2.533343527
0.62925000,2.533343527
0.62930000,2.533343527
0.62935000,2.533343527
0.62940000,2.533343527
0.62945000,2.533343527
0.62950000,2.533343527
0.62955000,2.533343527
0.62960000,2.533343527
0.62965000,2.533343527
0.62970000,2.533343527
0.62975000,2.533343527
0.62980000,2.533343527
0.62985000,2.533343527
0.62990000,2.533343527
0.62995000,2.533343527
0.63000000,2.533343527
0.63005000,2.533343527
0.63010000,2.533343527
0.63015000,2.533343527
0.63020000,2.533343527
0.63025000,2.533343527
0.63030000,2.533343527
0.63035000,2.533343527
0.63040000,2.533343527
0.63045000,2.533343527
0.63050000,2.533343527
0.63055000,2.533343527
0.63060000,2.533343527
0.63065000,2.533343527
0.63070000,2.533343527
0.63075000,2.533343527
0.63080000,2.533343527
0.63085000,2.533343527
0.63090000,2.533343527
0.63095000,2.533343527
0.63100000,2.533343527
0.63105000,2.533343527
0.63110000,2.533343527
0.63115000,2.533343527
0.63120000,2.533343527
0.63125000,2.533343527
0.63130000,2.533343527
0.63135000,2.533343527
0.63140000,2.533343527
0.63145000,2.533343527
0.63150000,2.533343527
0.63155000,2.533343527
0.63160000,2.533343527
0.63165000,2.533343527
0.63170000,2.533343527
0.63175000,2.533343527
0.63180000,2.533343527
0.63185000,2.533343527
0.63190000,2.533343527
0.63195000,2.533343527
0.63200000,2.533343527
0.63205000,2.533343527
0.63210000,2.533343527
0.63215000,2.533343527
0.63220000,2.533343527
0.63225000,2.533343527
0.63230000,2.533343527
0.63235000,2.533343527
0.63240000,2.533343527
0.63245000,2.533343527
0.63250000,2.533343527
0.63255000,2.533343527
0.63260000,2.533343527
0.63265000,2.533343527
0.63270000,2.533343527
0.63275000,2.533343527
0.63280000,2.533343527
0.63285000,2.533343527
0.63290000,2.533343527
0.63295000,2.533343527
0.63300000,2.533343527
0.63305000,2.533343527
0.63310000,2.533343527
0.63315000,2.533343527
0.63320000,2.533343527
0.63325000,2.533343527
0.63330000,2.533343527
0.63335000,2.533343527
0.63340000,2.533343527
0.63345000,2.533343527
0.63350000,2.533343527
0.63355000,2.533343527
0.63360000,2.533343527
0.63365000,2.533343527
0.63370000,2.533343527
0.63375000,2.533343527
0.63380000,2.533343527
0.63385000,2.533343527
0.63390000,2.533343527
0.63395000,2.533343527
0.63400000,2.533343527
0.63405000,2.533343527
0.63410000,2.533343527
0.63415000,2.533343527
0.63420000,2.533343527
0.63425000,2.533343527
0.63430000,2.533343527
0.63435000,2.533343527
0.63440000,2.533343527
0.63445000,2.533343527
0.63450000,2.533343527
0.63455000,2.533343527
0.63460000,2.533343527
0.63465000,2.533343527
0.63470000,2.533343527
0.63475000,2.533343527
0.63480000,2.533343527
0.63485000,2.533343527
0.63490000,2.533343527
0.63495000,2.533343527
0.63500000,2.533343527
0.63505000,2.533343527
0.63510000,2.533343527
0.63515000,2.533343527
0.63520000,2.533343527
0.63525000,2.533343527
0.63530000,2.533343527
0.63535000,2.533343527
0.63540000,2.533343527
0.63545000,2.533343527
0.63550000,2.533343527
0.63555000,2.533343527
0.63560000,2.533343527
0.63565000,2.533343527
0.63570000,2.533343527
0.63575000,2.533343527
0.63580000,2.533343527
0.63585000,2.533343527
0.63590000,2.533343527
0.63595000,2.533343527
0.63600000,2.533343527
0.63605000,2.533343527
0.63610000,2.533343527
0.63615000,2.533343527
0.63620000,2.533343527
0.63625000,2.533343527
0.63630000,2.533343527
0.63635000,2.533343527
0.63640000,2.533343527
0.63645000,2.533343527
0.63650000,2.533343527
0.63655000,2.533343527
0.63660000,2.533343527
0.63665000,2.533343527
0.63670000,2.533343527
0.63675000,2.533343527
0.63680000,2.533343527
0.63685000,2.533343527
0.63690000,2.533343527
0.63695000,2.533343527
0.63700000,2.533343527
0.63705000,2.533343527
0.63710000,2.533343527
0.63715000,2.533343527
0.63720000,2.533343527
0.63725000,2.533343527
0.63730000,2.533343527
0.63735000,2.533343527
0.63740000,2.533343527
0.63745000,2.533343527
0.63750000,2.533343527
0.63755000,2.533343527
0.63760000,2.533343527
0.63765000,2.533343527
0.63770000,2.533343527
0.63775000,2.533343527
0.63780000,2.533343527
0.63785000,2.533343527
0.63790000,2.533343527
0.63795000,2.533343527
0.63800000,2.533343527
0.63805000,2.533343527
0.63810000,2.533343527
0.63815000,2.533343527
0.63820000,2.533343527
0.63825000,2.533343527
0.63830000,2.533343527
0.63835000,2.533343527
0.63840000,2.533343527
0.63845000,2.533343527
0.63850000,2.533343527
0.63855000,2.533343527
0.63860000,2.533343527
0.63865000,2.533343527
0.63870000,2.533343527
0.63875000,2.533343527
0.63880000,2.533343527
0.63885000,2.533343527
0.63890000,2.533343527
0.63895000,2.533343527
0.63900000,2.533343527
0.63905000,2.533343527
0.63910000,2.533343527
0.63915000,2.533343527
0.63920000,2.533343527
0.63925000,2.533343527
0.63930000,2.533343527
0.63935000,2.533343527
0.63940000,2.533343527
0.63945000,2.533343527
0.63950000,2.533343527
0.63955000,2.533343527
0.63960000,2.533343527
0.63965000,2.533343527
0.63970000,2.533343527
0.63975000,2.533343527
0.63980000,2.533343527
0.63985000,2.533343527
0.63990000,2.533343527
0.63995000,2.533343527
0.64000000,2.533343527
0.64005000,2.533343527
0.64010000,2.533343527
0.64015000,2.533343527
0.64020000,2.533343527
0.64025000,2.533343527
0.64030000,2.533343527
0.64035000,2.533343527
0.64040000,2.533343527
0.64045000,2.533343527
0.64050000,2.533343527
0.64055000,2.533343527
0.64060000,2.533343527
0.64065000,2.533343527
0.64070000,2.533343527
0.64075000,2.533343527
0.64080000,2.533343527
0.64085000,2.533343527
0.64090000,2.533343527
0.64095000,2.533343527
0.64100000,2.533343527
0.64105000,2.533343527
0.64110000,2.533343527
0.64115000,2.533343527
0.64120000,2.533343527
0.64125000,2.533343527
0.64130000,2.533343527
0.64135000,2.533343527
0.64140000,2.533343527
0.64145000,2.533343527
0.64150000,2.533343527
0.64155000,2.533343527
0.64160000,2.533343527
0.64165000,2.533343527
0.64170000,2.533343527
0.64175000,2.533343527
0.64180000,2.533343527
0.64185000,2.533343527
0.64190000,2.533343527
0.64195000,2.533343527
0.64200000,2.533343527
0.64205000,2.533343527
0.64210000,2.533343527
0.64215000,2.533343527
0.64220000,2.533343527
0.64225000,2.533343527
0.64230000,2.533343527
0.64235000,2.533343527
0.64240000,2.533343527
0.64245000,2.533343527
0.64250000,2.533343527
0.64255000,2.533343527
0.64260000,2.533343527
0.64265000,2.533343527
0.64270000,2.533343527
0.64275000,2.533343527
0.64280000,2.533343527
0.64285000,2.533343527
0.64290000,2.533343527
0.64295000,2.533343527
0.64300000,2.533343527
0.64305000,2.533343527
0.64310000,2.533343527
0.64315000,2.533343527
0.64320000,2.533343527
0.64325000,2.533343527
0.64330000,2.533343527
0.64335000,2.533343527
0.64340000,2.533343527
0.64345000,2.533343527
0.64350000,2.533343527
0.64355000,2.533343527
0.64360000,2.533343527
0.64365000,2.533343527
0.64370000,2.533343527
0.64375000,2.533343527
0.64380000,2.533343527
0.64385000,2.533343527
0.64390000,2.533343527
0.64395000,2.533343527
0.64400000,2.533343527
0.64405000,2.533343527
0.64410000,2.533343527
0.64415000,2.533343527
0.64420000,2.533343527
0.64425000,2.533343527
0.64430000,2.533343527
0.64435000,2.533343527
0.64440000,2.533343527
0.64445000,2.533343527
0.64450000,2.533343527
0.64455000,2.533343527
0.64460000,2.533343527
0.64465000,2.533343527
0.64470000,2.533343527
0.64475000,2.533343527
0.64480000,2.533343527
0.64485000,2.533343527
0.64490000,2.533343527
0.64495000,2.533343527
0.64500000,2.533343527
0.64505000,2.533343527
0.64510000,2.533343527
0.64515000,2.533343527
0.64520000,2.533343527
0.64525000,2.533343527
0.64530000,2.533343527
0.64535000,2.533343527
0.64540000,2.533343527
0.64545000,2.533343527
0.64550000,2.533343527
0.64555000,2.533343527
0.64560000,2.533343527
0.64565000,2.533343527
0.64570000,2.533343527
0.64575000,2.533343527
0.64580000,2.533343527
0.64585000,2.533343527
0.64590000,2.533343527
0.64595000,2.533343527
0.64600000,2.533343527
0.64605000,2.533343527
0.64610000,2.533343527
0.64615000,2.533343527
0.64620000,2.533343527
0.64625000,2.533343527
0.64630000,2.533343527
0.64635000,2.533343527
0.64640000,2.533343527
0.64645000,2.533343527
0.64650000,2.533343527
0.64655000,2.533343527
0.64660000,2.533343527
0.64665000,2.533343527
0.64670000,2.533343527
0.64675000,2.533343527
0.64680000,2.533343527
0.64685000,2.533343527
0.64690000,2.533343527
0.64695000,2.533343527
0.64700000,2.533343527
0.64705000,2.533343527
0.64710000,2.533343527
0.64715000,2.533343527
0.64720000,2.533343527
0.64725000,2.533343527
0.64730000,2.533343527
0.64735000,2.533343527
0.64740000,2.533343527
0.64745000,2.533343527
0.64750000,2.533343527
0.64755000,2.533343527
0.64760000,2.533343527
0.64765000,2.533343527
0.64770000,2.533343527
0.64775000,2.533343527
0.64780000,2.533343527
0.64785000,2.533343527
0.64790000,2.533343527
0.64795000,2.533343527
0.64800000,2.533343527
0.64805000,2.533343527
0.64810000,2.533343527
0.64815000,2.533343527
0.64820000,2.533343527
0.64825000,2.533343527
0.64830000,2.533343527
0.64835000,2.533343527
0.64840000,2.533343527
0.64845000,2.533343527
0.64850000,2.533343527
0.64855000,2.533343527
0.64860000,2.533343527
0.64865000,2.533343527
0.64870000,2.533343527
0.64875000,2.533343527
0.64880000,2.533343527
0.64885000,2.533343527
0.64890000,2.533343527
0.64895000,2.533343527
0.64900000,2.533343527
0.64905000,2.533343527
0.64910000,2.533343527
0.64915000,2.533343527
0.64920000,2.533343527
0.64925000,2.533343527
0.64930000,2.533343527
0.64935000,2.533343527
0.64940000,2.533343527
0.64945000,2.533343527
0.64950000,2.533343527
0.64955000,2.533343527
0.64960000,2.533343527
0.64965000,2.533343527
0.64970000,2.533343527
0.64975000,2.533343527
0.64980000,2.533343527
0.64985000,2.533343527
0.64990000,2.533343527
0.64995000,2.533343527
0.65000000,2.533343527
0.65005000,2.533343527
0.65010000,2.533343527
0.65015000,2.533343527
0.65020000,2.533343527
0.65025000,2.533343527
0.65030000,2.533343527
0.65035000,2.533343527
0.65040000,2.533343527
0.65045000,2.533343527
0.65050000,2.533343527
0.65055000,2.533343527
0.65060000,2.533343527
0.65065000,2.533343527
0.65070000,2.533343527
0.65075000,2.533343527
0.65080000,2.533343527
0.65085000,2.533343527
0.65090000,2.533343527
0.65095000,2.533343527
0.65100000,2.533343527
0.65105000,2.533343527
0.65110000,2.533343527
0.65115000,2.533343527
0.65120000,2.533343527
0.65125000,2.533343527
0.65130000,2.533343527
0.65135000,2.533343527
0.65140000,2.533343527
0.65145000,2.533343527
0.65150000,2.533343527
0.65155000,2.533343527
0.65160000,2.533343527
0.65165000,2.533343527
0.65170000,2.533343527
0.65175000,2.533343527
0.65180000,2.533343527
0.65185000,2.533343527
0.65190000,2.533343527
0.65195000,2.533343527
0.65200000,2.533343527
0.65205000,2.533343527
0.65210000,2.533343527
0.65215000,2.533343527
0.65220000,2.533343527
0.65225000,2.533343527
0.65230000,2.533343527
0.65235000,2.533343527
0.65240000,2.533343527
0.65245000,2.533343527
0.65250000,2.533343527
0.65255000,2.533343527
0.65260000,2.533343527
0.65265000,2.533343527
0.65270000,2.533343527
0.65275000,2.533343527
0.65280000,2.533343527
0.65285000,2.533343527
0.65290000,2.533343527
0.65295000,2.533343527
0.65300000,2.533343527
0.65305000,2.533343527
0.65310000,2.533343527
0.65315000,2.533343527
0.65320000,2.533343527
0.65325000,2.533343527
0.65330000,2.533343527
0.65335000,2.533343527
0.65340000,2.533343527
0.65345000,2.533343527
0.65350000,2.533343527
0.65355000,2.533343527
0.65360000,2.533343527
0.65365000,2.533343527
0.65370000,2.533343527
0.65375000,2.533343527
0.65380000,2.533343527
0.65385000,2.533343527
0.65390000,2.533343527
0.65395000,2.533343527
0.65400000,2.533343527
0.65405000,2.533343527
0.65410000,2.533343527
0.65415000,2.533343527
0.65420000,2.533343527
0.65425000,2.533343527
0.65430000,2.533343527
0.65435000,2.533343527
0.65440000,2.533343527
0.65445000,2.533343527
0.65450000,2.533343527
0.65455000,2.533343527
0.65460000,2.533343527
0.65465000,2.533343527
0.65470000,2.533343527
0.65475000,2.533343527
0.65480000,2.533343527
0.65485000,2.533343527
0.65490000,2.533343527
0.65495000,2.533343527
0.65500000,2.533343527
0.65505000,2.533343527
0.65510000,2.533343527
0.65515000,2.533343527
0.65520000,2.533343527
0.65525000,2.533343527
0.65530000,2.533343527
0.65535000,2.533343527
0.65540000,2.533343527
0.65545000,2.533343527
0.65550000,2.533343527
0.65555000,2.533343527
0.65560000,2.533343527
0.65565000,2.533343527
0.65570000,2.533343527
0.65575000,2.533343527
0.65580000,2.533343527
0.65585000,2.533343527
0.65590000,2.533343527
0.65595000,2.533343527
0.65600000,2.533343527
0.65605000,2.533343527
0.65610000,2.533343527
0.65615000,2.533343527
0.65620000,2.533343527
0.65625000,2.533343527
0.65630000,2.533343527
0.65635000,2.533343527
0.65640000,2.533343527
0.65645000,2.533343527
0.65650000,2.533343527
0.65655000,2.533343527
0.65660000,2.533343527
0.65665000,2.533343527
0.65670000,2.533343527
0.65675000,2.533343527
0.65680000,2.533343527
0.65685000,2.533343527
0.65690000,2.533343527
0.65695000,2.533343527
0.65700000,2.533343527
0.65705000,2.533343527
0.65710000,2.533343527
0.65715000,2.533343527
0.65720000,2.533343527
0.65725000,2.533343527
0.65730000,2.533343527
0.65735000,2.533343527
0.65740000,2.533343527
0.65745000,2.533343527
0.65750000,2.533343527
0.65755000,2.533343527
0.65760000,2.533343527
0.65765000,2.533343527
0.65770000,2.533343527
0.65775000,2.533343527
0.65780000,2.533343527
0.65785000,2.533343527
0.65790000,2.533343527
0.65795000,2.533343527
0.65800000,2.533343527
0.65805000,2.533343527
0.65810000,2.533343527
0.65815000,2.533343527
0.65820000,2.533343527
0.65825000,2.533343527
0.65830000,2.533343527
0.65835000,2.533343527
0.65840000,2.533343527
0.65845000,2.533343527
0.65850000,2.533343527
0.65855000,2.533343527
0.65860000,2.533343527
0.65865000,2.533343527
0.65870000,2.533343527
0.65875000,2.533343527
0.65880000,2.533343527
0.65885000,2.533343527
0.65890000,2.533343527
0.65895000,2.533343527
0.65900000,2.533343527
0.65905000,2.533343527
0.65910000,2.533343527
0.65915000,2.533343527
0.65920000,2.533343527
0.65925000,2.533343527
0.65930000,2.533343527
0.65935000,2.533343527
0.65940000,2.533343527
0.65945000,2.533343527
0.65950000,2.533343527
0.65955000,2.533343527
0.65960000,2.533343527
0.65965000,2.533343527
0.65970000,2.533343527
0.65975000,2.533343527
0.65980000,2.533343527
0.65985000,2.533343527
0.65990000,2.533343527
0.65995000,2.533343527
0.66000000,2.533343527
0.66005000,2.533343527
0.66010000,2.533343527
0.66015000,2.533343527
0.66020000,2.533343527
0.66025000,2.533343527
0.66030000,2.533343527
0.66035000,2.533343527
0.66040000,2.533343527
0.66045000,2.533343527
0.66050000,2.533343527
0.66055000,2.533343527
0.66060000,2.533343527
0.66065000,2.533343527
0.66070000,2.533343527
0.66075000,2.533343527
0.66080000,2.533343527
0.66085000,2.533343527
0.66090000,2.533343527
0.66095000,2.533343527
0.66100000,2.533343527
0.66105000,2.533343527
0.66110000,2.533343527
0.66115000,2.533343527
0.66120000,2.533343527
0.66125000,2.533343527
0.66130000,2.533343527
0.66135000,2.533343527
0.66140000,2.533343527
0.66145000,2.533343527
0.66150000,2.533343527
0.66155000,2.533343527
0.66160000,2.533343527
0.66165000,2.533343527
0.66170000,2.533343527
0.66175000,2.533343527
0.66180000,2.533343527
0.66185000,2.533343527
0.66190000,2.533343527
0.66195000,2.533343527
0.66200000,2.533343527
0.66205000,2.533343527
0.66210000,2.533343527
0.66215000,2.533343527
0.66220000,2.533343527
0.66225000,2.533343527
0.66230000,2.533343527
0.66235000,2.533343527
0.66240000,2.533343527
0.66245000,2.533343527
0.66250000,2.533343527
0.66255000,2.533343527
0.66260000,2.533343527
0.66265000,2.533343527
0.66270000,2.533343527
0.66275000,2.533343527
0.66280000,2.533343527
0.66285000,2.533343527
0.66290000,2.533343527
0.66295000,2.533343527
0.66300000,2.533343527
0.66305000,2.533343527
0.66310000,2.533343527
0.66315000,2.533343527
0.66320000,2.533343527
0.66325000,2.533343527
0.66330000,2.533343527
0.66335000,2.533343527
0.66340000,2.533343527
0.66345000,2.533343527
0.66350000,2.533343527
0.66355000,2.533343527
0.66360000,2.533343527
0.66365000,2.533343527
0.66370000,2.533343527
0.66375000,2.533343527
0.66380000,2.533343527
0.66385000,2.533343527
0.66390000,2.533343527
0.66395000,2.533343527
0.66400000,2.533343527
0.66405000,2.533343527
0.66410000,2.533343527
0.66415000,2.533343527
0.66420000,2.533343527
0.66425000,2.533343527
0.66430000,2.533343527
0.66435000,2.533343527
0.66440000,2.533343527
0.66445000,2.533343527
0.66450000,2.533343527
0.66455000,2.533343527
0.66460000,2.533343527
0.66465000,2.533343527
0.66470000,2.533343527
0.66475000,2.533343527
0.66480000,2.533343527
0.66485000,2.533343527
0.66490000,2.533343527
0.66495000,2.533343527
0.66500000,2.533343527
0.66505000,2.533343527
0.66510000,2.533343527
0.66515000,2.533343527
0.66520000,2.533343527
0.66525000,2.533343527
0.66530000,2.533343527
0.66535000,2.533343527
0.66540000,2.533343527
0.66545000,2.533343527
0.66550000,2.533343527
0.66555000,2.533343527
0.66560000,2.533343527
0.66565000,2.533343527
0.66570000,2.533343527
0.66575000,2.533343527
0.66580000,2.533343527
0.66585000,2.533343527
0.66590000,2.533343527
0.66595000,2.533343527
0.66600000,2.533343527
0.66605000,2.533343527
0.66610000,2.533343527
0.66615000,2.533343527
0.66620000,2.533343527
0.66625000,2.533343527
0.66630000,2.533343527
0.66635000,2.533343527
0.66640000,2.533343527
0.66645000,2.533343527
0.66650000,2.533343527
0.66655000,2.533343527
0.66660000,2.533343527
0.66665000,2.533343527
0.66670000,2.533343527
0.66675000,2.533343527
0.66680000,2.533343527
0.66685000,2.533343527
0.66690000,2.533343527
0.66695000,2.533343527
0.66700000,2.533343527
0.66705000,2.533343527
0.66710000,2.533343527
0.66715000,2.533343527
0.66720000,2.533343527
0.66725000,2.533343527
0.66730000,2.533343527
0.66735000,2.533343527
0.66740000,2.533343527
0.66745000,2.533343527
0.66750000,2.533343527
0.66755000,2.533343527
0.66760000,2.533343527
0.66765000,2.533343527
0.66770000,2.533343527
0.66775000,2.533343527
0.66780000,2.533343527
0.66785000,2.533343527
0.66790000,2.533343527
0.66795000,2.533343527
0.66800000,2.533343527
0.66805000,2.533343527
0.66810000,2.533343527
0.66815000,2.533343527
0.66820000,2.533343527
0.66825000,2.533343527
0.66830000,2.533343527
0.66835000,2.533343527
0.66840000,2.533343527
0.66845000,2.533343527
0.66850000,2.533343527
0.66855000,2.533343527
0.66860000,2.533343527
0.66865000,2.533343527
0.66870000,2.533343527
0.66875000,2.533343527
0.66880000,2.533343527
0.66885000,2.533343527
0.66890000,2.533343527
0.66895000,2.533343527
0.66900000,2.533343527
0.66905000,2.533343527
0.66910000,2.533343527
0.66915000,2.533343527
0.66920000,2.533343527
0.66925000,2.533343527
0.66930000,2.533343527
0.66935000,2.533343527
0.66940000,2.533343527
0.66945000,2.533343527
0.66950000,2.533343527
0.66955000,2.533343527
0.66960000,2.533343527
0.66965000,2.533343527
0.66970000,2.533343527
0.66975000,2.533343527
0.66980000,2.533343527
0.66985000,2.533343527
0.66990000,2.533343527
0.66995000,2.533343527
0.67000000,2.533343527
0.67005000,2.533343527
0.67010000,2.533343527
0.67015000,2.533343527
0.67020000,2.533343527
0.67025000,2.533343527
0.67030000,2.533343527
0.67035000,2.533343527
0.67040000,2.533343527
0.67045000,2.533343527
0.67050000,2.533343527
0.67055000,2.533343527
0.67060000,2.533343527
0.67065000,2.533343527
0.67070000,2.533343527
0.67075000,2.533343527
0.67080000,2.533343527
0.67085000,2.533343527
0.67090000,2.533343527
0.67095000,2.533343527
0.67100000,2.533343527
0.67105000,2.533343527
0.67110000,2.533343527
0.67115000,2.533343527
0.67120000,2.533343527
0.67125000,2.533343527
0.67130000,2.533343527
0.67135000,2.533343527
0.67140000,2.533343527
0.67145000,2.533343527
0.67150000,2.533343527
0.67155000,2.533343527
0.67160000,2.533343527
0.67165000,2.533343527
0.67170000,2.533343527
0.67175000,2.533343527
0.67180000,2.533343527
0.67185000,2.533343527
0.67190000,2.533343527
0.67195000,2.533343527
0.67200000,2.533343527
0.67205000,2.533343527
0.67210000,2.533343527
0.67215000,2.533343527
0.67220000,2.533343527
0.67225000,2.533343527
0.67230000,2.533343527
0.67235000,2.533343527
0.67240000,2.533343527
0.67245000,2.533343527
0.67250000,2.533343527
0.67255000,2.533343527
0.67260000,2.533343527
0.67265000,2.533343527
0.67270000,2.533343527
0.67275000,2.533343527
0.67280000,2.533343527
0.67285000,2.533343527
0.67290000,2.533343527
0.67295000,2.533343527
0.67300000,2.533343527
0.67305000,2.533343527
0.67310000,2.533343527
0.67315000,2.533343527
0.67320000,2.533343527
0.67325000,2.533343527
0.67330000,2.533343527
0.67335000,2.533343527
0.67340000,2.533343527
0.67345000,2.533343527
0.67350000,2.533343527
0.67355000,2.533343527
0.67360000,2.533343527
0.67365000,2.533343527
0.67370000,2.533343527
0.67375000,2.533343527
0.67380000,2.533343527
0.67385000,2.533343527
0.67390000,2.533343527
0.67395000,2.533343527
0.67400000,2.533343527
0.67405000,2.533343527
0.67410000,2.533343527
0.67415000,2.533343527
0.67420000,2.533343527
0.67425000,2.533343527
0.67430000,2.533343527
0.67435000,2.533343527
0.67440000,2.533343527
0.67445000,2.533343527
0.67450000,2.533343527
0.67455000,2.533343527
0.67460000,2.533343527
0.67465000,2.533343527
0.67470000,2.533343527
0.67475000,2.533343527
0.67480000,2.533343527
0.67485000,2.533343527
0.67490000,2.533343527
0.67495000,2.533343527
0.67500000,44.286656473
0.67505000,44.286656473
0.67510000,44.286656473
0.67515000,44.286656473
0.67520000,44.286656473
0.67525000,44.286656473
0.67530000,44.286656473
0.67535000,44.286656473
0.67540000,44.286656473
0.67545000,44.286656473
0.67550000,44.286656473
0.67555000,44.286656473
0.67560000,44.286656473
0.67565000,44.286656473
0.67570000,44.286656473
0.67575000,44.286656473
0.67580000,44.286656473
0.67585000,44.286656473
0.67590000,44.286656473
0.67595000,44.286656473
0.67600000,44.286656473
0.67605000,44.286656473
0.67610000,44.286656473
0.67615000,44.286656473
0.67620000,44.286656473
0.67625000,44.286656473
0.67630000,44.286656473
0.67635000,44.286656473
0.67640000,44.286656473
0.67645000,44.286656473
0.67650000,44.286656473
0.67655000,44.286656473
0.67660000,44.286656473
0.67665000,44.286656473
0.67670000,44.286656473
0.67675000,44.286656473
0.67680000,44.286656473
0.67685000,44.286656473
0.67690000,44.286656473
0.67695000,44.286656473
0.67700000,44.286656473
0.67705000,44.286656473
0.67710000,44.286656473
0.67715000,44.286656473
0.67720000,44.286656473
0.67725000,44.286656473
0.67730000,44.286656473
0.67735000,44.286656473
0.67740000,44.286656473
0.67745000,44.286656473
0.67750000,44.286656473
0.67755000,44.286656473
0.67760000,44.286656473
0.67765000,44.286656473
0.67770000,44.286656473
0.67775000,44.286656473
0.67780000,44.286656473
0.67785000,44.286656473
0.67790000,44.286656473
0.67795000,44.286656473
0.67800000,44.286656473
0.67805000,44.286656473
0.67810000,44.286656473
0.67815000,44.286656473
0.67820000,44.286656473
0.67825000,44.286656473
0.67830000,44.286656473
0.67835000,44.286656473
0.67840000,44.286656473
0.67845000,44.286656473
0.67850000,44.286656473
0.67855000,44.286656473
0.67860000,44.286656473
0.67865000,44.286656473
0.67870000,44.286656473
0.67875000,44.286656473
0.67880000,44.286656473
0.67885000,44.286656473
0.67890000,44.286656473
0.67895000,44.286656473
0.67900000,44.286656473
0.67905000,44.286656473
0.67910000,44.286656473
0.67915000,44.286656473
0.67920000,44.286656473
0.67925000,44.286656473
0.67930000,44.286656473
0.67935000,44.286656473
0.67940000,44.286656473
0.67945000,44.286656473
0.67950000,44.286656473
0.67955000,44.286656473
0.67960000,44.286656473
0.67965000,44.286656473
0.67970000,44.286656473
0.67975000,44.286656473
0.67980000,44.286656473
0.67985000,44.286656473
0.67990000,44.286656473
0.67995000,44.286656473
0.68000000,44.286656473
0.68005000,44.286656473
0.68010000,44.286656473
0.68015000,44.286656473
0.68020000,44.286656473
0.68025000,44.286656473
0.68030000,44.286656473
0.68035000,44.286656473
0.68040000,44.286656473
0.68045000,44.286656473
0.68050000,44.286656473
0.68055000,44.286656473
0.68060000,44.286656473
0.68065000,44.286656473
0.68070000,44.286656473
0.68075000,44.286656473
0.68080000,44.286656473
0.68085000,44.286656473
0.68090000,44.286656473
0.68095000,44.286656473
0.68100000,44.286656473
0.68105000,44.286656473
0.68110000,44.286656473
0.68115000,44.286656473
0.68120000,44.286656473
0.68125000,44.286656473
0.68130000,44.286656473
0.68135000,44.286656473
0.68140000,44.286656473
0.68145000,44.286656473
0.68150000,44.286656473
0.68155000,44.286656473
0.68160000,44.286656473
0.68165000,44.286656473
0.68170000,44.286656473
0.68175000,44.286656473
0.68180000,44.286656473
0.68185000,44.286656473
0.68190000,44.286656473
0.68195000,44.286656473
0.68200000,44.286656473
0.68205000,44.286656473
0.68210000,44.286656473
0.68215000,44.286656473
0.68220000,44.286656473
0.68225000,44.286656473
0.68230000,44.286656473
0.68235000,44.286656473
0.68240000,44.286656473
0.68245000,44.286656473
0.68250000,44.286656473
0.68255000,44.286656473
0.68260000,44.286656473
0.68265000,44.286656473
0.68270000,44.286656473
0.68275000,44.286656473
0.68280000,44.286656473
0.68285000,44.286656473
0.68290000,44.286656473
0.68295000,44.286656473
0.68300000,44.286656473
0.68305000,44.286656473
0.68310000,44.286656473
0.68315000,44.286656473
0.68320000,44.286656473
0.68325000,44.286656473
0.68330000,44.286656473
0.68335000,44.286656473
0.68340000,44.286656473
0.68345000,44.286656473
0.68350000,44.286656473
0.68355000,44.286656473
0.68360000,44.286656473
0.68365000,44.286656473
0.68370000,44.286656473
0.68375000,44.286656473
0.68380000,44.286656473
0.68385000,44.286656473
0.68390000,44.286656473
0.68395000,44.286656473
0.68400000,44.286656473
0.68405000,44.286656473
0.68410000,44.286656473
0.68415000,44.286656473
0.68420000,44.286656473
0.68425000,44.286656473
0.68430000,44.286656473
0.68435000,44.286656473
0.68440000,44.286656473
0.68445000,44.286656473
0.68450000,44.286656473
0.68455000,44.286656473
0.68460000,44.286656473
0.68465000,44.286656473
0.68470000,44.286656473
0.68475000,44.286656473
0.68480000,44.286656473
0.68485000,44.286656473
0.68490000,44.286656473
0.68495000,44.286656473
0.68500000,44.286656473
0.68505000,44.286656473
0.68510000,44.286656473
0.68515000,44.286656473
0.68520000,44.286656473
0.68525000,44.286656473
0.68530000,44.286656473
0.68535000,44.286656473
0.68540000,44.286656473
0.68545000,44.286656473
0.68550000,44.286656473
0.68555000,44.286656473
0.68560000,44.286656473
0.68565000,44.286656473
0.68570000,44.286656473
0.68575000,44.286656473
0.68580000,44.286656473
0.68585000,44.286656473
0.68590000,44.286656473
0.68595000,44.286656473
0.68600000,44.286656473
0.68605000,44.286656473
0.68610000,44.286656473
0.68615000,44.286656473
0.68620000,44.286656473
0.68625000,44.286656473
0.68630000,44.286656473
0.68635000,44.286656473
0.68640000,44.286656473
0.68645000,44.286656473
0.68650000,44.286656473
0.68655000,44.286656473
0.68660000,44.286656473
0.68665000,44.286656473
0.68670000,44.286656473
0.68675000,44.286656473
0.68680000,44.286656473
0.68685000,44.286656473
0.68690000,44.286656473
0.68695000,44.286656473
0.68700000,44.286656473
0.68705000,44.286656473
0.68710000,44.286656473
0.68715000,44.286656473
0.68720000,44.286656473
0.68725000,44.286656473
0.68730000,44.286656473
0.68735000,44.286656473
0.68740000,44.286656473
0.68745000,44.286656473
0.68750000,44.286656473
0.68755000,44.286656473
0.68760000,44.286656473
0.68765000,44.286656473
0.68770000,44.286656473
0.68775000,44.286656473
0.68780000,44.286656473
0.68785000,44.286656473
0.68790000,44.286656473
0.68795000,44.286656473
0.68800000,44.286656473
0.68805000,44.286656473
0.68810000,44.286656473
0.68815000,44.286656473
0.68820000,44.286656473
0.68825000,44.286656473
0.68830000,44.286656473
0.68835000,44.286656473
0.68840000,44.286656473
0.68845000,44.286656473
0.68850000,44.286656473
0.68855000,44.286656473
0.68860000,44.286656473
0.68865000,44.286656473
0.68870000,44.286656473
0.68875000,44.286656473
0.68880000,44.286656473
0.68885000,44.286656473
0.68890000,44.286656473
0.68895000,44.286656473
0.68900000,44.286656473
0.68905000,44.286656473
0.68910000,44.286656473
0.68915000,44.286656473
0.68920000,44.286656473
0.68925000,44.286656473
0.68930000,44.286656473
0.68935000,44.286656473
0.68940000,44.286656473
0.68945000,44.286656473
0.68950000,44.286656473
0.68955000,44.286656473
0.68960000,44.286656473
0.68965000,44.286656473
0.68970000,44.286656473
0.68975000,44.286656473
0.68980000,44.286656473
0.68985000,44.286656473
0.68990000,44.286656473
0.68995000,44.286656473
0.69000000,44.286656473
0.69005000,44.286656473
0.69010000,44.286656473
0.69015000,44.286656473
0.69020000,44.286656473
0.69025000,44.286656473
0.69030000,44.286656473
0.69035000,44.286656473
0.69040000,44.286656473
0.69045000,44.286656473
0.69050000,44.286656473
0.69055000,44.286656473
0.69060000,44.286656473
0.69065000,44.286656473
0.69070000,44.286656473
0.69075000,44.286656473
0.69080000,44.286656473
0.69085000,44.286656473
0.69090000,44.286656473
0.69095000,44.286656473
0.69100000,44.286656473
0.69105000,44.286656473
0.69110000,44.286656473
0.69115000,44.286656473
0.69120000,44.286656473
0.69125000,44.286656473
0.69130000,44.286656473
0.69135000,44.286656473
0.69140000,44.286656473
0.69145000,44.286656473
0.69150000,44.286656473
0.69155000,44.286656473
0.69160000,44.286656473
0.69165000,44.286656473
0.69170000,44.286656473
0.69175000,44.286656473
0.69180000,44.286656473
0.69185000,44.286656473
0.69190000,44.286656473
0.69195000,44.286656473
0.69200000,44.286656473
0.69205000,44.286656473
0.69210000,44.286656473
0.69215000,44.286656473
0.69220000,44.286656473
0.69225000,44.286656473
0.69230000,44.286656473
0.69235000,44.286656473
0.69240000,44.286656473
0.69245000,44.286656473
0.69250000,44.286656473
0.69255000,44.286656473
0.69260000,44.286656473
0.69265000,44.286656473
0.69270000,44.286656473
0.69275000,44.286656473
0.69280000,44.286656473
0.69285000,44.286656473
0.69290000,44.286656473
0.69295000,44.286656473
0.69300000,44.286656473
0.69305000,44.286656473
0.69310000,44.286656473
0.69315000,44.286656473
0.69320000,44.286656473
0.69325000,44.286656473
0.69330000,44.286656473
0.69335000,44.286656473
0.69340000,44.286656473
0.69345000,44.286656473
0.69350000,44.286656473
0.69355000,44.286656473
0.69360000,44.286656473
0.69365000,44.286656473
0.69370000,44.286656473
0.69375000,44.286656473
0.69380000,44.286656473
0.69385000,44.286656473
0.69390000,44.286656473
0.69395000,44.286656473
0.69400000,44.286656473
0.69405000,44.286656473
0.69410000,44.286656473
0.69415000,44.286656473
0.69420000,44.286656473
0.69425000,44.286656473
0.69430000,44.286656473
0.69435000,44.286656473
0.69440000,44.286656473
0.69445000,44.286656473
0.69450000,44.286656473
0.69455000,44.286656473
0.69460000,44.286656473
0.69465000,44.286656473
0.69470000,44.286656473
0.69475000,44.286656473
0.69480000,44.286656473
0.69485000,44.286656473
0.69490000,44.286656473
0.69495000,44.286656473
0.69500000,44.286656473
0.69505000,44.286656473
0.69510000,44.286656473
0.69515000,44.286656473
0.69520000,44.286656473
0.69525000,44.286656473
0.69530000,44.286656473
0.69535000,44.286656473
0.69540000,44.286656473
0.69545000,44.286656473
0.69550000,44.286656473
0.69555000,44.286656473
0.69560000,44.286656473
0.69565000,44.286656473
0.69570000,44.286656473
0.69575000,44.286656473
0.69580000,44.286656473
0.69585000,44.286656473
0.69590000,44.286656473
0.69595000,44.286656473
0.69600000,44.286656473
0.69605000,44.286656473
0.69610000,44.286656473
0.69615000,44.286656473
0.69620000,44.286656473
0.69625000,44.286656473
0.69630000,44.286656473
0.69635000,44.286656473
0.69640000,44.286656473
0.69645000,44.286656473
0.69650000,44.286656473
0.69655000,44.286656473
0.69660000,44.286656473
0.69665000,44.286656473
0.69670000,44.286656473
0.69675000,44.286656473
0.69680000,44.286656473
0.69685000,44.286656473
0.69690000,44.286656473
0.69695000,44.286656473
0.69700000,44.286656473
0.69705000,44.286656473
0.69710000,44.286656473
0.69715000,44.286656473
0.69720000,44.286656473
0.69725000,44.286656473
0.69730000,44.286656473
0.69735000,44.286656473
0.69740000,44.286656473
0.69745000,44.286656473
0.69750000,44.286656473
0.69755000,44.286656473
0.69760000,44.286656473
0.69765000,44.286656473
0.69770000,44.286656473
0.69775000,44.286656473
0.69780000,44.286656473
0.69785000,44.286656473
0.69790000,44.286656473
0.69795000,44.286656473
0.69800000,44.286656473
0.69805000,44.286656473
0.69810000,44.286656473
0.69815000,44.286656473
0.69820000,44.286656473
0.69825000,44.286656473
0.69830000,44.286656473
0.69835000,44.286656473
0.69840000,44.286656473
0.69845000,44.286656473
0.69850000,44.286656473
0.69855000,44.286656473
0.69860000,44.286656473
0.69865000,44.286656473
0.69870000,44.286656473
0.69875000,44.286656473
0.69880000,44.286656473
0.69885000,44.286656473
0.69890000,44.286656473
0.69895000,44.286656473
0.69900000,44.286656473
0.69905000,44.286656473
0.69910000,44.286656473
0.69915000,44.286656473
0.69920000,44.286656473
0.69925000,44.286656473
0.69930000,44.286656473
0.69935000,44.286656473
0.69940000,44.286656473
0.69945000,44.286656473
0.69950000,44.286656473
0.69955000,44.286656473
0.69960000,44.286656473
0.69965000,44.286656473
0.69970000,44.286656473
0.69975000,44.286656473
0.69980000,44.286656473
0.69985000,44.286656473
0.69990000,44.286656473
0.69995000,44.286656473
0.70000000,44.286656473
0.70005000,44.286656473
0.70010000,44.286656473
0.70015000,44.286656473
0.70020000,44.286656473
0.70025000,44.286656473
0.70030000,44.286656473
0.70035000,44.286656473
0.70040000,44.286656473
0.70045000,44.286656473
0.70050000,44.286656473
0.70055000,44.286656473
0.70060000,44.286656473
0.70065000,44.286656473
0.70070000,44.286656473
0.70075000,44.286656473
0.70080000,44.286656473
0.70085000,44.286656473
0.70090000,44.286656473
0.70095000,44.286656473
0.70100000,44.286656473
0.70105000,44.286656473
0.70110000,44.286656473
0.70115000,44.286656473
0.70120000,44.286656473
0.70125000,44.286656473
0.70130000,44.286656473
0.70135000,44.286656473
0.70140000,44.286656473
0.70145000,44.286656473
0.70150000,44.286656473
0.70155000,44.286656473
0.70160000,44.286656473
0.70165000,44.286656473
0.70170000,44.286656473
0.70175000,44.286656473
0.70180000,44.286656473
0.70185000,44.286656473
0.70190000,44.286656473
0.70195000,44.286656473
0.70200000,44.286656473
0.70205000,44.286656473
0.70210000,44.286656473
0.70215000,44.286656473
0.70220000,44.286656473
0.70225000,44.286656473
0.70230000,44.286656473
0.70235000,44.286656473
0.70240000,44.286656473
0.70245000,44.286656473
0.70250000,44.286656473
0.70255000,44.286656473
0.70260000,44.286656473
0.70265000,44.286656473
0.70270000,44.286656473
0.70275000,44.286656473
0.70280000,44.286656473
0.70285000,44.286656473
0.70290000,44.286656473
0.70295000,44.286656473
0.70300000,44.286656473
0.70305000,44.286656473
0.70310000,44.286656473
0.70315000,44.286656473
0.70320000,44.286656473
0.70325000,44.286656473
0.70330000,44.286656473
0.70335000,44.286656473
0.70340000,44.286656473
0.70345000,44.286656473
0.70350000,44.286656473
0.70355000,44.286656473
0.70360000,44.286656473
0.70365000,44.286656473
0.70370000,44.286656473
0.70375000,44.286656473
0.70380000,44.286656473
0.70385000,44.286656473
0.70390000,44.286656473
0.70395000,44.286656473
0.70400000,44.286656473
0.70405000,44.286656473
0.70410000,44.286656473
0.70415000,44.286656473
0.70420000,44.286656473
0.70425000,44.286656473
0.70430000,44.286656473
0.70435000,44.286656473
0.70440000,44.286656473
0.70445000,44.286656473
0.70450000,44.286656473
0.70455000,44.286656473
0.70460000,44.286656473
0.70465000,44.286656473
0.70470000,44.286656473
0.70475000,44.286656473
0.70480000,44.286656473
0.70485000,44.286656473
0.70490000,44.286656473
0.70495000,44.286656473
0.70500000,44.286656473
0.70505000,44.286656473
0.70510000,44.286656473
0.70515000,44.286656473
0.70520000,44.286656473
0.70525000,44.286656473
0.70530000,44.286656473
0.70535000,44.286656473
0.70540000,44.286656473
0.70545000,44.286656473
0.70550000,44.286656473
0.70555000,44.286656473
0.70560000,44.286656473
0.70565000,44.286656473
0.70570000,44.286656473
0.70575000,44.286656473
0.70580000,44.286656473
0.70585000,44.286656473
0.70590000,44.286656473
0.70595000,44.286656473
0.70600000,44.286656473
0.70605000,44.286656473
0.70610000,44.286656473
0.70615000,44.286656473
0.70620000,44.286656473
0.70625000,44.286656473
0.70630000,44.286656473
0.70635000,44.286656473
0.70640000,44.286656473
0.70645000,44.286656473
0.70650000,44.286656473
0.70655000,44.286656473
0.70660000,44.286656473
0.70665000,44.286656473
0.70670000,44.286656473
0.70675000,44.286656473
0.70680000,44.286656473
0.70685000,44.286656473
0.70690000,44.286656473
0.70695000,44.286656473
0.70700000,44.286656473
0.70705000,44.286656473
0.70710000,44.286656473
0.70715000,44.286656473
0.70720000,44.286656473
0.70725000,44.286656473
0.70730000,44.286656473
0.70735000,44.286656473
0.70740000,44.286656473
0.70745000,44.286656473
0.70750000,44.286656473
0.70755000,44.286656473
0.70760000,44.286656473
0.70765000,44.286656473
0.70770000,44.286656473
0.70775000,44.286656473
0.70780000,44.286656473
0.70785000,44.286656473
0.70790000,44.286656473
0.70795000,44.286656473
0.70800000,44.286656473
0.70805000,44.286656473
0.70810000,44.286656473
0.70815000,44.286656473
0.70820000,44.286656473
0.70825000,44.286656473
0.70830000,44.286656473
0.70835000,44.286656473
0.70840000,44.286656473
0.70845000,44.286656473
0.70850000,44.286656473
0.70855000,44.286656473
0.70860000,44.286656473
0.70865000,44.286656473
0.70870000,44.286656473
0.70875000,44.286656473
0.70880000,44.286656473
0.70885000,44.286656473
0.70890000,44.286656473
0.70895000,44.286656473
0.70900000,44.286656473
0.70905000,44.286656473
0.70910000,44.286656473
0.70915000,44.286656473
0.70920000,44.286656473
0.70925000,44.286656473
0.70930000,44.286656473
0.70935000,44.286656473
0.70940000,44.286656473
0.70945000,44.286656473
0.70950000,44.286656473
0.70955000,44.286656473
0.70960000,44.286656473
0.70965000,44.286656473
0.70970000,44.286656473
0.70975000,44.286656473
0.70980000,44.286656473
0.70985000,44.286656473
0.70990000,44.286656473
0.70995000,44.286656473
0.71000000,44.286656473
0.71005000,44.286656473
0.71010000,44.286656473
0.71015000,44.286656473
0.71020000,44.286656473
0.71025000,44.286656473
0.71030000,44.286656473
0.71035000,44.286656473
0.71040000,44.286656473
0.71045000,44.286656473
0.71050000,44.286656473
0.71055000,44.286656473
0.71060000,44.286656473
0.71065000,44.286656473
0.71070000,44.286656473
0.71075000,44.286656473
0.71080000,44.286656473
0.71085000,44.286656473
0.71090000,44.286656473
0.71095000,44.286656473
0.71100000,44.286656473
0.71105000,44.286656473
0.71110000,44.286656473
0.71115000,44.286656473
0.71120000,44.286656473
0.71125000,44.286656473
0.71130000,44.286656473
0.71135000,44.286656473
0.71140000,44.286656473
0.71145000,44.286656473
0.71150000,44.286656473
0.71155000,44.286656473
0.71160000,44.286656473
0.71165000,44.286656473
0.71170000,44.286656473
0.71175000,44.286656473
0.71180000,44.286656473
0.71185000,44.286656473
0.71190000,44.286656473
0.71195000,44.286656473
0.71200000,44.286656473
0.71205000,44.286656473
0.71210000,44.286656473
0.71215000,44.286656473
0.71220000,44.286656473
0.71225000,44.286656473
0.71230000,44.286656473
0.71235000,44.286656473
0.71240000,44.286656473
0.71245000,44.286656473
0.71250000,44.286656473
0.71255000,44.286656473
0.71260000,44.286656473
0.71265000,44.286656473
0.71270000,44.286656473
0.71275000,44.286656473
0.71280000,44.286656473
0.71285000,44.286656473
0.71290000,44.286656473
0.71295000,44.286656473
0.71300000,44.286656473
0.71305000,44.286656473
0.71310000,44.286656473
0.71315000,44.286656473
0.71320000,44.286656473
0.71325000,44.286656473
0.71330000,44.286656473
0.71335000,44.286656473
0.71340000,44.286656473
0.71345000,44.286656473
0.71350000,44.286656473
0.71355000,44.286656473
0.71360000,44.286656473
0.71365000,44.286656473
0.71370000,44.286656473
0.71375000,44.286656473
0.71380000,44.286656473
0.71385000,44.286656473
0.71390000,44.286656473
0.71395000,44.286656473
0.71400000,44.286656473
0.71405000,44.286656473
0.71410000,44.286656473
0.71415000,44.286656473
0.71420000,44.286656473
0.71425000,44.286656473
0.71430000,44.286656473
0.71435000,44.286656473
0.71440000,44.286656473
0.71445000,44.286656473
0.71450000,44.286656473
0.71455000,44.286656473
0.71460000,44.286656473
0.71465000,44.286656473
0.71470000,44.286656473
0.71475000,44.286656473
0.71480000,44.286656473
0.71485000,44.286656473
0.71490000,44.286656473
0.71495000,44.286656473
0.71500000,44.286656473
0.71505000,44.286656473
0.71510000,44.286656473
0.71515000,44.286656473
0.71520000,44.286656473
0.71525000,44.286656473
0.71530000,44.286656473
0.71535000,44.286656473
0.71540000,44.286656473
0.71545000,44.286656473
0.71550000,44.286656473
0.71555000,44.286656473
0.71560000,44.286656473
0.71565000,44.286656473
0.71570000,44.286656473
0.71575000,44.286656473
0.71580000,44.286656473
0.71585000,44.286656473
0.71590000,44.286656473
0.71595000,44.286656473
0.71600000,44.286656473
0.71605000,44.286656473
0.71610000,44.286656473
0.71615000,44.286656473
0.71620000,44.286656473
0.71625000,44.286656473
0.71630000,44.286656473
0.71635000,44.286656473
0.71640000,44.286656473
0.71645000,44.286656473
0.71650000,44.286656473
0.71655000,44.286656473
0.71660000,44.286656473
0.71665000,44.286656473
0.71670000,44.286656473
0.71675000,44.286656473
0.71680000,44.286656473
0.71685000,44.286656473
0.71690000,44.286656473
0.71695000,44.286656473
0.71700000,44.286656473
0.71705000,44.286656473
0.71710000,44.286656473
0.71715000,44.286656473
0.71720000,44.286656473
0.71725000,44.286656473
0.71730000,44.286656473
0.71735000,44.286656473
0.71740000,44.286656473
0.71745000,44.286656473
0.71750000,44.286656473
0.71755000,44.286656473
0.71760000,44.286656473
0.71765000,44.286656473
0.71770000,44.286656473
0.71775000,44.286656473
0.71780000,44.286656473
0.71785000,44.286656473
0.71790000,44.286656473
0.71795000,44.286656473
0.71800000,44.286656473
0.71805000,44.286656473
0.71810000,44.286656473
0.71815000,44.286656473
0.71820000,44.286656473
0.71825000,44.286656473
0.71830000,44.286656473
0.71835000,44.286656473
0.71840000,44.286656473
0.71845000,44.286656473
0.71850000,44.286656473
0.71855000,44.286656473
0.71860000,44.286656473
0.71865000,44.286656473
0.71870000,44.286656473
0.71875000,44.286656473
0.71880000,44.286656473
0.71885000,44.286656473
0.71890000,44.286656473
0.71895000,44.286656473
0.71900000,44.286656473
0.71905000,44.286656473
0.71910000,44.286656473
0.71915000,44.286656473
0.71920000,44.286656473
0.71925000,44.286656473
0.71930000,44.286656473
0.71935000,44.286656473
0.71940000,44.286656473
0.71945000,44.286656473
0.71950000,44.286656473
0.71955000,44.286656473
0.71960000,44.286656473
0.71965000,44.286656473
0.71970000,44.286656473
0.71975000,44.286656473
0.71980000,44.286656473
0.71985000,44.286656473
0.71990000,44.286656473
0.71995000,44.286656473
0.72000000,44.286656473
0.72005000,44.286656473
0.72010000,44.286656473
0.72015000,44.286656473
0.72020000,44.286656473
0.72025000,44.286656473
0.72030000,44.286656473
0.72035000,44.286656473
0.72040000,44.286656473
0.72045000,44.286656473
0.72050000,44.286656473
0.72055000,44.286656473
0.72060000,44.286656473
0.72065000,44.286656473
0.72070000,44.286656473
0.72075000,44.286656473
0.72080000,44.286656473
0.72085000,44.286656473
0.72090000,44.286656473
0.72095000,44.286656473
0.72100000,44.286656473
0.72105000,44.286656473
0.72110000,44.286656473
0.72115000,44.286656473
0.72120000,44.286656473
0.72125000,44.286656473
0.72130000,44.286656473
0.72135000,44.286656473
0.72140000,44.286656473
0.72145000,44.286656473
0.72150000,44.286656473
0.72155000,44.286656473
0.72160000,44.286656473
0.72165000,44.286656473
0.72170000,44.286656473
0.72175000,44.286656473
0.72180000,44.286656473
0.72185000,44.286656473
0.72190000,44.286656473
0.72195000,44.286656473
0.72200000,44.286656473
0.72205000,44.286656473
0.72210000,44.286656473
0.72215000,44.286656473
0.72220000,44.286656473
0.72225000,44.286656473
0.72230000,44.286656473
0.72235000,44.286656473
0.72240000,44.286656473
0.72245000,44.286656473
0.72250000,44.286656473
0.72255000,44.286656473
0.72260000,44.286656473
0.72265000,44.286656473
0.72270000,44.286656473
0.72275000,44.286656473
0.72280000,44.286656473
0.72285000,44.286656473
0.72290000,44.286656473
0.72295000,44.286656473
0.72300000,44.286656473
0.72305000,44.286656473
0.72310000,44.286656473
0.72315000,44.286656473
0.72320000,44.286656473
0.72325000,44.286656473
0.72330000,44.286656473
0.72335000,44.286656473
0.72340000,44.286656473
0.72345000,44.286656473
0.72350000,44.286656473
0.72355000,44.286656473
0.72360000,44.286656473
0.72365000,44.286656473
0.72370000,44.286656473
0.72375000,44.286656473
0.72380000,44.286656473
0.72385000,44.286656473
0.72390000,44.286656473
0.72395000,44.286656473
0.72400000,44.286656473
0.72405000,44.286656473
0.72410000,44.286656473
0.72415000,44.286656473
0.72420000,44.286656473
0.72425000,44.286656473
0.72430000,44.286656473
0.72435000,44.286656473
0.72440000,44.286656473
0.72445000,44.286656473
0.72450000,44.286656473
0.72455000,44.286656473
0.72460000,44.286656473
0.72465000,44.286656473
0.72470000,44.286656473
0.72475000,44.286656473
0.72480000,44.286656473
0.72485000,44.286656473
0.72490000,44.286656473
0.72495000,44.286656473
0.72500000,44.286656473
0.72505000,44.286656473
0.72510000,44.286656473
0.72515000,44.286656473
0.72520000,44.286656473
0.72525000,44.286656473
0.72530000,44.286656473
0.72535000,44.286656473
0.72540000,44.286656473
0.72545000,44.286656473
0.72550000,44.286656473
0.72555000,44.286656473
0.72560000,44.286656473
0.72565000,44.286656473
0.72570000,44.286656473
0.72575000,44.286656473
0.72580000,44.286656473
0.72585000,44.286656473
0.72590000,44.286656473
0.72595000,44.286656473
0.72600000,44.286656473
0.72605000,44.286656473
0.72610000,44.286656473
0.72615000,44.286656473
0.72620000,44.286656473
0.72625000,44.286656473
0.72630000,44.286656473
0.72635000,44.286656473
0.72640000,44.286656473
0.72645000,44.286656473
0.72650000,44.286656473
0.72655000,44.286656473
0.72660000,44.286656473
0.72665000,44.286656473
0.72670000,44.286656473
0.72675000,44.286656473
0.72680000,44.286656473
0.72685000,44.286656473
0.72690000,44.286656473
0.72695000,44.286656473
0.72700000,44.286656473
0.72705000,44.286656473
0.72710000,44.286656473
0.72715000,44.286656473
0.72720000,44.286656473
0.72725000,44.286656473
0.72730000,44.286656473
0.72735000,44.286656473
0.72740000,44.286656473
0.72745000,44.286656473
0.72750000,44.286656473
0.72755000,44.286656473
0.72760000,44.286656473
0.72765000,44.286656473
0.72770000,44.286656473
0.72775000,44.286656473
0.72780000,44.286656473
0.72785000,44.286656473
0.72790000,44.286656473
0.72795000,44.286656473
0.72800000,44.286656473
0.72805000,44.286656473
0.72810000,44.286656473
0.72815000,44.286656473
0.72820000,44.286656473
0.72825000,44.286656473
0.72830000,44.286656473
0.72835000,44.286656473
0.72840000,44.286656473
0.72845000,44.286656473
0.72850000,44.286656473
0.72855000,44.286656473
0.72860000,44.286656473
0.72865000,44.286656473
0.72870000,44.286656473
0.72875000,44.286656473
0.72880000,44.286656473
0.72885000,44.286656473
0.72890000,44.286656473
0.72895000,44.286656473
0.72900000,44.286656473
0.72905000,44.286656473
0.72910000,44.286656473
0.72915000,44.286656473
0.72920000,44.286656473
0.72925000,44.286656473
0.72930000,44.286656473
0.72935000,44.286656473
0.72940000,44.286656473
0.72945000,44.286656473
0.72950000,44.286656473
0.72955000,44.286656473
0.72960000,44.286656473
0.72965000,44.286656473
0.72970000,44.286656473
0.72975000,44.286656473
0.72980000,44.286656473
0.72985000,44.286656473
0.72990000,44.286656473
0.72995000,44.286656473
0.73000000,44.286656473
0.73005000,44.286656473
0.73010000,44.286656473
0.73015000,44.286656473
0.73020000,44.286656473
0.73025000,44.286656473
0.73030000,44.286656473
0.73035000,44.286656473
0.73040000,44.286656473
0.73045000,44.286656473
0.73050000,44.286656473
0.73055000,44.286656473
0.73060000,44.286656473
0.73065000,44.286656473
0.73070000,44.286656473
0.73075000,44.286656473
0.73080000,44.286656473
0.73085000,44.286656473
0.73090000,44.286656473
0.73095000,44.286656473
0.73100000,44.286656473
0.73105000,44.286656473
0.73110000,44.286656473
0.73115000,44.286656473
0.73120000,44.286656473
0.73125000,2.533343527
0.73130000,2.533343527
0.73135000,2.533343527
0.73140000,2.533343527
0.73145000,2.533343527
0.73150000,2.533343527
0.73155000,2.533343527
0.73160000,2.533343527
0.73165000,2.533343527
0.73170000,2.533343527
0.73175000,2.533343527
0.73180000,2.533343527
0.73185000,2.533343527
0.73190000,2.533343527
0.73195000,2.533343527
0.73200000,2.533343527
0.73205000,2.533343527
0.73210000,2.533343527
0.73215000,2.533343527
0.73220000,2.533343527
0.73225000,2.533343527
0.73230000,2.533343527
0.73235000,2.533343527
0.73240000,2.533343527
0.73245000,2.533343527
0.73250000,2.533343527
0.73255000,2.533343527
0.73260000,2.533343527
0.73265000,2.533343527
0.73270000,2.533343527
0.73275000,2.533343527
0.73280000,2.533343527
0.73285000,2.533343527
0.73290000,2.533343527
0.73295000,2.533343527
0.73300000,2.533343527
0.73305000,2.533343527
0.73310000,2.533343527
0.73315000,2.533343527
0.73320000,2.533343527
0.73325000,2.533343527
0.73330000,2.533343527
0.73335000,2.533343527
0.73340000,2.533343527
0.73345000,2.533343527
0.73350000,2.533343527
0.73355000,2.533343527
0.73360000,2.533343527
0.73365000,2.533343527
0.73370000,2.533343527
0.73375000,2.533343527
0.73380000,2.533343527
0.73385000,2.533343527
0.73390000,2.533343527
0.73395000,2.533343527
0.73400000,2.533343527
0.73405000,2.533343527
0.73410000,2.533343527
0.73415000,2.533343527
0.73420000,2.533343527
0.73425000,2.533343527
0.73430000,2.533343527
0.73435000,2.533343527
0.73440000,2.533343527
0.73445000,2.533343527
0.73450000,2.533343527
0.73455000,2.533343527
0.73460000,2.533343527
0.73465000,2.533343527
0.73470000,2.533343527
0.73475000,2.533343527
0.73480000,2.533343527
0.73485000,2.533343527
0.73490000,2.533343527
0.73495000,2.533343527
0.73500000,2.533343527
0.73505000,2.533343527
0.73510000,2.533343527
0.73515000,2.533343527
0.73520000,2.533343527
0.73525000,2.533343527
0.73530000,2.533343527
0.73535000,2.533343527
0.73540000,2.533343527
0.73545000,2.533343527
0.73550000,2.533343527
0.73555000,2.533343527
0.73560000,2.533343527
0.73565000,2.533343527
0.73570000,2.533343527
0.73575000,2.533343527
0.73580000,2.533343527
0.73585000,2.533343527
0.73590000,2.533343527
0.73595000,2.533343527
0.73600000,2.533343527
0.73605000,2.533343527
0.73610000,2.533343527
0.73615000,2.533343527
0.73620000,2.533343527
0.73625000,2.533343527
0.73630000,2.533343527
0.73635000,2.533343527
0.73640000,2.533343527
0.73645000,2.533343527
0.73650000,2.533343527
0.73655000,2.533343527
0.73660000,2.533343527
0.73665000,2.533343527
0.73670000,2.533343527
0.73675000,2.533343527
0.73680000,2.533343527
0.73685000,2.533343527
0.73690000,2.533343527
0.73695000,2.533343527
0.73700000,2.533343527
0.73705000,2.533343527
0.73710000,2.533343527
0.73715000,2.533343527
0.73720000,2.533343527
0.73725000,2.533343527
0.73730000,2.533343527
0.73735000,2.533343527
0.73740000,2.533343527
0.73745000,2.533343527
0.73750000,2.533343527
0.73755000,2.533343527
0.73760000,2.533343527
0.73765000,2.533343527
0.73770000,2.533343527
0.73775000,2.533343527
0.73780000,2.533343527
0.73785000,2.533343527
0.73790000,2.533343527
0.73795000,2.533343527
0.73800000,2.533343527
0.73805000,2.533343527
0.73810000,2.533343527
0.73815000,2.533343527
0.73820000,2.533343527
0.73825000,2.533343527
0.73830000,2.533343527
0.73835000,2.533343527
0.73840000,2.533343527
0.73845000,2.533343527
0.73850000,2.533343527
0.73855000,2.533343527
0.73860000,2.533343527
0.73865000,2.533343527
0.73870000,2.533343527
0.73875000,2.533343527
0.73880000,2.533343527
0.73885000,2.533343527
0.73890000,2.533343527
0.73895000,2.533343527
0.73900000,2.533343527
0.73905000,2.533343527
0.73910000,2.533343527
0.73915000,2.533343527
0.73920000,2.533343527
0.73925000,2.533343527
0.73930000,2.533343527
0.73935000,2.533343527
0.73940000,2.533343527
0.73945000,2.533343527
0.73950000,2.533343527
0.73955000,2.533343527
0.73960000,2.533343527
0.73965000,2.533343527
0.73970000,2.533343527
0.73975000,2.533343527
0.73980000,2.533343527
0.73985000,2.533343527
0.73990000,2.533343527
0.73995000,2.533343527
0.74000000,2.533343527
0.74005000,2.533343527
0.74010000,2.533343527
0.74015000,2.533343527
0.74020000,2.533343527
0.74025000,2.533343527
0.74030000,2.533343527
0.74035000,2.533343527
0.74040000,2.533343527
0.74045000,2.533343527
0.74050000,2.533343527
0.74055000,2.533343527
0.74060000,2.533343527
0.74065000,2.533343527
0.74070000,2.533343527
0.74075000,2.533343527
0.74080000,2.533343527
0.74085000,2.533343527
0.74090000,2.533343527
0.74095000,2.533343527
0.74100000,2.533343527
0.74105000,2.533343527
0.74110000,2.533343527
0.74115000,2.533343527
0.74120000,2.533343527
0.74125000,2.533343527
0.74130000,2.533343527
0.74135000,2.533343527
0.74140000,2.533343527
0.74145000,2.533343527
0.74150000,2.533343527
0.74155000,2.533343527
0.74160000,2.533343527
0.74165000,2.533343527
0.74170000,2.533343527
0.74175000,2.533343527
0.74180000,2.533343527
0.74185000,2.533343527
0.74190000,2.533343527
0.74195000,2.533343527
0.74200000,2.533343527
0.74205000,2.533343527
0.74210000,2.533343527
0.74215000,2.533343527
0.74220000,2.533343527
0.74225000,2.533343527
0.74230000,2.533343527
0.74235000,2.533343527
0.74240000,2.533343527
0.74245000,2.533343527
0.74250000,2.533343527
0.74255000,2.533343527
0.74260000,2.533343527
0.74265000,2.533343527
0.74270000,2.533343527
0.74275000,2.533343527
0.74280000,2.533343527
0.74285000,2.533343527
0.74290000,2.533343527
0.74295000,2.533343527
0.74300000,2.533343527
0.74305000,2.533343527
0.74310000,2.533343527
0.74315000,2.533343527
0.74320000,2.533343527
0.74325000,2.533343527
0.74330000,2.533343527
0.74335000,2.533343527
0.74340000,2.533343527
0.74345000,2.533343527
0.74350000,2.533343527
0.74355000,2.533343527
0.74360000,2.533343527
0.74365000,2.533343527
0.74370000,2.533343527
0.74375000,2.533343527
0.74380000,2.533343527
0.74385000,2.533343527
0.74390000,2.533343527
0.74395000,2.533343527
0.74400000,2.533343527
0.74405000,2.533343527
0.74410000,2.533343527
0.74415000,2.533343527
0.74420000,2.533343527
0.74425000,2.533343527
0.74430000,2.533343527
0.74435000,2.533343527
0.74440000,2.533343527
0.74445000,2.533343527
0.74450000,2.533343527
0.74455000,2.533343527
0.74460000,2.533343527
0.74465000,2.533343527
0.74470000,2.533343527
0.74475000,2.533343527
0.74480000,2.533343527
0.74485000,2.533343527
0.74490000,2.533343527
0.74495000,2.533343527
0.74500000,2.533343527
0.74505000,2.533343527
0.74510000,2.533343527
0.74515000,2.533343527
0.74520000,2.533343527
0.74525000,2.533343527
0.74530000,2.533343527
0.74535000,2.533343527
0.74540000,2.533343527
0.74545000,2.533343527
0.74550000,2.533343527
0.74555000,2.533343527
0.74560000,2.533343527
0.74565000,2.533343527
0.74570000,2.533343527
0.74575000,2.533343527
0.74580000,2.533343527
0.74585000,2.533343527
0.74590000,2.533343527
0.74595000,2.533343527
0.74600000,2.533343527
0.74605000,2.533343527
0.74610000,2.533343527
0.74615000,2.533343527
0.74620000,2.533343527
0.74625000,2.533343527
0.74630000,2.533343527
0.74635000,2.533343527
0.74640000,2.533343527
0.74645000,2.533343527
0.74650000,2.533343527
0.74655000,2.533343527
0.74660000,2.533343527
0.74665000,2.533343527
0.74670000,2.533343527
0.74675000,2.533343527
0.74680000,2.533343527
0.74685000,2.533343527
0.74690000,2.533343527
0.74695000,2.533343527
0.74700000,2.533343527
0.74705000,2.533343527
0.74710000,2.533343527
0.74715000,2.533343527
0.74720000,2.533343527
0.74725000,2.533343527
0.74730000,2.533343527
0.74735000,2.533343527
0.74740000,2.533343527
0.74745000,2.533343527
0.74750000,2.533343527
0.74755000,2.533343527
0.74760000,2.533343527
0.74765000,2.533343527
0.74770000,2.533343527
0.74775000,2.533343527
0.74780000,2.533343527
0.74785000,2.533343527
0.74790000,2.533343527
0.74795000,2.533343527
0.74800000,2.533343527
0.74805000,2.533343527
0.74810000,2.533343527
0.74815000,2.533343527
0.74820000,2.533343527
0.74825000,2.533343527
0.74830000,2.533343527
0.74835000,2.533343527
0.74840000,2.533343527
0.74845000,2.533343527
0.74850000,2.533343527
0.74855000,2.533343527
0.74860000,2.533343527
0.74865000,2.533343527
0.74870000,2.533343527
0.74875000,2.533343527
0.74880000,2.533343527
0.74885000,2.533343527
0.74890000,2.533343527
0.74895000,2.533343527
0.74900000,2.533343527
0.74905000,2.533343527
0.74910000,2.533343527
0.74915000,2.533343527
0.74920000,2.533343527
0.74925000,2.533343527
0.74930000,2.533343527
0.74935000,2.533343527
0.74940000,2.533343527
0.74945000,2.533343527
0.74950000,2.533343527
0.74955000,2.533343527
0.74960000,2.533343527
0.74965000,2.533343527
0.74970000,2.533343527
0.74975000,2.533343527
0.74980000,2.533343527
0.74985000,2.533343527
0.74990000,2.533343527
0.74995000,2.533343527
0.75000000,2.533343527
0.75005000,2.533343527
0.75010000,2.533343527
0.75015000,2.533343527
0.75020000,2.533343527
0.75025000,2.533343527
0.75030000,2.533343527
0.75035000,2.533343527
0.75040000,2.533343527
0.75045000,2.533343527
0.75050000,2.533343527
0.75055000,2.533343527
0.75060000,2.533343527
0.75065000,2.533343527
0.75070000,2.533343527
0.75075000,2.533343527
0.75080000,2.533343527
0.75085000,2.533343527
0.75090000,2.533343527
0.75095000,2.533343527
0.75100000,2.533343527
0.75105000,2.533343527
0.75110000,2.533343527
0.75115000,2.533343527
0.75120000,2.533343527
0.75125000,2.533343527
0.75130000,2.533343527
0.75135000,2.533343527
0.75140000,2.533343527
0.75145000,2.533343527
0.75150000,2.533343527
0.75155000,2.533343527
0.75160000,2.533343527
0.75165000,2.533343527
0.75170000,2.533343527
0.75175000,2.533343527
0.75180000,2.533343527
0.75185000,2.533343527
0.75190000,2.533343527
0.75195000,2.533343527
0.75200000,2.533343527
0.75205000,2.533343527
0.75210000,2.533343527
0.75215000,2.533343527
0.75220000,2.533343527
0.75225000,2.533343527
0.75230000,2.533343527
0.75235000,2.533343527
0.75240000,2.533343527
0.75245000,2.533343527
0.75250000,2.533343527
0.75255000,2.533343527
0.75260000,2.533343527
0.75265000,2.533343527
0.75270000,2.533343527
0.75275000,2.533343527
0.75280000,2.533343527
0.75285000,2.533343527
0.75290000,2.533343527
0.75295000,2.533343527
0.75300000,2.533343527
0.75305000,2.533343527
0.75310000,2.533343527
0.75315000,2.533343527
0.75320000,2.533343527
0.75325000,2.533343527
0.75330000,2.533343527
0.75335000,2.533343527
0.75340000,2.533343527
0.75345000,2.533343527
0.75350000,2.533343527
0.75355000,2.533343527
0.75360000,2.533343527
0.75365000,2.533343527
0.75370000,2.533343527
0.75375000,2.533343527
0.75380000,2.533343527
0.75385000,2.533343527
0.75390000,2.533343527
0.75395000,2.533343527
0.75400000,2.533343527
0.75405000,2.533343527
0.75410000,2.533343527
0.75415000,2.533343527
0.75420000,2.533343527
0.75425000,2.533343527
0.75430000,2.533343527
0.75435000,2.533343527
0.75440000,2.533343527
0.75445000,2.533343527
0.75450000,2.533343527
0.75455000,2.533343527
0.75460000,2.533343527
0.75465000,2.533343527
0.75470000,2.533343527
0.75475000,2.533343527
0.75480000,2.533343527
0.75485000,2.533343527
0.75490000,2.533343527
0.75495000,2.533343527
0.75500000,2.533343527
0.75505000,2.533343527
0.75510000,2.533343527
0.75515000,2.533343527
0.75520000,2.533343527
0.75525000,2.533343527
0.75530000,2.533343527
0.75535000,2.533343527
0.75540000,2.533343527
0.75545000,2.533343527
0.75550000,2.533343527
0.75555000,2.533343527
0.75560000,2.533343527
0.75565000,2.533343527
0.75570000,2.533343527
0.75575000,2.533343527
0.75580000,2.533343527
0.75585000,2.533343527
0.75590000,2.533343527
0.75595000,2.533343527
0.75600000,2.533343527
0.75605000,2.533343527
0.75610000,2.533343527
0.75615000,2.533343527
0.75620000,2.533343527
0.75625000,2.533343527
0.75630000,2.533343527
0.75635000,2.533343527
0.75640000,2.533343527
0.75645000,2.533343527
0.75650000,2.533343527
0.75655000,2.533343527
0.75660000,2.533343527
0.75665000,2.533343527
0.75670000,2.533343527
0.75675000,2.533343527
0.75680000,2.533343527
0.75685000,2.533343527
0.75690000,2.533343527
0.75695000,2.533343527
0.75700000,2.533343527
0.75705000,2.533343527
0.75710000,2.533343527
0.75715000,2.533343527
0.75720000,2.533343527
0.75725000,2.533343527
0.75730000,2.533343527
0.75735000,2.533343527
0.75740000,2.533343527
0.75745000,2.533343527
0.75750000,2.533343527
0.75755000,2.533343527
0.75760000,2.533343527
0.75765000,2.533343527
0.75770000,2.533343527
0.75775000,2.533343527
0.75780000,2.533343527
0.75785000,2.533343527
0.75790000,2.533343527
0.75795000,2.533343527
0.75800000,2.533343527
0.75805000,2.533343527
0.75810000,2.533343527
0.75815000,2.533343527
0.75820000,2.533343527
0.75825000,2.533343527
0.75830000,2.533343527
0.75835000,2.533343527
0.75840000,2.533343527
0.75845000,2.533343527
0.75850000,2.533343527
0.75855000,2.533343527
0.75860000,2.533343527
0.75865000,2.533343527
0.75870000,2.533343527
0.75875000,2.533343527
0.75880000,2.533343527
0.75885000,2.533343527
0.75890000,2.533343527
0.75895000,2.533343527
0.75900000,2.533343527
0.75905000,2.533343527
0.75910000,2.533343527
0.75915000,2.533343527
0.75920000,2.533343527
0.75925000,2.533343527
0.75930000,2.533343527
0.75935000,2.533343527
0.75940000,2.533343527
0.75945000,2.533343527
0.75950000,2.533343527
0.75955000,2.533343527
0.75960000,2.533343527
0.75965000,2.533343527
0.75970000,2.533343527
0.75975000,2.533343527
0.75980000,2.533343527
0.75985000,2.533343527
0.75990000,2.533343527
0.75995000,2.533343527
0.76000000,2.533343527
0.76005000,2.533343527
0.76010000,2.533343527
0.76015000,2.533343527
0.76020000,2.533343527
0.76025000,2.533343527
0.76030000,2.533343527
0.76035000,2.533343527
0.76040000,2.533343527
0.76045000,2.533343527
0.76050000,2.533343527
0.76055000,2.533343527
0.76060000,2.533343527
0.76065000,2.533343527
0.76070000,2.533343527
0.76075000,2.533343527
0.76080000,2.533343527
0.76085000,2.533343527
0.76090000,2.533343527
0.76095000,2.533343527
0.76100000,2.533343527
0.76105000,2.533343527
0.76110000,2.533343527
0.76115000,2.533343527
0.76120000,2.533343527
0.76125000,2.533343527
0.76130000,2.533343527
0.76135000,2.533343527
0.76140000,2.533343527
0.76145000,2.533343527
0.76150000,2.533343527
0.76155000,2.533343527
0.76160000,2.533343527
0.76165000,2.533343527
0.76170000,2.533343527
0.76175000,2.533343527
0.76180000,2.533343527
0.76185000,2.533343527
0.76190000,2.533343527
0.76195000,2.533343527
0.76200000,2.533343527
0.76205000,2.533343527
0.76210000,2.533343527
0.76215000,2.533343527
0.76220000,2.533343527
0.76225000,2.533343527
0.76230000,2.533343527
0.76235000,2.533343527
0.76240000,2.533343527
0.76245000,2.533343527
0.76250000,2.533343527
0.76255000,2.533343527
0.76260000,2.533343527
0.76265000,2.533343527
0.76270000,2.533343527
0.76275000,2.533343527
0.76280000,2.533343527
0.76285000,2.533343527
0.76290000,2.533343527
0.76295000,2.533343527
0.76300000,2.533343527
0.76305000,2.533343527
0.76310000,2.533343527
0.76315000,2.533343527
0.76320000,2.533343527
0.76325000,2.533343527
0.76330000,2.533343527
0.76335000,2.533343527
0.76340000,2.533343527
0.76345000,2.533343527
0.76350000,2.533343527
0.76355000,2.533343527
0.76360000,2.533343527
0.76365000,2.533343527
0.76370000,2.533343527
0.76375000,2.533343527
0.76380000,2.533343527
0.76385000,2.533343527
0.76390000,2.533343527
0.76395000,2.533343527
0.76400000,2.533343527
0.76405000,2.533343527
0.76410000,2.533343527
0.76415000,2.533343527
0.76420000,2.533343527
0.76425000,2.533343527
0.76430000,2.533343527
0.76435000,2.533343527
0.76440000,2.533343527
0.76445000,2.533343527
0.76450000,2.533343527
0.76455000,2.533343527
0.76460000,2.533343527
0.76465000,2.533343527
0.76470000,2.533343527
0.76475000,2.533343527
0.76480000,2.533343527
0.76485000,2.533343527
0.76490000,2.533343527
0.76495000,2.533343527
0.76500000,2.533343527
0.76505000,2.533343527
0.76510000,2.533343527
0.76515000,2.533343527
0.76520000,2.533343527
0.76525000,2.533343527
0.76530000,2.533343527
0.76535000,2.533343527
0.76540000,2.533343527
0.76545000,2.533343527
0.76550000,2.533343527
0.76555000,2.533343527
0.76560000,2.533343527
0.76565000,2.533343527
0.76570000,2.533343527
0.76575000,2.533343527
0.76580000,2.533343527
0.76585000,2.533343527
0.76590000,2.533343527
0.76595000,2.533343527
0.76600000,2.533343527
0.76605000,2.533343527
0.76610000,2.533343527
0.76615000,2.533343527
0.76620000,2.533343527
0.76625000,2.533343527
0.76630000,2.533343527
0.76635000,2.533343527
0.76640000,2.533343527
0.76645000,2.533343527
0.76650000,2.533343527
0.76655000,2.533343527
0.76660000,2.533343527
0.76665000,2.533343527
0.76670000,2.533343527
0.76675000,2.533343527
0.76680000,2.533343527
0.76685000,2.533343527
0.76690000,2.533343527
0.76695000,2.533343527
0.76700000,2.533343527
0.76705000,2.533343527
0.76710000,2.533343527
0.76715000,2.533343527
0.76720000,2.533343527
0.76725000,2.533343527
0.76730000,2.533343527
0.76735000,2.533343527
0.76740000,2.533343527
0.76745000,2.533343527
0.76750000,2.533343527
0.76755000,2.533343527
0.76760000,2.533343527
0.76765000,2.533343527
0.76770000,2.533343527
0.76775000,2.533343527
0.76780000,2.533343527
0.76785000,2.533343527
0.76790000,2.533343527
0.76795000,2.533343527
0.76800000,2.533343527
0.76805000,2.533343527
0.76810000,2.533343527
0.76815000,2.533343527
0.76820000,2.533343527
0.76825000,2.533343527
0.76830000,2.533343527
0.76835000,2.533343527
0.76840000,2.533343527
0.76845000,2.533343527
0.76850000,2.533343527
0.76855000,2.533343527
0.76860000,2.533343527
0.76865000,2.533343527
0.76870000,2.533343527
0.76875000,2.533343527
0.76880000,2.533343527
0.76885000,2.533343527
0.76890000,2.533343527
0.76895000,2.533343527
0.76900000,2.533343527
0.76905000,2.533343527
0.76910000,2.533343527
0.76915000,2.533343527
0.76920000,2.533343527
0.76925000,2.533343527
0.76930000,2.533343527
0.76935000,2.533343527
0.76940000,2.533343527
0.76945000,2.533343527
0.76950000,2.533343527
0.76955000,2.533343527
0.76960000,2.533343527
0.76965000,2.533343527
0.76970000,2.533343527
0.76975000,2.533343527
0.76980000,2.533343527
0.76985000,2.533343527
0.76990000,2.533343527
0.76995000,2.533343527
0.77000000,2.533343527
0.77005000,2.533343527
0.77010000,2.533343527
0.77015000,2.533343527
0.77020000,2.533343527
0.77025000,2.533343527
0.77030000,2.533343527
0.77035000,2.533343527
0.77040000,2.533343527
0.77045000,2.533343527
0.77050000,2.533343527
0.77055000,2.533343527
0.77060000,2.533343527
0.77065000,2.533343527
0.77070000,2.533343527
0.77075000,2.533343527
0.77080000,2.533343527
0.77085000,2.533343527
0.77090000,2.533343527
0.77095000,2.533343527
0.77100000,2.533343527
0.77105000,2.533343527
0.77110000,2.533343527
0.77115000,2.533343527
0.77120000,2.533343527
0.77125000,2.533343527
0.77130000,2.533343527
0.77135000,2.533343527
0.77140000,2.533343527
0.77145000,2.533343527
0.77150000,2.533343527
0.77155000,2.533343527
0.77160000,2.533343527
0.77165000,2.533343527
0.77170000,2.533343527
0.77175000,2.533343527
0.77180000,2.533343527
0.77185000,2.533343527
0.77190000,2.533343527
0.77195000,2.533343527
0.77200000,2.533343527
0.77205000,2.533343527
0.77210000,2.533343527
0.77215000,2.533343527
0.77220000,2.533343527
0.77225000,2.533343527
0.77230000,2.533343527
0.77235000,2.533343527
0.77240000,2.533343527
0.77245000,2.533343527
0.77250000,2.533343527
0.77255000,2.533343527
0.77260000,2.533343527
0.77265000,2.533343527
0.77270000,2.533343527
0.77275000,2.533343527
0.77280000,2.533343527
0.77285000,2.533343527
0.77290000,2.533343527
0.77295000,2.533343527
0.77300000,2.533343527
0.77305000,2.533343527
0.77310000,2.533343527
0.77315000,2.533343527
0.77320000,2.533343527
0.77325000,2.533343527
0.77330000,2.533343527
0.77335000,2.533343527
0.77340000,2.533343527
0.77345000,2.533343527
0.77350000,2.533343527
0.77355000,2.533343527
0.77360000,2.533343527
0.77365000,2.533343527
0.77370000,2.533343527
0.77375000,2.533343527
0.77380000,2.533343527
0.77385000,2.533343527
0.77390000,2.533343527
0.77395000,2.533343527
0.77400000,2.533343527
0.77405000,2.533343527
0.77410000,2.533343527
0.77415000,2.533343527
0.77420000,2.533343527
0.77425000,2.533343527
0.77430000,2.533343527
0.77435000,2.533343527
0.77440000,2.533343527
0.77445000,2.533343527
0.77450000,2.533343527
0.77455000,2.533343527
0.77460000,2.533343527
0.77465000,2.533343527
0.77470000,2.533343527
0.77475000,2.533343527
0.77480000,2.533343527
0.77485000,2.533343527
0.77490000,2.533343527
0.77495000,2.533343527
0.77500000,2.533343527
0.77505000,2.533343527
0.77510000,2.533343527
0.77515000,2.533343527
0.77520000,2.533343527
0.77525000,2.533343527
0.77530000,2.533343527
0.77535000,2.533343527
0.77540000,2.533343527
0.77545000,2.533343527
0.77550000,2.533343527
0.77555000,2.533343527
0.77560000,2.533343527
0.77565000,2.533343527
0.77570000,2.533343527
0.77575000,2.533343527
0.77580000,2.533343527
0.77585000,2.533343527
0.77590000,2.533343527
0.77595000,2.533343527
0.77600000,2.533343527
0.77605000,2.533343527
0.77610000,2.533343527
0.77615000,2.533343527
0.77620000,2.533343527
0.77625000,2.533343527
0.77630000,2.533343527
0.77635000,2.533343527
0.77640000,2.533343527
0.77645000,2.533343527
0.77650000,2.533343527
0.77655000,2.533343527
0.77660000,2.533343527
0.77665000,2.533343527
0.77670000,2.533343527
0.77675000,2.533343527
0.77680000,2.533343527
0.77685000,2.533343527
0.77690000,2.533343527
0.77695000,2.533343527
0.77700000,2.533343527
0.77705000,2.533343527
0.77710000,2.533343527
0.77715000,2.533343527
0.77720000,2.533343527
0.77725000,2.533343527
0.77730000,2.533343527
0.77735000,2.533343527
0.77740000,2.533343527
0.77745000,2.533343527
0.77750000,2.533343527
0.77755000,2.533343527
0.77760000,2.533343527
0.77765000,2.533343527
0.77770000,2.533343527
0.77775000,2.533343527
0.77780000,2.533343527
0.77785000,2.533343527
0.77790000,2.533343527
0.77795000,2.533343527
0.77800000,2.533343527
0.77805000,2.533343527
0.77810000,2.533343527
0.77815000,2.533343527
0.77820000,2.533343527
0.77825000,2.533343527
0.77830000,2.533343527
0.77835000,2.533343527
0.77840000,2.533343527
0.77845000,2.533343527
0.77850000,2.533343527
0.77855000,2.533343527
0.77860000,2.533343527
0.77865000,2.533343527
0.77870000,2.533343527
0.77875000,2.533343527
0.77880000,2.533343527
0.77885000,2.533343527
0.77890000,2.533343527
0.77895000,2.533343527
0.77900000,2.533343527
0.77905000,2.533343527
0.77910000,2.533343527
0.77915000,2.533343527
0.77920000,2.533343527
0.77925000,2.533343527
0.77930000,2.533343527
0.77935000,2.533343527
0.77940000,2.533343527
0.77945000,2.533343527
0.77950000,2.533343527
0.77955000,2.533343527
0.77960000,2.533343527
0.77965000,2.533343527
0.77970000,2.533343527
0.77975000,2.533343527
0.77980000,2.533343527
0.77985000,2.533343527
0.77990000,2.533343527
0.77995000,2.533343527
0.78000000,2.533343527
0.78005000,2.533343527
0.78010000,2.533343527
0.78015000,2.533343527
0.78020000,2.533343527
0.78025000,2.533343527
0.78030000,2.533343527
0.78035000,2.533343527
0.78040000,2.533343527
0.78045000,2.533343527
0.78050000,2.533343527
0.78055000,2.533343527
0.78060000,2.533343527
0.78065000,2.533343527
0.78070000,2.533343527
0.78075000,2.533343527
0.78080000,2.533343527
0.78085000,2.533343527
0.78090000,2.533343527
0.78095000,2.533343527
0.78100000,2.533343527
0.78105000,2.533343527
0.78110000,2.533343527
0.78115000,2.533343527
0.78120000,2.533343527
0.78125000,2.533343527
0.78130000,2.533343527
0.78135000,2.533343527
0.78140000,2.533343527
0.78145000,2.533343527
0.78150000,2.533343527
0.78155000,2.533343527
0.78160000,2.533343527
0.78165000,2.533343527
0.78170000,2.533343527
0.78175000,2.533343527
0.78180000,2.533343527
0.78185000,2.533343527
0.78190000,2.533343527
0.78195000,2.533343527
0.78200000,2.533343527
0.78205000,2.533343527
0.78210000,2.533343527
0.78215000,2.533343527
0.78220000,2.533343527
0.78225000,2.533343527
0.78230000,2.533343527
0.78235000,2.533343527
0.78240000,2.533343527
0.78245000,2.533343527
0.78250000,2.533343527
0.78255000,2.533343527
0.78260000,2.533343527
0.78265000,2.533343527
0.78270000,2.533343527
0.78275000,2.533343527
0.78280000,2.533343527
0.78285000,2.533343527
0.78290000,2.533343527
0.78295000,2.533343527
0.78300000,2.533343527
0.78305000,2.533343527
0.78310000,2.533343527
0.78315000,2.533343527
0.78320000,2.533343527
0.78325000,2.533343527
0.78330000,2.533343527
0.78335000,2.533343527
0.78340000,2.533343527
0.78345000,2.533343527
0.78350000,2.533343527
0.78355000,2.533343527
0.78360000,2.533343527
0.78365000,2.533343527
0.78370000,2.533343527
0.78375000,2.533343527
0.78380000,2.533343527
0.78385000,2.533343527
0.78390000,2.533343527
0.78395000,2.533343527
0.78400000,2.533343527
0.78405000,2.533343527
0.78410000,2.533343527
0.78415000,2.533343527
0.78420000,2.533343527
0.78425000,2.533343527
0.78430000,2.533343527
0.78435000,2.533343527
0.78440000,2.533343527
0.78445000,2.533343527
0.78450000,2.533343527
0.78455000,2.533343527
0.78460000,2.533343527
0.78465000,2.533343527
0.78470000,2.533343527
0.78475000,2.533343527
0.78480000,2.533343527
0.78485000,2.533343527
0.78490000,2.533343527
0.78495000,2.533343527
0.78500000,2.533343527
0.78505000,2.533343527
0.78510000,2.533343527
0.78515000,2.533343527
0.78520000,2.533343527
0.78525000,2.533343527
0.78530000,2.533343527
0.78535000,2.533343527
0.78540000,2.533343527
0.78545000,2.533343527
0.78550000,2.533343527
0.78555000,2.533343527
0.78560000,2.533343527
0.78565000,2.533343527
0.78570000,2.533343527
0.78575000,2.533343527
0.78580000,2.533343527
0.78585000,2.533343527
0.78590000,2.533343527
0.78595000,2.533343527
0.78600000,2.533343527
0.78605000,2.533343527
0.78610000,2.533343527
0.78615000,2.533343527
0.78620000,2.533343527
0.78625000,2.533343527
0.78630000,2.533343527
0.78635000,2.533343527
0.78640000,2.533343527
0.78645000,2.533343527
0.78650000,2.533343527
0.78655000,2.533343527
0.78660000,2.533343527
0.78665000,2.533343527
0.78670000,2.533343527
0.78675000,2.533343527
0.78680000,2.533343527
0.78685000,2.533343527
0.78690000,2.533343527
0.78695000,2.533343527
0.78700000,2.533343527
0.78705000,2.533343527
0.78710000,2.533343527
0.78715000,2.533343527
0.78720000,2.533343527
0.78725000,2.533343527
0.78730000,2.533343527
0.78735000,2.533343527
0.78740000,2.533343527
0.78745000,2.533343527
0.78750000,44.286656473
0.78755000,44.286656473
0.78760000,44.286656473
0.78765000,44.286656473
0.78770000,44.286656473
0.78775000,44.286656473
0.78780000,44.286656473
0.78785000,44.286656473
0.78790000,44.286656473
0.78795000,44.286656473
0.78800000,44.286656473
0.78805000,44.286656473
0.78810000,44.286656473
0.78815000,44.286656473
0.78820000,44.286656473
0.78825000,44.286656473
0.78830000,44.286656473
0.78835000,44.286656473
0.78840000,44.286656473
0.78845000,44.286656473
0.78850000,44.286656473
0.78855000,44.286656473
0.78860000,44.286656473
0.78865000,44.286656473
0.78870000,44.286656473
0.78875000,44.286656473
0.78880000,44.286656473
0.78885000,44.286656473
0.78890000,44.286656473
0.78895000,44.286656473
0.78900000,44.286656473
0.78905000,44.286656473
0.78910000,44.286656473
0.78915000,44.286656473
0.78920000,44.286656473
0.78925000,44.286656473
0.78930000,44.286656473
0.78935000,44.286656473
0.78940000,44.286656473
0.78945000,44.286656473
0.78950000,44.286656473
0.78955000,44.286656473
0.78960000,44.286656473
0.78965000,44.286656473
0.78970000,44.286656473
0.78975000,44.286656473
0.78980000,44.286656473
0.78985000,44.286656473
0.78990000,44.286656473
0.78995000,44.286656473
0.79000000,44.286656473
0.79005000,44.286656473
0.79010000,44.286656473
0.79015000,44.286656473
0.79020000,44.286656473
0.79025000,44.286656473
0.79030000,44.286656473
0.79035000,44.286656473
0.79040000,44.286656473
0.79045000,44.286656473
0.79050000,44.286656473
0.79055000,44.286656473
0.79060000,44.286656473
0.79065000,44.286656473
0.79070000,44.286656473
0.79075000,44.286656473
0.79080000,44.286656473
0.79085000,44.286656473
0.79090000,44.286656473
0.79095000,44.286656473
0.79100000,44.286656473
0.79105000,44.286656473
0.79110000,44.286656473
0.79115000,44.286656473
0.79120000,44.286656473
0.79125000,44.286656473
0.79130000,44.286656473
0.79135000,44.286656473
0.79140000,44.286656473
0.79145000,44.286656473
0.79150000,44.286656473
0.79155000,44.286656473
0.79160000,44.286656473
0.79165000,44.286656473
0.79170000,44.286656473
0.79175000,44.286656473
0.79180000,44.286656473
0.79185000,44.286656473
0.79190000,44.286656473
0.79195000,44.286656473
0.79200000,44.286656473
0.79205000,44.286656473
0.79210000,44.286656473
0.79215000,44.286656473
0.79220000,44.286656473
0.79225000,44.286656473
0.79230000,44.286656473
0.79235000,44.286656473
0.79240000,44.286656473
0.79245000,44.286656473
0.79250000,44.286656473
0.79255000,44.286656473
0.79260000,44.286656473
0.79265000,44.286656473
0.79270000,44.286656473
0.79275000,44.286656473
0.79280000,44.286656473
0.79285000,44.286656473
0.79290000,44.286656473
0.79295000,44.286656473
0.79300000,44.286656473
0.79305000,44.286656473
0.79310000,44.286656473
0.79315000,44.286656473
0.79320000,44.286656473
0.79325000,44.286656473
0.79330000,44.286656473
0.79335000,44.286656473
0.79340000,44.286656473
0.79345000,44.286656473
0.79350000,44.286656473
0.79355000,44.286656473
0.79360000,44.286656473
0.79365000,44.286656473
0.79370000,44.286656473
0.79375000,44.286656473
0.79380000,44.286656473
0.79385000,44.286656473
0.79390000,44.286656473
0.79395000,44.286656473
0.79400000,44.286656473
0.79405000,44.286656473
0.79410000,44.286656473
0.79415000,44.286656473
0.79420000,44.286656473
0.79425000,44.286656473
0.79430000,44.286656473
0.79435000,44.286656473
0.79440000,44.286656473
0.79445000,44.286656473
0.79450000,44.286656473
0.79455000,44.286656473
0.79460000,44.286656473
0.79465000,44.286656473
0.79470000,44.286656473
0.79475000,44.286656473
0.79480000,44.286656473
0.79485000,44.286656473
0.79490000,44.286656473
0.79495000,44.286656473
0.79500000,44.286656473
0.79505000,44.286656473
0.79510000,44.286656473
0.79515000,44.286656473
0.79520000,44.286656473
0.79525000,44.286656473
0.79530000,44.286656473
0.79535000,44.286656473
0.79540000,44.286656473
0.79545000,44.286656473
0.79550000,44.286656473
0.79555000,44.286656473
0.79560000,44.286656473
0.79565000,44.286656473
0.79570000,44.286656473
0.79575000,44.286656473
0.79580000,44.286656473
0.79585000,44.286656473
0.79590000,44.286656473
0.79595000,44.286656473
0.79600000,44.286656473
0.79605000,44.286656473
0.79610000,44.286656473
0.79615000,44.286656473
0.79620000,44.286656473
0.79625000,44.286656473
0.79630000,44.286656473
0.79635000,44.286656473
0.79640000,44.286656473
0.79645000,44.286656473
0.79650000,44.286656473
0.79655000,44.286656473
0.79660000,44.286656473
0.79665000,44.286656473
0.79670000,44.286656473
0.79675000,44.286656473
0.79680000,44.286656473
0.79685000,44.286656473
0.79690000,44.286656473
0.79695000,44.286656473
0.79700000,44.286656473
0.79705000,44.286656473
0.79710000,44.286656473
0.79715000,44.286656473
0.79720000,44.286656473
0.79725000,44.286656473
0.79730000,44.286656473
0.79735000,44.286656473
0.79740000,44.286656473
0.79745000,44.286656473
0.79750000,44.286656473
0.79755000,44.286656473
0.79760000,44.286656473
0.79765000,44.286656473
0.79770000,44.286656473
0.79775000,44.286656473
0.79780000,44.286656473
0.79785000,44.286656473
0.79790000,44.286656473
0.79795000,44.286656473
0.79800000,44.286656473
0.79805000,44.286656473
0.79810000,44.286656473
0.79815000,44.286656473
0.79820000,44.286656473
0.79825000,44.286656473
0.79830000,44.286656473
0.79835000,44.286656473
0.79840000,44.286656473
0.79845000,44.286656473
0.79850000,44.286656473
0.79855000,44.286656473
0.79860000,44.286656473
0.79865000,44.286656473
0.79870000,44.286656473
0.79875000,44.286656473
0.79880000,44.286656473
0.79885000,44.286656473
0.79890000,44.286656473
0.79895000,44.286656473
0.79900000,44.286656473
0.79905000,44.286656473
0.79910000,44.286656473
0.79915000,44.286656473
0.79920000,44.286656473
0.79925000,44.286656473
0.79930000,44.286656473
0.79935000,44.286656473
0.79940000,44.286656473
0.79945000,44.286656473
0.79950000,44.286656473
0.79955000,44.286656473
0.79960000,44.286656473
0.79965000,44.286656473
0.79970000,44.286656473
0.79975000,44.286656473
0.79980000,44.286656473
0.79985000,44.286656473
0.79990000,44.286656473
0.79995000,44.286656473
0.80000000,44.286656473
0.80005000,44.286656473
0.80010000,44.286656473
0.80015000,44.286656473
0.80020000,44.286656473
0.80025000,44.286656473
0.80030000,44.286656473
0.80035000,44.286656473
0.80040000,44.286656473
0.80045000,44.286656473
0.80050000,44.286656473
0.80055000,44.286656473
0.80060000,44.286656473
0.80065000,44.286656473
0.80070000,44.286656473
0.80075000,44.286656473
0.80080000,44.286656473
0.80085000,44.286656473
0.80090000,44.286656473
0.80095000,44.286656473
0.80100000,44.286656473
0.80105000,44.286656473
0.80110000,44.286656473
0.80115000,44.286656473
0.80120000,44.286656473
0.80125000,44.286656473
0.80130000,44.286656473
0.80135000,44.286656473
0.80140000,44.286656473
0.80145000,44.286656473
0.80150000,44.286656473
0.80155000,44.286656473
0.80160000,44.286656473
0.80165000,44.286656473
0.80170000,44.286656473
0.80175000,44.286656473
0.80180000,44.286656473
0.80185000,44.286656473
0.80190000,44.286656473
0.80195000,44.286656473
0.80200000,44.286656473
0.80205000,44.286656473
0.80210000,44.286656473
0.80215000,44.286656473
0.80220000,44.286656473
0.80225000,44.286656473
0.80230000,44.286656473
0.80235000,44.286656473
0.80240000,44.286656473
0.80245000,44.286656473
0.80250000,44.286656473
0.80255000,44.286656473
0.80260000,44.286656473
0.80265000,44.286656473
0.80270000,44.286656473
0.80275000,44.286656473
0.80280000,44.286656473
0.80285000,44.286656473
0.80290000,44.286656473
0.80295000,44.286656473
0.80300000,44.286656473
0.80305000,44.286656473
0.80310000,44.286656473
0.80315000,44.286656473
0.80320000,44.286656473
0.80325000,44.286656473
0.80330000,44.286656473
0.80335000,44.286656473
0.80340000,44.286656473
0.80345000,44.286656473
0.80350000,44.286656473
0.80355000,44.286656473
0.80360000,44.286656473
0.80365000,44.286656473
0.80370000,44.286656473
0.80375000,44.286656473
0.80380000,44.286656473
0.80385000,44.286656473
0.80390000,44.286656473
0.80395000,44.286656473
0.80400000,44.286656473
0.80405000,44.286656473
0.80410000,44.286656473
0.80415000,44.286656473
0.80420000,44.286656473
0.80425000,44.286656473
0.80430000,44.286656473
0.80435000,44.286656473
0.80440000,44.286656473
0.80445000,44.286656473
0.80450000,44.286656473
0.80455000,44.286656473
0.80460000,44.286656473
0.80465000,44.286656473
0.80470000,44.286656473
0.80475000,44.286656473
0.80480000,44.286656473
0.80485000,44.286656473
0.80490000,44.286656473
0.80495000,44.286656473
0.80500000,44.286656473
0.80505000,44.286656473
0.80510000,44.286656473
0.80515000,44.286656473
0.80520000,44.286656473
0.80525000,44.286656473
0.80530000,44.286656473
0.80535000,44.286656473
0.80540000,44.286656473
0.80545000,44.286656473
0.80550000,44.286656473
0.80555000,44.286656473
0.80560000,44.286656473
0.80565000,44.286656473
0.80570000,44.286656473
0.80575000,44.286656473
0.80580000,44.286656473
0.80585000,44.286656473
0.80590000,44.286656473
0.80595000,44.286656473
0.80600000,44.286656473
0.80605000,44.286656473
0.80610000,44.286656473
0.80615000,44.286656473
0.80620000,44.286656473
0.80625000,44.286656473
0.80630000,44.286656473
0.80635000,44.286656473
0.80640000,44.286656473
0.80645000,44.286656473
0.80650000,44.286656473
0.80655000,44.286656473
0.80660000,44.286656473
0.80665000,44.286656473
0.80670000,44.286656473
0.80675000,44.286656473
0.80680000,44.286656473
0.80685000,44.286656473
0.80690000,44.286656473
0.80695000,44.286656473
0.80700000,44.286656473
0.80705000,44.286656473
0.80710000,44.286656473
0.80715000,44.286656473
0.80720000,44.286656473
0.80725000,44.286656473
0.80730000,44.286656473
0.80735000,44.286656473
0.80740000,44.286656473
0.80745000,44.286656473
0.80750000,44.286656473
0.80755000,44.286656473
0.80760000,44.286656473
0.80765000,44.286656473
0.80770000,44.286656473
0.80775000,44.286656473
0.80780000,44.286656473
0.80785000,44.286656473
0.80790000,44.286656473
0.80795000,44.286656473
0.80800000,44.286656473
0.80805000,44.286656473
0.80810000,44.286656473
0.80815000,44.286656473
0.80820000,44.286656473
0.80825000,44.286656473
0.80830000,44.286656473
0.80835000,44.286656473
0.80840000,44.286656473
0.80845000,44.286656473
0.80850000,44.286656473
0.80855000,44.286656473
0.80860000,44.286656473
0.80865000,44.286656473
0.80870000,44.286656473
0.80875000,44.286656473
0.80880000,44.286656473
0.80885000,44.286656473
0.80890000,44.286656473
0.80895000,44.286656473
0.80900000,44.286656473
0.80905000,44.286656473
0.80910000,44.286656473
0.80915000,44.286656473
0.80920000,44.286656473
0.80925000,44.286656473
0.80930000,44.286656473
0.80935000,44.286656473
0.80940000,44.286656473
0.80945000,44.286656473
0.80950000,44.286656473
0.80955000,44.286656473
0.80960000,44.286656473
0.80965000,44.286656473
0.80970000,44.286656473
0.80975000,44.286656473
0.80980000,44.286656473
0.80985000,44.286656473
0.80990000,44.286656473
0.80995000,44.286656473
0.81000000,44.286656473
0.81005000,44.286656473
0.81010000,44.286656473
0.81015000,44.286656473
0.81020000,44.286656473
0.81025000,44.286656473
0.81030000,44.286656473
0.81035000,44.286656473
0.81040000,44.286656473
0.81045000,44.286656473
0.81050000,44.286656473
0.81055000,44.286656473
0.81060000,44.286656473
0.81065000,44.286656473
0.81070000,44.286656473
0.81075000,44.286656473
0.81080000,44.286656473
0.81085000,44.286656473
0.81090000,44.286656473
0.81095000,44.286656473
0.81100000,44.286656473
0.81105000,44.286656473
0.81110000,44.286656473
0.81115000,44.286656473
0.81120000,44.286656473
0.81125000,44.286656473
0.81130000,44.286656473
0.81135000,44.286656473
0.81140000,44.286656473
0.81145000,44.286656473
0.81150000,44.286656473
0.81155000,44.286656473
0.81160000,44.286656473
0.81165000,44.286656473
0.81170000,44.286656473
0.81175000,44.286656473
0.81180000,44.286656473
0.81185000,44.286656473
0.81190000,44.286656473
0.81195000,44.286656473
0.81200000,44.286656473
0.81205000,44.286656473
0.81210000,44.286656473
0.81215000,44.286656473
0.81220000,44.286656473
0.81225000,44.286656473
0.81230000,44.286656473
0.81235000,44.286656473
0.81240000,44.286656473
0.81245000,44.286656473
0.81250000,44.286656473
0.81255000,44.286656473
0.81260000,44.286656473
0.81265000,44.286656473
0.81270000,44.286656473
0.81275000,44.286656473
0.81280000,44.286656473
0.81285000,44.286656473
0.81290000,44.286656473
0.81295000,44.286656473
0.81300000,44.286656473
0.81305000,44.286656473
0.81310000,44.286656473
0.81315000,44.286656473
0.81320000,44.286656473
0.81325000,44.286656473
0.81330000,44.286656473
0.81335000,44.286656473
0.81340000,44.286656473
0.81345000,44.286656473
0.81350000,44.286656473
0.81355000,44.286656473
0.81360000,44.286656473
0.81365000,44.286656473
0.81370000,44.286656473
0.81375000,44.286656473
0.81380000,44.286656473
0.81385000,44.286656473
0.81390000,44.286656473
0.81395000,44.286656473
0.81400000,44.286656473
0.81405000,44.286656473
0.81410000,44.286656473
0.81415000,44.286656473
0.81420000,44.286656473
0.81425000,44.286656473
0.81430000,44.286656473
0.81435000,44.286656473
0.81440000,44.286656473
0.81445000,44.286656473
0.81450000,44.286656473
0.81455000,44.286656473
0.81460000,44.286656473
0.81465000,44.286656473
0.81470000,44.286656473
0.81475000,44.286656473
0.81480000,44.286656473
0.81485000,44.286656473
0.81490000,44.286656473
0.81495000,44.286656473
0.81500000,44.286656473
0.81505000,44.286656473
0.81510000,44.286656473
0.81515000,44.286656473
0.81520000,44.286656473
0.81525000,44.286656473
0.81530000,44.286656473
0.81535000,44.286656473
0.81540000,44.286656473
0.81545000,44.286656473
0.81550000,44.286656473
0.81555000,44.286656473
0.81560000,44.286656473
0.81565000,44.286656473
0.81570000,44.286656473
0.81575000,44.286656473
0.81580000,44.286656473
0.81585000,44.286656473
0.81590000,44.286656473
0.81595000,44.286656473
0.81600000,44.286656473
0.81605000,44.286656473
0.81610000,44.286656473
0.81615000,44.286656473
0.81620000,44.286656473
0.81625000,44.286656473
0.81630000,44.286656473
0.81635000,44.286656473
0.81640000,44.286656473
0.81645000,44.286656473
0.81650000,44.286656473
0.81655000,44.286656473
0.81660000,44.286656473
0.81665000,44.286656473
0.81670000,44.286656473
0.81675000,44.286656473
0.81680000,44.286656473
0.81685000,44.286656473
0.81690000,44.286656473
0.81695000,44.286656473
0.81700000,44.286656473
0.81705000,44.286656473
0.81710000,44.286656473
0.81715000,44.286656473
0.81720000,44.286656473
0.81725000,44.286656473
0.81730000,44.286656473
0.81735000,44.286656473
0.81740000,44.286656473
0.81745000,44.286656473
0.81750000,44.286656473
0.81755000,44.286656473
0.81760000,44.286656473
0.81765000,44.286656473
0.81770000,44.286656473
0.81775000,44.286656473
0.81780000,44.286656473
0.81785000,44.286656473
0.81790000,44.286656473
0.81795000,44.286656473
0.81800000,44.286656473
0.81805000,44.286656473
0.81810000,44.286656473
0.81815000,44.286656473
0.81820000,44.286656473
0.81825000,44.286656473
0.81830000,44.286656473
0.81835000,44.286656473
0.81840000,44.286656473
0.81845000,44.286656473
0.81850000,44.286656473
0.81855000,44.286656473
0.81860000,44.286656473
0.81865000,44.286656473
0.81870000,44.286656473
0.81875000,44.286656473
0.81880000,44.286656473
0.81885000,44.286656473
0.81890000,44.286656473
0.81895000,44.286656473
0.81900000,44.286656473
0.81905000,44.286656473
0.81910000,44.286656473
0.81915000,44.286656473
0.81920000,44.286656473
0.81925000,44.286656473
0.81930000,44.286656473
0.81935000,44.286656473
0.81940000,44.286656473
0.81945000,44.286656473
0.81950000,44.286656473
0.81955000,44.286656473
0.81960000,44.286656473
0.81965000,44.286656473
0.81970000,44.286656473
0.81975000,44.286656473
0.81980000,44.286656473
0.81985000,44.286656473
0.81990000,44.286656473
0.81995000,44.286656473
0.82000000,44.286656473
0.82005000,44.286656473
0.82010000,44.286656473
0.82015000,44.286656473
0.82020000,44.286656473
0.82025000,44.286656473
0.82030000,44.286656473
0.82035000,44.286656473
0.82040000,44.286656473
0.82045000,44.286656473
0.82050000,44.286656473
0.82055000,44.286656473
0.82060000,44.286656473
0.82065000,44.286656473
0.82070000,44.286656473
0.82075000,44.286656473
0.82080000,44.286656473
0.82085000,44.286656473
0.82090000,44.286656473
0.82095000,44.286656473
0.82100000,44.286656473
0.82105000,44.286656473
0.82110000,44.286656473
0.82115000,44.286656473
0.82120000,44.286656473
0.82125000,44.286656473
0.82130000,44.286656473
0.82135000,44.286656473
0.82140000,44.286656473
0.82145000,44.286656473
0.82150000,44.286656473
0.82155000,44.286656473
0.82160000,44.286656473
0.82165000,44.286656473
0.82170000,44.286656473
0.82175000,44.286656473
0.82180000,44.286656473
0.82185000,44.286656473
0.82190000,44.286656473
0.82195000,44.286656473
0.82200000,44.286656473
0.82205000,44.286656473
0.82210000,44.286656473
0.82215000,44.286656473
0.82220000,44.286656473
0.82225000,44.286656473
0.82230000,44.286656473
0.82235000,44.286656473
0.82240000,44.286656473
0.82245000,44.286656473
0.82250000,44.286656473
0.82255000,44.286656473
0.82260000,44.286656473
0.82265000,44.286656473
0.82270000,44.286656473
0.82275000,44.286656473
0.82280000,44.286656473
0.82285000,44.286656473
0.82290000,44.286656473
0.82295000,44.286656473
0.82300000,44.286656473
0.82305000,44.286656473
0.82310000,44.286656473
0.82315000,44.286656473
0.82320000,44.286656473
0.82325000,44.286656473
0.82330000,44.286656473
0.82335000,44.286656473
0.82340000,44.286656473
0.82345000,44.286656473
0.82350000,44.286656473
0.82355000,44.286656473
0.82360000,44.286656473
0.82365000,44.286656473
0.82370000,44.286656473
0.82375000,44.286656473
0.82380000,44.286656473
0.82385000,44.286656473
0.82390000,44.286656473
0.82395000,44.286656473
0.82400000,44.286656473
0.82405000,44.286656473
0.82410000,44.286656473
0.82415000,44.286656473
0.82420000,44.286656473
0.82425000,44.286656473
0.82430000,44.286656473
0.82435000,44.286656473
0.82440000,44.286656473
0.82445000,44.286656473
0.82450000,44.286656473
0.82455000,44.286656473
0.82460000,44.286656473
0.82465000,44.286656473
0.82470000,44.286656473
0.82475000,44.286656473
0.82480000,44.286656473
0.82485000,44.286656473
0.82490000,44.286656473
0.82495000,44.286656473
0.82500000,44.286656473
0.82505000,44.286656473
0.82510000,44.286656473
0.82515000,44.286656473
0.82520000,44.286656473
0.82525000,44.286656473
0.82530000,44.286656473
0.82535000,44.286656473
0.82540000,44.286656473
0.82545000,44.286656473
0.82550000,44.286656473
0.82555000,44.286656473
0.82560000,44.286656473
0.82565000,44.286656473
0.82570000,44.286656473
0.82575000,44.286656473
0.82580000,44.286656473
0.82585000,44.286656473
0.82590000,44.286656473
0.82595000,44.286656473
0.82600000,44.286656473
0.82605000,44.286656473
0.82610000,44.286656473
0.82615000,44.286656473
0.82620000,44.286656473
0.82625000,44.286656473
0.82630000,44.286656473
0.82635000,44.286656473
0.82640000,44.286656473
0.82645000,44.286656473
0.82650000,44.286656473
0.82655000,44.286656473
0.82660000,44.286656473
0.82665000,44.286656473
0.82670000,44.286656473
0.82675000,44.286656473
0.82680000,44.286656473
0.82685000,44.286656473
0.82690000,44.286656473
0.82695000,44.286656473
0.82700000,44.286656473
0.82705000,44.286656473
0.82710000,44.286656473
0.82715000,44.286656473
0.82720000,44.286656473
0.82725000,44.286656473
0.82730000,44.286656473
0.82735000,44.286656473
0.82740000,44.286656473
0.82745000,44.286656473
0.82750000,44.286656473
0.82755000,44.286656473
0.82760000,44.286656473
0.82765000,44.286656473
0.82770000,44.286656473
0.82775000,44.286656473
0.82780000,44.286656473
0.82785000,44.286656473
0.82790000,44.286656473
0.82795000,44.286656473
0.82800000,44.286656473
0.82805000,44.286656473
0.82810000,44.286656473
0.82815000,44.286656473
0.82820000,44.286656473
0.82825000,44.286656473
0.82830000,44.286656473
0.82835000,44.286656473
0.82840000,44.286656473
0.82845000,44.286656473
0.82850000,44.286656473
0.82855000,44.286656473
0.82860000,44.286656473
0.82865000,44.286656473
0.82870000,44.286656473
0.82875000,44.286656473
0.82880000,44.286656473
0.82885000,44.286656473
0.82890000,44.286656473
0.82895000,44.286656473
0.82900000,44.286656473
0.82905000,44.286656473
0.82910000,44.286656473
0.82915000,44.286656473
0.82920000,44.286656473
0.82925000,44.286656473
0.82930000,44.286656473
0.82935000,44.286656473
0.82940000,44.286656473
0.82945000,44.286656473
0.82950000,44.286656473
0.82955000,44.286656473
0.82960000,44.286656473
0.82965000,44.286656473
0.82970000,44.286656473
0.82975000,44.286656473
0.82980000,44.286656473
0.82985000,44.286656473
0.82990000,44.286656473
0.82995000,44.286656473
0.83000000,44.286656473
0.83005000,44.286656473
0.83010000,44.286656473
0.83015000,44.286656473
0.83020000,44.286656473
0.83025000,44.286656473
0.83030000,44.286656473
0.83035000,44.286656473
0.83040000,44.286656473
0.83045000,44.286656473
0.83050000,44.286656473
0.83055000,44.286656473
0.83060000,44.286656473
0.83065000,44.286656473
0.83070000,44.286656473
0.83075000,44.286656473
0.83080000,44.286656473
0.83085000,44.286656473
0.83090000,44.286656473
0.83095000,44.286656473
0.83100000,44.286656473
0.83105000,44.286656473
0.83110000,44.286656473
0.83115000,44.286656473
0.83120000,44.286656473
0.83125000,44.286656473
0.83130000,44.286656473
0.83135000,44.286656473
0.83140000,44.286656473
0.83145000,44.286656473
0.83150000,44.286656473
0.83155000,44.286656473
0.83160000,44.286656473
0.83165000,44.286656473
0.83170000,44.286656473
0.83175000,44.286656473
0.83180000,44.286656473
0.83185000,44.286656473
0.83190000,44.286656473
0.83195000,44.286656473
0.83200000,44.286656473
0.83205000,44.286656473
0.83210000,44.286656473
0.83215000,44.286656473
0.83220000,44.286656473
0.83225000,44.286656473
0.83230000,44.286656473
0.83235000,44.286656473
0.83240000,44.286656473
0.83245000,44.286656473
0.83250000,44.286656473
0.83255000,44.286656473
0.83260000,44.286656473
0.83265000,44.286656473
0.83270000,44.286656473
0.83275000,44.286656473
0.83280000,44.286656473
0.83285000,44.286656473
0.83290000,44.286656473
0.83295000,44.286656473
0.83300000,44.286656473
0.83305000,44.286656473
0.83310000,44.286656473
0.83315000,44.286656473
0.83320000,44.286656473
0.83325000,44.286656473
0.83330000,44.286656473
0.83335000,44.286656473
0.83340000,44.286656473
0.83345000,44.286656473
0.83350000,44.286656473
0.83355000,44.286656473
0.83360000,44.286656473
0.83365000,44.286656473
0.83370000,44.286656473
0.83375000,44.286656473
0.83380000,44.286656473
0.83385000,44.286656473
0.83390000,44.286656473
0.83395000,44.286656473
0.83400000,44.286656473
0.83405000,44.286656473
0.83410000,44.286656473
0.83415000,44.286656473
0.83420000,44.286656473
0.83425000,44.286656473
0.83430000,44.286656473
0.83435000,44.286656473
0.83440000,44.286656473
0.83445000,44.286656473
0.83450000,44.286656473
0.83455000,44.286656473
0.83460000,44.286656473
0.83465000,44.286656473
0.83470000,44.286656473
0.83475000,44.286656473
0.83480000,44.286656473
0.83485000,44.286656473
0.83490000,44.286656473
0.83495000,44.286656473
0.83500000,44.286656473
0.83505000,44.286656473
0.83510000,44.286656473
0.83515000,44.286656473
0.83520000,44.286656473
0.83525000,44.286656473
0.83530000,44.286656473
0.83535000,44.286656473
0.83540000,44.286656473
0.83545000,44.286656473
0.83550000,44.286656473
0.83555000,44.286656473
0.83560000,44.286656473
0.83565000,44.286656473
0.83570000,44.286656473
0.83575000,44.286656473
0.83580000,44.286656473
0.83585000,44.286656473
0.83590000,44.286656473
0.83595000,44.286656473
0.83600000,44.286656473
0.83605000,44.286656473
0.83610000,44.286656473
0.83615000,44.286656473
0.83620000,44.286656473
0.83625000,44.286656473
0.83630000,44.286656473
0.83635000,44.286656473
0.83640000,44.286656473
0.83645000,44.286656473
0.83650000,44.286656473
0.83655000,44.286656473
0.83660000,44.286656473
0.83665000,44.286656473
0.83670000,44.286656473
0.83675000,44.286656473
0.83680000,44.286656473
0.83685000,44.286656473
0.83690000,44.286656473
0.83695000,44.286656473
0.83700000,44.286656473
0.83705000,44.286656473
0.83710000,44.286656473
0.83715000,44.286656473
0.83720000,44.286656473
0.83725000,44.286656473
0.83730000,44.286656473
0.83735000,44.286656473
0.83740000,44.286656473
0.83745000,44.286656473
0.83750000,44.286656473
0.83755000,44.286656473
0.83760000,44.286656473
0.83765000,44.286656473
0.83770000,44.286656473
0.83775000,44.286656473
0.83780000,44.286656473
0.83785000,44.286656473
0.83790000,44.286656473
0.83795000,44.286656473
0.83800000,44.286656473
0.83805000,44.286656473
0.83810000,44.286656473
0.83815000,44.286656473
0.83820000,44.286656473
0.83825000,44.286656473
0.83830000,44.286656473
0.83835000,44.286656473
0.83840000,44.286656473
0.83845000,44.286656473
0.83850000,44.286656473
0.83855000,44.286656473
0.83860000,44.286656473
0.83865000,44.286656473
0.83870000,44.286656473
0.83875000,44.286656473
0.83880000,44.286656473
0.83885000,44.286656473
0.83890000,44.286656473
0.83895000,44.286656473
0.83900000,44.286656473
0.83905000,44.286656473
0.83910000,44.286656473
0.83915000,44.286656473
0.83920000,44.286656473
0.83925000,44.286656473
0.83930000,44.286656473
0.83935000,44.286656473
0.83940000,44.286656473
0.83945000,44.286656473
0.83950000,44.286656473
0.83955000,44.286656473
0.83960000,44.286656473
0.83965000,44.286656473
0.83970000,44.286656473
0.83975000,44.286656473
0.83980000,44.286656473
0.83985000,44.286656473
0.83990000,44.286656473
0.83995000,44.286656473
0.84000000,44.286656473
0.84005000,44.286656473
0.84010000,44.286656473
0.84015000,44.286656473
0.84020000,44.286656473
0.84025000,44.286656473
0.84030000,44.286656473
0.84035000,44.286656473
0.84040000,44.286656473
0.84045000,44.286656473
0.84050000,44.286656473
0.84055000,44.286656473
0.84060000,44.286656473
0.84065000,44.286656473
0.84070000,44.286656473
0.84075000,44.286656473
0.84080000,44.286656473
0.84085000,44.286656473
0.84090000,44.286656473
0.84095000,44.286656473
0.84100000,44.286656473
0.84105000,44.286656473
0.84110000,44.286656473
0.84115000,44.286656473
0.84120000,44.286656473
0.84125000,44.286656473
0.84130000,44.286656473
0.84135000,44.286656473
0.84140000,44.286656473
0.84145000,44.286656473
0.84150000,44.286656473
0.84155000,44.286656473
0.84160000,44.286656473
0.84165000,44.286656473
0.84170000,44.286656473
0.84175000,44.286656473
0.84180000,44.286656473
0.84185000,44.286656473
0.84190000,44.286656473
0.84195000,44.286656473
0.84200000,44.286656473
0.84205000,44.286656473
0.84210000,44.286656473
0.84215000,44.286656473
0.84220000,44.286656473
0.84225000,44.286656473
0.84230000,44.286656473
0.84235000,44.286656473
0.84240000,44.286656473
0.84245000,44.286656473
0.84250000,44.286656473
0.84255000,44.286656473
0.84260000,44.286656473
0.84265000,44.286656473
0.84270000,44.286656473
0.84275000,44.286656473
0.84280000,44.286656473
0.84285000,44.286656473
0.84290000,44.286656473
0.84295000,44.286656473
0.84300000,44.286656473
0.84305000,44.286656473
0.84310000,44.286656473
0.84315000,44.286656473
0.84320000,44.286656473
0.84325000,44.286656473
0.84330000,44.286656473
0.84335000,44.286656473
0.84340000,44.286656473
0.84345000,44.286656473
0.84350000,44.286656473
0.84355000,44.286656473
0.84360000,44.286656473
0.84365000,44.286656473
0.84370000,44.286656473
0.84375000,2.533343527
0.84380000,2.533343527
0.84385000,2.533343527
0.84390000,2.533343527
0.84395000,2.533343527
0.84400000,2.533343527
0.84405000,2.533343527
0.84410000,2.533343527
0.84415000,2.533343527
0.84420000,2.533343527
0.84425000,2.533343527
0.84430000,2.533343527
0.84435000,2.533343527
0.84440000,2.533343527
0.84445000,2.533343527
0.84450000,2.533343527
0.84455000,2.533343527
0.84460000,2.533343527
0.84465000,2.533343527
0.84470000,2.533343527
0.84475000,2.533343527
0.84480000,2.533343527
0.84485000,2.533343527
0.84490000,2.533343527
0.84495000,2.533343527
0.84500000,2.533343527
0.84505000,2.533343527
0.84510000,2.533343527
0.84515000,2.533343527
0.84520000,2.533343527
0.84525000,2.533343527
0.84530000,2.533343527
0.84535000,2.533343527
0.84540000,2.533343527
0.84545000,2.533343527
0.84550000,2.533343527
0.84555000,2.533343527
0.84560000,2.533343527
0.84565000,2.533343527
0.84570000,2.533343527
0.84575000,2.533343527
0.84580000,2.533343527
0.84585000,2.533343527
0.84590000,2.533343527
0.84595000,2.533343527
0.84600000,2.533343527
0.84605000,2.533343527
0.84610000,2.533343527
0.84615000,2.533343527
0.84620000,2.533343527
0.84625000,2.533343527
0.84630000,2.533343527
0.84635000,2.533343527
0.84640000,2.533343527
0.84645000,2.533343527
0.84650000,2.533343527
0.84655000,2.533343527
0.84660000,2.533343527
0.84665000,2.533343527
0.84670000,2.533343527
0.84675000,2.533343527
0.84680000,2.533343527
0.84685000,2.533343527
0.84690000,2.533343527
0.84695000,2.533343527
0.84700000,2.533343527
0.84705000,2.533343527
0.84710000,2.533343527
0.84715000,2.533343527
0.84720000,2.533343527
0.84725000,2.533343527
0.84730000,2.533343527
0.84735000,2.533343527
0.84740000,2.533343527
0.84745000,2.533343527
0.84750000,2.533343527
0.84755000,2.533343527
0.84760000,2.533343527
0.84765000,2.533343527
0.84770000,2.533343527
0.84775000,2.533343527
0.84780000,2.533343527
0.84785000,2.533343527
0.84790000,2.533343527
0.84795000,2.533343527
0.84800000,2.533343527
0.84805000,2.533343527
0.84810000,2.533343527
0.84815000,2.533343527
0.84820000,2.533343527
0.84825000,2.533343527
0.84830000,2.533343527
0.84835000,2.533343527
0.84840000,2.533343527
0.84845000,2.533343527
0.84850000,2.533343527
0.84855000,2.533343527
0.84860000,2.533343527
0.84865000,2.533343527
0.84870000,2.533343527
0.84875000,2.533343527
0.84880000,2.533343527
0.84885000,2.533343527
0.84890000,2.533343527
0.84895000,2.533343527
0.84900000,2.533343527
0.84905000,2.533343527
0.84910000,2.533343527
0.84915000,2.533343527
0.84920000,2.533343527
0.84925000,2.533343527
0.84930000,2.533343527
0.84935000,2.533343527
0.84940000,2.533343527
0.84945000,2.533343527
0.84950000,2.533343527
0.84955000,2.533343527
0.84960000,2.533343527
0.84965000,2.533343527
0.84970000,2.533343527
0.84975000,2.533343527
0.84980000,2.533343527
0.84985000,2.533343527
0.84990000,2.533343527
0.84995000,2.533343527
0.85000000,2.533343527
0.85005000,2.533343527
0.85010000,2.533343527
0.85015000,2.533343527
0.85020000,2.533343527
0.85025000,2.533343527
0.85030000,2.533343527
0.85035000,2.533343527
0.85040000,2.533343527
0.85045000,2.533343527
0.85050000,2.533343527
0.85055000,2.533343527
0.85060000,2.533343527
0.85065000,2.533343527
0.85070000,2.533343527
0.85075000,2.533343527
0.85080000,2.533343527
0.85085000,2.533343527
0.85090000,2.533343527
0.85095000,2.533343527
0.85100000,2.533343527
0.85105000,2.533343527
0.85110000,2.533343527
0.85115000,2.533343527
0.85120000,2.533343527
0.85125000,2.533343527
0.85130000,2.533343527
0.85135000,2.533343527
0.85140000,2.533343527
0.85145000,2.533343527
0.85150000,2.533343527
0.85155000,2.533343527
0.85160000,2.533343527
0.85165000,2.533343527
0.85170000,2.533343527
0.85175000,2.533343527
0.85180000,2.533343527
0.85185000,2.533343527
0.85190000,2.533343527
0.85195000,2.533343527
0.85200000,2.533343527
0.85205000,2.533343527
0.85210000,2.533343527
0.85215000,2.533343527
0.85220000,2.533343527
0.85225000,2.533343527
0.85230000,2.533343527
0.85235000,2.533343527
0.85240000,2.533343527
0.85245000,2.533343527
0.85250000,2.533343527
0.85255000,2.533343527
0.85260000,2.533343527
0.85265000,2.533343527
0.85270000,2.533343527
0.85275000,2.533343527
0.85280000,2.533343527
0.85285000,2.533343527
0.85290000,2.533343527
0.85295000,2.533343527
0.85300000,2.533343527
0.85305000,2.533343527
0.85310000,2.533343527
0.85315000,2.533343527
0.85320000,2.533343527
0.85325000,2.533343527
0.85330000,2.533343527
0.85335000,2.533343527
0.85340000,2.533343527
0.85345000,2.533343527
0.85350000,2.533343527
0.85355000,2.533343527
0.85360000,2.533343527
0.85365000,2.533343527
0.85370000,2.533343527
0.85375000,2.533343527
0.85380000,2.533343527
0.85385000,2.533343527
0.85390000,2.533343527
0.85395000,2.533343527
0.85400000,2.533343527
0.85405000,2.533343527
0.85410000,2.533343527
0.85415000,2.533343527
0.85420000,2.533343527
0.85425000,2.533343527
0.85430000,2.533343527
0.85435000,2.533343527
0.85440000,2.533343527
0.85445000,2.533343527
0.85450000,2.533343527
0.85455000,2.533343527
0.85460000,2.533343527
0.85465000,2.533343527
0.85470000,2.533343527
0.85475000,2.533343527
0.85480000,2.533343527
0.85485000,2.533343527
0.85490000,2.533343527
0.85495000,2.533343527
0.85500000,2.533343527
0.85505000,2.533343527
0.85510000,2.533343527
0.85515000,2.533343527
0.85520000,2.533343527
0.85525000,2.533343527
0.85530000,2.533343527
0.85535000,2.533343527
0.85540000,2.533343527
0.85545000,2.533343527
0.85550000,2.533343527
0.85555000,2.533343527
0.85560000,2.533343527
0.85565000,2.533343527
0.85570000,2.533343527
0.85575000,2.533343527
0.85580000,2.533343527
0.85585000,2.533343527
0.85590000,2.533343527
0.85595000,2.533343527
0.85600000,2.533343527
0.85605000,2.533343527
0.85610000,2.533343527
0.85615000,2.533343527
0.85620000,2.533343527
0.85625000,2.533343527
0.85630000,2.533343527
0.85635000,2.533343527
0.85640000,2.533343527
0.85645000,2.533343527
0.85650000,2.533343527
0.85655000,2.533343527
0.85660000,2.533343527
0.85665000,2.533343527
0.85670000,2.533343527
0.85675000,2.533343527
0.85680000,2.533343527
0.85685000,2.533343527
0.85690000,2.533343527
0.85695000,2.533343527
0.85700000,2.533343527
0.85705000,2.533343527
0.85710000,2.533343527
0.85715000,2.533343527
0.85720000,2.533343527
0.85725000,2.533343527
0.85730000,2.533343527
0.85735000,2.533343527
0.85740000,2.533343527
0.85745000,2.533343527
0.85750000,2.533343527
0.85755000,2.533343527
0.85760000,2.533343527
0.85765000,2.533343527
0.85770000,2.533343527
0.85775000,2.533343527
0.85780000,2.533343527
0.85785000,2.533343527
0.85790000,2.533343527
0.85795000,2.533343527
0.85800000,2.533343527
0.85805000,2.533343527
0.85810000,2.533343527
0.85815000,2.533343527
0.85820000,2.533343527
0.85825000,2.533343527
0.85830000,2.533343527
0.85835000,2.533343527
0.85840000,2.533343527
0.85845000,2.533343527
0.85850000,2.533343527
0.85855000,2.533343527
0.85860000,2.533343527
0.85865000,2.533343527
0.85870000,2.533343527
0.85875000,2.533343527
0.85880000,2.533343527
0.85885000,2.533343527
0.85890000,2.533343527
0.85895000,2.533343527
0.85900000,2.533343527
0.85905000,2.533343527
0.85910000,2.533343527
0.85915000,2.533343527
0.85920000,2.533343527
0.85925000,2.533343527
0.85930000,2.533343527
0.85935000,2.533343527
0.85940000,2.533343527
0.85945000,2.533343527
0.85950000,2.533343527
0.85955000,2.533343527
0.85960000,2.533343527
0.85965000,2.533343527
0.85970000,2.533343527
0.85975000,2.533343527
0.85980000,2.533343527
0.85985000,2.533343527
0.85990000,2.533343527
0.85995000,2.533343527
0.86000000,2.533343527
0.86005000,2.533343527
0.86010000,2.533343527
0.86015000,2.533343527
0.86020000,2.533343527
0.86025000,2.533343527
0.86030000,2.533343527
0.86035000,2.533343527
0.86040000,2.533343527
0.86045000,2.533343527
0.86050000,2.533343527
0.86055000,2.533343527
0.86060000,2.533343527
0.86065000,2.533343527
0.86070000,2.533343527
0.86075000,2.533343527
0.86080000,2.533343527
0.86085000,2.533343527
0.86090000,2.533343527
0.86095000,2.533343527
0.86100000,2.533343527
0.86105000,2.533343527
0.86110000,2.533343527
0.86115000,2.533343527
0.86120000,2.533343527
0.86125000,2.533343527
0.86130000,2.533343527
0.86135000,2.533343527
0.86140000,2.533343527
0.86145000,2.533343527
0.86150000,2.533343527
0.86155000,2.533343527
0.86160000,2.533343527
0.86165000,2.533343527
0.86170000,2.533343527
0.86175000,2.533343527
0.86180000,2.533343527
0.86185000,2.533343527
0.86190000,2.533343527
0.86195000,2.533343527
0.86200000,2.533343527
0.86205000,2.533343527
0.86210000,2.533343527
0.86215000,2.533343527
0.86220000,2.533343527
0.86225000,2.533343527
0.86230000,2.533343527
0.86235000,2.533343527
0.86240000,2.533343527
0.86245000,2.533343527
0.86250000,2.533343527
0.86255000,2.533343527
0.86260000,2.533343527
0.86265000,2.533343527
0.86270000,2.533343527
0.86275000,2.533343527
0.86280000,2.533343527
0.86285000,2.533343527
0.86290000,2.533343527
0.86295000,2.533343527
0.86300000,2.533343527
0.86305000,2.533343527
0.86310000,2.533343527
0.86315000,2.533343527
0.86320000,2.533343527
0.86325000,2.533343527
0.86330000,2.533343527
0.86335000,2.533343527
0.86340000,2.533343527
0.86345000,2.533343527
0.86350000,2.533343527
0.86355000,2.533343527
0.86360000,2.533343527
0.86365000,2.533343527
0.86370000,2.533343527
0.86375000,2.533343527
0.86380000,2.533343527
0.86385000,2.533343527
0.86390000,2.533343527
0.86395000,2.533343527
0.86400000,2.533343527
0.86405000,2.533343527
0.86410000,2.533343527
0.86415000,2.533343527
0.86420000,2.533343527
0.86425000,2.533343527
0.86430000,2.533343527
0.86435000,2.533343527
0.86440000,2.533343527
0.86445000,2.533343527
0.86450000,2.533343527
0.86455000,2.533343527
0.86460000,2.533343527
0.86465000,2.533343527
0.86470000,2.533343527
0.86475000,2.533343527
0.86480000,2.533343527
0.86485000,2.533343527
0.86490000,2.533343527
0.86495000,2.533343527
0.86500000,2.533343527
0.86505000,2.533343527
0.86510000,2.533343527
0.86515000,2.533343527
0.86520000,2.533343527
0.86525000,2.533343527
0.86530000,2.533343527
0.86535000,2.533343527
0.86540000,2.533343527
0.86545000,2.533343527
0.86550000,2.533343527
0.86555000,2.533343527
0.86560000,2.533343527
0.86565000,2.533343527
0.86570000,2.533343527
0.86575000,2.533343527
0.86580000,2.533343527
0.86585000,2.533343527
0.86590000,2.533343527
0.86595000,2.533343527
0.86600000,2.533343527
0.86605000,2.533343527
0.86610000,2.533343527
0.86615000,2.533343527
0.86620000,2.533343527
0.86625000,2.533343527
0.86630000,2.533343527
0.86635000,2.533343527
0.86640000,2.533343527
0.86645000,2.533343527
0.86650000,2.533343527
0.86655000,2.533343527
0.86660000,2.533343527
0.86665000,2.533343527
0.86670000,2.533343527
0.86675000,2.533343527
0.86680000,2.533343527
0.86685000,2.533343527
0.86690000,2.533343527
0.86695000,2.533343527
0.86700000,2.533343527
0.86705000,2.533343527
0.86710000,2.533343527
0.86715000,2.533343527
0.86720000,2.533343527
0.86725000,2.533343527
0.86730000,2.533343527
0.86735000,2.533343527
0.86740000,2.533343527
0.86745000,2.533343527
0.86750000,2.533343527
0.86755000,2.533343527
0.86760000,2.533343527
0.86765000,2.533343527
0.86770000,2.533343527
0.86775000,2.533343527
0.86780000,2.533343527
0.86785000,2.533343527
0.86790000,2.533343527
0.86795000,2.533343527
0.86800000,2.533343527
0.86805000,2.533343527
0.86810000,2.533343527
0.86815000,2.533343527
0.86820000,2.533343527
0.86825000,2.533343527
0.86830000,2.533343527
0.86835000,2.533343527
0.86840000,2.533343527
0.86845000,2.533343527
0.86850000,2.533343527
0.86855000,2.533343527
0.86860000,2.533343527
0.86865000,2.533343527
0.86870000,2.533343527
0.86875000,2.533343527
0.86880000,2.533343527
0.86885000,2.533343527
0.86890000,2.533343527
0.86895000,2.533343527
0.86900000,2.533343527
0.86905000,2.533343527
0.86910000,2.533343527
0.86915000,2.533343527
0.86920000,2.533343527
0.86925000,2.533343527
0.86930000,2.533343527
0.86935000,2.533343527
0.86940000,2.533343527
0.86945000,2.533343527
0.86950000,2.533343527
0.86955000,2.533343527
0.86960000,2.533343527
0.86965000,2.533343527
0.86970000,2.533343527
0.86975000,2.533343527
0.86980000,2.533343527
0.86985000,2.533343527
0.86990000,2.533343527
0.86995000,2.533343527
0.87000000,2.533343527
0.87005000,2.533343527
0.87010000,2.533343527
0.87015000,2.533343527
0.87020000,2.533343527
0.87025000,2.533343527
0.87030000,2.533343527
0.87035000,2.533343527
0.87040000,2.533343527
0.87045000,2.533343527
0.87050000,2.533343527
0.87055000,2.533343527
0.87060000,2.533343527
0.87065000,2.533343527
0.87070000,2.533343527
0.87075000,2.533343527
0.87080000,2.533343527
0.87085000,2.533343527
0.87090000,2.533343527
0.87095000,2.533343527
0.87100000,2.533343527
0.87105000,2.533343527
0.87110000,2.533343527
0.87115000,2.533343527
0.87120000,2.533343527
0.87125000,2.533343527
0.87130000,2.533343527
0.87135000,2.533343527
0.87140000,2.533343527
0.87145000,2.533343527
0.87150000,2.533343527
0.87155000,2.533343527
0.87160000,2.533343527
0.87165000,2.533343527
0.87170000,2.533343527
0.87175000,2.533343527
0.87180000,2.533343527
0.87185000,2.533343527
0.87190000,2.533343527
0.87195000,2.533343527
0.87200000,2.533343527
0.87205000,2.533343527
0.87210000,2.533343527
0.87215000,2.533343527
0.87220000,2.533343527
0.87225000,2.533343527
0.87230000,2.533343527
0.87235000,2.533343527
0.87240000,2.533343527
0.87245000,2.533343527
0.87250000,2.533343527
0.87255000,2.533343527
0.87260000,2.533343527
0.87265000,2.533343527
0.87270000,2.533343527
0.87275000,2.533343527
0.87280000,2.533343527
0.87285000,2.533343527
0.87290000,2.533343527
0.87295000,2.533343527
0.87300000,2.533343527
0.87305000,2.533343527
0.87310000,2.533343527
0.87315000,2.533343527
0.87320000,2.533343527
0.87325000,2.533343527
0.87330000,2.533343527
0.87335000,2.533343527
0.87340000,2.533343527
0.87345000,2.533343527
0.87350000,2.533343527
0.87355000,2.533343527
0.87360000,2.533343527
0.87365000,2.533343527
0.87370000,2.533343527
0.87375000,2.533343527
0.87380000,2.533343527
0.87385000,2.533343527
0.87390000,2.533343527
0.87395000,2.533343527
0.87400000,2.533343527
0.87405000,2.533343527
0.87410000,2.533343527
0.87415000,2.533343527
0.87420000,2.533343527
0.87425000,2.533343527
0.87430000,2.533343527
0.87435000,2.533343527
0.87440000,2.533343527
0.87445000,2.533343527
0.87450000,2.533343527
0.87455000,2.533343527
0.87460000,2.533343527
0.87465000,2.533343527
0.87470000,2.533343527
0.87475000,2.533343527
0.87480000,2.533343527
0.87485000,2.533343527
0.87490000,2.533343527
0.87495000,2.533343527
0.87500000,2.533343527
0.87505000,2.533343527
0.87510000,2.533343527
0.87515000,2.533343527
0.87520000,2.533343527
0.87525000,2.533343527
0.87530000,2.533343527
0.87535000,2.533343527
0.87540000,2.533343527
0.87545000,2.533343527
0.87550000,2.533343527
0.87555000,2.533343527
0.87560000,2.533343527
0.87565000,2.533343527
0.87570000,2.533343527
0.87575000,2.533343527
0.87580000,2.533343527
0.87585000,2.533343527
0.87590000,2.533343527
0.87595000,2.533343527
0.87600000,2.533343527
0.87605000,2.533343527
0.87610000,2.533343527
0.87615000,2.533343527
0.87620000,2.533343527
0.87625000,2.533343527
0.87630000,2.533343527
0.87635000,2.533343527
0.87640000,2.533343527
0.87645000,2.533343527
0.87650000,2.533343527
0.87655000,2.533343527
0.87660000,2.533343527
0.87665000,2.533343527
0.87670000,2.533343527
0.87675000,2.533343527
0.87680000,2.533343527
0.87685000,2.533343527
0.87690000,2.533343527
0.87695000,2.533343527
0.87700000,2.533343527
0.87705000,2.533343527
0.87710000,2.533343527
0.87715000,2.533343527
0.87720000,2.533343527
0.87725000,2.533343527
0.87730000,2.533343527
0.87735000,2.533343527
0.87740000,2.533343527
0.87745000,2.533343527
0.87750000,2.533343527
0.87755000,2.533343527
0.87760000,2.533343527
0.87765000,2.533343527
0.87770000,2.533343527
0.87775000,2.533343527
0.87780000,2.533343527
0.87785000,2.533343527
0.87790000,2.533343527
0.87795000,2.533343527
0.87800000,2.533343527
0.87805000,2.533343527
0.87810000,2.533343527
0.87815000,2.533343527
0.87820000,2.533343527
0.87825000,2.533343527
0.87830000,2.533343527
0.87835000,2.533343527
0.87840000,2.533343527
0.87845000,2.533343527
0.87850000,2.533343527
0.87855000,2.533343527
0.87860000,2.533343527
0.87865000,2.533343527
0.87870000,2.533343527
0.87875000,2.533343527
0.87880000,2.533343527
0.87885000,2.533343527
0.87890000,2.533343527
0.87895000,2.533343527
0.87900000,2.533343527
0.87905000,2.533343527
0.87910000,2.533343527
0.87915000,2.533343527
0.87920000,2.533343527
0.87925000,2.533343527
0.87930000,2.533343527
0.87935000,2.533343527
0.87940000,2.533343527
0.87945000,2.533343527
0.87950000,2.533343527
0.87955000,2.533343527
0.87960000,2.533343527
0.87965000,2.533343527
0.87970000,2.533343527
0.87975000,2.533343527
0.87980000,2.533343527
0.87985000,2.533343527
0.87990000,2.533343527
0.87995000,2.533343527
0.88000000,2.533343527
0.88005000,2.533343527
0.88010000,2.533343527
0.88015000,2.533343527
0.88020000,2.533343527
0.88025000,2.533343527
0.88030000,2.533343527
0.88035000,2.533343527
0.88040000,2.533343527
0.88045000,2.533343527
0.88050000,2.533343527
0.88055000,2.533343527
0.88060000,2.533343527
0.88065000,2.533343527
0.88070000,2.533343527
0.88075000,2.533343527
0.88080000,2.533343527
0.88085000,2.533343527
0.88090000,2.533343527
0.88095000,2.533343527
0.88100000,2.533343527
0.88105000,2.533343527
0.88110000,2.533343527
0.88115000,2.533343527
0.88120000,2.533343527
0.88125000,2.533343527
0.88130000,2.533343527
0.88135000,2.533343527
0.88140000,2.533343527
0.88145000,2.533343527
0.88150000,2.533343527
0.88155000,2.533343527
0.88160000,2.533343527
0.88165000,2.533343527
0.88170000,2.533343527
0.88175000,2.533343527
0.88180000,2.533343527
0.88185000,2.533343527
0.88190000,2.533343527
0.88195000,2.533343527
0.88200000,2.533343527
0.88205000,2.533343527
0.88210000,2.533343527
0.88215000,2.533343527
0.88220000,2.533343527
0.88225000,2.533343527
0.88230000,2.533343527
0.88235000,2.533343527
0.88240000,2.533343527
0.88245000,2.533343527
0.88250000,2.533343527
0.88255000,2.533343527
0.88260000,2.533343527
0.88265000,2.533343527
0.88270000,2.533343527
0.88275000,2.533343527
0.88280000,2.533343527
0.88285000,2.533343527
0.88290000,2.533343527
0.88295000,2.533343527
0.88300000,2.533343527
0.88305000,2.533343527
0.88310000,2.533343527
0.88315000,2.533343527
0.88320000,2.533343527
0.88325000,2.533343527
0.88330000,2.533343527
0.88335000,2.533343527
0.88340000,2.533343527
0.88345000,2.533343527
0.88350000,2.533343527
0.88355000,2.533343527
0.88360000,2.533343527
0.88365000,2.533343527
0.88370000,2.533343527
0.88375000,2.533343527
0.88380000,2.533343527
0.88385000,2.533343527
0.88390000,2.533343527
0.88395000,2.533343527
0.88400000,2.533343527
0.88405000,2.533343527
0.88410000,2.533343527
0.88415000,2.533343527
0.88420000,2.533343527
0.88425000,2.533343527
0.88430000,2.533343527
0.88435000,2.533343527
0.88440000,2.533343527
0.88445000,2.533343527
0.88450000,2.533343527
0.88455000,2.533343527
0.88460000,2.533343527
0.88465000,2.533343527
0.88470000,2.533343527
0.88475000,2.533343527
0.88480000,2.533343527
0.88485000,2.533343527
0.88490000,2.533343527
0.88495000,2.533343527
0.88500000,2.533343527
0.88505000,2.533343527
0.88510000,2.533343527
0.88515000,2.533343527
0.88520000,2.533343527
0.88525000,2.533343527
0.88530000,2.533343527
0.88535000,2.533343527
0.88540000,2.533343527
0.88545000,2.533343527
0.88550000,2.533343527
0.88555000,2.533343527
0.88560000,2.533343527
0.88565000,2.533343527
0.88570000,2.533343527
0.88575000,2.533343527
0.88580000,2.533343527
0.88585000,2.533343527
0.88590000,2.533343527
0.88595000,2.533343527
0.88600000,2.533343527
0.88605000,2.533343527
0.88610000,2.533343527
0.88615000,2.533343527
0.88620000,2.533343527
0.88625000,2.533343527
0.88630000,2.533343527
0.88635000,2.533343527
0.88640000,2.533343527
0.88645000,2.533343527
0.88650000,2.533343527
0.88655000,2.533343527
0.88660000,2.533343527
0.88665000,2.533343527
0.88670000,2.533343527
0.88675000,2.533343527
0.88680000,2.533343527
0.88685000,2.533343527
0.88690000,2.533343527
0.88695000,2.533343527
0.88700000,2.533343527
0.88705000,2.533343527
0.88710000,2.533343527
0.88715000,2.533343527
0.88720000,2.533343527
0.88725000,2.533343527
0.88730000,2.533343527
0.88735000,2.533343527
0.88740000,2.533343527
0.88745000,2.533343527
0.88750000,2.533343527
0.88755000,2.533343527
0.88760000,2.533343527
0.88765000,2.533343527
0.88770000,2.533343527
0.88775000,2.533343527
0.88780000,2.533343527
0.88785000,2.533343527
0.88790000,2.533343527
0.88795000,2.533343527
0.88800000,2.533343527
0.88805000,2.533343527
0.88810000,2.533343527
0.88815000,2.533343527
0.88820000,2.533343527
0.88825000,2.533343527
0.88830000,2.533343527
0.88835000,2.533343527
0.88840000,2.533343527
0.88845000,2.533343527
0.88850000,2.533343527
0.88855000,2.533343527
0.88860000,2.533343527
0.88865000,2.533343527
0.88870000,2.533343527
0.88875000,2.533343527
0.88880000,2.533343527
0.88885000,2.533343527
0.88890000,2.533343527
0.88895000,2.533343527
0.88900000,2.533343527
0.88905000,2.533343527
0.88910000,2.533343527
0.88915000,2.533343527
0.88920000,2.533343527
0.88925000,2.533343527
0.88930000,2.533343527
0.88935000,2.533343527
0.88940000,2.533343527
0.88945000,2.533343527
0.88950000,2.533343527
0.88955000,2.533343527
0.88960000,2.533343527
0.88965000,2.533343527
0.88970000,2.533343527
0.88975000,2.533343527
0.88980000,2.533343527
0.88985000,2.533343527
0.88990000,2.533343527
0.88995000,2.533343527
0.89000000,2.533343527
0.89005000,2.533343527
0.89010000,2.533343527
0.89015000,2.533343527
0.89020000,2.533343527
0.89025000,2.533343527
0.89030000,2.533343527
0.89035000,2.533343527
0.89040000,2.533343527
0.89045000,2.533343527
0.89050000,2.533343527
0.89055000,2.533343527
0.89060000,2.533343527
0.89065000,2.533343527
0.89070000,2.533343527
0.89075000,2.533343527
0.89080000,2.533343527
0.89085000,2.533343527
0.89090000,2.533343527
0.89095000,2.533343527
0.89100000,2.533343527
0.89105000,2.533343527
0.89110000,2.533343527
0.89115000,2.533343527
0.89120000,2.533343527
0.89125000,2.533343527
0.89130000,2.533343527
0.89135000,2.533343527
0.89140000,2.533343527
0.89145000,2.533343527
0.89150000,2.533343527
0.89155000,2.533343527
0.89160000,2.533343527
0.89165000,2.533343527
0.89170000,2.533343527
0.89175000,2.533343527
0.89180000,2.533343527
0.89185000,2.533343527
0.89190000,2.533343527
0.89195000,2.533343527
0.89200000,2.533343527
0.89205000,2.533343527
0.89210000,2.533343527
0.89215000,2.533343527
0.89220000,2.533343527
0.89225000,2.533343527
0.89230000,2.533343527
0.89235000,2.533343527
0.89240000,2.533343527
0.89245000,2.533343527
0.89250000,2.533343527
0.89255000,2.533343527
0.89260000,2.533343527
0.89265000,2.533343527
0.89270000,2.533343527
0.89275000,2.533343527
0.89280000,2.533343527
0.89285000,2.533343527
0.89290000,2.533343527
0.89295000,2.533343527
0.89300000,2.533343527
0.89305000,2.533343527
0.89310000,2.533343527
0.89315000,2.533343527
0.89320000,2.533343527
0.89325000,2.533343527
0.89330000,2.533343527
0.89335000,2.533343527
0.89340000,2.533343527
0.89345000,2.533343527
0.89350000,2.533343527
0.89355000,2.533343527
0.89360000,2.533343527
0.89365000,2.533343527
0.89370000,2.533343527
0.89375000,2.533343527
0.89380000,2.533343527
0.89385000,2.533343527
0.89390000,2.533343527
0.89395000,2.533343527
0.89400000,2.533343527
0.89405000,2.533343527
0.89410000,2.533343527
0.89415000,2.533343527
0.89420000,2.533343527
0.89425000,2.533343527
0.89430000,2.533343527
0.89435000,2.533343527
0.89440000,2.533343527
0.89445000,2.533343527
0.89450000,2.533343527
0.89455000,2.533343527
0.89460000,2.533343527
0.89465000,2.533343527
0.89470000,2.533343527
0.89475000,2.533343527
0.89480000,2.533343527
0.89485000,2.533343527
0.89490000,2.533343527
0.89495000,2.533343527
0.89500000,2.533343527
0.89505000,2.533343527
0.89510000,2.533343527
0.89515000,2.533343527
0.89520000,2.533343527
0.89525000,2.533343527
0.89530000,2.533343527
0.89535000,2.533343527
0.89540000,2.533343527
0.89545000,2.533343527
0.89550000,2.533343527
0.89555000,2.533343527
0.89560000,2.533343527
0.89565000,2.533343527
0.89570000,2.533343527
0.89575000,2.533343527
0.89580000,2.533343527
0.89585000,2.533343527
0.89590000,2.533343527
0.89595000,2.533343527
0.89600000,2.533343527
0.89605000,2.533343527
0.89610000,2.533343527
0.89615000,2.533343527
0.89620000,2.533343527
0.89625000,2.533343527
0.89630000,2.533343527
0.89635000,2.533343527
0.89640000,2.533343527
0.89645000,2.533343527
0.89650000,2.533343527
0.89655000,2.533343527
0.89660000,2.533343527
0.89665000,2.533343527
0.89670000,2.533343527
0.89675000,2.533343527
0.89680000,2.533343527
0.89685000,2.533343527
0.89690000,2.533343527
0.89695000,2.533343527
0.89700000,2.533343527
0.89705000,2.533343527
0.89710000,2.533343527
0.89715000,2.533343527
0.89720000,2.533343527
0.89725000,2.533343527
0.89730000,2.533343527
0.89735000,2.533343527
0.89740000,2.533343527
0.89745000,2.533343527
0.89750000,2.533343527
0.89755000,2.533343527
0.89760000,2.533343527
0.89765000,2.533343527
0.89770000,2.533343527
0.89775000,2.533343527
0.89780000,2.533343527
0.89785000,2.533343527
0.89790000,2.533343527
0.89795000,2.533343527
0.89800000,2.533343527
0.89805000,2.533343527
0.89810000,2.533343527
0.89815000,2.533343527
0.89820000,2.533343527
0.89825000,2.533343527
0.89830000,2.533343527
0.89835000,2.533343527
0.89840000,2.533343527
0.89845000,2.533343527
0.89850000,2.533343527
0.89855000,2.533343527
0.89860000,2.533343527
0.89865000,2.533343527
0.89870000,2.533343527
0.89875000,2.533343527
0.89880000,2.533343527
0.89885000,2.533343527
0.89890000,2.533343527
0.89895000,2.533343527
0.89900000,2.533343527
0.89905000,2.533343527
0.89910000,2.533343527
0.89915000,2.533343527
0.89920000,2.533343527
0.89925000,2.533343527
0.89930000,2.533343527
0.89935000,2.533343527
0.89940000,2.533343527
0.89945000,2.533343527
0.89950000,2.533343527
0.89955000,2.533343527
0.89960000,2.533343527
0.89965000,2.533343527
0.89970000,2.533343527
0.89975000,2.533343527
0.89980000,2.533343527
0.89985000,2.533343527
0.89990000,2.533343527
0.89995000,2.533343527
0.90000000,44.286656473
0.90005000,44.286656473
0.90010000,44.286656473
0.90015000,44.286656473
0.90020000,44.286656473
0.90025000,44.286656473
0.90030000,44.286656473
0.90035000,44.286656473
0.90040000,44.286656473
0.90045000,44.286656473
0.90050000,44.286656473
0.90055000,44.286656473
0.90060000,44.286656473
0.90065000,44.286656473
0.90070000,44.286656473
0.90075000,44.286656473
0.90080000,44.286656473
0.90085000,44.286656473
0.90090000,44.286656473
0.90095000,44.286656473
0.90100000,44.286656473
0.90105000,44.286656473
0.90110000,44.286656473
0.90115000,44.286656473
0.90120000,44.286656473
0.90125000,44.286656473
0.90130000,44.286656473
0.90135000,44.286656473
0.90140000,44.286656473
0.90145000,44.286656473
0.90150000,44.286656473
0.90155000,44.286656473
0.90160000,44.286656473
0.90165000,44.286656473
0.90170000,44.286656473
0.90175000,44.286656473
0.90180000,44.286656473
0.90185000,44.286656473
0.90190000,44.286656473
0.90195000,44.286656473
0.90200000,44.286656473
0.90205000,44.286656473
0.90210000,44.286656473
0.90215000,44.286656473
0.90220000,44.286656473
0.90225000,44.286656473
0.90230000,44.286656473
0.90235000,44.286656473
0.90240000,44.286656473
0.90245000,44.286656473
0.90250000,44.286656473
0.90255000,44.286656473
0.90260000,44.286656473
0.90265000,44.286656473
0.90270000,44.286656473
0.90275000,44.286656473
0.90280000,44.286656473
0.90285000,44.286656473
0.90290000,44.286656473
0.90295000,44.286656473
0.90300000,44.286656473
0.90305000,44.286656473
0.90310000,44.286656473
0.90315000,44.286656473
0.90320000,44.286656473
0.90325000,44.286656473
0.90330000,44.286656473
0.90335000,44.286656473
0.90340000,44.286656473
0.90345000,44.286656473
0.90350000,44.286656473
0.90355000,44.286656473
0.90360000,44.286656473
0.90365000,44.286656473
0.90370000,44.286656473
0.90375000,44.286656473
0.90380000,44.286656473
0.90385000,44.286656473
0.90390000,44.286656473
0.90395000,44.286656473
0.90400000,44.286656473
0.90405000,44.286656473
0.90410000,44.286656473
0.90415000,44.286656473
0.90420000,44.286656473
0.90425000,44.286656473
0.90430000,44.286656473
0.90435000,44.286656473
0.90440000,44.286656473
0.90445000,44.286656473
0.90450000,44.286656473
0.90455000,44.286656473
0.90460000,44.286656473
0.90465000,44.286656473
0.90470000,44.286656473
0.90475000,44.286656473
0.90480000,44.286656473
0.90485000,44.286656473
0.90490000,44.286656473
0.90495000,44.286656473
0.90500000,44.286656473
0.90505000,44.286656473
0.90510000,44.286656473
0.90515000,44.286656473
0.90520000,44.286656473
0.90525000,44.286656473
0.90530000,44.286656473
0.90535000,44.286656473
0.90540000,44.286656473
0.90545000,44.286656473
0.90550000,44.286656473
0.90555000,44.286656473
0.90560000,44.286656473
0.90565000,44.286656473
0.90570000,44.286656473
0.90575000,44.286656473
0.90580000,44.286656473
0.90585000,44.286656473
0.90590000,44.286656473
0.90595000,44.286656473
0.90600000,44.286656473
0.90605000,44.286656473
0.90610000,44.286656473
0.90615000,44.286656473
0.90620000,44.286656473
0.90625000,44.286656473
0.90630000,44.286656473
0.90635000,44.286656473
0.90640000,44.286656473
0.90645000,44.286656473
0.90650000,44.286656473
0.90655000,44.286656473
0.90660000,44.286656473
0.90665000,44.286656473
0.90670000,44.286656473
0.90675000,44.286656473
0.90680000,44.286656473
0.90685000,44.286656473
0.90690000,44.286656473
0.90695000,44.286656473
0.90700000,44.286656473
0.90705000,44.286656473
0.90710000,44.286656473
0.90715000,44.286656473
0.90720000,44.286656473
0.90725000,44.286656473
0.90730000,44.286656473
0.90735000,44.286656473
0.90740000,44.286656473
0.90745000,44.286656473
0.90750000,44.286656473
0.90755000,44.286656473
0.90760000,44.286656473
0.90765000,44.286656473
0.90770000,44.286656473
0.90775000,44.286656473
0.90780000,44.286656473
0.90785000,44.286656473
0.90790000,44.286656473
0.90795000,44.286656473
0.90800000,44.286656473
0.90805000,44.286656473
0.90810000,44.286656473
0.90815000,44.286656473
0.90820000,44.286656473
0.90825000,44.286656473
0.90830000,44.286656473
0.90835000,44.286656473
0.90840000,44.286656473
0.90845000,44.286656473
0.90850000,44.286656473
0.90855000,44.286656473
0.90860000,44.286656473
0.90865000,44.286656473
0.90870000,44.286656473
0.90875000,44.286656473
0.90880000,44.286656473
0.90885000,44.286656473
0.90890000,44.286656473
0.90895000,44.286656473
0.90900000,44.286656473
0.90905000,44.286656473
0.90910000,44.286656473
0.90915000,44.286656473
0.90920000,44.286656473
0.90925000,44.286656473
0.90930000,44.286656473
0.90935000,44.286656473
0.90940000,44.286656473
0.90945000,44.286656473
0.90950000,44.286656473
0.90955000,44.286656473
0.90960000,44.286656473
0.90965000,44.286656473
0.90970000,44.286656473
0.90975000,44.286656473
0.90980000,44.286656473
0.90985000,44.286656473
0.90990000,44.286656473
0.90995000,44.286656473
0.91000000,44.286656473
0.91005000,44.286656473
0.91010000,44.286656473
0.91015000,44.286656473
0.91020000,44.286656473
0.91025000,44.286656473
0.91030000,44.286656473
0.91035000,44.286656473
0.91040000,44.286656473
0.91045000,44.286656473
0.91050000,44.286656473
0.91055000,44.286656473
0.91060000,44.286656473
0.91065000,44.286656473
0.91070000,44.286656473
0.91075000,44.286656473
0.91080000,44.286656473
0.91085000,44.286656473
0.91090000,44.286656473
0.91095000,44.286656473
0.91100000,44.286656473
0.91105000,44.286656473
0.91110000,44.286656473
0.91115000,44.286656473
0.91120000,44.286656473
0.91125000,44.286656473
0.91130000,44.286656473
0.91135000,44.286656473
0.91140000,44.286656473
0.91145000,44.286656473
0.91150000,44.286656473
0.91155000,44.286656473
0.91160000,44.286656473
0.91165000,44.286656473
0.91170000,44.286656473
0.91175000,44.286656473
0.91180000,44.286656473
0.91185000,44.286656473
0.91190000,44.286656473
0.91195000,44.286656473
0.91200000,44.286656473
0.91205000,44.286656473
0.91210000,44.286656473
0.91215000,44.286656473
0.91220000,44.286656473
0.91225000,44.286656473
0.91230000,44.286656473
0.91235000,44.286656473
0.91240000,44.286656473
0.91245000,44.286656473
0.91250000,44.286656473
0.91255000,44.286656473
0.91260000,44.286656473
0.91265000,44.286656473
0.91270000,44.286656473
0.91275000,44.286656473
0.91280000,44.286656473
0.91285000,44.286656473
0.91290000,44.286656473
0.91295000,44.286656473
0.91300000,44.286656473
0.91305000,44.286656473
0.91310000,44.286656473
0.91315000,44.286656473
0.91320000,44.286656473
0.91325000,44.286656473
0.91330000,44.286656473
0.91335000,44.286656473
0.91340000,44.286656473
0.91345000,44.286656473
0.91350000,44.286656473
0.91355000,44.286656473
0.91360000,44.286656473
0.91365000,44.286656473
0.91370000,44.286656473
0.91375000,44.286656473
0.91380000,44.286656473
0.91385000,44.286656473
0.91390000,44.286656473
0.91395000,44.286656473
0.91400000,44.286656473
0.91405000,44.286656473
0.91410000,44.286656473
0.91415000,44.286656473
0.91420000,44.286656473
0.91425000,44.286656473
0.91430000,44.286656473
0.91435000,44.286656473
0.91440000,44.286656473
0.91445000,44.286656473
0.91450000,44.286656473
0.91455000,44.286656473
0.91460000,44.286656473
0.91465000,44.286656473
0.91470000,44.286656473
0.91475000,44.286656473
0.91480000,44.286656473
0.91485000,44.286656473
0.91490000,44.286656473
0.91495000,44.286656473
0.91500000,44.286656473
0.91505000,44.286656473
0.91510000,44.286656473
0.91515000,44.286656473
0.91520000,44.286656473
0.91525000,44.286656473
0.91530000,44.286656473
0.91535000,44.286656473
0.91540000,44.286656473
0.91545000,44.286656473
0.91550000,44.286656473
0.91555000,44.286656473
0.91560000,44.286656473
0.91565000,44.286656473
0.91570000,44.286656473
0.91575000,44.286656473
0.91580000,44.286656473
0.91585000,44.286656473
0.91590000,44.286656473
0.91595000,44.286656473
0.91600000,44.286656473
0.91605000,44.286656473
0.91610000,44.286656473
0.91615000,44.286656473
0.91620000,44.286656473
0.91625000,44.286656473
0.91630000,44.286656473
0.91635000,44.286656473
0.91640000,44.286656473
0.91645000,44.286656473
0.91650000,44.286656473
0.91655000,44.286656473
0.91660000,44.286656473
0.91665000,44.286656473
0.91670000,44.286656473
0.91675000,44.286656473
0.91680000,44.286656473
0.91685000,44.286656473
0.91690000,44.286656473
0.91695000,44.286656473
0.91700000,44.286656473
0.91705000,44.286656473
0.91710000,44.286656473
0.91715000,44.286656473
0.91720000,44.286656473
0.91725000,44.286656473
0.91730000,44.286656473
0.91735000,44.286656473
0.91740000,44.286656473
0.91745000,44.286656473
0.91750000,44.286656473
0.91755000,44.286656473
0.91760000,44.286656473
0.91765000,44.286656473
0.91770000,44.286656473
0.91775000,44.286656473
0.91780000,44.286656473
0.91785000,44.286656473
0.91790000,44.286656473
0.91795000,44.286656473
0.91800000,44.286656473
0.91805000,44.286656473
0.91810000,44.286656473
0.91815000,44.286656473
0.91820000,44.286656473
0.91825000,44.286656473
0.91830000,44.286656473
0.91835000,44.286656473
0.91840000,44.286656473
0.91845000,44.286656473
0.91850000,44.286656473
0.91855000,44.286656473
0.91860000,44.286656473
0.91865000,44.286656473
0.91870000,44.286656473
0.91875000,44.286656473
0.91880000,44.286656473
0.91885000,44.286656473
0.91890000,44.286656473
0.91895000,44.286656473
0.91900000,44.286656473
0.91905000,44.286656473
0.91910000,44.286656473
0.91915000,44.286656473
0.91920000,44.286656473
0.91925000,44.286656473
0.91930000,44.286656473
0.91935000,44.286656473
0.91940000,44.286656473
0.91945000,44.286656473
0.91950000,44.286656473
0.91955000,44.286656473
0.91960000,44.286656473
0.91965000,44.286656473
0.91970000,44.286656473
0.91975000,44.286656473
0.91980000,44.286656473
0.91985000,44.286656473
0.91990000,44.286656473
0.91995000,44.286656473
0.92000000,44.286656473
0.92005000,44.286656473
0.92010000,44.286656473
0.92015000,44.286656473
0.92020000,44.286656473
0.92025000,44.286656473
0.92030000,44.286656473
0.92035000,44.286656473
0.92040000,44.286656473
0.92045000,44.286656473
0.92050000,44.286656473
0.92055000,44.286656473
0.92060000,44.286656473
0.92065000,44.286656473
0.92070000,44.286656473
0.92075000,44.286656473
0.92080000,44.286656473
0.92085000,44.286656473
0.92090000,44.286656473
0.92095000,44.286656473
0.92100000,44.286656473
0.92105000,44.286656473
0.92110000,44.286656473
0.92115000,44.286656473
0.92120000,44.286656473
0.92125000,44.286656473
0.92130000,44.286656473
0.92135000,44.286656473
0.92140000,44.286656473
0.92145000,44.286656473
0.92150000,44.286656473
0.92155000,44.286656473
0.92160000,44.286656473
0.92165000,44.286656473
0.92170000,44.286656473
0.92175000,44.286656473
0.92180000,44.286656473
0.92185000,44.286656473
0.92190000,44.286656473
0.92195000,44.286656473
0.92200000,44.286656473
0.92205000,44.286656473
0.92210000,44.286656473
0.92215000,44.286656473
0.92220000,44.286656473
0.92225000,44.286656473
0.92230000,44.286656473
0.92235000,44.286656473
0.92240000,44.286656473
0.92245000,44.286656473
0.92250000,44.286656473
0.92255000,44.286656473
0.92260000,44.286656473
0.92265000,44.286656473
0.92270000,44.286656473
0.92275000,44.286656473
0.92280000,44.286656473
0.92285000,44.286656473
0.92290000,44.286656473
0.92295000,44.286656473
0.92300000,44.286656473
0.92305000,44.286656473
0.92310000,44.286656473
0.92315000,44.286656473
0.92320000,44.286656473
0.92325000,44.286656473
0.92330000,44.286656473
0.92335000,44.286656473
0.92340000,44.286656473
0.92345000,44.286656473
0.92350000,44.286656473
0.92355000,44.286656473
0.92360000,44.286656473
0.92365000,44.286656473
0.92370000,44.286656473
0.92375000,44.286656473
0.92380000,44.286656473
0.92385000,44.286656473
0.92390000,44.286656473
0.92395000,44.286656473
0.92400000,44.286656473
0.92405000,44.286656473
0.92410000,44.286656473
0.92415000,44.286656473
0.92420000,44.286656473
0.92425000,44.286656473
0.92430000,44.286656473
0.92435000,44.286656473
0.92440000,44.286656473
0.92445000,44.286656473
0.92450000,44.286656473
0.92455000,44.286656473
0.92460000,44.286656473
0.92465000,44.286656473
0.92470000,44.286656473
0.92475000,44.286656473
0.92480000,44.286656473
0.92485000,44.286656473
0.92490000,44.286656473
0.92495000,44.286656473
0.92500000,44.286656473
0.92505000,44.286656473
0.92510000,44.286656473
0.92515000,44.286656473
0.92520000,44.286656473
0.92525000,44.286656473
0.92530000,44.286656473
0.92535000,44.286656473
0.92540000,44.286656473
0.92545000,44.286656473
0.92550000,44.286656473
0.92555000,44.286656473
0.92560000,44.286656473
0.92565000,44.286656473
0.92570000,44.286656473
0.92575000,44.286656473
0.92580000,44.286656473
0.92585000,44.286656473
0.92590000,44.286656473
0.92595000,44.286656473
0.92600000,44.286656473
0.92605000,44.286656473
0.92610000,44.286656473
0.92615000,44.286656473
0.92620000,44.286656473
0.92625000,44.286656473
0.92630000,44.286656473
0.92635000,44.286656473
0.92640000,44.286656473
0.92645000,44.286656473
0.92650000,44.286656473
0.92655000,44.286656473
0.92660000,44.286656473
0.92665000,44.286656473
0.92670000,44.286656473
0.92675000,44.286656473
0.92680000,44.286656473
0.92685000,44.286656473
0.92690000,44.286656473
0.92695000,44.286656473
0.92700000,44.286656473
0.92705000,44.286656473
0.92710000,44.286656473
0.92715000,44.286656473
0.92720000,44.286656473
0.92725000,44.286656473
0.92730000,44.286656473
0.92735000,44.286656473
0.92740000,44.286656473
0.92745000,44.286656473
0.92750000,44.286656473
0.92755000,44.286656473
0.92760000,44.286656473
0.92765000,44.286656473
0.92770000,44.286656473
0.92775000,44.286656473
0.92780000,44.286656473
0.92785000,44.286656473
0.92790000,44.286656473
0.92795000,44.286656473
0.92800000,44.286656473
0.92805000,44.286656473
0.92810000,44.286656473
0.92815000,44.286656473
0.92820000,44.286656473
0.92825000,44.286656473
0.92830000,44.286656473
0.92835000,44.286656473
0.92840000,44.286656473
0.92845000,44.286656473
0.92850000,44.286656473
0.92855000,44.286656473
0.92860000,44.286656473
0.92865000,44.286656473
0.92870000,44.286656473
0.92875000,44.286656473
0.92880000,44.286656473
0.92885000,44.286656473
0.92890000,44.286656473
0.92895000,44.286656473
0.92900000,44.286656473
0.92905000,44.286656473
0.92910000,44.286656473
0.92915000,44.286656473
0.92920000,44.286656473
0.92925000,44.286656473
0.92930000,44.286656473
0.92935000,44.286656473
0.92940000,44.286656473
0.92945000,44.286656473
0.92950000,44.286656473
0.92955000,44.286656473
0.92960000,44.286656473
0.92965000,44.286656473
0.92970000,44.286656473
0.92975000,44.286656473
0.92980000,44.286656473
0.92985000,44.286656473
0.92990000,44.286656473
0.92995000,44.286656473
0.93000000,44.286656473
0.93005000,44.286656473
0.93010000,44.286656473
0.93015000,44.286656473
0.93020000,44.286656473
0.93025000,44.286656473
0.93030000,44.286656473
0.93035000,44.286656473
0.93040000,44.286656473
0.93045000,44.286656473
0.93050000,44.286656473
0.93055000,44.286656473
0.93060000,44.286656473
0.93065000,44.286656473
0.93070000,44.286656473
0.93075000,44.286656473
0.93080000,44.286656473
0.93085000,44.286656473
0.93090000,44.286656473
0.93095000,44.286656473
0.93100000,44.286656473
0.93105000,44.286656473
0.93110000,44.286656473
0.93115000,44.286656473
0.93120000,44.286656473
0.93125000,44.286656473
0.93130000,44.286656473
0.93135000,44.286656473
0.93140000,44.286656473
0.93145000,44.286656473
0.93150000,44.286656473
0.93155000,44.286656473
0.93160000,44.286656473
0.93165000,44.286656473
0.93170000,44.286656473
0.93175000,44.286656473
0.93180000,44.286656473
0.93185000,44.286656473
0.93190000,44.286656473
0.93195000,44.286656473
0.93200000,44.286656473
0.93205000,44.286656473
0.93210000,44.286656473
0.93215000,44.286656473
0.93220000,44.286656473
0.93225000,44.286656473
0.93230000,44.286656473
0.93235000,44.286656473
0.93240000,44.286656473
0.93245000,44.286656473
0.93250000,44.286656473
0.93255000,44.286656473
0.93260000,44.286656473
0.93265000,44.286656473
0.93270000,44.286656473
0.93275000,44.286656473
0.93280000,44.286656473
0.93285000,44.286656473
0.93290000,44.286656473
0.93295000,44.286656473
0.93300000,44.286656473
0.93305000,44.286656473
0.93310000,44.286656473
0.93315000,44.286656473
0.93320000,44.286656473
0.93325000,44.286656473
0.93330000,44.286656473
0.93335000,44.286656473
0.93340000,44.286656473
0.93345000,44.286656473
0.93350000,44.286656473
0.93355000,44.286656473
0.93360000,44.286656473
0.93365000,44.286656473
0.93370000,44.286656473
0.93375000,44.286656473
0.93380000,44.286656473
0.93385000,44.286656473
0.93390000,44.286656473
0.93395000,44.286656473
0.93400000,44.286656473
0.93405000,44.286656473
0.93410000,44.286656473
0.93415000,44.286656473
0.93420000,44.286656473
0.93425000,44.286656473
0.93430000,44.286656473
0.93435000,44.286656473
0.93440000,44.286656473
0.93445000,44.286656473
0.93450000,44.286656473
0.93455000,44.286656473
0.93460000,44.286656473
0.93465000,44.286656473
0.93470000,44.286656473
0.93475000,44.286656473
0.93480000,44.286656473
0.93485000,44.286656473
0.93490000,44.286656473
0.93495000,44.286656473
0.93500000,44.286656473
0.93505000,44.286656473
0.93510000,44.286656473
0.93515000,44.286656473
0.93520000,44.286656473
0.93525000,44.286656473
0.93530000,44.286656473
0.93535000,44.286656473
0.93540000,44.286656473
0.93545000,44.286656473
0.93550000,44.286656473
0.93555000,44.286656473
0.93560000,44.286656473
0.93565000,44.286656473
0.93570000,44.286656473
0.93575000,44.286656473
0.93580000,44.286656473
0.93585000,44.286656473
0.93590000,44.286656473
0.93595000,44.286656473
0.93600000,44.286656473
0.93605000,44.286656473
0.93610000,44.286656473
0.93615000,44.286656473
0.93620000,44.286656473
0.93625000,44.286656473
0.93630000,44.286656473
0.93635000,44.286656473
0.93640000,44.286656473
0.93645000,44.286656473
0.93650000,44.286656473
0.93655000,44.286656473
0.93660000,44.286656473
0.93665000,44.286656473
0.93670000,44.286656473
0.93675000,44.286656473
0.93680000,44.286656473
0.93685000,44.286656473
0.93690000,44.286656473
0.93695000,44.286656473
0.93700000,44.286656473
0.93705000,44.286656473
0.93710000,44.286656473
0.93715000,44.286656473
0.93720000,44.286656473
0.93725000,44.286656473
0.93730000,44.286656473
0.93735000,44.286656473
0.93740000,44.286656473
0.93745000,44.286656473
0.93750000,44.286656473
0.93755000,44.286656473
0.93760000,44.286656473
0.93765000,44.286656473
0.93770000,44.286656473
0.93775000,44.286656473
0.93780000,44.286656473
0.93785000,44.286656473
0.93790000,44.286656473
0.93795000,44.286656473
0.93800000,44.286656473
0.93805000,44.286656473
0.93810000,44.286656473
0.93815000,44.286656473
0.93820000,44.286656473
0.93825000,44.286656473
0.93830000,44.286656473
0.93835000,44.286656473
0.93840000,44.286656473
0.93845000,44.286656473
0.93850000,44.286656473
0.93855000,44.286656473
0.93860000,44.286656473
0.93865000,44.286656473
0.93870000,44.286656473
0.93875000,44.286656473
0.93880000,44.286656473
0.93885000,44.286656473
0.93890000,44.286656473
0.93895000,44.286656473
0.93900000,44.286656473
0.93905000,44.286656473
0.93910000,44.286656473
0.93915000,44.286656473
0.93920000,44.286656473
0.93925000,44.286656473
0.93930000,44.286656473
0.93935000,44.286656473
0.93940000,44.286656473
0.93945000,44.286656473
0.93950000,44.286656473
0.93955000,44.286656473
0.93960000,44.286656473
0.93965000,44.286656473
0.93970000,44.286656473
0.93975000,44.286656473
0.93980000,44.286656473
0.93985000,44.286656473
0.93990000,44.286656473
0.93995000,44.286656473
0.94000000,44.286656473
0.94005000,44.286656473
0.94010000,44.286656473
0.94015000,44.286656473
0.94020000,44.286656473
0.94025000,44.286656473
0.94030000,44.286656473
0.94035000,44.286656473
0.94040000,44.286656473
0.94045000,44.286656473
0.94050000,44.286656473
0.94055000,44.286656473
0.94060000,44.286656473
0.94065000,44.286656473
0.94070000,44.286656473
0.94075000,44.286656473
0.94080000,44.286656473
0.94085000,44.286656473
0.94090000,44.286656473
0.94095000,44.286656473
0.94100000,44.286656473
0.94105000,44.286656473
0.94110000,44.286656473
0.94115000,44.286656473
0.94120000,44.286656473
0.94125000,44.286656473
0.94130000,44.286656473
0.94135000,44.286656473
0.94140000,44.286656473
0.94145000,44.286656473
0.94150000,44.286656473
0.94155000,44.286656473
0.94160000,44.286656473
0.94165000,44.286656473
0.94170000,44.286656473
0.94175000,44.286656473
0.94180000,44.286656473
0.94185000,44.286656473
0.94190000,44.286656473
0.94195000,44.286656473
0.94200000,44.286656473
0.94205000,44.286656473
0.94210000,44.286656473
0.94215000,44.286656473
0.94220000,44.286656473
0.94225000,44.286656473
0.94230000,44.286656473
0.94235000,44.286656473
0.94240000,44.286656473
0.94245000,44.286656473
0.94250000,44.286656473
0.94255000,44.286656473
0.94260000,44.286656473
0.94265000,44.286656473
0.94270000,44.286656473
0.94275000,44.286656473
0.94280000,44.286656473
0.94285000,44.286656473
0.94290000,44.286656473
0.94295000,44.286656473
0.94300000,44.286656473
0.94305000,44.286656473
0.94310000,44.286656473
0.94315000,44.286656473
0.94320000,44.286656473
0.94325000,44.286656473
0.94330000,44.286656473
0.94335000,44.286656473
0.94340000,44.286656473
0.94345000,44.286656473
0.94350000,44.286656473
0.94355000,44.286656473
0.94360000,44.286656473
0.94365000,44.286656473
0.94370000,44.286656473
0.94375000,44.286656473
0.94380000,44.286656473
0.94385000,44.286656473
0.94390000,44.286656473
0.94395000,44.286656473
0.94400000,44.286656473
0.94405000,44.286656473
0.94410000,44.286656473
0.94415000,44.286656473
0.94420000,44.286656473
0.94425000,44.286656473
0.94430000,44.286656473
0.94435000,44.286656473
0.94440000,44.286656473
0.94445000,44.286656473
0.94450000,44.286656473
0.94455000,44.286656473
0.94460000,44.286656473
0.94465000,44.286656473
0.94470000,44.286656473
0.94475000,44.286656473
0.94480000,44.286656473
0.94485000,44.286656473
0.94490000,44.286656473
0.94495000,44.286656473
0.94500000,44.286656473
0.94505000,44.286656473
0.94510000,44.286656473
0.94515000,44.286656473
0.94520000,44.286656473
0.94525000,44.286656473
0.94530000,44.286656473
0.94535000,44.286656473
0.94540000,44.286656473
0.94545000,44.286656473
0.94550000,44.286656473
0.94555000,44.286656473
0.94560000,44.286656473
0.94565000,44.286656473
0.94570000,44.286656473
0.94575000,44.286656473
0.94580000,44.286656473
0.94585000,44.286656473
0.94590000,44.286656473
0.94595000,44.286656473
0.94600000,44.286656473
0.94605000,44.286656473
0.94610000,44.286656473
0.94615000,44.286656473
0.94620000,44.286656473
0.94625000,44.286656473
0.94630000,44.286656473
0.94635000,44.286656473
0.94640000,44.286656473
0.94645000,44.286656473
0.94650000,44.286656473
0.94655000,44.286656473
0.94660000,44.286656473
0.94665000,44.286656473
0.94670000,44.286656473
0.94675000,44.286656473
0.94680000,44.286656473
0.94685000,44.286656473
0.94690000,44.286656473
0.94695000,44.286656473
0.94700000,44.286656473
0.94705000,44.286656473
0.94710000,44.286656473
0.94715000,44.286656473
0.94720000,44.286656473
0.94725000,44.286656473
0.94730000,44.286656473
0.94735000,44.286656473
0.94740000,44.286656473
0.94745000,44.286656473
0.94750000,44.286656473
0.94755000,44.286656473
0.94760000,44.286656473
0.94765000,44.286656473
0.94770000,44.286656473
0.94775000,44.286656473
0.94780000,44.286656473
0.94785000,44.286656473
0.94790000,44.286656473
0.94795000,44.286656473
0.94800000,44.286656473
0.94805000,44.286656473
0.94810000,44.286656473
0.94815000,44.286656473
0.94820000,44.286656473
0.94825000,44.286656473
0.94830000,44.286656473
0.94835000,44.286656473
0.94840000,44.286656473
0.94845000,44.286656473
0.94850000,44.286656473
0.94855000,44.286656473
0.94860000,44.286656473
0.94865000,44.286656473
0.94870000,44.286656473
0.94875000,44.286656473
0.94880000,44.286656473
0.94885000,44.286656473
0.94890000,44.286656473
0.94895000,44.286656473
0.94900000,44.286656473
0.94905000,44.286656473
0.94910000,44.286656473
0.94915000,44.286656473
0.94920000,44.286656473
0.94925000,44.286656473
0.94930000,44.286656473
0.94935000,44.286656473
0.94940000,44.286656473
0.94945000,44.286656473
0.94950000,44.286656473
0.94955000,44.286656473
0.94960000,44.286656473
0.94965000,44.286656473
0.94970000,44.286656473
0.94975000,44.286656473
0.94980000,44.286656473
0.94985000,44.286656473
0.94990000,44.286656473
0.94995000,44.286656473
0.95000000,44.286656473
0.95005000,44.286656473
0.95010000,44.286656473
0.95015000,44.286656473
0.95020000,44.286656473
0.95025000,44.286656473
0.95030000,44.286656473
0.95035000,44.286656473
0.95040000,44.286656473
0.95045000,44.286656473
0.95050000,44.286656473
0.95055000,44.286656473
0.95060000,44.286656473
0.95065000,44.286656473
0.95070000,44.286656473
0.95075000,44.286656473
0.95080000,44.286656473
0.95085000,44.286656473
0.95090000,44.286656473
0.95095000,44.286656473
0.95100000,44.286656473
0.95105000,44.286656473
0.95110000,44.286656473
0.95115000,44.286656473
0.95120000,44.286656473
0.95125000,44.286656473
0.95130000,44.286656473
0.95135000,44.286656473
0.95140000,44.286656473
0.95145000,44.286656473
0.95150000,44.286656473
0.95155000,44.286656473
0.95160000,44.286656473
0.95165000,44.286656473
0.95170000,44.286656473
0.95175000,44.286656473
0.95180000,44.286656473
0.95185000,44.286656473
0.95190000,44.286656473
0.95195000,44.286656473
0.95200000,44.286656473
0.95205000,44.286656473
0.95210000,44.286656473
0.95215000,44.286656473
0.95220000,44.286656473
0.95225000,44.286656473
0.95230000,44.286656473
0.95235000,44.286656473
0.95240000,44.286656473
0.95245000,44.286656473
0.95250000,44.286656473
0.95255000,44.286656473
0.95260000,44.286656473
0.95265000,44.286656473
0.95270000,44.286656473
0.95275000,44.286656473
0.95280000,44.286656473
0.95285000,44.286656473
0.95290000,44.286656473
0.95295000,44.286656473
0.95300000,44.286656473
0.95305000,44.286656473
0.95310000,44.286656473
0.95315000,44.286656473
0.95320000,44.286656473
0.95325000,44.286656473
0.95330000,44.286656473
0.95335000,44.286656473
0.95340000,44.286656473
0.95345000,44.286656473
0.95350000,44.286656473
0.95355000,44.286656473
0.95360000,44.286656473
0.95365000,44.286656473
0.95370000,44.286656473
0.95375000,44.286656473
0.95380000,44.286656473
0.95385000,44.286656473
0.95390000,44.286656473
0.95395000,44.286656473
0.95400000,44.286656473
0.95405000,44.286656473
0.95410000,44.286656473
0.95415000,44.286656473
0.95420000,44.286656473
0.95425000,44.286656473
0.95430000,44.286656473
0.95435000,44.286656473
0.95440000,44.286656473
0.95445000,44.286656473
0.95450000,44.286656473
0.95455000,44.286656473
0.95460000,44.286656473
0.95465000,44.286656473
0.95470000,44.286656473
0.95475000,44.286656473
0.95480000,44.286656473
0.95485000,44.286656473
0.95490000,44.286656473
0.95495000,44.286656473
0.95500000,44.286656473
0.95505000,44.286656473
0.95510000,44.286656473
0.95515000,44.286656473
0.95520000,44.286656473
0.95525000,44.286656473
0.95530000,44.286656473
0.95535000,44.286656473
0.95540000,44.286656473
0.95545000,44.286656473
0.95550000,44.286656473
0.95555000,44.286656473
0.95560000,44.286656473
0.95565000,44.286656473
0.95570000,44.286656473
0.95575000,44.286656473
0.95580000,44.286656473
0.95585000,44.286656473
0.95590000,44.286656473
0.95595000,44.286656473
0.95600000,44.286656473
0.95605000,44.286656473
0.95610000,44.286656473
0.95615000,44.286656473
0.95620000,44.286656473
0.95625000,2.533343527
0.95630000,2.533343527
0.95635000,2.533343527
0.95640000,2.533343527
0.95645000,2.533343527
0.95650000,2.533343527
0.95655000,2.533343527
0.95660000,2.533343527
0.95665000,2.533343527
0.95670000,2.533343527
0.95675000,2.533343527
0.95680000,2.533343527
0.95685000,2.533343527
0.95690000,2.533343527
0.95695000,2.533343527
0.95700000,2.533343527
0.95705000,2.533343527
0.95710000,2.533343527
0.95715000,2.533343527
0.95720000,2.533343527
0.95725000,2.533343527
0.95730000,2.533343527
0.95735000,2.533343527
0.95740000,2.533343527
0.95745000,2.533343527
0.95750000,2.533343527
0.95755000,2.533343527
0.95760000,2.533343527
0.95765000,2.533343527
0.95770000,2.533343527
0.95775000,2.533343527
0.95780000,2.533343527
0.95785000,2.533343527
0.95790000,2.533343527
0.95795000,2.533343527
0.95800000,2.533343527
0.95805000,2.533343527
0.95810000,2.533343527
0.95815000,2.533343527
0.95820000,2.533343527
0.95825000,2.533343527
0.95830000,2.533343527
0.95835000,2.533343527
0.95840000,2.533343527
0.95845000,2.533343527
0.95850000,2.533343527
0.95855000,2.533343527
0.95860000,2.533343527
0.95865000,2.533343527
0.95870000,2.533343527
0.95875000,2.533343527
0.95880000,2.533343527
0.95885000,2.533343527
0.95890000,2.533343527
0.95895000,2.533343527
0.95900000,2.533343527
0.95905000,2.533343527
0.95910000,2.533343527
0.95915000,2.533343527
0.95920000,2.533343527
0.95925000,2.533343527
0.95930000,2.533343527
0.95935000,2.533343527
0.95940000,2.533343527
0.95945000,2.533343527
0.95950000,2.533343527
0.95955000,2.533343527
0.95960000,2.533343527
0.95965000,2.533343527
0.95970000,2.533343527
0.95975000,2.533343527
0.95980000,2.533343527
0.95985000,2.533343527
0.95990000,2.533343527
0.95995000,2.533343527
0.96000000,2.533343527
0.96005000,2.533343527
0.96010000,2.533343527
0.96015000,2.533343527
0.96020000,2.533343527
0.96025000,2.533343527
0.96030000,2.533343527
0.96035000,2.533343527
0.96040000,2.533343527
0.96045000,2.533343527
0.96050000,2.533343527
0.96055000,2.533343527
0.96060000,2.533343527
0.96065000,2.533343527
0.96070000,2.533343527
0.96075000,2.533343527
0.96080000,2.533343527
0.96085000,2.533343527
0.96090000,2.533343527
0.96095000,2.533343527
0.96100000,2.533343527
0.96105000,2.533343527
0.96110000,2.533343527
0.96115000,2.533343527
0.96120000,2.533343527
0.96125000,2.533343527
0.96130000,2.533343527
0.96135000,2.533343527
0.96140000,2.533343527
0.96145000,2.533343527
0.96150000,2.533343527
0.96155000,2.533343527
0.96160000,2.533343527
0.96165000,2.533343527
0.96170000,2.533343527
0.96175000,2.533343527
0.96180000,2.533343527
0.96185000,2.533343527
0.96190000,2.533343527
0.96195000,2.533343527
0.96200000,2.533343527
0.96205000,2.533343527
0.96210000,2.533343527
0.96215000,2.533343527
0.96220000,2.533343527
0.96225000,2.533343527
0.96230000,2.533343527
0.96235000,2.533343527
0.96240000,2.533343527
0.96245000,2.533343527
0.96250000,2.533343527
0.96255000,2.533343527
0.96260000,2.533343527
0.96265000,2.533343527
0.96270000,2.533343527
0.96275000,2.533343527
0.96280000,2.533343527
0.96285000,2.533343527
0.96290000,2.533343527
0.96295000,2.533343527
0.96300000,2.533343527
0.96305000,2.533343527
0.96310000,2.533343527
0.96315000,2.533343527
0.96320000,2.533343527
0.96325000,2.533343527
0.96330000,2.533343527
0.96335000,2.533343527
0.96340000,2.533343527
0.96345000,2.533343527
0.96350000,2.533343527
0.96355000,2.533343527
0.96360000,2.533343527
0.96365000,2.533343527
0.96370000,2.533343527
0.96375000,2.533343527
0.96380000,2.533343527
0.96385000,2.533343527
0.96390000,2.533343527
0.96395000,2.533343527
0.96400000,2.533343527
0.96405000,2.533343527
0.96410000,2.533343527
0.96415000,2.533343527
0.96420000,2.533343527
0.96425000,2.533343527
0.96430000,2.533343527
0.96435000,2.533343527
0.96440000,2.533343527
0.96445000,2.533343527
0.96450000,2.533343527
0.96455000,2.533343527
0.96460000,2.533343527
0.96465000,2.533343527
0.96470000,2.533343527
0.96475000,2.533343527
0.96480000,2.533343527
0.96485000,2.533343527
0.96490000,2.533343527
0.96495000,2.533343527
0.96500000,2.533343527
0.96505000,2.533343527
0.96510000,2.533343527
0.96515000,2.533343527
0.96520000,2.533343527
0.96525000,2.533343527
0.96530000,2.533343527
0.96535000,2.533343527
0.96540000,2.533343527
0.96545000,2.533343527
0.96550000,2.533343527
0.96555000,2.533343527
0.96560000,2.533343527
0.96565000,2.533343527
0.96570000,2.533343527
0.96575000,2.533343527
0.96580000,2.533343527
0.96585000,2.533343527
0.96590000,2.533343527
0.96595000,2.533343527
0.96600000,2.533343527
0.96605000,2.533343527
0.96610000,2.533343527
0.96615000,2.533343527
0.96620000,2.533343527
0.96625000,2.533343527
0.96630000,2.533343527
0.96635000,2.533343527
0.96640000,2.533343527
0.96645000,2.533343527
0.96650000,2.533343527
0.96655000,2.533343527
0.96660000,2.533343527
0.96665000,2.533343527
0.96670000,2.533343527
0.96675000,2.533343527
0.96680000,2.533343527
0.96685000,2.533343527
0.96690000,2.533343527
0.96695000,2.533343527
0.96700000,2.533343527
0.96705000,2.533343527
0.96710000,2.533343527
0.96715000,2.533343527
0.96720000,2.533343527
0.96725000,2.533343527
0.96730000,2.533343527
0.96735000,2.533343527
0.96740000,2.533343527
0.96745000,2.533343527
0.96750000,2.533343527
0.96755000,2.533343527
0.96760000,2.533343527
0.96765000,2.533343527
0.96770000,2.533343527
0.96775000,2.533343527
0.96780000,2.533343527
0.96785000,2.533343527
0.96790000,2.533343527
0.96795000,2.533343527
0.96800000,2.533343527
0.96805000,2.533343527
0.96810000,2.533343527
0.96815000,2.533343527
0.96820000,2.533343527
0.96825000,2.533343527
0.96830000,2.533343527
0.96835000,2.533343527
0.96840000,2.533343527
0.96845000,2.533343527
0.96850000,2.533343527
0.96855000,2.533343527
0.96860000,2.533343527
0.96865000,2.533343527
0.96870000,2.533343527
0.96875000,2.533343527
0.96880000,2.533343527
0.96885000,2.533343527
0.96890000,2.533343527
0.96895000,2.533343527
0.96900000,2.533343527
0.96905000,2.533343527
0.96910000,2.533343527
0.96915000,2.533343527
0.96920000,2.533343527
0.96925000,2.533343527
0.96930000,2.533343527
0.96935000,2.533343527
0.96940000,2.533343527
0.96945000,2.533343527
0.96950000,2.533343527
0.96955000,2.533343527
0.96960000,2.533343527
0.96965000,2.533343527
0.96970000,2.533343527
0.96975000,2.533343527
0.96980000,2.533343527
0.96985000,2.533343527
0.96990000,2.533343527
0.96995000,2.533343527
0.97000000,2.533343527
0.97005000,2.533343527
0.97010000,2.533343527
0.97015000,2.533343527
0.97020000,2.533343527
0.97025000,2.533343527
0.97030000,2.533343527
0.97035000,2.533343527
0.97040000,2.533343527
0.97045000,2.533343527
0.97050000,2.533343527
0.97055000,2.533343527
0.97060000,2.533343527
0.97065000,2.533343527
0.97070000,2.533343527
0.97075000,2.533343527
0.97080000,2.533343527
0.97085000,2.533343527
0.97090000,2.533343527
0.97095000,2.533343527
0.97100000,2.533343527
0.97105000,2.533343527
0.97110000,2.533343527
0.97115000,2.533343527
0.97120000,2.533343527
0.97125000,2.533343527
0.97130000,2.533343527
0.97135000,2.533343527
0.97140000,2.533343527
0.97145000,2.533343527
0.97150000,2.533343527
0.97155000,2.533343527
0.97160000,2.533343527
0.97165000,2.533343527
0.97170000,2.533343527
0.97175000,2.533343527
0.97180000,2.533343527
0.97185000,2.533343527
0.97190000,2.533343527
0.97195000,2.533343527
0.97200000,2.533343527
0.97205000,2.533343527
0.97210000,2.533343527
0.97215000,2.533343527
0.97220000,2.533343527
0.97225000,2.533343527
0.97230000,2.533343527
0.97235000,2.533343527
0.97240000,2.533343527
0.97245000,2.533343527
0.97250000,2.533343527
0.97255000,2.533343527
0.97260000,2.533343527
0.97265000,2.533343527
0.97270000,2.533343527
0.97275000,2.533343527
0.97280000,2.533343527
0.97285000,2.533343527
0.97290000,2.533343527
0.97295000,2.533343527
0.97300000,2.533343527
0.97305000,2.533343527
0.97310000,2.533343527
0.97315000,2.533343527
0.97320000,2.533343527
0.97325000,2.533343527
0.97330000,2.533343527
0.97335000,2.533343527
0.97340000,2.533343527
0.97345000,2.533343527
0.97350000,2.533343527
0.97355000,2.533343527
0.97360000,2.533343527
0.97365000,2.533343527
0.97370000,2.533343527
0.97375000,2.533343527
0.97380000,2.533343527
0.97385000,2.533343527
0.97390000,2.533343527
0.97395000,2.533343527
0.97400000,2.533343527
0.97405000,2.533343527
0.97410000,2.533343527
0.97415000,2.533343527
0.97420000,2.533343527
0.97425000,2.533343527
0.97430000,2.533343527
0.97435000,2.533343527
0.97440000,2.533343527
0.97445000,2.533343527
0.97450000,2.533343527
0.97455000,2.533343527
0.97460000,2.533343527
0.97465000,2.533343527
0.97470000,2.533343527
0.97475000,2.533343527
0.97480000,2.533343527
0.97485000,2.533343527
0.97490000,2.533343527
0.97495000,2.533343527
0.97500000,2.533343527
0.97505000,2.533343527
0.97510000,2.533343527
0.97515000,2.533343527
0.97520000,2.533343527
0.97525000,2.533343527
0.97530000,2.533343527
0.97535000,2.533343527
0.97540000,2.533343527
0.97545000,2.533343527
0.97550000,2.533343527
0.97555000,2.533343527
0.97560000,2.533343527
0.97565000,2.533343527
0.97570000,2.533343527
0.97575000,2.533343527
0.97580000,2.533343527
0.97585000,2.533343527
0.97590000,2.533343527
0.97595000,2.533343527
0.97600000,2.533343527
0.97605000,2.533343527
0.97610000,2.533343527
0.97615000,2.533343527
0.97620000,2.533343527
0.97625000,2.533343527
0.97630000,2.533343527
0.97635000,2.533343527
0.97640000,2.533343527
0.97645000,2.533343527
0.97650000,2.533343527
0.97655000,2.533343527
0.97660000,2.533343527
0.97665000,2.533343527
0.97670000,2.533343527
0.97675000,2.533343527
0.97680000,2.533343527
0.97685000,2.533343527
0.97690000,2.533343527
0.97695000,2.533343527
0.97700000,2.533343527
0.97705000,2.533343527
0.97710000,2.533343527
0.97715000,2.533343527
0.97720000,2.533343527
0.97725000,2.533343527
0.97730000,2.533343527
0.97735000,2.533343527
0.97740000,2.533343527
0.97745000,2.533343527
0.97750000,2.533343527
0.97755000,2.533343527
0.97760000,2.533343527
0.97765000,2.533343527
0.97770000,2.533343527
0.97775000,2.533343527
0.97780000,2.533343527
0.97785000,2.533343527
0.97790000,2.533343527
0.97795000,2.533343527
0.97800000,2.533343527
0.97805000,2.533343527
0.97810000,2.533343527
0.97815000,2.533343527
0.97820000,2.533343527
0.97825000,2.533343527
0.97830000,2.533343527
0.97835000,2.533343527
0.97840000,2.533343527
0.97845000,2.533343527
0.97850000,2.533343527
0.97855000,2.533343527
0.97860000,2.533343527
0.97865000,2.533343527
0.97870000,2.533343527
0.97875000,2.533343527
0.97880000,2.533343527
0.97885000,2.533343527
0.97890000,2.533343527
0.97895000,2.533343527
0.97900000,2.533343527
0.97905000,2.533343527
0.97910000,2.533343527
0.97915000,2.533343527
0.97920000,2.533343527
0.97925000,2.533343527
0.97930000,2.533343527
0.97935000,2.533343527
0.97940000,2.533343527
0.97945000,2.533343527
0.97950000,2.533343527
0.97955000,2.533343527
0.97960000,2.533343527
0.97965000,2.533343527
0.97970000,2.533343527
0.97975000,2.533343527
0.97980000,2.533343527
0.97985000,2.533343527
0.97990000,2.533343527
0.97995000,2.533343527
0.98000000,2.533343527
0.98005000,2.533343527
0.98010000,2.533343527
0.98015000,2.533343527
0.98020000,2.533343527
0.98025000,2.533343527
0.98030000,2.533343527
0.98035000,2.533343527
0.98040000,2.533343527
0.98045000,2.533343527
0.98050000,2.533343527
0.98055000,2.533343527
0.98060000,2.533343527
0.98065000,2.533343527
0.98070000,2.533343527
0.98075000,2.533343527
0.98080000,2.533343527
0.98085000,2.533343527
0.98090000,2.533343527
0.98095000,2.533343527
0.98100000,2.533343527
0.98105000,2.533343527
0.98110000,2.533343527
0.98115000,2.533343527
0.98120000,2.533343527
0.98125000,2.533343527
0.98130000,2.533343527
0.98135000,2.533343527
0.98140000,2.533343527
0.98145000,2.533343527
0.98150000,2.533343527
0.98155000,2.533343527
0.98160000,2.533343527
0.98165000,2.533343527
0.98170000,2.533343527
0.98175000,2.533343527
0.98180000,2.533343527
0.98185000,2.533343527
0.98190000,2.533343527
0.98195000,2.533343527
0.98200000,2.533343527
0.98205000,2.533343527
0.98210000,2.533343527
0.98215000,2.533343527
0.98220000,2.533343527
0.98225000,2.533343527
0.98230000,2.533343527
0.98235000,2.533343527
0.98240000,2.533343527
0.98245000,2.533343527
0.98250000,2.533343527
0.98255000,2.533343527
0.98260000,2.533343527
0.98265000,2.533343527
0.98270000,2.533343527
0.98275000,2.533343527
0.98280000,2.533343527
0.98285000,2.533343527
0.98290000,2.533343527
0.98295000,2.533343527
0.98300000,2.533343527
0.98305000,2.533343527
0.98310000,2.533343527
0.98315000,2.533343527
0.98320000,2.533343527
0.98325000,2.533343527
0.98330000,2.533343527
0.98335000,2.533343527
0.98340000,2.533343527
0.98345000,2.533343527
0.98350000,2.533343527
0.98355000,2.533343527
0.98360000,2.533343527
0.98365000,2.533343527
0.98370000,2.533343527
0.98375000,2.533343527
0.98380000,2.533343527
0.98385000,2.533343527
0.98390000,2.533343527
0.98395000,2.533343527
0.98400000,2.533343527
0.98405000,2.533343527
0.98410000,2.533343527
0.98415000,2.533343527
0.98420000,2.533343527
0.98425000,2.533343527
0.98430000,2.533343527
0.98435000,2.533343527
0.98440000,2.533343527
0.98445000,2.533343527
0.98450000,2.533343527
0.98455000,2.533343527
0.98460000,2.533343527
0.98465000,2.533343527
0.98470000,2.533343527
0.98475000,2.533343527
0.98480000,2.533343527
0.98485000,2.533343527
0.98490000,2.533343527
0.98495000,2.533343527
0.98500000,2.533343527
0.98505000,2.533343527
0.98510000,2.533343527
0.98515000,2.533343527
0.98520000,2.533343527
0.98525000,2.533343527
0.98530000,2.533343527
0.98535000,2.533343527
0.98540000,2.533343527
0.98545000,2.533343527
0.98550000,2.533343527
0.98555000,2.533343527
0.98560000,2.533343527
0.98565000,2.533343527
0.98570000,2.533343527
0.98575000,2.533343527
0.98580000,2.533343527
0.98585000,2.533343527
0.98590000,2.533343527
0.98595000,2.533343527
0.98600000,2.533343527
0.98605000,2.533343527
0.98610000,2.533343527
0.98615000,2.533343527
0.98620000,2.533343527
0.98625000,2.533343527
0.98630000,2.533343527
0.98635000,2.533343527
0.98640000,2.533343527
0.98645000,2.533343527
0.98650000,2.533343527
0.98655000,2.533343527
0.98660000,2.533343527
0.98665000,2.533343527
0.98670000,2.533343527
0.98675000,2.533343527
0.98680000,2.533343527
0.98685000,2.533343527
0.98690000,2.533343527
0.98695000,2.533343527
0.98700000,2.533343527
0.98705000,2.533343527
0.98710000,2.533343527
0.98715000,2.533343527
0.98720000,2.533343527
0.98725000,2.533343527
0.98730000,2.533343527
0.98735000,2.533343527
0.98740000,2.533343527
0.98745000,2.533343527
0.98750000,2.533343527
0.98755000,2.533343527
0.98760000,2.533343527
0.98765000,2.533343527
0.98770000,2.533343527
0.98775000,2.533343527
0.98780000,2.533343527
0.98785000,2.533343527
0.98790000,2.533343527
0.98795000,2.533343527
0.98800000,2.533343527
0.98805000,2.533343527
0.98810000,2.533343527
0.98815000,2.533343527
0.98820000,2.533343527
0.98825000,2.533343527
0.98830000,2.533343527
0.98835000,2.533343527
0.98840000,2.533343527
0.98845000,2.533343527
0.98850000,2.533343527
0.98855000,2.533343527
0.98860000,2.533343527
0.98865000,2.533343527
0.98870000,2.533343527
0.98875000,2.533343527
0.98880000,2.533343527
0.98885000,2.533343527
0.98890000,2.533343527
0.98895000,2.533343527
0.98900000,2.533343527
0.98905000,2.533343527
0.98910000,2.533343527
0.98915000,2.533343527
0.98920000,2.533343527
0.98925000,2.533343527
0.98930000,2.533343527
0.98935000,2.533343527
0.98940000,2.533343527
0.98945000,2.533343527
0.98950000,2.533343527
0.98955000,2.533343527
0.98960000,2.533343527
0.98965000,2.533343527
0.98970000,2.533343527
0.98975000,2.533343527
0.98980000,2.533343527
0.98985000,2.533343527
0.98990000,2.533343527
0.98995000,2.533343527
0.99000000,2.533343527
0.99005000,2.533343527
0.99010000,2.533343527
0.99015000,2.533343527
0.99020000,2.533343527
0.99025000,2.533343527
0.99030000,2.533343527
0.99035000,2.533343527
0.99040000,2.533343527
0.99045000,2.533343527
0.99050000,2.533343527
0.99055000,2.533343527
0.99060000,2.533343527
0.99065000,2.533343527
0.99070000,2.533343527
0.99075000,2.533343527
0.99080000,2.533343527
0.99085000,2.533343527
0.99090000,2.533343527
0.99095000,2.533343527
0.99100000,2.533343527
0.99105000,2.533343527
0.99110000,2.533343527
0.99115000,2.533343527
0.99120000,2.533343527
0.99125000,2.533343527
0.99130000,2.533343527
0.99135000,2.533343527
0.99140000,2.533343527
0.99145000,2.533343527
0.99150000,2.533343527
0.99155000,2.533343527
0.99160000,2.533343527
0.99165000,2.533343527
0.99170000,2.533343527
0.99175000,2.533343527
0.99180000,2.533343527
0.99185000,2.533343527
0.99190000,2.533343527
0.99195000,2.533343527
0.99200000,2.533343527
0.99205000,2.533343527
0.99210000,2.533343527
0.99215000,2.533343527
0.99220000,2.533343527
0.99225000,2.533343527
0.99230000,2.533343527
0.99235000,2.533343527
0.99240000,2.533343527
0.99245000,2.533343527
0.99250000,2.533343527
0.99255000,2.533343527
0.99260000,2.533343527
0.99265000,2.533343527
0.99270000,2.533343527
0.99275000,2.533343527
0.99280000,2.533343527
0.99285000,2.533343527
0.99290000,2.533343527
0.99295000,2.533343527
0.99300000,2.533343527
0.99305000,2.533343527
0.99310000,2.533343527
0.99315000,2.533343527
0.99320000,2.533343527
0.99325000,2.533343527
0.99330000,2.533343527
0.99335000,2.533343527
0.99340000,2.533343527
0.99345000,2.533343527
0.99350000,2.533343527
0.99355000,2.533343527
0.99360000,2.533343527
0.99365000,2.533343527
0.99370000,2.533343527
0.99375000,2.533343527
0.99380000,2.533343527
0.99385000,2.533343527
0.99390000,2.533343527
0.99395000,2.533343527
0.99400000,2.533343527
0.99405000,2.533343527
0.99410000,2.533343527
0.99415000,2.533343527
0.99420000,2.533343527
0.99425000,2.533343527
0.99430000,2.533343527
0.99435000,2.533343527
0.99440000,2.533343527
0.99445000,2.533343527
0.99450000,2.533343527
0.99455000,2.533343527
0.99460000,2.533343527
0.99465000,2.533343527
0.99470000,2.533343527
0.99475000,2.533343527
0.99480000,2.533343527
0.99485000,2.533343527
0.99490000,2.533343527
0.99495000,2.533343527
0.99500000,2.533343527
0.99505000,2.533343527
0.99510000,2.533343527
0.99515000,2.533343527
0.99520000,2.533343527
0.99525000,2.533343527
0.99530000,2.533343527
0.99535000,2.533343527
0.99540000,2.533343527
0.99545000,2.533343527
0.99550000,2.533343527
0.99555000,2.533343527
0.99560000,2.533343527
0.99565000,2.533343527
0.99570000,2.533343527
0.99575000,2.533343527
0.99580000,2.533343527
0.99585000,2.533343527
0.99590000,2.533343527
0.99595000,2.533343527
0.99600000,2.533343527
0.99605000,2.533343527
0.99610000,2.533343527
0.99615000,2.533343527
0.99620000,2.533343527
0.99625000,2.533343527
0.99630000,2.533343527
0.99635000,2.533343527
0.99640000,2.533343527
0.99645000,2.533343527
0.99650000,2.533343527
0.99655000,2.533343527
0.99660000,2.533343527
0.99665000,2.533343527
0.99670000,2.533343527
0.99675000,2.533343527
0.99680000,2.533343527
0.99685000,2.533343527
0.99690000,2.533343527
0.99695000,2.533343527
0.99700000,2.533343527
0.99705000,2.533343527
0.99710000,2.533343527
0.99715000,2.533343527
0.99720000,2.533343527
0.99725000,2.533343527
0.99730000,2.533343527
0.99735000,2.533343527
0.99740000,2.533343527
0.99745000,2.533343527
0.99750000,2.533343527
0.99755000,2.533343527
0.99760000,2.533343527
0.99765000,2.533343527
0.99770000,2.533343527
0.99775000,2.533343527
0.99780000,2.533343527
0.99785000,2.533343527
0.99790000,2.533343527
0.99795000,2.533343527
0.99800000,2.533343527
0.99805000,2.533343527
0.99810000,2.533343527
0.99815000,2.533343527
0.99820000,2.533343527
0.99825000,2.533343527
0.99830000,2.533343527
0.99835000,2.533343527
0.99840000,2.533343527
0.99845000,2.533343527
0.99850000,2.533343527
0.99855000,2.533343527
0.99860000,2.533343527
0.99865000,2.533343527
0.99870000,2.533343527
0.99875000,2.533343527
0.99880000,2.533343527
0.99885000,2.533343527
0.99890000,2.533343527
0.99895000,2.533343527
0.99900000,2.533343527
0.99905000,2.533343527
0.99910000,2.533343527
0.99915000,2.533343527
0.99920000,2.533343527
0.99925000,2.533343527
0.99930000,2.533343527
0.99935000,2.533343527
0.99940000,2.533343527
0.99945000,2.533343527
0.99950000,2.533343527
0.99955000,2.533343527
0.99960000,2.533343527
0.99965000,2.533343527
0.99970000,2.533343527
0.99975000,2.533343527
0.99980000,2.533343527
0.99985000,2.533343527
0.99990000,2.533343527
0.99995000,2.533343527
1.00000000,2.533343527
