t_s,H_m,H_boundary_m
0.00000000,23.036370911,23.033428949
0.00004395,23.036536028,23.033486425
0.00008789,23.036657558,23.033544220
0.00013184,23.036748466,23.033602344
0.00017578,23.036818101,23.033660804
0.00021973,23.036873192,23.033719606
0.00026367,23.036918579,23.033778756
0.00030762,23.036957735,23.033838259
0.00035156,23.036993145,23.033898119
0.00039551,23.037026577,23.033958339
0.00043945,23.037059283,23.034018924
0.00048340,23.037092138,23.034079878
0.00052734,23.037125748,23.034141204
0.00057129,23.037160520,23.034202906
0.00061523,23.037196711,23.034264986
0.00065918,23.037234447,23.034327449
0.00070312,23.037273768,23.034390298
0.00074707,23.037314687,23.034453536
0.00079102,23.037357197,23.034517166
0.00083496,23.037401103,23.034581191
0.00087891,23.037446141,23.034645615
0.00092285,23.037492514,23.034710441
0.00096680,23.037540359,23.034775673
0.00101074,23.037589756,23.034841314
0.00105469,23.037640737,23.034907368
0.00109863,23.037693296,23.034973839
0.00114258,23.037747402,23.035040730
0.00118652,23.037803005,23.035108045
0.00123047,23.037860041,23.035175787
0.00127441,23.037918423,23.035243960
0.00131836,23.037978030,23.035312568
0.00136230,23.038038760,23.035381615
0.00140625,23.038100539,23.035451104
0.00145020,23.038163310,23.035521039
0.00149414,23.038227027,23.035591423
0.00153809,23.038291655,23.035662262
0.00158203,23.038357158,23.035733558
0.00162598,23.038423496,23.035805316
0.00166992,23.038490624,23.035877539
0.00171387,23.038558497,23.035950232
0.00175781,23.038627075,23.036023398
0.00180176,23.038696321,23.036097043
0.00184570,23.038766204,23.036171169
0.00188965,23.038836696,23.036245781
0.00193359,23.038907775,23.036320884
0.00197754,23.038979422,23.036396481
0.00202148,23.039051622,23.036472578
0.00206543,23.039124365,23.036549177
0.00210938,23.039197643,23.036626285
0.00215332,23.039271448,23.036703905
0.00219727,23.039345772,23.036782042
0.00224121,23.039420610,23.036860700
0.00228516,23.039495954,23.036939884
0.00232910,23.039571797,23.037019599
0.00237305,23.039648136,23.037099850
0.00241699,23.039724967,23.037180641
0.00246094,23.039802289,23.037261977
0.00250488,23.039880102,23.037343863
0.00254883,23.039958406,23.037426305
0.00259277,23.040037204,23.037509306
0.00263672,23.040116498,23.037592872
0.00268066,23.040196293,23.037677009
0.00272461,23.040276592,23.037761721
0.00276855,23.040357399,23.037847014
0.00281250,23.040438721,23.037932893
0.00285645,23.040520560,23.038019364
0.00290039,23.040602925,23.038106431
0.00294434,23.040685819,23.038194101
0.00298828,23.040769251,23.038282378
0.00303223,23.040853226,23.038371269
0.00307617,23.040937752,23.038460780
0.00312012,23.041022836,23.038550915
0.00316406,23.041108484,23.038641681
0.00320801,23.041194704,23.038733084
0.00325195,23.041281503,23.038825130
0.00329590,23.041368886,23.038917824
0.00333984,23.041456861,23.039011174
0.00338379,23.041545434,23.039105184
0.00342773,23.041634611,23.039199861
0.00347168,23.041724398,23.039295213
0.00351562,23.041814800,23.039391244
0.00355957,23.041905825,23.039487962
0.00360352,23.041997477,23.039585372
0.00364746,23.042089762,23.039683483
0.00369141,23.042182686,23.039782300
0.00373535,23.042276256,23.039881830
0.00377930,23.042370477,23.039982080
0.00382324,23.042465355,23.040083057
0.00386719,23.042560896,23.040184769
0.00391113,23.042657106,23.040287221
0.00395508,23.042753993,23.040390422
0.00399902,23.042851563,23.040494378
0.00404297,23.042949822,23.040599098
0.00408691,23.043048778,23.040704588
0.00413086,23.043148438,23.040810857
0.00417480,23.043248809,23.040917911
0.00421875,23.043349900,23.041025759
0.00426270,23.043451717,23.041134408
0.00430664,23.043554269,23.041243867
0.00435059,23.043657563,23.041354143
0.00439453,23.043761609,23.041465245
0.00443848,23.043866413,23.041577181
0.00448242,23.043971985,23.041689959
0.00452637,23.044078332,23.041803588
0.00457031,23.044185463,23.041918075
0.00461426,23.044293387,23.042033431
0.00465820,23.044402111,23.042149664
0.00470215,23.044511645,23.042266783
0.00474609,23.044621997,23.042384796
0.00479004,23.044733175,23.042503713
0.00483398,23.044845188,23.042623543
0.00487793,23.044958044,23.042744295
0.00492188,23.045071753,23.042865980
0.00496582,23.045186323,23.042988605
0.00500977,23.045301762,23.043112183
0.00505371,23.045418079,23.043236721
0.00509766,23.045535284,23.043362231
0.00514160,23.045653385,23.043488721
0.00518555,23.045772391,23.043616204
0.00522949,23.045892312,23.043744688
0.00527344,23.046013157,23.043874184
0.00531738,23.046134935,23.044004704
0.00536133,23.046257657,23.044136257
0.00540527,23.046381331,23.044268856
0.00544922,23.046505967,23.044402510
0.00549316,23.046631576,23.044537231
0.00553711,23.046758168,23.044673031
0.00558105,23.046885753,23.044809921
0.00562500,23.047014342,23.044947913
0.00566895,23.047143944,23.045087018
0.00571289,23.047274572,23.045227249
0.00575684,23.047406235,23.045368618
0.00580078,23.047538945,23.045511136
0.00584473,23.047672712,23.045654818
0.00588867,23.047807549,23.045799675
0.00593262,23.047943467,23.045945719
0.00597656,23.048080477,23.046092966
0.00602051,23.048218591,23.046241426
0.00606445,23.048357820,23.046391114
0.00610840,23.048498178,23.046542044
0.00615234,23.048639676,23.046694228
0.00619629,23.048782326,23.046847682
0.00624023,23.048926141,23.047002419
0.00628418,23.049071134,23.047158453
0.00632812,23.049217317,23.047315800
0.00637207,23.049364703,23.047474473
0.00641602,23.049513307,23.047634488
0.00645996,23.049663140,23.047795860
0.00650391,23.049814217,23.047958604
0.00654785,23.049966552,23.048122736
0.00659180,23.050120157,23.048288272
0.00663574,23.050275048,23.048455228
0.00667969,23.050431239,23.048623619
0.00672363,23.050588745,23.048793463
0.00676758,23.050747579,23.048964777
0.00681152,23.050907758,23.049137577
0.00685547,23.051069296,23.049311880
0.00689941,23.051232209,23.049487704
0.00694336,23.051396512,23.049665067
0.00698730,23.051562221,23.049843987
0.00703125,23.051729353,23.050024481
0.00707520,23.051897924,23.050206569
0.00711914,23.052067950,23.050390270
0.00716309,23.052239448,23.050575602
0.00720703,23.052412435,23.050762585
0.00725098,23.052586929,23.050951238
0.00729492,23.052762946,23.051141581
0.00733887,23.052940506,23.051333635
0.00738281,23.053119625,23.051527421
0.00742676,23.053300323,23.051722958
0.00747070,23.053482617,23.051920268
0.00751465,23.053666527,23.052119374
0.00755859,23.053852072,23.052320295
0.00760254,23.054039272,23.052523056
0.00764648,23.054228145,23.052727677
0.00769043,23.054418712,23.052934183
0.00773437,23.054610993,23.053142595
0.00777832,23.054805009,23.053352939
0.00782227,23.055000781,23.053565237
0.00786621,23.055198329,23.053779513
0.00791016,23.055397677,23.053995794
0.00795410,23.055598844,23.054214103
0.00799805,23.055801855,23.054434466
0.00804199,23.056006730,23.054656909
0.00808594,23.056213494,23.054881458
0.00812988,23.056422169,23.055108140
0.00817383,23.056632779,23.055336981
0.00821777,23.056845348,23.055568010
0.00826172,23.057059901,23.055801255
0.00830566,23.057276462,23.056036743
0.00834961,23.057495056,23.056274503
0.00839355,23.057715708,23.056514565
0.00843750,23.057938446,23.056756959
0.00848145,23.058163294,23.057001715
0.00852539,23.058390280,23.057248864
0.00856934,23.058619432,23.057498437
0.00861328,23.058850776,23.057750465
0.00865723,23.059084341,23.058004981
0.00870117,23.059320155,23.058262019
0.00874512,23.059558247,23.058521610
0.00878906,23.059798646,23.058783790
0.00883301,23.060041383,23.059048592
0.00887695,23.060286489,23.059316053
0.00892090,23.060533993,23.059586206
0.00896484,23.060783927,23.059859090
0.00900879,23.061036323,23.060134740
0.00905273,23.061291214,23.060413194
0.00909668,23.061548632,23.060694490
0.00914062,23.061808611,23.060978667
0.00918457,23.062071185,23.061265765
0.00922852,23.062336389,23.061555823
0.00927246,23.062604258,23.061848882
0.00931641,23.062874828,23.062144985
0.00936035,23.063148135,23.062444172
0.00940430,23.063424216,23.062746488
0.00944824,23.063703109,23.063051975
0.00949219,23.063984853,23.063360679
0.00953613,23.064269485,23.063672645
0.00958008,23.064557046,23.063987918
0.00962402,23.064847576,23.064306546
0.00966797,23.065141117,23.064628576
0.00971191,23.065437709,23.064954057
0.00975586,23.065737395,23.065283038
0.00979980,23.066040219,23.065615570
0.00984375,23.066346224,23.065951704
0.00988770,23.066655455,23.066291492
0.00993164,23.066967958,23.066634987
0.00997559,23.067283778,23.066982243
0.01001953,23.067602964,23.067333316
0.01006348,23.067925562,23.067688261
0.01010742,23.068251622,23.068047135
0.01015137,23.068581194,23.068409998
0.01019531,23.068914327,23.068776907
0.01023926,23.069251074,23.069147923
0.01028320,23.069591487,23.069523109
0.01032715,23.069935619,23.069902525
0.01037109,23.070283525,23.070286237
0.01041504,23.070635376,23.070674310
0.01045898,23.070992636,23.071066817
0.01050293,23.071354990,23.071463825
0.01054687,23.071722198,23.071865402
0.01059082,23.072094084,23.072271618
0.01063477,23.072470523,23.072682544
0.01067871,23.072851431,23.073098253
0.01072266,23.073236756,23.073518818
0.01076660,23.073626476,23.073944316
0.01081055,23.074020588,23.074374823
0.01085449,23.074419109,23.074810417
0.01089844,23.074822067,23.075251180
0.01094238,23.075229501,23.075697192
0.01098633,23.075641462,23.076148538
0.01103027,23.076058005,23.076605302
0.01107422,23.076479192,23.077067571
0.01111816,23.076905090,23.077535434
0.01116211,23.077335770,23.078008981
0.01120605,23.077771306,23.078488305
0.01125000,23.078211777,23.078973499
0.01129395,23.078657263,23.079464660
0.01133789,23.079107848,23.079961885
0.01138184,23.079563617,23.080465276
0.01142578,23.080024660,23.080974933
0.01146973,23.080491068,23.081490961
0.01151367,23.080962933,23.082013468
0.01155762,23.081440351,23.082542560
0.01160156,23.081923421,23.083078350
0.01164551,23.082412242,23.083620951
0.01168945,23.082906918,23.084170478
0.01173340,23.083407551,23.084727050
0.01177734,23.083914251,23.085290787
0.01182129,23.084427125,23.085861813
0.01186523,23.084946285,23.086440254
0.01190918,23.085471844,23.087026239
0.01195313,23.086003920,23.087619899
0.01199707,23.086542629,23.088221369
0.01204102,23.087088093,23.088830785
0.01208496,23.087640433,23.089448290
0.01212891,23.088199777,23.090074025
0.01217285,23.088766250,23.090708138
0.01221680,23.089339982,23.091350779
0.01226074,23.089921108,23.092002102
0.01230469,23.090509761,23.092662263
0.01234863,23.091106079,23.093331422
0.01239258,23.091710203,23.094009744
0.01243652,23.092322275,23.094697397
0.01248047,23.092942442,23.095394552
0.01252441,23.093570853,23.096101385
0.01256836,23.094207660,23.096818076
0.01261230,23.094853017,23.097544809
0.01265625,23.095507084,23.098281772
0.01270020,23.096170021,23.099029157
0.01274414,23.096841994,23.099787162
0.01278809,23.097523171,23.100555989
0.01283203,23.098213725,23.101335845
0.01287598,23.098913832,23.102126940
0.01291992,23.099624079,23.102929496
0.01296387,23.100345101,23.103743738
0.01300781,23.101077028,23.104569894
0.01305176,23.101819941,23.105408196
0.01309570,23.102573899,23.106258885
0.01313965,23.103336640,23.107122184
0.01318359,23.104108443,23.107998343
0.01322754,23.104889910,23.108887620
0.01327148,23.105682303,23.109790279
0.01331543,23.106486583,23.110706590
0.01335937,23.107302895,23.111636827
0.01340332,23.108131526,23.112581276
0.01344727,23.108972877,23.113540227
0.01349121,23.109827262,23.114513980
0.01353516,23.110694949,23.115502842
0.01357910,23.111576184,23.116507127
0.01362305,23.112471205,23.117527156
0.01366699,23.113380254,23.118563260
0.01371094,23.114303594,23.119615779
0.01375488,23.115241506,23.120685061
0.01379883,23.116194293,23.121771463
0.01384277,23.117162274,23.122875353
0.01388672,23.118145782,23.123997108
0.01393066,23.119145149,23.125137116
0.01397461,23.120160789,23.126295776
0.01401855,23.121193136,23.127473497
0.01406250,23.122242609,23.128670701
0.01410645,23.123309605,23.129887820
0.01415039,23.124394492,23.131125298
0.01419434,23.125497623,23.132383592
0.01423828,23.126619335,23.133663172
0.01428223,23.127759956,23.134964519
0.01432617,23.128919818,23.136288128
0.01437012,23.130099264,23.137634509
0.01441406,23.131298659,23.139004187
0.01445801,23.132518390,23.140397701
0.01450195,23.133758862,23.141815606
0.01454590,23.135020503,23.143258473
0.01458984,23.136303768,23.144726892
0.01463379,23.137609089,23.146221466
0.01467773,23.138936887,23.147742820
0.01472168,23.140287590,23.149291594
0.01476562,23.141661651,23.150868449
0.01480957,23.143059550,23.152474067
0.01485352,23.144481803,23.154109147
0.01489746,23.145928953,23.155774414
0.01494141,23.147401581,23.157470612
0.01498535,23.148900301,23.159198511
0.01502930,23.150425760,23.160958904
0.01507324,23.151978642,23.162752608
0.01511719,23.153559658,23.164580468
0.01516113,23.155169548,23.166443354
0.01520508,23.156809076,23.168342167
0.01524902,23.158479031,23.170277833
0.01529297,23.160180217,23.172251312
0.01533691,23.161913461,23.174263594
0.01538086,23.163679605,23.176315699
0.01542480,23.165479511,23.178408685
0.01546875,23.167314059,23.180543642
0.01551270,23.169184152,23.182721697
0.01555664,23.171090718,23.184944016
0.01560059,23.173034712,23.187211804
0.01564453,23.175017117,23.189526307
0.01568848,23.177038945,23.191888815
0.01573242,23.179101234,23.194300659
0.01577637,23.181205050,23.196763221
0.01582031,23.183351490,23.199277928
0.01586426,23.185541682,23.201846260
0.01590820,23.187776788,23.204469746
0.01595215,23.190058004,23.207149974
0.01599609,23.192386567,23.209888585
0.01604004,23.194763756,23.212687283
0.01608398,23.197190897,23.215547832
0.01612793,23.199669364,23.218472062
0.01617187,23.202200585,23.221461871
0.01621582,23.204786045,23.224519227
0.01625977,23.207427287,23.227646174
0.01630371,23.210125917,23.230844832
0.01634766,23.212883606,23.234117403
0.01639160,23.215702092,23.237466173
0.01643555,23.218583183,23.240893520
0.01647949,23.221528757,23.244401910
0.01652344,23.224540768,23.247993911
0.01656738,23.227621247,23.251672192
0.01661133,23.230772303,23.255439527
0.01665527,23.233996130,23.259298804
0.01669922,23.237295007,23.263253028
0.01674316,23.240671302,23.267305328
0.01678711,23.244127478,23.271458962
0.01683105,23.247666092,23.275717325
0.01687500,23.251289804,23.280083952
0.01691895,23.255001380,23.284562531
0.01696289,23.258803692,23.289156906
0.01700684,23.262699731,23.293871088
0.01705078,23.266692604,23.298709260
0.01709473,23.270785547,23.303675792
0.01713867,23.274981924,23.308775243
0.01718262,23.279285241,23.314012379
0.01722656,23.283699148,23.319392177
0.01727051,23.288227452,23.324919844
0.01731445,23.292874119,23.330600821
0.01735840,23.297643288,23.336440803
0.01740234,23.302539281,23.342445750
0.01744629,23.307566611,23.348621902
0.01749023,23.312729992,23.354975796
0.01753418,23.318034355,23.361514281
0.01757812,23.323484855,23.368244538
0.01762207,23.329086889,23.375174100
0.01766602,23.334846106,23.382310868
0.01770996,23.340768421,23.389663140
0.01775391,23.346860034,23.397239629
0.01779785,23.353127445,23.405049490
0.01784180,23.359577469,23.413102349
0.01788574,23.366217257,23.421408328
0.01792969,23.373047292,23.429977950
0.01797363,23.380075463,23.438822416
0.01801758,23.387310613,23.447953539
0.01806152,23.394761932,23.457383768
0.01810547,23.402438986,23.467126230
0.01814941,23.410351736,23.477194772
0.01819336,23.418510574,23.487604013
0.01823730,23.426926353,23.498369392
0.01828125,23.435610428,23.509507224
0.01832520,23.444574695,23.521034761
0.01836914,23.453831631,23.532970256
0.01841309,23.463394345,23.545333035
0.01845703,23.473276625,23.558143570
0.01850098,23.483492990,23.571423560
0.01854492,23.494058747,23.585196025
0.01858887,23.504990049,23.599485400
0.01863281,23.516303959,23.614317636
0.01867676,23.528018518,23.629720318
0.01872070,23.540152820,23.645722791
0.01876465,23.552727086,23.662356286
0.01880859,23.565762752,23.679654074
0.01885254,23.579282561,23.697651626
0.01889648,23.593310659,23.716386783
0.01894043,23.607872700,23.735899948
0.01898437,23.622995968,23.756234299
0.01902832,23.638709497,23.777436013
0.01907227,23.655044209,23.799554517
0.01911621,23.672033068,23.822642766
0.01916016,23.689711232,23.846757542
0.01920410,23.708116242,23.871959787
0.01924805,23.727288209,23.898314970
0.01929199,23.747270026,23.925893488
0.01933594,23.768107608,23.954771114
0.01937988,23.789850137,23.985029489
0.01942383,23.812550355,24.016756663
0.01946777,23.836264861,24.050047703
0.01951172,23.861054462,24.085005358
0.01955566,23.886984542,24.121740808
0.01959961,23.914125481,24.160374486
0.01964355,23.942553112,24.201037003
0.01968750,23.972349230,24.243870177
0.01973145,24.003602157,24.289028177
0.01977539,24.036407366,24.336678815
0.01981934,24.070868180,24.387004981
0.01986328,24.107096545,24.440206263
0.01990723,24.145213898,24.496500763
0.01995117,24.185352129,24.556127138
0.01999512,24.227654667,24.619346914
0.02003906,24.272277684,24.686447083
0.02008301,24.319391458,24.757743052
0.02012695,24.369181897,24.833581980
0.02017090,24.421852256,24.914346569
0.02021484,24.477625075,25.000459362
0.02025879,24.536744362,25.092387655
0.02030273,24.599478071,25.190649085
0.02034668,24.666120897,25.295818016
0.02039062,24.736997457,25.408532858
0.02043457,24.812465905,25.529504439
0.02047852,24.892922042,25.659525629
0.02052246,24.978804011,25.799482401
0.02056641,25.070597654,25.950366569
0.02061035,25.168842646,26.113290474
0.02065430,25.274139524,26.289503941
0.02069824,25.387157750,26.480413886
0.02074219,25.508644991,26.687607002
0.02078613,25.639437789,26.912876029
0.02083008,25.780473870,27.158250209
0.02087402,25.932806340,27.426030588
0.02091797,26.097620089,27.718830942
0.02096191,26.276250751,28.039625219
0.02100586,26.470206639,28.391802470
0.02104980,26.681194122,28.779230371
0.02109375,26.911146983,29.206328536
0.02113770,27.162260369,29.678152856
0.02118164,27.437030010,30.200492176
0.02122559,27.738297450,30.779978510
0.02126953,28.069302092,31.424211883
0.02131348,28.433740893,32.141900511
0.02135742,28.835836549,32.943016522
0.02140137,29.280414940,33.838966540
0.02144531,29.772992510,34.842775274
0.02148926,30.319873975,35.969278593
0.02153320,30.928260425,37.235320492
0.02157715,31.605669531,38.659183825
0.02162109,32.361527590,40.262157219
0.02166504,33.206563806,42.068096647
0.02170898,34.152870260,44.103449627
0.02175293,35.214046761,46.397296566
0.02179688,36.405335569,48.981312188
0.02184082,37.743739747,51.889632559
0.02188477,39.248117863,55.158618472
0.02192871,40.939247249,58.826513785
0.02197266,42.839848424,62.933007265
0.02201660,44.974564506,65.696692305
0.02206055,47.196799326,65.617825636
0.02210449,49.230661745,65.558923761
0.02214844,51.095523003,65.531000368
0.02219238,52.801476159,65.532912562
0.02223633,54.275160099,65.472454223
0.02228027,55.537417125,65.349629879
0.02232422,56.619794028,65.232306746
0.02236816,57.553038413,65.124088117
0.02241211,58.362978409,65.026185196
0.02245605,59.071032064,64.940572134
0.02250000,59.694890338,64.869277495
0.02254395,60.255780660,64.828520727
0.02258789,60.773431075,64.835356652
0.02263184,61.253537681,64.879533453
0.02267578,61.700131659,64.951881321
0.02271973,62.116077064,65.044389689
0.02276367,62.503447606,65.150218476
0.02280762,62.863765213,65.263620181
0.02285156,63.198159888,65.379782830
0.02289551,63.507517193,65.494746468
0.02293945,63.793033165,65.605773352
0.02298340,64.056552875,65.711989885
0.02302734,64.299957083,65.813382573
0.02307129,64.524734057,65.909672720
0.02311523,64.732055664,66.000406786
0.02315918,64.922847705,66.085036256
0.02320312,65.097853139,66.162985685
0.02324707,65.257687388,66.233708361
0.02329102,65.402885395,66.296729788
0.02333496,65.533940758,66.351679950
0.02337891,65.651336924,66.398315299
0.02342285,65.755591021,66.436551097
0.02346680,65.847310694,66.466526643
0.02351074,65.927208748,66.488623966
0.02355469,65.996079909,66.503406372
0.02359863,66.054777231,66.511564025
0.02364258,66.104189250,66.513866700
0.02368652,66.145218708,66.511123600
0.02373047,66.178763388,66.504149943
0.02377441,66.205699394,66.493739915
0.02381836,66.226861713,66.480640133
0.02386230,66.243028689,66.465524090
0.02390625,66.254920487,66.448990379
0.02395020,66.263203110,66.431573420
0.02399414,66.268490973,66.413750287
0.02403809,66.271348338,66.395944710
0.02408203,66.272289948,66.378529129
0.02412598,66.271781187,66.361825584
0.02416992,66.270238054,66.346106048
0.02421387,66.268027199,66.331592691
0.02425781,66.265466208,66.318458408
0.02430176,66.262824283,66.306827852
0.02434570,66.260322866,66.296778576
0.02438965,66.258125638,66.288331135
0.02443359,66.256306709,66.281406517
0.02447754,66.254880939,66.275835326
0.02452148,66.253853240,66.271466968
0.02456543,66.253220652,66.268166950
0.02460937,66.252973968,66.265814572
0.02465332,66.253099049,66.264301003
0.02469727,66.253577893,66.263527685
0.02474121,66.254389510,66.263405034
0.02478516,66.255510638,66.263851319
0.02482910,66.256916320,66.264791734
0.02487305,66.258580415,66.266157631
0.02491699,66.260478064,66.267968451
0.02496094,66.262593670,66.270232660
0.02500488,66.264923957,66.272871626
0.02504883,66.267484377,66.275802948
0.02509277,66.270226378,66.278942194
0.02513672,66.273105601,66.282217339
0.02518066,66.276082155,66.285567790
0.02522461,66.279120724,66.288943374
0.02526855,66.282190559,66.292303351
0.02531250,66.285265359,66.295615423
0.02535645,66.288323064,66.298854759
0.02540039,66.291345579,66.302003046
0.02544434,66.294318442,66.305047565
0.02548828,66.297230465,66.307980316
0.02553223,66.300073344,66.310797188
0.02557617,66.302841267,66.313497199
0.02562012,66.305530525,66.316081791
0.02566406,66.308139145,66.318554211
0.02570801,66.310666536,66.320918961
0.02575195,66.313113171,66.323181330
0.02579590,66.315480302,66.325346994
0.02583984,66.317769704,66.327421692
0.02588379,66.319983458,66.329410966
0.02592773,66.322123766,66.331319961
0.02597168,66.324192802,66.333153273
0.02601563,66.326192596,66.334914859
0.02605957,66.328124940,66.336607976
0.02610352,66.329991334,66.338235170
0.02614746,66.331792951,66.339798293
0.02619141,66.333530627,66.341298545
0.02623535,66.335204872,66.342736547
0.02627930,66.336815901,66.344112427
0.02632324,66.338363631,66.345425876
0.02636719,66.339849032,66.346675211
0.02641113,66.341269998,66.347856029
0.02645508,66.342624017,66.348964316
0.02649902,66.343908739,66.349996680
0.02654297,66.345128509,66.350964447
0.02658691,66.346280365,66.351861396
0.02663086,66.347360037,66.352679096
0.02667480,66.348364167,66.353411881
0.02671875,66.349290424,66.354056651
0.02676270,66.350137594,66.354612696
0.02680664,66.350905634,66.355081517
0.02685059,66.351595692,66.355466629
0.02689453,66.352214489,66.355782926
0.02693848,66.352768934,66.356043700
0.02698242,66.353263355,66.356255070
0.02702637,66.353702602,66.356423753
0.02707031,66.354091983,66.356556972
0.02711426,66.354437165,66.356662243
0.02715820,66.354744058,66.356747173
0.02720215,66.355018766,66.356821557
0.02724609,66.355267651,66.356892909
0.02729004,66.355496911,66.356965942
0.02733398,66.355712275,66.357045086
0.02737793,66.355919036,66.357134469
0.02742187,66.356122167,66.357242160
0.02746582,66.356326674,66.357373198
0.02750977,66.356537189,66.357531601
0.02755371,66.356757894,66.357720661
0.02759766,66.356992490,66.357942954
0.02764160,66.357245155,66.358200250
0.02768555,66.357521833,66.358492983
0.02772949,66.357822370,66.358819585
0.02777344,66.358141510,66.359167945
0.02781738,66.358473685,66.359526258
0.02786133,66.358823507,66.359904803
0.02790527,66.359194486,66.360310482
0.02794922,66.359586999,66.360743200
0.02799316,66.360001094,66.361202402
0.02803711,66.360436519,66.361687139
0.02808105,66.360892741,66.362196120
0.02812500,66.361368989,66.362727773
0.02816895,66.361864276,66.363280310
0.02821289,66.362377446,66.363851778
0.02825684,66.362907199,66.364440114
0.02830078,66.363452134,66.365043198
0.02834473,66.364013346,66.365664449
0.02838867,66.364593967,66.366311220
0.02843262,66.365191897,66.366979184
0.02847656,66.365803916,66.367662054
0.02852051,66.366426907,66.368354240
0.02856445,66.367057932,66.369050878
0.02860840,66.367694286,66.369747818
0.02865234,66.368333535,66.370441604
0.02869629,66.368973539,66.371129441
0.02874023,66.369612464,66.371809163
0.02878418,66.370248814,66.372479233
0.02882812,66.370881389,66.373138631
0.02887207,66.371509251,66.373786751
0.02891602,66.372131685,66.374423315
0.02895996,66.372748152,66.375048283
0.02900391,66.373358218,66.375661676
0.02904785,66.373961623,66.376263745
0.02909180,66.374558292,66.376854985
0.02913574,66.375148302,66.377436059
0.02917969,66.375730709,66.378005429
0.02922363,66.376305436,66.378563515
0.02926758,66.376872946,66.379111761
0.02931152,66.377433702,66.379651414
0.02935547,66.377988182,66.380183609
0.02939941,66.378536868,66.380709383
0.02944336,66.379080209,66.381229615
0.02948730,66.379618611,66.381745041
0.02953125,66.380152437,66.382256271
0.02957520,66.380682011,66.382763804
0.02961914,66.381207614,66.383268040
0.02966309,66.381729477,66.383769257
0.02970703,66.382247840,66.384267746
0.02975098,66.382763239,66.384764443
0.02979492,66.383276181,66.385260194
0.02983887,66.383786679,66.385754763
0.02988281,66.384294731,66.386247937
0.02992676,66.384800325,66.386739526
0.02997070,66.385303433,66.387229347
0.03001465,66.385804022,66.387717232
0.03005859,66.386302050,66.388203025
0.03010254,66.386797474,66.388686588
0.03014648,66.387290255,66.389167798
0.03019043,66.387780357,66.389646559
0.03023437,66.388267755,66.390122795
0.03027832,66.388752435,66.390596459
0.03032227,66.389234395,66.391067526
0.03036621,66.389713651,66.391536000
0.03041016,66.390190235,66.392001919
0.03045410,66.390664200,66.392465347
0.03049805,66.391135619,66.392926376
0.03054199,66.391604562,66.393385109
0.03058594,66.392071096,66.393841617
0.03062988,66.392535308,66.394296005
0.03067383,66.392997301,66.394748405
0.03071777,66.393457188,66.395198960
0.03076172,66.393915090,66.395647818
0.03080566,66.394371139,66.396095141
0.03084961,66.394825464,66.396541085
0.03089355,66.395278195,66.396985800
0.03093750,66.395729453,66.397429422
0.03098145,66.396179351,66.397872073
0.03102539,66.396627991,66.398313853
0.03106934,66.397075464,66.398754844
0.03111328,66.397521846,66.399195110
0.03115723,66.397967205,66.399634701
0.03120117,66.398411592,66.400073645
0.03124512,66.398855047,66.400511956
0.03128906,66.399297594,66.400949628
0.03133301,66.399739246,66.401386639
0.03137695,66.400180004,66.401822954
0.03142090,66.400619856,66.402258529
0.03146484,66.401058785,66.402693309
0.03150879,66.401496764,66.403127234
0.03155273,66.401933759,66.403560238
0.03159668,66.402369734,66.403992255
0.03164062,66.402804649,66.404423217
0.03168457,66.403238460,66.404853056
0.03172852,66.403671125,66.405281711
0.03177246,66.404102602,66.405709120
0.03181641,66.404532850,66.406135231
0.03186035,66.404961832,66.406559995
0.03190430,66.405389515,66.406983373
0.03194824,66.405815869,66.407405334
0.03199219,66.406240871,66.407825854
0.03203613,66.406664505,66.408244921
0.03208008,66.407086758,66.408662530
0.03212402,66.407507626,66.409078685
0.03216797,66.407927110,66.409493398
0.03221191,66.408345217,66.409906689
0.03225586,66.408761959,66.410318584
0.03229980,66.409177353,66.410729114
0.03234375,66.409591420,66.411138317
0.03238770,66.410004187,66.411546230
0.03243164,66.410415681,66.411952898
0.03247559,66.410825934,66.412358362
0.03251953,66.411234977,66.412762670
0.03256348,66.411642844,66.413165864
0.03260742,66.412049570,66.413567989
0.03265137,66.412455189,66.413969087
0.03269531,66.412859736,66.414369200
0.03273926,66.413263242,66.414768365
0.03278320,66.413665740,66.415166617
0.03282715,66.414067261,66.415563990
0.03287109,66.414467831,66.415960511
0.03291504,66.414867479,66.416356208
0.03295898,66.415266227,66.416751102
0.03300293,66.415664099,66.417145214
0.03304687,66.416061113,66.417538559
0.03309082,66.416457287,66.417931151
0.03313477,66.416852637,66.418323002
0.03317871,66.417247176,66.418714119
0.03322266,66.417640917,66.419104509
0.03326660,66.418033869,66.419494177
0.03331055,66.418426041,66.419883128
0.03335449,66.418817442,66.420271363
0.03339844,66.419208078,66.420658886
0.03344238,66.419597955,66.421045697
0.03348633,66.419987079,66.421431798
0.03353027,66.420375455,66.421817192
0.03357422,66.420763090,66.422201881
0.03361816,66.421149988,66.422585867
0.03366211,66.421536155,66.422969155
0.03370605,66.421921597,66.423351748
0.03375000,66.422306321,66.423733654
0.03379395,66.422690333,66.424114877
0.03383789,66.423073642,66.424495425
0.03388184,66.423456256,66.424875308
0.03392578,66.423838182,66.425254532
0.03396973,66.424219430,66.425633110
0.03401367,66.424600011,66.426011050
0.03405762,66.424979933,66.426388365
0.03410156,66.425359207,66.426765065
0.03414551,66.425737831,66.427141133
0.03418945,66.426115786,66.427516520
0.03423340,66.426493089,66.427891262
0.03427734,66.426869759,66.428265387
0.03432129,66.427245813,66.428638923
0.03436523,66.427621268,66.429011894
0.03440918,66.427996138,66.429384319
0.03445313,66.428370439,66.429756216
0.03449707,66.428744182,66.430127601
0.03454102,66.429117380,66.430498485
0.03458496,66.429490044,66.430868879
0.03462891,66.429862183,66.431238792
0.03467285,66.430233805,66.431608233
0.03471680,66.430604920,66.431977206
0.03476074,66.430975534,66.432345718
0.03480469,66.431345653,66.432713771
0.03484863,66.431715283,66.433081371
0.03489258,66.432084429,66.433448519
0.03493652,66.432453095,66.433815217
0.03498047,66.432821287,66.434181469
0.03502441,66.433189007,66.434547276
0.03506836,66.433556259,66.434912639
0.03511230,66.433923047,66.435277561
0.03515625,66.434289374,66.435642042
0.03520020,66.434655244,66.436006085
0.03524414,66.435020658,66.436369692
0.03528809,66.435385622,66.436732865
0.03533203,66.435750137,66.437095606
0.03537598,66.436114208,66.437457919
0.03541992,66.436477838,66.437819806
0.03546387,66.436841030,66.438181271
0.03550781,66.437203789,66.438542317
0.03555176,66.437566118,66.438902949
0.03559570,66.437928022,66.439263170
0.03563965,66.438289505,66.439622985
0.03568359,66.438650571,66.439982399
0.03572754,66.439011225,66.440341417
0.03577148,66.439371471,66.440700042
0.03581543,66.439731314,66.441058281
0.03585937,66.440090759,66.441416138
0.03590332,66.440449811,66.441773618
0.03594727,66.440808473,66.442130726
0.03599121,66.441166752,66.442487467
0.03603516,66.441524650,66.442843846
0.03607910,66.441882174,66.443199867
0.03612305,66.442239327,66.443555534
0.03616699,66.442596114,66.443910853
0.03621094,66.442952539,66.444265826
0.03625488,66.443308606,66.444620459
0.03629883,66.443664319,66.444974754
0.03634277,66.444019681,66.445328714
0.03638672,66.444374697,66.445682345
0.03643066,66.444729369,66.446035647
0.03647461,66.445083702,66.446388625
0.03651855,66.445437697,66.446741280
0.03656250,66.445791359,66.447093616
0.03660645,66.446144690,66.447445635
0.03665039,66.446497692,66.447797338
0.03669434,66.446850369,66.448148730
0.03673828,66.447202724,66.448499810
0.03678223,66.447554757,66.448850583
0.03682617,66.447906473,66.449201048
0.03687012,66.448257873,66.449551209
0.03691406,66.448608960,66.449901068
0.03695801,66.448959735,66.450250626
0.03700195,66.449310202,66.450599885
0.03704590,66.449660362,66.450948847
0.03708984,66.450010218,66.451297514
0.03713379,66.450359771,66.451645889
0.03717773,66.450709024,66.451993972
0.03722168,66.451057979,66.452341767
0.03726562,66.451406639,66.452689275
0.03730957,66.451755005,66.453036498
0.03735352,66.452103079,66.453383438
0.03739746,66.452450864,66.453730097
0.03744141,66.452798362,66.454076478
0.03748535,66.453145575,66.454422582
0.03752930,66.453492505,66.454768412
0.03757324,66.453839154,66.455113970
0.03761719,66.454185525,66.455459257
0.03766113,66.454531619,66.455804275
0.03770508,66.454877438,66.456149028
0.03774902,66.455222986,66.456493516
0.03779297,66.455568262,66.456837741
0.03783691,66.455913270,66.457181707
0.03788086,66.456258012,66.457525413
0.03792480,66.456602489,66.457868863
0.03796875,66.456946704,66.458212057
0.03801270,66.457290658,66.458554999
0.03805664,66.457634352,66.458897689
0.03810059,66.457977790,66.459240129
0.03814453,66.458320972,66.459582321
0.03818848,66.458663901,66.459924267
0.03823242,66.459006578,66.460265968
0.03827637,66.459349004,66.460607426
0.03832031,66.459691183,66.460948642
0.03836426,66.460033114,66.461289618
0.03840820,66.460374800,66.461630356
0.03845215,66.460716243,66.461970856
0.03849609,66.461057445,66.462311122
0.03854004,66.461398406,66.462651154
0.03858398,66.461739128,66.462990954
0.03862793,66.462079614,66.463330523
0.03867188,66.462419864,66.463669863
0.03871582,66.462759881,66.464008976
0.03875977,66.463099666,66.464347863
0.03880371,66.463439220,66.464686526
0.03884766,66.463778546,66.465024967
0.03889160,66.464117645,66.465363186
0.03893555,66.464456518,66.465701186
0.03897949,66.464795167,66.466038969
0.03902344,66.465133594,66.466376535
0.03906738,66.465471801,66.466713887
0.03911133,66.465809789,66.467051026
0.03915527,66.466147559,66.467387954
0.03919922,66.466485114,66.467724672
0.03924316,66.466822454,66.468061182
0.03928711,66.467159582,66.468397485
0.03933105,66.467496499,66.468733584
0.03937500,66.467833206,66.469069479
0.03941895,66.468169705,66.469405171
0.03946289,66.468505998,66.469740664
0.03950684,66.468842087,66.470075957
0.03955078,66.469177971,66.470411053
0.03959473,66.469513654,66.470745952
0.03963867,66.469849136,66.471080657
0.03968262,66.470184419,66.471415168
0.03972656,66.470519504,66.471749487
0.03977051,66.470854393,66.472083615
0.03981445,66.471189087,66.472417554
0.03985840,66.471523587,66.472751304
0.03990234,66.471857895,66.473084867
0.03994629,66.472192012,66.473418245
0.03999023,66.472525939,66.473751438
0.04003418,66.472859677,66.474084447
0.04007812,66.473193228,66.474417275
0.04012207,66.473526594,66.474749921
0.04016602,66.473859774,66.475082387
0.04020996,66.474192771,66.475414675
0.04025391,66.474525585,66.475746785
0.04029785,66.474858219,66.476078719
0.04034180,66.475190672,66.476410477
0.04038574,66.475522946,66.476742061
0.04042969,66.475855043,66.477073472
0.04047363,66.476186963,66.477404711
0.04051758,66.476518708,66.477735779
0.04056152,66.476850278,66.478066677
0.04060547,66.477181676,66.478397407
0.04064941,66.477512901,66.478727969
0.04069336,66.477843956,66.479058364
0.04073730,66.478174841,66.479388595
0.04078125,66.478505558,66.479718661
0.04082520,66.478836107,66.480048564
0.04086914,66.479166490,66.480378305
0.04091309,66.479496707,66.480707885
0.04095703,66.479826761,66.481037305
0.04100098,66.480156651,66.481366566
0.04104492,66.480486380,66.481695670
0.04108887,66.480815948,66.482024617
0.04113281,66.481145356,66.482353408
0.04117676,66.481474605,66.482682045
0.04122070,66.481803697,66.483010529
0.04126465,66.482132633,66.483338860
0.04130859,66.482461413,66.483667040
0.04135254,66.482790038,66.483995069
0.04139648,66.483118511,66.484322949
0.04144043,66.483446831,66.484650681
0.04148437,66.483775000,66.484978266
0.04152832,66.484103018,66.485305704
0.04157227,66.484430888,66.485632997
0.04161621,66.484758609,66.485960146
0.04166016,66.485086182,66.486287151
0.04170410,66.485413610,66.486614014
0.04174805,66.485740892,66.486940735
0.04179199,66.486068030,66.487267316
0.04183594,66.486395025,66.487593757
0.04187988,66.486721877,66.487920060
0.04192383,66.487048588,66.488246225
0.04196777,66.487375158,66.488572252
0.04201172,66.487701588,66.488898144
0.04205566,66.488027880,66.489223900
0.04209961,66.488354034,66.489549523
0.04214355,66.488680051,66.489875011
0.04218750,66.489005932,66.490200368
0.04223145,66.489331677,66.490525592
0.04227539,66.489657289,66.490850686
0.04231934,66.489982766,66.491175649
0.04236328,66.490308112,66.491500483
0.04240723,66.490633325,66.491825189
0.04245117,66.490958408,66.492149767
0.04249512,66.491283360,66.492474218
0.04253906,66.491608183,66.492798543
0.04258301,66.491932878,66.493122743
0.04262695,66.492257445,66.493446818
0.04267090,66.492581885,66.493770770
0.04271484,66.492906199,66.494094599
0.04275879,66.493230388,66.494418305
0.04280273,66.493554453,66.494741890
0.04284668,66.493878393,66.495065355
0.04289063,66.494202211,66.495388700
0.04293457,66.494525907,66.495711925
0.04297852,66.494849482,66.496035033
0.04302246,66.495172936,66.496358022
0.04306641,66.495496270,66.496680895
0.04311035,66.495819485,66.497003652
0.04315430,66.496142582,66.497326294
0.04319824,66.496465561,66.497648821
0.04324219,66.496788424,66.497971234
0.04328613,66.497111171,66.498293534
0.04333008,66.497433803,66.498615722
0.04337402,66.497756320,66.498937798
0.04341797,66.498078724,66.499259763
0.04346191,66.498401014,66.499581618
0.04350586,66.498723193,66.499903364
0.04354980,66.499045260,66.500225002
0.04359375,66.499367216,66.500546531
0.04363770,66.499689063,66.500867953
0.04368164,66.500010800,66.501189269
0.04372559,66.500332429,66.501510479
0.04376953,66.500653950,66.501831584
0.04381348,66.500975364,66.502152585
0.04385742,66.501296672,66.502473483
0.04390137,66.501617874,66.502794278
0.04394531,66.501938971,66.503114971
0.04398926,66.502259965,66.503435562
0.04403320,66.502580855,66.503756053
0.04407715,66.502901643,66.504076444
0.04412109,66.503222329,66.504396736
0.04416504,66.503542913,66.504716929
0.04420898,66.503863397,66.505037024
0.04425293,66.504183782,66.505357023
0.04429687,66.504504067,66.505676925
0.04434082,66.504824254,66.505996732
0.04438477,66.505144343,66.506316443
0.04442871,66.505464335,66.506636060
0.04447266,66.505784232,66.506955584
0.04451660,66.506104032,66.507275014
0.04456055,66.506423737,66.507594352
0.04460449,66.506743349,66.507913598
0.04464844,66.507062866,66.508232754
0.04469238,66.507382291,66.508551819
0.04473633,66.507701623,66.508870794
0.04478027,66.508020864,66.509189680
0.04482422,66.508340014,66.509508477
0.04486816,66.508659073,66.509827187
0.04491211,66.508978043,66.510145809
0.04495605,66.509296923,66.510464345
0.04500000,66.509615715,66.510782794
0.04504395,66.509934418,66.511101158
0.04508789,66.510253035,66.511419436
0.04513184,66.510571565,66.511737631
0.04517578,66.510890008,66.512055741
0.04521973,66.511208366,66.512373768
0.04526367,66.511526639,66.512691713
0.04530762,66.511844827,66.513009575
0.04535156,66.512162931,66.513327355
0.04539551,66.512480952,66.513645054
0.04543945,66.512798890,66.513962672
0.04548340,66.513116746,66.514280210
0.04552734,66.513434520,66.514597669
0.04557129,66.513752213,66.514915048
0.04561523,66.514069824,66.515232348
0.04565918,66.514387356,66.515549571
0.04570312,66.514704808,66.515866715
0.04574707,66.515022180,66.516183782
0.04579102,66.515339474,66.516500773
0.04583496,66.515656689,66.516817686
0.04587891,66.515973826,66.517134524
0.04592285,66.516290886,66.517451287
0.04596680,66.516607869,66.517767974
0.04601074,66.516924775,66.518084586
0.04605469,66.517241606,66.518401125
0.04609863,66.517558361,66.518717589
0.04614258,66.517875040,66.519033980
0.04618652,66.518191645,66.519350299
0.04623047,66.518508176,66.519666544
0.04627441,66.518824632,66.519982717
0.04631836,66.519141015,66.520298819
0.04636230,66.519457325,66.520614849
0.04640625,66.519773562,66.520930808
0.04645020,66.520089727,66.521246696
0.04649414,66.520405820,66.521562514
0.04653809,66.520721842,66.521878261
0.04658203,66.521037792,66.522193940
0.04662598,66.521353671,66.522509549
0.04666992,66.521669480,66.522825088
0.04671387,66.521985219,66.523140560
0.04675781,66.522300888,66.523455963
0.04680176,66.522616488,66.523771298
0.04684570,66.522932019,66.524086565
0.04688965,66.523247480,66.524401766
0.04693359,66.523562874,66.524716899
0.04697754,66.523878199,66.525031965
0.04702148,66.524193457,66.525346965
0.04706543,66.524508647,66.525661898
0.04710937,66.524823769,66.525976766
0.04715332,66.525138825,66.526291568
0.04719727,66.525453814,66.526606304
0.04724121,66.525768737,66.526920975
0.04728516,66.526083594,66.527235582
0.04732910,66.526398384,66.527550123
0.04737305,66.526713109,66.527864600
0.04741699,66.527027768,66.528179012
0.04746094,66.527342363,66.528493361
0.04750488,66.527656892,66.528807645
0.04754883,66.527971356,66.529121865
0.04759277,66.528285756,66.529436022
0.04763672,66.528600091,66.529750115
0.04768066,66.528914362,66.530064145
0.04772461,66.529228569,66.530378112
0.04776855,66.529542712,66.530692015
0.04781250,66.529856791,66.531005855
0.04785645,66.530170806,66.531319633
0.04790039,66.530484758,66.531633348
0.04794434,66.530798646,66.531947000
0.04798828,66.531112471,66.532260589
0.04803223,66.531426232,66.532574116
0.04807617,66.531739931,66.532887580
0.04812012,66.532053566,66.533200981
0.04816406,66.532367138,66.533514320
0.04820801,66.532680647,66.533827596
0.04825195,66.532994093,66.534140810
0.04829590,66.533307475,66.534453961
0.04833984,66.533620795,66.534767049
0.04838379,66.533934051,66.535080074
0.04842773,66.534247245,66.535393037
0.04847168,66.534560374,66.535705936
0.04851562,66.534873441,66.536018772
0.04855957,66.535186443,66.536331544
0.04860352,66.535499382,66.536644253
0.04864746,66.535812257,66.536956897
0.04869141,66.536125068,66.537269477
0.04873535,66.536437814,66.537581993
0.04877930,66.536750496,66.537894444
0.04882324,66.537063112,66.538206829
0.04886719,66.537375663,66.538519148
0.04891113,66.537688149,66.538831401
0.04895508,66.538000567,66.539143587
0.04899902,66.538312919,66.539455705
0.04904297,66.538625204,66.539767755
0.04908691,66.538937421,66.540079736
0.04913086,66.539249570,66.540391648
0.04917480,66.539561649,66.540703489
0.04921875,66.539873659,66.541015260
0.04926270,66.540185599,66.541326959
0.04930664,66.540497468,66.541638586
0.04935059,66.540809266,66.541950139
0.04939453,66.541120991,66.542261619
0.04943848,66.541432643,66.542573024
0.04948242,66.541744221,66.542884353
0.04952637,66.542055724,66.543195605
0.04957031,66.542367152,66.543506779
0.04961426,66.542678502,66.543817874
0.04965820,66.542989775,66.544128889
0.04970215,66.543300970,66.544439823
0.04974609,66.543612084,66.544750674
0.04979004,66.543923118,66.545061443
0.04983398,66.544234070,66.545372127
0.04987793,66.544544940,66.545682725
0.04992187,66.544855724,66.545993236
0.04996582,66.545166424,66.546303658
0.05000977,66.545477036,66.546613989
0.05005371,66.545787559,66.546924229
0.05009766,66.546097991,66.547234374
0.05014160,66.546408331,66.547544422
0.05018555,66.546718577,66.547854372
0.05022949,66.547028727,66.548164220
0.05027344,66.547338778,66.548473965
0.05031738,66.547648727,66.548783604
0.05036133,66.547958574,66.549093133
0.05040527,66.548268314,66.549402550
0.05044922,66.548577946,66.549711851
0.05049316,66.548887466,66.550021034
0.05053711,66.549196871,66.550330095
0.05058105,66.549506159,66.550639031
0.05062500,66.549815327,66.550947837
0.05066895,66.550124370,66.551256511
0.05071289,66.550433286,66.551565049
0.05075684,66.550742071,66.551873446
0.05080078,66.551050721,66.552181699
0.05084473,66.551359233,66.552489803
0.05088867,66.551667603,66.552797754
0.05093262,66.551975827,66.553105548
0.05097656,66.552283900,66.553413180
0.05102051,66.552591819,66.553720645
0.05106445,66.552899578,66.554027939
0.05110840,66.553207175,66.554335057
0.05115234,66.553514603,66.554641993
0.05119629,66.553821859,66.554948744
0.05124023,66.554128937,66.555255302
0.05128418,66.554435833,66.555561664
0.05132812,66.554742540,66.555867822
0.05137207,66.555049056,66.556173773
0.05141602,66.555355373,66.556479510
0.05145996,66.555661486,66.556785026
0.05150391,66.555967390,66.557090317
0.05154785,66.556273079,66.557395375
0.05159180,66.556578547,66.557700195
0.05163574,66.556883788,66.558004770
0.05167969,66.557188796,66.558309093
0.05172363,66.557493565,66.558613158
0.05176758,66.557798089,66.558916958
0.05181152,66.558102360,66.559220486
0.05185547,66.558406372,66.559523734
0.05189941,66.558710119,66.559826696
0.05194336,66.559013593,66.560129364
0.05198730,66.559316788,66.560431730
0.05203125,66.559619695,66.560733787
0.05207520,66.559922309,66.561035527
0.05211914,66.560224621,66.561336943
0.05216309,66.560526624,66.561638025
0.05220703,66.560828309,66.561938766
0.05225098,66.561129671,66.562239157
0.05229492,66.561430699,66.562539190
0.05233887,66.561731386,66.562838856
0.05238281,66.562031724,66.563138147
0.05242676,66.562331705,66.563437054
0.05247070,66.562631319,66.563735567
0.05251465,66.562930559,66.564033678
0.05255859,66.563229415,66.564331377
0.05260254,66.563527879,66.564628654
0.05264648,66.563825941,66.564925502
0.05269043,66.564123593,66.565221909
0.05273438,66.564420825,66.565517866
0.05277832,66.564717628,66.565813363
0.05282227,66.565013992,66.566108390
0.05286621,66.565309908,66.566402938
0.05291016,66.565605366,66.566696995
0.05295410,66.565900356,66.566990553
0.05299805,66.566194869,66.567283599
0.05304199,66.566488893,66.567576125
0.05308594,66.566782420,66.567868119
0.05312988,66.567075397,66.568159483
0.05317383,66.567367806,66.568450195
0.05321777,66.567659643,66.568740267
0.05326172,66.567950906,66.569029707
0.05330566,66.568241590,66.569318520
0.05334961,66.568531690,66.569606705
0.05339355,66.568821202,66.569894264
0.05343750,66.569110117,66.570181191
0.05348145,66.569398431,66.570467483
0.05352539,66.569686134,66.570753133
0.05356934,66.569973218,66.571038132
0.05361328,66.570259675,66.571322474
0.05365723,66.570545496,66.571606147
0.05370117,66.570830671,66.571889143
0.05374512,66.571115190,66.572171450
0.05378906,66.571399043,66.572453058
0.05383301,66.571682219,66.572733955
0.05387695,66.571964707,66.573014129
0.05392090,66.572246497,66.573293570
0.05396484,66.572527577,66.573572264
0.05400879,66.572807936,66.573850200
0.05405273,66.573087562,66.574127365
0.05409668,66.573366445,66.574403748
0.05414062,66.573644571,66.574679336
0.05418457,66.573921930,66.574954117
0.05422852,66.574198510,66.575228079
0.05427246,66.574474299,66.575501209
0.05431641,66.574749284,66.575773494
0.05436035,66.575023455,66.576044923
0.05440430,66.575296799,66.576315484
0.05444824,66.575569303,66.576585163
0.05449219,66.575840957,66.576853948
0.05453613,66.576111748,66.577121829
0.05458008,66.576381663,66.577388791
0.05462402,66.576650692,66.577654822
0.05466797,66.576918821,66.577919912
0.05471191,66.577186039,66.578184046
0.05475586,66.577452333,66.578447214
0.05479980,66.577717692,66.578709402
0.05484375,66.577982103,66.578970599
0.05488770,66.578245554,66.579230793
0.05493164,66.578508034,66.579489971
0.05497559,66.578769530,66.579748121
0.05501953,66.579030030,66.580005232
0.05506348,66.579289523,66.580261291
0.05510742,66.579547995,66.580516287
0.05515137,66.579805436,66.580770206
0.05519531,66.580061833,66.581023039
0.05523926,66.580317175,66.581274772
0.05528320,66.580571450,66.581525394
0.05532715,66.580824645,66.581774893
0.05537109,66.581076750,66.582023258
0.05541504,66.581327752,66.582270477
0.05545898,66.581577640,66.582516538
0.05550293,66.581826402,66.582761431
0.05554687,66.582074027,66.583005143
0.05559082,66.582320503,66.583247663
0.05563477,66.582565818,66.583488980
0.05567871,66.582809962,66.583729083
0.05572266,66.583052924,66.583967960
0.05576660,66.583294691,66.584205602
0.05581055,66.583535252,66.584441995
0.05585449,66.583774598,66.584677131
0.05589844,66.584012716,66.584910997
0.05594238,66.584249595,66.585143584
0.05598633,66.584485226,66.585374880
0.05603027,66.584719596,66.585604875
0.05607422,66.584952696,66.585833559
0.05611816,66.585184513,66.586060920
0.05616211,66.585415039,66.586286949
0.05620605,66.585644262,66.586511636
0.05625000,66.585872172,66.586734969
0.05629395,66.586098759,66.586956939
0.05633789,66.586324011,66.587177536
0.05638184,66.586547920,66.587396750
0.05642578,66.586770474,66.587614571
0.05646973,66.586991663,66.587830988
0.05651367,66.587211479,66.588045993
0.05655762,66.587429909,66.588259575
0.05660156,66.587646945,66.588471724
0.05664551,66.587862577,66.588682432
0.05668945,66.588076794,66.588891688
0.05673340,66.588289588,66.589099483
0.05677734,66.588500947,66.589305807
0.05682129,66.588710864,66.589510651
0.05686523,66.588919327,66.589714005
0.05690918,66.589126328,66.589915861
0.05695313,66.589331856,66.590116208
0.05699707,66.589535903,66.590315038
0.05704102,66.589738459,66.590512340
0.05708496,66.589939514,66.590708107
0.05712891,66.590139058,66.590902327
0.05717285,66.590337081,66.591094989
0.05721680,66.590533570,66.591286080
0.05726074,66.590728515,66.591475589
0.05730469,66.590921905,66.591663505
0.05734863,66.591113731,66.591849819
0.05739258,66.591303982,66.592034522
0.05743652,66.591492671,66.592217649
0.05748047,66.591679791,66.592399197
0.05752441,66.591865329,66.592579145
0.05756836,66.592049272,66.592757476
0.05761230,66.592231607,66.592934174
0.05765625,66.592412323,66.593109222
0.05770020,66.592591407,66.593282609
0.05774414,66.592768849,66.593454321
0.05778809,66.592944638,66.593624347
0.05783203,66.593118763,66.593792675
0.05787598,66.593291214,66.593959294
0.05791992,66.593461981,66.594124194
0.05796387,66.593631053,66.594287366
0.05800781,66.593798421,66.594448798
0.05805176,66.593964074,66.594608481
0.05809570,66.594128004,66.594766405
0.05813965,66.594290199,66.594922561
0.05818359,66.594450652,66.595076938
0.05822754,66.594609351,66.595229528
0.05827148,66.594766287,66.595380320
0.05831543,66.594921450,66.595529304
0.05835937,66.595074832,66.595676471
0.05840332,66.595226421,66.595821811
0.05844727,66.595376208,66.595965314
0.05849121,66.595524183,66.596106971
0.05853516,66.595670338,66.596246771
0.05857910,66.595814661,66.596384706
0.05862305,66.595957143,66.596520764
0.05866699,66.596097775,66.596654937
0.05871094,66.596236546,66.596787214
0.05875488,66.596373447,66.596917586
0.05879883,66.596508468,66.597046043
0.05884277,66.596641600,66.597172575
0.05888672,66.596772832,66.597297173
0.05893066,66.596902155,66.597419827
0.05897461,66.597029559,66.597540526
0.05901855,66.597155035,66.597659262
0.05906250,66.597278572,66.597776025
0.05910645,66.597400161,66.597890805
0.05915039,66.597519794,66.598003593
0.05919434,66.597637463,66.598114386
0.05923828,66.597753162,66.598223178
0.05928223,66.597866884,66.598329964
0.05932617,66.597978619,66.598434735
0.05937012,66.598088359,66.598537482
0.05941406,66.598196094,66.598638192
0.05945801,66.598301811,66.598736854
0.05950195,66.598405500,66.598833455
0.05954590,66.598507149,66.598927983
0.05958984,66.598606746,66.599020422
0.05963379,66.598704278,66.599110761
0.05967773,66.598799733,66.599198985
0.05972168,66.598893097,66.599285080
0.05976562,66.598984359,66.599369033
0.05980957,66.599073504,66.599450828
0.05985352,66.599160518,66.599530452
0.05989746,66.599245389,66.599607889
0.05994141,66.599328100,66.599683124
0.05998535,66.599408637,66.599756141
0.06002930,66.599486986,66.599826924
0.06007324,66.599563130,66.599895457
0.06011719,66.599637053,66.599961721
0.06016113,66.599708738,66.600025698
0.06020508,66.599778222,66.600087364
0.06024902,66.599845529,66.600146668
0.06029297,66.599910604,66.600203545
0.06033691,66.599973395,66.600257936
0.06038086,66.600033850,66.600309790
0.06042480,66.600091924,66.600359062
0.06046875,66.600147574,66.600405714
0.06051270,66.600200758,66.600449712
0.06055664,66.600251439,66.600491026
0.06060059,66.600299583,66.600529631
0.06064453,66.600345157,66.600565503
0.06068848,66.600388130,66.600598622
0.06073242,66.600428477,66.600628973
0.06077637,66.600466174,66.600656543
0.06082031,66.600501206,66.600681334
0.06086426,66.600533556,66.600703347
0.06090820,66.600563200,66.600722562
0.06095215,66.600590113,66.600738957
0.06099609,66.600614261,66.600752504
0.06104004,66.600635572,66.600763095
0.06108398,66.600653961,66.600771065
0.06112793,66.600669360,66.600776596
0.06117188,66.600681706,66.600779427
0.06121582,66.600690883,66.600779276
0.06125977,66.600696120,66.600774434
0.06130371,66.600697429,66.600765052
0.06134766,66.600694827,66.600751256
0.06139160,66.600687667,66.600732488
0.06143555,66.600675557,66.600708437
0.06147949,66.600660842,66.600682361
0.06152344,66.600643513,66.600654129
0.06156738,66.600623437,66.600623464
0.06161133,66.600600494,66.600590135
0.06165527,66.600574131,66.600553035
0.06169922,66.600544234,66.600512056
0.06174316,66.600510700,66.600467109
0.06178711,66.600473441,66.600418119
0.06183105,66.600432378,66.600365017
0.06187500,66.600387436,66.600307747
0.06191895,66.600338550,66.600246254
0.06196289,66.600285658,66.600180490
0.06200684,66.600228703,66.600110411
0.06205078,66.600167633,66.600035976
0.06209473,66.600102396,66.599957145
0.06213867,66.600032947,66.599873882
0.06218262,66.599959240,66.599786151
0.06222656,66.599881233,66.599693920
0.06227051,66.599798884,66.599597155
0.06231445,66.599712155,66.599495825
0.06235840,66.599621007,66.599389899
0.06240234,66.599525403,66.599279347
0.06244629,66.599425307,66.599164139
0.06249023,66.599320683,66.599044243
0.06253418,66.599211496,66.598919629
0.06257812,66.599097623,66.598790076
0.06262207,66.598979009,66.598655522
0.06266602,66.598855634,66.598515973
0.06270996,66.598727475,66.598371434
0.06275391,66.598594510,66.598221903
0.06279785,66.598456715,66.598067375
0.06284180,66.598314066,66.597907839
0.06288574,66.598166534,66.597743280
0.06292969,66.598014092,66.597573679
0.06297363,66.597856708,66.597399011
0.06301758,66.597694348,66.597219247
0.06306152,66.597526975,66.597034351
0.06310547,66.597354548,66.596844285
0.06314941,66.597177025,66.596649002
0.06319336,66.596994356,66.596448453
0.06323730,66.596806493,66.596242580
0.06328125,66.596613377,66.596031323
0.06332520,66.596414952,66.595814615
0.06336914,66.596211152,66.595592383
0.06341309,66.596001910,66.595364549
0.06345703,66.595787154,66.595131031
0.06350098,66.595566807,66.594891740
0.06354492,66.595340787,66.594646583
0.06358887,66.595109008,66.594395459
0.06363281,66.594871378,66.594138264
0.06367676,66.594627804,66.593874889
0.06372070,66.594378182,66.593605216
0.06376465,66.594122408,66.593329126
0.06380859,66.593860369,66.593046490
0.06385254,66.593591950,66.592757177
0.06389648,66.593317029,66.592461046
0.06394043,66.593035477,66.592157953
0.06398437,66.592747160,66.591847746
0.06402832,66.592451940,66.591530267
0.06407227,66.592149669,66.591205353
0.06411621,66.591840196,66.590872830
0.06416016,66.591523361,66.590532520
0.06420410,66.591198999,66.590184236
0.06424805,66.590866936,66.589827785
0.06429199,66.590526991,66.589462964
0.06433594,66.590178977,66.589089563
0.06437988,66.589822696,66.588707362
0.06442383,66.589457946,66.588316132
0.06446777,66.589084512,66.587915637
0.06451172,66.588702173,66.587505628
0.06455566,66.588310697,66.587085849
0.06459961,66.587909845,66.586656031
0.06464355,66.587499364,66.586215894
0.06468750,66.587078994,66.585765150
0.06473145,66.586648464,66.585303496
0.06477539,66.586207490,66.584830616
0.06481934,66.585755777,66.584346185
0.06486328,66.585292892,66.583849585
0.06490723,66.584818521,66.583340486
0.06495117,66.584332335,66.582818543
0.06499512,66.583833995,66.582283390
0.06503906,66.583323146,66.581734646
0.06508301,66.582799417,66.581171910
0.06512695,66.582262425,66.580594762
0.06517090,66.581711767,66.580002762
0.06521484,66.581147025,66.579395452
0.06525879,66.580567764,66.578772350
0.06530273,66.579973528,66.578132955
0.06534668,66.579363844,66.577476742
0.06539062,66.578738218,66.576803165
0.06543457,66.578096135,66.576111651
0.06547852,66.577437057,66.575401603
0.06552246,66.576760424,66.574672400
0.06556641,66.576065651,66.573923391
0.06561035,66.575352131,66.573153898
0.06565430,66.574619226,66.572363213
0.06569824,66.573866276,66.571550599
0.06574219,66.573092588,66.570715286
0.06578613,66.572297443,66.569856469
0.06583008,66.571480089,66.568973313
0.06587402,66.570639742,66.568064942
0.06591797,66.569775586,66.567130446
0.06596191,66.568886769,66.566168874
0.06600586,66.567972401,66.565179236
0.06604980,66.567031558,66.564160498
0.06609375,66.566063273,66.563111583
0.06613770,66.565066539,66.562031366
0.06618164,66.564040307,66.560918676
0.06622559,66.562983480,66.559772292
0.06626953,66.561894918,66.558590941
0.06631348,66.560773431,66.557373293
0.06635742,66.559617778,66.556117966
0.06640137,66.558426665,66.554823517
0.06644531,66.557198746,66.553488441
0.06648926,66.555932614,66.552111170
0.06653320,66.554626805,66.550690072
0.06657715,66.553279793,66.549223443
0.06662109,66.551889986,66.547709510
0.06666504,66.550455727,66.546146423
0.06670898,66.548975289,66.544532256
0.06675293,66.547446872,66.542865004
0.06679687,66.545868601,66.541142576
0.06684082,66.544238524,66.539362796
0.06688477,66.542554607,66.537523397
0.06692871,66.540814732,66.535622018
0.06697266,66.539016693,66.533656203
0.06701660,66.537158193,66.531623394
0.06706055,66.535236843,66.529520929
0.06710449,66.533250155,66.527346038
0.06714844,66.531195538,66.525095837
0.06719238,66.529070298,66.522767329
0.06723633,66.526871633,66.520357394
0.06728027,66.524596627,66.517862790
0.06732422,66.522242246,66.515280144
0.06736816,66.519805337,66.512605949
0.06741211,66.517282622,66.509836563
0.06745605,66.514670692,66.506968198
0.06750000,66.511966006,66.503996920
0.06754395,66.509164882,66.500918644
0.06758789,66.506263498,66.497729124
0.06763184,66.503257881,66.494423953
0.06767578,66.500143908,66.490998558
0.06771973,66.496917295,66.487448190
0.06776367,66.493573599,66.483767922
0.06780762,66.490108204,66.479952642
0.06785156,66.486516326,66.475997050
0.06789551,66.482792997,66.471895646
0.06793945,66.478933068,66.467642733
0.06798340,66.474931197,66.463232402
0.06802734,66.470781850,66.458658532
0.06807129,66.466479287,66.453914780
0.06811523,66.462017564,66.448994579
0.06815918,66.457390519,66.443891126
0.06820313,66.452591774,66.438597380
0.06824707,66.447614722,66.433106052
0.06829102,66.442452526,66.427409602
0.06833496,66.437098107,66.421500227
0.06837891,66.431544141,66.415369861
0.06842285,66.425783054,66.409010160
0.06846680,66.419807010,66.402412503
0.06851074,66.413607910,66.395567978
0.06855469,66.407177379,66.388467378
0.06859863,66.400506764,66.381101195
0.06864258,66.393587127,66.373459609
0.06868652,66.386409233,66.365532484
0.06873047,66.378963549,66.357309360
0.06877441,66.371240230,66.348779441
0.06881836,66.363229120,66.339931595
0.06886230,66.354919738,66.330754341
0.06890625,66.346301272,66.321235843
0.06895020,66.337362574,66.311363903
0.06899414,66.328092151,66.301125952
0.06903809,66.318478157,66.290509044
0.06908203,66.308508388,66.279499847
0.06912598,66.298170270,66.268084636
0.06916992,66.287450857,66.256249286
0.06921387,66.276336821,66.243979264
0.06925781,66.264814442,66.231259621
0.06930176,66.252869606,66.218074986
0.06934570,66.240487793,66.204409555
0.06938965,66.227654075,66.190247091
0.06943359,66.214353100,66.175570908
0.06947754,66.200569096,66.160363871
0.06952148,66.186285854,66.144608384
0.06956543,66.171486728,66.128286387
0.06960938,66.156154624,66.111379348
0.06965332,66.140271995,66.093868253
0.06969727,66.123820833,66.075733607
0.06974121,66.106782666,66.056955419
0.06978516,66.089138547,66.037513203
0.06982910,66.070869049,66.017385968
0.06987305,66.051954263,65.996552215
0.06991699,66.032373787,65.974989930
0.06996094,66.012106722,65.952676577
0.07000488,65.991131669,65.929589099
0.07004883,65.969426720,65.905703906
0.07009277,65.946969455,65.880996876
0.07013672,65.923736938,65.855443349
0.07018066,65.899705710,65.829018121
0.07022461,65.874851789,65.801695446
0.07026855,65.849150662,65.773449028
0.07031250,65.822577284,65.744252020
0.07035645,65.795106071,65.714077022
0.07040039,65.766710905,65.682896079
0.07044434,65.737365122,65.650680678
0.07048828,65.707041518,65.617401747
0.07053223,65.675712339,65.583029660
0.07057617,65.643349290,65.547534225
0.07062012,65.609923523,65.510884698
0.07066406,65.575405645,65.473049772
0.07070801,65.539765714,65.433997585
0.07075195,65.502973239,65.393695720
0.07079590,65.464997183,65.352111206
0.07083984,65.425805963,65.309210524
0.07088379,65.385367454,65.264959606
0.07092773,65.343648986,65.219323842
0.07097168,65.300617353,65.172268083
0.07101562,65.256238813,65.123756648
0.07105957,65.210479096,65.073753328
0.07110352,65.163303401,65.022221393
0.07114746,65.114676409,64.969123597
0.07119141,65.064562284,64.914422190
0.07123535,65.012924684,64.858078923
0.07127930,64.959726761,64.800055057
0.07132324,64.904931176,64.740311375
0.07136719,64.848500104,64.678808188
0.07141113,64.790395240,64.615505353
0.07145508,64.730577817,64.550362276
0.07149902,64.669008606,64.483337933
0.07154297,64.605647936,64.414390878
0.07158691,64.540455700,64.343479257
0.07163086,64.473391369,64.270560827
0.07167480,64.404414007,64.195592965
0.07171875,64.333482283,64.118532691
0.07176270,64.260554484,64.039336680
0.07180664,64.185588535,63.957961281
0.07185059,64.108539592,63.874357274
0.07189453,64.029340733,63.788428102
0.07193848,63.947950209,63.700135203
0.07198242,63.864326062,63.609439141
0.07202637,63.778426159,63.516299798
0.07207031,63.690208205,63.420676495
0.07211426,63.599629752,63.322528070
0.07215820,63.506648187,63.221812929
0.07220215,63.411220735,63.118489075
0.07224609,63.313304446,63.012514134
0.07229004,63.212856193,62.903845376
0.07233398,63.109832670,62.792439729
0.07237793,63.004190394,62.678253804
0.07242187,62.895885715,62.561243920
0.07246582,62.784874821,62.441366137
0.07250977,62.671113763,62.318576289
0.07255371,62.554558469,62.192830026
0.07259766,62.435164773,62.064082860
0.07264160,62.312888445,61.932290209
0.07268555,62.187685221,61.797407457
0.07272949,62.059510840,61.659390000
0.07277344,61.928321082,61.518193309
0.07281738,61.794071809,61.373772982
0.07286133,61.656719007,61.226084805
0.07290527,61.516218828,61.075084809
0.07294922,61.372527634,60.920729326
0.07299316,61.225602042,60.762975046
0.07303711,61.075398970,60.601779072
0.07308105,60.921875679,60.437098976
0.07312500,60.764989819,60.268892845
0.07316895,60.604699473,60.097119338
0.07321289,60.440963201,59.921737731
0.07325684,60.273740080,59.742707965
0.07330078,60.102989752,59.559990691
0.07334473,59.928672460,59.373547314
0.07338867,59.750749092,59.183340036
0.07343262,59.569181221,58.989331897
0.07347656,59.383931146,58.791486813
0.07352051,59.194961926,58.589769619
0.07356445,59.002237425,58.384146101
0.07360840,58.805722348,58.174583040
0.07365234,58.605382276,57.961048243
0.07369629,58.401183707,57.743510583
0.07374023,58.193094091,57.521940033
0.07378418,57.981081868,57.296307701
0.07382812,57.765116503,57.066585867
0.07387207,57.545168523,56.832748017
0.07391602,57.321209551,56.594768876
0.07395996,57.093212346,56.352624445
0.07400391,56.861150833,56.106292031
0.07404785,56.625000141,55.855750287
0.07409180,56.384736635,55.600979237
0.07413574,56.140337955,55.341960317
0.07417969,55.891783045,55.078676404
0.07422363,55.639052194,54.811111854
0.07426758,55.382127063,54.539252534
0.07431152,55.120990787,54.263085913
0.07435547,54.855628220,53.982601598
0.07439941,54.586025832,53.697791108
0.07444336,54.312171562,53.408647534
0.07448730,54.034054736,53.115165362
0.07453125,53.751666033,52.817340393
0.07457520,53.464997481,52.515169738
0.07461914,53.174042488,52.208651852
0.07466309,52.878795865,51.897786597
0.07470703,52.579253872,51.582575300
0.07475098,52.275414255,51.263020816
0.07479492,51.967276274,50.939127579
0.07483887,51.654840739,50.610901638
0.07488281,51.338110029,50.278350687
0.07492676,51.017088168,49.941484154
0.07497070,50.691780964,49.600313488
0.07501465,50.362196037,49.254852197
0.07505859,50.028342762,48.905115733
0.07510254,49.690232168,48.551121287
0.07514648,49.347876825,48.192887561
0.07519043,49.001290719,47.830434554
0.07523437,48.650489162,47.463783382
0.07527832,48.295488723,47.092956159
0.07532227,47.936307191,46.717975949
0.07536621,47.572963590,46.338866777
0.07541016,47.205480465,45.955659967
0.07545410,46.833877433,45.568380431
0.07549805,46.458167750,45.177042155
0.07554199,46.078358979,44.781645655
0.07558594,45.694460600,44.382194829
0.07562988,45.306485027,43.978698502
0.07567383,44.914448432,43.571171563
0.07571777,44.518371405,43.159635787
0.07576172,44.118279460,42.744120372
0.07580566,43.714203410,42.324662250
0.07584961,43.306179629,41.901306212
0.07589355,42.894250207,41.474104890
0.07593750,42.478463024,41.043118603
0.07598145,42.058871746,40.608415124
0.07602539,41.635535759,40.170069361
0.07606934,41.208520043,39.728162985
0.07611328,40.777895017,39.282784022
0.07615723,40.343736327,38.834026412
0.07620117,39.906124624,38.381989554
0.07624512,39.465145303,37.926777843
0.07628906,39.020888242,37.468500208
0.07633301,38.573447513,37.007269652
0.07637695,38.122921097,36.543202810
0.07642090,37.669410592,36.076419513
0.07646484,37.213020915,35.607042381
0.07650879,36.753860021,35.135196424
0.07655273,36.292038606,34.661008675
0.07659668,35.827267260,34.183781490
0.07664063,35.359684523,33.703778689
0.07668457,34.889455755,33.221293613
0.07672852,34.416743734,32.736588925
0.07677246,33.941708341,32.249902148
0.07681641,33.464506449,31.761450204
0.07686035,32.985291945,31.271433149
0.07690430,32.504215851,30.780037225
0.07694824,32.021426490,30.287437359
0.07699219,31.537069687,29.793799197
0.07703613,31.051288971,29.299280757
0.07708008,30.564225772,28.804033767
0.07712402,30.076019607,28.308204738
0.07716797,29.586808240,27.811935822
0.07721191,29.096727814,27.315365486
0.07725586,28.605912966,26.818629039
0.07729980,28.114496905,26.321859031
0.07734375,27.622611472,25.825185557
0.07738770,27.130387165,25.328736470
0.07743164,26.637953153,24.832637524
0.07747559,26.145437260,24.337012470
0.07751953,25.652965937,23.841983094
0.07756348,25.160664215,23.347669232
0.07760742,24.668663351,22.854196450
0.07765137,24.177125956,22.361742640
0.07769531,23.686241311,21.870544214
0.07773926,23.196189244,21.380817033
0.07778320,22.707149898,20.892784623
0.07782715,22.219238826,20.406533852
0.07787109,21.733079824,19.923234093
0.07791504,21.248740891,19.442798658
0.07795898,20.766089141,18.964742924
0.07800293,20.285042497,18.488743796
0.07804688,19.805527066,18.014527881
0.07809082,19.327376056,17.541641687
0.07813477,18.850703368,17.070267381
0.07817871,18.375625832,16.600581382
0.07822266,17.902259720,16.132750033
0.07826660,17.430718297,15.666927138
0.07831055,16.961110199,15.203252870
0.07835449,16.493538470,14.741853671
0.07839844,16.028100089,14.282842805
0.07844238,15.564885870,13.826321352
0.07848633,15.103980615,13.372379424
0.07853027,14.645463445,12.921097493
0.07857422,14.189408237,12.472547714
0.07861816,13.735884104,12.026795191
0.07866211,13.284955905,11.583899133
0.07870605,12.836684732,11.143913886
0.07875000,12.391128371,10.706889824
0.07879395,11.948341726,10.272874107
0.07883789,11.508377183,9.841911309
0.07888184,11.071284946,9.414043925
0.07892578,10.637113304,8.989312775
0.07896973,10.205909132,8.567757580
0.07901367,9.777720620,8.149420124
0.07905762,9.352597370,7.734347460
0.07910156,8.930542270,7.322486748
0.07914551,8.511592218,6.913865720
0.07918945,8.095801592,6.508551482
0.07923340,7.683221532,6.106603393
0.07927734,7.273900137,5.708074283
0.07932129,6.867882668,5.313011481
0.07936523,6.465211754,4.921457664
0.07940918,6.065927583,4.533451560
0.07945312,5.670068078,4.149028519
0.07949707,5.277669051,3.768220970
0.07954102,4.888764340,3.391058789
0.07958496,4.503385919,3.017569587
0.07962891,4.121563999,2.647778932
0.07967285,3.743327099,2.281710514
0.07971680,3.368702108,1.919386276
0.07976074,2.997714335,1.560826499
0.07980469,2.630387539,1.206049867
0.07984863,2.266743956,0.855073510
0.07989258,1.906804319,0.507913025
0.07993652,1.550587862,0.164582498
0.07998047,1.198112332,-0.174905493
0.08002441,0.849393992,-0.510539879
0.08006836,0.504447620,-0.842311093
0.08011230,0.163286511,-1.170211076
0.08015625,-0.174077519,-1.494233276
0.08020020,-0.507634136,-1.814372642
0.08024414,-0.837374480,-2.130625626
0.08028809,-1.163291161,-2.442990169
0.08033203,-1.485378252,-2.751465691
0.08037598,-1.803631280,-3.056053079
0.08041992,-2.118047209,-3.356754665
0.08046387,-2.428624160,-3.653573933
0.08050781,-2.735360694,-3.946513746
0.08055176,-3.038256693,-4.235578150
0.08059570,-3.337313964,-4.520773584
0.08063965,-3.632539653,-4.802112494
0.08068359,-3.923951454,-5.079625898
0.08072754,-4.211570766,-5.353351250
0.08077148,-4.495415857,-5.623317518
0.08081543,-4.775502662,-5.889547591
0.08085937,-5.051845432,-6.152060127
0.08090332,-5.324457286,-6.410870979
0.08094727,-5.593350657,-6.665994282
0.08099121,-5.858537674,-6.917443283
0.08103516,-6.120030467,-7.165230972
0.08107910,-6.377841418,-7.409370555
0.08112305,-6.631983375,-7.649875825
0.08116699,-6.882469819,-7.886761437
0.08121094,-7.129314958,-8.120043023
0.08125488,-7.372533786,-8.349737249
0.08129883,-7.612142130,-8.575861832
0.08134277,-7.848156686,-8.798435566
0.08138672,-8.080595057,-9.017478340
0.08143066,-8.309475791,-9.233011175
0.08147461,-8.534818418,-9.445056250
0.08151855,-8.756643486,-9.653636937
0.08156250,-8.832707839,-9.716513080
0.08160645,-8.879609480,-9.739707549
0.08165039,-8.913264047,-9.751170187
0.08169434,-8.938630048,-9.755648925
0.08173828,-8.958481219,-9.755827609
0.08178223,-8.974383453,-9.753394729
0.08182617,-8.987427092,-9.749465746
0.08187012,-8.998329012,-9.744721336
0.08191406,-9.007581647,-9.739582609
0.08195801,-9.015535356,-9.734311510
0.08200195,-9.022446751,-9.729069278
0.08204590,-9.028508600,-9.723952594
0.08208984,-9.033868662,-9.719018138
0.08213379,-9.038642247,-9.714296395
0.08217773,-9.042920692,-9.709801537
0.08222168,-9.046777270,-9.705537028
0.08226562,-9.050271434,-9.701498913
0.08230957,-9.053451930,-9.697678163
0.08235352,-9.056359098,-9.694062356
0.08239746,-9.059026611,-9.690636914
0.08244141,-9.061482757,-9.687385973
0.08248535,-9.063751880,-9.684292347
0.08252930,-9.065854610,-9.681348244
0.08257324,-9.067808594,-9.678542483
0.08261719,-9.069629042,-9.675862539
0.08266113,-9.071329150,-9.673295814
0.08270508,-9.072920439,-9.670830393
0.08274902,-9.074413011,-9.668455449
0.08279297,-9.075815769,-9.666161427
0.08283691,-9.077136588,-9.663940080
0.08288086,-9.078382460,-9.661784412
0.08292480,-9.079559612,-9.659688571
0.08296875,-9.080673607,-9.657647635
0.08301270,-9.081729427,-9.655657442
0.08305664,-9.082731547,-9.653714446
0.08310059,-9.083683997,-9.651815599
0.08314453,-9.084590414,-9.649958259
0.08318848,-9.085454090,-9.648140118
0.08323242,-9.086278013,-9.646359162
0.08327637,-9.087064896,-9.644613620
0.08332031,-9.087817215,-9.642901936
0.08336426,-9.088537228,-9.641222737
0.08340820,-9.089227001,-9.639574807
0.08345215,-9.089888428,-9.637957056
0.08349609,-9.090523248,-9.636368503
0.08354004,-9.091133060,-9.634808274
0.08358398,-9.091719337,-9.633275573
0.08362793,-9.092283434,-9.631769432
0.08367187,-9.092826605,-9.630288843
0.08371582,-9.093350010,-9.628832822
0.08375977,-9.093854725,-9.627400452
0.08380371,-9.094341749,-9.625990884
0.08384766,-9.094812011,-9.624603342
0.08389160,-9.095266377,-9.623237111
0.08393555,-9.095705651,-9.621891528
0.08397949,-9.096130586,-9.620565969
0.08402344,-9.096541885,-9.619259844
0.08406738,-9.096940206,-9.617972585
0.08411133,-9.097326162,-9.616703642
0.08415527,-9.097700332,-9.615452481
0.08419922,-9.098063257,-9.614218581
0.08424316,-9.098415443,-9.613001436
0.08428711,-9.098757370,-9.611800556
0.08433105,-9.099089488,-9.610615471
0.08437500,-9.099412219,-9.609445730
0.08441895,-9.099725963,-9.608290902
0.08446289,-9.100031097,-9.607150577
0.08450684,-9.100327978,-9.606024369
0.08455078,-9.100616942,-9.604911909
0.08459473,-9.100898306,-9.603812848
0.08463867,-9.101172374,-9.602726858
0.08468262,-9.101439430,-9.601653624
0.08472656,-9.101699745,-9.600592849
0.08477051,-9.101953576,-9.599544247
0.08481445,-9.102201167,-9.598507545
0.08485840,-9.102442750,-9.597482483
0.08490234,-9.102678546,-9.596468808
0.08494629,-9.102908763,-9.595466276
0.08499023,-9.103133602,-9.594474653
0.08503418,-9.103353253,-9.593493712
0.08507812,-9.103567897,-9.592523239
0.08512207,-9.103777707,-9.591563026
0.08516602,-9.103982847,-9.590612877
0.08520996,-9.104183476,-9.589672609
0.08525391,-9.104379743,-9.588742045
0.08529785,-9.104571792,-9.587821021
0.08534180,-9.104759761,-9.586909379
0.08538574,-9.104943782,-9.586006971
0.08542969,-9.105123981,-9.585113649
0.08547363,-9.105300477,-9.584229273
0.08551758,-9.105473387,-9.583353701
0.08556152,-9.105642821,-9.582486792
0.08560547,-9.105808885,-9.581628400
0.08564941,-9.105971681,-9.580778376
0.08569336,-9.106131307,-9.579936564
0.08573730,-9.106287857,-9.579102800
0.08578125,-9.106441420,-9.578276913
0.08582520,-9.106592082,-9.577458721
0.08586914,-9.106739928,-9.576648033
0.08591309,-9.106885036,-9.575844649
0.08595703,-9.107027483,-9.575048359
0.08600098,-9.107167344,-9.574258945
0.08604492,-9.107304688,-9.573476179
0.08608887,-9.107439585,-9.572699829
0.08613281,-9.107572100,-9.571929652
0.08617676,-9.107702297,-9.571165406
0.08622070,-9.107830236,-9.570406840
0.08626465,-9.107955977,-9.569653705
0.08630859,-9.108079576,-9.568905750
0.08635254,-9.108201087,-9.568162723
0.08639648,-9.108320565,-9.567424377
0.08644043,-9.108438060,-9.566690466
0.08648438,-9.108553620,-9.565960751
0.08652832,-9.108667295,-9.565234996
0.08657227,-9.108779129,-9.564512974
0.08661621,-9.108889168,-9.563794467
0.08666016,-9.108997454,-9.563079263
0.08670410,-9.109104029,-9.562367161
0.08674805,-9.109208933,-9.561657970
0.08679199,-9.109312205,-9.560951511
0.08683594,-9.109413884,-9.560247613
0.08687988,-9.109514006,-9.559546118
0.08692383,-9.109612606,-9.558846881
0.08696777,-9.109709719,-9.558149765
0.08701172,-9.109805378,-9.557454648
0.08705566,-9.109899615,-9.556761416
0.08709961,-9.109992463,-9.556069969
0.08714355,-9.110083952,-9.555380216
0.08718750,-9.110174110,-9.554692078
0.08723145,-9.110262968,-9.554005484
0.08727539,-9.110350553,-9.553320376
0.08731934,-9.110436891,-9.552636703
0.08736328,-9.110522011,-9.551954423
0.08740723,-9.110605937,-9.551273504
0.08745117,-9.110688694,-9.550593918
0.08749512,-9.110770306,-9.549915650
0.08753906,-9.110850798,-9.549238686
0.08758301,-9.110930192,-9.548563022
0.08762695,-9.111008510,-9.547888657
0.08767090,-9.111085775,-9.547215599
0.08771484,-9.111162007,-9.546543861
0.08775879,-9.111237227,-9.545873463
0.08780273,-9.111311456,-9.545204427
0.08784668,-9.111384712,-9.544536766
0.08789062,-9.111457016,-9.543870481
0.08793457,-9.111528384,-9.543205558
0.08797852,-9.111598836,-9.542541962
0.08802246,-9.111668389,-9.541879637
0.08806641,-9.111737059,-9.541218510
0.08811035,-9.111804864,-9.540558488
0.08815430,-9.111871819,-9.539899469
0.08819824,-9.111937939,-9.539241339
0.08824219,-9.112003241,-9.538583981
0.08828613,-9.112067739,-9.537927280
0.08833008,-9.112131448,-9.537271128
0.08837402,-9.112194382,-9.536615427
0.08841797,-9.112256554,-9.535960096
0.08846191,-9.112317978,-9.535305073
0.08850586,-9.112378668,-9.534650318
0.08854980,-9.112438636,-9.533995818
0.08859375,-9.112497895,-9.533341586
0.08863770,-9.112556458,-9.532687664
0.08868164,-9.112614337,-9.532034123
0.08872559,-9.112671544,-9.531381062
0.08876953,-9.112728090,-9.530728608
0.08881348,-9.112783987,-9.530076917
0.08885742,-9.112839247,-9.529426167
0.08890137,-9.112893880,-9.528776563
0.08894531,-9.112947898,-9.528128329
0.08898926,-9.113001312,-9.527481708
0.08903320,-9.113054131,-9.526836959
0.08907715,-9.113106366,-9.526194357
0.08912109,-9.113158028,-9.525554185
0.08916504,-9.113209126,-9.524916735
0.08920898,-9.113259670,-9.524282304
0.08925293,-9.113309669,-9.523651193
0.08929687,-9.113359134,-9.523023703
0.08934082,-9.113408073,-9.522400132
0.08938477,-9.113456496,-9.521780774
0.08942871,-9.113504411,-9.521165917
0.08947266,-9.113551827,-9.520555841
0.08951660,-9.113598752,-9.519950817
0.08956055,-9.113645196,-9.519351101
0.08960449,-9.113691165,-9.518756941
0.08964844,-9.113736669,-9.518168568
0.08969238,-9.113781714,-9.517586198
0.08973633,-9.113826310,-9.517010034
0.08978027,-9.113870462,-9.516440260
0.08982422,-9.113914179,-9.515877045
0.08986816,-9.113957468,-9.515320539
0.08991211,-9.114000336,-9.514770877
0.08995605,-9.114042789,-9.514228175
0.09000000,-9.114084835,-9.513692531
0.09004395,-9.114126480,-9.513164029
0.09008789,-9.114167731,-9.512642733
0.09013184,-9.114208593,-9.512128690
0.09017578,-9.114249073,-9.511621935
0.09021973,-9.114289177,-9.511122482
0.09026367,-9.114328912,-9.510630333
0.09030762,-9.114368281,-9.510145475
0.09035156,-9.114407293,-9.509667880
0.09039551,-9.114445950,-9.509197507
0.09043945,-9.114484260,-9.508734303
0.09048340,-9.114522228,-9.508278204
0.09052734,-9.114559858,-9.507829131
0.09057129,-9.114597155,-9.507386999
0.09061523,-9.114634125,-9.506951711
0.09065918,-9.114670772,-9.506523161
0.09070312,-9.114707102,-9.506101236
0.09074707,-9.114743117,-9.505685815
0.09079102,-9.114778824,-9.505276770
0.09083496,-9.114814226,-9.504873967
0.09087891,-9.114849327,-9.504477268
0.09092285,-9.114884133,-9.504086529
0.09096680,-9.114918646,-9.503701602
0.09101074,-9.114952871,-9.503322337
0.09105469,-9.114986812,-9.502948580
0.09109863,-9.115020473,-9.502580177
0.09114258,-9.115053857,-9.502216970
0.09118652,-9.115086968,-9.501858801
0.09123047,-9.115119810,-9.501505512
0.09127441,-9.115152387,-9.501156945
0.09131836,-9.115184700,-9.500812942
0.09136230,-9.115216755,-9.500473345
0.09140625,-9.115248554,-9.500137997
0.09145020,-9.115280101,-9.499806745
0.09149414,-9.115311399,-9.499479435
0.09153809,-9.115342450,-9.499155915
0.09158203,-9.115373259,-9.498836038
0.09162598,-9.115403827,-9.498519656
0.09166992,-9.115434158,-9.498206625
0.09171387,-9.115464255,-9.497896805
0.09175781,-9.115494121,-9.497590057
0.09180176,-9.115523758,-9.497286247
0.09184570,-9.115553168,-9.496985241
0.09188965,-9.115582356,-9.496686911
0.09193359,-9.115611323,-9.496391131
0.09197754,-9.115640072,-9.496097779
0.09202148,-9.115668605,-9.495806735
0.09206543,-9.115696926,-9.495517884
0.09210937,-9.115725035,-9.495231114
0.09215332,-9.115752937,-9.494946315
0.09219727,-9.115780633,-9.494663381
0.09224121,-9.115808125,-9.494382210
0.09228516,-9.115835415,-9.494102703
0.09232910,-9.115862507,-9.493824763
0.09237305,-9.115889402,-9.493548297
0.09241699,-9.115916102,-9.493273216
0.09246094,-9.115942610,-9.492999434
0.09250488,-9.115968927,-9.492726866
0.09254883,-9.115995056,-9.492455432
0.09259277,-9.116020998,-9.492185055
0.09263672,-9.116046757,-9.491915659
0.09268066,-9.116072332,-9.491647173
0.09272461,-9.116097727,-9.491379528
0.09276855,-9.116122944,-9.491112658
0.09281250,-9.116147984,-9.490846498
0.09285645,-9.116172849,-9.490580988
0.09290039,-9.116197541,-9.490316070
0.09294434,-9.116222062,-9.490051686
0.09298828,-9.116246413,-9.489787784
0.09303223,-9.116270596,-9.489524312
0.09307617,-9.116294614,-9.489261221
0.09312012,-9.116318467,-9.488998465
0.09316406,-9.116342157,-9.488735999
0.09320801,-9.116365686,-9.488473782
0.09325195,-9.116389056,-9.488211771
0.09329590,-9.116412268,-9.487949930
0.09333984,-9.116435324,-9.487688222
0.09338379,-9.116458225,-9.487426612
0.09342773,-9.116480973,-9.487165069
0.09347168,-9.116503569,-9.486903560
0.09351562,-9.116526014,-9.486642058
0.09355957,-9.116548312,-9.486380534
0.09360352,-9.116570461,-9.486118963
0.09364746,-9.116592465,-9.485857320
0.09369141,-9.116614324,-9.485595583
0.09373535,-9.116636041,-9.485333731
0.09377930,-9.116657615,-9.485071743
0.09382324,-9.116679049,-9.484809601
0.09386719,-9.116700345,-9.484547287
0.09391113,-9.116721502,-9.484284787
0.09395508,-9.116742523,-9.484022084
0.09399902,-9.116763409,-9.483759165
0.09404297,-9.116784161,-9.483496018
0.09408691,-9.116804780,-9.483232631
0.09413086,-9.116825268,-9.482968993
0.09417480,-9.116845626,-9.482705096
0.09421875,-9.116865855,-9.482440931
0.09426270,-9.116885956,-9.482176489
0.09430664,-9.116905931,-9.481911765
0.09435059,-9.116925780,-9.481646752
0.09439453,-9.116945504,-9.481381446
0.09443848,-9.116965106,-9.481115842
0.09448242,-9.116984586,-9.480849936
0.09452637,-9.117003944,-9.480583726
0.09457031,-9.117023183,-9.480317209
0.09461426,-9.117042303,-9.480050384
0.09465820,-9.117061306,-9.479783250
0.09470215,-9.117080191,-9.479515807
0.09474609,-9.117098962,-9.479248054
0.09479004,-9.117117617,-9.478979994
0.09483398,-9.117136159,-9.478711626
0.09487793,-9.117154589,-9.478442954
0.09492188,-9.117172907,-9.478173978
0.09496582,-9.117191114,-9.477904702
0.09500977,-9.117209212,-9.477635130
0.09505371,-9.117227202,-9.477365264
0.09509766,-9.117245083,-9.477095109
0.09514160,-9.117262858,-9.476824669
0.09518555,-9.117280527,-9.476553949
0.09522949,-9.117298091,-9.476282953
0.09527344,-9.117315552,-9.476011688
0.09531738,-9.117332909,-9.475740158
0.09536133,-9.117350164,-9.475468370
0.09540527,-9.117367317,-9.475196330
0.09544922,-9.117384370,-9.474924044
0.09549316,-9.117401324,-9.474651519
0.09553711,-9.117418179,-9.474378761
0.09558105,-9.117434936,-9.474105779
0.09562500,-9.117451596,-9.473832579
0.09566895,-9.117468159,-9.473559168
0.09571289,-9.117484627,-9.473285554
0.09575684,-9.117501001,-9.473011746
0.09580078,-9.117517281,-9.472737750
0.09584473,-9.117533467,-9.472463574
0.09588867,-9.117549562,-9.472189228
0.09593262,-9.117565565,-9.471914719
0.09597656,-9.117581477,-9.471640056
0.09602051,-9.117597299,-9.471365246
0.09606445,-9.117613032,-9.471090298
0.09610840,-9.117628677,-9.470815222
0.09615234,-9.117644234,-9.470540025
0.09619629,-9.117659703,-9.470264716
0.09624023,-9.117675087,-9.469989304
0.09628418,-9.117690384,-9.469713798
0.09632813,-9.117705597,-9.469438206
0.09637207,-9.117720726,-9.469162537
0.09641602,-9.117735771,-9.468886801
0.09645996,-9.117750733,-9.468611005
0.09650391,-9.117765613,-9.468335158
0.09654785,-9.117780412,-9.468059270
0.09659180,-9.117795129,-9.467783349
0.09663574,-9.117809767,-9.467507405
0.09667969,-9.117824325,-9.467231445
0.09672363,-9.117838804,-9.466955478
0.09676758,-9.117853204,-9.466679514
0.09681152,-9.117867527,-9.466403561
0.09685547,-9.117881773,-9.466127628
0.09689941,-9.117895943,-9.465851723
0.09694336,-9.117910036,-9.465575855
0.09698730,-9.117924055,-9.465300033
0.09703125,-9.117937999,-9.465024423
0.09707520,-9.117951869,-9.464749407
0.09711914,-9.117965667,-9.464475290
0.09716309,-9.117979392,-9.464202313
0.09720703,-9.117993045,-9.463930663
0.09725098,-9.118006628,-9.463660483
0.09729492,-9.118020140,-9.463391879
0.09733887,-9.118033582,-9.463124925
0.09738281,-9.118046955,-9.462859673
0.09742676,-9.118060260,-9.462596152
0.09747070,-9.118073497,-9.462334377
0.09751465,-9.118086666,-9.462074347
0.09755859,-9.118099769,-9.461816051
0.09760254,-9.118112805,-9.461559471
0.09764648,-9.118125776,-9.461304581
0.09769043,-9.118138681,-9.461051349
0.09773437,-9.118151522,-9.460799742
0.09777832,-9.118164299,-9.460549722
0.09782227,-9.118177012,-9.460301249
0.09786621,-9.118189662,-9.460054283
0.09791016,-9.118202249,-9.459808782
0.09795410,-9.118214774,-9.459564705
0.09799805,-9.118227238,-9.459322010
0.09804199,-9.118239640,-9.459080658
0.09808594,-9.118251982,-9.458840609
0.09812988,-9.118264264,-9.458601822
0.09817383,-9.118276486,-9.458364260
0.09821777,-9.118288648,-9.458127887
0.09826172,-9.118300752,-9.457892667
0.09830566,-9.118312797,-9.457658565
0.09834961,-9.118324785,-9.457425549
0.09839355,-9.118336715,-9.457193587
0.09843750,-9.118348588,-9.456962649
0.09848145,-9.118360404,-9.456732706
0.09852539,-9.118372164,-9.456503730
0.09856934,-9.118383868,-9.456275695
0.09861328,-9.118395517,-9.456048575
0.09865723,-9.118407111,-9.455822346
0.09870117,-9.118418651,-9.455596987
0.09874512,-9.118430136,-9.455372474
0.09878906,-9.118441567,-9.455148787
0.09883301,-9.118452945,-9.454925907
0.09887695,-9.118464270,-9.454703815
0.09892090,-9.118475542,-9.454482492
0.09896484,-9.118486763,-9.454261923
0.09900879,-9.118497931,-9.454042092
0.09905273,-9.118509048,-9.453822982
0.09909668,-9.118520113,-9.453604580
0.09914062,-9.118531128,-9.453386872
0.09918457,-9.118542093,-9.453169845
0.09922852,-9.118553007,-9.452953487
0.09927246,-9.118563872,-9.452737786
0.09931641,-9.118574688,-9.452522731
0.09936035,-9.118585454,-9.452308311
0.09940430,-9.118596172,-9.452094517
0.09944824,-9.118606842,-9.451881340
0.09949219,-9.118617463,-9.451668769
0.09953613,-9.118628037,-9.451456798
0.09958008,-9.118638564,-9.451245417
0.09962402,-9.118649044,-9.451034620
0.09966797,-9.118659477,-9.450824398
0.09971191,-9.118669863,-9.450614746
0.09975586,-9.118680204,-9.450405656
0.09979980,-9.118690499,-9.450197122
0.09984375,-9.118700749,-9.449989140
0.09988770,-9.118710953,-9.449781702
0.09993164,-9.118721113,-9.449574804
0.09997559,-9.118731229,-9.449368441
0.10001953,-9.118741300,-9.449162607
0.10006348,-9.118751327,-9.448957300
0.10010742,-9.118761311,-9.448752513
0.10015137,-9.118771252,-9.448548244
0.10019531,-9.118781149,-9.448344488
0.10023926,-9.118791004,-9.448141242
0.10028320,-9.118800816,-9.447938501
0.10032715,-9.118810587,-9.447736264
0.10037109,-9.118820315,-9.447534526
0.10041504,-9.118830002,-9.447333285
0.10045898,-9.118839648,-9.447132538
0.10050293,-9.118849252,-9.446932282
0.10054687,-9.118858816,-9.446732514
0.10059082,-9.118868340,-9.446533232
0.10063477,-9.118877823,-9.446334434
0.10067871,-9.118887266,-9.446136117
0.10072266,-9.118896669,-9.445938280
0.10076660,-9.118906034,-9.445740920
0.10081055,-9.118915358,-9.445544035
0.10085449,-9.118924644,-9.445347623
0.10089844,-9.118933892,-9.445151683
0.10094238,-9.118943101,-9.444956213
0.10098633,-9.118952271,-9.444761211
0.10103027,-9.118961404,-9.444566676
0.10107422,-9.118970499,-9.444372605
0.10111816,-9.118979557,-9.444178999
0.10116211,-9.118988577,-9.443985854
0.10120605,-9.118997561,-9.443793171
0.10125000,-9.119006507,-9.443600947
0.10129395,-9.119015418,-9.443409182
0.10133789,-9.119024292,-9.443217874
0.10138184,-9.119033130,-9.443027022
0.10142578,-9.119041932,-9.442836624
0.10146973,-9.119050698,-9.442646681
0.10151367,-9.119059430,-9.442457190
0.10155762,-9.119068126,-9.442268151
0.10160156,-9.119076787,-9.442079563
0.10164551,-9.119085413,-9.441891425
0.10168945,-9.119094005,-9.441703735
0.10173340,-9.119102563,-9.441516494
0.10177734,-9.119111086,-9.441329699
0.10182129,-9.119119576,-9.441143351
0.10186523,-9.119128032,-9.440957448
0.10190918,-9.119136455,-9.440771989
0.10195312,-9.119144844,-9.440586974
0.10199707,-9.119153201,-9.440402402
0.10204102,-9.119161524,-9.440218272
0.10208496,-9.119169815,-9.440034583
0.10212891,-9.119178074,-9.439851335
0.10217285,-9.119186300,-9.439668527
0.10221680,-9.119194494,-9.439486158
0.10226074,-9.119202657,-9.439304227
0.10230469,-9.119210788,-9.439122733
0.10234863,-9.119218887,-9.438941677
0.10239258,-9.119226955,-9.438761056
0.10243652,-9.119234992,-9.438580872
0.10248047,-9.119242998,-9.438401121
0.10252441,-9.119250974,-9.438221805
0.10256836,-9.119258919,-9.438042923
0.10261230,-9.119266834,-9.437864473
0.10265625,-9.119274718,-9.437686455
0.10270020,-9.119282572,-9.437508868
0.10274414,-9.119290397,-9.437331713
0.10278809,-9.119298192,-9.437154987
0.10283203,-9.119305958,-9.436978690
0.10287598,-9.119313694,-9.436802822
0.10291992,-9.119321402,-9.436627382
0.10296387,-9.119329080,-9.436452369
0.10300781,-9.119336729,-9.436277783
0.10305176,-9.119344350,-9.436103623
0.10309570,-9.119351943,-9.435929887
0.10313965,-9.119359507,-9.435756577
0.10318359,-9.119367044,-9.435583690
0.10322754,-9.119374552,-9.435411227
0.10327148,-9.119382032,-9.435239186
0.10331543,-9.119389485,-9.435067567
0.10335937,-9.119396911,-9.434896369
0.10340332,-9.119404309,-9.434725591
0.10344727,-9.119411680,-9.434555234
0.10349121,-9.119419024,-9.434385295
0.10353516,-9.119426341,-9.434215775
0.10357910,-9.119433632,-9.434046674
0.10362305,-9.119440896,-9.433877991
0.10366699,-9.119448134,-9.433709727
0.10371094,-9.119455345,-9.433541882
0.10375488,-9.119462531,-9.433374456
0.10379883,-9.119469690,-9.433207450
0.10384277,-9.119476824,-9.433040864
0.10388672,-9.119483932,-9.432874698
0.10393066,-9.119491015,-9.432708952
0.10397461,-9.119498072,-9.432543622
0.10401855,-9.119505105,-9.432378706
0.10406250,-9.119512112,-9.432214201
0.10410645,-9.119519094,-9.432050101
0.10415039,-9.119526051,-9.431886397
0.10419434,-9.119532984,-9.431723082
0.10423828,-9.119539892,-9.431560145
0.10428223,-9.119546776,-9.431397573
0.10432617,-9.119553636,-9.431235352
0.10437012,-9.119560471,-9.431073465
0.10441406,-9.119567283,-9.430911897
0.10445801,-9.119574071,-9.430750627
0.10450195,-9.119580834,-9.430589635
0.10454590,-9.119587575,-9.430428901
0.10458984,-9.119594292,-9.430268402
0.10463379,-9.119600985,-9.430108117
0.10467773,-9.119607655,-9.429948023
0.10472168,-9.119614302,-9.429788098
0.10476563,-9.119620926,-9.429628320
0.10480957,-9.119627527,-9.429468668
0.10485352,-9.119634106,-9.429309122
0.10489746,-9.119640661,-9.429149662
0.10494141,-9.119647194,-9.428990273
0.10498535,-9.119653705,-9.428830938
0.10502930,-9.119660193,-9.428671643
0.10507324,-9.119666659,-9.428512376
0.10511719,-9.119673103,-9.428353129
0.10516113,-9.119679525,-9.428193894
0.10520508,-9.119685925,-9.428034666
0.10524902,-9.119692304,-9.427875444
0.10529297,-9.119698660,-9.427716226
0.10533691,-9.119704995,-9.427557017
0.10538086,-9.119711309,-9.427397821
0.10542480,-9.119717601,-9.427238646
0.10546875,-9.119723872,-9.427079502
0.10551270,-9.119730122,-9.426920401
0.10555664,-9.119736350,-9.426761360
0.10560059,-9.119742558,-9.426602393
0.10564453,-9.119748745,-9.426443521
0.10568848,-9.119754912,-9.426284764
0.10573242,-9.119761057,-9.426126145
0.10577637,-9.119767183,-9.425967688
0.10582031,-9.119773288,-9.425809420
0.10586426,-9.119779372,-9.425651368
0.10590820,-9.119785437,-9.425493561
0.10595215,-9.119791481,-9.425336028
0.10599609,-9.119797506,-9.425178800
0.10604004,-9.119803510,-9.425021909
0.10608398,-9.119809495,-9.424865387
0.10612793,-9.119815461,-9.424709267
0.10617187,-9.119821407,-9.424553583
0.10621582,-9.119827333,-9.424398367
0.10625977,-9.119833240,-9.424243654
0.10630371,-9.119839128,-9.424089477
0.10634766,-9.119844997,-9.423935871
0.10639160,-9.119850847,-9.423782868
0.10643555,-9.119856678,-9.423630503
0.10647949,-9.119862491,-9.423478807
0.10652344,-9.119868285,-9.423327814
0.10656738,-9.119874060,-9.423177556
0.10661133,-9.119879817,-9.423028063
0.10665527,-9.119885555,-9.422879366
0.10669922,-9.119891276,-9.422731496
0.10674316,-9.119896978,-9.422584481
0.10678711,-9.119902662,-9.422438349
0.10683105,-9.119908329,-9.422293127
0.10687500,-9.119913978,-9.422148843
0.10691895,-9.119919608,-9.422005521
0.10696289,-9.119925222,-9.421863186
0.10700684,-9.119930818,-9.421721860
0.10705078,-9.119936396,-9.421581566
0.10709473,-9.119941958,-9.421442324
0.10713867,-9.119947502,-9.421304156
0.10718262,-9.119953029,-9.421167079
0.10722656,-9.119958539,-9.421031111
0.10727051,-9.119964032,-9.420896269
0.10731445,-9.119969509,-9.420762568
0.10735840,-9.119974969,-9.420630023
0.10740234,-9.119980412,-9.420498646
0.10744629,-9.119985839,-9.420368449
0.10749023,-9.119991250,-9.420239444
0.10753418,-9.119996644,-9.420111639
0.10757812,-9.120002022,-9.419985045
0.10762207,-9.120007384,-9.419859668
0.10766602,-9.120012730,-9.419735516
0.10770996,-9.120018060,-9.419612593
0.10775391,-9.120023374,-9.419490904
0.10779785,-9.120028673,-9.419370453
0.10784180,-9.120033956,-9.419251243
0.10788574,-9.120039223,-9.419133275
0.10792969,-9.120044475,-9.419016550
0.10797363,-9.120049712,-9.418901068
0.10801758,-9.120054933,-9.418786828
0.10806152,-9.120060140,-9.418673828
0.10810547,-9.120065331,-9.418562066
0.10814941,-9.120070507,-9.418451538
0.10819336,-9.120075668,-9.418342239
0.10823730,-9.120080815,-9.418234166
0.10828125,-9.120085946,-9.418127313
0.10832520,-9.120091063,-9.418021673
0.10836914,-9.120096166,-9.417917239
0.10841309,-9.120101254,-9.417814005
0.10845703,-9.120106327,-9.417711961
0.10850098,-9.120111386,-9.417611100
0.10854492,-9.120116431,-9.417511411
0.10858887,-9.120121462,-9.417412886
0.10863281,-9.120126478,-9.417315514
0.10867676,-9.120131481,-9.417219285
0.10872070,-9.120136469,-9.417124186
0.10876465,-9.120141444,-9.417030208
0.10880859,-9.120146405,-9.416937337
0.10885254,-9.120151352,-9.416845561
0.10889648,-9.120156285,-9.416754869
0.10894043,-9.120161205,-9.416665246
0.10898437,-9.120166112,-9.416576680
0.10902832,-9.120171005,-9.416489157
0.10907227,-9.120175884,-9.416402663
0.10911621,-9.120180750,-9.416317185
0.10916016,-9.120185603,-9.416232708
0.10920410,-9.120190443,-9.416149217
0.10924805,-9.120195270,-9.416066699
0.10929199,-9.120200083,-9.415985138
0.10933594,-9.120204884,-9.415904521
0.10937988,-9.120209672,-9.415824831
0.10942383,-9.120214446,-9.415746053
0.10946777,-9.120219209,-9.415668174
0.10951172,-9.120223958,-9.415591177
0.10955566,-9.120228695,-9.415515048
0.10959961,-9.120233419,-9.415439771
0.10964355,-9.120238130,-9.415365331
0.10968750,-9.120242829,-9.415291712
0.10973145,-9.120247516,-9.415218899
0.10977539,-9.120252190,-9.415146877
0.10981934,-9.120256852,-9.415075630
0.10986328,-9.120261502,-9.415005143
0.10990723,-9.120266140,-9.414935399
0.10995117,-9.120270765,-9.414866384
0.10999512,-9.120275378,-9.414798082
0.11003906,-9.120279980,-9.414730477
0.11008301,-9.120284569,-9.414663554
0.11012695,-9.120289146,-9.414597297
0.11017090,-9.120293712,-9.414531690
0.11021484,-9.120298266,-9.414466717
0.11025879,-9.120302808,-9.414402364
0.11030273,-9.120307338,-9.414338613
0.11034668,-9.120311857,-9.414275451
0.11039062,-9.120316364,-9.414212859
0.11043457,-9.120320859,-9.414150824
0.11047852,-9.120325344,-9.414089329
0.11052246,-9.120329816,-9.414028359
0.11056641,-9.120334277,-9.413967898
0.11061035,-9.120338727,-9.413907930
0.11065430,-9.120343166,-9.413848440
0.11069824,-9.120347593,-9.413789413
0.11074219,-9.120352009,-9.413730832
0.11078613,-9.120356414,-9.413672682
0.11083008,-9.120360808,-9.413614949
0.11087402,-9.120365191,-9.413557616
0.11091797,-9.120369563,-9.413500668
0.11096191,-9.120373923,-9.413444091
0.11100586,-9.120378273,-9.413387868
0.11104980,-9.120382612,-9.413331986
0.11109375,-9.120386940,-9.413276429
0.11113770,-9.120391257,-9.413221183
0.11118164,-9.120395564,-9.413166233
0.11122559,-9.120399860,-9.413111563
0.11126953,-9.120404145,-9.413057161
0.11131348,-9.120408419,-9.413003012
0.11135742,-9.120412683,-9.412949101
0.11140137,-9.120416937,-9.412895416
0.11144531,-9.120421180,-9.412841941
0.11148926,-9.120425412,-9.412788663
0.11153320,-9.120429634,-9.412735569
0.11157715,-9.120433845,-9.412682646
0.11162109,-9.120438047,-9.412629881
0.11166504,-9.120442237,-9.412577259
0.11170898,-9.120446418,-9.412524770
0.11175293,-9.120450588,-9.412472400
0.11179687,-9.120454749,-9.412420138
0.11184082,-9.120458899,-9.412367969
0.11188477,-9.120463038,-9.412315884
0.11192871,-9.120467168,-9.412263871
0.11197266,-9.120471288,-9.412211916
0.11201660,-9.120475397,-9.412160010
0.11206055,-9.120479497,-9.412108142
0.11210449,-9.120483587,-9.412056300
0.11214844,-9.120487667,-9.412004473
0.11219238,-9.120491737,-9.411952652
0.11223633,-9.120495797,-9.411900826
0.11228027,-9.120499847,-9.411848986
0.11232422,-9.120503887,-9.411797120
0.11236816,-9.120507918,-9.411745220
0.11241211,-9.120511939,-9.411693277
0.11245605,-9.120515950,-9.411641281
0.11250000,-9.120519952,-9.411589224
0.11254395,-9.120523944,-9.411537096
0.11258789,-9.120527927,-9.411484890
0.11263184,-9.120531899,-9.411432597
0.11267578,-9.120535863,-9.411380208
0.11271973,-9.120539817,-9.411327718
0.11276367,-9.120543761,-9.411275117
0.11280762,-9.120547696,-9.411222398
0.11285156,-9.120551622,-9.411169555
0.11289551,-9.120555538,-9.411116580
0.11293945,-9.120559445,-9.411063467
0.11298340,-9.120563343,-9.411010209
0.11302734,-9.120567231,-9.410956799
0.11307129,-9.120571110,-9.410903233
0.11311523,-9.120574980,-9.410849503
0.11315918,-9.120578841,-9.410795605
0.11320313,-9.120582692,-9.410741532
0.11324707,-9.120586535,-9.410687280
0.11329102,-9.120590368,-9.410632842
0.11333496,-9.120594192,-9.410578216
0.11337891,-9.120598008,-9.410523395
0.11342285,-9.120601814,-9.410468375
0.11346680,-9.120605611,-9.410413152
0.11351074,-9.120609399,-9.410357721
0.11355469,-9.120613179,-9.410302079
0.11359863,-9.120616949,-9.410246222
0.11364258,-9.120620711,-9.410190146
0.11368652,-9.120624464,-9.410133848
0.11373047,-9.120628208,-9.410077324
0.11377441,-9.120631943,-9.410020571
0.11381836,-9.120635669,-9.409963587
0.11386230,-9.120639387,-9.409906368
0.11390625,-9.120643096,-9.409848911
0.11395020,-9.120646796,-9.409791215
0.11399414,-9.120650488,-9.409733276
0.11403809,-9.120654171,-9.409675093
0.11408203,-9.120657845,-9.409616664
0.11412598,-9.120661511,-9.409557986
0.11416992,-9.120665169,-9.409499057
0.11421387,-9.120668818,-9.409439877
0.11425781,-9.120672458,-9.409380443
0.11430176,-9.120676090,-9.409320754
0.11434570,-9.120679713,-9.409260809
0.11438965,-9.120683328,-9.409200606
0.11443359,-9.120686935,-9.409140145
0.11447754,-9.120690533,-9.409079424
0.11452148,-9.120694123,-9.409018443
0.11456543,-9.120697705,-9.408957201
0.11460937,-9.120701278,-9.408895697
0.11465332,-9.120704843,-9.408833931
0.11469727,-9.120708400,-9.408771902
0.11474121,-9.120711948,-9.408709610
0.11478516,-9.120715489,-9.408647055
0.11482910,-9.120719021,-9.408584237
0.11487305,-9.120722545,-9.408521156
0.11491699,-9.120726061,-9.408457811
0.11496094,-9.120729569,-9.408394203
0.11500488,-9.120733069,-9.408330332
0.11504883,-9.120736561,-9.408266198
0.11509277,-9.120740045,-9.408201802
0.11513672,-9.120743521,-9.408137144
0.11518066,-9.120746989,-9.408072225
0.11522461,-9.120750449,-9.408007044
0.11526855,-9.120753901,-9.407941604
0.11531250,-9.120757345,-9.407875905
0.11535645,-9.120760781,-9.407809946
0.11540039,-9.120764209,-9.407743731
0.11544434,-9.120767630,-9.407677258
0.11548828,-9.120771043,-9.407610529
0.11553223,-9.120774448,-9.407543545
0.11557617,-9.120777845,-9.407476308
0.11562012,-9.120781235,-9.407408818
0.11566406,-9.120784617,-9.407341076
0.11570801,-9.120787991,-9.407273084
0.11575195,-9.120791357,-9.407204844
0.11579590,-9.120794716,-9.407136355
0.11583984,-9.120798067,-9.407067620
0.11588379,-9.120801411,-9.406998640
0.11592773,-9.120804747,-9.406929416
0.11597168,-9.120808076,-9.406859951
0.11601562,-9.120811397,-9.406790244
0.11605957,-9.120814710,-9.406720299
0.11610352,-9.120818016,-9.406650116
0.11614746,-9.120821315,-9.406579697
0.11619141,-9.120824606,-9.406509044
0.11623535,-9.120827890,-9.406438159
0.11627930,-9.120831166,-9.406367042
0.11632324,-9.120834435,-9.406295696
0.11636719,-9.120837697,-9.406224123
0.11641113,-9.120840951,-9.406152323
0.11645508,-9.120844199,-9.406080300
0.11649902,-9.120847438,-9.406008054
0.11654297,-9.120850671,-9.405935588
0.11658691,-9.120853896,-9.405862903
0.11663086,-9.120857114,-9.405790002
0.11667480,-9.120860325,-9.405716885
0.11671875,-9.120863529,-9.405643555
0.11676270,-9.120866725,-9.405570013
0.11680664,-9.120869915,-9.405496262
0.11685059,-9.120873097,-9.405422304
0.11689453,-9.120876273,-9.405348139
0.11693848,-9.120879441,-9.405273771
0.11698242,-9.120882602,-9.405199200
0.11702637,-9.120885756,-9.405124429
0.11707031,-9.120888903,-9.405049460
0.11711426,-9.120892044,-9.404974294
0.11715820,-9.120895177,-9.404898933
0.11720215,-9.120898303,-9.404823380
0.11724609,-9.120901422,-9.404747635
0.11729004,-9.120904535,-9.404671701
0.11733398,-9.120907641,-9.404595580
0.11737793,-9.120910739,-9.404519273
0.11742187,-9.120913831,-9.404442782
0.11746582,-9.120916916,-9.404366109
0.11750977,-9.120919995,-9.404289256
0.11755371,-9.120923066,-9.404212225
0.11759766,-9.120926131,-9.404135017
0.11764160,-9.120929189,-9.404057634
0.11768555,-9.120932241,-9.403980079
0.11772949,-9.120935285,-9.403902352
0.11777344,-9.120938323,-9.403824456
0.11781738,-9.120941355,-9.403746393
0.11786133,-9.120944379,-9.403668165
0.11790527,-9.120947398,-9.403589772
0.11794922,-9.120950409,-9.403511218
0.11799316,-9.120953414,-9.403432504
0.11803711,-9.120956413,-9.403353632
0.11808105,-9.120959404,-9.403274604
0.11812500,-9.120962390,-9.403195422
0.11816895,-9.120965369,-9.403116088
0.11821289,-9.120968341,-9.403036603
0.11825684,-9.120971307,-9.402956970
0.11830078,-9.120974267,-9.402877190
0.11834473,-9.120977220,-9.402797266
0.11838867,-9.120980167,-9.402717198
0.11843262,-9.120983107,-9.402636990
0.11847656,-9.120986041,-9.402556643
0.11852051,-9.120988969,-9.402476157
0.11856445,-9.120991890,-9.402395536
0.11860840,-9.120994805,-9.402314781
0.11865234,-9.120997714,-9.402233893
0.11869629,-9.121000616,-9.402152873
0.11874023,-9.121003512,-9.402071724
0.11878418,-9.121006402,-9.401990445
0.11882812,-9.121009286,-9.401909039
0.11887207,-9.121012164,-9.401827507
0.11891602,-9.121015035,-9.401745849
0.11895996,-9.121017901,-9.401664066
0.11900391,-9.121020760,-9.401582159
0.11904785,-9.121023613,-9.401500129
0.11909180,-9.121026460,-9.401417975
0.11913574,-9.121029301,-9.401335699
0.11917969,-9.121032136,-9.401253298
0.11922363,-9.121034964,-9.401170775
0.11926758,-9.121037787,-9.401088127
0.11931152,-9.121040604,-9.401005354
0.11935547,-9.121043415,-9.400922454
0.11939941,-9.121046219,-9.400839427
0.11944336,-9.121049018,-9.400756271
0.11948730,-9.121051811,-9.400672983
0.11953125,-9.121054598,-9.400589560
0.11957520,-9.121057379,-9.400506002
0.11961914,-9.121060154,-9.400422303
0.11966309,-9.121062923,-9.400338461
0.11970703,-9.121065687,-9.400254472
0.11975098,-9.121068444,-9.400170332
0.11979492,-9.121071196,-9.400086037
0.11983887,-9.121073942,-9.400001582
0.11988281,-9.121076682,-9.399916962
0.11992676,-9.121079417,-9.399832173
0.11997070,-9.121082145,-9.399747209
0.12001465,-9.121084868,-9.399662064
0.12005859,-9.121087585,-9.399576733
0.12010254,-9.121090297,-9.399491210
0.12014648,-9.121093003,-9.399405489
0.12019043,-9.121095703,-9.399319565
0.12023437,-9.121098397,-9.399233430
0.12027832,-9.121101086,-9.399147079
0.12032227,-9.121103769,-9.399060506
0.12036621,-9.121106446,-9.398973705
0.12041016,-9.121109118,-9.398886670
0.12045410,-9.121111784,-9.398799393
0.12049805,-9.121114445,-9.398711871
0.12054199,-9.121117100,-9.398624096
0.12058594,-9.121119750,-9.398536063
0.12062988,-9.121122394,-9.398447767
0.12067383,-9.121125032,-9.398359202
0.12071777,-9.121127665,-9.398270363
0.12076172,-9.121130293,-9.398181244
0.12080566,-9.121132915,-9.398091840
0.12084961,-9.121135531,-9.398002147
0.12089355,-9.121138142,-9.397912160
0.12093750,-9.121140748,-9.397821874
0.12098145,-9.121143348,-9.397731285
0.12102539,-9.121145943,-9.397640387
0.12106934,-9.121148532,-9.397549177
0.12111328,-9.121151116,-9.397457650
0.12115723,-9.121153695,-9.397365801
0.12120117,-9.121156268,-9.397273627
0.12124512,-9.121158836,-9.397181123
0.12128906,-9.121161398,-9.397088286
0.12133301,-9.121163956,-9.396995112
0.12137695,-9.121166507,-9.396901597
0.12142090,-9.121169054,-9.396807738
0.12146484,-9.121171595,-9.396713531
0.12150879,-9.121174131,-9.396618975
0.12155273,-9.121176662,-9.396524067
0.12159668,-9.121179187,-9.396428804
0.12164063,-9.121181708,-9.396333186
0.12168457,-9.121184223,-9.396237212
0.12172852,-9.121186733,-9.396140880
0.12177246,-9.121189237,-9.396044191
0.12181641,-9.121191737,-9.395947145
0.12186035,-9.121194231,-9.395849744
0.12190430,-9.121196720,-9.395751988
0.12194824,-9.121199204,-9.395653882
0.12199219,-9.121201683,-9.395555427
0.12203613,-9.121204156,-9.395456628
0.12208008,-9.121206625,-9.395357488
0.12212402,-9.121209088,-9.395258014
0.12216797,-9.121211547,-9.395158210
0.12221191,-9.121214000,-9.395058083
0.12225586,-9.121216448,-9.394957640
0.12229980,-9.121218891,-9.394856889
0.12234375,-9.121221329,-9.394755838
0.12238770,-9.121223763,-9.394654497
0.12243164,-9.121226191,-9.394552874
0.12247559,-9.121228614,-9.394450981
0.12251953,-9.121231032,-9.394348827
0.12256348,-9.121233445,-9.394246424
0.12260742,-9.121235853,-9.394143783
0.12265137,-9.121238256,-9.394040916
0.12269531,-9.121240655,-9.393937835
0.12273926,-9.121243048,-9.393834552
0.12278320,-9.121245437,-9.393731079
0.12282715,-9.121247820,-9.393627428
0.12287109,-9.121250199,-9.393523613
0.12291504,-9.121252573,-9.393419645
0.12295898,-9.121254942,-9.393315539
0.12300293,-9.121257306,-9.393211306
0.12304688,-9.121259666,-9.393106960
0.12309082,-9.121262020,-9.393002516
0.12313477,-9.121264370,-9.392897988
0.12317871,-9.121266715,-9.392793391
0.12322266,-9.121269056,-9.392688740
0.12326660,-9.121271391,-9.392584051
0.12331055,-9.121273722,-9.392479342
0.12335449,-9.121276048,-9.392374630
0.12339844,-9.121278370,-9.392269931
0.12344238,-9.121280686,-9.392165263
0.12348633,-9.121282998,-9.392060639
0.12353027,-9.121285306,-9.391956074
0.12357422,-9.121287609,-9.391851577
0.12361816,-9.121289907,-9.391747155
0.12366211,-9.121292200,-9.391642809
0.12370605,-9.121294489,-9.391538536
0.12375000,-9.121296774,-9.391434327
0.12379395,-9.121299054,-9.391330173
0.12383789,-9.121301329,-9.391226060
0.12388184,-9.121303600,-9.391121970
0.12392578,-9.121305866,-9.391017890
0.12396973,-9.121308128,-9.390913803
0.12401367,-9.121310385,-9.390809698
0.12405762,-9.121312638,-9.390705566
0.12410156,-9.121314886,-9.390601403
0.12414551,-9.121317130,-9.390497211
0.12418945,-9.121319369,-9.390393001
0.12423340,-9.121321604,-9.390288790
0.12427734,-9.121323834,-9.390184604
0.12432129,-9.121326060,-9.390080480
0.12436523,-9.121328282,-9.389976463
0.12440918,-9.121330499,-9.389872610
0.12445312,-9.121332712,-9.389768985
0.12449707,-9.121334921,-9.389665666
0.12454102,-9.121337125,-9.389562738
0.12458496,-9.121339325,-9.389460299
0.12462891,-9.121341521,-9.389358454
0.12467285,-9.121343712,-9.389257318
0.12471680,-9.121345900,-9.389157014
0.12476074,-9.121348083,-9.389057675
0.12480469,-9.121350262,-9.388959440
0.12484863,-9.121352437,-9.388862455
0.12489258,-9.121354608,-9.388766872
0.12493652,-9.121356774,-9.388672850
0.12498047,-9.121358937,-9.388580551
0.12502441,-9.121361096,-9.388490142
0.12506836,-9.121363251,-9.388401793
0.12511230,-9.121365402,-9.388315678
0.12515625,-9.121367550,-9.388231977
0.12520020,-9.121369693,-9.388150871
0.12524414,-9.121371833,-9.388072551
0.12528809,-9.121373969,-9.387997208
0.12533203,-9.121376102,-9.387925043
0.12537598,-9.121378231,-9.387856258
0.12541992,-9.121380356,-9.387791058
0.12546387,-9.121382478,-9.387729653
0.12550781,-9.121384597,-9.387672250
0.12555176,-9.121386712,-9.387619059
0.12559570,-9.121388824,-9.387570287
0.12563965,-9.121390933,-9.387526136
0.12568359,-9.121393039,-9.387486806
0.12572754,-9.121395141,-9.387452489
0.12577148,-9.121397241,-9.387423372
0.12581543,-9.121399337,-9.387399633
0.12585937,-9.121401430,-9.387381439
0.12590332,-9.121403521,-9.387368952
0.12594727,-9.121405609,-9.387362318
0.12599121,-9.121407694,-9.387361678
0.12603516,-9.121409777,-9.387367157
0.12607910,-9.121411857,-9.387378871
0.12612305,-9.121413934,-9.387396924
0.12616699,-9.121416009,-9.387421408
0.12621094,-9.121418081,-9.387452404
0.12625488,-9.121420151,-9.387489983
0.12629883,-9.121422219,-9.387534201
0.12634277,-9.121424285,-9.387585107
0.12638672,-9.121426348,-9.387642736
0.12643066,-9.121428409,-9.387707113
0.12647461,-9.121430468,-9.387778255
0.12651855,-9.121432525,-9.387856166
0.12656250,-9.121434580,-9.387940846
0.12660645,-9.121436634,-9.388032285
0.12665039,-9.121438685,-9.388130469
0.12669434,-9.121440735,-9.388235382
0.12673828,-9.121442782,-9.388347007
0.12678223,-9.121444828,-9.388465328
0.12682617,-9.121446873,-9.388590337
0.12687012,-9.121448915,-9.388722035
0.12691406,-9.121450957,-9.388860458
0.12695801,-9.121452996,-9.389005673
0.12700195,-9.121455035,-9.389157790
0.12704590,-9.121457072,-9.389316953
0.12708984,-9.121459107,-9.389483338
0.12713379,-9.121461142,-9.389657145
0.12717773,-9.121463175,-9.389838596
0.12722168,-9.121465207,-9.390027925
0.12726562,-9.121467238,-9.390225375
0.12730957,-9.121469269,-9.390431194
0.12735352,-9.121471298,-9.390645629
0.12739746,-9.121473327,-9.390868924
0.12744141,-9.121475355,-9.391101317
0.12748535,-9.121477382,-9.391343040
0.12752930,-9.121479409,-9.391594313
0.12757324,-9.121481436,-9.391855348
0.12761719,-9.121483462,-9.392126346
0.12766113,-9.121485488,-9.392407500
0.12770508,-9.121487513,-9.392698989
0.12774902,-9.121489539,-9.393000985
0.12779297,-9.121491565,-9.393313649
0.12783691,-9.121493590,-9.393637134
0.12788086,-9.121495616,-9.393971581
0.12792480,-9.121497642,-9.394317124
0.12796875,-9.121499669,-9.394673885
0.12801270,-9.121501695,-9.395041978
0.12805664,-9.121503723,-9.395421505
0.12810059,-9.121505750,-9.395812559
0.12814453,-9.121507779,-9.396215219
0.12818848,-9.121509808,-9.396629552
0.12823242,-9.121511838,-9.397055614
0.12827637,-9.121513869,-9.397493397
0.12832031,-9.121515900,-9.397942795
0.12836426,-9.121517933,-9.398403588
0.12840820,-9.121519967,-9.398875436
0.12845215,-9.121522002,-9.399357879
0.12849609,-9.121524038,-9.399850350
0.12854004,-9.121526076,-9.400356524
0.12858398,-9.121528116,-9.400884441
0.12862793,-9.121530160,-9.401440298
0.12867187,-9.121532207,-9.402028735
0.12871582,-9.121534258,-9.402653083
0.12875977,-9.121536314,-9.403315584
0.12880371,-9.121538374,-9.404017570
0.12884766,-9.121540439,-9.404759630
0.12889160,-9.121542509,-9.405541738
0.12893555,-9.121544584,-9.406363375
0.12897949,-9.121546664,-9.407223628
0.12902344,-9.121548751,-9.408121270
0.12906738,-9.121550842,-9.409054833
0.12911133,-9.121552939,-9.410022667
0.12915527,-9.121555042,-9.411022991
0.12919922,-9.121557151,-9.412053933
0.12924316,-9.121559266,-9.413113563
0.12928711,-9.121561386,-9.414199927
0.12933105,-9.121563513,-9.415311060
0.12937500,-9.121565645,-9.416445017
0.12941895,-9.121567783,-9.417599877
0.12946289,-9.121569926,-9.418773760
0.12950684,-9.121572076,-9.419964840
0.12955078,-9.121574231,-9.421171342
0.12959473,-9.121576392,-9.422391558
0.12963867,-9.121578558,-9.423623847
0.12968262,-9.121580729,-9.424866635
0.12972656,-9.121582907,-9.426118425
0.12977051,-9.121585089,-9.427377801
0.12981445,-9.121587277,-9.428643438
0.12985840,-9.121589470,-9.429914394
0.12990234,-9.121591668,-9.431190288
0.12994629,-9.121593871,-9.432471410
0.12999023,-9.121596080,-9.433758785
0.13003418,-9.121598295,-9.435054197
0.13007812,-9.121600515,-9.436359700
0.13012207,-9.121602741,-9.437675235
0.13016602,-9.121604972,-9.438999330
0.13020996,-9.121607209,-9.440329620
0.13025391,-9.121609450,-9.441663226
0.13029785,-9.121611696,-9.442997040
0.13034180,-9.121613947,-9.444327913
0.13038574,-9.121616202,-9.445652793
0.13042969,-9.121618461,-9.446968808
0.13047363,-9.121620724,-9.448273311
0.13051758,-9.121622990,-9.449563891
0.13056152,-9.121625259,-9.450838368
0.13060547,-9.121627531,-9.452094773
0.13064941,-9.121629806,-9.453331311
0.13069336,-9.121632083,-9.454546328
0.13073730,-9.121634362,-9.455738278
0.13078125,-9.121636643,-9.456905801
0.13082520,-9.121638926,-9.458047741
0.13086914,-9.121641210,-9.459163111
0.13091309,-9.121643495,-9.460251031
0.13095703,-9.121645781,-9.461310651
0.13100098,-9.121648067,-9.462565764
0.13104492,-9.121650351,-9.464390252
0.13108887,-9.121652634,-9.466728679
0.13113281,-9.121654912,-9.469532801
0.13117676,-9.121657186,-9.472760115
0.13122070,-9.121659452,-9.476372695
0.13126465,-9.121661707,-9.480237871
0.13130859,-9.121663948,-9.484230726
0.13135254,-9.121666175,-9.488254977
0.13139648,-9.121668384,-9.492236830
0.13144043,-9.121670574,-9.496120139
0.13148437,-9.121672745,-9.499862569
0.13152832,-9.121674894,-9.503432579
0.13157227,-9.121677021,-9.506807039
0.13161621,-9.121679125,-9.509969356
0.13166016,-9.121681204,-9.512907997
0.13170410,-9.121683258,-9.515615332
0.13174805,-9.121685286,-9.518086722
0.13179199,-9.121687287,-9.520319812
0.13183594,-9.121689260,-9.522313969
0.13187988,-9.121691206,-9.524069848
0.13192383,-9.121693122,-9.525589060
0.13196777,-9.121695009,-9.526873901
0.13201172,-9.121696865,-9.527927156
0.13205566,-9.121698690,-9.528751939
0.13209961,-9.121700484,-9.529351578
0.13214355,-9.121702246,-9.529729521
0.13218750,-9.121703975,-9.529889273
0.13223145,-9.121705670,-9.529834340
0.13227539,-9.121707332,-9.529568198
0.13231934,-9.121708959,-9.529094267
0.13236328,-9.121710552,-9.528415891
0.13240723,-9.121712108,-9.527536328
0.13245117,-9.121713629,-9.526458747
0.13249512,-9.121715113,-9.525186221
0.13253906,-9.121716560,-9.523721734
0.13258301,-9.121717970,-9.522068179
0.13262695,-9.121719341,-9.520228366
0.13267090,-9.121720674,-9.518205025
0.13271484,-9.121721967,-9.516000815
0.13275879,-9.121723221,-9.513618330
0.13280273,-9.121724436,-9.511060103
0.13284668,-9.121725610,-9.508182565
0.13289062,-9.121726747,-9.504442868
0.13293457,-9.121727846,-9.499980553
0.13297852,-9.121728911,-9.494910502
0.13302246,-9.121729942,-9.489327401
0.13306641,-9.121730939,-9.483309381
0.13311035,-9.121731903,-9.476921002
0.13315430,-9.121732835,-9.470215682
0.13319824,-9.121733735,-9.463237692
0.13324219,-9.121734603,-9.456023791
0.13328613,-9.121735441,-9.448604552
0.13333008,-9.121736246,-9.441005465
0.13337402,-9.121737021,-9.433247828
0.13341797,-9.121737765,-9.425349483
0.13346191,-9.121738478,-9.417325420
0.13350586,-9.121739160,-9.409188270
0.13354980,-9.121739811,-9.400948714
0.13359375,-9.121740431,-9.392615812
0.13363770,-9.121741021,-9.384197279
0.13368164,-9.121741579,-9.375699701
0.13372559,-9.121742107,-9.367128723
0.13376953,-9.121742603,-9.358489177
0.13381348,-9.121743068,-9.349785172
0.13385742,-9.121743503,-9.341020070
0.13390137,-9.121743905,-9.332193308
0.13394531,-9.121744275,-9.323299373
0.13398926,-9.121744613,-9.314327294
0.13403320,-9.121744916,-9.305260546
0.13407715,-9.121745184,-9.296077257
0.13412109,-9.121745416,-9.286750422
0.13416504,-9.121745607,-9.277235291
0.13420898,-9.121745758,-9.267485325
0.13425293,-9.121745864,-9.257452556
0.13429687,-9.121745923,-9.247088084
0.13434082,-9.121745932,-9.236342194
0.13438477,-9.121745888,-9.225164435
0.13442871,-9.121745789,-9.214097322
0.13447266,-9.121745629,-9.203202299
0.13451660,-9.121745407,-9.192406267
0.13456055,-9.121745118,-9.181642406
0.13460449,-9.121744759,-9.170849910
0.13464844,-9.121744326,-9.159973750
0.13469238,-9.121743816,-9.148961069
0.13473633,-9.121743223,-9.137757396
0.13478027,-9.121742542,-9.126308725
0.13482422,-9.121741770,-9.114563104
0.13486816,-9.121740900,-9.102471798
0.13491211,-9.121739928,-9.089985663
0.13495605,-9.121738847,-9.077058202
0.13500000,-9.121737653,-9.063649582
0.13504395,-9.121736341,-9.049726787
0.13508789,-9.121734906,-9.035263441
0.13513184,-9.121733343,-9.020239645
0.13517578,-9.121731648,-9.004641751
0.13521973,-9.121729816,-8.988462072
0.13526367,-9.121727843,-8.971698521
0.13530762,-9.121725727,-8.954354186
0.13535156,-9.121723462,-8.936436865
0.13539551,-9.121721047,-8.917958582
0.13543945,-9.121718477,-8.898935181
0.13548340,-9.121715750,-8.879385784
0.13552734,-9.121712864,-8.859332144
0.13557129,-9.121709815,-8.838797963
0.13561523,-9.121706601,-8.817808271
0.13565918,-9.121703221,-8.796388882
0.13570313,-9.121699671,-8.774565949
0.13574707,-9.121695950,-8.752365621
0.13579102,-9.121692055,-8.729813793
0.13583496,-9.121687985,-8.706935950
0.13587891,-9.121683736,-8.683757045
0.13592285,-9.121679309,-8.660301412
0.13596680,-9.121674699,-8.636592683
0.13601074,-9.121669905,-8.612653757
0.13605469,-9.121664926,-8.588506806
0.13609863,-9.121659759,-8.564173288
0.13614258,-9.121654402,-8.539673964
0.13618652,-9.121648853,-8.515028911
0.13623047,-9.121643110,-8.490257533
0.13627441,-9.121637172,-8.465378566
0.13631836,-9.121631035,-8.440410083
0.13636230,-9.121624699,-8.415369494
0.13640625,-9.121618160,-8.390273545
0.13645020,-9.121611417,-8.365138331
0.13649414,-9.121604468,-8.339979298
0.13653809,-9.121597310,-8.314811265
0.13658203,-9.121589941,-8.289648443
0.13662598,-9.121582359,-8.264504451
0.13666992,-9.121574561,-8.239392339
0.13671387,-9.121566546,-8.214324615
0.13675781,-9.121558310,-8.189313257
0.13680176,-9.121549851,-8.164369740
0.13684570,-9.121541167,-8.139505043
0.13688965,-9.121532255,-8.114729672
0.13693359,-9.121523112,-8.090053661
0.13697754,-9.121513735,-8.065486583
0.13702148,-9.121504122,-8.041037554
0.13706543,-9.121494270,-8.016715235
0.13710938,-9.121484175,-7.992527833
0.13715332,-9.121473835,-7.968483098
0.13719727,-9.121463246,-7.944588321
0.13724121,-9.121452405,-7.920850331
0.13728516,-9.121441309,-7.897275494
0.13732910,-9.121429954,-7.873869711
0.13737305,-9.121418336,-7.850638420
0.13741699,-9.121406451,-7.827586598
0.13746094,-9.121394297,-7.804718769
0.13750488,-9.121381868,-7.782039012
0.13754883,-9.121369161,-7.759550968
0.13759277,-9.121356171,-7.737257860
0.13763672,-9.121342893,-7.715162504
0.13768066,-9.121329324,-7.693267324
0.13772461,-9.121315457,-7.671574377
0.13776855,-9.121301289,-7.650085367
0.13781250,-9.121286814,-7.628801667
0.13785645,-9.121272026,-7.607724339
0.13790039,-9.121256920,-7.586854155
0.13794434,-9.121241490,-7.566191620
0.13798828,-9.121225730,-7.545736991
0.13803223,-9.121209635,-7.525490295
0.13807617,-9.121193197,-7.505451356
0.13812012,-9.121176409,-7.485619805
0.13816406,-9.121159265,-7.465995103
0.13820801,-9.121141758,-7.446576556
0.13825195,-9.121123881,-7.427363329
0.13829590,-9.121105624,-7.408354457
0.13833984,-9.121086981,-7.389548858
0.13838379,-9.121067943,-7.370945337
0.13842773,-9.121048502,-7.352542588
0.13847168,-9.121028647,-7.334339200
0.13851563,-9.121008372,-7.316333641
0.13855957,-9.120987664,-7.298524255
0.13860352,-9.120966515,-7.280909232
0.13864746,-9.120944914,-7.263486581
0.13869141,-9.120922850,-7.246254070
0.13873535,-9.120900311,-7.229209153
0.13877930,-9.120877286,-7.212348836
0.13882324,-9.120853763,-7.195669478
0.13886719,-9.120829727,-7.179166436
0.13891113,-9.120805166,-7.162833428
0.13895508,-9.120780063,-7.146661242
0.13899902,-9.120754400,-7.130634750
0.13904297,-9.120728151,-7.114724353
0.13908691,-9.120701216,-7.098849352
0.13913086,-9.120673255,-7.082333228
0.13917480,-9.120643958,-7.062733260
0.13921875,-9.120613037,-7.038247748
0.13926270,-9.120580227,-7.007604167
0.13930664,-9.120545270,-6.969963240
0.13935059,-9.120507866,-6.924798968
0.13939453,-9.120467715,-6.871485410
0.13943848,-9.120424526,-6.809650685
0.13948242,-9.120378012,-6.739222339
0.13952637,-9.120327888,-6.660371918
0.13957031,-9.120273865,-6.573465048
0.13961426,-9.120215644,-6.479017257
0.13965820,-9.120152917,-6.377655391
0.13970215,-9.120085355,-6.270085072
0.13974609,-9.120012628,-6.154622545
0.13979004,-9.119934463,-6.019697266
0.13983398,-9.119850533,-5.869189782
0.13987793,-9.119760454,-5.706425571
0.13992188,-9.119663772,-5.534153648
0.13996582,-9.119559969,-5.354533465
0.14000977,-9.119448456,-5.169311028
0.14005371,-9.119328566,-4.979983615
0.14009766,-9.119199540,-4.787863632
0.14014160,-9.119060520,-4.594104689
0.14018555,-9.118910552,-4.399723506
0.14022949,-9.118748602,-4.205787832
0.14027344,-9.118573472,-4.013550419
0.14031738,-9.118383770,-3.824013228
0.14036133,-9.118177875,-3.637976796
0.14040527,-9.117953891,-3.456078502
0.14044922,-9.117709592,-3.278822359
0.14049316,-9.117442351,-3.106603195
0.14053711,-9.117149041,-2.939711671
0.14058105,-9.116825939,-2.778239340
0.14062500,-9.116468558,-2.622359656
0.14066895,-9.116071436,-2.472287081
0.14071289,-9.115627840,-2.328280946
0.14075684,-9.115129380,-2.190436688
0.14080078,-9.114565484,-2.058733320
0.14084473,-9.113922627,-1.933127059
0.14088867,-9.113183226,-1.813545294
0.14093262,-9.112324014,-1.699776504
0.14097656,-9.111313566,-1.591522694
0.14102051,-9.110108392,-1.488440369
0.14106445,-9.108646545,-1.390163058
0.14110840,-9.106836681,-1.296318049
0.14115234,-9.104538256,-1.206516271
0.14119629,-9.101523245,-1.120302185
0.14124023,-9.097395545,-1.037067296
0.14128418,-9.091401120,-0.955857572
0.14132812,-9.081905743,-0.874850310
0.14137207,-9.064581890,-0.789496739
0.14141602,-9.022972568,-0.683176859
0.14145996,-8.786518567,-0.385217100
0.14150391,-6.640074269,1.819570950
0.14154785,-4.450888655,4.078239386
0.14159180,-2.236875054,6.362085778
0.14163574,-0.013937353,8.646913081
0.14167969,2.224652211,10.955129622
0.14172363,4.439774625,13.210539916
0.14176758,6.618825679,15.398316906
0.14181152,8.750042858,17.504668666
0.14185547,10.823816930,19.519529600
0.14189941,12.837152592,21.435961140
0.14194336,14.784787335,23.248168225
0.14198730,16.660462212,24.952382430
0.14203125,18.459390380,26.547191726
0.14207520,20.178116413,28.032981966
0.14211914,21.814593316,29.412043534
0.14216309,23.368172339,30.688573155
0.14220703,24.839144580,31.867517700
0.14225098,26.228617007,32.954376959
0.14229492,27.538385300,33.955014733
0.14233887,28.770809243,34.875487755
0.14238281,29.928691025,35.721893679
0.14242676,31.015159533,36.500219324
0.14247070,32.033604121,37.216318106
0.14251465,32.987595875,37.875858465
0.14255859,33.880782906,38.484192167
0.14260254,34.716812911,39.046286521
0.14264648,35.499314262,39.566822201
0.14269043,36.231959859,40.050245358
0.14273437,36.918460371,40.500858863
0.14277832,37.562385203,40.922781936
0.14282227,38.167598931,41.320709188
0.14286621,38.738675433,41.700755465
0.14291016,39.277037444,42.061903221
0.14295410,39.783881074,42.403248182
0.14299805,40.260242234,42.724052918
0.14304199,40.707051634,43.023780664
0.14308594,41.125179350,43.302113265
0.14312988,41.515470063,43.558956733
0.14317383,41.878769914,43.794437191
0.14321777,42.215945764,44.008889007
0.14326172,42.527915038,44.202854189
0.14330566,42.815681242,44.377120851
0.14334961,43.080339943,44.532718709
0.14339355,43.323062382,44.670851463
0.14343750,43.545077215,44.792837309
0.14348145,43.747651734,44.900057889
0.14352539,43.932074752,44.993916904
0.14356934,44.099640574,45.075808734
0.14361328,44.251632789,45.147089976
0.14365723,44.389304869,45.209051036
0.14370117,44.513862581,45.262885564
0.14374512,44.626456286,45.309681855
0.14378906,44.728178261,45.350429792
0.14383301,44.820060155,45.386025623
0.14387695,44.903075897,45.417490459
0.14392090,44.978164565,45.445932968
0.14396484,45.046224318,45.471777433
0.14400879,45.108044580,45.495389524
0.14405273,45.164320235,45.517084010
0.14409668,45.215662707,45.537129826
0.14414062,45.262608862,45.555753688
0.14418457,45.305628416,45.573143016
0.14422852,45.345129972,45.589448291
0.14427246,45.381466298,45.604785023
0.14431641,45.414939694,45.619236762
0.14436035,45.445807527,45.632859156
0.14440430,45.474287856,45.645684642
0.14444824,45.500565003,45.657727457
0.14449219,45.524794974,45.668988669
0.14453613,45.547110590,45.679460974
0.14458008,45.567626230,45.689133072
0.14462402,45.586442201,45.697993557
0.14466797,45.603648532,45.706034214
0.14471191,45.619328038,45.713252287
0.14475586,45.633558713,45.719651898
0.14479980,45.646415595,45.725244817
0.14484375,45.657972154,45.730050741
0.14488770,45.668301311,45.734097198
0.14493164,45.677476123,45.737419160
0.14497559,45.685570196,45.740058440
0.14501953,45.692657873,45.742062929
0.14506348,45.698814217,45.743485697
0.14510742,45.704114842,45.744384017
0.14515137,45.708635607,45.744818325
0.14519531,45.712452208,45.744851154
0.14523926,45.715639696,45.744546060
0.14528320,45.718271923,45.743966561
0.14532715,45.720420945,45.743175071
0.14537109,45.722156395,45.742231885
0.14541504,45.723544871,45.741194226
0.14545898,45.724649339,45.740115393
0.14550293,45.725528605,45.739044020
0.14554687,45.726236852,45.738023487
0.14559082,45.726823267,45.737091476
0.14563477,45.727331776,45.736279692
0.14567871,45.727800885,45.735613752
0.14572266,45.728263636,45.735113226
0.14576660,45.728747666,45.734791828
0.14581055,45.729270272,45.734652628
0.14585449,45.729839449,45.734683944
0.14589844,45.730460409,45.734872955
0.14594238,45.731136757,45.735207711
0.14598633,45.731870682,45.735676914
0.14603027,45.732663708,45.736294252
0.14607422,45.733519198,45.737074124
0.14611816,45.734441039,45.738001403
0.14616211,45.735432575,45.739059556
0.14620605,45.736506525,45.740229327
0.14625000,45.737651296,45.741488633
0.14629395,45.738855840,45.742817912
0.14633789,45.740109709,45.744199874
0.14638184,45.741403090,45.745619273
0.14642578,45.742726836,45.747062714
0.14646973,45.744072478,45.748518483
0.14651367,45.745432234,45.749976399
0.14655762,45.746799011,45.751427679
0.14660156,45.748166398,45.752864822
0.14664551,45.749528656,45.754281497
0.14668945,45.750880702,45.755672444
0.14673340,45.752218082,45.757033370
0.14677734,45.753536944,45.758360866
0.14682129,45.754834008,45.759652304
0.14686523,45.756106522,45.760905758
0.14690918,45.757352228,45.762119911
0.14695312,45.758569311,45.763293976
0.14699707,45.759756359,45.764427609
0.14704102,45.760912311,45.765520834
0.14708496,45.762036411,45.766573970
0.14712891,45.763128162,45.767587558
0.14717285,45.764187278,45.768562299
0.14721680,45.765213640,45.769498994
0.14726074,45.766206993,45.770398228
0.14730469,45.767166646,45.771259680
0.14734863,45.768095061,45.772089668
0.14739258,45.768992299,45.772888730
0.14743652,45.769856743,45.773653621
0.14748047,45.770687462,45.774382652
0.14752441,45.771484020,45.775075202
0.14756836,45.772248050,45.775731131
0.14761230,45.772979737,45.776350048
0.14765625,45.773678395,45.776931645
0.14770020,45.774343477,45.777475832
0.14774414,45.774974530,45.777982599
0.14778809,45.775571143,45.778451930
0.14783203,45.776132921,45.778883748
0.14787598,45.776659464,45.779277886
0.14791992,45.777150358,45.779634090
0.14796387,45.777605180,45.779952037
0.14800781,45.778023505,45.780231368
0.14805176,45.778404924,45.780471725
0.14809570,45.778749068,45.780672802
0.14813965,45.779055632,45.780834390
0.14818359,45.779324399,45.780956422
0.14822754,45.779555268,45.781039013
0.14827148,45.779748491,45.781091217
0.14831543,45.779904999,45.781113382
0.14835937,45.780025745,45.781104914
0.14840332,45.780111663,45.781065660
0.14844727,45.780163722,45.780995869
0.14849121,45.780182961,45.780896143
0.14853516,45.780170506,45.780767402
0.14857910,45.780127584,45.780610837
0.14862305,45.780056355,45.780431262
0.14866699,45.779951378,45.780224680
0.14871094,45.779819446,45.779992150
0.14875488,45.779664648,45.779736185
0.14879883,45.779488578,45.779459724
0.14884277,45.779293578,45.779167368
0.14888672,45.779078007,45.778855088
0.14893066,45.778842871,45.778524702
0.14897461,45.778589297,45.778178075
0.14901855,45.778318476,45.777817039
0.14906250,45.778031613,45.777443342
0.14910645,45.777729890,45.777058594
0.14915039,45.777414431,45.776664237
0.14919434,45.777086256,45.776261478
0.14923828,45.776746291,45.775851300
0.14928223,45.776395740,45.775435090
0.14932617,45.776035963,45.775014613
0.14937012,45.775668078,45.774591187
0.14941406,45.775292906,45.774165587
0.14945801,45.774910972,45.773738095
0.14950195,45.774522527,45.773308552
0.14954590,45.774127572,45.772876426
0.14958984,45.773725884,45.772440872
0.14963379,45.773317037,45.772000784
0.14967773,45.772900437,45.771554859
0.14972168,45.772475359,45.771101668
0.14976562,45.772040958,45.770639658
0.14980957,45.771596321,45.770167242
0.14985352,45.771140506,45.769682868
0.14989746,45.770672581,45.769185071
0.14994141,45.770191643,45.768672503
0.14998535,45.769696846,45.768143960
0.15002930,45.769187308,45.767598178
0.15007324,45.768662230,45.767034072
0.15011719,45.768121258,45.766451520
0.15016113,45.767564080,45.765850421
0.15020508,45.766989956,45.765229683
0.15024902,45.766398501,45.764588972
0.15029297,45.765789439,45.763928130
0.15033691,45.765162598,45.763247154
0.15038086,45.764517909,45.762546190
0.15042480,45.763855406,45.761825528
0.15046875,45.763175216,45.761085583
0.15051270,45.762477552,45.760326877
0.15055664,45.761762697,45.759550015
0.15060059,45.761030993,45.758755661
0.15064453,45.760282828,45.757944513
0.15068848,45.759518615,45.757117280
0.15073242,45.758738784,45.756274663
0.15077637,45.757943770,45.755417331
0.15082031,45.757133997,45.754545914
0.15086426,45.756309877,45.753660990
0.15090820,45.755471798,45.752763080
0.15095215,45.754620117,45.751852635
0.15099609,45.753755162,45.750930041
0.15104004,45.752877227,45.749995617
0.15108398,45.751986571,45.749049622
0.15112793,45.751083429,45.748092264
0.15117187,45.750168012,45.747123714
0.15121582,45.749240515,45.746144115
0.15125977,45.748301125,45.745153600
0.15130371,45.747350026,45.744152300
0.15134766,45.746387411,45.743140361
0.15139160,45.745413480,45.742117947
0.15143555,45.744428455,45.741085254
0.15147949,45.743432576,45.740042514
0.15152344,45.742426111,45.738989998
0.15156738,45.741409352,45.737928023
0.15161133,45.740382623,45.736856944
0.15165527,45.739346275,45.735777164
0.15169922,45.738300688,45.734689120
0.15174316,45.737246269,45.733593292
0.15178711,45.736183451,45.732490186
0.15183105,45.735112689,45.731380340
0.15187500,45.734034454,45.730264309
0.15191895,45.732949234,45.729142662
0.15196289,45.731857528,45.728015978
0.15200684,45.730759840,45.726884835
0.15205078,45.729655956,45.725748323
0.15209473,45.728545456,45.724605256
0.15213867,45.727429081,45.723456998
0.15218262,45.726307549,45.722304736
0.15222656,45.725181547,45.721149512
0.15227051,45.724051731,45.719992245
0.15231445,45.722918729,45.718833748
0.15235840,45.721783140,45.717674746
0.15240234,45.720645534,45.716515891
0.15244629,45.719506454,45.715357773
0.15249023,45.718366421,45.714200928
0.15253418,45.717225933,45.713045850
0.15257812,45.716085470,45.711893002
0.15262207,45.714945491,45.710742812
0.15266602,45.713806468,45.709595694
0.15270996,45.712668997,45.708452298
0.15275391,45.711533754,45.707313465
0.15279785,45.710401413,45.706180031
0.15284180,45.709272455,45.705052424
0.15288574,45.708149881,45.703936413
0.15292969,45.707033255,45.702830097
0.15297363,45.705922192,45.701731918
0.15301758,45.704816468,45.700640837
0.15306152,45.703715999,45.699556234
0.15310547,45.702620823,45.698477809
0.15314941,45.701531080,45.697405514
0.15319336,45.700447009,45.696339505
0.15323730,45.699368967,45.695280195
0.15328125,45.698297330,45.694228028
0.15332520,45.697232474,45.693183441
0.15336914,45.696174772,45.692146862
0.15341309,45.695124601,45.691118716
0.15345703,45.694082333,45.690099419
0.15350098,45.693048339,45.689089380
0.15354492,45.692022986,45.688089002
0.15358887,45.691006639,45.687098676
0.15363281,45.689999654,45.686118785
0.15367676,45.689002387,45.685149701
0.15372070,45.688015182,45.684191786
0.15376465,45.687038383,45.683245392
0.15380859,45.686072322,45.682310862
0.15385254,45.685117329,45.681388530
0.15389648,45.684173725,45.680478717
0.15394043,45.683241825,45.679581738
0.15398438,45.682321940,45.678697900
0.15402832,45.681414370,45.677827500
0.15407227,45.680519412,45.676970825
0.15411621,45.679637357,45.676128159
0.15416016,45.678768487,45.675299773
0.15420410,45.677913079,45.674485934
0.15424805,45.677071405,45.673686900
0.15429199,45.676243730,45.672902921
0.15433594,45.675430311,45.672134242
0.15437988,45.674631401,45.671381098
0.15442383,45.673847246,45.670643721
0.15446777,45.673078089,45.669922335
0.15451172,45.672324164,45.669217158
0.15455566,45.671585702,45.668528404
0.15459961,45.670862928,45.667856282
0.15464355,45.670156064,45.667200995
0.15468750,45.669465326,45.666562743
0.15473145,45.668790927,45.665941725
0.15477539,45.668133076,45.665338133
0.15481934,45.667491977,45.664752157
0.15486328,45.666867833,45.664183985
0.15490723,45.666260839,45.663633798
0.15495117,45.665671189,45.663101778
0.15499512,45.665099044,45.662588070
0.15503906,45.664544501,45.662092697
0.15508301,45.664007122,45.661615750
0.15512695,45.663486822,45.661157584
0.15517090,45.662984040,45.660718666
0.15521484,45.662499189,45.660299417
0.15525879,45.662032656,45.659900202
0.15530273,45.661584795,45.659521330
0.15534668,45.661155925,45.659163051
0.15539063,45.660746329,45.658825562
0.15543457,45.660356251,45.658509000
0.15547852,45.659985893,45.658213453
0.15552246,45.659635422,45.657938958
0.15556641,45.659304966,45.657685509
0.15561035,45.658994617,45.657453060
0.15565430,45.658704435,45.657241531
0.15569824,45.658434449,45.657050819
0.15574219,45.658184661,45.656880790
0.15578613,45.657955040,45.656731287
0.15583008,45.657745531,45.656602126
0.15587402,45.657556053,45.656493104
0.15591797,45.657386501,45.656403999
0.15596191,45.657236753,45.656334581
0.15600586,45.657106668,45.656284608
0.15604980,45.656995985,45.656249346
0.15609375,45.656904166,45.656228852
0.15613770,45.656830753,45.656223475
0.15618164,45.656775373,45.656233465
0.15622559,45.656737717,45.656258993
0.15626953,45.656717525,45.656300172
0.15631348,45.656714576,45.656357073
0.15635742,45.656728676,45.656429732
0.15640137,45.656760387,45.656519440
0.15644531,45.656818218,45.656637716
0.15648926,45.656893895,45.656772831
0.15653320,45.656982264,45.656917936
0.15657715,45.657083739,45.657074148
0.15662109,45.657198499,45.657242037
0.15666504,45.657329411,45.657427757
0.15670898,45.657476893,45.657631794
0.15675293,45.657640818,45.657853525
0.15679688,45.657821054,45.658092432
0.15684082,45.658017470,45.658348082
0.15688477,45.658229939,45.658620121
0.15692871,45.658458346,45.658908277
0.15697266,45.658702576,45.659212315
0.15701660,45.658962497,45.659532010
0.15706055,45.659237957,45.659867124
0.15710449,45.659528787,45.660217406
0.15714844,45.659834796,45.660582592
0.15719238,45.660155779,45.660962404
0.15723633,45.660491517,45.661356555
0.15728027,45.660841773,45.661764743
0.15732422,45.661206300,45.662186656
0.15736816,45.661584837,45.662621974
0.15741211,45.661977113,45.663070366
0.15745605,45.662382850,45.663531496
0.15750000,45.662801760,45.664005025
0.15754395,45.663233551,45.664490612
0.15758789,45.663677928,45.664987915
0.15763184,45.664134591,45.665496595
0.15767578,45.664603243,45.666016317
0.15771973,45.665083584,45.666546754
0.15776367,45.665575321,45.667087585
0.15780762,45.666078161,45.667638500
0.15785156,45.666591815,45.668199197
0.15789551,45.667115997,45.668769380
0.15793945,45.667650427,45.669348761
0.15798340,45.668194822,45.669937057
0.15802734,45.668748906,45.670533987
0.15807129,45.669312401,45.671139275
0.15811523,45.669885036,45.671752648
0.15815918,45.670466537,45.672373836
0.15820312,45.671056635,45.673002572
0.15824707,45.671655065,45.673638595
0.15829102,45.672261564,45.674281647
0.15833496,45.672875872,45.674931474
0.15837891,45.673497733,45.675587828
0.15842285,45.674126896,45.676250465
0.15846680,45.674763113,45.676919148
0.15851074,45.675406140,45.677593644
0.15855469,45.676055739,45.678273724
0.15859863,45.676711675,45.678959168
0.15864258,45.677373719,45.679649759
0.15868652,45.678041648,45.680345288
0.15873047,45.678715241,45.681045551
0.15877441,45.679394287,45.681750351
0.15881836,45.680078577,45.682459499
0.15886230,45.680767910,45.683172811
0.15890625,45.681462091,45.683890109
0.15895020,45.682160928,45.684611223
0.15899414,45.682864237,45.685335987
0.15903809,45.683571837,45.686064242
0.15908203,45.684283554,45.686795833
0.15912598,45.684999217,45.687530609
0.15916992,45.685718661,45.688268425
0.15921387,45.686441724,45.689009136
0.15925781,45.687168247,45.689752604
0.15930176,45.687898839,45.690500255
0.15934570,45.688633227,45.691251542
0.15938965,45.689371148,45.692005991
0.15943359,45.690112354,45.692763203
0.15947754,45.690856613,45.693522835
0.15952148,45.691603709,45.694284599
0.15956543,45.692353441,45.695048245
0.15960937,45.693105621,45.695813562
0.15965332,45.693860076,45.696580363
0.15969727,45.694616645,45.697348492
0.15974121,45.695375180,45.698117812
0.15978516,45.696135545,45.698888205
0.15982910,45.696897615,45.699659572
0.15987305,45.697661278,45.700431827
0.15991699,45.698426429,45.701204900
0.15996094,45.699192975,45.701978731
0.16000488,45.699960833,45.702753270
0.16004883,45.700729929,45.703528481
0.16009277,45.701500196,45.704304333
0.16013672,45.702271576,45.705080806
0.16018066,45.703044018,45.705857881
0.16022461,45.703817478,45.706635546
0.16026855,45.704591906,45.707413770
0.16031250,45.705367281,45.708192561
0.16035645,45.706143604,45.708971972
0.16040039,45.706920903,45.709752088
0.16044434,45.707699220,45.710533017
0.16048828,45.708478613,45.711314879
0.16053223,45.709259150,45.712097805
0.16057617,45.710040909,45.712881931
0.16062012,45.710823975,45.713667400
0.16066406,45.711608443,45.714454356
0.16070801,45.712394413,45.715242948
0.16075195,45.713181992,45.716033329
0.16079590,45.713971288,45.716825649
0.16083984,45.714762413,45.717620048
0.16088379,45.715555478,45.718416667
0.16092773,45.716350604,45.719215655
0.16097168,45.717147932,45.720017181
0.16101562,45.717947670,45.720821531
0.16105957,45.718750061,45.721629057
0.16110352,45.719555329,45.722440053
0.16114746,45.720363686,45.723254775
0.16119141,45.721175331,45.724073450
0.16123535,45.721990460,45.724896289
0.16127930,45.722809265,45.725723495
0.16132324,45.723631938,45.726555264
0.16136719,45.724458672,45.727391795
0.16141113,45.725289665,45.728233290
0.16145508,45.726125119,45.729079958
0.16149902,45.726965241,45.729932015
0.16154297,45.727810247,45.730789686
0.16158691,45.728660361,45.731653209
0.16163086,45.729515812,45.732522828
0.16167480,45.730376842,45.733398802
0.16171875,45.731243700,45.734281399
0.16176270,45.732116644,45.735170900
0.16180664,45.732995942,45.736067597
0.16185059,45.733881875,45.736971794
0.16189453,45.734774729,45.737883807
0.16193848,45.735675135,45.738804639
0.16198242,45.736584073,45.739735939
0.16202637,45.737501743,45.740677617
0.16207031,45.738428347,45.741629645
0.16211426,45.739364098,45.742592057
0.16215820,45.740309225,45.743564948
0.16220215,45.741263974,45.744548472
0.16224609,45.742228617,45.745542841
0.16229004,45.743203447,45.746548317
0.16233398,45.744188784,45.747565215
0.16237793,45.745184974,45.748593893
0.16242187,45.746192384,45.749634751
0.16246582,45.747211411,45.750688226
0.16250977,45.748242471,45.751754790
0.16255371,45.749286005,45.752834943
0.16259766,45.750342475,45.753929215
0.16264160,45.751412363,45.755038159
0.16268555,45.752496171,45.756162348
0.16272949,45.753594418,45.757302376
0.16277344,45.754707641,45.758458854
0.16281738,45.755836394,45.759632407
0.16286133,45.756981244,45.760823677
0.16290527,45.758142775,45.762033316
0.16294922,45.759321584,45.763261989
0.16299316,45.760518283,45.764510374
0.16303711,45.761733495,45.765779159
0.16308105,45.762967860,45.767069044
0.16312500,45.764222026,45.768380738
0.16316895,45.765496658,45.769714964
0.16321289,45.766792432,45.771072454
0.16325684,45.768110037,45.772453952
0.16330078,45.769450175,45.773860214
0.16334473,45.770813561,45.775292008
0.16338867,45.772200923,45.776750113
0.16343262,45.773613002,45.778235324
0.16347656,45.775050553,45.779748445
0.16352051,45.776514343,45.781290295
0.16356445,45.778005155,45.782861708
0.16360840,45.779523784,45.784463528
0.16365234,45.781071039,45.786096615
0.16369629,45.782647741,45.787761843
0.16374023,45.784254729,45.789460099
0.16378418,45.785892851,45.791192285
0.16382812,45.787562972,45.792959314
0.16387207,45.789265969,45.794762116
0.16391602,45.791002733,45.796601632
0.16395996,45.792774169,45.798478819
0.16400391,45.794581194,45.800394644
0.16404785,45.796424738,45.802350089
0.16409180,45.798305746,45.804346150
0.16413574,45.800225174,45.806383831
0.16417969,45.802183991,45.808464154
0.16422363,45.804183177,45.810588147
0.16426758,45.806223727,45.812756854
0.16431152,45.808306645,45.814971328
0.16435547,45.810432947,45.817232634
0.16439941,45.812603662,45.819541846
0.16444336,45.814819828,45.821900051
0.16448730,45.817082494,45.824308343
0.16453125,45.819392721,45.826767826
0.16457520,45.821751577,45.829279616
0.16461914,45.824160143,45.831844835
0.16466309,45.826619507,45.834464614
0.16470703,45.829130767,45.837140092
0.16475098,45.831695030,45.839872416
0.16479492,45.834313411,45.842662741
0.16483887,45.836987033,45.845512229
0.16488281,45.839717027,45.848422046
0.16492676,45.842504530,45.851393367
0.16497070,45.845350689,45.854427372
0.16501465,45.848256653,45.857525245
0.16505859,45.851223581,45.860688176
0.16510254,45.854252636,45.863917359
0.16514648,45.857344985,45.867213992
0.16519043,45.860501803,45.870579276
0.16523437,45.863724266,45.874014415
0.16527832,45.867013556,45.877520617
0.16532227,45.870370858,45.881099090
0.16536621,45.873797360,45.884751043
0.16541016,45.877294251,45.888477689
0.16545410,45.880862724,45.892280237
0.16549805,45.884503972,45.896159900
0.16554199,45.888219191,45.900117887
0.16558594,45.892009575,45.904155409
0.16562988,45.895876321,45.908273672
0.16567383,45.899820621,45.912473882
0.16571777,45.903843671,45.916757241
0.16576172,45.907946662,45.921124949
0.16580566,45.912130785,45.925578201
0.16584961,45.916397227,45.930118188
0.16589355,45.920747172,45.934746095
0.16593750,45.925181802,45.939463104
0.16598145,45.929702294,45.944270389
0.16602539,45.934309820,45.949169119
0.16606934,45.939005548,45.954160455
0.16611328,45.943790640,45.959245551
0.16615723,45.948666253,45.964425553
0.16620117,45.953633535,45.969701600
0.16624512,45.958693631,45.975074822
0.16628906,45.963847676,45.980546338
0.16633301,45.969096798,45.986117260
0.16637695,45.974442118,45.991788690
0.16642090,45.979884748,45.997561719
0.16646484,45.985425791,46.003437428
0.16650879,45.991066341,46.009416886
0.16655273,45.996807484,46.015501154
0.16659668,46.002650294,46.021691279
0.16664062,46.008595837,46.027988299
0.16668457,46.014645167,46.034393237
0.16672852,46.020799331,46.040907109
0.16677246,46.027059361,46.047530914
0.16681641,46.033426282,46.054265643
0.16686035,46.039901105,46.061112273
0.16690430,46.046484834,46.068071769
0.16694824,46.053178458,46.075145085
0.16699219,46.059982956,46.082333163
0.16703613,46.066899298,46.089636931
0.16708008,46.073928440,46.097057307
0.16712402,46.081071328,46.104595198
0.16716797,46.088328898,46.112251497
0.16721191,46.095702073,46.120027088
0.16725586,46.103191767,46.127922842
0.16729980,46.110798884,46.135939621
0.16734375,46.118524315,46.144078275
0.16738770,46.126368942,46.152339646
0.16743164,46.134333639,46.160724565
0.16747559,46.142419269,46.169233852
0.16751953,46.150626684,46.177868322
0.16756348,46.158956731,46.186628780
0.16760742,46.167410246,46.195516022
0.16765137,46.175988058,46.204530838
0.16769531,46.184690988,46.213674013
0.16773926,46.193519851,46.222946324
0.16778320,46.202475455,46.232348544
0.16782715,46.211558602,46.241881441
0.16787109,46.220770091,46.251545780
0.16791504,46.230110714,46.261342323
0.16795898,46.239581260,46.271271830
0.16800293,46.249182517,46.281335060
0.16804687,46.258915267,46.291532770
0.16809082,46.268780293,46.301865721
0.16813477,46.278778378,46.312334673
0.16817871,46.288910304,46.322940389
0.16822266,46.299176853,46.333683636
0.16826660,46.309578812,46.344565186
0.16831055,46.320116967,46.355585815
0.16835449,46.330792111,46.366746307
0.16839844,46.341605041,46.378047453
0.16844238,46.352556558,46.389490053
0.16848633,46.363647471,46.401074918
0.16853027,46.374878597,46.412802867
0.16857422,46.386250762,46.424674733
0.16861816,46.397764801,46.436691362
0.16866211,46.409421558,46.448853615
0.16870605,46.421221892,46.461162366
0.16875000,46.433166674,46.473618508
0.16879395,46.445256788,46.486222950
0.16883789,46.457493132,46.498976620
0.16888184,46.469876623,46.511880466
0.16892578,46.482408192,46.524935458
0.16896973,46.495088790,46.538142585
0.16901367,46.507919386,46.551502861
0.16905762,46.520900971,46.565017324
0.16910156,46.534034554,46.578687036
0.16914551,46.547321169,46.592513086
0.16918945,46.560761870,46.606496590
0.16923340,46.574357739,46.620638692
0.16927734,46.588109880,46.634940562
0.16932129,46.602019423,46.649403404
0.16936523,46.616087526,46.664028450
0.16940918,46.630315374,46.678816963
0.16945312,46.644704179,46.693770240
0.16949707,46.659255186,46.708889608
0.16954102,46.673969665,46.724176430
0.16958496,46.688848920,46.739632101
0.16962891,46.703894284,46.755258053
0.16967285,46.719107126,46.771055751
0.16971680,46.734488841,46.787026697
0.16976074,46.750040864,46.803172427
0.16980469,46.765764658,46.819494516
0.16984863,46.781661723,46.835994575
0.16989258,46.797733592,46.852674250
0.16993652,46.813981833,46.869535227
0.16998047,46.830408050,46.886579227
0.17002441,46.847013881,46.903808010
0.17006836,46.863800999,46.921223373
0.17011230,46.880771113,46.938827148
0.17015625,46.897925969,46.956621207
0.17020020,46.915267346,46.974607459
0.17024414,46.932797061,46.992787847
0.17028809,46.950516963,47.011164354
0.17033203,46.968428940,47.029738995
0.17037598,46.986534913,47.048513824
0.17041992,47.004836837,47.067490929
0.17046387,47.023336703,47.086672431
0.17050781,47.042036534,47.106060487
0.17055176,47.060938388,47.125657285
0.17059570,47.080044355,47.145465048
0.17063965,47.099356557,47.165486027
0.17068359,47.118877149,47.185722508
0.17072754,47.138608314,47.206176803
0.17077148,47.158552269,47.226851254
0.17081543,47.178711256,47.247748231
0.17085937,47.199087549,47.268870130
0.17090332,47.219683448,47.290219373
0.17094727,47.240501277,47.311798405
0.17099121,47.261543390,47.333609695
0.17103516,47.282812162,47.355655733
0.17107910,47.304309992,47.377939029
0.17112305,47.326039301,47.400462112
0.17116699,47.348002530,47.423227530
0.17121094,47.370202141,47.446237843
0.17125488,47.392640612,47.469495629
0.17129883,47.415320441,47.493003479
0.17134277,47.438244137,47.516763991
0.17138672,47.461414228,47.540779778
0.17143066,47.484833249,47.565053458
0.17147461,47.508503751,47.589587657
0.17151855,47.532428292,47.614385003
0.17156250,47.556609438,47.639448132
0.17160645,47.581049764,47.664779677
0.17165039,47.605751846,47.690382273
0.17169434,47.630718267,47.716258553
0.17173828,47.655951611,47.742411147
0.17178223,47.681454460,47.768842678
0.17182617,47.707229399,47.795555765
0.17187012,47.733279005,47.822553015
0.17191406,47.759605856,47.849837028
0.17195801,47.786212520,47.877410391
0.17200195,47.813101558,47.905275678
0.17204590,47.840275525,47.933435447
0.17208984,47.867736962,47.961892241
0.17213379,47.895488398,47.990648585
0.17217773,47.923532351,48.019706983
0.17222168,47.951871322,48.049069920
0.17226563,47.980507796,48.078739857
0.17230957,48.009444240,48.108719232
0.17235352,48.038683100,48.139010460
0.17239746,48.068226806,48.169615925
0.17244141,48.098077760,48.200537987
0.17248535,48.128238345,48.231778978
0.17252930,48.158710919,48.263341196
0.17257324,48.189497813,48.295226912
0.17261719,48.220601331,48.327438362
0.17266113,48.252023751,48.359977752
0.17270508,48.283767320,48.392847252
0.17274902,48.315834257,48.426048996
0.17279297,48.348226748,48.459585085
0.17283691,48.380946949,48.493457583
0.17288086,48.413996982,48.527668517
0.17292480,48.447378936,48.562219874
0.17296875,48.481094867,48.597113605
0.17301270,48.515146793,48.632351623
0.17305664,48.549536701,48.667935800
0.17310059,48.584266538,48.703867969
0.17314453,48.619338216,48.740149923
0.17318848,48.654753611,48.776783416
0.17323242,48.690514559,48.813770161
0.17327637,48.726622861,48.851111830
0.17332031,48.763080279,48.888810055
0.17336426,48.799888537,48.926866427
0.17340820,48.837049319,48.965282499
0.17345215,48.874564272,49.004059780
0.17349609,48.912435006,49.043199741
0.17354004,48.950663089,49.082703813
0.17358398,48.989250052,49.122573388
0.17362793,49.028197390,49.162809816
0.17367188,49.067506555,49.203414411
0.17371582,49.107178964,49.244388445
0.17375977,49.147215986,49.285733137
0.17380371,49.187618947,49.327449657
0.17384766,49.228389138,49.369539139
0.17389160,49.269527816,49.412002688
0.17393555,49.311036210,49.454841388
0.17397949,49.352915524,49.498056301
0.17402344,49.395166932,49.541648474
0.17406738,49.437791585,49.585618930
0.17411133,49.480790608,49.629968675
0.17415527,49.524165099,49.674698691
0.17419922,49.567916128,49.719809936
0.17424316,49.612044736,49.765303343
0.17428711,49.656551936,49.811179814
0.17433105,49.701438711,49.857440223
0.17437500,49.746706009,49.904085410
0.17441895,49.792354751,49.951116183
0.17446289,49.838385822,49.998533316
0.17450684,49.884800075,50.046337548
0.17455078,49.931598330,50.094529583
0.17459473,49.978781373,50.143110090
0.17463867,50.026349959,50.192079705
0.17468262,50.074304811,50.241439031
0.17472656,50.122646618,50.291188637
0.17477051,50.171376038,50.341329060
0.17481445,50.220493698,50.391860803
0.17485840,50.270000193,50.442784342
0.17490234,50.319896090,50.494100121
0.17494629,50.370181928,50.545808557
0.17499023,50.420858219,50.597910042
0.17503418,50.471925449,50.650404948
0.17507813,50.523384081,50.703293622
0.17512207,50.575234559,50.756576397
0.17516602,50.627477302,50.810253588
0.17520996,50.680112714,50.864325497
0.17525391,50.733141180,50.918792413
0.17529785,50.786563072,50.973654615
0.17534180,50.840378744,51.028912374
0.17538574,50.894588541,51.084565951
0.17542969,50.949192790,51.140615601
0.17547363,51.004191813,51.197061574
0.17551758,51.059585915,51.253904111
0.17556152,51.115375396,51.311143449
0.17560547,51.171560541,51.368779819
0.17564941,51.228141629,51.426813446
0.17569336,51.285118927,51.485244548
0.17573730,51.342492695,51.544073337
0.17578125,51.400263179,51.603300017
0.17582520,51.458430619,51.662924784
0.17586914,51.516995242,51.722947823
0.17591309,51.575957264,51.783369314
0.17595703,51.635316892,51.844189421
0.17600098,51.695074321,51.905408300
0.17604492,51.755229732,51.967026095
0.17608887,51.815783297,52.029042937
0.17613281,51.876735174,52.091458943
0.17617676,51.938085507,52.154274218
0.17622070,51.999834430,52.217488853
0.17626465,52.061982062,52.281102926
0.17630859,52.124528510,52.345116499
0.17635254,52.187473866,52.409529623
0.17639648,52.250818210,52.474342331
0.17644043,52.314561609,52.539554645
0.17648437,52.378706835,52.605172155
0.17652832,52.443260730,52.671208245
0.17657227,52.508221958,52.737658233
0.17661621,52.573589118,52.804518004
0.17666016,52.639360835,52.871784034
0.17670410,52.705535814,52.939453381
0.17674805,52.772112879,53.007523639
0.17679199,52.839090988,53.075992886
0.17683594,52.906469235,53.144859622
0.17687988,52.974246847,53.214122706
0.17692383,53.042423174,53.283781296
0.17696777,53.110997679,53.353834793
0.17701172,53.179969916,53.424282790
0.17705566,53.249339522,53.495125027
0.17709961,53.319106199,53.566361354
0.17714355,53.389269700,53.637991700
0.17718750,53.459829820,53.710016048
0.17723145,53.530786382,53.782434408
0.17727539,53.602139228,53.855246808
0.17731934,53.673888214,53.928453277
0.17736328,53.746033202,54.002053839
0.17740723,53.818574054,54.076048501
0.17745117,53.891510632,54.150437255
0.17749512,53.964842792,54.225220071
0.17753906,54.038570382,54.300396898
0.17758301,54.112693244,54.375967664
0.17762695,54.187211210,54.451932273
0.17767090,54.262124101,54.528290612
0.17771484,54.337431733,54.605042547
0.17775879,54.413133911,54.682187927
0.17780273,54.489230431,54.759726586
0.17784668,54.565721082,54.837658344
0.17789062,54.642605648,54.915983007
0.17793457,54.719883903,54.994700371
0.17797852,54.797555618,55.073810223
0.17802246,54.875620557,55.153312342
0.17806641,54.954078482,55.233206496
0.17811035,55.032929150,55.313492452
0.17815430,55.112172313,55.394169970
0.17819824,55.191807723,55.475238804
0.17824219,55.271835130,55.556698707
0.17828613,55.352254280,55.638549429
0.17833008,55.433064922,55.720790719
0.17837402,55.514266802,55.803422325
0.17841797,55.595859668,55.886443996
0.17846191,55.677843268,55.969855482
0.17850586,55.760217354,56.053656535
0.17854980,55.842981679,56.137846912
0.17859375,55.926135999,56.222426371
0.17863770,56.009680075,56.307394680
0.17868164,56.093613674,56.392751608
0.17872559,56.177936567,56.478496937
0.17876953,56.262648531,56.564630452
0.17881348,56.347749351,56.651151951
0.17885742,56.433238820,56.738061241
0.17890137,56.519116740,56.825358140
0.17894531,56.605382921,56.913042476
0.17898926,56.692037183,57.001114094
0.17903320,56.779079358,57.089572847
0.17907715,56.866509287,57.178418604
0.17912109,56.954326823,57.267651250
0.17916504,57.042531830,57.357270679
0.17920898,57.131124184,57.447276804
0.17925293,57.220103772,57.537669548
0.17929687,57.309470495,57.628448849
0.17934082,57.399224262,57.719614660
0.17938477,57.489364995,57.811166945
0.17942871,57.579892629,57.903105680
0.17947266,57.670807105,57.995430854
0.17951660,57.762108376,58.088142463
0.17956055,57.853796405,58.181240514
0.17960449,57.945871159,58.274725018
0.17964844,58.038332612,58.368595992
0.17969238,58.131180744,58.462853454
0.17973633,58.224415538,58.557497425
0.17978027,58.318036978,58.652527922
0.17982422,58.412045050,58.747944965
0.17986816,58.506439742,58.843748568
0.17991211,58.601221038,58.939938742
0.17995605,58.696388921,59.036515490
0.18000000,58.791943367,59.133478804
0.18004395,58.887884346,59.230828664
0.18008789,58.984211818,59.328565031
0.18013184,59.080925730,59.426687849
0.18017578,59.178026019,59.525197046
0.18021973,59.275512609,59.624092528
0.18026367,59.373385538,59.723374313
0.18030762,59.471645241,59.823043270
0.18035156,59.570292039,59.923099996
0.18039551,59.669326101,60.023544752
0.18043945,59.768747478,60.124377569
0.18048340,59.868556131,60.225598324
0.18052734,59.968751955,60.327206790
0.18057129,60.069334777,60.429202648
0.18061523,60.170304358,60.531585486
0.18065918,60.271660407,60.634354828
0.18070312,60.373402595,60.737510168
0.18074707,60.475530573,60.841050999
0.18079102,60.578043990,60.944976843
0.18083496,60.680942503,61.049287266
0.18087891,60.784225781,61.153981886
0.18092285,60.887893508,61.259060373
0.18096680,60.991945380,61.364522438
0.18101074,61.096381093,61.470367812
0.18105469,61.201200332,61.576596225
0.18109863,61.306402753,61.683207379
0.18114258,61.411987964,61.790200913
0.18118652,61.517955507,61.897576372
0.18123047,61.624304832,62.005333175
0.18127441,61.731035276,62.113470583
0.18131836,61.838146028,62.221987629
0.18136230,61.945635773,62.330882280
0.18140625,62.053503606,62.440153472
0.18145020,62.161748800,62.549800592
0.18149414,62.270370628,62.659823088
0.18153809,62.379368221,62.770220195
0.18158203,62.488740461,62.880990752
0.18162598,62.598485900,62.992133073
0.18166992,62.708602706,63.103644885
0.18171387,62.819088627,63.215523285
0.18175781,62.929940965,63.327764740
0.18180176,63.041156575,63.440365097
0.18184570,63.152731857,63.553319607
0.18188965,63.264662769,63.666622958
0.18193359,63.376944837,63.780269316
0.18197754,63.489573172,63.894252361
0.18202148,63.602542489,64.008565335
0.18206543,63.715847130,64.123201076
0.18210937,63.829481081,64.238152060
0.18215332,63.943437999,64.353410438
0.18219727,64.057711229,64.468968075
0.18224121,64.172293833,64.584816574
0.18228516,64.287178604,64.700947315
0.18232910,64.402358091,64.817351481
0.18237305,64.517824621,64.934020081
0.18241699,64.633570314,65.050943980
0.18246094,64.749587105,65.168113916
0.18250488,64.865866760,65.285520525
0.18254883,64.982400898,65.403154361
0.18259277,65.099181002,65.521005910
0.18263672,65.216198440,65.639065614
0.18268066,65.333444479,65.757323880
0.18272461,65.450910301,65.875771102
0.18276855,65.568587017,65.994397670
0.18281250,65.686465682,66.113193990
0.18285645,65.804537309,66.232150493
0.18290039,65.922792884,66.351257649
0.18294434,66.041223377,66.470505980
0.18298828,66.159819756,66.589886072
0.18303223,66.278573001,66.709388586
0.18307617,66.397474116,66.829004273
0.18312012,66.516514139,66.948723978
0.18316406,66.635684157,67.068538658
0.18320801,66.754975319,67.188439389
0.18325195,66.874378843,67.308417375
0.18329590,66.993886029,67.428463963
0.18333984,67.113488272,67.548570647
0.18338379,67.233177074,67.668729081
0.18342773,67.352944049,67.788931089
0.18347168,67.472780938,67.909168672
0.18351562,67.592679620,68.029434016
0.18355957,67.712632118,68.149719504
0.18360352,67.832630611,68.270017723
0.18364746,67.952667445,68.390321471
0.18369141,68.072735140,68.510623764
0.18373535,68.192826397,68.630917848
0.18377930,68.312934113,68.751197202
0.18382324,68.433051384,68.871455545
0.18386719,68.553171513,68.991686846
0.18391113,68.673315894,69.111945990
0.18395508,68.793479396,69.232227191
0.18399902,68.913647535,69.352505065
0.18404297,69.033806968,69.472758218
0.18408691,69.153945601,69.592968867
0.18413086,69.274052621,69.713122432
0.18417480,69.394117362,69.833206013
0.18421875,69.514128989,69.953206119
0.18426270,69.634078019,70.073111901
0.18430664,69.753956235,70.192914738
0.18435059,69.873756794,70.312608278
0.18439453,69.993474238,70.432188347
0.18443848,70.113104443,70.551652755
0.18448242,70.232644527,70.671001031
0.18452637,70.352092717,70.790234145
0.18457031,70.471447970,70.909353500
0.18461426,70.590710785,71.028362745
0.18465820,70.709883146,71.147267730
0.18470215,70.828967885,71.266075206
0.18474609,70.947968234,71.384791997
0.18479004,71.066887526,71.503424510
0.18483398,71.185728996,71.621978476
0.18487793,71.304495671,71.740458847
0.18492187,71.423190446,71.858870173
0.18496582,71.541815716,71.977215924
0.18500977,71.660373108,72.095498010
0.18505371,71.778863634,72.213717156
0.18509766,71.897287922,72.331873432
0.18514160,72.015646384,72.449966584
0.18518555,72.133939205,72.567995877
0.18522949,72.252167068,72.685961657
0.18527344,72.370331102,72.803865138
0.18531738,72.488432816,72.921708206
0.18536133,72.606474034,73.039493240
0.18540527,72.724456816,73.157222950
0.18544922,72.842383390,73.274900214
0.18549316,72.960256101,73.392528000
0.18553711,73.078077429,73.510109386
0.18558105,73.195850005,73.627647609
0.18562500,73.313576622,73.745146089
0.18566895,73.431260231,73.862608424
0.18571289,73.548903933,73.980038379
0.18575684,73.666510975,74.097439878
0.18580078,73.784084728,74.214816978
0.18584473,73.901628672,74.332173837
0.18588867,74.019146363,74.449514675
0.18593262,74.136641405,74.566843726
0.18597656,74.254117410,74.684165182
0.18602051,74.371577970,74.801483159
0.18606445,74.489026637,74.918801673
0.18610840,74.606466870,75.036124580
0.18615234,74.723901789,75.153454996
0.18619629,74.841334579,75.270796251
0.18624023,74.958768432,75.388151761
0.18628418,75.076206445,75.505524841
0.18632812,75.193651529,75.622918537
0.18637207,75.311106326,75.740335503
0.18641602,75.428573134,75.857777887
0.18645996,75.546053851,75.975247258
0.18650391,75.663549923,76.092744550
0.18654785,75.781062305,76.210270022
0.18659180,75.898591432,76.327823242
0.18663574,76.016137200,76.445403074
0.18667969,76.133698946,76.563007679
0.18672363,76.251275443,76.680634525
0.18676758,76.368864891,76.798280396
0.18681152,76.486464921,76.915941407
0.18685547,76.604072588,77.033613020
0.18689941,76.721684377,77.151290060
0.18694336,76.839296206,77.268966728
0.18698730,76.956903428,77.386636616
0.18703125,77.074500834,77.504292719
0.18707520,77.192082682,77.621927486
0.18711914,77.309642749,77.739532940
0.18716309,77.427174276,77.857100567
0.18720703,77.544669926,77.974621243
0.18725098,77.662121755,78.092085176
0.18729492,77.779521187,78.209481875
0.18733887,77.896858999,78.326800134
0.18738281,78.014125313,78.444028028
0.18742676,78.131309592,78.561152914
0.18747070,78.248400641,78.678161436
0.18751465,78.365386603,78.795039544
0.18755859,78.482254972,78.911772498
0.18760254,78.598992591,79.028344888
0.18764648,78.715585659,79.144740640
0.18769043,78.831987108,79.260874149
0.18773437,78.948139938,79.376644842
0.18777832,79.064037198,79.492064042
0.18782227,79.179670921,79.607137604
0.18786621,79.295031973,79.721866597
0.18791016,79.410109963,79.836247913
0.18795410,79.524893210,79.950274813
0.18799805,79.639368741,80.063937397
0.18804199,79.753522315,80.177223025
0.18808594,79.867338463,80.290116679
0.18812988,79.980800544,80.402601272
0.18817383,80.093890793,80.514657920
0.18821777,80.206590389,80.626266165
0.18826172,80.318879505,80.737404168
0.18830566,80.430737366,80.848048880
0.18834961,80.542142308,80.958176171
0.18839355,80.653071819,81.067760953
0.18843750,80.763502595,81.176777275
0.18848145,80.873410575,81.285198404
0.18852539,80.982770986,81.392996896
0.18856934,81.091558373,81.500144652
0.18861328,81.199746636,81.606612966
0.18865723,81.307309056,81.712372565
0.18870117,81.414250144,81.817462897
0.18874512,81.520564665,81.921899733
0.18878906,81.626214673,82.025627254
0.18883301,81.731161550,82.128591560
0.18887695,81.835366524,82.230741065
0.18892090,81.938791033,82.332026662
0.18896484,82.041396959,82.432401707
0.18900879,82.143146759,82.531821895
0.18905273,82.244003521,82.630245047
0.18909668,82.343930966,82.727630860
0.18914063,82.442893401,82.823940628
0.18918457,82.540854740,82.919136048
0.18922852,82.637776710,83.013174279
0.18927246,82.733621753,83.106014212
0.18931641,82.828353557,83.197617490
0.18936035,82.921936756,83.287947724
0.18940430,83.014336702,83.376969911
0.18944824,83.105519270,83.464649993
0.18949219,83.195450718,83.550954544
0.18953613,83.284097560,83.635850530
0.18958008,83.371426467,83.719305117
0.18962402,83.457404163,83.801285510
0.18966797,83.541997353,83.881758825
0.18971191,83.625172655,83.960692001
0.18975586,83.706896553,84.038051740
0.18979980,83.787135338,84.113804441
0.18984375,83.865855046,84.187916098
0.18988770,83.943021415,84.260352255
0.18993164,84.018599890,84.331078034
0.18997559,84.092555650,84.400058206
0.19001953,84.164853624,84.467257261
0.19006348,84.235458504,84.532639434
0.19010742,84.304334712,84.596168682
0.19015137,84.371446345,84.657808597
0.19019531,84.436757085,84.717522268
0.19023926,84.500230064,84.775272086
0.19028320,84.561827683,84.831019404
0.19032715,84.621511531,84.884724418
0.19037109,84.679347904,84.936334610
0.19041504,84.735286289,84.985761036
0.19045898,84.789248504,85.032916403
0.19050293,84.841160207,85.077723209
0.19054688,84.890950869,85.120112115
0.19059082,84.938554086,85.160021700
0.19063477,84.983907528,85.197397652
0.19067871,85.026952399,85.232191038
0.19072266,85.067632675,85.264356358
0.19076660,85.105894315,85.293849768
0.19081055,85.141684570,85.320627710
0.19085449,85.174951441,85.344645992
0.19089844,85.205643329,85.365859348
0.19094238,85.233709675,85.384222195
0.19098633,85.259102663,85.399694268
0.19103027,85.281774527,85.412234035
0.19107422,85.301679882,85.421809489
0.19111816,85.318769251,85.428857386
0.19116211,85.333020486,85.433557457
0.19120605,85.344415646,85.435732319
0.19125000,85.352921957,85.435223338
0.19129395,85.358349035,85.431578396
0.19133789,85.360305150,85.423936565
0.19138184,85.358834044,85.412455760
0.19142578,85.353708103,85.397000815
0.19146973,85.344307278,85.377030781
0.19151367,85.331969630,85.354413991
0.19155762,85.317518797,85.330219151
0.19160156,85.300858104,85.304210993
0.19164551,85.281904123,85.276199253
0.19168945,85.260340030,85.245527784
0.19173340,85.235956634,85.211820845
0.19177734,85.208691805,85.175029061
0.19182129,85.178493460,85.135114284
0.19186523,85.145315572,85.092043985
0.19190918,85.109117870,85.045789320
0.19195313,85.069866679,84.996328516
0.19199707,85.027533511,84.943644909
0.19204102,84.982093859,84.887725325
0.19208496,84.933526164,84.828558749
0.19212891,84.881810930,84.766135229
0.19217285,84.826929964,84.700444981
0.19221680,84.768865732,84.631477658
0.19226074,84.707600804,84.559221764
0.19230469,84.643117393,84.483664192
0.19234863,84.575353484,84.404695221
0.19239258,84.504282756,84.322288386
0.19243652,84.429890351,84.236444556
0.19248047,84.352156364,84.147152062
0.19252441,84.271059725,84.054396226
0.19256836,84.186577957,83.958159256
0.19261230,84.098686963,83.858420154
0.19265625,84.007360859,83.755154651
0.19270020,83.912571829,83.648335181
0.19274414,83.814290040,83.537930904
0.19278809,83.712483580,83.423907775
0.19283203,83.607118454,83.306228659
0.19287598,83.498158603,83.184853493
0.19291992,83.385565971,83.059739487
0.19296387,83.269300597,82.930841361
0.19300781,83.149320739,82.798111607
0.19305176,83.025583024,82.661500778
0.19309570,82.898042615,82.520957794
0.19313965,82.766653400,82.376430256
0.19318359,82.631368188,82.227864762
0.19322754,82.492138924,82.075207238
0.19327148,82.348916898,81.918403242
0.19331543,82.201652968,81.757398282
0.19335938,82.050297773,81.592138108
0.19340332,81.894801952,81.422568994
0.19344727,81.735116352,81.248638006
0.19349121,81.571192231,81.070293249
0.19353516,81.402981457,80.887484093
0.19357910,81.230436687,80.700161387
0.19362305,81.053511550,80.508277645
0.19366699,80.872160808,80.311787214
0.19371094,80.686340506,80.110646430
0.19375488,80.496008117,79.904813738
0.19379883,80.301122662,79.694249802
0.19384277,80.101644834,79.478917601
0.19388672,79.897537178,79.258782599
0.19393066,79.688764385,79.033813296
0.19397461,79.475293206,78.803980913
0.19401855,79.257092396,78.569259189
0.19406250,79.034132702,78.329624249
0.19410645,78.806386860,78.085054541
0.19415039,78.573829616,77.835530808
0.19419434,78.336437750,77.581036073
0.19423828,78.094190109,77.321555653
0.19428223,77.847067641,77.057077179
0.19432617,77.595053446,76.787590643
0.19437012,77.338132823,76.513088443
0.19441406,77.076293317,76.233565440
0.19445801,76.809524767,75.949019000
0.19450195,76.537819338,75.659449030
0.19454590,76.261171553,75.364858001
0.19458984,75.979578304,75.065250942
0.19463379,75.693038856,74.760635429
0.19467773,75.401554842,74.451021546
0.19472168,75.105130235,74.136421831
0.19476562,74.803771348,73.816851240
0.19480957,74.497486902,73.492327284
0.19485352,74.186288040,73.162870077
0.19489746,73.870188254,72.828502203
0.19494141,73.549203250,72.489248488
0.19498535,73.223350796,72.145135717
0.19502930,72.892647985,71.796189794
0.19507324,72.557109688,71.442429093
0.19511719,72.216753853,71.083876468
0.19516113,71.871601380,70.720558891
0.19520508,71.521675763,70.352506608
0.19524902,71.167002829,69.979752542
0.19529297,70.807611951,69.602336312
0.19533691,70.443531582,69.220294553
0.19538086,70.074787827,68.833657594
0.19542480,69.701405900,68.442452590
0.19546875,69.323411395,68.046706091
0.19551270,68.940831385,67.646446106
0.19555664,68.553695343,67.241703723
0.19560059,68.162035907,66.832514354
0.19564453,67.765889495,66.418918662
0.19568848,67.365296783,66.000963194
0.19573242,66.960303064,65.578700806
0.19577637,66.550958500,65.152190876
0.19582031,66.137318273,64.721499375
0.19586426,65.719442659,64.286698794
0.19590820,65.297397028,63.847867983
0.19595215,64.871251783,63.405091903
0.19599609,64.441082247,62.958461313
0.19604004,64.006968511,62.508072424
0.19608398,63.568995247,62.054026507
0.19612793,63.127251488,61.596429498
0.19617187,62.681830399,61.135391581
0.19621582,62.232829025,60.671026778
0.19625977,61.780348029,60.203452539
0.19630371,61.324491434,59.732789346
0.19634766,60.865366348,59.259160331
0.19639160,60.403082708,58.782690911
0.19643555,59.937753013,58.303508441
0.19647949,59.469492071,57.821741895
0.19652344,58.998416756,57.337521562
0.19656738,58.524645763,56.850978764
0.19661133,58.048081482,56.361798324
0.19665527,57.568616379,55.869689065
0.19669922,57.086431505,55.374989618
0.19674316,56.601703935,54.877998821
0.19678711,56.114606374,54.378982845
0.19683105,55.625307043,53.878181074
0.19687500,55.133969741,53.375810938
0.19691895,54.640754037,52.872071892
0.19696289,54.145815531,52.367148673
0.19700684,53.649306155,51.861213976
0.19705078,53.151374490,51.354430635
0.19709473,52.652166068,50.846953397
0.19713867,52.151823668,50.338930362
0.19718262,51.650487571,49.830504140
0.19722656,51.148295798,49.321812773
0.19727051,50.645384300,48.812990465
0.19731445,50.141887121,48.304168150
0.19735840,49.637936527,47.795473928
0.19740234,49.133663095,47.287033387
0.19744629,48.629195780,46.778969834
0.19749023,48.124661950,46.271404458
0.19753418,47.620187394,45.764456427
0.19757812,47.115896318,45.258242937
0.19762207,46.611915671,44.752883583
0.19766602,46.108399995,44.248537538
0.19770996,45.605543741,43.745452272
0.19775391,45.103521501,43.243830193
0.19779785,44.602520199,42.743907883
0.19784180,44.102677125,42.245820223
0.19788574,43.604567086,41.750631041
0.19792969,43.108298059,41.258344498
0.19797363,42.613729572,40.768458033
0.19801758,42.120773904,40.280636226
0.19806152,41.629237076,39.794345090
0.19810547,41.139076622,39.309414617
0.19814941,40.650406886,38.826023968
0.19819336,40.163344335,38.344345960
0.19823730,39.678004290,37.864543018
0.19828125,39.194498659,37.386764945
0.19832520,38.712934473,36.911148018
0.19836914,38.233413055,36.437815019
0.19841309,37.756029650,35.966875894
0.19845703,37.280873408,35.498428803
0.19850098,36.808027607,35.032561391
0.19854492,36.337570036,34.569352135
0.19858887,35.869573472,34.108871691
0.19863281,35.404106203,33.651184167
0.19867676,34.941232562,33.196348281
0.19872070,34.481013433,32.744418392
0.19876465,34.023506730,32.295445386
0.19880859,33.568767831,31.849477420
0.19885254,33.116849948,31.406560534
0.19889648,32.667804458,30.966739139
0.19894043,32.221681172,30.530056400
0.19898437,31.778528563,30.096554524
0.19902832,31.338393944,29.666274972
0.19907227,30.901323614,29.239258601
0.19911621,30.467365153,28.815547950
0.19916016,30.036546016,28.395141881
0.19920410,29.608870413,27.977992502
0.19924805,29.184401358,27.564185347
0.19929199,28.763197847,27.153794990
0.19933594,28.345315180,26.746886975
0.19937988,27.930805270,26.343519399
0.19942383,27.519716940,25.943744198
0.19946777,27.112096185,25.547608191
0.19951172,26.707986410,25.155153896
0.19955566,26.307428625,24.766420187
0.19959961,25.910461610,24.381442787
0.19964355,25.517122042,24.000254651
0.19968750,25.127444604,23.622886250
0.19973145,24.741462055,23.249365771
0.19977539,24.359205286,22.879719261
0.19981934,23.980703352,22.513970724
0.19986328,23.605983500,22.152142182
0.19990723,23.235071173,21.794253705
0.19995117,22.867990009,21.440323432
0.19999512,22.504761844,21.090367572
0.20003906,22.145406697,20.744400401
0.20008301,21.789942760,20.402434254
0.20012695,21.438386392,20.064479519
0.20017090,21.090752103,19.730544629
0.20021484,20.747052551,19.400636059
0.20025879,20.407298531,19.074758323
0.20030273,20.071498977,18.752913982
0.20034668,19.739660961,18.435103648
0.20039062,19.411789695,18.121326001
0.20043457,19.087888561,17.811577826
0.20047852,18.767959447,17.505854425
0.20052246,18.452003426,17.204151380
0.20056641,18.140019723,16.906462387
0.20061035,17.832005141,16.612778148
0.20065430,17.527950661,16.323082801
0.20069824,17.227835652,16.037340747
0.20074219,16.931634382,15.755507222
0.20078613,16.639324490,15.477546938
0.20083008,16.350886123,15.203431385
0.20087402,16.066301198,14.933136741
0.20091797,15.785552797,14.666642278
0.20096191,15.508624662,14.403929133
0.20100586,15.235500781,14.144979371
0.20104980,14.966165049,13.889775291
0.20109375,14.700600998,13.638298897
0.20113770,14.438791574,13.390531506
0.20118164,14.180718963,13.146453457
0.20122559,13.926364493,12.906043983
0.20126953,13.675708589,12.669281171
0.20131348,13.428730740,12.436141963
0.20135742,13.185409480,12.206602165
0.20140137,12.945722376,11.980636455
0.20144531,12.709646014,11.758218389
0.20148926,12.477155986,11.539320406
0.20153320,12.248226892,11.323913834
0.20157715,12.022832332,11.111968902
0.20162109,11.800944924,10.903454765
0.20166504,11.582536773,10.698340813
0.20170898,11.367578408,10.496594381
0.20175293,11.156038196,10.298179403
0.20179687,10.947882939,10.103057704
0.20184082,10.743078344,9.911189932
0.20188477,10.541589384,9.722536211
0.20192871,10.343380569,9.537056588
0.20197266,10.148416162,9.354711338
0.20201660,9.956660328,9.175461151
0.20206055,9.768077258,8.999267256
0.20210449,9.582631252,8.826091481
0.20214844,9.400286791,8.655896295
0.20219238,9.221008578,8.488644813
0.20223633,9.044761586,8.324300796
0.20228027,8.871511073,8.162828637
0.20232422,8.701222608,8.004193338
0.20236816,8.533862082,7.848360490
0.20241211,8.369395710,7.695296245
0.20245605,8.207790038,7.544967283
0.20250000,8.049011934,7.397340782
0.20254395,7.893028590,7.252384385
0.20258789,7.739807504,7.110066166
0.20263184,7.589316473,6.970354591
0.20267578,7.441523577,6.833218488
0.20271973,7.296397161,6.698627004
0.20276367,7.153905822,6.566549575
0.20280762,7.014018386,6.436955891
0.20285156,6.876703894,6.309815863
0.20289551,6.741931584,6.185099596
0.20293945,6.609670870,6.062777358
0.20298340,6.479891334,5.942819562
0.20302734,6.352562704,5.825196741
0.20307129,6.227654848,5.709879535
0.20311523,6.105137761,5.596838676
0.20315918,5.984981555,5.486044978
0.20320312,5.867156457,5.377469333
0.20324707,5.751632799,5.271082706
0.20329102,5.638381021,5.166856138
0.20333496,5.527371666,5.064760742
0.20337891,5.418575382,4.964767713
0.20342285,5.311962924,4.866848331
0.20346680,5.207505159,4.770973971
0.20351074,5.105173066,4.677116108
0.20355469,5.004937743,4.585246326
0.20359863,4.906770413,4.495336330
0.20364258,4.810642427,4.407357952
0.20368652,4.716525271,4.321283160
0.20373047,4.624390570,4.237084066
0.20377441,4.534210093,4.154732931
0.20381836,4.445955759,4.074202175
0.20386230,4.359599638,3.995464377
0.20390625,4.275113957,3.918492285
0.20395020,4.192471101,3.843258812
0.20399414,4.111643619,3.769737046
0.20403809,4.032604219,3.697900244
0.20408203,3.955325777,3.627721836
0.20412598,3.879781331,3.559175428
0.20416992,3.805944087,3.492234795
0.20421387,3.733787415,3.426873884
0.20425781,3.663284851,3.363066813
0.20430176,3.594410098,3.300787868
0.20434570,3.527137023,3.240011504
0.20438965,3.461439658,3.180712341
0.20443359,3.397292199,3.122865167
0.20447754,3.334669008,3.066444933
0.20452148,3.273544612,3.011426756
0.20456543,3.213893703,2.957785921
0.20460937,3.155691139,2.905497876
0.20465332,3.098911946,2.854538238
0.20469727,3.043531318,2.804882794
0.20474121,2.989524619,2.756507501
0.20478516,2.936867387,2.709388494
0.20482910,2.885535333,2.663502081
0.20487305,2.835504346,2.618824754
0.20491699,2.786750497,2.575333190
0.20496094,2.739250038,2.533004254
0.20500488,2.692979411,2.491815005
0.20504883,2.647915247,2.451742701
0.20509277,2.604034371,2.412764803
0.20513672,2.561313808,2.374858978
0.20518066,2.519730786,2.338003107
0.20522461,2.479262737,2.302175288
0.20526855,2.439887306,2.267353841
0.20531250,2.401582351,2.233517314
0.20535645,2.364325950,2.200644484
0.20540039,2.328096404,2.168714366
0.20544434,2.292872238,2.137706212
0.20548828,2.258632211,2.107599522
0.20553223,2.225355314,2.078374039
0.20557617,2.193020774,2.050009762
0.20562012,2.161608063,2.022486941
0.20566406,2.131096894,1.995786086
0.20570801,2.101467228,1.969887966
0.20575195,2.072699278,1.944773616
0.20579590,2.044773508,1.920424334
0.20583984,2.017670640,1.896821690
0.20588379,1.991371651,1.873947521
0.20592773,1.965857782,1.851783938
0.20597168,1.941110536,1.830313328
0.20601562,1.917111679,1.809518350
0.20605957,1.893843244,1.789381944
0.20610352,1.871287534,1.769887324
0.20614746,1.849427120,1.751017988
0.20619141,1.828244845,1.732757709
0.20623535,1.807721648,1.715090787
0.20627930,1.787838915,1.698002791
0.20632324,1.768582240,1.681480229
0.20636719,1.749937214,1.665509376
0.20641113,1.731889423,1.650076327
0.20645508,1.714424456,1.635167052
0.20649902,1.697527920,1.620767449
0.20654297,1.681185459,1.606863403
0.20658691,1.665382774,1.593440842
0.20663086,1.650105650,1.580485782
0.20667480,1.635339979,1.567984383
0.20671875,1.621071786,1.555922987
0.20676270,1.607287255,1.544288157
0.20680664,1.593972753,1.533066712
0.20685059,1.581112797,1.522241284
0.20689453,1.568691517,1.511794003
0.20693848,1.556696747,1.501715407
0.20698242,1.545116619,1.491995973
0.20702637,1.533939535,1.482626154
0.20707031,1.523154146,1.473596404
0.20711426,1.512749341,1.464897210
0.20715820,1.502714231,1.456519118
0.20720215,1.493038144,1.448452753
0.20724609,1.483710617,1.440688842
0.20729004,1.474721392,1.433218230
0.20733398,1.466060415,1.426031895
0.20737793,1.457717832,1.419120961
0.20742188,1.449683989,1.412476712
0.20746582,1.441949431,1.406090596
0.20750977,1.434504905,1.399954236
0.20755371,1.427341353,1.394059438
0.20759766,1.420449921,1.388398191
0.20764160,1.413821954,1.382962674
0.20768555,1.407448995,1.377745259
0.20772949,1.401322789,1.372738512
0.20777344,1.395435282,1.367935194
0.20781738,1.389778616,1.363328262
0.20786133,1.384345135,1.358910869
0.20790527,1.379127378,1.354676360
0.20794922,1.374118084,1.350618275
0.20799316,1.369310184,1.346730346
0.20803711,1.364696804,1.343006490
0.20808105,1.360271261,1.339440814
0.20812500,1.356027060,1.336027605
0.20816895,1.351957894,1.332761330
0.20821289,1.348057639,1.329636633
0.20825684,1.344320351,1.326648329
0.20830078,1.340740265,1.323791400
0.20834473,1.337311790,1.321060993
0.20838867,1.334029503,1.318452413
0.20843262,1.330888153,1.315961123
0.20847656,1.327882647,1.313582734
0.20852051,1.325008056,1.311313003
0.20856445,1.322259604,1.309147831
0.20860840,1.319632667,1.307083255
0.20865234,1.317122771,1.305115445
0.20869629,1.314725582,1.303240701
0.20874023,1.312436908,1.301455446
0.20878418,1.310252694,1.299756225
0.20882813,1.308169014,1.298139699
0.20887207,1.306182073,1.296602642
0.20891602,1.304288199,1.295141935
0.20895996,1.302483839,1.293754566
0.20900391,1.300765560,1.292437624
0.20904785,1.299130039,1.291188296
0.20909180,1.297574064,1.290003864
0.20913574,1.296094530,1.288881700
0.20917969,1.294688434,1.287819267
0.20922363,1.293352873,1.286814110
0.20926758,1.292085039,1.285863861
0.20931152,1.290882220,1.284966228
0.20935547,1.289741792,1.284118997
0.20939941,1.288661218,1.283320030
0.20944336,1.287638049,1.282567260
0.20948730,1.286669914,1.281858690
0.20953125,1.285754524,1.281192389
0.20957520,1.284889665,1.280566493
0.20961914,1.284073199,1.279979200
0.20966309,1.283303056,1.279428771
0.20970703,1.282577241,1.278913523
0.20975098,1.281893822,1.278431831
0.20979492,1.281250933,1.277982128
0.20983887,1.280646773,1.277562895
0.20988281,1.280079599,1.277172671
0.20992676,1.279547729,1.276810039
0.20997070,1.279049537,1.276473635
0.21001465,1.278583452,1.276162139
0.21005859,1.278147957,1.275874278
0.21010254,1.277741588,1.275608820
0.21014648,1.277362928,1.275364580
0.21019043,1.277010610,1.275140409
0.21023438,1.276683314,1.274935201
0.21027832,1.276379765,1.274747886
0.21032227,1.276098731,1.274577434
0.21036621,1.275839023,1.274422846
0.21041016,1.275599493,1.274283163
0.21045410,1.275379033,1.274157456
0.21049805,1.275176571,1.274044830
0.21054199,1.274991074,1.273944419
0.21058594,1.274821546,1.273855390
0.21062988,1.274667023,1.273776938
0.21067383,1.274526575,1.273708286
0.21071777,1.274399305,1.273648685
0.21076172,1.274284349,1.273597412
0.21080566,1.274180869,1.273553770
0.21084961,1.274088060,1.273517087
0.21089355,1.274005144,1.273486713
0.21093750,1.273931352,1.273461259
0.21098145,1.273865862,1.273439898
0.21102539,1.273807886,1.273422253
0.21106934,1.273756708,1.273407965
0.21111328,1.273711671,1.273396684
0.21115723,1.273672165,1.273388065
0.21120117,1.273637618,1.273381762
0.21124512,1.273607490,1.273377434
0.21128906,1.273581266,1.273374738
0.21133301,1.273558458,1.273373332
0.21137695,1.273538594,1.273372876
0.21142090,1.273521224,1.273373033
0.21146484,1.273505910,1.273373466
0.21150879,1.273492232,1.273373846
0.21155273,1.273479781,1.273373844
0.21159668,1.273468163,1.273373140
0.21164062,1.273456994,1.273371416
0.21168457,1.273445905,1.273368361
0.21172852,1.273434535,1.273363672
0.21177246,1.273422534,1.273357051
0.21181641,1.273409554,1.273347819
0.21186035,1.273395209,1.273335206
0.21190430,1.273379085,1.273318873
0.21194824,1.273360522,1.273298548
0.21199219,1.273339020,1.273274049
0.21203613,1.273315663,1.273247853
0.21208008,1.273289435,1.273217908
0.21212402,1.273260060,1.273183901
0.21216797,1.273227252,1.273145511
0.21221191,1.273190719,1.273102418
0.21225586,1.273150172,1.273054310
0.21229980,1.273105323,1.273000884
0.21234375,1.273055890,1.272941849
0.21238770,1.273001623,1.272876952
0.21243164,1.272942323,1.272806022
0.21247559,1.272877840,1.272728964
0.21251953,1.272808044,1.272645712
0.21256348,1.272732801,1.272556192
0.21260742,1.272651980,1.272460319
0.21265137,1.272565444,1.272357998
0.21269531,1.272473053,1.272249120
0.21273926,1.272374664,1.272133570
0.21278320,1.272270132,1.272011221
0.21282715,1.272159306,1.271881940
0.21287109,1.272042035,1.271745587
0.21291504,1.271918162,1.271602015
0.21295898,1.271787529,1.271451073
0.21300293,1.271649975,1.271292603
0.21304687,1.271505337,1.271126444
0.21309082,1.271353455,1.270952439
0.21313477,1.271194171,1.270770432
0.21317871,1.271027334,1.270580278
0.21322266,1.270852800,1.270381843
0.21326660,1.270670435,1.270175005
0.21331055,1.270480116,1.269959654
0.21335449,1.270281727,1.269735696
0.21339844,1.270075165,1.269503046
0.21344238,1.269860335,1.269261633
0.21348633,1.269637150,1.269011396
0.21353027,1.269405534,1.268752282
0.21357422,1.269165416,1.268484248
0.21361816,1.268916731,1.268207254
0.21366211,1.268659123,1.267920617
0.21370605,1.268392502,1.267624269
0.21375000,1.268116866,1.267318316
0.21379395,1.267832211,1.267002851
0.21383789,1.267538532,1.266677950
0.21388184,1.267235824,1.266343676
0.21392578,1.266924076,1.266000075
0.21396973,1.266603273,1.265647176
0.21401367,1.266273393,1.265284993
0.21405762,1.265934409,1.264913524
0.21410156,1.265586284,1.264532749
0.21414551,1.265228976,1.264142636
0.21418945,1.264862437,1.263743138
0.21423340,1.264486609,1.263334199
0.21427734,1.264101431,1.262915750
0.21432129,1.263706837,1.262487716
0.21436523,1.263302755,1.262050015
0.21440918,1.262889110,1.261602560
0.21445312,1.262465826,1.261145263
0.21449707,1.262032822,1.260678032
0.21454102,1.261590020,1.260200774
0.21458496,1.261137336,1.259713400
0.21462891,1.260674691,1.259215817
0.21467285,1.260202001,1.258707938
0.21471680,1.259719185,1.258189672
0.21476074,1.259226162,1.257660934
0.21480469,1.258722849,1.257121638
0.21484863,1.258209165,1.256571699
0.21489258,1.257685026,1.256011030
0.21493652,1.257150350,1.255439547
0.21498047,1.256605052,1.254857162
0.21502441,1.256049045,1.254263787
0.21506836,1.255482243,1.253659331
0.21511230,1.254904553,1.253043700
0.21515625,1.254315884,1.252416796
0.21520020,1.253716140,1.251778519
0.21524414,1.253105221,1.251128764
0.21528809,1.252483025,1.250467422
0.21533203,1.251849446,1.249794377
0.21537598,1.251204375,1.249109513
0.21541992,1.250547697,1.248412705
0.21546387,1.249879296,1.247703825
0.21550781,1.249199049,1.246982742
0.21555176,1.248506832,1.246249317
0.21559570,1.247802514,1.245503410
0.21563965,1.247085963,1.244744873
0.21568359,1.246357041,1.243973558
0.21572754,1.245615608,1.243189308
0.21577148,1.244861516,1.242391965
0.21581543,1.244094619,1.241581367
0.21585937,1.243314761,1.240757347
0.21590332,1.242521788,1.239919733
0.21594727,1.241715536,1.239068350
0.21599121,1.240895842,1.238203020
0.21603516,1.240062536,1.237323558
0.21607910,1.239215445,1.236429778
0.21612305,1.238354391,1.235521487
0.21616699,1.237479192,1.234598489
0.21621094,1.236589663,1.233660583
0.21625488,1.235685613,1.232707564
0.21629883,1.234766847,1.231739220
0.21634277,1.233833164,1.230755338
0.21638672,1.232884360,1.229755696
0.21643066,1.231920226,1.228740070
0.21647461,1.230940548,1.227708228
0.21651855,1.229945106,1.226659935
0.21656250,1.228933675,1.225594951
0.21660645,1.227906027,1.224513027
0.21665039,1.226861927,1.223413913
0.21669434,1.225801134,1.222297350
0.21673828,1.224723404,1.221163075
0.21678223,1.223628484,1.220010819
0.21682617,1.222516120,1.218840307
0.21687012,1.221386050,1.217651259
0.21691406,1.220238005,1.216443387
0.21695801,1.219071713,1.215216401
0.21700195,1.217886896,1.213970002
0.21704590,1.216683268,1.212703885
0.21708984,1.215460541,1.211417741
0.21713379,1.214218418,1.210111253
0.21717773,1.212956597,1.208784100
0.21722168,1.211674772,1.207435953
0.21726562,1.210372628,1.206066479
0.21730957,1.209049846,1.204675338
0.21735352,1.207706102,1.203262182
0.21739746,1.206341063,1.201826660
0.21744141,1.204954392,1.200368413
0.21748535,1.203545747,1.198887076
0.21752930,1.202114778,1.197382278
0.21757324,1.200661130,1.195853642
0.21761719,1.199184440,1.194300785
0.21766113,1.197684342,1.192723317
0.21770508,1.196160460,1.191120842
0.21774902,1.194612416,1.189492958
0.21779297,1.193039824,1.187839255
0.21783691,1.191442289,1.186159320
0.21788086,1.189819415,1.184452730
0.21792480,1.188170795,1.182719059
0.21796875,1.186496018,1.180957871
0.21801270,1.184794667,1.179168728
0.21805664,1.183066319,1.177351182
0.21810059,1.181310542,1.175504779
0.21814453,1.179526900,1.173629061
0.21818848,1.177714950,1.171723560
0.21823242,1.175874243,1.169787806
0.21827637,1.174004324,1.167821319
0.21832031,1.172104730,1.165823613
0.21836426,1.170174993,1.163794198
0.21840820,1.168214639,1.161732575
0.21845215,1.166223185,1.159638239
0.21849609,1.164200145,1.157510680
0.21854004,1.162145025,1.155349380
0.21858398,1.160057325,1.153153815
0.21862793,1.157936538,1.150923456
0.21867187,1.155782150,1.148657766
0.21871582,1.153593643,1.146356202
0.21875977,1.151370491,1.144018214
0.21880371,1.149112161,1.141643247
0.21884766,1.146818115,1.139230738
0.21889160,1.144487808,1.136780120
0.21893555,1.142120689,1.134290818
0.21897949,1.139716201,1.131762249
0.21902344,1.137273778,1.129193828
0.21906738,1.134792852,1.126584960
0.21911133,1.132272846,1.123935044
0.21915527,1.129713176,1.121243475
0.21919922,1.127113253,1.118509641
0.21924316,1.124472483,1.115732921
0.21928711,1.121790262,1.112912691
0.21933105,1.119065984,1.110048319
0.21937500,1.116299033,1.107139168
0.21941895,1.113488789,1.104184593
0.21946289,1.110634626,1.101183945
0.21950684,1.107735911,1.098136568
0.21955078,1.104792003,1.095041799
0.21959473,1.101802259,1.091898969
0.21963867,1.098766025,1.088707404
0.21968262,1.095682645,1.085466422
0.21972656,1.092551454,1.082175338
0.21977051,1.089371783,1.078833457
0.21981445,1.086142955,1.075440081
0.21985840,1.082864288,1.071994504
0.21990234,1.079535094,1.068496016
0.21994629,1.076154678,1.064943899
0.21999023,1.072722339,1.061337430
0.22003418,1.069237371,1.057675879
0.22007812,1.065699062,1.053958512
0.22012207,1.062106692,1.050184586
0.22016602,1.058459538,1.046353356
0.22020996,1.054756868,1.042464067
0.22025391,1.050997946,1.038515961
0.22029785,1.047182028,1.034508272
0.22034180,1.043308368,1.030440231
0.22038574,1.039376210,1.026311060
0.22042969,1.035384794,1.022119976
0.22047363,1.031333353,1.017866192
0.22051758,1.027221115,1.013548913
0.22056152,1.023047303,1.009167338
0.22060547,1.018811132,1.004720663
0.22064941,1.014511812,1.000208074
0.22069336,1.010148548,0.995628755
0.22073730,1.005720538,0.990981882
0.22078125,1.001226975,0.986266626
0.22082520,0.996667046,0.981482153
0.22086914,0.992039932,0.976627620
0.22091309,0.987344807,0.971702183
0.22095703,0.982580842,0.966704989
0.22100098,0.977747200,0.961635180
0.22104492,0.972843039,0.956491893
0.22108887,0.967867511,0.951274258
0.22113281,0.962819763,0.945981399
0.22117676,0.957698935,0.940612437
0.22122070,0.952504161,0.935166485
0.22126465,0.947234572,0.929642650
0.22130859,0.941889290,0.924040035
0.22135254,0.936467433,0.918357737
0.22139648,0.930968114,0.912594844
0.22144043,0.925390438,0.906750444
0.22148437,0.919733505,0.900823615
0.22152832,0.913996411,0.894813430
0.22157227,0.908178245,0.888718959
0.22161621,0.902278090,0.882539262
0.22166016,0.896295023,0.876273396
0.22170410,0.890228117,0.869920413
0.22174805,0.884076438,0.863479357
0.22179199,0.877839047,0.856949268
0.22183594,0.871514997,0.850329180
0.22187988,0.865103339,0.843618120
0.22192383,0.858603115,0.836815111
0.22196777,0.852013364,0.829919170
0.22201172,0.845333117,0.822929307
0.22205566,0.838561400,0.815844528
0.22209961,0.831697234,0.808663832
0.22214355,0.824739634,0.801386214
0.22218750,0.817687609,0.794010660
0.22223145,0.810540163,0.786536153
0.22227539,0.803296291,0.778961670
0.22231934,0.795954988,0.771286181
0.22236328,0.788515238,0.763508652
0.22240723,0.780976023,0.755628042
0.22245117,0.773336316,0.747643304
0.22249512,0.765595087,0.739553387
0.22253906,0.757751298,0.731357231
0.22258301,0.749803907,0.723053774
0.22262695,0.741751866,0.714641945
0.22267090,0.733594120,0.706120670
0.22271484,0.725329610,0.697488867
0.22275879,0.716957269,0.688745449
0.22280273,0.708476027,0.679889323
0.22284668,0.699884805,0.670919392
0.22289062,0.691182521,0.661834549
0.22293457,0.682368085,0.652633686
0.22297852,0.673440403,0.643315686
0.22302246,0.664398375,0.633879428
0.22306641,0.655240894,0.624323783
0.22311035,0.645966847,0.614647619
0.22315430,0.636575118,0.604849795
0.22319824,0.627064582,0.594929168
0.22324219,0.617434109,0.584884585
0.22328613,0.607682565,0.574714890
0.22333008,0.597808808,0.564418921
0.22337402,0.587811691,0.553995509
0.22341797,0.577690061,0.543443480
0.22346191,0.567442760,0.532761654
0.22350586,0.557068624,0.521948846
0.22354980,0.546566482,0.511003863
0.22359375,0.535935158,0.499925508
0.22363770,0.525173471,0.488712578
0.22368164,0.514280233,0.477363865
0.22372559,0.503254251,0.465878154
0.22376953,0.492094326,0.454254223
0.22381348,0.480799253,0.442490848
0.22385742,0.469367821,0.430586796
0.22390137,0.457798816,0.418540830
0.22394531,0.446091014,0.406351707
0.22398926,0.434243189,0.394018178
0.22403320,0.422254106,0.381538989
0.22407715,0.410122528,0.368912879
0.22412109,0.397847210,0.356138584
0.22416504,0.385426902,0.343214831
0.22420898,0.372860349,0.330140345
0.22425293,0.360146289,0.316913843
0.22429687,0.347283455,0.303534038
0.22434082,0.334270576,0.289999636
0.22438477,0.321106374,0.276309341
0.22442871,0.307789567,0.262461846
0.22447266,0.294318865,0.248455845
0.22451660,0.280692975,0.234290023
0.22456055,0.266910599,0.219963060
0.22460449,0.252970431,0.205473631
0.22464844,0.238871163,0.190820408
0.22469238,0.224611480,0.176002055
0.22473633,0.210190062,0.161017232
0.22478027,0.195605584,0.145864596
0.22482422,0.180856717,0.130542796
0.22486816,0.165942126,0.115050478
0.22491211,0.150860471,0.099386283
0.22495605,0.135610407,0.083548847
0.22500000,0.120190585,0.067536802
0.22504395,0.104599651,0.051348775
0.22508789,0.088836247,0.034983388
0.22513184,0.072899008,0.018439259
0.22517578,0.056786568,0.001715003
0.22521973,0.040497553,-0.015190771
0.22526367,0.024030587,-0.032279458
0.22530762,0.007384290,-0.049552457
0.22535156,-0.009442725,-0.067011169
0.22539551,-0.026451846,-0.084657003
0.22543945,-0.043644467,-0.102491367
0.22548340,-0.061021985,-0.120515676
0.22552734,-0.078585802,-0.138731347
0.22557129,-0.096337323,-0.157139803
0.22561523,-0.114277955,-0.175742467
0.22565918,-0.132409112,-0.194540767
0.22570313,-0.150732210,-0.213536134
0.22574707,-0.169248667,-0.232730003
0.22579102,-0.187959906,-0.252123810
0.22583496,-0.206867353,-0.271718996
0.22587891,-0.225972437,-0.291517004
0.22592285,-0.245276589,-0.311519277
0.22596680,-0.264781243,-0.331727266
0.22601074,-0.284487838,-0.352142419
0.22605469,-0.304397814,-0.372766189
0.22609863,-0.324512611,-0.393600030
0.22614258,-0.344833677,-0.414645400
0.22618652,-0.365362457,-0.435903757
0.22623047,-0.386100401,-0.457376560
0.22627441,-0.407048960,-0.479065272
0.22631836,-0.428209587,-0.500971356
0.22636230,-0.449583737,-0.523096276
0.22640625,-0.471172867,-0.545441498
0.22645020,-0.492978434,-0.568008488
0.22649414,-0.515001898,-0.590798715
0.22653809,-0.537244719,-0.613813646
0.22658203,-0.559708359,-0.637054750
0.22662598,-0.582394280,-0.660523497
0.22666992,-0.605303946,-0.684221356
0.22671387,-0.628438819,-0.708149797
0.22675781,-0.651800366,-0.732310290
0.22680176,-0.675390049,-0.756704304
0.22684570,-0.699209334,-0.781333307
0.22688965,-0.723259686,-0.806198770
0.22693359,-0.747542569,-0.831302159
0.22697754,-0.772059448,-0.856644942
0.22702148,-0.796811786,-0.882228585
0.22706543,-0.821801047,-0.908054553
0.22710938,-0.847028694,-0.934124309
0.22715332,-0.872496187,-0.960439316
0.22719727,-0.898204988,-0.987001034
0.22724121,-0.924156556,-1.013810922
0.22728516,-0.950352348,-1.040870436
0.22732910,-0.976793821,-1.068181032
0.22737305,-1.003482429,-1.095744160
0.22741699,-1.030419625,-1.123561271
0.22746094,-1.057606859,-1.151633811
0.22750488,-1.085045580,-1.179963226
0.22754883,-1.112737233,-1.208550955
0.22759277,-1.140683262,-1.237398437
0.22763672,-1.168885107,-1.266507106
0.22768066,-1.197344206,-1.295878394
0.22772461,-1.226061993,-1.325513727
0.22776855,-1.255039899,-1.355414530
0.22781250,-1.284279352,-1.385582221
0.22785645,-1.313781776,-1.416018215
0.22790039,-1.343548592,-1.446723923
0.22794434,-1.373581215,-1.477700752
0.22798828,-1.403881059,-1.508950103
0.22803223,-1.434449532,-1.540473371
0.22807617,-1.465288036,-1.572271950
0.22812012,-1.496397971,-1.604347224
0.22816406,-1.527780730,-1.636700575
0.22820801,-1.559437704,-1.669333377
0.22825195,-1.591370275,-1.702247000
0.22829590,-1.623579824,-1.735442807
0.22833984,-1.656067722,-1.768922156
0.22838379,-1.688835337,-1.802686397
0.22842773,-1.721884032,-1.836736875
0.22847168,-1.755215162,-1.871074929
0.22851562,-1.788830077,-1.905701888
0.22855957,-1.822730119,-1.940619079
0.22860352,-1.856916627,-1.975827816
0.22864746,-1.891390929,-2.011329412
0.22869141,-1.926154350,-2.047125166
0.22873535,-1.961208200,-2.083216368
0.22877930,-1.996553785,-2.119604294
0.22882324,-2.032192401,-2.156290213
0.22886719,-2.068125340,-2.193275390
0.22891113,-2.104353888,-2.230561086
0.22895508,-2.140879326,-2.268148559
0.22899902,-2.177702933,-2.306039065
0.22904297,-2.214825980,-2.344233857
0.22908691,-2.252249737,-2.382734182
0.22913086,-2.289975463,-2.421541283
0.22917480,-2.328004414,-2.460656397
0.22921875,-2.366337840,-2.500080752
0.22926270,-2.404976979,-2.539815569
0.22930664,-2.443923064,-2.579862058
0.22935059,-2.483177317,-2.620221420
0.22939453,-2.522740951,-2.660894842
0.22943848,-2.562615168,-2.701883501
0.22948242,-2.602801159,-2.743188559
0.22952637,-2.643300104,-2.784811166
0.22957031,-2.684113171,-2.826752457
0.22961426,-2.725241514,-2.869013554
0.22965820,-2.766686278,-2.911595565
0.22970215,-2.808448593,-2.954499581
0.22974609,-2.850529576,-2.997726682
0.22979004,-2.892930333,-3.041277932
0.22983398,-2.935651955,-3.085154380
0.22987793,-2.978695521,-3.129357063
0.22992187,-3.022062098,-3.173887002
0.22996582,-3.065752738,-3.218745206
0.23000977,-3.109768481,-3.263932670
0.23005371,-3.154110356,-3.309450375
0.23009766,-3.198779378,-3.355299292
0.23014160,-3.243776549,-3.401480377
0.23018555,-3.289102859,-3.447994573
0.23022949,-3.334759286,-3.494842811
0.23027344,-3.380746793,-3.542026009
0.23031738,-3.427066332,-3.589545070
0.23036133,-3.473718841,-3.637400884
0.23040527,-3.520705245,-3.685594330
0.23044922,-3.568026458,-3.734126271
0.23049316,-3.615683379,-3.782997561
0.23053711,-3.663676897,-3.832209040
0.23058105,-3.712007889,-3.881761536
0.23062500,-3.760677219,-3.931655869
0.23066895,-3.809685742,-3.981892846
0.23071289,-3.859034298,-4.032473263
0.23075684,-3.908723719,-4.083397907
0.23080078,-3.958754825,-4.134667554
0.23084473,-4.009128426,-4.186282970
0.23088867,-4.059845319,-4.238244911
0.23093262,-4.110906290,-4.290554121
0.23097656,-4.162312117,-4.343211334
0.23102051,-4.214063561,-4.396217274
0.23106445,-4.266161376,-4.449572651
0.23110840,-4.318606302,-4.503278164
0.23115234,-4.371399066,-4.557334499
0.23119629,-4.424540383,-4.611742331
0.23124023,-4.478030956,-4.666502318
0.23128418,-4.531871473,-4.721615107
0.23132812,-4.586062608,-4.777081328
0.23137207,-4.640605021,-4.832901595
0.23141602,-4.695499357,-4.889076508
0.23145996,-4.750746246,-4.945606650
0.23150391,-4.806346303,-5.002492586
0.23154785,-4.862300125,-5.059734864
0.23159180,-4.918614317,-5.117346377
0.23163574,-4.975289094,-5.175325660
0.23167969,-5.032324115,-5.233670470
0.23172363,-5.089719027,-5.292378929
0.23176758,-5.147473504,-5.351449515
0.23181152,-5.205587279,-5.410881048
0.23185547,-5.264060156,-5.470672655
0.23189941,-5.322892013,-5.530823735
0.23194336,-5.382082805,-5.591333919
0.23198730,-5.441632560,-5.652203029
0.23203125,-5.501541364,-5.713431045
0.23207520,-5.561809360,-5.775018070
0.23211914,-5.622436737,-5.836964302
0.23216309,-5.683423715,-5.899270007
0.23220703,-5.744770543,-5.961935497
0.23225098,-5.806477489,-6.024961116
0.23229492,-5.868544831,-6.088347221
0.23233887,-5.930972852,-6.152094176
0.23238281,-5.993761836,-6.216202337
0.23242676,-6.056912063,-6.280672050
0.23247070,-6.120423803,-6.345503644
0.23251465,-6.184297318,-6.410697426
0.23255859,-6.248532856,-6.476253684
0.23260254,-6.313130652,-6.542172682
0.23264648,-6.378090924,-6.608454657
0.23269043,-6.443413877,-6.675099825
0.23273437,-6.509099698,-6.742108377
0.23277832,-6.575148557,-6.809480482
0.23282227,-6.641560609,-6.877216286
0.23286621,-6.708335991,-6.945315912
0.23291016,-6.775474824,-7.013779464
0.23295410,-6.842977214,-7.082607023
0.23299805,-6.910843249,-7.151798650
0.23304199,-6.979073000,-7.221354387
0.23308594,-7.047666521,-7.291274253
0.23312988,-7.116623849,-7.361558243
0.23317383,-7.185945001,-7.432206334
0.23321777,-7.255629978,-7.503218474
0.23326172,-7.325678759,-7.574594590
0.23330566,-7.396091304,-7.646334580
0.23334961,-7.466867555,-7.718438323
0.23339355,-7.538007437,-7.790905675
0.23343750,-7.609510853,-7.863736464
0.23348145,-7.681377698,-7.936930507
0.23352539,-7.753607886,-8.010487673
0.23356934,-7.826201373,-8.084407912
0.23361328,-7.899158168,-8.158691285
0.23365723,-7.972478349,-8.233337975
0.23370117,-8.046162110,-8.308348370
0.23374512,-8.120209914,-8.383723365
0.23378906,-8.194622408,-8.459464210
0.23383301,-8.269400066,-8.535571833
0.23387695,-8.344542672,-8.612045808
0.23392090,-8.420047966,-8.688882240
0.23396484,-8.495908695,-8.766067494
0.23400879,-8.572114582,-8.843582251
0.23405273,-8.648656418,-8.921409892
0.23409668,-8.725497624,-8.999448555
0.23414062,-8.802803214,-9.078024334
0.23418457,-8.880743406,-9.157459226
0.23422852,-8.961392697,-9.242723873
0.23427246,-8.835467200,-9.119264556
0.23431641,-8.853312641,-9.130912383
0.23436035,-8.869043030,-9.140728615
0.23440430,-8.883010905,-9.149169911
0.23444824,-8.895492969,-9.156620055
0.23449219,-8.906711601,-9.163245275
0.23453613,-8.916847443,-9.169177174
0.23458008,-8.926048662,-9.174521013
0.23462402,-8.934437871,-9.179361791
0.23466797,-8.942117360,-9.183768775
0.23471191,-8.949173102,-9.187798898
0.23475586,-8.955677857,-9.191499339
0.23479980,-8.961693592,-9.194909502
0.23484375,-8.967273396,-9.198062547
0.23488770,-8.972463004,-9.200986576
0.23493164,-8.977302014,-9.203705569
0.23497559,-8.981824877,-9.206240124
0.23501953,-8.986061704,-9.208608039
0.23506348,-8.990038919,-9.210824792
0.23510742,-8.993779804,-9.212903910
0.23515137,-8.997304951,-9.214857284
0.23519531,-9.000632637,-9.216695415
0.23523926,-9.003779136,-9.218427623
0.23528320,-9.006758989,-9.220062216
0.23532715,-9.009585223,-9.221606629
0.23537109,-9.012269544,-9.223067542
0.23541504,-9.014822500,-9.224450980
0.23545898,-9.017253619,-9.225762394
0.23550293,-9.019571530,-9.227006729
0.23554687,-9.021784065,-9.228188490
0.23559082,-9.023898349,-9.229311788
0.23563477,-9.025920879,-9.230380383
0.23567871,-9.027857589,-9.231397726
0.23572266,-9.029713913,-9.232366987
0.23576660,-9.031494833,-9.233291087
0.23581055,-9.033204927,-9.234172723
0.23585449,-9.034848408,-9.235014385
0.23589844,-9.036429161,-9.235818382
0.23594238,-9.037950772,-9.236586855
0.23598633,-9.039416559,-9.237321789
0.23603027,-9.040829595,-9.238025036
0.23607422,-9.042192729,-9.238698315
0.23611816,-9.043508610,-9.239343234
0.23616211,-9.044779698,-9.239961290
0.23620605,-9.046008289,-9.240553885
0.23625000,-9.047196519,-9.241122327
0.23629395,-9.048346385,-9.241667846
0.23633789,-9.049459753,-9.242191589
0.23638184,-9.050538369,-9.242694638
0.23642578,-9.051583869,-9.243178005
0.23646973,-9.052597786,-9.243642642
0.23651367,-9.053581561,-9.244089445
0.23655762,-9.054536546,-9.244519257
0.23660156,-9.055464014,-9.244932873
0.23664551,-9.056365163,-9.245331041
0.23668945,-9.057241123,-9.245714469
0.23673340,-9.058092957,-9.246083823
0.23677734,-9.058921672,-9.246439732
0.23682129,-9.059728216,-9.246782795
0.23686523,-9.060513488,-9.247113572
0.23690918,-9.061278336,-9.247432600
0.23695312,-9.062023567,-9.247740381
0.23699707,-9.062749942,-9.248037397
0.23704102,-9.063458185,-9.248324100
0.23708496,-9.064148981,-9.248600922
0.23712891,-9.064822983,-9.248868273
0.23717285,-9.065480809,-9.249126540
0.23721680,-9.066123050,-9.249376094
0.23726074,-9.066750265,-9.249617287
0.23730469,-9.067362989,-9.249850452
0.23734863,-9.067961730,-9.250075908
0.23739258,-9.068546981,-9.250293968
0.23743652,-9.069119229,-9.250505227
0.23748047,-9.069678932,-9.250710691
0.23752441,-9.070226528,-9.250911192
0.23756836,-9.070762431,-9.251107418
0.23761230,-9.071287033,-9.251299935
0.23765625,-9.071800711,-9.251489208
0.23770020,-9.072303821,-9.251675616
0.23774414,-9.072796703,-9.251859469
0.23778809,-9.073279684,-9.252041015
0.23783203,-9.073753073,-9.252220456
0.23787598,-9.074217168,-9.252397952
0.23791992,-9.074672253,-9.252573630
0.23796387,-9.075118599,-9.252747589
0.23800781,-9.075556467,-9.252919904
0.23805176,-9.075986108,-9.253090635
0.23809570,-9.076407760,-9.253259825
0.23813965,-9.076821654,-9.253427505
0.23818359,-9.077228011,-9.253593697
0.23822754,-9.077627043,-9.253758415
0.23827148,-9.078018954,-9.253921666
0.23831543,-9.078403941,-9.254083457
0.23835937,-9.078782191,-9.254243785
0.23840332,-9.079153887,-9.254402651
0.23844727,-9.079519204,-9.254560051
0.23849121,-9.079878311,-9.254715979
0.23853516,-9.080231370,-9.254870432
0.23857910,-9.080578537,-9.255023404
0.23862305,-9.080919965,-9.255174891
0.23866699,-9.081255800,-9.255324888
0.23871094,-9.081586181,-9.255473392
0.23875488,-9.081911245,-9.255620399
0.23879883,-9.082231124,-9.255765909
0.23884277,-9.082545944,-9.255909919
0.23888672,-9.082855829,-9.256052430
0.23893066,-9.083160897,-9.256193443
0.23897461,-9.083461264,-9.256332961
0.23901855,-9.083757039,-9.256470985
0.23906250,-9.084048331,-9.256607521
0.23910645,-9.084335244,-9.256742574
0.23915039,-9.084617879,-9.256876148
0.23919434,-9.084896333,-9.257008253
0.23923828,-9.085170702,-9.257138894
0.23928223,-9.085441077,-9.257268080
0.23932617,-9.085707548,-9.257395822
0.23937012,-9.085970199,-9.257522128
0.23941406,-9.086229116,-9.257647010
0.23945801,-9.086484380,-9.257770478
0.23950195,-9.086736069,-9.257892544
0.23954590,-9.086984260,-9.258013221
0.23958984,-9.087229027,-9.258132521
0.23963379,-9.087470443,-9.258250458
0.23967773,-9.087708578,-9.258367044
0.23972168,-9.087943500,-9.258482294
0.23976562,-9.088175274,-9.258596222
0.23980957,-9.088403967,-9.258708842
0.23985352,-9.088629640,-9.258820169
0.23989746,-9.088852354,-9.258930217
0.23994141,-9.089072168,-9.259039002
0.23998535,-9.089289141,-9.259146538
0.24002930,-9.089503328,-9.259252841
0.24007324,-9.089714783,-9.259357926
0.24011719,-9.089923561,-9.259461808
0.24016113,-9.090129713,-9.259564503
0.24020508,-9.090333289,-9.259666026
0.24024902,-9.090534338,-9.259766393
0.24029297,-9.090732909,-9.259865619
0.24033691,-9.090929048,-9.259963718
0.24038086,-9.091122800,-9.260060707
0.24042480,-9.091314210,-9.260156601
0.24046875,-9.091503321,-9.260251415
0.24051270,-9.091690174,-9.260345163
0.24055664,-9.091874812,-9.260437861
0.24060059,-9.092057275,-9.260529524
0.24064453,-9.092237600,-9.260620166
0.24068848,-9.092415828,-9.260709802
0.24073242,-9.092591994,-9.260798447
0.24077637,-9.092766135,-9.260886114
0.24082031,-9.092938286,-9.260972817
0.24086426,-9.093108484,-9.261058572
0.24090820,-9.093276760,-9.261143392
0.24095215,-9.093443148,-9.261227290
0.24099609,-9.093607681,-9.261310279
0.24104004,-9.093770390,-9.261392375
0.24108398,-9.093931306,-9.261473588
0.24112793,-9.094090459,-9.261553934
0.24117187,-9.094247879,-9.261633424
0.24121582,-9.094403594,-9.261712071
0.24125977,-9.094557632,-9.261789888
0.24130371,-9.094710021,-9.261866887
0.24134766,-9.094860787,-9.261943080
0.24139160,-9.095009958,-9.262018479
0.24143555,-9.095157559,-9.262093097
0.24147949,-9.095303615,-9.262166944
0.24152344,-9.095448151,-9.262240032
0.24156738,-9.095591190,-9.262312373
0.24161133,-9.095732757,-9.262383978
0.24165527,-9.095872875,-9.262454857
0.24169922,-9.096011566,-9.262525021
0.24174316,-9.096148852,-9.262594482
0.24178711,-9.096284755,-9.262663249
0.24183105,-9.096419296,-9.262731333
0.24187500,-9.096552496,-9.262798745
0.24191895,-9.096684375,-9.262865493
0.24196289,-9.096814954,-9.262931587
0.24200684,-9.096944252,-9.262997039
0.24205078,-9.097072288,-9.263061856
0.24209473,-9.097199080,-9.263126048
0.24213867,-9.097324648,-9.263189626
0.24218262,-9.097449009,-9.263252596
0.24222656,-9.097572181,-9.263314969
0.24227051,-9.097694181,-9.263376754
0.24231445,-9.097815026,-9.263437958
0.24235840,-9.097934733,-9.263498591
0.24240234,-9.098053318,-9.263558661
0.24244629,-9.098170797,-9.263618175
0.24249023,-9.098287186,-9.263677143
0.24253418,-9.098402501,-9.263735572
0.24257812,-9.098516756,-9.263793469
0.24262207,-9.098629966,-9.263850843
0.24266602,-9.098742146,-9.263907701
0.24270996,-9.098853310,-9.263964051
0.24275391,-9.098963472,-9.264019900
0.24279785,-9.099072646,-9.264075255
0.24284180,-9.099180845,-9.264130123
0.24288574,-9.099288083,-9.264184511
0.24292969,-9.099394372,-9.264238427
0.24297363,-9.099499726,-9.264291876
0.24301758,-9.099604156,-9.264344866
0.24306152,-9.099707676,-9.264397403
0.24310547,-9.099810297,-9.264449494
0.24314941,-9.099912032,-9.264501144
0.24319336,-9.100012891,-9.264552361
0.24323730,-9.100112887,-9.264603150
0.24328125,-9.100212030,-9.264653518
0.24332520,-9.100310332,-9.264703470
0.24336914,-9.100407804,-9.264753012
0.24341309,-9.100504456,-9.264802151
0.24345703,-9.100600298,-9.264850891
0.24350098,-9.100695342,-9.264899239
0.24354492,-9.100789597,-9.264947199
0.24358887,-9.100883073,-9.264994778
0.24363281,-9.100975779,-9.265041981
0.24367676,-9.101067727,-9.265088812
0.24372070,-9.101158925,-9.265135278
0.24376465,-9.101249382,-9.265181384
0.24380859,-9.101339107,-9.265227133
0.24385254,-9.101428110,-9.265272532
0.24389648,-9.101516400,-9.265317586
0.24394043,-9.101603985,-9.265362298
0.24398438,-9.101690873,-9.265406675
0.24402832,-9.101777074,-9.265450720
0.24407227,-9.101862595,-9.265494438
0.24411621,-9.101947445,-9.265537834
0.24416016,-9.102031631,-9.265580912
0.24420410,-9.102115162,-9.265623677
0.24424805,-9.102198045,-9.265666133
0.24429199,-9.102280288,-9.265708285
0.24433594,-9.102361898,-9.265750136
0.24437988,-9.102442884,-9.265791691
0.24442383,-9.102523251,-9.265832953
0.24446777,-9.102603008,-9.265873928
0.24451172,-9.102682162,-9.265914618
0.24455566,-9.102760718,-9.265955029
0.24459961,-9.102838685,-9.265995163
0.24464355,-9.102916069,-9.266035025
0.24468750,-9.102992877,-9.266074618
0.24473145,-9.103069115,-9.266113947
0.24477539,-9.103144789,-9.266153014
0.24481934,-9.103219906,-9.266191824
0.24486328,-9.103294473,-9.266230379
0.24490723,-9.103368495,-9.266268685
0.24495117,-9.103441978,-9.266306743
0.24499512,-9.103514929,-9.266344558
0.24503906,-9.103587353,-9.266382132
0.24508301,-9.103659256,-9.266419470
0.24512695,-9.103730643,-9.266456574
0.24517090,-9.103801522,-9.266493448
0.24521484,-9.103871896,-9.266530094
0.24525879,-9.103941771,-9.266566517
0.24530273,-9.104011153,-9.266602719
0.24534668,-9.104080048,-9.266638703
0.24539063,-9.104148459,-9.266674472
0.24543457,-9.104216394,-9.266710029
0.24547852,-9.104283855,-9.266745378
0.24552246,-9.104350849,-9.266780520
0.24556641,-9.104417381,-9.266815460
0.24561035,-9.104483455,-9.266850199
0.24565430,-9.104549077,-9.266884741
0.24569824,-9.104614250,-9.266919087
0.24574219,-9.104678979,-9.266953242
0.24578613,-9.104743270,-9.266987207
0.24583008,-9.104807127,-9.267020986
0.24587402,-9.104870553,-9.267054580
0.24591797,-9.104933555,-9.267087993
0.24596191,-9.104996135,-9.267121226
0.24600586,-9.105058298,-9.267154283
0.24604980,-9.105120049,-9.267187165
0.24609375,-9.105181391,-9.267219876
0.24613770,-9.105242329,-9.267252417
0.24618164,-9.105302867,-9.267284791
0.24622559,-9.105363009,-9.267317001
0.24626953,-9.105422758,-9.267349048
0.24631348,-9.105482119,-9.267380934
0.24635742,-9.105541096,-9.267412663
0.24640137,-9.105599692,-9.267444236
0.24644531,-9.105657911,-9.267475654
0.24648926,-9.105715757,-9.267506922
0.24653320,-9.105773233,-9.267538040
0.24657715,-9.105830343,-9.267569010
0.24662109,-9.105887090,-9.267599835
0.24666504,-9.105943479,-9.267630517
0.24670898,-9.105999512,-9.267661057
0.24675293,-9.106055193,-9.267691458
0.24679687,-9.106110526,-9.267721721
0.24684082,-9.106165513,-9.267751848
0.24688477,-9.106220158,-9.267781842
0.24692871,-9.106274464,-9.267811703
0.24697266,-9.106328434,-9.267841435
0.24701660,-9.106382072,-9.267871038
0.24706055,-9.106435381,-9.267900515
0.24710449,-9.106488363,-9.267929866
0.24714844,-9.106541023,-9.267959095
0.24719238,-9.106593362,-9.267988202
0.24723633,-9.106645384,-9.268017189
0.24728027,-9.106697091,-9.268046058
0.24732422,-9.106748487,-9.268074810
0.24736816,-9.106799575,-9.268103447
0.24741211,-9.106850356,-9.268131971
0.24745605,-9.106900835,-9.268160383
0.24750000,-9.106951014,-9.268188685
0.24754395,-9.107000895,-9.268216877
0.24758789,-9.107050482,-9.268244963
0.24763184,-9.107099776,-9.268272942
0.24767578,-9.107148781,-9.268300817
0.24771973,-9.107197499,-9.268328588
0.24776367,-9.107245933,-9.268356258
0.24780762,-9.107294085,-9.268383828
0.24785156,-9.107341957,-9.268411298
0.24789551,-9.107389553,-9.268438671
0.24793945,-9.107436875,-9.268465947
0.24798340,-9.107483924,-9.268493128
0.24802734,-9.107530704,-9.268520215
0.24807129,-9.107577217,-9.268547210
0.24811523,-9.107623464,-9.268574113
0.24815918,-9.107669450,-9.268600926
0.24820312,-9.107715175,-9.268627649
0.24824707,-9.107760641,-9.268654285
0.24829102,-9.107805852,-9.268680834
0.24833496,-9.107850810,-9.268707298
0.24837891,-9.107895515,-9.268733677
0.24842285,-9.107939972,-9.268759972
0.24846680,-9.107984181,-9.268786185
0.24851074,-9.108028145,-9.268812317
0.24855469,-9.108071867,-9.268838369
0.24859863,-9.108115347,-9.268864342
0.24864258,-9.108158588,-9.268890237
0.24868652,-9.108201592,-9.268916055
0.24873047,-9.108244361,-9.268941796
0.24877441,-9.108286898,-9.268967463
0.24881836,-9.108329203,-9.268993056
0.24886230,-9.108371279,-9.269018576
0.24890625,-9.108413127,-9.269044024
0.24895020,-9.108454751,-9.269069402
0.24899414,-9.108496151,-9.269094709
0.24903809,-9.108537329,-9.269119948
0.24908203,-9.108578287,-9.269145119
0.24912598,-9.108619027,-9.269170224
0.24916992,-9.108659551,-9.269195263
0.24921387,-9.108699860,-9.269220237
0.24925781,-9.108739956,-9.269245148
0.24930176,-9.108779841,-9.269269996
0.24934570,-9.108819517,-9.269294783
0.24938965,-9.108858985,-9.269319510
0.24943359,-9.108898247,-9.269344178
0.24947754,-9.108937305,-9.269368788
0.24952148,-9.108976159,-9.269393342
0.24956543,-9.109014813,-9.269417839
0.24960937,-9.109053267,-9.269442282
0.24965332,-9.109091523,-9.269466672
0.24969727,-9.109129582,-9.269491010
0.24974121,-9.109167446,-9.269515297
0.24978516,-9.109205117,-9.269539534
0.24982910,-9.109242597,-9.269563723
0.24987305,-9.109279885,-9.269587864
0.24991699,-9.109316985,-9.269611959
0.24996094,-9.109353897,-9.269636008
0.25000488,-9.109390624,-9.269660014
0.25004883,-9.109427165,-9.269683976
0.25009277,-9.109463524,-9.269707896
0.25013672,-9.109499701,-9.269731774
0.25018066,-9.109535697,-9.269755612
0.25022461,-9.109571515,-9.269779410
0.25026855,-9.109607154,-9.269803169
0.25031250,-9.109642618,-9.269826889
0.25035645,-9.109677907,-9.269850570
0.25040039,-9.109713022,-9.269874214
0.25044434,-9.109747964,-9.269897818
0.25048828,-9.109782736,-9.269921385
0.25053223,-9.109817337,-9.269944913
0.25057617,-9.109851771,-9.269968402
0.25062012,-9.109886037,-9.269991850
0.25066406,-9.109920137,-9.270015258
0.25070801,-9.109954072,-9.270038624
0.25075195,-9.109987844,-9.270061947
0.25079590,-9.110021453,-9.270085225
0.25083984,-9.110054901,-9.270108455
0.25088379,-9.110088189,-9.270131637
0.25092773,-9.110121318,-9.270154768
0.25097168,-9.110154290,-9.270177846
0.25101562,-9.110187105,-9.270200867
0.25105957,-9.110219764,-9.270223829
0.25110352,-9.110252269,-9.270246729
0.25114746,-9.110284621,-9.270269564
0.25119141,-9.110316821,-9.270292330
0.25123535,-9.110348869,-9.270315025
0.25127930,-9.110380768,-9.270337646
0.25132324,-9.110412518,-9.270360188
0.25136719,-9.110444119,-9.270382651
0.25141113,-9.110475574,-9.270405029
0.25145508,-9.110506883,-9.270427322
0.25149902,-9.110538047,-9.270449527
0.25154297,-9.110569068,-9.270471641
0.25158691,-9.110599945,-9.270493665
0.25163086,-9.110630681,-9.270515597
0.25167480,-9.110661276,-9.270537436
0.25171875,-9.110691731,-9.270559184
0.25176270,-9.110722047,-9.270580843
0.25180664,-9.110752225,-9.270602414
0.25185059,-9.110782267,-9.270623901
0.25189453,-9.110812172,-9.270645310
0.25193848,-9.110841942,-9.270666646
0.25198242,-9.110871578,-9.270687916
0.25202637,-9.110901081,-9.270709129
0.25207031,-9.110930451,-9.270730297
0.25211426,-9.110959691,-9.270751429
0.25215820,-9.110988799,-9.270772540
0.25220215,-9.111017779,-9.270793645
0.25224609,-9.111046629,-9.270814760
0.25229004,-9.111075352,-9.270835903
0.25233398,-9.111103948,-9.270857094
0.25237793,-9.111132419,-9.270878353
0.25242188,-9.111160764,-9.270899705
0.25246582,-9.111188986,-9.270921171
0.25250977,-9.111217084,-9.270942776
0.25255371,-9.111245060,-9.270964547
0.25259766,-9.111272915,-9.270986510
0.25264160,-9.111300649,-9.271008692
0.25268555,-9.111328264,-9.271031119
0.25272949,-9.111355760,-9.271053819
0.25277344,-9.111383138,-9.271076819
0.25281738,-9.111410400,-9.271100145
0.25286133,-9.111437545,-9.271123824
0.25290527,-9.111464575,-9.271147879
0.25294922,-9.111491491,-9.271172336
0.25299316,-9.111518293,-9.271197213
0.25303711,-9.111544983,-9.271222530
0.25308105,-9.111571560,-9.271248303
0.25312500,-9.111598027,-9.271274542
0.25316895,-9.111624384,-9.271301255
0.25321289,-9.111650631,-9.271328443
0.25325684,-9.111676769,-9.271356103
0.25330078,-9.111702799,-9.271384226
0.25334473,-9.111728722,-9.271412796
0.25338867,-9.111754539,-9.271441789
0.25343262,-9.111780250,-9.271471175
0.25347656,-9.111805855,-9.271500915
0.25352051,-9.111831356,-9.271530962
0.25356445,-9.111856753,-9.271561261
0.25360840,-9.111882046,-9.271591745
0.25365234,-9.111907236,-9.271622341
0.25369629,-9.111932324,-9.271652962
0.25374023,-9.111957310,-9.271683515
0.25378418,-9.111982195,-9.271713896
0.25382813,-9.112006978,-9.271743990
0.25387207,-9.112031660,-9.271773677
0.25391602,-9.112056243,-9.271802827
0.25395996,-9.112080725,-9.271831304
0.25400391,-9.112105107,-9.271858962
0.25404785,-9.112129389,-9.271885653
0.25409180,-9.112153572,-9.271911221
0.25413574,-9.112177656,-9.271935503
0.25417969,-9.112201641,-9.271958330
0.25422363,-9.112225527,-9.271979526
0.25426758,-9.112249314,-9.271998912
0.25431152,-9.112273002,-9.272016302
0.25435547,-9.112296591,-9.272031537
0.25439941,-9.112320083,-9.272044525
0.25444336,-9.112343476,-9.272055228
0.25448730,-9.112366771,-9.272063648
0.25453125,-9.112389969,-9.272069824
0.25457520,-9.112413070,-9.272073823
0.25461914,-9.112436075,-9.272075735
0.25466309,-9.112458983,-9.272075669
0.25470703,-9.112481797,-9.272073748
0.25475098,-9.112504515,-9.272070111
0.25479492,-9.112527139,-9.272064908
0.25483887,-9.112549670,-9.272058298
0.25488281,-9.112572108,-9.272050453
0.25492676,-9.112594454,-9.272041551
0.25497070,-9.112616708,-9.272031781
0.25501465,-9.112638871,-9.272021343
0.25505859,-9.112660945,-9.272010446
0.25510254,-9.112682929,-9.271999308
0.25514648,-9.112704826,-9.271988157
0.25519043,-9.112726635,-9.271977232
0.25523438,-9.112748357,-9.271966775
0.25527832,-9.112769995,-9.271957039
0.25532227,-9.112791548,-9.271948281
0.25536621,-9.112813017,-9.271940765
0.25541016,-9.112834404,-9.271934759
0.25545410,-9.112855710,-9.271930536
0.25549805,-9.112876937,-9.271928375
0.25554199,-9.112898084,-9.271928562
0.25558594,-9.112919153,-9.271931390
0.25562988,-9.112940146,-9.271937161
0.25567383,-9.112961064,-9.271946190
0.25571777,-9.112981908,-9.271958800
0.25576172,-9.113002679,-9.271975321
0.25580566,-9.113023379,-9.271996085
0.25584961,-9.113044010,-9.272021421
0.25589355,-9.113064572,-9.272051649
0.25593750,-9.113085067,-9.272087080
0.25598145,-9.113105497,-9.272128207
0.25602539,-9.113125865,-9.272175762
0.25606934,-9.113146173,-9.272230659
0.25611328,-9.113166424,-9.272293946
0.25615723,-9.113186621,-9.272366766
0.25620117,-9.113206766,-9.272450328
0.25624512,-9.113226864,-9.272545882
0.25628906,-9.113246917,-9.272654702
0.25633301,-9.113266929,-9.272778066
0.25637695,-9.113286903,-9.272917254
0.25642090,-9.113306844,-9.273073532
0.25646484,-9.113326755,-9.273248153
0.25650879,-9.113346639,-9.273442286
0.25655273,-9.113366500,-9.273656937
0.25659668,-9.113386340,-9.273892906
0.25664063,-9.113406164,-9.274150761
0.25668457,-9.113425973,-9.274430838
0.25672852,-9.113445770,-9.274733243
0.25677246,-9.113465556,-9.275057869
0.25681641,-9.113485334,-9.275404415
0.25686035,-9.113505105,-9.275772460
0.25690430,-9.113524871,-9.276161509
0.25694824,-9.113544633,-9.276571038
0.25699219,-9.113564393,-9.277000523
0.25703613,-9.113584152,-9.277449476
0.25708008,-9.113603926,-9.277917481
0.25712402,-9.113623735,-9.278416529
0.25716797,-9.113643603,-9.278962543
0.25721191,-9.113663549,-9.279569994
0.25725586,-9.113683595,-9.280252289
0.25729980,-9.113703755,-9.281020641
0.25734375,-9.113724038,-9.281880399
0.25738770,-9.113744451,-9.282832691
0.25743164,-9.113764998,-9.283875679
0.25747559,-9.113785680,-9.285005501
0.25751953,-9.113806499,-9.286216971
0.25756348,-9.113827453,-9.287504089
0.25760742,-9.113848541,-9.288860402
0.25765137,-9.113869759,-9.290279255
0.25769531,-9.113891105,-9.291753951
0.25773926,-9.113912574,-9.293277857
0.25778320,-9.113934162,-9.294844457
0.25782715,-9.113955865,-9.296447501
0.25787109,-9.113977677,-9.298081121
0.25791504,-9.113999595,-9.299739842
0.25795898,-9.114021614,-9.301418531
0.25800293,-9.114043726,-9.303112311
0.25804688,-9.114065928,-9.304816465
0.25809082,-9.114088196,-9.306526311
0.25813477,-9.114110476,-9.308412363
0.25817871,-9.114132706,-9.310912732
0.25822266,-9.114154832,-9.313853458
0.25826660,-9.114176811,-9.317097283
0.25831055,-9.114198605,-9.320535935
0.25835449,-9.114220180,-9.324084014
0.25839844,-9.114241508,-9.327674172
0.25844238,-9.114262562,-9.331253297
0.25848633,-9.114283319,-9.334779542
0.25853027,-9.114303758,-9.338220016
0.25857422,-9.114323858,-9.341549093
0.25861816,-9.114343602,-9.344747479
0.25866211,-9.114362971,-9.347804149
0.25870605,-9.114381947,-9.350728863
0.25875000,-9.114400507,-9.353549846
0.25879395,-9.114418624,-9.356309678
0.25883789,-9.114436267,-9.359060401
0.25888184,-9.114453397,-9.361858492
0.25892578,-9.114469966,-9.364761098
0.25896973,-9.114485921,-9.367822898
0.25901367,-9.114501199,-9.371092389
0.25905762,-9.114515770,-9.373842417
0.25910156,-9.114529652,-9.375088416
0.25914551,-9.114542849,-9.375002467
0.25918945,-9.114555357,-9.373716189
0.25923340,-9.114567159,-9.371328258
0.25927734,-9.114578233,-9.367910066
0.25932129,-9.114588548,-9.363510843
0.25936523,-9.114598070,-9.358162206
0.25940918,-9.114606757,-9.351882155
0.25945313,-9.114614566,-9.344678509
0.25949707,-9.114621451,-9.336551830
0.25954102,-9.114627364,-9.327497816
0.25958496,-9.114632254,-9.317509251
0.25962891,-9.114636060,-9.306577579
0.25967285,-9.114638701,-9.294669128
0.25971680,-9.114640095,-9.281726187
0.25976074,-9.114640157,-9.267689344
0.25980469,-9.114638799,-9.252501574
0.25984863,-9.114635935,-9.237281699
0.25989258,-9.114631478,-9.221995351
0.25993652,-9.114625346,-9.206561778
0.25998047,-9.114617457,-9.190912637
0.26002441,-9.114607734,-9.174991340
0.26006836,-9.114596101,-9.158752295
0.26011230,-9.114582486,-9.142160063
0.26015625,-9.114566818,-9.125188448
0.26020020,-9.114549029,-9.107819661
0.26024414,-9.114529049,-9.090043354
0.26028809,-9.114506802,-9.071851501
0.26033203,-9.114482213,-9.053235545
0.26037598,-9.114455208,-9.034193163
0.26041992,-9.114425712,-9.014726924
0.26046387,-9.114393648,-8.994843078
0.26050781,-9.114358937,-8.974550415
0.26055176,-9.114321495,-8.953859146
0.26059570,-9.114281230,-8.932779591
0.26063965,-9.114238041,-8.911320225
0.26068359,-9.114191802,-8.889483795
0.26072754,-9.114142309,-8.867256533
0.26077148,-9.114087962,-8.844558363
0.26081543,-9.114027489,-8.820012960
0.26085938,-9.113959432,-8.792760108
0.26090332,-9.113882185,-8.761924060
0.26094727,-9.113794018,-8.726674193
0.26099121,-9.113693074,-8.686266620
0.26103516,-9.113577276,-8.640060690
0.26107910,-9.113444371,-8.587467291
0.26112305,-9.113291976,-8.528020224
0.26116699,-9.113117525,-8.461446771
0.26121094,-9.112918209,-8.387649745
0.26125488,-9.112690726,-8.306687961
0.26129883,-9.112430637,-8.218631630
0.26134277,-9.112133059,-8.123199519
0.26138672,-9.111792452,-8.020451076
0.26143066,-9.111402351,-7.910698189
0.26147461,-9.110955043,-7.794434088
0.26151855,-9.110441144,-7.672276427
0.26156250,-9.109848963,-7.544921449
0.26160645,-9.109163691,-7.413070442
0.26165039,-9.108366340,-7.276995925
0.26169434,-9.107433055,-7.125955870
0.26173828,-9.106332107,-6.962446968
0.26178223,-9.105020428,-6.788696575
0.26182617,-9.103439138,-6.606658531
0.26187012,-9.101505009,-6.418437748
0.26191406,-9.099095214,-6.226095415
0.26195801,-9.096020910,-6.031269889
0.26200195,-9.091976760,-5.834989692
0.26204590,-9.086434640,-5.638026348
0.26208984,-9.078395191,-5.440575495
0.26213379,-9.065711646,-5.241540838
0.26217773,-9.042780997,-5.036207674
0.26222168,-8.988906624,-4.804604412
0.26226563,-8.712719059,-4.355945980
0.26230957,-7.420234306,-2.896899043
0.26235352,-6.023795963,-1.311747156
0.26239746,-4.543286316,0.368655452
0.26244141,-2.996688240,2.117243908
0.26248535,-1.400282752,3.910290828
0.26252930,0.231186862,5.727019894
0.26257324,1.910504126,7.602948551
0.26261719,3.619576192,9.503888823
0.26266113,5.320013143,11.357145039
0.26270508,6.996671838,13.144013209
0.26274902,8.639237921,14.855079604
0.26279297,10.240099782,16.485269666
0.26283691,11.793584242,18.032174939
0.26288086,13.295555388,19.495250421
0.26292480,14.743136005,20.875320488
0.26296875,16.135867523,22.174020798
0.26301270,17.476209588,23.392778043
0.26305664,18.761440823,24.532441183
0.26310059,19.989745945,25.594872935
0.26314453,21.159987748,26.582395605
0.26318848,22.271650346,27.497661550
0.26323242,23.325025398,28.344185150
0.26327637,24.321198411,29.126368675
0.26332031,25.261853241,29.849075315
0.26336426,26.149112658,30.517330491
0.26340820,26.985421355,31.136142160
0.26345215,27.773457600,31.710421014
0.26349609,28.516008434,32.244798002
0.26354004,29.215870589,32.743515653
0.26358398,29.875766537,33.210329529
0.26362793,30.498448233,33.648692957
0.26367188,31.086835570,34.062298113
0.26371582,31.643902302,34.454978329
0.26375977,32.172134887,34.829358494
0.26380371,32.673597377,35.187159434
0.26384766,33.150662591,35.530895183
0.26389160,33.605613886,35.862898303
0.26393555,34.039206183,36.182210768
0.26397949,34.452060868,36.488006616
0.26402344,34.844709381,36.779615637
0.26406738,35.217630757,37.056540344
0.26411133,35.571282786,37.318465530
0.26415527,35.906126856,37.565260599
0.26419922,36.222646777,37.796975347
0.26424316,36.521369665,38.013837825
0.26428711,36.802895492,38.216275459
0.26433105,37.067907041,38.404926728
0.26437500,37.317157413,38.580586391
0.26441895,37.551455708,38.744156807
0.26446289,37.771652043,38.896605840
0.26450684,37.978622767,39.038931431
0.26455078,38.173256802,39.172132895
0.26459473,38.356444037,39.297189533
0.26463867,38.529063617,39.415043897
0.26468262,38.691970348,39.526582092
0.26472656,38.845986612,39.632619629
0.26477051,38.991899797,39.733905785
0.26481445,39.130459622,39.831126028
0.26485840,39.262375484,39.924903137
0.26490234,39.388313954,40.015797619
0.26494629,39.508896581,40.104307936
0.26499023,39.624698138,40.190870943
0.26503418,39.736245422,40.275862829
0.26507812,39.844016676,40.359600747
0.26512207,39.948441690,40.442345205
0.26516602,40.049902567,40.524303243
0.26520996,40.148735068,40.605632243
0.26525391,40.245230312,40.686443962
0.26529785,40.339637110,40.766808876
0.26534180,40.432165160,40.846761846
0.26538574,40.522988860,40.926308532
0.26542969,40.612251519,41.005432065
0.26547363,40.700122070,41.084093824
0.26551758,40.786848183,41.162215115
0.26556152,40.872405836,41.239683193
0.26560547,40.956780526,41.316412041
0.26564941,41.039967831,41.392340685
0.26569336,41.121973700,41.467431540
0.26573730,41.202814303,41.541668336
0.26578125,41.282515570,41.615053809
0.26582520,41.361112486,41.687607302
0.26586914,41.438648232,41.759362357
0.26591309,41.515173215,41.830364376
0.26595703,41.590744043,41.900668392
0.26600098,41.665422463,41.970336968
0.26604492,41.739274292,42.039438242
0.26608887,41.812368361,42.108044124
0.26613281,41.884775487,42.176228639
0.26617676,41.956567478,42.244066423
0.26622070,42.027816191,42.311631367
0.26626465,42.098592644,42.378995412
0.26630859,42.168966178,42.446227458
0.26635254,42.239003677,42.513392404
0.26639648,42.308768857,42.580550309
0.26644043,42.378321624,42.647755683
0.26648437,42.447717533,42.715056925
0.26652832,42.517001335,42.782489914
0.26657227,42.586201995,42.850064410
0.26661621,42.655341344,42.917779452
0.26666016,42.724439700,42.985635640
0.26670410,42.793515871,43.053634571
0.26674805,42.862587131,43.121778313
0.26679199,42.931669158,43.190068940
0.26683594,43.000775982,43.258508142
0.26687988,43.069919935,43.327096912
0.26692383,43.139111623,43.395835319
0.26696777,43.208359913,43.464722341
0.26701172,43.277523884,43.533443181
0.26705566,43.346637611,43.602076828
0.26709961,43.415749153,43.670722531
0.26714355,43.484907578,43.739468031
0.26718750,43.554171211,43.808410859
0.26723145,43.623597377,43.877644435
0.26727539,43.693226028,43.947224449
0.26731934,43.763081485,44.017175855
0.26736328,43.833174422,44.087499187
0.26740723,43.903503928,44.158176173
0.26745117,43.974059566,44.229174632
0.26749512,44.044823335,44.300452662
0.26753906,44.115771492,44.371962180
0.26758301,44.186876204,44.443651832
0.26762695,44.258107002,44.515469359
0.26767090,44.329432038,44.587363440
0.26771484,44.400819143,44.659285117
0.26775879,44.472236694,44.731188816
0.26780273,44.543654300,44.803033049
0.26784668,44.615043330,44.874780839
0.26789062,44.686377290,44.946399920
0.26793457,44.757632072,45.017862747
0.26797852,44.828786095,45.089146364
0.26802246,44.899820348,45.160232165
0.26806641,44.970718359,45.231105570
0.26811035,45.041465217,45.301753776
0.26815430,45.112018185,45.372103759
0.26819824,45.182374770,45.442170782
0.26824219,45.252533523,45.511968269
0.26828613,45.322493747,45.581507951
0.26833008,45.392255274,45.650800015
0.26837402,45.461818282,45.719853241
0.26841797,45.531183155,45.788675135
0.26846191,45.600350370,45.857272041
0.26850586,45.669320401,45.925649239
0.26854980,45.738093646,45.993811030
0.26859375,45.806670593,46.061761041
0.26863770,45.875052039,46.129502887
0.26868164,45.943238902,46.197039959
0.26872559,46.011232019,46.264375142
0.26876953,46.079031970,46.331510607
0.26881348,46.146638944,46.398447664
0.26885742,46.214052630,46.465186667
0.26890137,46.281272154,46.531726983
0.26894531,46.348296040,46.598066991
0.26898926,46.415122198,46.664204133
0.26903320,46.481747938,46.730134977
0.26907715,46.548170004,46.795855320
0.26912109,46.614384621,46.861360288
0.26916504,46.680387521,46.926644426
0.26920898,46.746174006,46.991701765
0.26925293,46.811739072,47.056526048
0.26929687,46.877077516,47.121110895
0.26934082,46.942184022,47.185449941
0.26938477,47.007053234,47.249536918
0.26942871,47.071679794,47.313365714
0.26947266,47.136058360,47.376930364
0.26951660,47.200183647,47.440225086
0.26956055,47.264050457,47.503244312
0.26960449,47.327653725,47.565982735
0.26964844,47.390988544,47.628435334
0.26969238,47.454050197,47.690597402
0.26973633,47.516834169,47.752464544
0.26978027,47.579336153,47.814032676
0.26982422,47.641552050,47.875298002
0.26986816,47.703477953,47.936256985
0.26991211,47.765110130,47.996906306
0.26995605,47.826445000,48.057242818
0.27000000,47.887479106,48.117263504
0.27004395,47.948209081,48.176965421
0.27008789,48.008631624,48.236345663
0.27013184,48.068743462,48.295401311
0.27017578,48.128541331,48.354129399
0.27021973,48.188021945,48.412526887
0.27026367,48.247181981,48.470590633
0.27030762,48.306018059,48.528317382
0.27035156,48.364526737,48.585703755
0.27039551,48.422704499,48.642746252
0.27043945,48.480547753,48.699441250
0.27048340,48.538052830,48.755785010
0.27052734,48.595215989,48.811773687
0.27057129,48.652033417,48.867403341
0.27061523,48.708501246,48.922669966
0.27065918,48.764615565,48.977569503
0.27070312,48.820372439,49.032097880
0.27074707,48.875767929,49.086251037
0.27079102,48.930798118,49.140024965
0.27083496,48.985459134,49.193415737
0.27087891,49.039747180,49.246419547
0.27092285,49.093658551,49.299032738
0.27096680,49.147189666,49.351251833
0.27101074,49.200337008,49.403073481
0.27105469,49.253096809,49.454494036
0.27109863,49.305465186,49.505509373
0.27114258,49.357438714,49.556116159
0.27118652,49.409014375,49.606311722
0.27123047,49.460189512,49.656093920
0.27127441,49.510961781,49.705461036
0.27131836,49.561329104,49.754411682
0.27136230,49.611289626,49.802944714
0.27140625,49.660841665,49.851059160
0.27145020,49.709983678,49.898754154
0.27149414,49.758717254,49.946035479
0.27153809,49.807042559,49.992905371
0.27158203,49.854957504,50.039360984
0.27162598,49.902460094,50.085399796
0.27166992,49.949548391,50.131019506
0.27171387,49.996220488,50.176217951
0.27175781,50.042474483,50.220993034
0.27180176,50.088308452,50.265342670
0.27184570,50.133720431,50.309264740
0.27188965,50.178708398,50.352757061
0.27193359,50.223270262,50.395817358
0.27197754,50.267403850,50.438443253
0.27202148,50.311106907,50.480632255
0.27206543,50.354377094,50.522381767
0.27210937,50.397211994,50.563689090
0.27215332,50.439609118,50.604551440
0.27219727,50.481565917,50.644965965
0.27224121,50.523079796,50.684929774
0.27228516,50.564148135,50.724439956
0.27232910,50.604768294,50.763493607
0.27237305,50.644937610,50.802087798
0.27241699,50.684653441,50.840219643
0.27246094,50.723913209,50.877886383
0.27250488,50.762714434,50.915085433
0.27254883,50.801054751,50.951814402
0.27259277,50.838931925,50.988071109
0.27263672,50.876343855,51.023853575
0.27268066,50.913288574,51.059160018
0.27272461,50.949764248,51.093988840
0.27276855,50.985769169,51.128338609
0.27281250,51.021301752,51.162208048
0.27285645,51.056360525,51.195596016
0.27290039,51.090944123,51.228501494
0.27294434,51.125051277,51.260923565
0.27298828,51.158680809,51.292861407
0.27303223,51.191831957,51.324314612
0.27307617,51.224504792,51.355284386
0.27312012,51.256699376,51.385771841
0.27316406,51.288415449,51.415777329
0.27320801,51.319652494,51.445300641
0.27325195,51.350409794,51.474341165
0.27329590,51.380686485,51.502898011
0.27333984,51.410481597,51.530970108
0.27338379,51.439794088,51.558556278
0.27342773,51.468622870,51.585655285
0.27347168,51.496966833,51.612265877
0.27351562,51.524824861,51.638386813
0.27355957,51.552195843,51.664016879
0.27360352,51.579078688,51.689154910
0.27364746,51.605472330,51.713799789
0.27369141,51.631375736,51.737950462
0.27373535,51.656787908,51.761605933
0.27377930,51.681707888,51.784765272
0.27382324,51.706134762,51.807427610
0.27386719,51.730067655,51.829592138
0.27391113,51.753505739,51.851258106
0.27395508,51.776448227,51.872424822
0.27399902,51.798894376,51.893091648
0.27404297,51.820843486,51.913257995
0.27408691,51.842294899,51.932923327
0.27413086,51.863248000,51.952087152
0.27417480,51.883702212,51.970749027
0.27421875,51.903657000,51.988908550
0.27426270,51.923111871,52.006565364
0.27430664,51.942066368,52.023719152
0.27435059,51.960520075,52.040369638
0.27439453,51.978472612,52.056516586
0.27443848,51.995923640,52.072159797
0.27448242,52.012872853,52.087299113
0.27452637,52.029319984,52.101934408
0.27457031,52.045264800,52.116065594
0.27461426,52.060718797,52.129691315
0.27465820,52.075686713,52.142805574
0.27470215,52.090161693,52.155400536
0.27474609,52.104137592,52.167469988
0.27479004,52.117609020,52.179009214
0.27483398,52.130571362,52.190014870
0.27487793,52.143020773,52.200484842
0.27492187,52.154954161,52.210418109
0.27496582,52.166369150,52.219814594
0.27500977,52.177264031,52.228675021
0.27505371,52.187637705,52.237000774
0.27509766,52.197489619,52.244793753
0.27514160,52.206819693,52.252056250
0.27518555,52.215628247,52.258790818
0.27522949,52.223915930,52.265000162
0.27527344,52.231683648,52.270687035
0.27531738,52.238932491,52.275854151
0.27536133,52.245663672,52.280504105
0.27540527,52.251878470,52.284639315
0.27544922,52.257578170,52.288261968
0.27549316,52.262764025,52.291373984
0.27553711,52.267437213,52.293976994
0.27558105,52.271598810,52.296072325
0.27562500,52.275249761,52.297660995
0.27566895,52.278391964,52.298788704
0.27571289,52.281031850,52.299536783
0.27575684,52.283179617,52.299889053
0.27580078,52.284842525,52.299832154
0.27584473,52.286025589,52.299354917
0.27588867,52.286732089,52.298447860
0.27593262,52.286963972,52.297102801
0.27597656,52.286722143,52.295312554
0.27602051,52.285902942,52.292860084
0.27606445,52.284334920,52.289585856
0.27610840,52.282240976,52.285804706
0.27615234,52.279782416,52.281734356
0.27619629,52.276945747,52.277342756
0.27624023,52.273718788,52.272602956
0.27628418,52.270042864,52.267394346
0.27632812,52.265890452,52.261671279
0.27637207,52.261252007,52.255427163
0.27641602,52.256119791,52.248657241
0.27645996,52.250487549,52.241358198
0.27650391,52.244350258,52.233527850
0.27654785,52.237703907,52.225164890
0.27659180,52.230545325,52.216268686
0.27663574,52.222872026,52.206839124
0.27667969,52.214682095,52.196876472
0.27672363,52.205961410,52.186353715
0.27676758,52.196708519,52.175272235
0.27681152,52.186923995,52.163637001
0.27685547,52.176608748,52.151452814
0.27689941,52.165763929,52.138724260
0.27694336,52.154390855,52.125455667
0.27698730,52.142490945,52.111651075
0.27703125,52.130065659,52.097314205
0.27707520,52.117116461,52.082448447
0.27711914,52.103644779,52.067056853
0.27716309,52.089651986,52.051142145
0.27720703,52.075139383,52.034706730
0.27725098,52.060108195,52.017752723
0.27729492,52.044559564,52.000281972
0.27733887,52.028494559,51.982296092
0.27738281,52.011914178,51.963796500
0.27742676,51.994819364,51.944784446
0.27747070,51.977211011,51.925261047
0.27751465,51.959089979,51.905227325
0.27755859,51.940457110,51.884684231
0.27760254,51.921313240,51.863632677
0.27764648,51.901659209,51.842073565
0.27769043,51.881495879,51.820007804
0.27773437,51.860824145,51.797436335
0.27777832,51.839644949,51.774360157
0.27782227,51.817959307,51.750780368
0.27786621,51.795768318,51.726698187
0.27791016,51.773073172,51.702114950
0.27795410,51.749875140,51.677032105
0.27799805,51.726175576,51.651451199
0.27804199,51.701975908,51.625373865
0.27808594,51.677277633,51.598801810
0.27812988,51.652082319,51.571736810
0.27817383,51.626391599,51.544180704
0.27821777,51.600207174,51.516135400
0.27826172,51.573530819,51.487602873
0.27830566,51.546364386,51.458585182
0.27834961,51.518709812,51.429084471
0.27839355,51.490569129,51.399102992
0.27843750,51.461944475,51.368643112
0.27848145,51.432838152,51.337707489
0.27852539,51.403252551,51.306298968
0.27856934,51.373189875,51.274419921
0.27861328,51.342652248,51.242072493
0.27865723,51.311641819,51.209258794
0.27870117,51.280160841,51.175981059
0.27874512,51.248211740,51.142241760
0.27878906,51.215797171,51.108043696
0.27883301,51.182920055,51.073390051
0.27887695,51.149583617,51.038284435
0.27892090,51.115791405,51.002730906
0.27896484,51.081547303,50.966733979
0.27900879,51.046855543,50.930298628
0.27905273,51.011720703,50.893430269
0.27909668,50.976147711,50.856134754
0.27914062,50.940141836,50.818418344
0.27918457,50.903708680,50.780287694
0.27922852,50.866854173,50.741749826
0.27927246,50.829584558,50.702812109
0.27931641,50.791906381,50.663482232
0.27936035,50.753826479,50.623768186
0.27940430,50.715351968,50.583678239
0.27944824,50.676490231,50.543220919
0.27949219,50.637248906,50.502404994
0.27953613,50.597635874,50.461239457
0.27958008,50.557659247,50.419733509
0.27962402,50.517327362,50.377896545
0.27966797,50.476648766,50.335738143
0.27971191,50.435632209,50.293268051
0.27975586,50.394286633,50.250496180
0.27979980,50.352621169,50.207432590
0.27984375,50.310645121,50.164087488
0.27988770,50.268367966,50.120471215
0.27993164,50.225799340,50.076594241
0.27997559,50.182949037,50.032467160
0.28001953,50.139827000,49.988100683
0.28006348,50.096443310,49.943505630
0.28010742,50.052808187,49.898692928
0.28015137,50.008931979,49.853673602
0.28019531,49.964781994,49.808370173
0.28023926,49.920373051,49.762811781
0.28028320,49.875721130,49.717027006
0.28032715,49.830841815,49.671041091
0.28037109,49.785750283,49.624876571
0.28041504,49.740461313,49.578553780
0.28045898,49.694989314,49.532091273
0.28050293,49.649348353,49.485506177
0.28054687,49.603552189,49.438814469
0.28059082,49.557614314,49.392031212
0.28063477,49.511547984,49.345170742
0.28067871,49.465366256,49.298246824
0.28072266,49.419082017,49.251272773
0.28076660,49.372708015,49.204261553
0.28081055,49.326256875,49.157225856
0.28085449,49.279741130,49.110178165
0.28089844,49.233173225,49.063130794
0.28094238,49.186565537,49.016095931
0.28098633,49.139930382,48.969085655
0.28103027,49.093280020,48.922111959
0.28107422,49.046626656,48.875186755
0.28111816,48.999982443,48.828321881
0.28116211,48.953360831,48.781530435
0.28120605,48.906779209,48.734833128
0.28125000,48.860255866,48.688252426
0.28129395,48.813810688,48.641814648
0.28133789,48.767458220,48.595534595
0.28138184,48.721209883,48.549420889
0.28142578,48.675137176,48.503609927
0.28146973,48.629237837,48.458072461
0.28151367,48.583499958,48.412763288
0.28155762,48.537916570,48.367652722
0.28160156,48.492484938,48.322723232
0.28164551,48.447205849,48.277966627
0.28168945,48.402072582,48.233359186
0.28173340,48.357094954,48.188914491
0.28177734,48.312285249,48.144650646
0.28182129,48.267655653,48.100584671
0.28186523,48.223218057,48.056732350
0.28190918,48.178983930,48.013108181
0.28195312,48.134964249,47.969725403
0.28199707,48.091169465,47.926596070
0.28204102,48.047609502,47.883731157
0.28208496,48.004293774,47.841140680
0.28212891,47.961231216,47.798833816
0.28217285,47.918423535,47.756804169
0.28221680,47.875879597,47.715061765
0.28226074,47.833608626,47.673617397
0.28230469,47.791619439,47.632480952
0.28234863,47.749920462,47.591661532
0.28239258,47.708519744,47.551167549
0.28243652,47.667424981,47.511006812
0.28248047,47.626643526,47.471186590
0.28252441,47.586182410,47.431713674
0.28256836,47.546048359,47.392594433
0.28261230,47.506247813,47.353834852
0.28265625,47.466786943,47.315440581
0.28270020,47.427671667,47.277416969
0.28274414,47.388907670,47.239769098
0.28278809,47.350500420,47.202501810
0.28283203,47.312455179,47.165619738
0.28287598,47.274777022,47.129127322
0.28291992,47.237470847,47.093028832
0.28296387,47.200541381,47.057328379
0.28300781,47.163993196,47.022029928
0.28305176,47.127830710,46.987137306
0.28309570,47.092058192,46.952654204
0.28313965,47.056679769,46.918584185
0.28318359,47.021699421,46.884930676
0.28322754,46.987120989,46.851696973
0.28327148,46.952948166,46.818886232
0.28331543,46.919184501,46.786501469
0.28335937,46.885833394,46.754545550
0.28340332,46.852898092,46.723021191
0.28344727,46.820381689,46.691930947
0.28349121,46.788287122,46.661277214
0.28353516,46.756617166,46.631062218
0.28357910,46.725374434,46.601288015
0.28362305,46.694561374,46.571956488
0.28366699,46.664180269,46.543069347
0.28371094,46.634233236,46.514628125
0.28375488,46.604722223,46.486634185
0.28379883,46.575649016,46.459088715
0.28384277,46.547015236,46.431992736
0.28388672,46.518822340,46.405347104
0.28393066,46.491071630,46.379152513
0.28397461,46.463763975,46.353409230
0.28401855,46.436899162,46.328115791
0.28406250,46.410476321,46.303269416
0.28410645,46.384495055,46.278868519
0.28415039,46.358955331,46.254912381
0.28419434,46.333857378,46.231400874
0.28423828,46.309201597,46.208334253
0.28428223,46.284988496,46.185712992
0.28432617,46.261218659,46.163537731
0.28437012,46.237892677,46.141809140
0.28441406,46.215011070,46.120527778
0.28445801,46.192574238,46.099694004
0.28450195,46.170582429,46.079307934
0.28454590,46.149035726,46.059369432
0.28458984,46.127934045,46.039878112
0.28463379,46.107277143,46.020833368
0.28467773,46.087064624,46.002234395
0.28472168,46.067295960,45.984080222
0.28476562,46.047970502,45.966369749
0.28480957,46.029087502,45.949101773
0.28485352,46.010646128,45.932275018
0.28489746,45.992645478,45.915888160
0.28494141,45.975084597,45.899939846
0.28498535,45.957962489,45.884428714
0.28502930,45.941278127,45.869353406
0.28507324,45.925030462,45.854712575
0.28511719,45.909218432,45.840504899
0.28516113,45.893840965,45.826729073
0.28520508,45.878896986,45.813383822
0.28524902,45.864385422,45.800467903
0.28529297,45.850305205,45.787980110
0.28533691,45.836655281,45.775919275
0.28538086,45.823423435,45.764285507
0.28542480,45.810607818,45.753082972
0.28546875,45.798212504,45.742316419
0.28551270,45.786241025,45.731989386
0.28555664,45.774696343,45.722104288
0.28560059,45.763580825,45.712662501
0.28564453,45.752896248,45.703664461
0.28568848,45.742643806,45.695109761
0.28573242,45.732824134,45.686997258
0.28577637,45.723437343,45.679325171
0.28582031,45.714483060,45.672091194
0.28586426,45.705960476,45.665292590
0.28590820,45.697868399,45.658926299
0.28595215,45.690205307,45.652989029
0.28599609,45.682969407,45.647477343
0.28604004,45.676158690,45.642387744
0.28608398,45.669770982,45.637716740
0.28612793,45.663803999,45.633460913
0.28617187,45.658255392,45.629616963
0.28621582,45.653122788,45.626181759
0.28625977,45.648403833,45.623152366
0.28630371,45.644096217,45.620526070
0.28634766,45.640197706,45.618300389
0.28639160,45.636706160,45.616473084
0.28643555,45.633619548,45.615042150
0.28647949,45.630935957,45.614005810
0.28652344,45.628651778,45.613287990
0.28656738,45.626758619,45.612870551
0.28661133,45.625248404,45.612764118
0.28665527,45.624115093,45.612977292
0.28669922,45.623354202,45.613517097
0.28674316,45.622962433,45.614389327
0.28678711,45.622937403,45.615598819
0.28683105,45.623277425,45.617149653
0.28687500,45.624071489,45.619193642
0.28691895,45.625437415,45.621866162
0.28696289,45.627125024,45.624815328
0.28700684,45.629098955,45.628003071
0.28705078,45.631365626,45.631446116
0.28709473,45.633934074,45.635165260
0.28713867,45.636855198,45.639265431
0.28718262,45.640134918,45.643749189
0.28722656,45.643778051,45.648618395
0.28727051,45.647788432,45.653874236
0.28731445,45.652171883,45.659523502
0.28735840,45.656936988,45.665579783
0.28740234,45.662084393,45.672039725
0.28744629,45.667614111,45.678899794
0.28749023,45.673525556,45.686156187
0.28753418,45.679817623,45.693804842
0.28757812,45.686488768,45.701841498
0.28762207,45.693537112,45.710261787
0.28766602,45.700960523,45.719061332
0.28770996,45.708756707,45.728235832
0.28775391,45.716923275,45.737781142
0.28779785,45.725457805,45.747693329
0.28784180,45.734357884,45.757968705
0.28788574,45.743621144,45.768603847
0.28792969,45.753245277,45.779595598
0.28797363,45.763228044,45.790941047
0.28801758,45.773567279,45.802637507
0.28806152,45.784260878,45.814682480
0.28810547,45.795306797,45.827073632
0.28814941,45.806703038,45.839808754
0.28819336,45.818447638,45.852885739
0.28823730,45.830538664,45.866302551
0.28828125,45.842974197,45.880057203
0.28832520,45.855752323,45.894147737
0.28836914,45.868871127,45.908572202
0.28841309,45.882328681,45.923328645
0.28845703,45.896122999,45.938414968
0.28850098,45.910252164,45.953829219
0.28854492,45.924714310,45.969569569
0.28858887,45.939507591,45.985634234
0.28863281,45.954630149,46.002021421
0.28867676,45.970080087,46.018729286
0.28872070,45.985855453,46.035755894
0.28876465,46.001954221,46.053099205
0.28880859,46.018374282,46.070757049
0.28885254,46.035113428,46.088727120
0.28889648,46.052169354,46.107006967
0.28894043,46.069539644,46.125593992
0.28898438,46.087221776,46.144485450
0.28902832,46.105213113,46.163678448
0.28907227,46.123510911,46.183169955
0.28911621,46.142112312,46.202956803
0.28916016,46.161014356,46.223035699
0.28920410,46.180213980,46.243403230
0.28924805,46.199708024,46.264055880
0.28929199,46.219493237,46.284990034
0.28933594,46.239566288,46.306201994
0.28937988,46.259923764,46.327687991
0.28942383,46.280562187,46.349444191
0.28946777,46.301478014,46.371466710
0.28951172,46.322667643,46.393751621
0.28955566,46.344127424,46.416294959
0.28959961,46.365853661,46.439092734
0.28964355,46.387842617,46.462140931
0.28968750,46.410090517,46.485435518
0.28973145,46.432593556,46.508972446
0.28977539,46.455347896,46.532747655
0.28981934,46.478349676,46.556757077
0.28986328,46.501595009,46.580996635
0.28990723,46.525079987,46.605462244
0.28995117,46.548800685,46.630149819
0.28999512,46.572753158,46.655055269
0.29003906,46.596933451,46.680174502
0.29008301,46.621337591,46.705503429
0.29012695,46.645961601,46.731037957
0.29017090,46.670801492,46.756774002
0.29021484,46.695853268,46.782707481
0.29025879,46.721112933,46.808834319
0.29030273,46.746576486,46.835150447
0.29034668,46.772239924,46.861651806
0.29039063,46.798099251,46.888334348
0.29043457,46.824150469,46.915194038
0.29047852,46.850389589,46.942226855
0.29052246,46.876812628,46.969428793
0.29056641,46.903415614,46.996795864
0.29061035,46.930194583,47.024324101
0.29065430,46.957145587,47.052009556
0.29069824,46.984264691,47.079848303
0.29074219,47.011547975,47.107836440
0.29078613,47.038991540,47.135970091
0.29083008,47.066591501,47.164245403
0.29087402,47.094343996,47.192658551
0.29091797,47.122257819,47.221231670
0.29096191,47.150333772,47.249967776
0.29100586,47.178565464,47.278854655
0.29104980,47.206946780,47.307881828
0.29109375,47.235471890,47.337040233
0.29113770,47.264135234,47.366321968
0.29118164,47.292931513,47.395720076
0.29122559,47.321855667,47.425228369
0.29126953,47.350902855,47.454841284
0.29131348,47.380068436,47.484553763
0.29135742,47.409347949,47.514361159
0.29140137,47.438737091,47.544259155
0.29144531,47.468231700,47.574243702
0.29148926,47.497827741,47.604310963
0.29153320,47.527521290,47.634457280
0.29157715,47.557308523,47.664679135
0.29162109,47.587185708,47.694973129
0.29166504,47.617149190,47.725335960
0.29170898,47.647195393,47.755764412
0.29175293,47.677320811,47.786255343
0.29179688,47.707522002,47.816805678
0.29184082,47.737795594,47.847412407
0.29188477,47.768138274,47.878072583
0.29192871,47.798546795,47.908783318
0.29197266,47.829017974,47.939541788
0.29201660,47.859548695,47.970345233
0.29206055,47.890135907,48.001190961
0.29210449,47.920776629,48.032076348
0.29214844,47.951467951,48.062998843
0.29219238,47.982207037,48.093955971
0.29223633,48.012991126,48.124945334
0.29228027,48.043817536,48.155964614
0.29232422,48.074683661,48.187011578
0.29236816,48.105586981,48.218084075
0.29241211,48.136525054,48.249180038
0.29245605,48.167495524,48.280297490
0.29250000,48.198496119,48.311434537
0.29254395,48.229524653,48.342589372
0.29258789,48.260579022,48.373760274
0.29263184,48.291657210,48.404945608
0.29267578,48.322757284,48.436143822
0.29271973,48.353877398,48.467353446
0.29276367,48.385015786,48.498573092
0.29280762,48.416170767,48.529801451
0.29285156,48.447340741,48.561037293
0.29289551,48.478524189,48.592279462
0.29293945,48.509719670,48.623526878
0.29298340,48.540925823,48.654778532
0.29302734,48.572141363,48.686033486
0.29307129,48.603365081,48.717290873
0.29311523,48.634598709,48.748556131
0.29315918,48.665847501,48.779841995
0.29320313,48.697107721,48.811141035
0.29324707,48.728376018,48.842447184
0.29329102,48.759649461,48.873755597
0.29333496,48.790925541,48.905062501
0.29337891,48.822202154,48.936365043
0.29342285,48.853477577,48.967661144
0.29346680,48.884750429,48.998949369
0.29351074,48.916019641,49.030228809
0.29355469,48.947284413,49.061498975
0.29359863,48.978544180,49.092759712
0.29364258,49.009798578,49.124011125
0.29368652,49.041047410,49.155253514
0.29373047,49.072290607,49.186487300
0.29377441,49.103528198,49.217712964
0.29381836,49.134760319,49.248931084
0.29386230,49.165987217,49.280142341
0.29390625,49.197209246,49.311347514
0.29395020,49.228426849,49.342547469
0.29399414,49.259640551,49.373743137
0.29403809,49.290850941,49.404935487
0.29408203,49.322058655,49.436125509
0.29412598,49.353264360,49.467314193
0.29416992,49.384468748,49.498502509
0.29421387,49.415672515,49.529691402
0.29425781,49.446876361,49.560881773
0.29430176,49.478080973,49.592074470
0.29434570,49.509287004,49.623270206
0.29438965,49.540495214,49.654469883
0.29443359,49.571706436,49.685674521
0.29447754,49.602921551,49.716885194
0.29452148,49.634141459,49.748102986
0.29456543,49.665367056,49.779328952
0.29460938,49.696599192,49.810564049
0.29465332,49.727838637,49.841809069
0.29469727,49.759086108,49.873064696
0.29474121,49.790342289,49.904331564
0.29478516,49.821607862,49.935610298
0.29482910,49.852883518,49.966901548
0.29487305,49.884169972,49.998206010
0.29491699,49.915467977,50.029524439
0.29496094,49.946778323,50.060857657
0.29500488,49.978101847,50.092206554
0.29504883,50.009439430,50.123572087
0.29509277,50.040792002,50.154955277
0.29513672,50.072160532,50.186357201
0.29518066,50.103546032,50.217778988
0.29522461,50.134949551,50.249221810
0.29526855,50.166372173,50.280686873
0.29531250,50.197815011,50.312175418
0.29535645,50.229279205,50.343688707
0.29540039,50.260765918,50.375228021
0.29544434,50.292276329,50.406794652
0.29548828,50.323811635,50.438389898
0.29553223,50.355373042,50.470015061
0.29557617,50.386961763,50.501671438
0.29562012,50.418579022,50.533360330
0.29566406,50.450226047,50.565083031
0.29570801,50.481904069,50.596840834
0.29575195,50.513614326,50.628635030
0.29579590,50.545358062,50.660466909
0.29583984,50.577136523,50.692337763
0.29588379,50.608950961,50.724248885
0.29592773,50.640802635,50.756201571
0.29597168,50.672692809,50.788197122
0.29601563,50.704622754,50.820236843
0.29605957,50.736593747,50.852322046
0.29610352,50.768607071,50.884454049
0.29614746,50.800664018,50.916634175
0.29619141,50.832765882,50.948863754
0.29623535,50.864914580,50.981145453
0.29627930,50.897113752,51.013485632
0.29632324,50.929364006,51.045883835
0.29636719,50.961666045,51.078339994
0.29641113,50.994020662,51.110854352
0.29645508,51.026428729,51.143427397
0.29649902,51.058891189,51.176059814
0.29654297,51.091409044,51.208752441
0.29658691,51.123983350,51.241506234
0.29663086,51.156615210,51.274322245
0.29667480,51.189305760,51.307201597
0.29671875,51.222056172,51.340145465
0.29676270,51.254867640,51.373155064
0.29680664,51.287741380,51.406231638
0.29685059,51.320678622,51.439376447
0.29689453,51.353680608,51.472590762
0.29693848,51.386748585,51.505875859
0.29698242,51.419883805,51.539233013
0.29702637,51.453087521,51.572663495
0.29707031,51.486360984,51.606168567
0.29711426,51.519705440,51.639749480
0.29715820,51.553122130,51.673407474
0.29720215,51.586612285,51.707143772
0.29724609,51.620177129,51.740959582
0.29729004,51.653817871,51.774856095
0.29733398,51.687535711,51.808834483
0.29737793,51.721331833,51.842895897
0.29742188,51.755207405,51.877041468
0.29746582,51.789163580,51.911272308
0.29750977,51.823201496,51.945589502
0.29755371,51.857322268,51.979994117
0.29759766,51.891526995,52.014487193
0.29764160,51.925816756,52.049069747
0.29768555,51.960192608,52.083742771
0.29772949,51.994655589,52.118507233
0.29777344,52.029206711,52.153364073
0.29781738,52.063846967,52.188314206
0.29786133,52.098577324,52.223358520
0.29790527,52.133398727,52.258497876
0.29794922,52.168312095,52.293733107
0.29799316,52.203318322,52.329065021
0.29803711,52.238418280,52.364494395
0.29808105,52.273612811,52.400021981
0.29812500,52.308902735,52.435648501
0.29816895,52.344288844,52.471374650
0.29821289,52.379771904,52.507201097
0.29825684,52.415352657,52.543128481
0.29830078,52.451031816,52.579157416
0.29834473,52.486810070,52.615288487
0.29838867,52.522688083,52.651522256
0.29843262,52.558666489,52.687859254
0.29847656,52.594745902,52.724299992
0.29852051,52.630926907,52.760844951
0.29856445,52.667210066,52.797494589
0.29860840,52.703595916,52.834249343
0.29865234,52.740084968,52.871109621
0.29869629,52.776677711,52.908075814
0.29874023,52.813374612,52.945148286
0.29878418,52.850176111,52.982327382
0.29882812,52.887082630,53.019613425
0.29887207,52.924094565,53.057006718
0.29891602,52.961212293,53.094507543
0.29895996,52.998436168,53.132116163
0.29900391,53.035766524,53.169832824
0.29904785,53.073203676,53.207657751
0.29909180,53.110747915,53.245591150
0.29913574,53.148399517,53.283633214
0.29917969,53.186158733,53.321784109
0.29922363,53.224025782,53.360043963
0.29926758,53.262000855,53.398412866
0.29931152,53.300084123,53.436890892
0.29935547,53.338275747,53.475478114
0.29939941,53.376575881,53.514174611
0.29944336,53.414984672,53.552980467
0.29948730,53.453502262,53.591895770
0.29953125,53.492128786,53.630920607
0.29957520,53.530864371,53.670055065
0.29961914,53.569709134,53.709299220
0.29966309,53.608663177,53.748653140
0.29970703,53.647726593,53.788116877
0.29975098,53.686899456,53.827690468
0.29979492,53.726181824,53.867373929
0.29983887,53.765573734,53.907167251
0.29988281,53.805075204,53.947070401
0.29992676,53.844686227,53.987083316
0.29997070,53.884406774,54.027205906
0.30001465,53.924236792,54.067438054
0.30005859,53.964176205,54.107779614
0.30010254,54.004224914,54.148230416
0.30014648,54.044382797,54.188790265
0.30019043,54.084649713,54.229458943
0.30023437,54.125025497,54.270236211
0.30027832,54.165509967,54.311121810
0.30032227,54.206102920,54.352115463
0.30036621,54.246804136,54.393216877
0.30041016,54.287613378,54.434425743
0.30045410,54.328530392,54.475741737
0.30049805,54.369554908,54.517164518
0.30054199,54.410686639,54.558693735
0.30058594,54.451925286,54.600329020
0.30062988,54.493270531,54.642069994
0.30067383,54.534722043,54.683916263
0.30071777,54.576279477,54.725867420
0.30076172,54.617942472,54.767923046
0.30080566,54.659710656,54.810082706
0.30084961,54.701583640,54.852345957
0.30089355,54.743561022,54.894712340
0.30093750,54.785642389,54.937181384
0.30098145,54.827827312,54.979752609
0.30102539,54.870115353,55.022425520
0.30106934,54.912506058,55.065199614
0.30111328,54.954998964,55.108074376
0.30115723,54.997593597,55.151049282
0.30120117,55.040289469,55.194123797
0.30124512,55.083086084,55.237297378
0.30128906,55.125982937,55.280569474
0.30133301,55.168979510,55.323939526
0.30137695,55.212075280,55.367406967
0.30142090,55.255269712,55.410971224
0.30146484,55.298562264,55.454631714
0.30150879,55.341952387,55.498387853
0.30155273,55.385439523,55.542239046
0.30159668,55.429023107,55.586184696
0.30164062,55.472702567,55.630224199
0.30168457,55.516477323,55.674356940
0.30172852,55.560346785,55.718582297
0.30177246,55.604310359,55.762899643
0.30181641,55.648367441,55.807308345
0.30186035,55.692517425,55.851807768
0.30190430,55.736759703,55.896397276
0.30194824,55.781093663,55.941076237
0.30199219,55.825518692,55.985844018
0.30203613,55.870034177,56.030699992
0.30208008,55.914639504,56.075643533
0.30212402,55.959334060,56.120674016
0.30216797,56.004117229,56.165790819
0.30221191,56.048988397,56.210993322
0.30225586,56.093946947,56.256280902
0.30229980,56.138992262,56.301652938
0.30234375,56.184123723,56.347108805
0.30238770,56.229340710,56.392647879
0.30243164,56.274642593,56.438269517
0.30247559,56.320028751,56.483973090
0.30251953,56.365498572,56.529757991
0.30256348,56.411051445,56.575623619
0.30260742,56.456686763,56.621569372
0.30265137,56.502403915,56.667594646
0.30269531,56.548202286,56.713698827
0.30273926,56.594081258,56.759881298
0.30278320,56.640040211,56.806141432
0.30282715,56.686078521,56.852478600
0.30287109,56.732195563,56.898892170
0.30291504,56.778390712,56.945381510
0.30295898,56.824663344,56.991945990
0.30300293,56.871012838,57.038584987
0.30304687,56.917438578,57.085297882
0.30309082,56.963939952,57.132084066
0.30313477,57.010516357,57.178942937
0.30317871,57.057167189,57.225873892
0.30322266,57.103891869,57.272876367
0.30326660,57.150689837,57.319949829
0.30331055,57.197560550,57.367093772
0.30335449,57.244503482,57.414307709
0.30339844,57.291518121,57.461591170
0.30344238,57.338603967,57.508943702
0.30348633,57.385760536,57.556364866
0.30353027,57.432987355,57.603854235
0.30357422,57.480283964,57.651411395
0.30361816,57.527649914,57.699035943
0.30366211,57.575084768,57.746727486
0.30370605,57.622588103,57.794485645
0.30375000,57.670159510,57.842310059
0.30379395,57.717798596,57.890200382
0.30383789,57.765504986,57.938156292
0.30388184,57.813278322,57.986177485
0.30392578,57.861118267,58.034263683
0.30396973,57.909024504,58.082414631
0.30401367,57.956996734,58.130630097
0.30405762,58.005034683,58.178909872
0.30410156,58.053138093,58.227253774
0.30414551,58.101306733,58.275661641
0.30418945,58.149540386,58.324133336
0.30423340,58.197838862,58.372668742
0.30427734,58.246201986,58.421267765
0.30432129,58.294629605,58.469930328
0.30436523,58.343121587,58.518656377
0.30440918,58.391677816,58.567445876
0.30445312,58.440298195,58.616298804
0.30449707,58.488982647,58.665215162
0.30454102,58.537731110,58.714194963
0.30458496,58.586543542,58.763238240
0.30462891,58.635419915,58.812345039
0.30467285,58.684360219,58.861515421
0.30471680,58.733364460,58.910749465
0.30476074,58.782432661,58.960047260
0.30480469,58.831564857,59.009408912
0.30484863,58.880761103,59.058834541
0.30489258,58.930021466,59.108324280
0.30493652,58.979346028,59.157878275
0.30498047,59.028734888,59.207496688
0.30502441,59.078188157,59.257179692
0.30506836,59.127705962,59.306927475
0.30511230,59.177288445,59.356740236
0.30515625,59.226935759,59.406618191
0.30520020,59.276648074,59.456561564
0.30524414,59.326425571,59.506570594
0.30528809,59.376268447,59.556645533
0.30533203,59.426176910,59.606786643
0.30537598,59.476151180,59.656994198
0.30541992,59.526191491,59.707268484
0.30546387,59.576298090,59.757609798
0.30550781,59.626471234,59.808018447
0.30555176,59.676711192,59.858494749
0.30559570,59.727018243,59.909039031
0.30563965,59.777392678,59.959651627
0.30568359,59.827834796,60.010332881
0.30572754,59.878344907,60.061083144
0.30577148,59.928923328,60.111902771
0.30581543,59.979570384,60.162792126
0.30585937,60.030286409,60.213751576
0.30590332,60.081071743,60.264781495
0.30594727,60.131926735,60.315882259
0.30599121,60.182851738,60.367054254
0.30603516,60.233847119,60.418297872
0.30607910,60.284913248,60.469613514
0.30612305,60.336050508,60.521001589
0.30616699,60.387259287,60.572462511
0.30621094,60.438539982,60.623996705
0.30625488,60.489892999,60.675604599
0.30629883,60.541318748,60.727286629
0.30634277,60.592817650,60.779043237
0.30638672,60.644390133,60.830874874
0.30643066,60.696036638,60.882782003
0.30647461,60.747757615,60.934765102
0.30651855,60.799553530,60.986824664
0.30656250,60.851424865,61.038961207
0.30660645,60.903372121,61.091175270
0.30665039,60.955395819,61.143467424
0.30669434,61.007496504,61.195838267
0.30673828,61.059674746,61.248288434
0.30678223,61.111931137,61.300818589
0.30682617,61.164266276,61.353429396
0.30687012,61.216680768,61.406121514
0.30691406,61.269175224,61.458895599
0.30695801,61.321750271,61.511752328
0.30700195,61.374406557,61.564692406
0.30704590,61.427144764,61.617716589
0.30708984,61.479965612,61.670825689
0.30713379,61.532869863,61.724020584
0.30717773,61.585858328,61.777302223
0.30722168,61.638931863,61.830671624
0.30726562,61.692091370,61.884129871
0.30730957,61.745337788,61.937678098
0.30735352,61.798672086,61.991317474
0.30739746,61.852095250,62.045049191
0.30744141,61.905608273,62.098874431
0.30748535,61.959212134,62.152794352
0.30752930,62.012907547,62.206809466
0.30757324,62.066695502,62.260920860
0.30761719,62.120577279,62.315130187
0.30766113,62.174554317,62.369439395
0.30770508,62.228628113,62.423850514
0.30774902,62.282800110,62.478365446
0.30779297,62.337071608,62.532985819
0.30783691,62.391443698,62.587712895
0.30788086,62.445917226,62.642547520
0.30792480,62.500492746,62.697490083
0.30796875,62.555170499,62.752540497
0.30801270,62.609950407,62.807698225
0.30805664,62.664832065,62.862962286
0.30810059,62.719814722,62.918331248
0.30814453,62.774897247,62.973803185
0.30818848,62.830078089,63.029375656
0.30823242,62.885355115,63.085045377
0.30827637,62.940725540,63.140808090
0.30832031,62.996186136,63.196659028
0.30836426,63.051733304,63.252593087
0.30840820,63.107363046,63.308604752
0.30845215,63.163070989,63.364688158
0.30849609,63.218852334,63.420837034
0.30854004,63.274701579,63.477044136
0.30858398,63.330612404,63.533301042
0.30862793,63.386577683,63.589598208
0.30867187,63.442589580,63.645925165
0.30871582,63.498638912,63.702268896
0.30875977,63.554718056,63.758620523
0.30880371,63.610818374,63.814969923
0.30884766,63.666927893,63.871300554
0.30889160,63.723033437,63.927593593
0.30893555,63.779123705,63.983834550
0.30897949,63.835189116,64.040012550
0.30902344,63.891221633,64.096119677
0.30906738,63.947214580,64.152150405
0.30911133,64.003162453,64.208101105
0.30915527,64.059070964,64.263991865
0.30919922,64.114952167,64.319854913
0.30924316,64.170797343,64.375675545
0.30928711,64.226598390,64.431441363
0.30933105,64.282347877,64.487142044
0.30937500,64.338039024,64.542769040
0.30941895,64.393665623,64.598315245
0.30946289,64.449221928,64.653774633
0.30950684,64.504686953,64.709109034
0.30955078,64.560032835,64.764268334
0.30959473,64.615258284,64.819261690
0.30963867,64.670361358,64.874095063
0.30968262,64.725339262,64.928771414
0.30972656,64.780188187,64.983290898
0.30977051,64.834903212,65.037651044
0.30981445,64.889478225,65.091846941
0.30985840,64.943905877,65.145871406
0.30990234,64.998177565,65.199715149
0.30994629,65.052283423,65.253366925
0.30999023,65.106212334,65.306813683
0.31003418,65.159951951,65.360040699
0.31007812,65.213488728,65.413031705
0.31012207,65.266807956,65.465769014
0.31016602,65.319893807,65.518233633
0.31020996,65.372729384,65.570405368
0.31025391,65.425296763,65.622262930
0.31029785,65.477619398,65.673876189
0.31034180,65.529672904,65.725207737
0.31038574,65.581430253,65.776217501
0.31042969,65.632863404,65.826865922
0.31047363,65.683943674,65.877114298
0.31051758,65.734642008,65.926924957
0.31056152,65.784929169,65.976261330
0.31060547,65.834775859,66.025087933
0.31064941,65.884152774,66.073370257
0.31069336,65.933030629,66.121074636
0.31073730,65.981380159,66.168168111
0.31078125,66.029172120,66.214618315
0.31082520,66.076377281,66.260393368
0.31086914,66.122966404,66.305461778
0.31091309,66.168909765,66.349791889
0.31095703,66.214175701,66.393348867
0.31100098,66.258731167,66.436095178
0.31104492,66.302544015,66.477995664
0.31108887,66.345582705,66.519016779
0.31113281,66.387816030,66.559125905
0.31117676,66.429212922,66.598290879
0.31122070,66.469742389,66.636479828
0.31126465,66.509373479,66.673661076
0.31130859,66.548075233,66.709803057
0.31135254,66.585816632,66.744874202
0.31139648,66.622566518,66.778842799
0.31144043,66.658293550,66.811676834
0.31148437,66.692966429,66.843344424
0.31152832,66.726554098,66.873814260
0.31157227,66.759075583,66.903049802
0.31161621,66.790520281,66.930994658
0.31166016,66.820830420,66.957585009
0.31170410,66.849950825,66.982763601
0.31174805,66.877828828,67.006478627
0.31179199,66.904414198,67.028682861
0.31183594,66.929659080,67.049333027
0.31187988,66.953517975,67.068389366
0.31192383,66.975948210,67.085815866
0.31196777,66.996910882,67.101583035
0.31201172,67.016369259,67.115663734
0.31205566,67.034287919,67.128031202
0.31209961,67.050632415,67.138658472
0.31214355,67.065370606,67.147523502
0.31218750,67.078466946,67.154595205
0.31223145,67.089881066,67.159830404
0.31227539,67.099581928,67.163635489
0.31231934,67.107566794,67.165966635
0.31236328,67.113829100,67.166734890
0.31240723,67.118351923,67.165861202
0.31245117,67.120953154,67.162923272
0.31249512,67.121522628,67.157686075
0.31253906,67.120095622,67.150249408
0.31258301,67.116395532,67.140388321
0.31262695,67.110233779,67.127959831
0.31267090,67.102691610,67.114460947
0.31271484,67.093921335,67.100040752
0.31275879,67.083869371,67.084567782
0.31280273,67.072488231,67.067933748
0.31284668,67.059540301,67.049648289
0.31289062,67.044953287,67.029606441
0.31293457,67.028688890,67.007774979
0.31297852,67.010713353,66.984125437
0.31302246,66.990996169,66.958632350
0.31306641,66.969509075,66.931271968
0.31311035,66.946225281,66.902021326
0.31315430,66.921118846,66.870857553
0.31319824,66.894164209,66.837757378
0.31324219,66.865335804,66.802696769
0.31328613,66.834607763,66.765650662
0.31333008,66.801953678,66.726592785
0.31337402,66.767346411,66.685495513
0.31341797,66.730757953,66.642329788
0.31346191,66.692159305,66.597065061
0.31350586,66.651520395,66.549669259
0.31354980,66.608810017,66.500108785
0.31359375,66.563995791,66.448348528
0.31363770,66.517044141,66.394351896
0.31368164,66.467920291,66.338080855
0.31372559,66.416588274,66.279495996
0.31376953,66.363010959,66.218556594
0.31381348,66.307150086,66.155220700
0.31385742,66.248966313,66.089445223
0.31390137,66.188419278,66.021186031
0.31394531,66.125467661,65.950398061
0.31398926,66.060069265,65.877035427
0.31403320,65.992181094,65.801051538
0.31407715,65.921759446,65.722399224
0.31412109,65.848760008,65.641030855
0.31416504,65.773137949,65.556898474
0.31420898,65.694848029,65.469953922
0.31425293,65.613844699,65.380148966
0.31429687,65.530082209,65.287435427
0.31434082,65.443514717,65.191765307
0.31438477,65.354075428,65.093045284
0.31442871,65.261695044,64.991179212
0.31447266,65.166329028,64.886127138
0.31451660,65.067933456,64.777849237
0.31456055,64.966465149,64.666306146
0.31460449,64.861881774,64.551459208
0.31464844,64.754141919,64.433270639
0.31469238,64.643205154,64.311703644
0.31473633,64.529032078,64.186722502
0.31478027,64.411584358,64.058292629
0.31482422,64.290824765,63.926380618
0.31486816,64.166717202,63.790954282
0.31491211,64.039226738,63.651982682
0.31495605,63.908319632,63.509436158
0.31500000,63.773963368,63.363286359
0.31504395,63.636126678,63.213506273
0.31508789,63.494779577,63.060070257
0.31513184,63.349893393,62.902954073
0.31517578,63.201440797,62.742134916
0.31521973,63.049395834,62.577591447
0.31526367,62.893733954,62.409303832
0.31530762,62.734432043,62.237253767
0.31535156,62.571468454,62.061424512
0.31539551,62.404823032,61.881800925
0.31543945,62.234477143,61.698369476
0.31548340,62.060413698,61.511118282
0.31552734,61.882617248,61.320037201
0.31557129,61.701074195,61.125118305
0.31561523,61.515772686,60.926355648
0.31565918,61.326702492,60.723744990
0.31570312,61.133854918,60.517283625
0.31574707,60.937222762,60.306970282
0.31579102,60.736800285,60.092805088
0.31583496,60.532583211,59.874789561
0.31587891,60.324568734,59.652926637
0.31592285,60.112755537,59.427220697
0.31596680,59.897143804,59.197677609
0.31601074,59.677735240,58.964304753
0.31605469,59.454533080,58.727111051
0.31609863,59.227542103,58.486106975
0.31614258,58.996768628,58.241304556
0.31618652,58.762220529,57.992717388
0.31623047,58.523907297,57.740360753
0.31627441,58.281840099,57.484251734
0.31631836,58.036030254,57.224407695
0.31636230,57.786487795,56.960841855
0.31640625,57.533224306,56.693568908
0.31645020,57.276254115,56.422607687
0.31649414,57.015593882,56.147980228
0.31653809,56.751262270,55.869711027
0.31658203,56.483279668,55.587826471
0.31662598,56.211667990,55.302354435
0.31666992,55.936452030,55.013328755
0.31671387,55.657654070,54.720776963
0.31675781,55.375294668,54.424722062
0.31680176,55.089393723,54.125184820
0.31684570,54.799971423,53.822185638
0.31688965,54.507049052,53.515746069
0.31693359,54.210649685,53.205890019
0.31697754,53.910798767,52.892644679
0.31702148,53.607524579,52.576041216
0.31706543,53.300858612,52.256115276
0.31710937,52.990835848,51.932907306
0.31715332,52.677494965,51.606462739
0.31719727,52.360878460,51.276832060
0.31724121,52.041032724,50.944070772
0.31728516,51.718008047,50.608239281
0.31732910,51.391858583,50.269402722
0.31737305,51.062642271,49.927630730
0.31741699,50.730420725,49.582997171
0.31746094,50.395259090,49.235579854
0.31750488,50.057225875,48.885460217
0.31754883,49.716392778,48.532723003
0.31759277,49.372834482,48.177455932
0.31763672,49.026628452,47.819749379
0.31768066,48.677854723,47.459696047
0.31772461,48.326595684,47.097390663
0.31776855,47.972935864,46.732929669
0.31781250,47.616961716,46.366410946
0.31785645,47.258761409,45.997933537
0.31790039,46.898424621,45.627597400
0.31794434,46.536042347,45.255503165
0.31798828,46.171498025,44.881323589
0.31803223,45.804759697,44.504948090
0.31807617,45.435965277,44.126630893
0.31812012,45.065249454,43.746596413
0.31816406,44.692743414,43.365044546
0.31820801,44.318574759,42.982155037
0.31825195,43.942867561,42.598091070
0.31829590,43.565742504,42.213002218
0.31833984,43.187317086,41.827026866
0.31838379,42.807705839,41.440294191
0.31842773,42.427020566,41.052925785
0.31847168,42.045370567,40.665036972
0.31851562,41.662862859,40.276737876
0.31855957,41.279602367,39.888134283
0.31860352,40.895692096,39.499328327
0.31864746,40.511233279,39.110419032
0.31869141,40.126325497,38.721502745
0.31873535,39.741066775,38.332673452
0.31877930,39.355553652,37.944023032
0.31882324,38.969881232,37.555641430
0.31886719,38.584143210,37.167616781
0.31891113,38.198431888,36.780035489
0.31895508,37.812838166,36.392982272
0.31899902,37.427451528,36.006540178
0.31904297,37.042368590,35.620799153
0.31908691,36.657713248,35.235900420
0.31913086,36.273622317,34.852013250
0.31917480,35.890219504,34.469278509
0.31921875,35.507633681,34.087854429
0.31926270,35.125993421,33.707903651
0.31930664,34.745802303,33.330378736
0.31935059,34.366924192,32.954812499
0.31939453,33.989265327,32.580879464
0.31943848,33.612540274,32.207868686
0.31948242,33.236802831,31.835849793
0.31952637,32.862133455,31.464944762
0.31957031,32.488614141,31.095272275
0.31961426,32.116325756,30.726943992
0.31965820,31.745346220,30.360062430
0.31970215,31.375749398,29.994720081
0.31974609,31.007604521,29.630999383
0.31979004,30.640975996,29.268973258
0.31983398,30.275923489,28.908705970
0.31987793,29.912502167,28.550254132
0.31992187,29.550763040,28.193667750
0.31996582,29.190753353,27.838991221
0.32000977,28.832516974,27.486264245
0.32005371,28.476094782,27.135522633
0.32009766,28.121525021,26.786799002
0.32014160,27.768843634,26.440123374
0.32018555,27.418084554,26.095523669
0.32022949,27.069279973,25.753026130
0.32027344,26.722460572,25.412655658
0.32031738,26.377655727,25.074436099
0.32036133,26.034893687,24.738390467
0.32040527,25.694201717,24.404541117
0.32044922,25.355606230,24.072909884
0.32049316,25.019132879,23.743518174
0.32053711,24.684806640,23.416387031
0.32058105,24.352651869,23.091537166
0.32062500,24.022692338,22.768988972
0.32066895,23.694951264,22.448762516
0.32071289,23.369451314,22.130877509
0.32075684,23.046214609,21.815353277
0.32080078,22.725262713,21.502208718
0.32084473,22.406618348,21.191463983
0.32088867,22.090306111,20.883143675
0.32093262,21.776349622,20.577271196
0.32097656,21.464770666,20.273866934
0.32102051,21.155589355,19.972948757
0.32106445,20.848824274,19.674532411
0.32110840,20.544492612,19.378631846
0.32115234,20.242610264,19.085259455
0.32119629,19.943191919,18.794426273
0.32124023,19.646241906,18.506122039
0.32128418,19.351760453,18.220329780
0.32132812,19.059764321,17.937070730
0.32137207,18.770268628,17.656362558
0.32141602,18.483286888,17.378219810
0.32145996,18.198831057,17.102654283
0.32150391,17.916911584,16.829675334
0.32154785,17.637537461,16.559290144
0.32159180,17.360716280,16.291503931
0.32163574,17.086454282,16.026320137
0.32167969,16.814756405,15.763740577
0.32172363,16.545626337,15.503765575
0.32176758,16.279066560,15.246394074
0.32181152,16.015078534,14.991623880
0.32185547,15.753663147,14.739452688
0.32189941,15.494820414,14.489877519
0.32194336,15.238549029,14.242893814
0.32198730,14.984846167,13.998495061
0.32203125,14.733707451,13.756672765
0.32207520,14.485127032,13.517416621
0.32211914,14.239097731,13.280714794
0.32216309,13.995611217,13.046554242
0.32220703,13.754658191,12.814921038
0.32225098,13.516228566,12.585800655
0.32229492,13.280311627,12.359178210
0.32233887,13.046896167,12.135038654
0.32238281,12.815970598,11.913366910
0.32242676,12.587522831,11.694147759
0.32247070,12.361537630,11.477362702
0.32251465,12.137995100,11.262983187
0.32255859,11.916877819,11.050986604
0.32260254,11.698170337,10.841354753
0.32264648,11.481858728,10.634072632
0.32269043,11.267930208,10.429127467
0.32273437,11.056372784,10.226507928
0.32277832,10.847174947,10.026203493
0.32282227,10.640325405,9.828203928
0.32286621,10.435812842,9.632498877
0.32291016,10.233625721,9.439077531
0.32295410,10.033752115,9.247928381
0.32299805,9.836179577,9.059039043
0.32304199,9.640895039,8.872396135
0.32308594,9.447884745,8.687985222
0.32312988,9.257134214,8.505790791
0.32317383,9.068628222,8.325796284
0.32321777,8.882351238,8.147985316
0.32326172,8.698286177,7.972338865
0.32330566,8.516414739,7.798836050
0.32334961,8.336717735,7.627454816
0.32339355,8.159175331,7.458172427
0.32343750,7.983767259,7.290965825
0.32348145,7.810472971,7.125811888
0.32352539,7.639271765,6.962687606
0.32356934,7.470142882,6.801570208
0.32361328,7.303065583,6.642437243
0.32365723,7.138019207,6.485266627
0.32370117,6.974983213,6.330036678
0.32374512,6.813937212,6.176726119
0.32378906,6.654860986,6.025314080
0.32383301,6.497734507,5.875780083
0.32387695,6.342537932,5.728104020
0.32392090,6.189251613,5.582266130
0.32396484,6.037856082,5.438246967
0.32400879,5.888332050,5.296027363
0.32405273,5.740660386,5.155588400
0.32409668,5.594822108,5.016911368
0.32414063,5.450798364,4.879977731
0.32418457,5.308570413,4.744769096
0.32422852,5.168119611,4.611267175
0.32427246,5.029427388,4.479453758
0.32431641,4.892475237,4.349310683
0.32436035,4.757244692,4.220819817
0.32440430,4.623717320,4.093963027
0.32444824,4.491874706,3.968722173
0.32449219,4.361698445,3.845079091
0.32453613,4.233170133,3.723015583
0.32458008,4.106271363,3.602513417
0.32462402,3.980983722,3.483554323
0.32466797,3.857288792,3.366119999
0.32471191,3.735168150,3.250192115
0.32475586,3.614603375,3.135752320
0.32479980,3.495576053,3.022782260
0.32484375,3.378067780,2.911263582
0.32488770,3.262060180,2.801177957
0.32493164,3.147534907,2.692507089
0.32497559,3.034473659,2.585232736
0.32501953,2.922858190,2.479336724
0.32506348,2.812670320,2.374800964
0.32510742,2.703891947,2.271607465
0.32515137,2.596505061,2.169738354
0.32519531,2.490491751,2.069175887
0.32523926,2.385834219,1.969902461
0.32528320,2.282514789,1.871900629
0.32532715,2.180515915,1.775153106
0.32537109,2.079820193,1.679642780
0.32541504,1.980410364,1.585352720
0.32545898,1.882269325,1.492266182
0.32550293,1.785376535,1.400358786
0.32554688,1.689715835,1.309615908
0.32559082,1.595271305,1.220023108
0.32563477,1.502027124,1.131565834
0.32567871,1.409967575,1.044229477
0.32572266,1.319077047,0.957999408
0.32576660,1.229340046,0.872861017
0.32581055,1.140741204,0.788799741
0.32585449,1.053265281,0.705801094
0.32589844,0.966897176,0.623850683
0.32594238,0.881621936,0.542934236
0.32598633,0.797424757,0.463037609
0.32603027,0.714290995,0.384146806
0.32607422,0.632206170,0.306247986
0.32611816,0.551155973,0.229327477
0.32616211,0.471126269,0.153371783
0.32620605,0.392103103,0.078367593
0.32625000,0.314072708,0.004301785
0.32629395,0.237021503,-0.068838564
0.32633789,0.160936104,-0.141066173
0.32638184,0.085803325,-0.212393555
0.32642578,0.011610183,-0.282833007
0.32646973,-0.061656100,-0.352396611
0.32651367,-0.134008091,-0.421096226
0.32655762,-0.205458143,-0.488943488
0.32660156,-0.276018392,-0.555949801
0.32664551,-0.345700757,-0.622126344
0.32668945,-0.414516932,-0.687484058
0.32673340,-0.482478388,-0.752033652
0.32677734,-0.549596372,-0.815785598
0.32682129,-0.615881899,-0.878750132
0.32686523,-0.681345757,-0.940937252
0.32690918,-0.745998506,-1.002356717
0.32695313,-0.809850472,-1.063018050
0.32699707,-0.872911754,-1.122930537
0.32704102,-0.935192219,-1.182103231
0.32708496,-0.996701503,-1.240544947
0.32712891,-1.057449015,-1.298264272
0.32717285,-1.117443936,-1.355269562
0.32721680,-1.176695219,-1.411568945
0.32726074,-1.235211595,-1.467170327
0.32730469,-1.293001571,-1.522081391
0.32734863,-1.350073433,-1.576309602
0.32739258,-1.406435252,-1.629862213
0.32743652,-1.462094879,-1.682746263
0.32748047,-1.517059958,-1.734968585
0.32752441,-1.571337921,-1.786535809
0.32756836,-1.624937176,-1.837456942
0.32761230,-1.677867085,-1.887743180
0.32765625,-1.730133970,-1.937399122
0.32770020,-1.781744005,-1.986429445
0.32774414,-1.832703218,-2.034838854
0.32778809,-1.883017483,-2.082632033
0.32783203,-1.932692523,-2.129813622
0.32787598,-1.981733908,-2.176388193
0.32791992,-2.030147057,-2.222360234
0.32796387,-2.077937238,-2.267734141
0.32800781,-2.125109571,-2.312514209
0.32805176,-2.171669030,-2.356704628
0.32809570,-2.217620448,-2.400309480
0.32813965,-2.262968516,-2.443332738
0.32818359,-2.307717787,-2.485778267
0.32822754,-2.351872682,-2.527649821
0.32827148,-2.395437488,-2.568951046
0.32831543,-2.438416364,-2.609685482
0.32835938,-2.480813344,-2.649856560
0.32840332,-2.522632337,-2.689467610
0.32844727,-2.563877132,-2.728521855
0.32849121,-2.604551401,-2.767022421
0.32853516,-2.644658701,-2.804972332
0.32857910,-2.684202475,-2.842374517
0.32862305,-2.723186061,-2.879231810
0.32866699,-2.761612685,-2.915546951
0.32871094,-2.799485475,-2.951322591
0.32875488,-2.836807453,-2.986561296
0.32879883,-2.873581548,-3.021265543
0.32884277,-2.909810591,-3.055437731
0.32888672,-2.945497322,-3.089080177
0.32893066,-2.980644393,-3.122195124
0.32897461,-3.015254371,-3.154784738
0.32901855,-3.049329737,-3.186851119
0.32906250,-3.082872895,-3.218396297
0.32910645,-3.115886172,-3.249422236
0.32915039,-3.148371770,-3.279930700
0.32919434,-3.180331907,-3.309923549
0.32923828,-3.211768846,-3.339402807
0.32928223,-3.242684859,-3.368370571
0.32932617,-3.273082190,-3.396828935
0.32937012,-3.302963036,-3.424779949
0.32941406,-3.332329524,-3.452225583
0.32945801,-3.361183703,-3.479167708
0.32950195,-3.389527537,-3.505608084
0.32954590,-3.417362895,-3.531548356
0.32958984,-3.444691556,-3.556990056
0.32963379,-3.471515208,-3.581934606
0.32967773,-3.497835451,-3.606383326
0.32972168,-3.523653799,-3.630337443
0.32976563,-3.548971690,-3.653798098
0.32980957,-3.573790489,-3.676766364
0.32985352,-3.598111497,-3.699243247
0.32989746,-3.621935954,-3.721229706
0.32994141,-3.645265051,-3.742726655
0.32998535,-3.668099935,-3.763734980
0.33002930,-3.690441713,-3.784255541
0.33007324,-3.712291462,-3.804289184
0.33011719,-3.733650233,-3.823836748
0.33016113,-3.754519057,-3.842899069
0.33020508,-3.774898950,-3.861476989
0.33024902,-3.794790917,-3.879571354
0.33029297,-3.814195957,-3.897183025
0.33033691,-3.833115065,-3.914312877
0.33038086,-3.851549236,-3.930961800
0.33042480,-3.869499466,-3.947130703
0.33046875,-3.886966756,-3.962820515
0.33051270,-3.903952114,-3.978032184
0.33055664,-3.920456552,-3.992766677
0.33060059,-3.936481094,-4.007024982
0.33064453,-3.952026770,-4.020808105
0.33068848,-3.967094621,-4.034117073
0.33073242,-3.981694699,-4.046951930
0.33077637,-3.995834031,-4.059308897
0.33082031,-4.009507734,-4.071182085
0.33086426,-4.022711535,-4.082567037
0.33090820,-4.035441819,-4.093460623
0.33095215,-4.047695645,-4.103860932
0.33099609,-4.059470754,-4.113767159
0.33104004,-4.070765551,-4.123179481
0.33108398,-4.081579086,-4.132098942
0.33112793,-4.091911007,-4.140527322
0.33117188,-4.101761522,-4.148467019
0.33121582,-4.111131338,-4.155920932
0.33125977,-4.120021606,-4.162892341
0.33130371,-4.128433860,-4.169384804
0.33134766,-4.136369949,-4.175402055
0.33139160,-4.143831983,-4.180947920
0.33143555,-4.150822270,-4.186026231
0.33147949,-4.157343258,-4.190640764
0.33152344,-4.163397489,-4.194795181
0.33156738,-4.168987549,-4.198492986
0.33161133,-4.174116031,-4.201737490
0.33165527,-4.178785496,-4.204531783
0.33169922,-4.182998449,-4.206878725
0.33174316,-4.186757317,-4.208780945
0.33178711,-4.190064438,-4.210240845
0.33183105,-4.192922136,-4.211264196
0.33187500,-4.195335511,-4.211961930
0.33191895,-4.197315718,-4.212320541
0.33196289,-4.198871205,-4.212329238
0.33200684,-4.200008363,-4.211979359
0.33205078,-4.200732021,-4.211263908
0.33209473,-4.201045817,-4.210177187
0.33213867,-4.200952476,-4.208714517
0.33218262,-4.200454032,-4.206872020
0.33222656,-4.199394997,-4.204407567
0.33227051,-4.197744421,-4.201307491
0.33231445,-4.195785457,-4.197966518
0.33235840,-4.193506633,-4.194354525
0.33240234,-4.190902013,-4.190455551
0.33244629,-4.187947246,-4.186217085
0.33249023,-4.184601836,-4.181558346
0.33253418,-4.180860453,-4.176478015
0.33257813,-4.176718797,-4.170975233
0.33262207,-4.172163657,-4.165028236
0.33266602,-4.167192796,-4.158638951
0.33270996,-4.161805492,-4.151811147
0.33275391,-4.156001550,-4.144548382
0.33279785,-4.149781339,-4.136854296
0.33284180,-4.143145799,-4.128732774
0.33288574,-4.136096417,-4.120188027
0.33292969,-4.128635189,-4.111224616
0.33297363,-4.120764537,-4.101847379
0.33301758,-4.112487209,-4.092061310
0.33306152,-4.103806185,-4.081871438
0.33310547,-4.094724599,-4.071282735
0.33314941,-4.085245669,-4.060300039
0.33319336,-4.075372644,-4.048927997
0.33323730,-4.065108762,-4.037171033
0.33328125,-4.054457219,-4.025033319
0.33332520,-4.043421172,-4.012518859
0.33336914,-4.032003664,-3.999631376
0.33341309,-4.020207526,-3.986374095
0.33345703,-4.008035417,-3.972749876
0.33350098,-3.995489883,-3.958761325
0.33354492,-3.982573401,-3.944410896
0.33358887,-3.969288419,-3.929700978
0.33363281,-3.955637399,-3.914633966
0.33367676,-3.941622848,-3.899212326
0.33372070,-3.927247349,-3.883438637
0.33376465,-3.912513573,-3.867315620
0.33380859,-3.897424298,-3.850846156
0.33385254,-3.881982410,-3.834033286
0.33389648,-3.866190901,-3.816880202
0.33394043,-3.850052867,-3.799390235
0.33398438,-3.833571499,-3.781566838
0.33402832,-3.816750073,-3.763413567
0.33407227,-3.799591945,-3.744934062
0.33411621,-3.782100538,-3.726132034
0.33416016,-3.764279343,-3.707011254
0.33420410,-3.746131909,-3.687575547
0.33424805,-3.727661844,-3.667828788
0.33429199,-3.708872819,-3.647774907
0.33433594,-3.689768559,-3.627417888
0.33437988,-3.670352855,-3.606761773
0.33442383,-3.650629557,-3.585810664
0.33446777,-3.630602579,-3.564568728
0.33451172,-3.610275896,-3.543040191
0.33455566,-3.589653540,-3.521229336
0.33459961,-3.568739601,-3.499140502
0.33464355,-3.547538221,-3.476778078
0.33468750,-3.526053589,-3.454146490
0.33473145,-3.504289936,-3.431250200
0.33477539,-3.482251531,-3.408093696
0.33481934,-3.459942674,-3.384681484
0.33486328,-3.437367693,-3.361018084
0.33490723,-3.414530937,-3.337108021
0.33495117,-3.391436778,-3.312955826
0.33499512,-3.368089603,-3.288566030
0.33503906,-3.344493817,-3.263943167
0.33508301,-3.320653839,-3.239091772
0.33512695,-3.296574105,-3.214016384
0.33517090,-3.272259067,-3.188721549
0.33521484,-3.247713198,-3.163211826
0.33525879,-3.222940990,-3.137491789
0.33530273,-3.197946960,-3.111566035
0.33534668,-3.172735653,-3.085439187
0.33539062,-3.147311644,-3.059115903
0.33543457,-3.121679542,-3.032600878
0.33547852,-3.095843994,-3.005898851
0.33552246,-3.069809684,-2.979014609
0.33556641,-3.043581341,-2.951952986
0.33561035,-3.017163734,-2.924718870
0.33565430,-2.990561674,-2.897317199
0.33569824,-2.963780019,-2.869752959
0.33574219,-2.936823663,-2.842031187
0.33578613,-2.909697545,-2.814156962
0.33583008,-2.882406637,-2.786135405
0.33587402,-2.854955951,-2.757971670
0.33591797,-2.827350528,-2.729670946
0.33596191,-2.799587007,-2.701221141
0.33600586,-2.771656413,-2.672600410
0.33604980,-2.743567040,-2.643824968
0.33609375,-2.715326904,-2.614908861
0.33613770,-2.686943736,-2.585864359
0.33618164,-2.658424984,-2.556702287
0.33622559,-2.629777826,-2.527432298
0.33626953,-2.601009195,-2.498063097
0.33631348,-2.572125792,-2.468602626
0.33635742,-2.543134123,-2.439058217
0.33640137,-2.514040513,-2.409436716
0.33644531,-2.484851136,-2.379744585
0.33648926,-2.455572034,-2.349987987
0.33653320,-2.426209141,-2.320172850
0.33657715,-2.396768296,-2.290304921
0.33662109,-2.367255259,-2.260389811
0.33666504,-2.337675730,-2.230433027
0.33670898,-2.308035351,-2.200439994
0.33675293,-2.278339720,-2.170416077
0.33679687,-2.248594394,-2.140366594
0.33684082,-2.218804895,-2.110296821
0.33688477,-2.188976714,-2.080212001
0.33692871,-2.159115306,-2.050117347
0.33697266,-2.129226099,-2.020018035
0.33701660,-2.099314484,-1.989919213
0.33706055,-2.069385820,-1.959825991
0.33710449,-2.039445429,-1.929743440
0.33714844,-2.009498594,-1.899676591
0.33719238,-1.979550558,-1.869630430
0.33723633,-1.949606517,-1.839609893
0.33728027,-1.919671625,-1.809619868
0.33732422,-1.889752080,-1.779666283
0.33736816,-1.859856631,-1.749760694
0.33741211,-1.829993162,-1.719912638
0.33745605,-1.800169656,-1.690132088
0.33750000,-1.770392912,-1.660426801
0.33754395,-1.740666457,-1.630797673
0.33758789,-1.710989536,-1.601236872
0.33763184,-1.681365110,-1.571743934
0.33767578,-1.651803522,-1.542334672
0.33771973,-1.622308675,-1.513010672
0.33776367,-1.592884559,-1.483774306
0.33780762,-1.563535171,-1.454628429
0.33785156,-1.534264462,-1.425576166
0.33789551,-1.505076301,-1.396620773
0.33793945,-1.475974461,-1.367765547
0.33798340,-1.446962610,-1.339013773
0.33802734,-1.418044316,-1.310368697
0.33807129,-1.389223054,-1.281833519
0.33811523,-1.360502223,-1.253411396
0.33815918,-1.331885155,-1.225105456
0.33820312,-1.303375138,-1.196918805
0.33824707,-1.274975427,-1.168854553
0.33829102,-1.246689263,-1.140915822
0.33833496,-1.218519885,-1.113105764
0.33837891,-1.190470540,-1.085427571
0.33842285,-1.162544499,-1.057884486
0.33846680,-1.134745056,-1.030479805
0.33851074,-1.107075543,-1.003216886
0.33855469,-1.079539326,-0.976099145
0.33859863,-1.052139811,-0.949130055
0.33864258,-1.024880444,-0.922313145
0.33868652,-0.997764707,-0.895651994
0.33873047,-0.970796122,-0.869150229
0.33877441,-0.943978243,-0.842811513
0.33881836,-0.917314657,-0.816639545
0.33886230,-0.890808978,-0.790638052
0.33890625,-0.864464844,-0.764810781
0.33895020,-0.838285912,-0.739161496
0.33899414,-0.812275860,-0.713693971
0.33903809,-0.786438372,-0.688411985
0.33908203,-0.760777143,-0.663319316
0.33912598,-0.735295871,-0.638419732
0.33916992,-0.709990932,-0.613701057
0.33921387,-0.684866754,-0.589169286
0.33925781,-0.659928927,-0.564832378
0.33930176,-0.635183404,-0.540698815
0.33934570,-0.610635634,-0.516775757
0.33938965,-0.586290631,-0.493069320
0.33943359,-0.562153032,-0.469584792
0.33947754,-0.538227150,-0.446326811
0.33952148,-0.514517015,-0.423299495
0.33956543,-0.491026416,-0.400506549
0.33960937,-0.467758925,-0.377951349
0.33965332,-0.444717928,-0.355637003
0.33969727,-0.421906646,-0.333566398
0.33974121,-0.399328150,-0.311742243
0.33978516,-0.376985376,-0.290167089
0.33982910,-0.354881141,-0.268843360
0.33987305,-0.333018149,-0.247773365
0.33991699,-0.311399002,-0.226959314
0.33996094,-0.290026209,-0.206403329
0.34000488,-0.268902192,-0.186107455
0.34004883,-0.248029290,-0.166073664
0.34009277,-0.227409769,-0.146303866
0.34013672,-0.207045826,-0.126799915
0.34018066,-0.186939590,-0.107563612
0.34022461,-0.167093134,-0.088596711
0.34026855,-0.147508472,-0.069900927
0.34031250,-0.128187568,-0.051477936
0.34035645,-0.109132337,-0.033329378
0.34040039,-0.090344649,-0.015456866
0.34044434,-0.071826331,0.002138020
0.34048828,-0.053579171,0.019453723
0.34053223,-0.035604921,0.036488714
0.34057617,-0.017905292,0.053241485
0.34062012,-0.000481965,0.069710555
0.34066406,0.016663415,0.085894464
0.34070801,0.033529236,0.101791778
0.34075195,0.050113918,0.117401086
0.34079590,0.066415915,0.132721002
0.34083984,0.082433711,0.147750167
0.34088379,0.098166081,0.162487505
0.34092773,0.113612431,0.176933168
0.34097168,0.128772201,0.191087340
0.34101562,0.143644551,0.204949576
0.34105957,0.158228427,0.218518974
0.34110352,0.172522615,0.231794316
0.34114746,0.186525785,0.244774176
0.34119141,0.200236535,0.257457008
0.34123535,0.213653425,0.269841215
0.34127930,0.226775004,0.281925199
0.34132324,0.239599832,0.293707397
0.34136719,0.252126500,0.305186312
0.34141113,0.264353641,0.316360523
0.34145508,0.276279930,0.327228682
0.34149902,0.287904085,0.337789502
0.34154297,0.299224898,0.348041806
0.34158691,0.310241244,0.357984546
0.34163086,0.320952090,0.367616814
0.34167480,0.331356500,0.376937835
0.34171875,0.341453626,0.385946957
0.34176270,0.351242709,0.394643643
0.34180664,0.360730133,0.403026662
0.34185059,0.369919265,0.411091929
0.34189453,0.378805114,0.418833983
0.34193848,0.387383202,0.426248476
0.34198242,0.395649587,0.433332086
0.34202637,0.403600873,0.440082421
0.34207031,0.411234203,0.446497923
0.34211426,0.418547247,0.452577777
0.34215820,0.425538175,0.458321809
0.34220215,0.432205625,0.463730392
0.34224609,0.438548660,0.468804353
0.34229004,0.444566735,0.473544881
0.34233398,0.450259641,0.477953448
0.34237793,0.455627469,0.482031733
0.34242187,0.460670563,0.485781557
0.34246582,0.465389477,0.489204822
0.34250977,0.469784936,0.492303462
0.34255371,0.473857797,0.495079404
0.34259766,0.477609018,0.497534530
0.34264160,0.481039629,0.499670653
0.34268555,0.484150702,0.501489497
0.34272949,0.486943334,0.502992682
0.34277344,0.489418626,0.504181722
0.34281738,0.491577672,0.505058017
0.34286133,0.493422844,0.505676168
0.34290527,0.494960188,0.506057011
0.34294922,0.496196008,0.506192057
0.34299316,0.497135011,0.506074482
0.34303711,0.497780693,0.505698759
0.34308105,0.498135621,0.505060370
0.34312500,0.498201656,0.504155577
0.34316895,0.497980115,0.502981250
0.34321289,0.497403989,0.501413438
0.34325684,0.496379341,0.499354949
0.34330078,0.495075857,0.497044468
0.34334473,0.493551692,0.494555958
0.34338867,0.491800524,0.491873433
0.34343262,0.489816664,0.488983494
0.34347656,0.487559321,0.485801636
0.34352051,0.485020062,0.482317720
0.34356445,0.482194568,0.478529521
0.34360840,0.479079544,0.474435782
0.34365234,0.475672567,0.470036036
0.34369629,0.471967765,0.465321370
0.34374023,0.467959924,0.460283949
0.34378418,0.463649352,0.454927608
0.34382812,0.459036791,0.449256213
0.34387207,0.454123346,0.443273643
0.34391602,0.448910414,0.436983765
0.34395996,0.443399618,0.430390398
0.34400391,0.437592756,0.423497281
0.34404785,0.431491747,0.416308043
0.34409180,0.425098590,0.408826176
0.34413574,0.418415329,0.401055018
0.34417969,0.411444025,0.392997733
0.34422363,0.404186731,0.384657313
0.34426758,0.396645478,0.376036568
0.34431152,0.388822259,0.367138134
0.34435547,0.380719025,0.357964478
0.34439941,0.372337677,0.348517910
0.34444336,0.363680062,0.338800591
0.34448730,0.354747982,0.328814554
0.34453125,0.345543192,0.318561720
0.34457520,0.336067407,0.308043919
0.34461914,0.326322309,0.297262906
0.34466309,0.316309548,0.286220369
0.34470703,0.306030748,0.274917945
0.34475098,0.295487506,0.263357224
0.34479492,0.284681400,0.251539759
0.34483887,0.273613990,0.239467076
0.34488281,0.262286822,0.227140676
0.34492676,0.250701431,0.214562047
0.34497070,0.238859348,0.201732669
0.34501465,0.226762098,0.188654022
0.34505859,0.214411212,0.175327588
0.34510254,0.201808220,0.161754861
0.34514648,0.188954666,0.147937352
0.34519043,0.175852113,0.133876627
0.34523437,0.162502120,0.119574247
0.34527832,0.148906211,0.105031701
0.34532227,0.135065897,0.090250454
0.34536621,0.120982694,0.075231970
0.34541016,0.106658135,0.059977746
0.34545410,0.092093779,0.044489320
0.34549805,0.077291222,0.028768287
0.34554199,0.062252097,0.012816304
0.34558594,0.046978080,-0.003364908
0.34562988,0.031470891,-0.019773563
0.34567383,0.015732293,-0.036407815
0.34571777,-0.000235908,-0.053265761
0.34576172,-0.016431868,-0.070345446
0.34580566,-0.032853706,-0.087644868
0.34584961,-0.049499507,-0.105161991
0.34589355,-0.066367326,-0.122894742
0.34593750,-0.083455191,-0.140841025
0.34598145,-0.100761110,-0.158998721
0.34602539,-0.118283070,-0.177365701
0.34606934,-0.136019042,-0.195939823
0.34611328,-0.153966985,-0.214718939
0.34615723,-0.172124848,-0.233700903
0.34620117,-0.190490573,-0.252883566
0.34624512,-0.209062095,-0.272264785
0.34628906,-0.227837346,-0.291842422
0.34633301,-0.246814258,-0.311614344
0.34637695,-0.265990759,-0.331578427
0.34642090,-0.285364778,-0.351732555
0.34646484,-0.304934246,-0.372074618
0.34650879,-0.324697094,-0.392602516
0.34655273,-0.344651256,-0.413314155
0.34659668,-0.364794667,-0.434207451
0.34664062,-0.385125267,-0.455280324
0.34668457,-0.405640996,-0.476530703
0.34672852,-0.426339799,-0.497956524
0.34677246,-0.447219625,-0.519555730
0.34681641,-0.468278426,-0.541326269
0.34686035,-0.489514159,-0.563266099
0.34690430,-0.510924788,-0.585373185
0.34694824,-0.532508282,-0.607645499
0.34699219,-0.554262615,-0.630081026
0.34703613,-0.576185772,-0.652677757
0.34708008,-0.598275744,-0.675433699
0.34712402,-0.620530535,-0.698346868
0.34716797,-0.642948157,-0.721415297
0.34721191,-0.665526636,-0.744637032
0.34725586,-0.688264011,-0.768010138
0.34729980,-0.711158335,-0.791532697
0.34734375,-0.734207678,-0.815202812
0.34738770,-0.757410124,-0.839018605
0.34743164,-0.780763780,-0.862978223
0.34747559,-0.804266767,-0.887079833
0.34751953,-0.827917230,-0.911321628
0.34756348,-0.851713331,-0.935701827
0.34760742,-0.875653259,-0.960218674
0.34765137,-0.899735221,-0.984870439
0.34769531,-0.923957448,-1.009655419
0.34773926,-0.948318197,-1.034571940
0.34778320,-0.972817719,-1.059622361
0.34782715,-0.997462674,-1.084821687
0.34787109,-1.022250282,-1.110163935
0.34791504,-1.047177597,-1.135643487
0.34795898,-1.072241621,-1.161255169
0.34800293,-1.097439387,-1.186994302
0.34804687,-1.122768021,-1.212856708
0.34809082,-1.148224782,-1.238838699
0.34813477,-1.173807135,-1.264937107
0.34817871,-1.199512953,-1.291149615
0.34822266,-1.225340465,-1.317474657
0.34826660,-1.251287960,-1.343910751
0.34831055,-1.277353789,-1.370456478
0.34835449,-1.303536350,-1.397110475
0.34839844,-1.329834086,-1.423871421
0.34844238,-1.356245483,-1.450738034
0.34848633,-1.382769058,-1.477709062
0.34853027,-1.409403368,-1.504783284
0.34857422,-1.436146995,-1.531959499
0.34861816,-1.462998554,-1.559236535
0.34866211,-1.489956689,-1.586613239
0.34870605,-1.517020067,-1.614088480
0.34875000,-1.544187385,-1.641661148
0.34879395,-1.571457365,-1.669330153
0.34883789,-1.598828754,-1.697094430
0.34888184,-1.626300328,-1.724952932
0.34892578,-1.653870885,-1.752904635
0.34896973,-1.681539252,-1.780948539
0.34901367,-1.709304281,-1.809083667
0.34905762,-1.737164851,-1.837309064
0.34910156,-1.765119868,-1.865623801
0.34914551,-1.793168266,-1.894026973
0.34918945,-1.821309003,-1.922517699
0.34923340,-1.849541067,-1.951095122
0.34927734,-1.877863471,-1.979758411
0.34932129,-1.906275258,-2.008506758
0.34936523,-1.934775493,-2.037339379
0.34940918,-1.963363272,-2.066255513
0.34945312,-1.992037713,-2.095254423
0.34949707,-2.020797961,-2.124335393
0.34954102,-2.049643188,-2.153497728
0.34958496,-2.078572587,-2.182740756
0.34962891,-2.107585376,-2.212063821
0.34967285,-2.136680796,-2.241466290
0.34971680,-2.165858111,-2.270947545
0.34976074,-2.195116606,-2.300506988
0.34980469,-2.224455587,-2.330144034
0.34984863,-2.253874379,-2.359858116
0.34989258,-2.283372328,-2.389648684
0.34993652,-2.312948800,-2.419515199
0.34998047,-2.342603176,-2.449457137
0.35002441,-2.372334858,-2.479473989
0.35006836,-2.402143263,-2.509565259
0.35011230,-2.432027826,-2.539730460
0.35015625,-2.461987998,-2.569969123
0.35020020,-2.492023246,-2.600280789
0.35024414,-2.522133053,-2.630665009
0.35028809,-2.552316916,-2.661121350
0.35033203,-2.582574349,-2.691649389
0.35037598,-2.612904880,-2.722248716
0.35041992,-2.643308051,-2.752918934
0.35046387,-2.673783421,-2.783659658
0.35050781,-2.704330560,-2.814470514
0.35055176,-2.734949056,-2.845351143
0.35059570,-2.765638510,-2.876301199
0.35063965,-2.796398538,-2.907320347
0.35068359,-2.827228768,-2.938408268
0.35072754,-2.858128833,-2.969564624
0.35077148,-2.889098375,-3.000789072
0.35081543,-2.920137098,-3.032081388
0.35085937,-2.951244756,-3.063441416
0.35090332,-2.982421129,-3.094869041
0.35094727,-3.013666018,-3.126364162
0.35099121,-3.044979236,-3.157926681
0.35103516,-3.076360599,-3.189556490
0.35107910,-3.107809926,-3.221253473
0.35112305,-3.139327037,-3.253017500
0.35116699,-3.170911751,-3.284848428
0.35121094,-3.202563884,-3.316746106
0.35125488,-3.234283256,-3.348710373
0.35129883,-3.266069684,-3.380741066
0.35134277,-3.297922991,-3.412838018
0.35138672,-3.329842999,-3.445001065
0.35143066,-3.361829535,-3.477230040
0.35147461,-3.393882427,-3.509524774
0.35151855,-3.426001508,-3.541885104
0.35156250,-3.458186619,-3.574310877
0.35160645,-3.490437610,-3.606801950
0.35165039,-3.522754346,-3.639358203
0.35169434,-3.555136709,-3.671979536
0.35173828,-3.587584595,-3.704665875
0.35178223,-3.620097923,-3.737417173
0.35182617,-3.652676630,-3.770233406
0.35187012,-3.685320673,-3.803114581
0.35191406,-3.718030029,-3.836060727
0.35195801,-3.750804696,-3.869071897
0.35200195,-3.783644690,-3.902148167
0.35204590,-3.816550043,-3.935289634
0.35208984,-3.849520806,-3.968496410
0.35213379,-3.882557045,-4.001768625
0.35217773,-3.915658840,-4.035106419
0.35222168,-3.948826281,-4.068509945
0.35226562,-3.982059472,-4.101979364
0.35230957,-4.015358525,-4.135514841
0.35235352,-4.048723561,-4.169116550
0.35239746,-4.082154707,-4.202784667
0.35244141,-4.115652101,-4.236519372
0.35248535,-4.149215884,-4.270320849
0.35252930,-4.182846203,-4.304189282
0.35257324,-4.216543212,-4.338124860
0.35261719,-4.250307069,-4.372127775
0.35266113,-4.284137940,-4.406198221
0.35270508,-4.318035992,-4.440336397
0.35274902,-4.352001401,-4.474542504
0.35279297,-4.386034348,-4.508816748
0.35283691,-4.420135016,-4.543159338
0.35288086,-4.454303598,-4.577570490
0.35292480,-4.488540290,-4.612050422
0.35296875,-4.522845292,-4.646599360
0.35301270,-4.557218813,-4.681217532
0.35305664,-4.591661064,-4.715905172
0.35310059,-4.626172264,-4.750662520
0.35314453,-4.660752635,-4.785489818
0.35318848,-4.695402403,-4.820387313
0.35323242,-4.730121800,-4.855355257
0.35327637,-4.764911063,-4.890393904
0.35332031,-4.799770430,-4.925503512
0.35336426,-4.834700144,-4.960684339
0.35340820,-4.869700451,-4.995936648
0.35345215,-4.904771599,-5.031260701
0.35349609,-4.939913839,-5.066656762
0.35354004,-4.975127423,-5.102125097
0.35358398,-5.010412604,-5.137665970
0.35362793,-5.045769639,-5.173279645
0.35367187,-5.081198783,-5.208966388
0.35371582,-5.116700292,-5.244726462
0.35375977,-5.152274425,-5.280560130
0.35380371,-5.187921438,-5.316467654
0.35384766,-5.223641588,-5.352449294
0.35389160,-5.259435133,-5.388505311
0.35393555,-5.295302328,-5.424635963
0.35397949,-5.331243431,-5.460841506
0.35402344,-5.367258695,-5.497122194
0.35406738,-5.403348377,-5.533478283
0.35411133,-5.439512729,-5.569910024
0.35415527,-5.475752004,-5.606417667
0.35419922,-5.512066454,-5.643001460
0.35424316,-5.548456329,-5.679661651
0.35428711,-5.584921878,-5.716398485
0.35433105,-5.621463349,-5.753212204
0.35437500,-5.658080986,-5.790103050
0.35441895,-5.694775036,-5.827071261
0.35446289,-5.731545739,-5.864117074
0.35450684,-5.768393337,-5.901240723
0.35455078,-5.805318067,-5.938442440
0.35459473,-5.842320167,-5.975722455
0.35463867,-5.879399870,-6.013080992
0.35468262,-5.916557406,-6.050518275
0.35472656,-5.953793006,-6.088034525
0.35477051,-5.991106894,-6.125629958
0.35481445,-6.028499293,-6.163304788
0.35485840,-6.065970422,-6.201059223
0.35490234,-6.103520499,-6.238893469
0.35494629,-6.141149735,-6.276807728
0.35499023,-6.178858340,-6.314802198
0.35503418,-6.216646520,-6.352877071
0.35507812,-6.254514475,-6.391032537
0.35512207,-6.292462404,-6.429268780
0.35516602,-6.330490500,-6.467585980
0.35520996,-6.368598953,-6.505984313
0.35525391,-6.406787949,-6.544463949
0.35529785,-6.445057667,-6.583025056
0.35534180,-6.483408287,-6.621667794
0.35538574,-6.521839979,-6.660392322
0.35542969,-6.560352913,-6.699198791
0.35547363,-6.598947254,-6.738087352
0.35551758,-6.637623160,-6.777058148
0.35556152,-6.676380787,-6.816111318
0.35560547,-6.715220287,-6.855246998
0.35564941,-6.754141807,-6.894465320
0.35569336,-6.793145490,-6.933766409
0.35573730,-6.832231473,-6.973150389
0.35578125,-6.871399892,-7.012617377
0.35582520,-6.910650874,-7.052167487
0.35586914,-6.949984546,-7.091800827
0.35591309,-6.989401027,-7.131517503
0.35595703,-7.028900433,-7.171317612
0.35600098,-7.068482875,-7.211201250
0.35604492,-7.108148457,-7.251168506
0.35608887,-7.147897281,-7.291219461
0.35613281,-7.187729440,-7.331354195
0.35617676,-7.227645024,-7.371572777
0.35622070,-7.267644116,-7.411875273
0.35626465,-7.307726793,-7.452261741
0.35630859,-7.347893125,-7.492732230
0.35635254,-7.388143175,-7.533286786
0.35639648,-7.428477002,-7.573925442
0.35644043,-7.468894653,-7.614648227
0.35648437,-7.509396172,-7.655455159
0.35652832,-7.549981593,-7.696346247
0.35657227,-7.590650942,-7.737321494
0.35661621,-7.631404236,-7.778380890
0.35666016,-7.672241487,-7.819524417
0.35670410,-7.713162695,-7.860752048
0.35674805,-7.754167854,-7.902063746
0.35679199,-7.795256946,-7.943459463
0.35683594,-7.836429950,-7.984939146
0.35687988,-7.877686830,-8.026502727
0.35692383,-7.919027548,-8.068150132
0.35696777,-7.960452052,-8.109881279
0.35701172,-8.001960287,-8.151696076
0.35705566,-8.043552187,-8.193594423
0.35709961,-8.085227681,-8.235576213
0.35714355,-8.126986689,-8.277641333
0.35718750,-8.168829128,-8.319789665
0.35723145,-8.210754907,-8.362021085
0.35727539,-8.252763933,-8.404335469
0.35731934,-8.294856108,-8.446732687
0.35736328,-8.337031333,-8.489212612
0.35740723,-8.379289506,-8.531775117
0.35745117,-8.421630525,-8.574420073
0.35749512,-8.464054290,-8.617147359
0.35753906,-8.506560700,-8.659956856
0.35758301,-8.549149658,-8.702848450
0.35762695,-8.591821073,-8.745822035
0.35767090,-8.634574857,-8.788877519
0.35771484,-8.677410935,-8.832014822
0.35775879,-8.720329241,-8.875233880
0.35780273,-8.763329720,-8.918534649
0.35784668,-8.806412332,-8.961917103
0.35789062,-8.849577048,-9.005381233
0.35793457,-8.892823858,-9.048927050
0.35797852,-8.936152762,-9.092554584
0.35802246,-8.979563782,-9.136263890
0.35806641,-9.023057042,-9.180055160
0.35811035,-8.831057017,-8.989261118
0.35815430,-8.841471454,-8.995805206
0.35819824,-8.851163828,-9.002012947
0.35824219,-8.860204231,-9.007907848
0.35828613,-8.868654403,-9.013514354
0.35833008,-8.876568863,-9.018854048
0.35837402,-8.883995883,-9.023946085
0.35841797,-8.890978313,-9.028807553
0.35846191,-8.897554289,-9.033453772
0.35850586,-8.903757838,-9.037898547
0.35854980,-8.909619394,-9.042154376
0.35859375,-8.915166249,-9.046232626
0.35863770,-8.920422929,-9.050143677
0.35868164,-8.925411529,-9.053897045
0.35872559,-8.930151999,-9.057501489
0.35876953,-8.934662392,-9.060965095
0.35881348,-8.938959075,-9.064295352
0.35885742,-8.943056922,-9.067499215
0.35890137,-8.946969473,-9.070583159
0.35894531,-8.950709080,-9.073553227
0.35898926,-8.954287033,-9.076415070
0.35903320,-8.957713664,-9.079173979
0.35907715,-8.960998453,-9.081834918
0.35912109,-8.964150106,-9.084402549
0.35916504,-8.967176635,-9.086881260
0.35920898,-8.970085423,-9.089275179
0.35925293,-8.972883287,-9.091588201
0.35929687,-8.975576528,-9.093824002
0.35934082,-8.978170979,-9.095986055
0.35938477,-8.980672048,-9.098077644
0.35942871,-8.983084756,-9.100101877
0.35947266,-8.985413769,-9.102061699
0.35951660,-8.987663432,-9.103959899
0.35956055,-8.989837792,-9.105799123
0.35960449,-8.991940626,-9.107581883
0.35964844,-8.993975463,-9.109310560
0.35969238,-8.995945600,-9.110987419
0.35973633,-8.997854126,-9.112614608
0.35978027,-8.999703936,-9.114194172
0.35982422,-9.001497744,-9.115728053
0.35986816,-9.003238100,-9.117218098
0.35991211,-9.004927400,-9.118666066
0.35995605,-9.006567897,-9.120073628
0.36000000,-9.008161716,-9.121442378
0.36004395,-9.009710857,-9.122773831
0.36008789,-9.011217207,-9.124069431
0.36013184,-9.012682548,-9.125330556
0.36017578,-9.014108563,-9.126558515
0.36021973,-9.015496846,-9.127754562
0.36026367,-9.016848901,-9.128919887
0.36030762,-9.018166158,-9.130055629
0.36035156,-9.019449967,-9.131162875
0.36039551,-9.020701612,-9.132242662
0.36043945,-9.021922310,-9.133295979
0.36048340,-9.023113217,-9.134323774
0.36052734,-9.024275434,-9.135326951
0.36057129,-9.025410004,-9.136306374
0.36061523,-9.026517923,-9.137262872
0.36065918,-9.027600137,-9.138197236
0.36070313,-9.028657550,-9.139110223
0.36074707,-9.029691022,-9.140002560
0.36079102,-9.030701373,-9.140874942
0.36083496,-9.031689387,-9.141728034
0.36087891,-9.032655812,-9.142562476
0.36092285,-9.033601363,-9.143378881
0.36096680,-9.034526724,-9.144177836
0.36101074,-9.035432547,-9.144959905
0.36105469,-9.036319460,-9.145725630
0.36109863,-9.037188060,-9.146475532
0.36114258,-9.038038922,-9.147210109
0.36118652,-9.038872595,-9.147929843
0.36123047,-9.039689607,-9.148635195
0.36127441,-9.040490464,-9.149326609
0.36131836,-9.041275650,-9.150004513
0.36136230,-9.042045632,-9.150669316
0.36140625,-9.042800857,-9.151321416
0.36145020,-9.043541756,-9.151961192
0.36149414,-9.044268741,-9.152589011
0.36153809,-9.044982211,-9.153205226
0.36158203,-9.045682547,-9.153810177
0.36162598,-9.046370117,-9.154404191
0.36166992,-9.047045277,-9.154987585
0.36171387,-9.047708366,-9.155560661
0.36175781,-9.048359714,-9.156123714
0.36180176,-9.048999637,-9.156677026
0.36184570,-9.049628441,-9.157220869
0.36188965,-9.050246420,-9.157755506
0.36193359,-9.050853859,-9.158281189
0.36197754,-9.051451030,-9.158798163
0.36202148,-9.052038200,-9.159306663
0.36206543,-9.052615622,-9.159806917
0.36210938,-9.053183545,-9.160299143
0.36215332,-9.053742207,-9.160783551
0.36219727,-9.054291837,-9.161260347
0.36224121,-9.054832659,-9.161729726
0.36228516,-9.055364887,-9.162191877
0.36232910,-9.055888731,-9.162646984
0.36237305,-9.056404392,-9.163095223
0.36241699,-9.056912073,-9.163536773
0.36246094,-9.057411974,-9.163971993
0.36250488,-9.057904285,-9.164401249
0.36254883,-9.058389189,-9.164824858
0.36259277,-9.058866865,-9.165243089
0.36263672,-9.059337481,-9.165656176
0.36268066,-9.059801204,-9.166064322
0.36272461,-9.060258191,-9.166467704
0.36276855,-9.060708596,-9.166866476
0.36281250,-9.061152567,-9.167260774
0.36285645,-9.061590248,-9.167650717
0.36290039,-9.062021778,-9.168036413
0.36294434,-9.062447291,-9.168417958
0.36298828,-9.062866917,-9.168795438
0.36303223,-9.063280783,-9.169168932
0.36307617,-9.063689011,-9.169538512
0.36312012,-9.064091719,-9.169904245
0.36316406,-9.064489024,-9.170266193
0.36320801,-9.064881037,-9.170624415
0.36325195,-9.065267865,-9.170978965
0.36329590,-9.065649616,-9.171329895
0.36333984,-9.066026391,-9.171677256
0.36338379,-9.066398290,-9.172021096
0.36342773,-9.066765410,-9.172361462
0.36347168,-9.067127845,-9.172698398
0.36351563,-9.067485687,-9.173031948
0.36355957,-9.067839024,-9.173362157
0.36360352,-9.068187944,-9.173689065
0.36364746,-9.068532531,-9.174012714
0.36369141,-9.068872868,-9.174333147
0.36373535,-9.069209033,-9.174650401
0.36377930,-9.069541107,-9.174964519
0.36382324,-9.069869163,-9.175275539
0.36386719,-9.070193278,-9.175583501
0.36391113,-9.070513522,-9.175888442
0.36395508,-9.070829967,-9.176190403
0.36399902,-9.071142680,-9.176489421
0.36404297,-9.071451730,-9.176785534
0.36408691,-9.071757181,-9.177078779
0.36413086,-9.072059097,-9.177369195
0.36417480,-9.072357540,-9.177656818
0.36421875,-9.072652572,-9.177941685
0.36426270,-9.072944251,-9.178223833
0.36430664,-9.073232636,-9.178503297
0.36435059,-9.073517783,-9.178780115
0.36439453,-9.073799746,-9.179054322
0.36443848,-9.074078582,-9.179325954
0.36448242,-9.074354341,-9.179595045
0.36452637,-9.074627075,-9.179861630
0.36457031,-9.074896836,-9.180125745
0.36461426,-9.075163672,-9.180387424
0.36465820,-9.075427631,-9.180646700
0.36470215,-9.075688760,-9.180903607
0.36474609,-9.075947107,-9.181158179
0.36479004,-9.076202714,-9.181410448
0.36483398,-9.076455628,-9.181660448
0.36487793,-9.076705890,-9.181908211
0.36492188,-9.076953543,-9.182153770
0.36496582,-9.077198628,-9.182397155
0.36500977,-9.077441186,-9.182638398
0.36505371,-9.077681256,-9.182877531
0.36509766,-9.077918877,-9.183114585
0.36514160,-9.078154087,-9.183349590
0.36518555,-9.078386923,-9.183582577
0.36522949,-9.078617422,-9.183813575
0.36527344,-9.078845619,-9.184042615
0.36531738,-9.079071548,-9.184269725
0.36536133,-9.079295246,-9.184494935
0.36540527,-9.079516743,-9.184718275
0.36544922,-9.079736075,-9.184939771
0.36549316,-9.079953272,-9.185159454
0.36553711,-9.080168367,-9.185377350
0.36558105,-9.080381390,-9.185593487
0.36562500,-9.080592372,-9.185807894
0.36566895,-9.080801342,-9.186020596
0.36571289,-9.081008331,-9.186231622
0.36575684,-9.081213365,-9.186440998
0.36580078,-9.081416474,-9.186648751
0.36584473,-9.081617685,-9.186854906
0.36588867,-9.081817024,-9.187059491
0.36593262,-9.082014520,-9.187262531
0.36597656,-9.082210197,-9.187464051
0.36602051,-9.082404081,-9.187664078
0.36606445,-9.082596197,-9.187862637
0.36610840,-9.082786570,-9.188059753
0.36615234,-9.082975224,-9.188255452
0.36619629,-9.083162183,-9.188449758
0.36624023,-9.083347470,-9.188642697
0.36628418,-9.083531108,-9.188834294
0.36632813,-9.083713119,-9.189024573
0.36637207,-9.083893526,-9.189213560
0.36641602,-9.084072350,-9.189401278
0.36645996,-9.084249613,-9.189587751
0.36650391,-9.084425335,-9.189773004
0.36654785,-9.084599537,-9.189957061
0.36659180,-9.084772239,-9.190139943
0.36663574,-9.084943462,-9.190321673
0.36667969,-9.085113224,-9.190502275
0.36672363,-9.085281545,-9.190681769
0.36676758,-9.085448444,-9.190860178
0.36681152,-9.085613938,-9.191037522
0.36685547,-9.085778048,-9.191213823
0.36689941,-9.085940789,-9.191389102
0.36694336,-9.086102180,-9.191563377
0.36698730,-9.086262239,-9.191736667
0.36703125,-9.086420981,-9.191908989
0.36707520,-9.086578424,-9.192080359
0.36711914,-9.086734584,-9.192250792
0.36716309,-9.086889477,-9.192420300
0.36720703,-9.087043119,-9.192588894
0.36725098,-9.087195525,-9.192756583
0.36729492,-9.087346711,-9.192923376
0.36733887,-9.087496691,-9.193089278
0.36738281,-9.087645479,-9.193254293
0.36742676,-9.087793092,-9.193418425
0.36747070,-9.087939541,-9.193581673
0.36751465,-9.088084842,-9.193744035
0.36755859,-9.088229007,-9.193905509
0.36760254,-9.088372051,-9.194066089
0.36764648,-9.088513985,-9.194225766
0.36769043,-9.088654823,-9.194384528
0.36773438,-9.088794577,-9.194542363
0.36777832,-9.088933260,-9.194699249
0.36782227,-9.089070882,-9.194855167
0.36786621,-9.089207457,-9.195010090
0.36791016,-9.089342995,-9.195163990
0.36795410,-9.089477507,-9.195316837
0.36799805,-9.089611005,-9.195468595
0.36804199,-9.089743498,-9.195619227
0.36808594,-9.089874998,-9.195768693
0.36812988,-9.090005515,-9.195916949
0.36817383,-9.090135058,-9.196063950
0.36821777,-9.090263637,-9.196209647
0.36826172,-9.090391262,-9.196353987
0.36830566,-9.090517941,-9.196496917
0.36834961,-9.090643685,-9.196638380
0.36839355,-9.090768501,-9.196778316
0.36843750,-9.090892399,-9.196916664
0.36848145,-9.091015386,-9.197053360
0.36852539,-9.091137471,-9.197188337
0.36856934,-9.091258663,-9.197321527
0.36861328,-9.091378968,-9.197452860
0.36865723,-9.091498394,-9.197582268
0.36870117,-9.091616949,-9.197709682
0.36874512,-9.091734641,-9.197835038
0.36878906,-9.091851476,-9.197958274
0.36883301,-9.091967462,-9.198079330
0.36887695,-9.092082605,-9.198198153
0.36892090,-9.092196914,-9.198314690
0.36896484,-9.092310395,-9.198428895
0.36900879,-9.092423054,-9.198540726
0.36905273,-9.092534899,-9.198650145
0.36909668,-9.092645936,-9.198757117
0.36914062,-9.092756172,-9.198861619
0.36918457,-9.092865616,-9.198963682
0.36922852,-9.092974274,-9.199063380
0.36927246,-9.093082156,-9.199160822
0.36931641,-9.093189269,-9.199256141
0.36936035,-9.093295622,-9.199349493
0.36940430,-9.093401224,-9.199441048
0.36944824,-9.093506084,-9.199530988
0.36949219,-9.093610211,-9.199619505
0.36953613,-9.093713613,-9.199706796
0.36958008,-9.093816301,-9.199793065
0.36962402,-9.093918282,-9.199878520
0.36966797,-9.094019567,-9.199963370
0.36971191,-9.094120165,-9.200047828
0.36975586,-9.094220084,-9.200132107
0.36979980,-9.094319335,-9.200216420
0.36984375,-9.094417927,-9.200300981
0.36988770,-9.094515870,-9.200386005
0.36993164,-9.094613172,-9.200471707
0.36997559,-9.094709844,-9.200558300
0.37001953,-9.094805894,-9.200646002
0.37006348,-9.094901334,-9.200735030
0.37010742,-9.094996171,-9.200825604
0.37015137,-9.095090416,-9.200917946
0.37019531,-9.095184079,-9.201012277
0.37023926,-9.095277169,-9.201108820
0.37028320,-9.095369697,-9.201207810
0.37032715,-9.095461675,-9.201309603
0.37037109,-9.095553115,-9.201414649
0.37041504,-9.095644031,-9.201523464
0.37045898,-9.095734436,-9.201636617
0.37050293,-9.095824343,-9.201754708
0.37054687,-9.095913767,-9.201878354
0.37059082,-9.096002723,-9.202008180
0.37063477,-9.096091224,-9.202144806
0.37067871,-9.096179286,-9.202288846
0.37072266,-9.096266923,-9.202440895
0.37076660,-9.096354149,-9.202601533
0.37081055,-9.096440979,-9.202771315
0.37085449,-9.096527427,-9.202950777
0.37089844,-9.096613507,-9.203140430
0.37094238,-9.096699235,-9.203340765
0.37098633,-9.096784623,-9.203552254
0.37103027,-9.096869685,-9.203775350
0.37107422,-9.096954435,-9.204010445
0.37111816,-9.097038885,-9.204257838
0.37116211,-9.097123045,-9.204517747
0.37120605,-9.097206928,-9.204790305
0.37125000,-9.097290542,-9.205075568
0.37129395,-9.097373897,-9.205373526
0.37133789,-9.097457002,-9.205684107
0.37138184,-9.097539865,-9.206007195
0.37142578,-9.097622502,-9.206342650
0.37146973,-9.097704987,-9.206691541
0.37151367,-9.097787389,-9.207062577
0.37155762,-9.097869776,-9.207463447
0.37160156,-9.097952214,-9.207901033
0.37164551,-9.098034770,-9.208381592
0.37168945,-9.098117509,-9.208910889
0.37173340,-9.098200485,-9.209494309
0.37177734,-9.098283733,-9.210135277
0.37182129,-9.098367272,-9.210834409
0.37186523,-9.098451113,-9.211590329
0.37190918,-9.098535256,-9.212400296
0.37195312,-9.098619696,-9.213260673
0.37199707,-9.098704422,-9.214167264
0.37204102,-9.098789419,-9.215115566
0.37208496,-9.098874671,-9.216100950
0.37212891,-9.098960158,-9.217118775
0.37217285,-9.099045857,-9.218164476
0.37221680,-9.099131748,-9.219233613
0.37226074,-9.099217805,-9.220321931
0.37230469,-9.099304005,-9.221425413
0.37234863,-9.099390324,-9.222540301
0.37239258,-9.099476737,-9.223663099
0.37243652,-9.099563220,-9.224790556
0.37248047,-9.099649749,-9.225919659
0.37252441,-9.099736301,-9.227047635
0.37256836,-9.099822852,-9.228171972
0.37261230,-9.099909304,-9.229506619
0.37265625,-9.099995427,-9.231234121
0.37270020,-9.100081032,-9.233242385
0.37274414,-9.100165959,-9.235446900
0.37278809,-9.100250056,-9.237806129
0.37283203,-9.100333184,-9.240283130
0.37287598,-9.100415207,-9.242849232
0.37291992,-9.100495991,-9.245485218
0.37296387,-9.100575400,-9.248180914
0.37300781,-9.100653290,-9.250933787
0.37305176,-9.100729510,-9.253747241
0.37309570,-9.100803893,-9.256629048
0.37313965,-9.100876256,-9.259589123
0.37318359,-9.100946403,-9.262637216
0.37322754,-9.101014119,-9.265780835
0.37327148,-9.101079173,-9.269023565
0.37331543,-9.101141320,-9.272363864
0.37335937,-9.101200372,-9.275556962
0.37340332,-9.101256449,-9.277526466
0.37344727,-9.101309621,-9.278419846
0.37349121,-9.101359909,-9.278353077
0.37353516,-9.101407300,-9.277416583
0.37357910,-9.101451750,-9.275680192
0.37362305,-9.101493192,-9.273197277
0.37366699,-9.101531540,-9.270008196
0.37371094,-9.101566692,-9.266143142
0.37375488,-9.101598536,-9.261624496
0.37379883,-9.101626948,-9.256468743
0.37384277,-9.101651800,-9.250688041
0.37388672,-9.101672941,-9.244291455
0.37393066,-9.101690201,-9.237280269
0.37397461,-9.101703339,-9.229649954
0.37401855,-9.101712103,-9.221373197
0.37406250,-9.101716234,-9.212421940
0.37410645,-9.101715470,-9.202770681
0.37415039,-9.101709542,-9.192514783
0.37419434,-9.101698173,-9.182302344
0.37423828,-9.101681073,-9.172077335
0.37428223,-9.101657933,-9.161788903
0.37432617,-9.101628390,-9.151388749
0.37437012,-9.101591978,-9.140826420
0.37441406,-9.101547911,-9.130038312
0.37445801,-9.101493707,-9.118910184
0.37450195,-9.101428004,-9.107029718
0.37454590,-9.101348262,-9.094244219
0.37458984,-9.101251006,-9.080210650
0.37463379,-9.101132035,-9.064470465
0.37467773,-9.100986566,-9.046511790
0.37472168,-9.100809306,-9.025818800
0.37476562,-9.100594219,-9.001903285
0.37480957,-9.100334628,-8.974286153
0.37485352,-9.100023225,-8.942546416
0.37489746,-9.099651971,-8.906351806
0.37494141,-9.099211910,-8.865473262
0.37498535,-9.098692855,-8.819788242
0.37502930,-9.098081182,-8.769271396
0.37507324,-9.097360026,-8.713732459
0.37511719,-9.096509746,-8.652995870
0.37516113,-9.095506530,-8.587092468
0.37520508,-9.094320497,-8.516190861
0.37524902,-9.092913255,-8.440535452
0.37529297,-9.091234400,-8.360416679
0.37533691,-9.089216452,-8.276149020
0.37538086,-9.086766770,-8.188066613
0.37542480,-9.083754456,-8.096496742
0.37546875,-9.079988214,-8.001725078
0.37551270,-9.075178721,-7.901332185
0.37555664,-9.068867280,-7.791329409
0.37560059,-9.060274054,-7.672510106
0.37564453,-9.047963349,-7.544893877
0.37568848,-9.028964333,-7.406993252
0.37573242,-8.995963688,-7.252870496
0.37577637,-8.924816480,-7.059551410
0.37582031,-8.660589422,-6.673193154
0.37586426,-8.002686172,-5.894103421
0.37590820,-7.255783634,-5.003436522
0.37595215,-6.432850763,-4.021712731
0.37599609,-5.545939366,-2.967621395
0.37604004,-4.606234294,-1.858112261
0.37608398,-3.624107608,-0.708542801
0.37612793,-2.609226627,0.467391853
0.37617187,-1.559161948,1.680677327
0.37621582,-0.484591549,2.912737584
0.37625977,0.603391117,4.144597089
0.37630371,1.696734109,5.364576603
0.37634766,2.781075485,6.548740753
0.37639160,3.846900246,7.684655073
0.37643555,4.889861361,8.770474703
0.37647949,5.906896865,9.805849043
0.37652344,6.896376539,10.792428389
0.37656738,7.857468527,11.732704273
0.37661133,8.789554543,12.628822235
0.37665527,9.692229306,13.482714943
0.37669922,10.565293397,14.296192152
0.37674316,11.408743391,15.071001225
0.37678711,12.223482771,15.808792738
0.37683105,13.010737908,16.510835412
0.37687500,13.770071056,17.178099237
0.37691895,14.501374783,17.811879445
0.37696289,15.204845227,18.413735616
0.37700684,15.880956161,18.985401879
0.37705078,16.530628676,19.529273204
0.37709473,17.155062205,20.047997392
0.37713867,17.755610360,20.544218812
0.37718262,18.333691385,21.020426629
0.37722656,18.890725302,21.478873984
0.37727051,19.428091351,21.921544464
0.37731445,19.947199638,22.350245996
0.37735840,20.449521455,22.766934905
0.37740234,20.936366131,23.173140192
0.37744629,21.408942234,23.570171260
0.37749023,21.868221915,23.958828653
0.37753418,22.314960880,24.339504044
0.37757812,22.749740619,24.712312744
0.37762207,23.173006713,25.077196568
0.37766602,23.585103121,25.434003460
0.37770996,23.986301250,25.782545609
0.37775391,24.376914941,26.122630102
0.37779785,24.757462148,26.454373095
0.37784180,25.128104928,26.777880057
0.37788574,25.488851252,27.092911134
0.37792969,25.839769056,27.399362310
0.37797363,26.180984880,27.697250054
0.37801758,26.512692013,27.986707320
0.37806152,26.835158050,28.267996211
0.37810547,27.148711275,28.541477528
0.37814941,27.453725415,28.807579486
0.37819336,27.750605804,29.066771564
0.37823730,28.039777266,29.319543309
0.37828125,28.321673925,29.566387769
0.37832520,28.596731399,29.807789695
0.37836914,28.865380298,30.044217412
0.37841309,29.128038300,30.276113043
0.37845703,29.385104618,30.503883899
0.37850098,29.636959440,30.727904842
0.37854492,29.883963061,30.948519491
0.37858887,30.126454860,31.166040740
0.37863281,30.364752220,31.380750806
0.37867676,30.599149500,31.592901127
0.37872070,30.829917196,31.802712311
0.37876465,31.057301364,32.010374363
0.37880859,31.281523391,32.216047278
0.37885254,31.502780142,32.419862094
0.37889648,31.721244504,32.621922413
0.37894043,31.937066294,32.822306346
0.37898437,32.150373497,33.021068808
0.37902832,32.361273633,33.218243935
0.37907227,32.569855327,33.413847481
0.37911621,32.776190314,33.607879834
0.37916016,32.980335725,33.800329332
0.37920410,33.182336491,33.991175642
0.37924805,33.382227793,34.180393050
0.37929199,33.580037409,34.367953494
0.37933594,33.775787915,34.553829235
0.37937988,33.969498667,34.737995129
0.37942383,34.161187531,34.920430453
0.37946777,34.350872297,35.101120240
0.37951172,34.538571688,35.280055987
0.37955566,34.724306076,35.457235908
0.37959961,34.908097913,35.632664834
0.37964355,35.089971959,35.806353849
0.37968750,35.269955326,35.978319742
0.37973145,35.448077377,36.148584334
0.37977539,35.624369518,36.317173703
0.37981934,35.798864897,36.484117380
0.37986328,35.971598034,36.649447504
0.37990723,36.142604411,36.813197993
0.37995117,36.311920032,36.975403729
0.37999512,36.479580962,37.136099781
0.38003906,36.645622876,37.295320682
0.38008301,36.810080617,37.453099769
0.38012695,36.972987775,37.609468589
0.38017090,37.134376299,37.764456374
0.38021484,37.294276140,37.918089604
0.38025879,37.452714955,38.070391654
0.38030273,37.609717854,38.221382534
0.38034668,37.765307223,38.371078737
0.38039062,37.919502603,38.519493172
0.38043457,38.072320639,38.666635203
0.38047852,38.223775096,38.812510773
0.38052246,38.373876938,38.957122612
0.38056641,38.522634459,39.100470507
0.38061035,38.670053467,39.242551637
0.38065430,38.816137503,39.383360928
0.38069824,38.960888090,39.522891450
0.38074219,39.104305000,39.661134807
0.38078613,39.246386534,39.798081538
0.38083008,39.387129811,39.933721498
0.38087402,39.526531044,40.068044226
0.38091797,39.664585816,40.201039277
0.38096191,39.801289339,40.332696532
0.38100586,39.936636696,40.463006470
0.38104980,40.070623059,40.591960398
0.38109375,40.203251518,40.719567248
0.38113770,40.334541731,40.845871360
0.38118164,40.464481524,40.970845400
0.38122559,40.593060715,41.094468014
0.38126953,40.720271078,41.216723001
0.38131348,40.846106306,41.337598649
0.38135742,40.970561963,41.457087192
0.38140137,41.093635428,41.575184358
0.38144531,41.215325815,41.691888963
0.38148926,41.335633896,41.807202557
0.38153320,41.454561996,41.921129094
0.38157715,41.572113878,42.033674618
0.38162109,41.688294625,42.144846974
0.38166504,41.803110508,42.254655530
0.38170898,41.916568847,42.363110911
0.38175293,42.028677878,42.470224752
0.38179687,42.139446608,42.576009465
0.38184082,42.248884687,42.680478024
0.38188477,42.357002275,42.783643773
0.38192871,42.463809917,42.885520245
0.38197266,42.569318431,42.986121011
0.38201660,42.673538806,43.085459543
0.38206055,42.776482103,43.183549105
0.38210449,42.878159381,43.280402663
0.38214844,42.978581622,43.376032807
0.38219238,43.077759679,43.470451707
0.38223633,43.175704227,43.563671077
0.38228027,43.272425732,43.655702156
0.38232422,43.367934432,43.746555712
0.38236816,43.462240317,43.836242049
0.38241211,43.555353136,43.924771035
0.38245605,43.647282395,44.012152133
0.38250000,43.738037378,44.098394446
0.38254395,43.827627158,44.183506761
0.38258789,43.916060630,44.267497607
0.38263184,44.003346532,44.350375304
0.38267578,44.089493481,44.432148022
0.38271973,44.174510004,44.512823834
0.38276367,44.258404567,44.592410772
0.38280762,44.341185614,44.670916875
0.38285156,44.422861595,44.748350233
0.38289551,44.503440995,44.824719032
0.38293945,44.582932361,44.900031586
0.38298340,44.661344327,44.974296370
0.38302734,44.738685632,45.047522038
0.38307129,44.814965140,45.119717446
0.38311523,44.890191848,45.190891658
0.38315918,44.964374899,45.261053955
0.38320312,45.037523586,45.330213834
0.38324707,45.109647352,45.398381000
0.38329102,45.180755792,45.465565361
0.38333496,45.250858641,45.531777008
0.38337891,45.319965775,45.597026204
0.38342285,45.388087194,45.661323360
0.38346680,45.455233013,45.724679017
0.38351074,45.521413448,45.787103818
0.38355469,45.586638800,45.848608488
0.38359863,45.650919441,45.909203810
0.38364258,45.714265795,45.968900601
0.38368652,45.776688326,46.027709687
0.38373047,45.838197521,46.085641886
0.38377441,45.898803872,46.142707987
0.38381836,45.958517867,46.198918730
0.38386230,46.017349973,46.254284796
0.38390625,46.075310627,46.308816789
0.38395020,46.132410227,46.362525231
0.38399414,46.188659119,46.415420550
0.38403809,46.244067595,46.467513076
0.38408203,46.298645887,46.518813040
0.38412598,46.352404161,46.569330572
0.38416992,46.405352517,46.619075701
0.38421387,46.457500990,46.668058362
0.38425781,46.508859546,46.716288397
0.38430176,46.559438090,46.763775564
0.38434570,46.609246465,46.810529543
0.38438965,46.658294455,46.856559946
0.38443359,46.706591796,46.901876323
0.38447754,46.754148172,46.946488173
0.38452148,46.800973228,46.990404954
0.38456543,46.847076572,47.033636089
0.38460937,46.892467784,47.076190978
0.38465332,46.937156415,47.118079005
0.38469727,46.981152001,47.159309547
0.38474121,47.024464064,47.199891977
0.38478516,47.067102115,47.239835675
0.38482910,47.109075662,47.279150031
0.38487305,47.150394214,47.317844448
0.38491699,47.191067281,47.355928349
0.38496094,47.231104379,47.393411177
0.38500488,47.270515034,47.430302399
0.38504883,47.309308781,47.466611503
0.38509277,47.347495167,47.502348003
0.38513672,47.385083750,47.537521437
0.38518066,47.422084102,47.572141365
0.38522461,47.458505808,47.606217369
0.38526855,47.494358465,47.639759052
0.38531250,47.529651681,47.672776034
0.38535645,47.564395077,47.705277952
0.38540039,47.598598283,47.737274457
0.38544434,47.632270939,47.768775213
0.38548828,47.665422692,47.799789893
0.38553223,47.698063197,47.830328177
0.38557617,47.730202115,47.860399753
0.38562012,47.761851156,47.890018763
0.38566406,47.793023405,47.919202112
0.38570801,47.823727682,47.947957106
0.38575195,47.853972878,47.976291446
0.38579590,47.883767956,48.004213171
0.38583984,47.913121955,48.031730603
0.38588379,47.942043980,48.058852303
0.38592773,47.970543201,48.085587032
0.38597168,47.998628849,48.111943715
0.38601562,48.026310204,48.137931410
0.38605957,48.053596595,48.163559290
0.38610352,48.080497391,48.188836614
0.38614746,48.107021994,48.213772713
0.38619141,48.133179835,48.238376973
0.38623535,48.158980367,48.262658823
0.38627930,48.184433061,48.286627720
0.38632324,48.209547400,48.310293141
0.38636719,48.234332871,48.333664573
0.38641113,48.258798962,48.356751501
0.38645508,48.282955159,48.379563404
0.38649902,48.306810932,48.402109744
0.38654297,48.330375740,48.424399957
0.38658691,48.353659015,48.446443449
0.38663086,48.376670164,48.468249584
0.38667480,48.399418556,48.489827679
0.38671875,48.421913521,48.511186992
0.38676270,48.444164339,48.532336721
0.38680664,48.466180237,48.553285988
0.38685059,48.487970377,48.574043835
0.38689453,48.509543854,48.594619216
0.38693848,48.530909685,48.615020986
0.38698242,48.552076801,48.635257894
0.38702637,48.573054043,48.655338573
0.38707031,48.593850149,48.675271532
0.38711426,48.614473752,48.695065148
0.38715820,48.634933365,48.714727656
0.38720215,48.655237377,48.734267141
0.38724609,48.675394046,48.753691527
0.38729004,48.695411488,48.773008570
0.38733398,48.715297667,48.792225851
0.38737793,48.735060391,48.811350761
0.38742187,48.754707303,48.830390501
0.38746582,48.774245869,48.849352067
0.38750977,48.793683373,48.868242242
0.38755371,48.813026909,48.887067590
0.38759766,48.832283371,48.905834449
0.38764160,48.851458950,48.924548420
0.38768555,48.870558605,48.943213128
0.38772949,48.889586740,48.961831244
0.38777344,48.908547831,48.980405869
0.38781738,48.927446417,48.998940452
0.38786133,48.946287085,49.017438711
0.38790527,48.965074445,49.035904553
0.38794922,48.983813100,49.054342001
0.38799316,49.002507618,49.072755119
0.38803711,49.021162501,49.091147953
0.38808105,49.039782155,49.109524472
0.38812500,49.058370857,49.127888513
0.38816895,49.076933244,49.146244259
0.38821289,49.095455378,49.164555580
0.38825684,49.113944110,49.182833724
0.38830078,49.132412633,49.201102689
0.38834473,49.150872501,49.219381570
0.38838867,49.169333560,49.237685086
0.38843262,49.187803951,49.256024120
0.38847656,49.206290170,49.274406222
0.38852051,49.224797153,49.292836081
0.38856445,49.243328394,49.311315968
0.38860840,49.261886080,49.329846139
0.38865234,49.280471227,49.348425206
0.38869629,49.299083818,49.367050453
0.38874023,49.317722937,49.385718106
0.38878418,49.336386884,49.404423571
0.38882812,49.355073291,49.423161620
0.38887207,49.373779211,49.441926547
0.38891602,49.392501207,49.460712291
0.38895996,49.411235153,49.479511849
0.38900391,49.429976932,49.498318779
0.38904785,49.448722416,49.517127060
0.38909180,49.467467429,49.535930928
0.38913574,49.486207762,49.554724861
0.38917969,49.504933760,49.573492114
0.38922363,49.523625678,49.592195773
0.38926758,49.542280594,49.610836977
0.38931152,49.560895373,49.629415659
0.38935547,49.579466575,49.647930611
0.38939941,49.597990381,49.666379535
0.38944336,49.616462539,49.684759099
0.38948730,49.634878318,49.703064996
0.38953125,49.653232491,49.721291998
0.38957520,49.671519311,49.739434014
0.38961914,49.689732514,49.757484153
0.38966309,49.707865314,49.775434775
0.38970703,49.725926763,49.793313122
0.38975098,49.743908394,49.811107116
0.38979492,49.761799456,49.828800836
0.38983887,49.779588628,49.846378283
0.38988281,49.797264182,49.863823556
0.38992676,49.814814110,49.881120970
0.38997070,49.832226214,49.898255120
0.39001465,49.849488170,49.915210909
0.39005859,49.866587579,49.931973542
0.39010254,49.883511994,49.948528517
0.39014648,49.900248933,49.964861589
0.39019043,49.916785898,49.980958742
0.39023437,49.933110371,49.996806150
0.39027832,49.949209763,50.012390091
0.39032227,49.965070832,50.027696145
0.39036621,49.980679112,50.042707304
0.39041016,49.996020643,50.057407874
0.39045410,50.011081888,50.071783159
0.39049805,50.025849669,50.085819244
0.39054199,50.040311118,50.099502842
0.39058594,50.054453630,50.112821154
0.39062988,50.068264850,50.125761791
0.39067383,50.081732676,50.138312777
0.39071777,50.094845279,50.150462546
0.39076172,50.107591108,50.162199930
0.39080566,50.119958999,50.173514371
0.39084961,50.131938091,50.184395792
0.39089355,50.143533840,50.194832529
0.39093750,50.154745707,50.204806070
0.39098145,50.165553041,50.214294271
0.39102539,50.175936166,50.223277296
0.39106934,50.185876310,50.231737137
0.39111328,50.195355529,50.239657247
0.39115723,50.204356656,50.247022277
0.39120117,50.212863294,50.253817920
0.39124512,50.220859942,50.260031081
0.39128906,50.228332087,50.265650183
0.39133301,50.235265823,50.270664195
0.39137695,50.241647677,50.275062236
0.39142090,50.247464573,50.278833545
0.39146484,50.252703894,50.281967642
0.39150879,50.257354092,50.284456447
0.39155273,50.261402355,50.286288202
0.39159668,50.264839183,50.287613173
0.39164062,50.267665142,50.288413321
0.39168457,50.269879076,50.288658729
0.39172852,50.271478058,50.288324747
0.39177246,50.272430143,50.287332597
0.39181641,50.272667411,50.285529591
0.39186035,50.272203298,50.282953000
0.39190430,50.270956482,50.279540720
0.39194824,50.268847376,50.275230029
0.39199219,50.266225271,50.270504977
0.39203613,50.263180831,50.265470998
0.39208008,50.259697213,50.260083952
0.39212402,50.255759406,50.254307632
0.39216797,50.251291822,50.247984037
0.39221191,50.246265704,50.241065851
0.39225586,50.240670686,50.233545195
0.39229980,50.234498901,50.225417119
0.39234375,50.227744571,50.216678996
0.39238770,50.220403659,50.207330050
0.39243164,50.212473606,50.197370980
0.39247559,50.203931594,50.186756863
0.39251953,50.194776416,50.175490945
0.39256348,50.185011902,50.163585826
0.39260742,50.174642493,50.151053591
0.39265137,50.163673071,50.137905739
0.39269531,50.152108832,50.124153193
0.39273926,50.139955174,50.109806274
0.39278320,50.127217588,50.094874664
0.39282715,50.113901564,50.079367380
0.39287109,50.100012523,50.063292753
0.39291504,50.085555764,50.046658442
0.39295898,50.070536438,50.029471460
0.39300293,50.054959533,50.011738231
0.39304687,50.038830105,49.993465351
0.39309082,50.022152656,49.974658320
0.39313477,50.004930809,49.955320804
0.39317871,49.987167632,49.935455334
0.39322266,49.968865915,49.915063885
0.39326660,49.950028424,49.894148351
0.39331055,49.930658104,49.872710916
0.39335449,49.910758261,49.850754348
0.39339844,49.890332698,49.828282216
0.39344238,49.869385834,49.805299051
0.39348633,49.847922789,49.781810449
0.39353027,49.825949441,49.757823129
0.39357422,49.803472469,49.733344959
0.39361816,49.780499376,49.708384948
0.39366211,49.757038490,49.682953220
0.39370605,49.733098959,49.657060962
0.39375000,49.708690728,49.630720367
0.39379395,49.683824508,49.603944551
0.39383789,49.658511742,49.576747484
0.39388184,49.632764556,49.549143893
0.39392578,49.606595712,49.521149178
0.39396973,49.580018552,49.492779320
0.39401367,49.553046949,49.464050798
0.39405762,49.525695249,49.434980497
0.39410156,49.497978215,49.405585637
0.39414551,49.469910978,49.375883690
0.39418945,49.441508981,49.345892320
0.39423340,49.412787937,49.315629314
0.39427734,49.383763777,49.285112535
0.39432129,49.354452614,49.254359868
0.39436523,49.324870701,49.223389179
0.39440918,49.295034392,49.192218281
0.39445312,49.264960116,49.160864902
0.39449707,49.234664343,49.129346658
0.39454102,49.204163559,49.097681034
0.39458496,49.173474235,49.065885358
0.39462891,49.142612807,49.033976785
0.39467285,49.111595652,49.001972277
0.39471680,49.080439061,48.969888586
0.39476074,49.049105823,48.937632631
0.39480469,49.017611527,48.905231157
0.39484863,48.985980072,48.872725778
0.39489258,48.954234459,48.840152812
0.39493652,48.922396760,48.807544191
0.39498047,48.890488128,48.774928211
0.39502441,48.858528825,48.742330146
0.39506836,48.826538257,48.709772755
0.39511230,48.794535027,48.677276702
0.39515625,48.762536976,48.644860893
0.39520020,48.730561239,48.612542756
0.39524414,48.698625248,48.580339431
0.39528809,48.666749573,48.548273463
0.39533203,48.634957068,48.516372540
0.39537598,48.603268538,48.484659937
0.39541992,48.571746312,48.453247411
0.39546387,48.540430727,48.422194089
0.39550781,48.509306188,48.391438845
0.39555176,48.478361376,48.360936894
0.39559570,48.447589886,48.330658869
0.39563965,48.416990412,48.300588342
0.39568359,48.386567978,48.270724020
0.39572754,48.356330387,48.241071572
0.39577148,48.326285988,48.211638322
0.39581543,48.296443301,48.182432340
0.39585937,48.266810744,48.153461828
0.39590332,48.237396455,48.124734727
0.39594727,48.208208183,48.096258486
0.39599121,48.179253253,48.068040000
0.39603516,48.150538588,48.040085643
0.39607910,48.122070757,48.012401361
0.39612305,48.093856045,47.984992803
0.39616699,48.065900510,47.957865420
0.39621094,48.038210022,47.931024533
0.39625488,48.010790285,47.904475353
0.39629883,47.983646834,47.878222973
0.39634277,47.956785025,47.852272336
0.39638672,47.930210013,47.826628189
0.39643066,47.903926732,47.801295042
0.39647461,47.877939874,47.776277130
0.39651855,47.852253877,47.751578385
0.39656250,47.826872913,47.727202428
0.39660645,47.801800892,47.703152564
0.39665039,47.777041466,47.679431799
0.39669434,47.752598043,47.656042864
0.39673828,47.728473805,47.632988243
0.39678223,47.704671729,47.610270210
0.39682617,47.681194609,47.587890868
0.39687012,47.658045084,47.565852180
0.39691406,47.635225656,47.544156008
0.39695801,47.612738717,47.522804142
0.39700195,47.590586563,47.501798322
0.39704590,47.568771413,47.481140261
0.39708984,47.547295422,47.460831656
0.39713379,47.526160690,47.440874200
0.39717773,47.505369267,47.421269578
0.39722168,47.484923159,47.402019475
0.39726563,47.464824326,47.383125563
0.39730957,47.445074683,47.364589495
0.39735352,47.425676090,47.346412897
0.39739746,47.406629869,47.328596864
0.39744141,47.387936221,47.311140247
0.39748535,47.369595447,47.294042185
0.39752930,47.351608309,47.277302864
0.39757324,47.333975904,47.260923195
0.39761719,47.316699564,47.244904558
0.39766113,47.299780759,47.229248597
0.39770508,47.283221018,47.213957064
0.39774902,47.267021866,47.199031689
0.39779297,47.251184766,47.184474091
0.39783691,47.235711076,47.170285711
0.39788086,47.220602018,47.156467762
0.39792480,47.205858646,47.143021201
0.39796875,47.191481838,47.129946712
0.39801270,47.177472287,47.117244712
0.39805664,47.163830548,47.104915462
0.39810059,47.150556992,47.092958996
0.39814453,47.137651763,47.081375038
0.39818848,47.125114764,47.070162978
0.39823242,47.112945653,47.059321882
0.39827637,47.101143863,47.048850527
0.39832031,47.089706580,47.038747671
0.39836426,47.078621427,47.029013870
0.39840820,47.067892332,47.019653168
0.39845215,47.057522570,47.010668293
0.39849609,47.047514761,47.002060805
0.39854004,47.037870881,46.993831233
0.39858398,47.028592287,46.985979214
0.39862793,47.019679755,46.978503625
0.39867188,47.011133521,46.971402710
0.39871582,47.002953331,46.964674195
0.39875977,46.995138490,46.958315392
0.39880371,46.987687915,46.952323301
0.39884766,46.980600190,46.946694694
0.39889160,46.973873622,46.941426203
0.39893555,46.967506288,46.936514390
0.39897949,46.961496086,46.931955805
0.39902344,46.955840773,46.927747027
0.39906738,46.950538001,46.923884697
0.39911133,46.945585343,46.920365533
0.39915527,46.940980318,46.917186340
0.39919922,46.936720404,46.914344015
0.39924316,46.932803056,46.911835538
0.39928711,46.929225710,46.909657966
0.39933105,46.925985791,46.907808423
0.39937500,46.923080715,46.906284089
0.39941895,46.920507894,46.905082185
0.39946289,46.918264737,46.904199982
0.39950684,46.916347639,46.903593074
0.39955078,46.914749685,46.903226356
0.39959473,46.913462758,46.903107385
0.39963867,46.912480382,46.903241875
0.39968262,46.911797310,46.903634087
0.39972656,46.911409218,46.904287133
0.39977051,46.911312492,46.905203266
0.39981445,46.911504024,46.906384010
0.39985840,46.911981029,46.907830189
0.39990234,46.912853961,46.909688457
0.39994629,46.914078941,46.911907207
0.39999023,46.915520506,46.914299871
0.40003418,46.917188146,46.916887517
0.40007813,46.919091694,46.919693531
0.40012207,46.921269981,46.922801246
0.40016602,46.923731938,46.926223685
0.40020996,46.926473927,46.929947361
0.40025391,46.929492430,46.933961049
0.40029785,46.932784270,46.938255748
0.40034180,46.936346713,46.942824472
0.40038574,46.940177528,46.947662028
0.40042969,46.944275109,46.952765058
0.40047363,46.948638299,46.958131575
0.40051758,46.953266007,46.963760069
0.40056152,46.958157029,46.969649027
0.40060547,46.963309996,46.975796828
0.40064941,46.968723326,46.982201619
0.40069336,46.974395180,46.988861219
0.40073730,46.980323434,46.995773064
0.40078125,46.986505672,47.002934190
0.40082520,46.992939202,47.010341255
0.40086914,46.999621076,47.017990587
0.40091309,47.006548135,47.025878249
0.40095703,47.013717040,47.034000110
0.40100098,47.021124326,47.042351910
0.40104492,47.028766456,47.050929365
0.40108887,47.036639882,47.059728262
0.40113281,47.044741090,47.068744531
0.40117676,47.053066636,47.077974293
0.40122070,47.061613158,47.087413867
0.40126465,47.070377383,47.097059774
0.40130859,47.079356118,47.106908702
0.40135254,47.088546242,47.116957486
0.40139648,47.097944685,47.127203056
0.40144043,47.107548413,47.137642409
0.40148438,47.117354415,47.148272576
0.40152832,47.127359692,47.159090608
0.40157227,47.137561259,47.170093566
0.40161621,47.147956137,47.181278519
0.40166016,47.158541357,47.192642545
0.40170410,47.169313959,47.204182732
0.40174805,47.180270994,47.215896178
0.40179199,47.191409520,47.227779995
0.40183594,47.202726608,47.239831305
0.40187988,47.214219331,47.252047238
0.40192383,47.225884767,47.264424923
0.40196777,47.237719994,47.276961487
0.40201172,47.249722081,47.289654046
0.40205566,47.261888088,47.302499695
0.40209961,47.274215057,47.315495502
0.40214355,47.286700011,47.328638503
0.40218750,47.299339944,47.341925691
0.40223145,47.312131821,47.355354015
0.40227539,47.325072571,47.368920372
0.40231934,47.338159087,47.382621607
0.40236328,47.351388221,47.396454508
0.40240723,47.364756783,47.410415806
0.40245117,47.378261543,47.424502177
0.40249512,47.391899225,47.438710241
0.40253906,47.405666511,47.453036561
0.40258301,47.419560038,47.467477648
0.40262695,47.433576403,47.482029965
0.40267090,47.447712167,47.496689930
0.40271484,47.461963854,47.511453924
0.40275879,47.476327955,47.526318300
0.40280273,47.490800938,47.541279381
0.40284668,47.505379243,47.556333477
0.40289063,47.520059291,47.571476880
0.40293457,47.534837482,47.586705871
0.40297852,47.549710201,47.602016721
0.40302246,47.564673813,47.617405694
0.40306641,47.579724670,47.632869041
0.40311035,47.594859106,47.648403004
0.40315430,47.610080338,47.664017979
0.40319824,47.625393342,47.679726515
0.40324219,47.640792223,47.695517310
0.40328613,47.656271267,47.711380537
0.40333008,47.671824951,47.727307567
0.40337402,47.687447928,47.743290736
0.40341797,47.703135024,47.759323158
0.40346191,47.718881219,47.775398576
0.40350586,47.734681636,47.791511231
0.40354980,47.750531517,47.807655764
0.40359375,47.766426216,47.823827130
0.40363770,47.782361181,47.840020537
0.40368164,47.798331939,47.856231389
0.40372559,47.814334086,47.872455246
0.40376953,47.830363281,47.888687789
0.40381348,47.846415230,47.904924796
0.40385742,47.862485683,47.921162123
0.40390137,47.878570431,47.937395686
0.40394531,47.894665294,47.953621449
0.40398926,47.910766125,47.969835419
0.40403320,47.926868801,47.986033635
0.40407715,47.942969226,48.002212167
0.40412109,47.959062830,48.018366631
0.40416504,47.975143660,48.034489943
0.40420898,47.991205386,48.050574258
0.40425293,48.007240990,48.066610073
0.40429688,48.023246098,48.082593710
0.40434082,48.039216515,48.098521597
0.40438477,48.055127166,48.114345817
0.40442871,48.070978403,48.130075619
0.40447266,48.086774356,48.145726762
0.40451660,48.102517457,48.161309643
0.40456055,48.118208667,48.176830434
0.40460449,48.133847708,48.192292032
0.40464844,48.149434499,48.207697488
0.40469238,48.164967822,48.223047195
0.40473633,48.180443293,48.238334649
0.40478027,48.195856505,48.253553652
0.40482422,48.211203100,48.268698372
0.40486816,48.226478814,48.283763359
0.40491211,48.241679506,48.298743547
0.40495605,48.256803333,48.313638932
0.40500000,48.271846867,48.328445880
0.40504395,48.286806226,48.343159788
0.40508789,48.301677553,48.357776190
0.40513184,48.316457045,48.372290780
0.40517578,48.331140963,48.386699417
0.40521973,48.345725635,48.400998122
0.40526367,48.360207459,48.415183061
0.40530762,48.374582888,48.429250517
0.40535156,48.388848427,48.443196873
0.40539551,48.403000598,48.457018556
0.40543945,48.417035814,48.470711842
0.40548340,48.430950300,48.484272591
0.40552734,48.444740355,48.497696836
0.40557129,48.458402340,48.510980746
0.40561523,48.471932669,48.524120594
0.40565918,48.485327804,48.537112746
0.40570312,48.498584262,48.549953651
0.40574707,48.511698609,48.562639839
0.40579102,48.524667469,48.575167925
0.40583496,48.537487531,48.587534615
0.40587891,48.550155549,48.599736709
0.40592285,48.562668354,48.611771112
0.40596680,48.575022855,48.623634834
0.40601074,48.587216046,48.635324996
0.40605469,48.599245005,48.646838831
0.40609863,48.611106899,48.658173684
0.40614258,48.622798987,48.669327010
0.40618652,48.634318611,48.680296369
0.40623047,48.645663205,48.691079424
0.40627441,48.656830288,48.701673935
0.40631836,48.667817462,48.712077755
0.40636230,48.678622415,48.722288829
0.40640625,48.689242918,48.732305187
0.40645020,48.699676825,48.742124948
0.40649414,48.709922075,48.751746318
0.40653809,48.719976694,48.761167594
0.40658203,48.729838798,48.770387167
0.40662598,48.739506598,48.779403529
0.40666992,48.748978406,48.788215282
0.40671387,48.758252639,48.796821146
0.40675781,48.767327830,48.805219966
0.40680176,48.776203022,48.813411118
0.40684570,48.784878166,48.821395825
0.40688965,48.793353076,48.829174858
0.40693359,48.801627369,48.836748446
0.40697754,48.809700533,48.844116465
0.40702148,48.817571983,48.851278575
0.40706543,48.825241095,48.858234297
0.40710937,48.832707237,48.864983078
0.40715332,48.839969843,48.871524433
0.40719727,48.847028465,48.877858038
0.40724121,48.853882808,48.883983797
0.40728516,48.860532733,48.889901823
0.40732910,48.866978264,48.895612445
0.40737305,48.873225060,48.901115602
0.40741699,48.879273999,48.906409480
0.40746094,48.885122912,48.911492216
0.40750488,48.890770148,48.916362889
0.40754883,48.896214549,48.921021321
0.40759277,48.901455522,48.925468167
0.40763672,48.906493256,48.929705364
0.40768066,48.911328656,48.933735877
0.40772461,48.915963269,48.937563488
0.40776855,48.920399213,48.941192607
0.40781250,48.924639106,48.944628115
0.40785645,48.928685997,48.947875234
0.40790039,48.932543298,48.950939415
0.40794434,48.936214728,48.953826248
0.40798828,48.939704251,48.956541385
0.40803223,48.943016032,48.959090490
0.40807617,48.946154391,48.961479187
0.40812012,48.949123765,48.963713038
0.40816406,48.951928682,48.965797518
0.40820801,48.954573731,48.967738005
0.40825195,48.957063545,48.969539784
0.40829590,48.959402792,48.971208044
0.40833984,48.961596157,48.972747896
0.40838379,48.963648349,48.974164379
0.40842773,48.965564088,48.975462485
0.40847168,48.967348117,48.976647175
0.40851562,48.969005203,48.977723398
0.40855957,48.970545220,48.978707164
0.40860352,48.971974017,48.979604374
0.40864746,48.973295654,48.980417040
0.40869141,48.974514202,48.981147681
0.40873535,48.975633791,48.981799289
0.40877930,48.976658646,48.982375307
0.40882324,48.977593113,48.982879594
0.40886719,48.978441678,48.983316399
0.40891113,48.979208986,48.983690334
0.40895508,48.979899846,48.984006341
0.40899902,48.980519242,48.984269669
0.40904297,48.981072332,48.984485847
0.40908691,48.981564448,48.984660660
0.40913086,48.982001104,48.984800312
0.40917480,48.982388165,48.984917914
0.40921875,48.982732266,48.985017884
0.40926270,48.983039735,48.985104741
0.40930664,48.983316708,48.985183167
0.40935059,48.983569207,48.985258036
0.40939453,48.983803168,48.985334391
0.40943848,48.984024483,48.985417412
0.40948242,48.984239082,48.985512500
0.40952637,48.984453851,48.985626917
0.40957031,48.984677360,48.985777820
0.40961426,48.984919442,48.985977922
0.40965820,48.985189776,48.986238984
0.40970215,48.985496703,48.986563184
0.40974609,48.985845473,48.986944342
0.40979004,48.986239396,48.987385741
0.40983398,48.986682327,48.987891410
0.40987793,48.987178615,48.988466028
0.40992187,48.987733054,48.989114842
0.40996582,48.988350842,48.989843599
0.41000977,48.989037541,48.990658481
0.41005371,48.989799046,48.991566049
0.41009766,48.990642113,48.992573763
0.41014160,48.991574434,48.993690625
0.41018555,48.992604010,48.994925997
0.41022949,48.993738944,48.996289180
0.41027344,48.994987391,48.997789371
0.41031738,48.996357524,48.999435633
0.41036133,48.997857501,49.001236870
0.41040527,48.999495443,49.003201820
0.41044922,49.001279414,49.005339041
0.41049316,49.003217406,49.007656904
0.41053711,49.005317323,49.010163600
0.41058105,49.007586977,49.012867128
0.41062500,49.010034075,49.015775308
0.41066895,49.012666214,49.018895772
0.41071289,49.015490875,49.022235979
0.41075684,49.018515423,49.025803208
0.41080078,49.021747100,49.029604569
0.41084473,49.025193023,49.033647003
0.41088867,49.028860186,49.037937288
0.41093262,49.032755454,49.042482041
0.41097656,49.036885567,49.047287726
0.41102051,49.041257134,49.052360648
0.41106445,49.045876640,49.057706968
0.41110840,49.050750437,49.063332695
0.41115234,49.055884751,49.069243696
0.41119629,49.061285678,49.075445693
0.41124023,49.066959186,49.081944266
0.41128418,49.072911111,49.088744857
0.41132812,49.079147161,49.095852767
0.41137207,49.085672913,49.103273158
0.41141602,49.092493811,49.111011052
0.41145996,49.099615170,49.119071333
0.41150391,49.107042168,49.127458746
0.41154785,49.114779850,49.136177893
0.41159180,49.122833127,49.145233236
0.41163574,49.131206771,49.154629093
0.41167969,49.139905415,49.164369637
0.41172363,49.148933552,49.174458897
0.41176758,49.158295533,49.184900750
0.41181152,49.167995563,49.195698925
0.41185547,49.178037704,49.206856998
0.41189941,49.188425866,49.218378389
0.41194336,49.199172852,49.230286039
0.41198730,49.210284520,49.242586887
0.41203125,49.221763295,49.255280531
0.41207520,49.233611424,49.268366732
0.41211914,49.245830978,49.281845344
0.41216309,49.258423855,49.295716276
0.41220703,49.271391788,49.309979469
0.41225098,49.284736359,49.324634883
0.41229492,49.298459011,49.339682487
0.41233887,49.312561055,49.355122262
0.41238281,49.327043684,49.370954189
0.41242676,49.341907979,49.387178254
0.41247070,49.357154914,49.403794437
0.41251465,49.372785362,49.420802710
0.41255859,49.388800099,49.438203023
0.41260254,49.405199798,49.455995303
0.41264648,49.421985033,49.474179434
0.41269043,49.439156277,49.492755250
0.41273437,49.456713893,49.511722521
0.41277832,49.474658129,49.531080935
0.41282227,49.492989093,49.550830048
0.41286621,49.511706731,49.570969234
0.41291016,49.530810856,49.591497736
0.41295410,49.550301161,49.612414700
0.41299805,49.570177231,49.633719189
0.41304199,49.590438542,49.655410188
0.41308594,49.611084465,49.677486601
0.41312988,49.632114368,49.699947350
0.41317383,49.653527837,49.722791796
0.41321777,49.675324520,49.746019632
0.41326172,49.697503736,49.769630000
0.41330566,49.720064493,49.793621563
0.41334961,49.743005505,49.817992555
0.41339355,49.766325208,49.842740835
0.41343750,49.790021775,49.867863921
0.41348145,49.814093127,49.893359025
0.41352539,49.838536927,49.919223051
0.41356934,49.863350597,49.945452617
0.41361328,49.888531327,49.972044083
0.41365723,49.914076070,49.998993497
0.41370117,49.939981588,50.026296622
0.41374512,49.966244753,50.053949606
0.41378906,49.992862469,50.081948814
0.41383301,50.019831622,50.110290697
0.41387695,50.047149028,50.138971697
0.41392090,50.074811403,50.167988171
0.41396484,50.102815330,50.197336337
0.41400879,50.131157240,50.227012240
0.41405273,50.159833397,50.257011726
0.41409668,50.188839888,50.287330426
0.41414062,50.218172617,50.317963752
0.41418457,50.247827303,50.348906897
0.41422852,50.277799480,50.380154840
0.41427246,50.308084501,50.411702350
0.41431641,50.338677544,50.443544000
0.41436035,50.369573614,50.475674181
0.41440430,50.400767555,50.508087110
0.41444824,50.432254056,50.540776848
0.41449219,50.464027659,50.573737311
0.41453613,50.496082768,50.606962287
0.41458008,50.528413663,50.640445447
0.41462402,50.561014501,50.674180357
0.41466797,50.593879331,50.708160496
0.41471191,50.627002104,50.742379261
0.41475586,50.660376678,50.776829984
0.41479980,50.693996829,50.811505938
0.41484375,50.727856261,50.846400352
0.41488770,50.761948612,50.881506418
0.41493164,50.796267464,50.916817301
0.41497559,50.830806351,50.952326146
0.41501953,50.865558766,50.988026089
0.41506348,50.900518171,51.023910265
0.41510742,50.935678002,51.059971811
0.41515137,50.971031676,51.096203881
0.41519531,51.006593048,51.132641613
0.41523926,51.042361392,51.169285876
0.41528320,51.078326337,51.206117408
0.41532715,51.114477878,51.243119460
0.41537109,51.150806379,51.280277340
0.41541504,51.187302577,51.317578050
0.41545898,51.223957561,51.355009978
0.41550293,51.260762755,51.392562648
0.41554687,51.297709897,51.430226515
0.41559082,51.334791005,51.467992799
0.41563477,51.371998361,51.505853341
0.41567871,51.409324484,51.543800497
0.41572266,51.446762102,51.581827046
0.41576660,51.484304142,51.619926114
0.41581055,51.521943702,51.658091117
0.41585449,51.559674044,51.696315715
0.41589844,51.597488575,51.734593776
0.41594238,51.635380838,51.772919344
0.41598633,51.673344505,51.811286622
0.41603027,51.711373371,51.849689956
0.41607422,51.749461345,51.888123820
0.41611816,51.787602452,51.926582813
0.41616211,51.825790830,51.965061653
0.41620605,51.864020729,52.003555177
0.41625000,51.902286511,52.042058336
0.41629395,51.940582656,52.080566203
0.41633789,51.978903757,52.119073969
0.41638184,52.017244529,52.157576952
0.41642578,52.055599809,52.196070595
0.41646973,52.093964558,52.234550471
0.41651367,52.132333867,52.273012289
0.41655762,52.170702959,52.311451895
0.41660156,52.209067189,52.349865272
0.41664551,52.247422051,52.388248548
0.41668945,52.285763176,52.426597993
0.41673340,52.324086337,52.464910022
0.41677734,52.362387437,52.503181186
0.41682129,52.400661594,52.541407216
0.41686523,52.438901947,52.579579343
0.41690918,52.477107902,52.617702430
0.41695312,52.515294804,52.655815357
0.41699707,52.553451446,52.693897200
0.41704102,52.591567623,52.731930515
0.41708496,52.629634042,52.769900348
0.41712891,52.667643633,52.807796623
0.41717285,52.705591576,52.845613899
0.41721680,52.743474681,52.883349796
0.41726074,52.781291004,52.921004172
0.41730469,52.819038869,52.958576951
0.41734863,52.856716823,52.996068103
0.41739258,52.894320245,53.033470551
0.41743652,52.931844080,53.070776533
0.41748047,52.969288746,53.107990109
0.41752441,53.006654562,53.145114425
0.41756836,53.043941704,53.182151826
0.41761230,53.081150190,53.219103955
0.41765625,53.118279897,53.255971890
0.41770020,53.155330601,53.292756289
0.41774414,53.192302018,53.329457524
0.41778809,53.229193846,53.366075798
0.41783203,53.266005799,53.402611233
0.41787598,53.302737632,53.439063931
0.41791992,53.339389169,53.475434033
0.41796387,53.375960315,53.511721750
0.41800781,53.412451054,53.547927368
0.41805176,53.448861443,53.584051238
0.41809570,53.485191591,53.620093748
0.41813965,53.521441646,53.656055303
0.41818359,53.557611767,53.691936290
0.41822754,53.593702112,53.727737055
0.41827148,53.629712815,53.763457883
0.41831543,53.665643980,53.799098980
0.41835937,53.701495662,53.834660469
0.41840332,53.737267872,53.870142384
0.41844727,53.772960605,53.905544712
0.41849121,53.808573877,53.940867486
0.41853516,53.844107716,53.976110755
0.41857910,53.879562149,54.011274570
0.41862305,53.914937196,54.046358966
0.41866699,53.950232866,54.081363959
0.41871094,53.985449154,54.116289545
0.41875488,54.020586049,54.151135705
0.41879883,54.055643532,54.185902414
0.41884277,54.090621582,54.220589642
0.41888672,54.125520175,54.255197353
0.41893066,54.160339306,54.289725541
0.41897461,54.195079011,54.324174258
0.41901855,54.229739377,54.358543637
0.41906250,54.264320561,54.392833908
0.41910645,54.298822794,54.427045410
0.41915039,54.333246392,54.461178594
0.41919434,54.367591758,54.495234032
0.41923828,54.401859388,54.529212411
0.41928223,54.436049867,54.563114531
0.41932617,54.470163871,54.596941300
0.41937012,54.504202160,54.630693723
0.41941406,54.538165573,54.664372892
0.41945801,54.572055021,54.697979973
0.41950195,54.605871482,54.731516196
0.41954590,54.639615993,54.764982845
0.41958984,54.673289647,54.798381255
0.41963379,54.706893589,54.831712801
0.41967773,54.740429007,54.864978895
0.41972168,54.773897133,54.898180979
0.41976562,54.807299238,54.931320524
0.41980957,54.840636623,54.964399020
0.41985352,54.873910623,54.997417979
0.41989746,54.907122600,55.030378929
0.41994141,54.940273941,55.063283410
0.41998535,54.973366056,55.096132978
0.42002930,55.006400377,55.128929196
0.42007324,55.039375654,55.161667942
0.42011719,55.072290141,55.194344452
0.42016113,55.105146148,55.226962917
0.42020508,55.137945947,55.259527095
0.42024902,55.170691751,55.292040347
0.42029297,55.203385699,55.324505684
0.42033691,55.236029852,55.356925816
0.42038086,55.268626197,55.389303201
0.42042480,55.301176653,55.421640092
0.42046875,55.333683083,55.453938580
0.42051270,55.366147299,55.486200630
0.42055664,55.398571077,55.518428117
0.42060059,55.430956168,55.550622852
0.42064453,55.463304302,55.582786605
0.42068848,55.495617202,55.614921125
0.42073242,55.527896589,55.647028154
0.42077637,55.560144186,55.679109438
0.42082031,55.592361727,55.711166735
0.42086426,55.624550955,55.743201820
0.42090820,55.656713629,55.775216490
0.42095215,55.688851520,55.807212562
0.42099609,55.720966417,55.839191875
0.42104004,55.753060124,55.871156289
0.42108398,55.785134456,55.903107679
0.42112793,55.817191241,55.935047937
0.42117187,55.849232317,55.966978962
0.42121582,55.881259526,55.998902660
0.42125977,55.913274716,56.030820939
0.42130371,55.945279731,56.062735700
0.42134766,55.977276413,56.094648837
0.42139160,56.009266595,56.126562228
0.42143555,56.041252098,56.158477731
0.42147949,56.073234725,56.190397179
0.42152344,56.105216256,56.222322371
0.42156738,56.137198436,56.254255053
0.42161133,56.169182966,56.286196907
0.42165527,56.201171496,56.318149539
0.42169922,56.233165638,56.350114505
0.42174316,56.265166999,56.382093381
0.42178711,56.297177162,56.414087735
0.42183105,56.329197669,56.446099081
0.42187500,56.361229999,56.478128856
0.42191895,56.393275555,56.510178390
0.42196289,56.425335627,56.542248858
0.42200684,56.457411340,56.574341177
0.42205078,56.489503649,56.606456016
0.42209473,56.521613193,56.638593671
0.42213867,56.553740217,56.670753637
0.42218262,56.585885144,56.702935874
0.42222656,56.618048548,56.735140711
0.42227051,56.650231118,56.767368743
0.42231445,56.682433613,56.799620736
0.42235840,56.714656810,56.831897503
0.42240234,56.746901400,56.864199597
0.42244629,56.779168349,56.896528146
0.42249023,56.811458772,56.928884580
0.42253418,56.843773817,56.961270391
0.42257812,56.876114555,56.993686953
0.42262207,56.908481726,57.026135197
0.42266602,56.940875301,57.058614751
0.42270996,56.973294723,57.091124272
0.42275391,57.005739387,57.123662559
0.42279785,57.038208561,57.156228378
0.42284180,57.070701324,57.188820319
0.42288574,57.103216497,57.221436685
0.42292969,57.135752592,57.254075397
0.42297363,57.168307767,57.286733932
0.42301758,57.200879793,57.319409272
0.42306152,57.233466022,57.352097874
0.42310547,57.266063369,57.384795646
0.42314941,57.298668297,57.417497947
0.42319336,57.331276806,57.450199576
0.42323730,57.363884438,57.482894800
0.42328125,57.396486315,57.515577430
0.42332520,57.429077147,57.548240868
0.42336914,57.461651178,57.580877994
0.42341309,57.494202149,57.613481104
0.42345703,57.526701859,57.645996665
0.42350098,57.559129274,57.678390258
0.42354492,57.591480303,57.710665138
0.42358887,57.623750269,57.742822053
0.42363281,57.655933850,57.774859549
0.42367676,57.688025056,57.806774258
0.42372070,57.720017236,57.838561156
0.42376465,57.751903094,57.870213798
0.42380859,57.783674717,57.901724521
0.42385254,57.815323618,57.933084630
0.42389648,57.846840775,57.964284557
0.42394043,57.878216680,57.995314000
0.42398437,57.909441378,58.026162050
0.42402832,57.940525007,58.056861886
0.42407227,57.971454680,58.087394877
0.42411621,58.002216214,58.117740909
0.42416016,58.032795059,58.147880239
0.42420410,58.063176498,58.177793702
0.42424805,58.093345786,58.207462820
0.42429199,58.123288247,58.236869846
0.42433594,58.152989321,58.265997728
0.42437988,58.182434575,58.294830041
0.42442383,58.211609704,58.323350901
0.42446777,58.240500515,58.351544879
0.42451172,58.269092905,58.379396911
0.42455566,58.297372820,58.406892201
0.42459961,58.325326214,58.434016125
0.42464355,58.352938984,58.460754110
0.42468750,58.380196906,58.487091512
0.42473145,58.407085549,58.513013482
0.42477539,58.433590181,58.538504818
0.42481934,58.459695657,58.563549755
0.42486328,58.485386240,58.588131780
0.42490723,58.510645006,58.612232663
0.42495117,58.535453581,58.635831526
0.42499512,58.559793340,58.658907593
0.42503906,58.583645278,58.681439893
0.42508301,58.606989911,58.703406988
0.42512695,58.629807363,58.724787137
0.42517090,58.652077428,58.745558442
0.42521484,58.673779439,58.765698608
0.42525879,58.694892080,58.785184592
0.42530273,58.715393224,58.803992300
0.42534668,58.735259819,58.822096401
0.42539062,58.754496185,58.839467146
0.42543457,58.773096052,58.856061668
0.42547852,58.791017391,58.871830009
0.42552246,58.808219266,58.886726124
0.42556641,58.824662279,58.900707906
0.42561035,58.840309296,58.913738465
0.42565430,58.855125142,58.925784927
0.42569824,58.869076035,58.936816662
0.42574219,58.882129371,58.946804561
0.42578613,58.894253734,58.955720927
0.42583008,58.905419711,58.963542151
0.42587402,58.915597417,58.970242790
0.42591797,58.924754516,58.975790544
0.42596191,58.932858188,58.980151465
0.42600586,58.939877109,58.983313367
0.42604980,58.945790883,58.985560451
0.42609375,58.950599769,58.986829869
0.42613770,58.954295474,58.987066528
0.42618164,58.956816936,58.986115377
0.42622559,58.958037710,58.983687701
0.42626953,58.957983489,58.979851973
0.42631348,58.956678443,58.974666253
0.42635742,58.953829060,58.967863974
0.42640137,58.949567197,58.959646538
0.42644531,58.944560409,58.950926872
0.42648926,58.938770311,58.941606219
0.42653320,58.932162689,58.931603112
0.42657715,58.924682479,58.920800041
0.42662109,58.916182718,58.908901031
0.42666504,58.906633663,58.895877785
0.42670898,58.896008749,58.881705618
0.42675293,58.884283650,58.866362133
0.42679687,58.871435560,58.849826265
0.42684082,58.857442644,58.832077586
0.42688477,58.842283610,58.813095822
0.42692871,58.825937388,58.792860496
0.42697266,58.808382878,58.771350681
0.42701660,58.789598755,58.748544829
0.42706055,58.769563321,58.724420645
0.42710449,58.748254387,58.698955010
0.42714844,58.725649185,58.672123924
0.42719238,58.701724303,58.643902475
0.42723633,58.676455632,58.614264821
0.42728027,58.649818330,58.583184190
0.42732422,58.621786806,58.550632887
0.42736816,58.592334696,58.516582307
0.42741211,58.561434872,58.481002962
0.42745605,58.529059440,58.443864511
0.42750000,58.495179754,58.405135801
0.42754395,58.459766440,58.364784902
0.42758789,58.422789417,58.322779166
0.42763184,58.384217935,58.279085274
0.42767578,58.344020609,58.233669294
0.42771973,58.302165460,58.186496749
0.42776367,58.258619969,58.137532676
0.42780762,58.213351119,58.086741698
0.42785156,58.166325457,58.034088096
0.42789551,58.117509143,57.979535876
0.42793945,58.066868018,57.923048851
0.42798340,58.014367660,57.864590711
0.42802734,57.959973446,57.804125097
0.42807129,57.903650621,57.741615679
0.42811523,57.845364354,57.677026229
0.42815918,57.785079813,57.610320691
0.42820312,57.722762219,57.541463258
0.42824707,57.658376916,57.470418436
0.42829102,57.591889429,57.397151113
0.42833496,57.523262030,57.321619000
0.42837891,57.452422440,57.243704882
0.42842285,57.379338759,57.163383625
0.42846680,57.303979737,57.080629992
0.42851074,57.226314853,56.995418939
0.42855469,57.146314363,56.907725810
0.42859863,57.063949324,56.817526459
0.42864258,56.979191600,56.724797317
0.42868652,56.892013861,56.629515432
0.42873047,56.802389572,56.531658484
0.42877441,56.710292988,56.431204792
0.42881836,56.615699136,56.328133315
0.42886230,56.518583814,56.222423655
0.42890625,56.418923580,56.114056058
0.42895020,56.316695754,56.003011421
0.42899414,56.211878415,55.889271309
0.42903809,56.104450410,55.772817965
0.42908203,55.994391362,55.653634338
0.42912598,55.881681682,55.531704104
0.42916992,55.766302587,55.407011698
0.42921387,55.648236111,55.279542343
0.42925781,55.527465134,55.149282088
0.42930176,55.403973396,55.016217837
0.42934570,55.277745522,54.880337387
0.42938965,55.148767044,54.741629460
0.42943359,55.017024425,54.600083736
0.42947754,54.882505078,54.455690884
0.42952148,54.745197387,54.308442589
0.42956543,54.605090730,54.158331575
0.42960937,54.462175533,54.005351671
0.42965332,54.316443413,53.849498115
0.42969727,54.167887144,53.690767483
0.42974121,54.016500547,53.529157455
0.42978516,53.862278422,53.364666674
0.42982910,53.705216512,53.197294673
0.42987305,53.545311477,53.027041837
0.42991699,53.382560895,52.853909401
0.42996094,53.216963267,52.677899464
0.43000488,53.048518033,52.499015025
0.43004883,52.877225595,52.317260024
0.43009277,52.703087347,52.132639395
0.43013672,52.526105696,51.945159108
0.43018066,52.346284093,51.754826213
0.43022461,52.163627047,51.561648870
0.43026855,51.978140144,51.365636370
0.43031250,51.789830053,51.166799144
0.43035645,51.598704533,50.965148768
0.43040039,51.404772391,50.760697913
0.43044434,51.208042124,50.553458943
0.43048828,51.008521422,50.343440864
0.43053223,50.806220240,50.130656325
0.43057617,50.601150514,49.915120926
0.43062012,50.393325879,49.696852574
0.43066406,50.182761403,49.475870920
0.43070801,49.969473353,49.252196900
0.43075195,49.753478996,49.025852365
0.43079590,49.534796448,48.796859810
0.43083984,49.313445464,48.565245063
0.43088379,49.089444224,48.331030066
0.43092773,48.862809535,48.094233366
0.43097168,48.633557513,47.854871599
0.43101562,48.401704181,47.612960716
0.43105957,48.167266007,47.368516994
0.43110352,47.930260352,47.121557841
0.43114746,47.690705867,46.872102449
0.43119141,47.448622817,46.620172285
0.43123535,47.204033345,46.365791465
0.43127930,46.956961683,46.108987016
0.43132324,46.707434314,45.849789050
0.43136719,46.455480086,45.588230854
0.43141113,46.201130287,45.324348920
0.43145508,45.944418682,45.058182914
0.43149902,45.685381516,44.789775603
0.43154297,45.424057496,44.519172749
0.43158691,45.160487740,44.246422965
0.43163086,44.894715709,43.971577558
0.43167480,44.626787121,43.694690345
0.43171875,44.356749854,43.415817471
0.43176270,44.084653832,43.135017202
0.43180664,43.810550906,42.852349734
0.43185059,43.534494724,42.567876985
0.43189453,43.256540605,42.281662402
0.43193848,42.976745404,41.993770762
0.43198242,42.695167375,41.704267991
0.43202637,42.411866041,41.413220980
0.43207031,42.126902060,41.120697419
0.43211426,41.840310341,40.826710714
0.43215820,41.551933118,40.530883181
0.43220215,41.261865420,40.233400825
0.43224609,40.970200332,39.934427218
0.43229004,40.677028722,39.634107516
0.43233398,40.382439130,39.332571776
0.43237793,40.086517771,39.029937670
0.43242188,39.789348611,38.726312727
0.43246582,39.491013490,38.421796169
0.43250977,39.191592269,38.116480411
0.43255371,38.891162995,37.810452293
0.43259766,38.589802053,37.503794077
0.43264160,38.287584327,37.196584262
0.43268555,37.984583334,36.888898232
0.43272949,37.680871349,36.580808786
0.43277344,37.376519517,36.272386550
0.43281738,37.071597937,35.963700303
0.43286133,36.766175735,35.654817227
0.43290527,36.460321120,35.345803100
0.43294922,36.154101418,35.036722430
0.43299316,35.847583101,34.727638557
0.43303711,35.540831793,34.418613713
0.43308105,35.233912270,34.109709061
0.43312500,34.926888452,33.800984708
0.43316895,34.619823378,33.492499709
0.43321289,34.312779189,33.184312045
0.43325684,34.005817092,32.876478612
0.43330078,33.698997326,32.569055182
0.43334473,33.392383671,32.262100919
0.43338867,33.086056948,31.955704695
0.43343262,32.780111395,31.649984873
0.43347656,32.474632484,31.345040430
0.43352051,32.169703234,31.040968027
0.43356445,31.865398619,30.737852309
0.43360840,31.561855018,30.435910738
0.43365234,31.259194258,30.135312097
0.43369629,30.957183932,29.835458871
0.43374023,30.655866971,29.536393341
0.43378418,30.355290173,29.238166374
0.43382813,30.055502042,28.940832697
0.43387207,29.756551056,28.644447361
0.43391602,29.458484417,28.349063363
0.43395996,29.161347218,28.054730208
0.43400391,28.865181978,27.761493205
0.43404785,28.570028458,27.469393303
0.43409180,28.275923685,27.178467295
0.43413574,27.982902110,26.888748230
0.43417969,27.690995835,26.600265910
0.43422363,27.400234879,26.313047424
0.43426758,27.110647441,26.027117640
0.43431152,26.822260155,25.742499638
0.43435547,26.535098312,25.459215091
0.43439941,26.249186058,25.177284562
0.43444336,25.964546566,24.896727754
0.43448730,25.681202182,24.617563707
0.43453125,25.399174546,24.339810948
0.43457520,25.118484701,24.063487620
0.43461914,24.839153176,23.788611573
0.43466309,24.561200069,23.515200435
0.43470703,24.284645099,23.243271673
0.43475098,24.009507664,22.972842623
0.43479492,23.735806871,22.703930518
0.43483887,23.463561568,22.436552496
0.43488281,23.192790363,22.170725597
0.43492676,22.923511623,21.906466748
0.43497070,22.655743484,21.643792744
0.43501465,22.389503840,21.382720217
0.43505859,22.124810327,21.123265604
0.43510254,21.861680314,20.865445108
0.43514648,21.600130874,20.609274660
0.43519043,21.340178768,20.354769879
0.43523438,21.081840418,20.101946034
0.43527832,20.825131882,19.850818007
0.43532227,20.570068832,19.601400254
0.43536621,20.316666525,19.353706778
0.43541016,20.064939781,19.107751088
0.43545410,19.814902957,18.863546177
0.43549805,19.566569926,18.621104493
0.43554199,19.319954054,18.380437906
0.43558594,19.075068174,18.141557696
0.43562988,18.831925105,17.904475050
0.43567383,18.590538758,17.669202961
0.43571777,18.350923280,17.435755812
0.43576172,18.113091218,17.204145296
0.43580566,17.877053684,16.974380882
0.43584961,17.642820492,16.746470193
0.43589355,17.410400283,16.520419310
0.43593750,17.179800631,16.296233017
0.43598145,16.951028139,16.073914991
0.43602539,16.724088513,15.853467958
0.43606934,16.498986636,15.634893811
0.43611328,16.275726624,15.418193707
0.43615723,16.054311875,15.203368142
0.43620117,15.834745116,14.990417014
0.43624512,15.617028446,14.779339671
0.43628906,15.401163476,14.570135074
0.43633301,15.187151384,14.362801989
0.43637695,14.974992743,14.157338638
0.43642090,14.764687431,13.953742521
0.43646484,14.556234599,13.752010369
0.43650879,14.349632695,13.552138164
0.43655273,14.144879501,13.354121215
0.43659668,13.941972195,13.157954254
0.43664063,13.740907422,12.963631542
0.43668457,13.541681360,12.771146970
0.43672852,13.344289789,12.580494146
0.43677246,13.148728145,12.391666475
0.43681641,12.954991576,12.204657215
0.43686035,12.763074978,12.019459523
0.43690430,12.572973030,11.836066480
0.43694824,12.384680213,11.654471103
0.43699219,12.198187501,11.474659109
0.43703613,12.013488405,11.296622393
0.43708008,11.830577643,11.120355715
0.43712402,11.649449762,10.945853534
0.43716797,11.470099133,10.773110049
0.43721191,11.292519946,10.602119200
0.43725586,11.116706180,10.432874656
0.43729980,10.942651579,10.265369780
0.43734375,10.770349617,10.099597588
0.43738770,10.599793465,9.935550704
0.43743164,10.430974541,9.773219908
0.43747559,10.263881110,9.612589387
0.43751953,10.098502126,9.453645184
0.43756348,9.934827481,9.296375577
0.43760742,9.772847729,9.140770362
0.43765137,9.612553857,8.986820278
0.43769531,9.453937089,8.834516578
0.43773926,9.296988730,8.683850695
0.43778320,9.141700045,8.534814011
0.43782715,8.988062160,8.387397684
0.43787109,8.836065995,8.241592538
0.43791504,8.685702219,8.097389004
0.43795898,8.536961225,7.954777093
0.43800293,8.389833119,7.813746398
0.43804688,8.244307731,7.674286117
0.43809082,8.100374659,7.536385165
0.43813477,7.958023302,7.400032237
0.43817871,7.817242939,7.265216023
0.43822266,7.678022686,7.131925187
0.43826660,7.540351062,7.000147377
0.43831055,7.404216156,6.869869596
0.43835449,7.269605759,6.741078481
0.43839844,7.136507469,6.613760497
0.43844238,7.004908774,6.487902084
0.43848633,6.874797112,6.363489745
0.43853027,6.746159920,6.240510117
0.43857422,6.618984666,6.118950003
0.43861816,6.493258870,5.998796394
0.43866211,6.368970122,5.880036467
0.43870605,6.246106084,5.762657585
0.43875000,6.124654495,5.646647283
0.43879395,6.004603170,5.531993246
0.43883789,5.885939990,5.418683292
0.43888184,5.768652898,5.306705354
0.43892578,5.652729891,5.196047450
0.43896973,5.538159011,5.086697671
0.43901367,5.424928331,4.978644160
0.43905762,5.313025956,4.871875092
0.43910156,5.202440006,4.766378666
0.43914551,5.093158616,4.662143089
0.43918945,4.985169925,4.559156570
0.43923340,4.878462079,4.457407309
0.43927734,4.773023220,4.356883501
0.43932129,4.668841489,4.257573328
0.43936523,4.565905025,4.159464958
0.43940918,4.464201966,4.062546555
0.43945312,4.363720447,3.966806273
0.43949707,4.264448608,3.872232264
0.43954102,4.166374590,3.778812685
0.43958496,4.069486546,3.686535700
0.43962891,3.973772637,3.595389487
0.43967285,3.879221043,3.505362246
0.43971680,3.785819960,3.416442199
0.43976074,3.693557611,3.328617603
0.43980469,3.602422244,3.241876747
0.43984863,3.512402139,3.156207962
0.43989258,3.423485609,3.071599624
0.43993652,3.335661006,2.988040155
0.43998047,3.248916720,2.905518028
0.44002441,3.163241184,2.824021769
0.44006836,3.078622876,2.743539956
0.44011230,2.995050321,2.664061226
0.44015625,2.912512089,2.585574271
0.44020020,2.830996803,2.508067841
0.44024414,2.750493135,2.431530745
0.44028809,2.670989807,2.355951850
0.44033203,2.592475596,2.281320082
0.44037598,2.514939332,2.207624429
0.44041992,2.438369901,2.134853936
0.44046387,2.362756244,2.062997711
0.44050781,2.288087360,1.992044927
0.44055176,2.214352305,1.921984815
0.44059570,2.141540197,1.852806675
0.44063965,2.069640215,1.784499871
0.44068359,1.998641601,1.717053838
0.44072754,1.928533662,1.650458078
0.44077148,1.859305775,1.584702168
0.44081543,1.790947384,1.519775761
0.44085937,1.723448005,1.455668586
0.44090332,1.656797230,1.392370453
0.44094727,1.590984725,1.329871257
0.44099121,1.526000239,1.268160979
0.44103516,1.461833600,1.207229688
0.44107910,1.398474721,1.147067548
0.44112305,1.335913604,1.087664816
0.44116699,1.274140338,1.029011849
0.44121094,1.213145106,0.971099103
0.44125488,1.152918185,0.913917140
0.44129883,1.093449950,0.857456625
0.44134277,1.034730152,0.801706763
0.44138672,0.976749192,0.746658137
0.44143066,0.919497977,0.692302318
0.44147461,0.862967495,0.638630891
0.44151855,0.807148818,0.585635470
0.44156250,0.752033103,0.533307715
0.44160645,0.697611598,0.481639344
0.44165039,0.643875642,0.430622142
0.44169434,0.590816668,0.380247975
0.44173828,0.538426211,0.330508794
0.44178223,0.486695906,0.281396644
0.44182617,0.435617491,0.232903670
0.44187012,0.385182813,0.185022121
0.44191406,0.335383826,0.137744353
0.44195801,0.286212597,0.091062837
0.44200195,0.237661305,0.044970158
0.44204590,0.189722245,-0.000540983
0.44208984,0.142387829,-0.045477764
0.44213379,0.095650586,-0.089847240
0.44217773,0.049503164,-0.133656344
0.44222168,0.003938334,-0.176911886
0.44226562,-0.041051015,-0.219620548
0.44230957,-0.085471867,-0.261788889
0.44235352,-0.129331087,-0.303423339
0.44239746,-0.172635413,-0.344530201
0.44244141,-0.215391461,-0.385115651
0.44248535,-0.257605721,-0.425185738
0.44252930,-0.299284716,-0.464746727
0.44257324,-0.340435675,-0.503806548
0.44261719,-0.381064598,-0.542370494
0.44266113,-0.421177370,-0.580443801
0.44270508,-0.460779758,-0.618031633
0.44274902,-0.499877412,-0.655139064
0.44279297,-0.538475865,-0.691771079
0.44283691,-0.576580529,-0.727932560
0.44288086,-0.614196701,-0.763628291
0.44292480,-0.651329558,-0.798862947
0.44296875,-0.687984162,-0.833641099
0.44301270,-0.724165460,-0.867967213
0.44305664,-0.759878285,-0.901845648
0.44310059,-0.795127357,-0.935280658
0.44314453,-0.829917286,-0.968276393
0.44318848,-0.864252572,-1.000836902
0.44323242,-0.898137607,-1.032966133
0.44327637,-0.931576679,-1.064667933
0.44332031,-0.964573969,-1.095946053
0.44336426,-0.997133559,-1.126804150
0.44340820,-1.029259430,-1.157245784
0.44345215,-1.060955462,-1.187274426
0.44349609,-1.092225441,-1.216893458
0.44354004,-1.123073059,-1.246106171
0.44358398,-1.153501912,-1.274915775
0.44362793,-1.183515510,-1.303325392
0.44367187,-1.213117269,-1.331338064
0.44371582,-1.242310522,-1.358956755
0.44375977,-1.271098515,-1.386184348
0.44380371,-1.299484413,-1.413023652
0.44384766,-1.327471296,-1.439477402
0.44389160,-1.355062168,-1.465548261
0.44393555,-1.382259954,-1.491238819
0.44397949,-1.409067505,-1.516551602
0.44402344,-1.435487597,-1.541489067
0.44406738,-1.461522934,-1.566053607
0.44411133,-1.487176150,-1.590247550
0.44415527,-1.512449812,-1.614073165
0.44419922,-1.537346418,-1.637532661
0.44424316,-1.561868403,-1.660628189
0.44428711,-1.586018138,-1.683361843
0.44433105,-1.609797933,-1.705735663
0.44437500,-1.633210039,-1.727751637
0.44441895,-1.656256648,-1.749411699
0.44446289,-1.678939894,-1.770717735
0.44450684,-1.701261858,-1.791671582
0.44455078,-1.723224568,-1.812275029
0.44459473,-1.744829998,-1.832529822
0.44463867,-1.766080073,-1.852437659
0.44468262,-1.786976667,-1.872000197
0.44472656,-1.807521610,-1.891219052
0.44477051,-1.827716682,-1.910095798
0.44481445,-1.847563620,-1.928631971
0.44485840,-1.867064116,-1.946829067
0.44490234,-1.886219806,-1.964688506
0.44494629,-1.905032292,-1.982211666
0.44499023,-1.923503208,-1.999400035
0.44503418,-1.941634196,-2.016255149
0.44507812,-1.959426886,-2.032778551
0.44512207,-1.976882881,-2.048971764
0.44516602,-1.994003747,-2.064836266
0.44520996,-2.010791006,-2.080373477
0.44525391,-2.027246127,-2.095584757
0.44529785,-2.043370525,-2.110471393
0.44534180,-2.059165562,-2.125034604
0.44538574,-2.074632542,-2.139275543
0.44542969,-2.089772714,-2.153195296
0.44547363,-2.104587275,-2.166794889
0.44551758,-2.119077371,-2.180075291
0.44556152,-2.133244102,-2.193037425
0.44560547,-2.147088521,-2.205682165
0.44564941,-2.160611644,-2.218010350
0.44569336,-2.173814448,-2.230022784
0.44573730,-2.186697878,-2.241720244
0.44578125,-2.199262852,-2.253103487
0.44582520,-2.211510258,-2.264173248
0.44586914,-2.223440966,-2.274930254
0.44591309,-2.235055826,-2.285375217
0.44595703,-2.246355671,-2.295508849
0.44600098,-2.257341322,-2.305331853
0.44604492,-2.268013589,-2.314844937
0.44608887,-2.278373275,-2.324048808
0.44613281,-2.288421177,-2.332944176
0.44617676,-2.298158085,-2.341531759
0.44622070,-2.307592772,-2.349811392
0.44626465,-2.316726890,-2.357780005
0.44630859,-2.325557487,-2.365434047
0.44635254,-2.334082001,-2.372770869
0.44639648,-2.342298287,-2.379788658
0.44644043,-2.350204628,-2.386486368
0.44648437,-2.357799734,-2.392863644
0.44652832,-2.365082737,-2.398920748
0.44657227,-2.372053168,-2.404658475
0.44661621,-2.378710937,-2.410078083
0.44666016,-2.385056300,-2.415181207
0.44670410,-2.391089823,-2.419969789
0.44674805,-2.396812351,-2.424446006
0.44679199,-2.402224961,-2.428612204
0.44683594,-2.407328931,-2.432470835
0.44687988,-2.412125698,-2.436024405
0.44692383,-2.416616824,-2.439275426
0.44696777,-2.420803958,-2.442226376
0.44701172,-2.424688812,-2.444879665
0.44705566,-2.428273129,-2.447237612
0.44709961,-2.431558660,-2.449302425
0.44714355,-2.434547147,-2.451076187
0.44718750,-2.437240305,-2.452560856
0.44723145,-2.439639811,-2.453758256
0.44727539,-2.441747297,-2.454670091
0.44731934,-2.443564549,-2.455306337
0.44736328,-2.445095351,-2.455731691
0.44740723,-2.446346906,-2.455937751
0.44745117,-2.447324718,-2.455917851
0.44749512,-2.448033000,-2.455666686
0.44753906,-2.448474985,-2.455180017
0.44758301,-2.448653162,-2.454454439
0.44762695,-2.448569456,-2.453487202
0.44767090,-2.448225362,-2.452276078
0.44771484,-2.447519008,-2.450667115
0.44775879,-2.446446000,-2.448667992
0.44780273,-2.445174649,-2.446512872
0.44784668,-2.443697305,-2.444182338
0.44789062,-2.442010253,-2.441666064
0.44793457,-2.440096157,-2.438926627
0.44797852,-2.437932142,-2.435918792
0.44802246,-2.435511511,-2.432633928
0.44806641,-2.432828971,-2.429065760
0.44811035,-2.429884723,-2.425219353
0.44815430,-2.426678834,-2.421098323
0.44819824,-2.423211476,-2.416705626
0.44824219,-2.419482852,-2.412043571
0.44828613,-2.415493259,-2.407114079
0.44833008,-2.411243161,-2.401918923
0.44837402,-2.406733246,-2.396459925
0.44841797,-2.401964471,-2.390739087
0.44846191,-2.396938087,-2.384758677
0.44850586,-2.391655634,-2.378521257
0.44854980,-2.386118936,-2.372029680
0.44859375,-2.380330070,-2.365287058
0.44863770,-2.374291333,-2.358296716
0.44868164,-2.368005216,-2.351062155
0.44872559,-2.361474350,-2.343586974
0.44876953,-2.354701455,-2.335874784
0.44881348,-2.347689295,-2.327929145
0.44885742,-2.340440649,-2.319753522
0.44890137,-2.332958293,-2.311351265
0.44894531,-2.325244991,-2.302725618
0.44898926,-2.317303507,-2.293879735
0.44903320,-2.309136610,-2.284816712
0.44907715,-2.300747086,-2.275539618
0.44912109,-2.292137757,-2.266051522
0.44916504,-2.283311494,-2.256355536
0.44920898,-2.274271229,-2.246454826
0.44925293,-2.265019957,-2.236352633
0.44929687,-2.255560742,-2.226052269
0.44934082,-2.245896707,-2.215557111
0.44938477,-2.236031032,-2.204870590
0.44942871,-2.225966940,-2.193996173
0.44947266,-2.215707697,-2.182937359
0.44951660,-2.205256598,-2.171697658
0.44956055,-2.194616966,-2.160280593
0.44960449,-2.183792148,-2.148689689
0.44964844,-2.172785513,-2.136928479
0.44969238,-2.161600454,-2.125000500
0.44973633,-2.150240388,-2.112909302
0.44978027,-2.138708758,-2.100658455
0.44982422,-2.127009040,-2.088251554
0.44986816,-2.115144748,-2.075692228
0.44991211,-2.103119431,-2.062984146
0.44995605,-2.090936685,-2.050131028
0.45000000,-2.078600152,-2.037136646
