t_s,H_m,H_boundary_m
0.00000000,23.033796695,23.033428949
0.00005493,23.033833469,23.033500735
0.00010986,23.033868568,23.033573012
0.00016479,23.033973927,23.033645881
0.00021973,23.034018612,23.033719262
0.00027466,23.034115630,23.033793233
0.00032959,23.034166602,23.033867735
0.00038452,23.034263502,23.033942836
0.00043945,23.034320003,23.034018485
0.00049438,23.034410740,23.034094736
0.00054932,23.034471770,23.034171551
0.00060425,23.034563898,23.034248980
0.00065918,23.034629032,23.034326989
0.00071411,23.034716522,23.034405617
0.00076904,23.034785050,23.034484840
0.00082397,23.034874899,23.034564695
0.00087891,23.034946613,23.034645162
0.00093384,23.035032885,23.034726267
0.00098877,23.035107266,23.034807998
0.00104370,23.035196515,23.034890384
0.00109863,23.035273497,23.034973411
0.00115356,23.035359923,23.035057100
0.00120850,23.035439115,23.035141446
0.00126343,23.035528911,23.035226470
0.00131836,23.035610338,23.035312167
0.00137329,23.035697860,23.035398552
0.00142822,23.035781219,23.035485624
0.00148315,23.035872360,23.035573402
0.00153809,23.035957732,23.035661883
0.00159302,23.036047014,23.035751081
0.00164795,23.036134158,23.035840998
0.00170288,23.036227216,23.035931650
0.00175781,23.036316250,23.036023038
0.00181274,23.036407773,23.036115172
0.00186768,23.036498499,23.036208058
0.00192261,23.036593897,23.036301712
0.00197754,23.036686455,23.036396134
0.00203247,23.036780583,23.036491336
0.00208740,23.036874804,23.036587324
0.00214233,23.036972874,23.036684113
0.00219727,23.037068914,23.036781706
0.00225220,23.037165938,23.036880112
0.00230713,23.037263648,23.036979342
0.00236206,23.037364662,23.037079407
0.00241699,23.037464208,23.037180314
0.00247192,23.037564373,23.037282071
0.00252686,23.037665625,23.037384689
0.00258179,23.037769817,23.037488181
0.00263672,23.037872944,23.037592553
0.00269165,23.037976467,23.037697815
0.00274658,23.038081351,23.037803977
0.00280151,23.038188937,23.037911054
0.00285645,23.038295751,23.038019052
0.00291138,23.038402837,23.038127981
0.00296631,23.038511474,23.038237853
0.00302124,23.038622659,23.038348682
0.00307617,23.038733294,23.038460476
0.00313110,23.038844141,23.038573245
0.00318604,23.038956676,23.038687001
0.00324097,23.039071660,23.038801759
0.00329590,23.039186272,23.038917529
0.00335083,23.039301077,23.039034320
0.00340576,23.039417675,23.039152146
0.00346069,23.039536663,23.039271021
0.00351563,23.039655424,23.039390957
0.00357056,23.039774389,23.039511964
0.00362549,23.039895230,23.039634056
0.00368042,23.040018432,23.039757248
0.00373535,23.040141530,23.039881553
0.00379028,23.040264867,23.040006980
0.00384521,23.040390148,23.040133546
0.00390015,23.040517780,23.040261267
0.00395508,23.040645421,23.040390155
0.00401001,23.040773347,23.040520222
0.00406494,23.040903281,23.040651483
0.00411987,23.041035571,23.040783957
0.00417480,23.041167975,23.040917656
0.00422974,23.041300722,23.041052593
0.00428467,23.041435535,23.041188785
0.00433960,23.041572723,23.041326251
0.00439453,23.041710126,23.041465004
0.00444946,23.041847937,23.041605057
0.00450439,23.041987874,23.041746430
0.00455933,23.042130213,23.041889141
0.00461426,23.042272866,23.042033205
0.00466919,23.042416000,23.042178638
0.00472412,23.042561320,23.042325457
0.00477905,23.042709079,23.042473684
0.00483398,23.042857251,23.042623334
0.00488892,23.043005983,23.042774424
0.00494385,23.043156963,23.042926973
0.00499878,23.043310428,23.043081004
0.00505371,23.043464405,23.043236532
0.00510864,23.043619027,23.043393576
0.00516357,23.043775964,23.043552158
0.00521851,23.043935438,23.043712299
0.00527344,23.044095526,23.043874018
0.00532837,23.044256349,23.044037333
0.00538330,23.044419560,23.044202269
0.00543823,23.044585366,23.044368848
0.00549316,23.044751892,23.044537090
0.00554810,23.044919250,23.044707015
0.00560303,23.045089071,23.044878648
0.00565796,23.045261554,23.045052015
0.00571289,23.045434868,23.045227135
0.00576782,23.045609114,23.045404032
0.00582275,23.045785906,23.045582730
0.00587769,23.045965436,23.045763258
0.00593262,23.046145909,23.045945637
0.00598755,23.046327423,23.046129891
0.00604248,23.046511573,23.046316048
0.00609741,23.046698543,23.046504137
0.00615234,23.046886576,23.046694181
0.00620728,23.047075764,23.046886206
0.00626221,23.047267684,23.047080243
0.00631714,23.047462515,23.047276320
0.00637207,23.047658535,23.047474465
0.00642700,23.047855833,23.047674704
0.00648193,23.048055966,23.047877070
0.00653687,23.048259109,23.048081595
0.00659180,23.048463574,23.048288307
0.00664673,23.048669447,23.048497236
0.00670166,23.048878268,23.048708415
0.00675659,23.049090208,23.048921880
0.00681152,23.049303610,23.049137660
0.00686646,23.049518558,23.049355788
0.00692139,23.049736576,23.049576300
0.00697632,23.049957832,23.049799233
0.00703125,23.050180700,23.050024620
0.00708618,23.050405261,23.050252494
0.00714111,23.050633023,23.050482896
0.00719604,23.050864153,23.050715865
0.00725098,23.051097054,23.050951437
0.00730591,23.051331806,23.051189648
0.00736084,23.051569902,23.051430540
0.00741577,23.051811505,23.051674156
0.00747070,23.052055050,23.051920535
0.00752563,23.052300615,23.052169716
0.00758057,23.052549678,23.052421745
0.00763550,23.052802402,23.052676667
0.00769043,23.053057249,23.052934524
0.00774536,23.053314296,23.053195360
0.00780029,23.053575010,23.053459222
0.00785522,23.053839553,23.053726160
0.00791016,23.054106411,23.053996220
0.00796509,23.054375665,23.054269447
0.00802002,23.054648766,23.054545895
0.00807495,23.054925879,23.054825616
0.00812988,23.055205515,23.055108659
0.00818481,23.055487756,23.055395076
0.00823975,23.055774042,23.055684922
0.00829468,23.056064537,23.055978255
0.00834961,23.056357780,23.056275128
0.00840454,23.056653852,23.056575596
0.00845947,23.056954185,23.056879719
0.00851440,23.057258942,23.057187561
0.00856934,23.057566688,23.057499178
0.00862427,23.057877507,23.057814632
0.00867920,23.058192819,23.058133986
0.00873413,23.058512791,23.058457308
0.00878906,23.058836011,23.058784663
0.00884399,23.059162568,23.059116114
0.00889893,23.059493872,23.059451732
0.00895386,23.059830092,23.059791591
0.00900879,23.060169841,23.060135759
0.00906372,23.060513212,23.060484307
0.00911865,23.060861606,23.060837312
0.00917358,23.061215196,23.061194854
0.00922852,23.061572621,23.061557007
0.00928345,23.061933975,23.061923848
0.00933838,23.062300655,23.062295461
0.00939331,23.062672836,23.062671932
0.00944824,23.063049182,23.063053344
0.00950317,23.063429794,23.063439779
0.00955811,23.063816060,23.063831331
0.00961304,23.064208162,23.064228091
0.00966797,23.064604788,23.064630151
0.00972290,23.065006045,23.065037601
0.00977783,23.065413316,23.065450542
0.00983276,23.065826790,23.065869075
0.00988770,23.066245178,23.066293299
0.00994263,23.066668596,23.066723314
0.00999756,23.067098422,23.067159230
0.01005249,23.067534852,23.067601157
0.01010742,23.067976624,23.068049204
0.01016235,23.068423859,23.068503480
0.01021729,23.068877935,23.068964106
0.01027222,23.069339056,23.069431202
0.01032715,23.069805984,23.069904888
0.01038208,23.070278852,23.070385284
0.01043701,23.070759036,23.070872521
0.01049194,23.071246748,23.071366733
0.01054688,23.071740779,23.071868050
0.01060181,23.072241270,23.072376606
0.01065674,23.072749600,23.072892543
0.01071167,23.073265990,23.073416009
0.01076660,23.073789260,23.073947147
0.01082153,23.074319564,23.074486105
0.01087646,23.074858280,23.075033039
0.01093140,23.075405645,23.075588112
0.01098633,23.075960505,23.076151482
0.01104126,23.076523030,23.076723311
0.01109619,23.077094601,23.077303774
0.01115112,23.077675471,23.077893048
0.01120605,23.078264514,23.078491309
0.01126099,23.078861917,23.079098736
0.01131592,23.079469068,23.079715522
0.01137085,23.080086234,23.080341863
0.01142578,23.080712325,23.080977953
0.01148071,23.081347542,23.081623993
0.01153564,23.081993285,23.082280194
0.01159058,23.082649838,23.082946773
0.01164551,23.083316146,23.083623948
0.01170044,23.083992430,23.084311939
0.01175537,23.084680101,23.085010982
0.01181030,23.085379467,23.085721319
0.01186523,23.086089507,23.086443189
0.01192017,23.086810467,23.087176841
0.01197510,23.087543773,23.087922534
0.01203003,23.088289757,23.088680539
0.01208496,23.089047438,23.089451123
0.01213989,23.089817088,23.090234561
0.01219482,23.090600153,23.091031145
0.01224976,23.091396992,23.091841175
0.01230469,23.092206668,23.092664950
0.01235962,23.093029483,23.093502778
0.01241455,23.093866906,23.094354985
0.01246948,23.094719329,23.095221906
0.01252441,23.095585862,23.096103876
0.01257935,23.096466843,23.097001242
0.01263428,23.097363767,23.097914367
0.01268921,23.098277066,23.098843627
0.01274414,23.099205900,23.099789399
0.01279907,23.100150647,23.100752071
0.01285400,23.101112839,23.101732054
0.01290894,23.102092948,23.102729767
0.01296387,23.103090193,23.103745638
0.01301880,23.104104999,23.104780102
0.01307373,23.105138938,23.105833622
0.01312866,23.106192533,23.106906672
0.01318359,23.107265065,23.107999733
0.01323853,23.108357017,23.109113299
0.01329346,23.109470006,23.110247891
0.01334839,23.110604614,23.111404045
0.01340332,23.111760197,23.112582306
0.01345825,23.112937298,23.113783236
0.01351318,23.114137593,23.115007423
0.01356812,23.115361732,23.116255476
0.01362305,23.116609151,23.117528014
0.01367798,23.117880470,23.118825675
0.01373291,23.119177430,23.120149129
0.01378784,23.120500763,23.121499069
0.01384277,23.121849999,23.122876198
0.01389771,23.123225840,23.124281246
0.01395264,23.124630113,23.125714977
0.01400757,23.126063641,23.127178182
0.01406250,23.127526061,23.128671665
0.01411743,23.129018178,23.130196263
0.01417236,23.130541915,23.131752848
0.01422729,23.132098204,23.133342327
0.01428223,23.133686807,23.134965626
0.01433716,23.135308648,23.136623702
0.01439209,23.136965766,23.138317561
0.01444702,23.138659222,23.140048244
0.01450195,23.140388924,23.141816819
0.01455688,23.142155936,23.143624389
0.01461182,23.143962435,23.145472116
0.01466675,23.145809637,23.147361201
0.01472168,23.147697619,23.149292878
0.01477661,23.149627612,23.151268429
0.01483154,23.151601961,23.153289197
0.01488647,23.153622064,23.155356575
0.01494141,23.155688198,23.157471998
0.01499634,23.157801794,23.159636957
0.01505127,23.159965399,23.161853013
0.01510620,23.162180628,23.164121791
0.01516113,23.164447999,23.166444966
0.01521606,23.166769181,23.168824279
0.01527100,23.169146963,23.171261557
0.01532593,23.171583226,23.173758701
0.01538086,23.174078770,23.176317676
0.01543579,23.176635556,23.178940526
0.01549072,23.179256668,23.181629397
0.01554565,23.181944304,23.184386528
0.01560059,23.184699610,23.187214234
0.01565552,23.187524896,23.190114928
0.01571045,23.190423609,23.193091148
0.01576538,23.193398334,23.196145538
0.01582031,23.196450634,23.199280845
0.01587524,23.199583247,23.202499935
0.01593018,23.202800065,23.205805819
0.01598511,23.206104149,23.209201647
0.01604004,23.209497571,23.212690692
0.01609497,23.212983596,23.216276377
0.01614990,23.216566665,23.219962303
0.01620483,23.220250426,23.223752240
0.01625977,23.224037579,23.227650114
0.01631470,23.227932042,23.231660040
0.01636963,23.231938939,23.235786351
0.01642456,23.236062648,23.240033589
0.01647949,23.240306648,23.244406499
0.01653442,23.244675675,23.248910059
0.01658936,23.249175707,23.253549518
0.01664429,23.253812036,23.258330390
0.01669922,23.258589121,23.263258448
0.01675415,23.263512723,23.268339762
0.01680908,23.268589902,23.273580738
0.01686401,23.273827107,23.278988121
0.01691895,23.279230032,23.284568991
0.01697388,23.284805743,23.290330804
0.01702881,23.290562679,23.296281446
0.01708374,23.296508763,23.302429236
0.01713867,23.302651271,23.308782928
0.01719360,23.308998938,23.315351764
0.01724854,23.315561978,23.322145534
0.01730347,23.322350218,23.329174592
0.01735840,23.329372969,23.336449862
0.01741333,23.336641135,23.343982903
0.01746826,23.344167237,23.351785990
0.01752319,23.351963579,23.359872135
0.01757812,23.360042133,23.368255102
0.01763306,23.368416641,23.376949503
0.01768799,23.377102662,23.385970883
0.01774292,23.386115764,23.395335768
0.01779785,23.395471436,23.405061698
0.01785278,23.405187184,23.415167339
0.01790771,23.415282611,23.425672609
0.01796265,23.425777648,23.436598742
0.01801758,23.436692489,23.447968351
0.01807251,23.448049705,23.459805579
0.01812744,23.459874357,23.472136262
0.01818237,23.472192281,23.484988035
0.01823730,23.485030067,23.498390433
0.01829224,23.498417195,23.512375102
0.01834717,23.512386205,23.526976016
0.01840210,23.526971054,23.542229649
0.01845703,23.542207159,23.558175138
0.01851196,23.558133583,23.574854574
0.01856689,23.574793279,23.592313319
0.01862183,23.592231567,23.610600263
0.01867676,23.610496261,23.629768098
0.01873169,23.629639945,23.649873732
0.01878662,23.649720351,23.670978753
0.01884155,23.670798984,23.693149836
0.01889648,23.692941410,23.716459186
0.01895142,23.716219680,23.740985156
0.01900635,23.740712909,23.766812943
0.01906128,23.766506153,23.794035242
0.01911621,23.793690940,23.822752971
0.01917114,23.822367961,23.853076222
0.01922607,23.852647981,23.885125342
0.01928101,23.884651112,23.919032006
0.01933594,23.918507768,23.954940421
0.01939087,23.954361810,23.993008843
0.01944580,23.992372028,24.033411315
0.01950073,24.032712078,24.076339467
0.01955566,24.075572167,24.122004565
0.01961060,24.121163022,24.170640023
0.01966553,24.169718363,24.222504291
0.01972046,24.221496000,24.277883986
0.01977539,24.276780846,24.337097450
0.01983032,24.335890376,24.400499085
0.01988525,24.399178910,24.468484366
0.01994019,24.467040841,24.541495415
0.01999512,24.539916096,24.620027448
0.02005005,24.618298437,24.704636533
0.02010498,24.702743163,24.795948657
0.02015991,24.793874389,24.894670059
0.02021484,24.892395245,25.001599305
0.02026978,24.999101772,25.117641810
0.02032471,25.114897342,25.243826962
0.02037964,25.240807986,25.381328042
0.02043457,25.378002140,25.531485772
0.02048950,25.527815935,25.695836674
0.02054443,25.691781392,25.876146880
0.02059937,25.871658378,26.074452072
0.02065430,26.069474278,26.293105196
0.02070923,26.287573325,26.534834162
0.02076416,26.528673970,26.802811154
0.02081909,26.795936207,27.100735478
0.02087402,27.093043956,27.432933195
0.02092896,27.424306021,27.804477735
0.02098389,27.794776080,28.221335176
0.02103882,28.210395641,28.690538295
0.02109375,28.678167225,29.220395286
0.02114868,29.206363890,29.820740108
0.02120361,29.804778384,30.503230260
0.02125854,30.485018038,31.281697280
0.02131348,31.260853775,32.172555729
0.02136841,32.148629264,33.195274905
0.02142334,33.167730917,34.372911314
0.02147827,34.341117289,35.732692764
0.02153320,35.695901883,37.306636926
0.02158813,37.263972703,39.132174901
0.02164307,39.082615922,41.252731126
0.02169800,41.195095929,43.718192749
0.02175293,43.651128125,46.585188927
0.02180786,46.507165424,49.917094317
0.02186279,49.826409397,53.783673522
0.02191772,53.678463108,58.260308190
0.02197266,58.138569159,63.426798213
0.02202759,63.286423148,66.275999265
0.02208252,66.269309575,66.419062498
0.02213745,66.424598375,66.441762927
0.02219238,66.369260924,66.298069028
0.02224731,66.297278725,66.289551264
0.02230225,66.351255682,66.411869791
0.02235718,66.418451072,66.431439445
0.02241211,66.369294719,66.308174067
0.02246704,66.307656561,66.301187549
0.02252197,66.354077454,66.406035416
0.02257690,66.411769540,66.423007421
0.02263184,66.369518259,66.316904808
0.02268677,66.316623748,66.311223122
0.02274170,66.356680149,66.401338434
0.02279663,66.406371296,66.416146756
0.02285156,66.369944551,66.324493453
0.02290649,66.324416034,66.319920473
0.02296143,66.359100657,66.397594249
0.02301636,66.402043854,66.410593540
0.02307129,66.370539303,66.331131331
0.02312622,66.331227636,66.327498300
0.02318115,66.361369504,66.394648694
0.02323608,66.398610939,66.406129869
0.02329102,66.371274175,66.336976364
0.02334595,66.337219667,66.334138820
0.02340088,66.363511987,66.392373038
0.02345581,66.395926207,66.402575570
0.02351074,66.372125722,66.342159104
0.02356567,66.342525895,66.339993878
0.02362061,66.365549081,66.390659788
0.02367554,66.393868058,66.399781465
0.02373047,66.373074537,66.346787653
0.02378540,66.347257480,66.345190050
0.02384033,66.367498188,66.389419170
0.02389526,66.392335367,66.397623874
0.02395020,66.374104538,66.350951649
0.02400513,66.351506886,66.349832895
0.02406006,66.369373755,66.388576185
0.02411499,66.391243959,66.396000117
0.02416992,66.375202386,66.354725537
0.02422485,66.355351099,66.354010492
0.02427979,66.371187785,66.388068143
0.02433472,66.390523699,66.394824841
0.02438965,66.376357009,66.358171232
0.02444458,66.358854284,66.357796381
0.02449951,66.372950257,66.387842616
0.02455444,66.390116091,66.394027001
0.02460937,66.377559206,66.361340301
0.02466431,66.362069976,66.361252011
0.02471924,66.374669475,66.387855727
0.02477417,66.389972294,66.393547379
0.02482910,66.378801326,66.364275757
0.02488403,66.365042893,66.364428769
0.02493896,66.376352356,66.388070722
0.02499390,66.390051484,66.393336553
0.02504883,66.380076995,66.367013533
0.02510376,66.367810432,66.367369669
0.02515869,66.378004664,66.388456792
0.02521362,66.390319495,66.393353217
0.02526855,66.381380903,66.369583689
0.02532349,66.370403905,66.370110749
0.02537842,66.379631210,66.388988080
0.02543335,66.390747700,66.393562799
0.02548828,66.382708619,66.372011410
0.02554321,66.372849563,66.372682239
0.02559814,66.381236013,66.389642863
0.02565308,66.391312081,66.393936322
0.02570801,66.384056442,66.374317833
0.02576294,66.375169443,66.375109525
0.02581787,66.382822433,66.390402871
0.02587280,66.391992457,66.394449463
0.02592773,66.385421274,66.376520724
0.02598267,66.377382074,66.377413951
0.02603760,66.384393283,66.391252717
0.02609253,66.392771852,66.395081772
0.02614746,66.386800524,66.378635039
0.02620239,66.379503052,66.379613488
0.02625732,66.385950921,66.392179426
0.02631226,66.393635960,66.395816027
0.02636719,66.388192017,66.380673392
0.02642212,66.381545531,66.381723284
0.02647705,66.387497326,66.393172040
0.02653198,66.394572709,66.396637705
0.02658691,66.389593928,66.382646440
0.02664185,66.383520618,66.383756133
0.02669678,66.389034163,66.394221292
0.02675171,66.395571895,66.397534533
0.02680664,66.391004722,66.384563201
0.02686157,66.385437711,66.385722851
0.02691650,66.390562830,66.395319330
0.02697144,66.396624878,66.398496124
0.02702637,66.392423107,66.386431322
0.02708130,66.387304771,66.387632599
0.02713623,66.392084508,66.396459495
0.02719116,66.397724329,66.399513671
0.02724609,66.393847993,66.388257301
0.02730103,66.389128559,66.389493152
0.02735596,66.393600193,66.397636125
0.02741089,66.398864021,66.400579691
0.02746582,66.395278459,66.390046667
0.02752075,66.390914824,66.391311114
0.02757568,66.395110726,66.398844397
0.02763062,66.400038652,66.401687815
0.02768555,66.396713726,66.391804137
0.02774048,66.392668466,66.393092112
0.02779541,66.396616821,66.400080201
0.02785034,66.401243701,66.402832611
0.02790527,66.398153134,66.393533743
0.02796021,66.394393667,66.394840943
0.02801514,66.398119083,66.401340020
0.02807007,66.402475303,66.404009435
0.02812500,66.399596123,66.395238938
0.02817993,66.396094008,66.396561710
0.02823486,66.399618026,66.402620844
0.02828979,66.403730147,66.405214311
0.02834473,66.401042215,66.396922687
0.02839966,66.397772557,66.398257925
0.02845459,66.401114087,66.403920089
0.02850952,66.405005392,66.406443826
0.02856445,66.402491004,66.398587540
0.02861938,66.399431949,66.399932603
0.02867432,66.402607641,66.405235532
0.02872925,66.406298594,66.407695042
0.02878418,66.403942144,66.400235697
0.02883911,66.401074457,66.401588338
0.02889404,66.404099007,66.406565259
0.02894897,66.407607645,66.408965428
0.02900391,66.405395337,66.401869061
0.02905884,66.402702040,66.403227366
0.02911377,66.405588457,66.407907614
0.02916870,66.408930725,66.410252795
0.02922363,66.406850329,66.403489277
0.02927856,66.404316394,66.404851616
0.02933350,66.407076227,66.409261166
0.02938843,66.410266258,66.411555247
0.02944336,66.408306901,66.405097778
0.02949829,66.405918988,66.406462762
0.02955322,66.408562519,66.410624670
0.02960815,66.411612872,66.412871138
0.02966309,66.409764865,66.406695809
0.02971802,66.407511100,66.408062255
0.02977295,66.410047506,66.411997046
0.02982788,66.412969379,66.414199035
0.02988281,66.411224058,66.408284458
0.02993774,66.409093845,66.409651357
0.02999268,66.411531339,66.413377350
0.03004761,66.414334737,66.415537685
0.03010254,66.412684340,66.409864676
0.03015747,66.410668194,66.411231170
0.03021240,66.413014148,66.414764759
0.03026733,66.415708038,66.416885996
0.03032227,66.414145588,66.411437300
0.03037720,66.412234999,66.412802657
0.03043213,66.414496047,66.416158550
0.03048706,66.417088486,66.418243008
0.03054199,66.415607696,66.413003062
0.03059692,66.413795008,66.414366660
0.03065186,66.415977133,66.417558088
0.03070679,66.418475379,66.419607875
0.03076172,66.417070573,66.414562611
0.03081665,66.415348879,66.415923922
0.03087158,66.417457493,66.418962817
0.03092651,66.419868100,66.420979855
0.03098145,66.418534138,66.416116519
0.03103638,66.416897192,66.417475093
0.03109131,66.418937201,66.420372242
0.03114624,66.421266106,66.422358289
0.03120117,66.419998320,66.417665292
0.03125610,66.418440459,66.419020751
0.03131104,66.420416324,66.421785928
0.03136597,66.422668913,66.423742596
0.03142090,66.421463057,66.419209382
0.03147583,66.419979136,66.420561404
0.03153076,66.421894918,66.423203489
0.03158569,66.424076093,66.425132259
0.03164062,66.422928295,66.420749189
0.03169556,66.421513628,66.422097506
0.03175049,66.423373035,66.424624581
0.03180542,66.425487265,66.426526816
0.03186035,66.424393986,66.422285071
0.03191528,66.423044293,66.423629457
0.03197021,66.424850719,66.426048897
0.03202515,66.426902089,66.427925856
0.03208008,66.425860087,66.423817350
0.03213501,66.424571454,66.425157617
0.03218994,66.426328011,66.427476164
0.03224487,66.428320262,66.429329013
0.03229980,66.427326561,66.425346311
0.03235474,66.426095398,66.426682304
0.03240967,66.427804946,66.428906138
0.03246460,66.429741511,66.430735956
0.03251953,66.428793374,66.426872215
0.03257446,66.427616384,66.428203806
0.03262939,66.429281554,66.430338598
0.03268433,66.431165592,66.432146388
0.03273926,66.430260497,66.428395293
0.03279419,66.429134644,66.429722380
0.03284912,66.430757864,66.431773347
0.03290405,66.432592284,66.433560045
0.03295898,66.431727903,66.429915756
0.03301392,66.430650387,66.431238257
0.03306885,66.432233901,66.433210207
0.03312378,66.434021390,66.434976683
0.03317871,66.433195568,66.431433794
0.03323364,66.432163802,66.432751646
0.03328857,66.433709688,66.434649018
0.03334351,66.435452730,66.436396085
0.03339844,66.434663472,66.432949579
0.03345337,66.433675059,66.434262734
0.03350830,66.435185243,66.436089634
0.03356323,66.436886141,66.437818054
0.03361816,66.436131594,66.434463269
0.03367310,66.435184314,66.435771693
0.03372803,66.436660586,66.437531923
0.03378296,66.438321475,66.439242409
0.03383789,66.437599919,66.435975006
0.03389282,66.436691708,66.437278677
0.03394775,66.438135732,66.438975765
0.03400269,66.439758599,66.440668988
0.03405762,66.439068429,66.437484920
0.03411255,66.438197369,66.438783826
0.03416748,66.439610696,66.440421052
0.03422241,66.441197390,66.442097641
0.03427734,66.440537112,66.438993131
0.03433228,66.439701415,66.440287268
0.03438721,66.441085492,66.441867683
0.03444214,66.442637736,66.443528232
0.03449707,66.442005955,66.440499748
0.03455200,66.441203951,66.441789121
0.03460693,66.442560132,66.443315568
0.03466187,66.444079536,66.444960636
0.03471680,66.443474945,66.442004870
0.03477173,66.442705076,66.443289489
0.03482666,66.444034626,66.444764624
0.03488159,66.445522695,66.446394738
0.03493652,66.444944073,66.443508590
0.03499146,66.444204881,66.444788473
0.03504639,66.445508985,66.446214775
0.03510132,66.446967127,66.447830434
0.03515625,66.446413329,66.445010992
0.03521118,66.445703446,66.446286159
0.03526611,66.446983217,66.447665950
0.03532104,66.448412755,66.449267627
0.03537598,66.447882704,66.446512154
0.03543091,66.447200849,66.447782632
0.03548584,66.448457331,66.449118085
0.03554077,66.449859504,66.450706227
0.03559570,66.449352190,66.448012149
0.03565063,66.448697159,66.449277967
0.03570557,66.449931334,66.450571121
0.03576050,66.451307307,66.452146153
0.03581543,66.450821781,66.449511043
0.03587036,66.450192440,66.450772233
0.03592529,66.451405235,66.452025003
0.03598022,66.452756104,66.453587328
0.03603516,66.452291468,66.451008897
0.03609009,66.451686754,66.452265494
0.03614502,66.452879038,66.453479681
0.03619995,66.454205836,66.455029681
0.03625488,66.453761246,66.452505769
0.03630981,66.453180154,66.453757810
0.03636475,66.454352750,66.454935108
0.03641968,66.455656450,66.456473148
0.03647461,66.455231110,66.454001712
0.03652954,66.454672692,66.455249237
0.03658447,66.455826376,66.456391241
0.03663940,66.457107897,66.457917667
0.03669434,66.456701054,66.455496775
0.03674927,66.456164415,66.456739824
0.03680420,66.457299922,66.457848038
0.03685913,66.458560132,66.459363182
0.03691406,66.458171073,66.456991005
0.03696899,66.457655369,66.458229620
0.03702393,66.458773392,66.459305464
0.03707886,66.460013111,66.460809641
0.03713379,66.459641162,66.458484444
0.03718872,66.459145593,66.459718668
0.03724365,66.460246790,66.460763483
0.03729858,66.461466795,66.462256995
0.03735352,66.461111319,66.459977133
0.03740845,66.460635127,66.461207009
0.03746338,66.461720120,66.462222064
0.03751831,66.462921148,66.463705199
0.03757324,66.462581538,66.461469108
0.03762817,66.462124005,66.462694681
0.03768311,66.463193386,66.463681175
0.03773804,66.464376134,66.465154208
0.03779297,66.464051816,66.462960404
0.03784790,66.463612262,66.464181719
0.03790283,66.464666592,66.465140790
0.03795776,66.465831722,66.466603984
0.03801270,66.465522151,66.464451056
0.03806763,66.465099928,66.465668157
0.03812256,66.466139740,66.466600881
0.03817749,66.467287881,66.468054490
0.03823242,66.466992538,66.465941092
0.03828735,66.466587034,66.467154026
0.03834229,66.467612834,66.468061425
0.03839722,66.468744583,66.469505690
0.03845215,66.468462975,66.467430542
0.03850708,66.468073605,66.468639354
0.03856201,66.469085876,66.469522398
0.03861694,66.470201802,66.470957551
0.03867188,66.469933459,66.468919433
0.03872681,66.469559667,66.470124168
0.03878174,66.470558869,66.470983778
0.03883667,66.471659513,66.472410043
0.03889160,66.471403989,66.470407791
0.03894653,66.471045246,66.471608494
0.03900146,66.472031815,66.472445547
0.03905640,66.473117693,66.473863137
0.03911133,66.472874560,66.471895639
0.03916626,66.472530363,66.473092356
0.03922119,66.473504717,66.473907684
0.03927612,66.474576320,66.475316805
0.03933105,66.474345172,66.473383000
0.03938599,66.474015039,66.474575775
0.03944092,66.474977577,66.475370172
0.03949585,66.476035373,66.476771022
0.03955078,66.475815822,66.474869895
0.03960571,66.475499296,66.476058774
0.03966064,66.476450396,66.476832995
0.03971558,66.477494833,66.478225764
0.03977051,66.477286509,66.476356344
0.03982544,66.476983150,66.477541371
0.03988037,66.477923177,66.478296136
0.03993530,66.478954682,66.479681007
0.03999023,66.478757230,66.477842366
0.04004517,66.478466621,66.479023585
0.04010010,66.479395922,66.479759581
0.04015503,66.480414902,66.481136731
0.04020996,66.480227984,66.479327979
0.04026489,66.479949725,66.480505434
0.04031982,66.480868631,66.481223316
0.04037476,66.481875477,66.482592915
0.04042969,66.481698769,66.480813200
0.04048462,66.481432477,66.481986934
0.04053955,66.482341307,66.482687328
0.04059448,66.483336393,66.484049539
0.04064941,66.483169583,66.482298045
0.04070435,66.482914894,66.483468100
0.04075928,66.483813951,66.484151605
0.04081421,66.484797634,66.485506586
0.04086914,66.484640426,66.483782529
0.04092407,66.484396988,66.484948948
0.04097900,66.485286565,66.485616134
0.04103394,66.486259186,66.486964039
0.04108887,66.486111296,66.485266666
0.04114380,66.485878773,66.486429492
0.04119873,66.486759149,66.487080904
0.04125366,66.487721038,66.488421881
0.04130859,66.487582192,66.486750470
0.04136353,66.487360262,66.487909743
0.04141846,66.488231705,66.488545906
0.04147339,66.489183176,66.489880096
0.04152832,66.489053112,66.488233954
0.04158325,66.488841468,66.489389715
0.04163818,66.489704234,66.490011129
0.04169312,66.490645588,66.491338670
0.04174805,66.490524056,66.489717130
0.04180298,66.490322400,66.490869420
0.04185791,66.491176737,66.491476564
0.04191284,66.492108265,66.492797589
0.04196777,66.491995022,66.491200009
0.04202271,66.491803070,66.492348868
0.04207764,66.492649215,66.492942202
0.04213257,66.493571195,66.494256841
0.04218750,66.493466010,66.492682604
0.04224243,66.493283489,66.493828071
0.04229736,66.494121670,66.494408034
0.04235229,66.495034368,66.495716411
0.04240723,66.494937018,66.494164924
0.04246216,66.494763666,66.495307037
0.04251709,66.495594101,66.495874053
0.04257202,66.496497775,66.497176288
0.04262695,66.496408046,66.495646979
0.04268188,66.496243610,66.496785777
0.04273682,66.497066511,66.497340251
0.04279175,66.497961407,66.498636462
0.04284668,66.497879092,66.497128779
0.04290161,66.497723330,66.498264300
0.04295654,66.498538899,66.498806620
0.04301147,66.499425256,66.500096920
0.04306641,66.499350156,66.498610334
0.04312134,66.499202834,66.499742614
0.04317627,66.500011267,66.500273155
0.04323120,66.500889313,66.501557654
0.04328613,66.500821238,66.500091650
0.04334106,66.500682131,66.501220727
0.04339600,66.501483616,66.501739848
0.04345093,66.502353570,66.503018652
0.04350586,66.502292336,66.501572738
0.04356079,66.502161228,66.502698647
0.04361572,66.502955945,66.503206693
0.04367065,66.503818020,66.504479906
0.04372559,66.503763449,66.503053605
0.04378052,66.503640132,66.504176382
0.04383545,66.504428257,66.504673684
0.04389038,66.505282657,66.505941406
0.04394531,66.505234578,66.504534259
0.04400024,66.505118850,66.505653938
0.04405518,66.505900550,66.506140816
0.04411011,66.506747473,66.507403144
0.04416504,66.506705721,66.506014705
0.04421997,66.506597389,66.507131322
0.04427490,66.507372827,66.507608084
0.04432983,66.508212462,66.508865113
0.04438477,66.508176878,66.507494953
0.04443970,66.508075755,66.508608540
0.04449463,66.508845087,66.509075481
0.04454956,66.509677617,66.510327303
0.04460449,66.509648049,66.508975007
0.04465942,66.509553954,66.510085600
0.04471436,66.510317332,66.510543004
0.04476929,66.511142934,66.511789708
0.04482422,66.511119232,66.510454875
0.04487915,66.511031991,66.511562505
0.04493408,66.511789561,66.512010648
0.04498901,66.512608406,66.513252320
0.04504395,66.512590428,66.511934563
0.04509888,66.512509873,66.513039263
0.04515381,66.513261775,66.513478408
0.04520874,66.514074028,66.514715133
0.04526367,66.514061635,66.513414076
0.04531860,66.513987604,66.514515877
0.04537354,66.514733975,66.514946280
0.04542847,66.515539796,66.516178140
0.04548340,66.515532854,66.514893419
0.04553833,66.515465190,66.515992354
0.04559326,66.516206161,66.516414260
0.04564819,66.517005703,66.517641335
0.04570313,66.517004083,66.516372599
0.04575806,66.516942635,66.517468697
0.04581299,66.517678334,66.517882344
0.04586792,66.518471746,66.519104712
0.04592285,66.518475324,66.517851619
0.04597778,66.518419943,66.518944913
0.04603271,66.519150494,66.519350529
0.04608765,66.519937920,66.520568264
0.04614258,66.519946574,66.519330486
0.04619751,66.519897120,66.520421004
0.04625244,66.520622641,66.520818810
0.04630737,66.521404220,66.522031988
0.04636230,66.521417834,66.520809204
0.04641724,66.521374170,66.521896976
0.04647217,66.522094776,66.522287185
0.04652710,66.522870643,66.523495876
0.04658203,66.522889103,66.522287777
0.04663696,66.522851096,66.523372832
0.04669189,66.523566899,66.523755651
0.04674683,66.524337185,66.524959925
0.04680176,66.524360381,66.523766209
0.04685669,66.524327902,66.524848576
0.04691162,66.525039011,66.525224203
0.04696655,66.525803841,66.526424129
0.04702148,66.525831668,66.525244505
0.04707642,66.525804592,66.526324212
0.04713135,66.526511112,66.526692840
0.04718628,66.527270609,66.527888484
0.04724121,66.527302963,66.526722669
0.04729614,66.527281171,66.527799743
0.04735107,66.527983201,66.528161558
0.04740601,66.528737484,66.529352984
0.04746094,66.528774266,66.528200704
0.04751587,66.528757640,66.529275174
0.04757080,66.529455281,66.529630355
0.04762573,66.530204464,66.530817627
0.04768066,66.530245577,66.529678615
0.04773560,66.530234004,66.530750506
0.04779053,66.530927350,66.531099228
0.04784546,66.531671544,66.532282407
0.04790039,66.531716895,66.531156404
0.04795532,66.531710265,66.532225744
0.04801025,66.532399409,66.532568174
0.04806519,66.533138723,66.533747320
0.04812012,66.533188221,66.532634076
0.04817505,66.533186427,66.533700890
0.04822998,66.533871459,66.534037192
0.04828491,66.534605997,66.535212364
0.04833984,66.534659553,66.534111633
0.04839478,66.534662492,66.535175947
0.04844971,66.535343499,66.535506278
0.04850464,66.536073363,66.536677533
0.04855957,66.536130892,66.535589078
0.04861450,66.536138464,66.536650917
0.04866943,66.536815531,66.536975430
0.04872437,66.537540819,66.538142825
0.04877930,66.537602237,66.537066416
0.04883423,66.537614345,66.538125805
0.04888916,66.538287553,66.538444648
0.04894409,66.539008362,66.539608236
0.04899902,66.539073589,66.538543648
0.04905396,66.539090138,66.539600612
0.04910889,66.539759567,66.539913927
0.04916382,66.540475989,66.541073762
0.04921875,66.540544947,66.540020777
0.04927368,66.540565845,66.541075340
0.04932861,66.541231572,66.541383267
0.04938354,66.541943697,66.542539401
0.04943848,66.542016310,66.541497807
0.04949341,66.542041468,66.542549992
0.04954834,66.542703569,66.542852665
0.04960327,66.543411485,66.544005149
0.04965820,66.543487679,66.542974740
0.04971313,66.543517011,66.544024571
0.04976807,66.544175559,66.544322121
0.04982300,66.544879351,66.545471004
0.04987793,66.544959053,66.544451578
0.04993286,66.544992474,66.545499078
0.04998779,66.545647540,66.545791630
0.05004272,66.546347291,66.546936962
0.05009766,66.546430432,66.545928324
0.05015259,66.546467862,66.546973516
0.05020752,66.547119514,66.547261194
0.05026245,66.547815304,66.548403021
0.05031738,66.547901817,66.547404980
0.05037231,66.547943174,66.548447886
0.05042725,66.548591481,66.548730808
0.05048218,66.549283389,66.549869179
0.05053711,66.549373206,66.548881549
0.05059204,66.549418414,66.549922191
0.05064697,66.550063440,66.550200473
0.05070190,66.550751542,66.551335431
0.05075684,66.550844599,66.550358033
0.05081177,66.550893584,66.551396432
0.05086670,66.551535393,66.551670186
0.05092163,66.552219762,66.552801777
0.05097656,66.552315998,66.551834433
0.05103149,66.552368685,66.552870612
0.05108643,66.553007338,66.553139947
0.05114136,66.553688047,66.554268213
0.05119629,66.553787400,66.553310753
0.05125122,66.553843719,66.554344731
0.05130615,66.554479277,66.554609752
0.05136108,66.555156395,66.555734738
0.05141602,66.555258807,66.554786993
0.05147095,66.555318688,66.555818793
0.05152588,66.555951209,66.556079603
0.05158081,66.556624806,66.557201349
0.05163574,66.556730218,66.556263157
0.05169067,66.556793594,66.557292798
0.05174561,66.557423135,66.557549496
0.05180054,66.558093276,66.558668043
0.05185547,66.558201632,66.557739245
0.05191040,66.558268437,66.558766747
0.05196533,66.558895055,66.559019431
0.05202026,66.559561805,66.560134819
0.05207520,66.559673051,66.559215260
0.05213013,66.559743221,66.560240644
0.05218506,66.560366968,66.560489406
0.05223999,66.561030390,66.561601675
0.05229492,66.561144472,66.560691204
0.05234985,66.561217946,66.561714488
0.05240479,66.561838876,66.561959421
0.05245972,66.562499031,66.563068609
0.05251465,66.562615898,66.562167077
0.05256958,66.562692614,66.563188281
0.05262451,66.563310778,66.563429473
0.05267944,66.563967726,66.564535618
0.05273438,66.564087327,66.563642882
0.05278931,66.564167226,66.564662025
0.05284424,66.564782674,66.564899563
0.05289917,66.565436474,66.566002702
0.05295410,66.565558759,66.565118621
0.05300903,66.565641783,66.566135722
0.05306396,66.566254565,66.566369689
0.05311890,66.566905273,66.567469857
0.05317383,66.567030194,66.566594294
0.05322876,66.567116288,66.567609371
0.05328369,66.567726450,66.567839850
0.05333862,66.568374121,66.568937083
0.05339355,66.568501632,66.568069904
0.05344849,66.568590741,66.569082976
0.05350342,66.569198330,66.569310045
0.05355835,66.569843019,66.570404378
0.05361328,66.569973074,66.569545451
0.05366821,66.570065143,66.570556536
0.05372314,66.570670204,66.570780273
0.05377808,66.571311963,66.571871740
0.05383301,66.571444518,66.571020938
0.05388794,66.571539496,66.572030053
0.05394287,66.572142073,66.572250533
0.05399780,66.572780954,66.573339168
0.05405273,66.572915964,66.572496366
0.05410767,66.573013801,66.573503528
0.05416260,66.573613938,66.573720825
0.05421753,66.574249990,66.574806659
0.05427246,66.574387414,66.573971735
0.05432739,66.574488060,66.574976962
0.05438232,66.575085797,66.575191147
0.05443726,66.575719070,66.576274213
0.05449219,66.575858866,66.575447048
0.05454712,66.575962272,66.576450356
0.05460205,66.576557652,66.576661498
0.05465698,66.577188193,66.577741829
0.05471191,66.577330320,66.576922305
0.05476685,66.577436439,66.577923711
0.05482178,66.578029502,66.578131878
0.05487671,66.578657358,66.579209503
0.05493164,66.578801777,66.578397507
0.05498657,66.578910562,66.579397028
0.05504150,66.579501346,66.579602285
0.05509644,66.580126560,66.580677232
0.05515137,66.580273229,66.579872647
0.05520630,66.580384627,66.580870287
0.05526123,66.580973152,66.581072674
0.05531616,66.581595734,66.582144926
0.05537109,66.581744544,66.581347552
0.05542603,66.581858380,66.582343157
0.05548096,66.582444442,66.582542428
0.05553589,66.583064009,66.583611478
0.05559082,66.583214198,66.582820302
0.05564575,66.583329234,66.583812417
0.05570068,66.583910977,66.584006332
0.05575562,66.584524676,66.585068739
0.05581055,66.584671952,66.584278633
0.05586548,66.584782128,66.585260281
0.05592041,66.585351413,66.585439564
0.05597534,66.585948648,66.586483424
0.05603027,66.586079721,66.585679707
0.05608521,66.586169230,66.586633930
0.05614014,66.586708248,66.586779881
0.05619507,66.587269925,66.587785652
0.05625000,66.587365464,66.586949125
0.05630493,66.587416168,66.587858766
0.05635986,66.587909500,66.587957637
0.05641479,66.588424179,66.588916137
0.05646973,66.588477656,66.588042896
0.05652466,66.588488548,66.588909837
0.05657959,66.588940765,66.588968919
0.05663452,66.589417960,66.589891943
0.05668945,66.589442743,66.588996992
0.05674438,66.589429814,66.589838282
0.05679932,66.589858222,66.589875212
0.05685425,66.590315205,66.590779726
0.05690918,66.590327403,66.589878353
0.05696411,66.590304927,66.590707269
0.05701904,66.590721636,66.590732999
0.05707397,66.591168177,66.591627590
0.05712891,66.591175266,66.590726144
0.05718384,66.591148755,66.591547339
0.05723877,66.591557723,66.591565117
0.05729370,66.591996513,66.592451908
0.05734863,66.592000170,66.591551600
0.05740356,66.591970616,66.592365831
0.05745850,66.592372435,66.592376079
0.05751343,66.592803766,66.593255227
0.05756836,66.592804019,66.592355950
0.05762329,66.592771324,66.593163124
0.05767822,66.593165889,66.593165725
0.05773315,66.593589616,66.594037061
0.05778809,66.593586231,66.593138516
0.05784302,66.593550143,66.593938420
0.05789795,66.593937255,66.593933192
0.05795288,66.594353177,66.594796503
0.05800781,66.594345889,66.593898363
0.05806274,66.594306131,66.594690768
0.05811768,66.594685571,66.594677508
0.05817261,66.595093472,66.595532565
0.05822754,66.595081997,66.594634494
0.05828247,66.595038280,66.595419153
0.05833740,66.595409816,66.595397644
0.05839233,66.595809464,66.596244204
0.05844727,66.595793507,66.595345850
0.05850220,66.595745526,66.596122504
0.05855713,66.596108911,66.596092513
0.05861206,66.596500057,66.596930318
0.05866699,66.596479309,66.596031318
0.05872192,66.596426747,66.596799690
0.05877686,66.596781715,66.596760966
0.05883179,66.597164097,66.597589742
0.05888672,66.597138232,66.596689716
0.05894165,66.597080755,66.597449515
0.05899658,66.597427024,66.597401791
0.05905151,66.597800360,66.598221245
0.05910645,66.597769035,66.597319798
0.05916138,66.597706291,66.598070713
0.05921631,66.598043563,66.598013701
0.05927124,66.598407551,66.598823523
0.05932617,66.598370407,66.597920243
0.05938110,66.598302028,66.598661943
0.05943604,66.598629982,66.598595337
0.05949097,66.598984301,66.599395196
0.05954590,66.598940959,66.598489652
0.05960083,66.598866555,66.599221788
0.05965576,66.599184850,66.599145258
0.05971069,66.599529159,66.599934802
0.05976563,66.599479217,66.599026543
0.05982056,66.599398379,66.599748743
0.05987549,66.599706652,66.599661937
0.05993042,66.600040586,66.600440790
0.05998535,66.599983622,66.599529344
0.06004028,66.599895916,66.600241212
0.06009521,66.600193780,66.600143754
0.06015015,66.600516948,66.600911516
0.06020508,66.600452515,66.599996386
0.06026001,66.600357486,66.600697501
0.06031494,66.600644526,66.600588988
0.06036987,66.600956513,66.601345233
0.06042480,66.600884139,66.600425899
0.06047974,66.600781302,66.601115812
0.06053467,66.601057079,66.600995812
0.06058960,66.601357439,66.601740085
0.06064453,66.601276623,66.600815998
0.06069946,66.601165468,66.601494232
0.06075439,66.601429509,66.601362282
0.06080933,66.601717767,66.602094098
0.06086426,66.601627980,66.601164681
0.06091919,66.601507964,66.601830727
0.06097412,66.601759767,66.601686333
0.06102905,66.602035415,66.602405174
0.06108398,66.601936093,66.601469816
0.06113892,66.601806641,66.602123131
0.06119385,66.602045668,66.601965762
0.06124878,66.602308164,66.602671075
0.06130371,66.602198709,66.601729131
0.06135864,66.602059210,66.602369135
0.06141357,66.602284886,66.602198225
0.06146851,66.602533649,66.602889418
0.06152344,66.602413425,66.601940207
0.06157837,66.602263230,66.602566281
0.06163330,66.602474941,66.602381219
0.06168823,66.602709347,66.603057659
0.06174316,66.602577678,66.602100458
0.06179810,66.602416097,66.602711940
0.06185303,66.602613183,66.602512075
0.06190796,66.602832566,66.603173084
0.06196289,66.602688731,66.602207127
0.06201782,66.602515028,66.602803309
0.06207275,66.602696784,66.602587939
0.06212769,66.602900430,66.603232793
0.06218262,66.602743660,66.602257265
0.06223755,66.602557049,66.602837389
0.06229248,66.602722720,66.602605762
0.06234741,66.602909862,66.603233682
0.06240234,66.602739335,66.602247716
0.06245728,66.602538979,66.602810971
0.06251221,66.602687753,66.602562279
0.06256714,66.602857569,66.603172430
0.06262207,66.602672408,66.602175104
0.06267700,66.602457410,66.602720617
0.06273193,66.602588416,66.602453992
0.06278687,66.602740023,66.603045479
0.06284180,66.602539288,66.602035808
0.06289673,66.602308691,66.602562644
0.06295166,66.602420993,66.602277151
0.06300659,66.602553440,66.602849011
0.06306152,66.602336126,66.601825944
0.06311646,66.602088901,66.602333099
0.06317139,66.602181493,66.602027731
0.06322632,66.602293759,66.602578929
0.06328125,66.602058786,66.601541341
0.06333618,66.601793832,66.602027734
0.06339111,66.601865632,66.601701408
0.06344604,66.601956615,66.602230828
0.06350098,66.601702824,66.601177514
0.06355591,66.601418960,66.601641982
0.06361084,66.601468798,66.601293529
0.06366577,66.601537314,66.601799970
0.06372070,66.601263459,66.600729639
0.06377563,66.600959412,66.601170928
0.06383057,66.600986032,66.600799086
0.06388550,66.601030798,66.601281252
0.06394043,66.600735539,66.600192516
0.06399536,66.600409941,66.600609274
0.06405029,66.600411983,66.600212680
0.06410522,66.600431619,66.600669172
0.06416016,66.600113510,66.599560539
0.06421509,66.599764885,66.599951306
0.06427002,66.599740882,66.599528485
0.06432495,66.599733892,66.599957790
0.06437988,66.599391375,66.598827654
0.06443481,66.599018132,66.599190850
0.06448975,66.598966494,66.598740206
0.06454468,66.598931261,66.599140688
0.06459961,66.598562652,66.597987314
0.06465454,66.598163070,66.598321230
0.06470947,66.598082077,66.597841034
0.06476440,66.598016849,66.598210918
0.06481934,66.597620325,66.597032436
0.06487427,66.597192542,66.597335220
0.06492920,66.597080330,66.596823595
0.06498413,66.596983204,66.597160957
0.06503906,66.596556792,66.595955340
0.06509399,66.596098793,66.596224981
0.06514893,66.595953335,66.595679888
0.06520386,66.595822247,66.595982640
0.06525879,66.595363804,66.594747695
0.06531372,66.594873400,66.594982009
0.06536865,66.594692496,66.594401230
0.06542358,66.594525198,66.594667097
0.06547852,66.594032400,66.593400443
0.06553345,66.593507214,66.593597054
0.06558838,66.593288465,66.592978175
0.06564331,66.593082513,66.593204683
0.06569824,66.592552829,66.591903732
0.06575317,66.591990272,66.592060051
0.06580811,66.591731068,66.591400436
0.06586304,66.591483792,66.591584886
0.06591797,66.590914465,66.590246822
0.06597290,66.590311718,66.590360022
0.06602783,66.590009205,66.589656797
0.06608276,66.589717694,66.589796240
0.06613770,66.589105714,66.588417992
0.06619263,66.588459699,66.588484986
0.06624756,66.588110760,66.587735003
0.06630249,66.587771827,66.587826214
0.06635742,66.587113905,66.586404428
0.06641235,66.586421255,66.586421837
0.06646729,66.586022477,66.585621650
0.06652222,66.585632630,66.585661096
0.06657715,66.584925166,66.584192101
0.06663208,66.584182194,66.584156219
0.06668701,66.583729833,66.583302048
0.06674194,66.583285243,66.583285852
0.06679688,66.582524287,66.581765625
0.06685181,66.581726948,66.581672384
0.06690674,66.581216891,66.580760072
0.06696167,66.580713347,66.580683972
0.06701660,66.579894559,66.579108095
0.06707153,66.579038407,66.578953019
0.06712646,66.578466128,66.577977991
0.06718140,66.577898996,66.577837294
0.06723633,66.577017600,66.576200905
0.06729126,66.576097739,66.575979061
0.06734619,66.575458247,66.574936271
0.06740112,66.574822414,66.574725800
0.06745605,66.573873141,66.573023539
0.06751099,66.572884167,66.572729480
0.06756592,66.572171951,66.571613354
0.06762085,66.571461767,66.571327384
0.06767578,66.570438795,66.569553330
0.06773071,66.569374736,66.569181029
0.06778564,66.568583695,66.567985393
0.06784058,66.567792902,66.567617585
0.06789551,66.566689785,66.565765182
0.06795044,66.565544022,66.565307958
0.06800537,66.564667389,66.564025963
0.06806030,66.563789044,66.563569280
0.06811523,66.562598626,66.561631255
0.06817017,66.561363812,66.561081684
0.06822510,66.560394069,66.559705716
0.06828003,66.559420449,66.559152331
0.06833496,66.558134773,66.557120593
0.06838989,66.556802730,66.556470410
0.06844482,66.555731498,66.554991982
0.06849976,66.554653997,66.554333169
0.06855469,66.553264190,66.552198700
0.06860962,66.551825796,66.551438678
0.06866455,66.550643723,66.549848310
0.06871948,66.549452723,66.549074316
0.06877441,66.547948871,66.546827039
0.06882935,66.546393925,66.545946853
0.06888428,66.545090541,66.544233933
0.06893921,66.543775271,66.543333831
0.06899414,66.542146263,66.540962451
0.06904907,66.540463330,66.539950521
0.06910400,66.539026886,66.538103134
0.06915894,66.537575250,66.537064649
0.06921387,66.535808605,66.534556480
0.06926880,66.533984828,66.533399779
0.06932373,66.532402103,66.531404511
0.06937866,66.530800481,66.530213818
0.06943359,66.528882139,66.527554564
0.06948853,66.526903024,66.526238400
0.06954346,66.525159099,66.524080109
0.06959839,66.523392109,66.522721589
0.06965332,66.521306186,66.519895097
0.06970825,66.519155344,66.518402846
0.06976318,66.517233335,66.516064388
0.06981812,66.515283556,66.514520344
0.06987305,66.513012045,66.511508303
0.06992798,66.510670889,66.509821101
0.06998291,66.508551628,66.507283004
0.07003784,66.506399263,66.505533320
0.07009277,66.503921695,66.502314904
0.07014771,66.501369074,66.500411275
0.07020264,66.499030724,66.497651349
0.07025757,66.496653207,66.495673081
0.07031250,66.493946227,66.492224527
0.07036743,66.491157991,66.490079933
0.07042236,66.488575595,66.487072802
0.07047729,66.485947106,66.484839693
0.07053223,66.482983976,66.481133783
0.07058716,66.479932448,66.478720089
0.07064209,66.477077376,66.475436630
0.07069702,66.474168268,66.472918514
0.07075195,66.470918259,66.468923956
0.07080688,66.467571601,66.466208779
0.07086182,66.464410880,66.462615435
0.07091675,66.461186977,66.459777519
0.07097168,66.457614633,66.455458194
0.07102661,66.453936071,66.452404109
0.07108154,66.450431575,66.448462056
0.07113647,66.446853315,66.445264046
0.07119141,66.442917552,66.440578085
0.07124634,66.438864431,66.437141653
0.07130127,66.434971881,66.432805777
0.07135620,66.430993269,66.429200798
0.07141113,66.426646269,66.424099446
0.07146606,66.422168886,66.420230017
0.07152100,66.417836622,66.415447655
0.07157593,66.413403929,66.411380922
0.07163086,66.408589774,66.405807130
0.07168579,66.403629931,66.401445364
0.07174072,66.398797389,66.396154734
0.07179565,66.393847543,66.391561893
0.07185059,66.388500510,66.385448574
0.07190552,66.382989717,66.380524583
0.07196045,66.377585518,66.374652824
0.07201538,66.372044087,66.369457881
0.07207031,66.366086511,66.362725708
0.07212524,66.359943718,66.357156731
0.07218018,66.353883274,66.350617437
0.07223511,66.347661921,66.344730136
0.07229004,66.341001495,66.337284761
0.07234497,66.334130233,66.330972213
0.07239990,66.327312698,66.323662295
0.07245483,66.320305948,66.316974789
0.07250977,66.312832287,66.308703304
0.07256470,66.305117003,66.301529003
0.07261963,66.297421387,66.293324678
0.07267456,66.289502480,66.285707248
0.07272949,66.281082703,66.276473626
0.07278442,66.272384056,66.268294938
0.07283936,66.263664198,66.259046540
0.07289429,66.254679729,66.250342067
0.07294922,66.245152734,66.239981246
0.07300415,66.235301474,66.230624757
0.07305908,66.225379498,66.220149976
0.07311401,66.215142413,66.210166693
0.07316895,66.204311376,66.198476824
0.07322388,66.193100309,66.187730029
0.07327881,66.181758008,66.175804995
0.07333374,66.170038359,66.164306919
0.07338867,66.157660806,66.151039080
0.07344360,66.144834126,66.138639332
0.07349854,66.131801489,66.124986722
0.07355347,66.118314090,66.111680856
0.07360840,66.104088603,66.096525268
0.07366333,66.089327562,66.082144912
0.07371826,66.074267320,66.066417912
0.07377319,66.058655056,66.050936917
0.07382813,66.042203244,66.033504213
0.07388306,66.025106650,66.016730322
0.07393799,66.007593169,65.998490684
0.07399292,65.989404134,65.980369101
0.07404785,65.970245837,65.960164532
0.07410278,65.950303152,65.940470898
0.07415771,65.929793196,65.919158497
0.07421265,65.908448906,65.897799626
0.07426758,65.885967592,65.874186986
0.07432251,65.862521218,65.850894793
0.07437744,65.838312826,65.825784709
0.07443237,65.813063299,65.800413719
0.07448730,65.786456964,65.772564061
0.07454224,65.758648512,65.744785728
0.07459717,65.729822112,65.714926678
0.07465210,65.699681281,65.684523025
0.07470703,65.667891507,65.651340394
0.07476196,65.634583780,65.617897852
0.07481689,65.599916287,65.582022150
0.07487183,65.563567287,65.545220246
0.07492676,65.525174675,65.505231935
0.07498169,65.484836055,65.464535220
0.07503662,65.442672876,65.420924272
0.07509155,65.398326121,65.375864241
0.07514648,65.351392693,65.327054954
0.07520142,65.301921879,65.276917633
0.07525635,65.249981678,65.223196180
0.07531128,65.195157037,65.167294120
0.07536621,65.136982799,65.106849010
0.07542114,65.075436267,65.044200277
0.07547607,65.010505317,64.977013245
0.07553101,64.941688702,64.906597838
0.07558594,64.868425087,64.830493106
0.07564087,64.790581130,64.750915641
0.07569580,64.708020657,64.665405422
0.07575073,64.620106177,64.575125480
0.07580566,64.526123052,64.477455458
0.07586060,64.425761981,64.374419462
0.07591553,64.318687857,64.263352090
0.07597046,64.204040845,64.145177420
0.07602539,64.080853805,64.017009474
0.07608032,63.948526939,63.880557141
0.07613525,63.806393573,63.732807280
0.07619019,63.653217528,63.574279569
0.07624512,63.487599913,63.401629601
0.07630005,63.308441288,63.216025862
0.07635498,63.114498710,63.013843609
0.07640991,62.903872578,62.794888259
0.07646484,62.674394652,62.554992142
0.07651978,62.424067865,62.294352835
0.07657471,62.150602715,62.008224664
0.07662964,61.850879191,61.695095032
0.07668457,61.521298764,61.349255968
0.07673950,61.158181186,60.969081349
0.07679443,60.757255512,60.547689117
0.07684937,60.313067939,60.081039124
0.07690430,59.819263867,59.560443085
0.07695923,59.268903139,58.980739951
0.07701416,58.653863543,58.330885135
0.07706909,57.964151687,57.601927503
0.07712402,57.188077522,56.779424350
0.07717896,56.312466767,55.851504813
0.07723389,55.321991035,54.799422930
0.07728882,54.198461659,53.605534503
0.07734375,52.921087219,52.245874281
0.07739868,51.466944480,50.698569116
0.07745361,49.810839382,48.935097797
0.07750854,47.925502544,46.929359670
0.07756348,45.783209547,44.651882257
0.07761841,43.358134010,42.080369530
0.07767334,40.628577828,39.193574534
0.07772827,37.579834212,35.983109606
0.07778320,34.208396849,32.450119173
0.07783813,30.526264988,28.617303126
0.07789307,26.563798386,24.522601072
0.07794800,22.371178877,20.228415254
0.07800293,18.018696796,15.813029847
0.07805786,13.594554327,11.374857706
0.07811279,9.199179442,7.016759563
0.07816772,4.937267175,2.845705749
0.07822266,0.909402660,-1.043664715
0.07827759,-2.796258950,-4.569263464
0.07833252,-6.111791716,-7.677034589
0.07838745,-8.994838827,-10.336242819
0.07844238,-9.004868736,-10.121699582
0.07849731,-9.047731990,-10.157475250
0.07855225,-9.065785224,-10.184005398
0.07860718,-9.075123690,-10.188233085
0.07866211,-9.081436075,-10.103492350
0.07871704,-9.085581184,-10.148929748
0.07877197,-9.088681398,-10.080395996
0.07882690,-9.091031037,-10.079462097
0.07888184,-9.092852264,-10.052063133
0.07893677,-9.094371277,-10.013936928
0.07899170,-9.095565410,-10.021728006
0.07904663,-9.096632478,-9.957296819
0.07910156,-9.097476401,-9.992285805
0.07915649,-9.098269582,-9.910081682
0.07921143,-9.098897173,-9.964327135
0.07926636,-9.099511075,-9.868375390
0.07932129,-9.099996623,-9.937334404
0.07937622,-9.100486636,-9.832313850
0.07943115,-9.100874171,-9.911642692
0.07948608,-9.101275009,-9.801157734
0.07954102,-9.101592188,-9.887604158
0.07959595,-9.101926701,-9.774224122
0.07965088,-9.102191651,-9.865353197
0.07970581,-9.102475330,-9.750734977
0.07976074,-9.102700334,-9.844448377
0.07981567,-9.102944165,-9.729818476
0.07987061,-9.103137877,-9.824817154
0.07992554,-9.103349898,-9.710927946
0.07998047,-9.103518625,-9.806445806
0.08003540,-9.103704851,-9.693764579
0.08009033,-9.103853308,-9.789304390
0.08014526,-9.104018329,-9.678112573
0.08020020,-9.104150091,-9.773331112
0.08025513,-9.104297452,-9.663727026
0.08031006,-9.104415289,-9.758389843
0.08036499,-9.104547775,-9.650423873
0.08041992,-9.104653869,-9.744356664
0.08047485,-9.104773700,-9.638075184
0.08052979,-9.104869796,-9.731139618
0.08058472,-9.104978767,-9.626583005
0.08063965,-9.105066279,-9.718672137
0.08069458,-9.105165860,-9.615871870
0.08074951,-9.105245947,-9.706903297
0.08080444,-9.105337348,-9.605874803
0.08085937,-9.105410966,-9.695771660
0.08091431,-9.105495197,-9.596517750
0.08096924,-9.105563141,-9.685218376
0.08102417,-9.105641046,-9.587728697
0.08107910,-9.105703982,-9.675193110
0.08113403,-9.105776279,-9.579445992
0.08118896,-9.105834771,-9.665654655
0.08124390,-9.105902070,-9.571619291
0.08129883,-9.105956599,-9.656569172
0.08135376,-9.106019424,-9.564208739
0.08140869,-9.106070402,-9.647908465
0.08146362,-9.106129206,-9.557181977
0.08151855,-9.106176990,-9.639647862
0.08157349,-9.106232167,-9.550507988
0.08162842,-9.106277066,-9.631761672
0.08168335,-9.106328958,-9.544157010
0.08173828,-9.106371241,-9.624223327
0.08179321,-9.106420147,-9.538101860
0.08184814,-9.106460051,-9.617007174
0.08190308,-9.106506236,-9.532318598
0.08195801,-9.106543968,-9.610089861
0.08201294,-9.106587664,-9.526786718
0.08206787,-9.106623408,-9.603450926
0.08212280,-9.106664821,-9.521488787
0.08217773,-9.106698740,-9.597072754
0.08223267,-9.106738054,-9.516409970
0.08228760,-9.106770293,-9.590939271
0.08234253,-9.106807673,-9.511536686
0.08239746,-9.106838363,-9.585035359
0.08245239,-9.106873956,-9.506855935
0.08250732,-9.106903213,-9.579346819
0.08256226,-9.106937151,-9.502355240
0.08261719,-9.106965080,-9.573860516
0.08267212,-9.106997482,-9.498022897
0.08272705,-9.107024177,-9.568564501
0.08278198,-9.107055151,-9.493848180
0.08283691,-9.107080699,-9.563448054
0.08289185,-9.107110342,-9.489821476
0.08294678,-9.107134819,-9.558501628
0.08300171,-9.107163221,-9.485934270
0.08305664,-9.107186699,-9.553716730
0.08311157,-9.107213940,-9.482178856
0.08316650,-9.107236483,-9.549085594
0.08322144,-9.107262637,-9.478548075
0.08327637,-9.107284303,-9.544600882
0.08333130,-9.107309438,-9.475035183
0.08338623,-9.107330282,-9.540255553
0.08344116,-9.107354460,-9.471633819
0.08349609,-9.107374531,-9.536042839
0.08355103,-9.107397809,-9.468338030
0.08360596,-9.107417151,-9.531956296
0.08366089,-9.107439582,-9.465142299
0.08371582,-9.107458239,-9.527989868
0.08377075,-9.107479870,-9.462041571
0.08382568,-9.107497879,-9.524137921
0.08388062,-9.107518756,-9.459031247
0.08393555,-9.107536154,-9.520395269
0.08399048,-9.107556317,-9.456107169
0.08404541,-9.107573136,-9.516757162
0.08410034,-9.107592625,-9.453265584
0.08415527,-9.107608895,-9.513219214
0.08421021,-9.107627744,-9.450503053
0.08426514,-9.107643495,-9.509777304
0.08432007,-9.107661738,-9.447816345
0.08437500,-9.107676996,-9.506427503
0.08442993,-9.107694663,-9.445202358
0.08448486,-9.107709452,-9.503166036
0.08453979,-9.107726573,-9.442658079
0.08459473,-9.107740916,-9.499989267
0.08464966,-9.107757517,-9.440180581
0.08470459,-9.107771436,-9.496893711
0.08475952,-9.107787541,-9.437767038
0.08481445,-9.107801057,-9.493876049
0.08486938,-9.107816690,-9.435414750
0.08492432,-9.107829820,-9.490933141
0.08497925,-9.107845003,-9.433121161
0.08503418,-9.107857766,-9.488062037
0.08508911,-9.107872520,-9.430883879
0.08514404,-9.107884931,-9.485259982
0.08519897,-9.107899274,-9.428700681
0.08525391,-9.107911350,-9.482524399
0.08530884,-9.107925302,-9.426569498
0.08536377,-9.107937056,-9.479852865
0.08541870,-9.107950632,-9.424488393
0.08547363,-9.107962080,-9.477243078
0.08552856,-9.107975297,-9.422455529
0.08558350,-9.107986449,-9.474692833
0.08563843,-9.107999323,-9.420469144
0.08569336,-9.108010193,-9.472200010
0.08574829,-9.108022737,-9.418527538
0.08580322,-9.108033336,-9.469762561
0.08585815,-9.108045563,-9.416629069
0.08591309,-9.108055903,-9.467378519
0.08596802,-9.108067827,-9.414772154
0.08602295,-9.108077917,-9.465045995
0.08607788,-9.108089549,-9.412955274
0.08613281,-9.108099399,-9.462763188
0.08618774,-9.108110750,-9.411176985
0.08624268,-9.108120370,-9.460528384
0.08629761,-9.108131452,-9.409435918
0.08635254,-9.108140849,-9.458339966
0.08640747,-9.108151672,-9.407730783
0.08646240,-9.108160855,-9.456196404
0.08651733,-9.108171429,-9.406060365
0.08657227,-9.108180406,-9.454096254
0.08662720,-9.108190739,-9.404423513
0.08668213,-9.108199518,-9.452038142
0.08673706,-9.108209619,-9.402819131
0.08679199,-9.108218207,-9.450020758
0.08684692,-9.108228085,-9.401246170
0.08690186,-9.108236488,-9.448042839
0.08695679,-9.108246150,-9.399703624
0.08701172,-9.108254375,-9.446103168
0.08706665,-9.108263829,-9.398190521
0.08712158,-9.108271882,-9.444200570
0.08717651,-9.108281135,-9.396705928
0.08723145,-9.108289021,-9.442333907
0.08728638,-9.108298081,-9.395248948
0.08734131,-9.108305807,-9.440502083
0.08739624,-9.108314678,-9.393818721
0.08745117,-9.108322249,-9.438704045
0.08750610,-9.108330939,-9.392414428
0.08756104,-9.108338359,-9.436938781
0.08761597,-9.108346874,-9.391035289
0.08767090,-9.108354149,-9.435205329
0.08772583,-9.108362494,-9.389680567
0.08778076,-9.108369628,-9.433502769
0.08783569,-9.108377809,-9.388349563
0.08789062,-9.108384806,-9.431830229
0.08794556,-9.108392828,-9.387041615
0.08800049,-9.108399693,-9.430186875
0.08805542,-9.108407561,-9.385756090
0.08811035,-9.108414297,-9.428571910
0.08816528,-9.108422016,-9.384492385
0.08822021,-9.108428628,-9.426984571
0.08827515,-9.108436202,-9.383249918
0.08833008,-9.108442693,-9.425424118
0.08838501,-9.108450127,-9.382028127
0.08843994,-9.108456501,-9.423889839
0.08849487,-9.108463798,-9.380826468
0.08854980,-9.108470059,-9.422381043
0.08860474,-9.108477224,-9.379644411
0.08865967,-9.108483375,-9.420897057
0.08871460,-9.108490411,-9.378481445
0.08876953,-9.108496454,-9.419437233
0.08882446,-9.108503366,-9.377337073
0.08887939,-9.108509305,-9.418000940
0.08893433,-9.108516096,-9.376210818
0.08898926,-9.108521934,-9.416587570
0.08904419,-9.108528607,-9.375102216
0.08909912,-9.108534347,-9.415196539
0.08915405,-9.108540905,-9.374010826
0.08920898,-9.108546549,-9.413827281
0.08926392,-9.108552996,-9.372936222
0.08931885,-9.108558547,-9.412479258
0.08937378,-9.108564886,-9.371877997
0.08942871,-9.108570346,-9.411151949
0.08948364,-9.108576580,-9.370835762
0.08953857,-9.108581952,-9.409844857
0.08959351,-9.108588083,-9.369809139
0.08964844,-9.108593369,-9.408557500
0.08970337,-9.108599400,-9.368797768
0.08975830,-9.108604603,-9.407289416
0.08981323,-9.108610537,-9.367801296
0.08986816,-9.108615658,-9.406040156
0.08992310,-9.108621497,-9.366819382
0.08997803,-9.108626539,-9.404809284
0.09003296,-9.108632286,-9.365851697
0.09008789,-9.108637250,-9.403596377
0.09014282,-9.108642908,-9.364897915
0.09019775,-9.108647797,-9.402401023
0.09025269,-9.108653366,-9.363957723
0.09030762,-9.108658182,-9.401222821
0.09036255,-9.108663666,-9.363030813
0.09041748,-9.108668409,-9.400061380
0.09047241,-9.108673811,-9.362116887
0.09052734,-9.108678484,-9.398916323
0.09058228,-9.108683804,-9.361215656
0.09063721,-9.108688409,-9.397787280
0.09069214,-9.108693650,-9.360326839
0.09074707,-9.108698188,-9.396673896
0.09080200,-9.108703351,-9.359450164
0.09085693,-9.108707824,-9.395575827
0.09091187,-9.108712912,-9.358585369
0.09096680,-9.108717322,-9.394492738
0.09102173,-9.108722336,-9.357732199
0.09107666,-9.108726683,-9.393424307
0.09113159,-9.108731625,-9.356890407
0.09118652,-9.108735912,-9.392370221
0.09124146,-9.108740784,-9.356059756
0.09129639,-9.108745011,-9.391330177
0.09135132,-9.108749814,-9.355240012
0.09140625,-9.108753984,-9.390303880
0.09146118,-9.108758720,-9.354430950
0.09151611,-9.108762832,-9.389291044
0.09157104,-9.108767503,-9.353632349
0.09162598,-9.108771560,-9.388291389
0.09168091,-9.108776166,-9.352843996
0.09173584,-9.108780169,-9.387304643
0.09179077,-9.108784713,-9.352065679
0.09184570,-9.108788663,-9.386330543
0.09190063,-9.108793145,-9.351297195
0.09195557,-9.108797043,-9.385368828
0.09201050,-9.108801466,-9.350538345
0.09206543,-9.108805313,-9.384419247
0.09212036,-9.108809677,-9.349788935
0.09217529,-9.108813474,-9.383481556
0.09223022,-9.108817781,-9.349048775
0.09228516,-9.108821530,-9.382555517
0.09234009,-9.108825780,-9.348317684
0.09239502,-9.108829481,-9.381640898
0.09244995,-9.108833676,-9.347595483
0.09250488,-9.108837331,-9.380737475
0.09255981,-9.108841472,-9.346882002
0.09261475,-9.108845082,-9.379845032
0.09266968,-9.108849170,-9.346177073
0.09272461,-9.108852735,-9.378963357
0.09277954,-9.108856772,-9.345480538
0.09283447,-9.108860292,-9.378092246
0.09288940,-9.108864279,-9.344792239
0.09294434,-9.108867757,-9.377231502
0.09299927,-9.108871693,-9.344112027
0.09305420,-9.108875129,-9.376380933
0.09310913,-9.108879017,-9.343439756
0.09316406,-9.108882412,-9.375540352
0.09321899,-9.108886252,-9.342775284
0.09327393,-9.108889606,-9.374709576
0.09332886,-9.108893400,-9.342118473
0.09338379,-9.108896715,-9.373888428
0.09343872,-9.108900463,-9.341469186
0.09349365,-9.108903739,-9.373076735
0.09354858,-9.108907442,-9.340827293
0.09360352,-9.108910680,-9.372274329
0.09365845,-9.108914339,-9.340192665
0.09371338,-9.108917539,-9.371481043
0.09376831,-9.108921156,-9.339565174
0.09382324,-9.108924319,-9.370696717
0.09387817,-9.108927893,-9.338944697
0.09393311,-9.108931021,-9.369921193
0.09398804,-9.108934553,-9.338331113
0.09404297,-9.108937646,-9.369154316
0.09409790,-9.108941137,-9.337724303
0.09415283,-9.108944195,-9.368395936
0.09420776,-9.108947647,-9.337124152
0.09426270,-9.108950671,-9.367645907
0.09431763,-9.108954083,-9.336530546
0.09437256,-9.108957074,-9.366904085
0.09442749,-9.108960448,-9.335943375
0.09448242,-9.108963405,-9.366170332
0.09453735,-9.108966742,-9.335362530
0.09459229,-9.108969667,-9.365444510
0.09464722,-9.108972967,-9.334787907
0.09470215,-9.108975860,-9.364726488
0.09475708,-9.108979123,-9.334219402
0.09481201,-9.108981986,-9.364016136
0.09486694,-9.108985213,-9.333656915
0.09492188,-9.108988045,-9.363313329
0.09497681,-9.108991237,-9.333100349
0.09503174,-9.108994040,-9.362617943
0.09508667,-9.108997197,-9.332549606
0.09514160,-9.108999970,-9.361929858
0.09519653,-9.109003094,-9.332004593
0.09525146,-9.109005838,-9.361248957
0.09530640,-9.109008928,-9.331465217
0.09536133,-9.109011644,-9.360575123
0.09541626,-9.109014701,-9.330931388
0.09547119,-9.109017389,-9.359908244
0.09552612,-9.109020414,-9.330403017
0.09558105,-9.109023074,-9.359248209
0.09563599,-9.109026068,-9.329880017
0.09569092,-9.109028701,-9.358594909
0.09574585,-9.109031664,-9.329362303
0.09580078,-9.109034271,-9.357948239
0.09585571,-9.109037203,-9.328849791
0.09591064,-9.109039784,-9.357308092
0.09596558,-9.109042686,-9.328342399
0.09602051,-9.109045241,-9.356674369
0.09607544,-9.109048113,-9.327840046
0.09613037,-9.109050643,-9.356046967
0.09618530,-9.109053487,-9.327342654
0.09624023,-9.109055991,-9.355425790
0.09629517,-9.109058807,-9.326850146
0.09635010,-9.109061287,-9.354810741
0.09640503,-9.109064074,-9.326362447
0.09645996,-9.109066530,-9.354201727
0.09651489,-9.109069289,-9.325879484
0.09656982,-9.109071722,-9.353598656
0.09662476,-9.109074454,-9.325401185
0.09667969,-9.109076863,-9.353001439
0.09673462,-9.109079569,-9.324927481
0.09678955,-9.109081955,-9.352409988
0.09684448,-9.109084634,-9.324458304
0.09689941,-9.109086998,-9.351824217
0.09695435,-9.109089652,-9.323993586
0.09700928,-9.109091993,-9.351244043
0.09706421,-9.109094621,-9.323533264
0.09711914,-9.109096940,-9.350669384
0.09717407,-9.109099543,-9.323077274
0.09722900,-9.109101841,-9.350100159
0.09728394,-9.109104419,-9.322625553
0.09733887,-9.109106696,-9.349536289
0.09739380,-9.109109250,-9.322178040
0.09744873,-9.109111506,-9.348977698
0.09750366,-9.109114036,-9.321734676
0.09755859,-9.109116271,-9.348424310
0.09761353,-9.109118778,-9.321295402
0.09766846,-9.109120993,-9.347876049
0.09772339,-9.109123476,-9.320860161
0.09777832,-9.109125671,-9.347332844
0.09783325,-9.109128131,-9.320428894
0.09788818,-9.109130307,-9.346794622
0.09794312,-9.109132745,-9.320001548
0.09799805,-9.109134901,-9.346261313
0.09805298,-9.109137316,-9.319578067
0.09810791,-9.109139453,-9.345732847
0.09816284,-9.109141847,-9.319158398
0.09821777,-9.109143965,-9.345209158
0.09827271,-9.109146338,-9.318742487
0.09832764,-9.109148437,-9.344690177
0.09838257,-9.109150788,-9.318330284
0.09843750,-9.109152870,-9.344175841
0.09849243,-9.109155200,-9.317921738
0.09854736,-9.109157264,-9.343666086
0.09860229,-9.109159573,-9.317516799
0.09865723,-9.109161619,-9.343160847
0.09871216,-9.109163908,-9.317115418
0.09876709,-9.109165936,-9.342660065
0.09882202,-9.109168206,-9.316717549
0.09887695,-9.109170217,-9.342163679
0.09893188,-9.109172466,-9.316323143
0.09898682,-9.109174460,-9.341671631
0.09904175,-9.109176690,-9.315932156
0.09909668,-9.109178668,-9.341183862
0.09915161,-9.109180879,-9.315544543
0.09920654,-9.109182839,-9.340700316
0.09926147,-9.109185031,-9.315160260
0.09931641,-9.109186976,-9.340220937
0.09937134,-9.109189149,-9.314779264
0.09942627,-9.109191078,-9.339745671
0.09948120,-9.109193233,-9.314401512
0.09953613,-9.109195145,-9.339274466
0.09959106,-9.109197282,-9.314026964
0.09964600,-9.109199179,-9.338807267
0.09970093,-9.109201298,-9.313655578
0.09975586,-9.109203180,-9.338344024
0.09981079,-9.109205281,-9.313287314
0.09986572,-9.109207147,-9.337884685
0.09992065,-9.109209232,-9.312922133
0.09997559,-9.109211083,-9.337429202
0.10003052,-9.109213150,-9.312559997
0.10008545,-9.109214986,-9.336977524
0.10014038,-9.109217036,-9.312200865
0.10019531,-9.109218858,-9.336529604
0.10025024,-9.109220891,-9.311844702
0.10030518,-9.109222699,-9.336085394
0.10036011,-9.109224716,-9.311491470
0.10041504,-9.109226509,-9.335644848
0.10046997,-9.109228510,-9.311141132
0.10052490,-9.109230289,-9.335207919
0.10057983,-9.109232273,-9.310793653
0.10063477,-9.109234039,-9.334774561
0.10068970,-9.109236007,-9.310448997
0.10074463,-9.109237759,-9.334344732
0.10079956,-9.109239712,-9.310107129
0.10085449,-9.109241450,-9.333918387
0.10090942,-9.109243388,-9.309768015
0.10096436,-9.109245113,-9.333495483
0.10101929,-9.109247035,-9.309431622
0.10107422,-9.109248747,-9.333075978
0.10112915,-9.109250654,-9.309097916
0.10118408,-9.109252353,-9.332659831
0.10123901,-9.109254246,-9.308766866
0.10129395,-9.109255931,-9.332247001
0.10134888,-9.109257810,-9.308438439
0.10140381,-9.109259483,-9.331837448
0.10145874,-9.109261346,-9.308112605
0.10151367,-9.109263007,-9.331431134
0.10156860,-9.109264856,-9.307789331
0.10162354,-9.109266504,-9.331028019
0.10167847,-9.109268340,-9.307468590
0.10173340,-9.109269976,-9.330628067
0.10178833,-9.109271797,-9.307150350
0.10184326,-9.109273421,-9.330231239
0.10189819,-9.109275229,-9.306834582
0.10195313,-9.109276841,-9.329837499
0.10200806,-9.109278635,-9.306521258
0.10206299,-9.109280235,-9.329446812
0.10211792,-9.109282016,-9.306210350
0.10217285,-9.109283604,-9.329059141
0.10222778,-9.109285372,-9.305901829
0.10228271,-9.109286949,-9.328674453
0.10233765,-9.109288704,-9.305595669
0.10239258,-9.109290269,-9.328292713
0.10244751,-9.109292011,-9.305291841
0.10250244,-9.109293565,-9.327913886
0.10255737,-9.109295294,-9.304990321
0.10261230,-9.109296838,-9.327537940
0.10266724,-9.109298554,-9.304691080
0.10272217,-9.109300086,-9.327164841
0.10277710,-9.109301790,-9.304394094
0.10283203,-9.109303312,-9.326794558
0.10288696,-9.109305003,-9.304099336
0.10294189,-9.109306514,-9.326427058
0.10299683,-9.109308193,-9.303806782
0.10305176,-9.109309694,-9.326062310
0.10310669,-9.109311361,-9.303516407
0.10316162,-9.109312851,-9.325700282
0.10321655,-9.109314507,-9.303228186
0.10327148,-9.109315986,-9.325340945
0.10332642,-9.109317630,-9.302942095
0.10338135,-9.109319099,-9.324984268
0.10343628,-9.109320732,-9.302658111
0.10349121,-9.109322191,-9.324630221
0.10354614,-9.109323812,-9.302376210
0.10360107,-9.109325261,-9.324278775
0.10365601,-9.109326870,-9.302096369
0.10371094,-9.109328310,-9.323929902
0.10376587,-9.109329908,-9.301818566
0.10382080,-9.109331338,-9.323583574
0.10387573,-9.109332925,-9.301542779
0.10393066,-9.109334345,-9.323239762
0.10398560,-9.109335921,-9.301268986
0.10404053,-9.109337332,-9.322898439
0.10409546,-9.109338897,-9.300997164
0.10415039,-9.109340298,-9.322559578
0.10420532,-9.109341853,-9.300727295
0.10426025,-9.109343245,-9.322223153
0.10431519,-9.109344789,-9.300459356
0.10437012,-9.109346171,-9.321889137
0.10442505,-9.109347705,-9.300193327
0.10447998,-9.109349078,-9.321557505
0.10453491,-9.109350602,-9.299929189
0.10458984,-9.109351966,-9.321228232
0.10464478,-9.109353479,-9.299666921
0.10469971,-9.109354835,-9.320901293
0.10475464,-9.109356338,-9.299406504
0.10480957,-9.109357685,-9.320576662
0.10486450,-9.109359177,-9.299147919
0.10491943,-9.109360516,-9.320254316
0.10497437,-9.109361998,-9.298891147
0.10502930,-9.109363328,-9.319934231
0.10508423,-9.109364801,-9.298636169
0.10513916,-9.109366122,-9.319616383
0.10519409,-9.109367586,-9.298382967
0.10524902,-9.109368898,-9.319300749
0.10530396,-9.109370352,-9.298131523
0.10535889,-9.109371656,-9.318987305
0.10541382,-9.109373101,-9.297881818
0.10546875,-9.109374397,-9.318676030
0.10552368,-9.109375832,-9.297633835
0.10557861,-9.109377119,-9.318366901
0.10563354,-9.109378545,-9.297387557
0.10568848,-9.109379825,-9.318059895
0.10574341,-9.109381241,-9.297142966
0.10579834,-9.109382513,-9.317754990
0.10585327,-9.109383921,-9.296900045
0.10590820,-9.109385184,-9.317452166
0.10596313,-9.109386583,-9.296658777
0.10601807,-9.109387839,-9.317151401
0.10607300,-9.109389229,-9.296419146
0.10612793,-9.109390477,-9.316852674
0.10618286,-9.109391858,-9.296181136
0.10623779,-9.109393098,-9.316555964
0.10629272,-9.109394470,-9.295944729
0.10634766,-9.109395703,-9.316261251
0.10640259,-9.109397067,-9.295709911
0.10645752,-9.109398292,-9.315968515
0.10651245,-9.109399647,-9.295476665
0.10656738,-9.109400865,-9.315677736
0.10662231,-9.109402212,-9.295244976
0.10667725,-9.109403422,-9.315388895
0.10673218,-9.109404760,-9.295014829
0.10678711,-9.109405964,-9.315101972
0.10684204,-9.109407294,-9.294786208
0.10689697,-9.109408490,-9.314816948
0.10695190,-9.109409811,-9.294559099
0.10700684,-9.109411000,-9.314533805
0.10706177,-9.109412314,-9.294333487
0.10711670,-9.109413496,-9.314252525
0.10717163,-9.109414802,-9.294109358
0.10722656,-9.109415976,-9.313973088
0.10728149,-9.109417274,-9.293886697
0.10733643,-9.109418442,-9.313695478
0.10739136,-9.109419732,-9.293665491
0.10744629,-9.109420893,-9.313419676
0.10750122,-9.109422175,-9.293445725
0.10755615,-9.109423329,-9.313145666
0.10761108,-9.109424604,-9.293227386
0.10766602,-9.109425751,-9.312873429
0.10772095,-9.109427018,-9.293010460
0.10777588,-9.109428159,-9.312602950
0.10783081,-9.109429418,-9.292794933
0.10788574,-9.109430552,-9.312334210
0.10794067,-9.109431804,-9.292580794
0.10799561,-9.109432932,-9.312067194
0.10805054,-9.109434176,-9.292368027
0.10810547,-9.109435297,-9.311801886
0.10816040,-9.109436534,-9.292156622
0.10821533,-9.109437649,-9.311538268
0.10827026,-9.109438879,-9.291946564
0.10832520,-9.109439987,-9.311276325
0.10838013,-9.109441210,-9.291737841
0.10843506,-9.109442312,-9.311016042
0.10848999,-9.109443528,-9.291530441
0.10854492,-9.109444623,-9.310757402
0.10859985,-9.109445832,-9.291324351
0.10865479,-9.109446921,-9.310500390
0.10870972,-9.109448123,-9.291119559
0.10876465,-9.109449206,-9.310244991
0.10881958,-9.109450401,-9.290916054
0.10887451,-9.109451479,-9.309991190
0.10892944,-9.109452666,-9.290713822
0.10898438,-9.109453738,-9.309738972
0.10903931,-9.109454919,-9.290512853
0.10909424,-9.109455984,-9.309488323
0.10914917,-9.109457159,-9.290313134
0.10920410,-9.109458218,-9.309239227
0.10925903,-9.109459386,-9.290114655
0.10931396,-9.109460440,-9.308991670
0.10936890,-9.109461601,-9.289917404
0.10942383,-9.109462649,-9.308745639
0.10947876,-9.109463803,-9.289721369
0.10953369,-9.109464845,-9.308501119
0.10958862,-9.109465993,-9.289526540
0.10964355,-9.109467030,-9.308258097
0.10969849,-9.109468172,-9.289332906
0.10975342,-9.109469202,-9.308016559
0.10980835,-9.109470338,-9.289140457
0.10986328,-9.109471363,-9.307776491
0.10991821,-9.109472492,-9.288949181
0.10997314,-9.109473512,-9.307537881
0.11002808,-9.109474635,-9.288759068
0.11008301,-9.109475649,-9.307300715
0.11013794,-9.109476766,-9.288570108
0.11019287,-9.109477774,-9.307064981
0.11024780,-9.109478885,-9.288382291
0.11030273,-9.109479888,-9.306830665
0.11035767,-9.109480993,-9.288195607
0.11041260,-9.109481991,-9.306597755
0.11046753,-9.109483089,-9.288010045
0.11052246,-9.109484082,-9.306366239
0.11057739,-9.109485175,-9.287825597
0.11063232,-9.109486162,-9.306136105
0.11068726,-9.109487249,-9.287642252
0.11074219,-9.109488231,-9.305907340
0.11079712,-9.109489312,-9.287460001
0.11085205,-9.109490289,-9.305679932
0.11090698,-9.109491364,-9.287278834
0.11096191,-9.109492336,-9.305453869
0.11101685,-9.109493405,-9.287098742
0.11107178,-9.109494373,-9.305229140
0.11112671,-9.109495436,-9.286919717
0.11118164,-9.109496398,-9.305005733
0.11123657,-9.109497456,-9.286741748
0.11129150,-9.109498413,-9.304783637
0.11134644,-9.109499465,-9.286564827
0.11140137,-9.109500418,-9.304562840
0.11145630,-9.109501464,-9.286388944
0.11151123,-9.109502412,-9.304343331
0.11156616,-9.109503453,-9.286214092
0.11162109,-9.109504395,-9.304125100
0.11167603,-9.109505431,-9.286040261
0.11173096,-9.109506369,-9.303908134
0.11178589,-9.109507399,-9.285867442
0.11184082,-9.109508332,-9.303692423
0.11189575,-9.109509357,-9.285695628
0.11195068,-9.109510285,-9.303477957
0.11200562,-9.109511305,-9.285524809
0.11206055,-9.109512228,-9.303264725
0.11211548,-9.109513242,-9.285354977
0.11217041,-9.109514161,-9.303052716
0.11222534,-9.109515170,-9.285186124
0.11228027,-9.109516085,-9.302841920
0.11233521,-9.109517089,-9.285018242
0.11239014,-9.109517998,-9.302632327
0.11244507,-9.109518997,-9.284851323
0.11250000,-9.109519902,-9.302423927
0.11255493,-9.109520896,-9.284685358
0.11260986,-9.109521797,-9.302216709
0.11266479,-9.109522786,-9.284520341
0.11271973,-9.109523682,-9.302010664
0.11277466,-9.109524665,-9.284356262
0.11282959,-9.109525557,-9.301805783
0.11288452,-9.109526536,-9.284193115
0.11293945,-9.109527423,-9.301602054
0.11299438,-9.109528397,-9.284030892
0.11304932,-9.109529280,-9.301399470
0.11310425,-9.109530249,-9.283869585
0.11315918,-9.109531128,-9.301198021
0.11321411,-9.109532092,-9.283709187
0.11326904,-9.109532967,-9.300997697
0.11332397,-9.109533926,-9.283549691
0.11337891,-9.109534796,-9.300798489
0.11343384,-9.109535751,-9.283391089
0.11348877,-9.109536617,-9.300600388
0.11354370,-9.109537567,-9.283233375
0.11359863,-9.109538429,-9.300403386
0.11365356,-9.109539374,-9.283076541
0.11370850,-9.109540231,-9.300207473
0.11376343,-9.109541172,-9.282920580
0.11381836,-9.109542026,-9.300012641
0.11387329,-9.109542961,-9.282765487
0.11392822,-9.109543811,-9.299818882
0.11398315,-9.109544742,-9.282611253
0.11403809,-9.109545588,-9.299626186
0.11409302,-9.109546515,-9.282457872
0.11414795,-9.109547356,-9.299434545
0.11420288,-9.109548279,-9.282305338
0.11425781,-9.109549116,-9.299243952
0.11431274,-9.109550034,-9.282153644
0.11436768,-9.109550868,-9.299054397
0.11442261,-9.109551781,-9.282002783
0.11447754,-9.109552611,-9.298865873
0.11453247,-9.109553520,-9.281852749
0.11458740,-9.109554346,-9.298678371
0.11464233,-9.109555250,-9.281703536
0.11469727,-9.109556072,-9.298491885
0.11475220,-9.109556973,-9.281555138
0.11480713,-9.109557791,-9.298306405
0.11486206,-9.109558687,-9.281407548
0.11491699,-9.109559501,-9.298121924
0.11497192,-9.109560393,-9.281260760
0.11502686,-9.109561204,-9.297938434
0.11508179,-9.109562091,-9.281114767
0.11513672,-9.109562898,-9.297755928
0.11519165,-9.109563781,-9.280969565
0.11524658,-9.109564585,-9.297574398
0.11530151,-9.109565464,-9.280825146
0.11535645,-9.109566263,-9.297393836
0.11541138,-9.109567139,-9.280681505
0.11546631,-9.109567934,-9.297214235
0.11552124,-9.109568805,-9.280538637
0.11557617,-9.109569598,-9.297035588
0.11563110,-9.109570465,-9.280396534
0.11568604,-9.109571253,-9.296857887
0.11574097,-9.109572116,-9.280255192
0.11579590,-9.109572901,-9.296681126
0.11585083,-9.109573760,-9.280114605
0.11590576,-9.109574542,-9.296505296
0.11596069,-9.109575397,-9.279974766
0.11601562,-9.109576175,-9.296330392
0.11607056,-9.109577026,-9.279835672
0.11612549,-9.109577800,-9.296156406
0.11618042,-9.109578648,-9.279697315
0.11623535,-9.109579419,-9.295983330
0.11629028,-9.109580262,-9.279559690
0.11634521,-9.109581030,-9.295811159
0.11640015,-9.109581869,-9.279422792
0.11645508,-9.109582633,-9.295639886
0.11651001,-9.109583469,-9.279286617
0.11656494,-9.109584230,-9.295469503
0.11661987,-9.109585062,-9.279151157
0.11667480,-9.109585819,-9.295300005
0.11672974,-9.109586647,-9.279016409
0.11678467,-9.109587401,-9.295131385
0.11683960,-9.109588226,-9.278882366
0.11689453,-9.109588977,-9.294963635
0.11694946,-9.109589797,-9.278749025
0.11700439,-9.109590545,-9.294796751
0.11705933,-9.109591362,-9.278616379
0.11711426,-9.109592106,-9.294630725
0.11716919,-9.109592920,-9.278484424
0.11722412,-9.109593661,-9.294465552
0.11727905,-9.109594470,-9.278353155
0.11733398,-9.109595208,-9.294301225
0.11738892,-9.109596014,-9.278222567
0.11744385,-9.109596749,-9.294137738
0.11749878,-9.109597552,-9.278092655
0.11755371,-9.109598283,-9.293975085
0.11760864,-9.109599082,-9.277963415
0.11766357,-9.109599811,-9.293813261
0.11771851,-9.109600606,-9.277834841
0.11777344,-9.109601331,-9.293652258
0.11782837,-9.109602123,-9.277706929
0.11788330,-9.109602845,-9.293492072
0.11793823,-9.109603634,-9.277579675
0.11799316,-9.109604353,-9.293332697
0.11804810,-9.109605138,-9.277453073
0.11810303,-9.109605854,-9.293174126
0.11815796,-9.109606636,-9.277327119
0.11821289,-9.109607349,-9.293016355
0.11826782,-9.109608127,-9.277201810
0.11832275,-9.109608837,-9.292859377
0.11837769,-9.109609612,-9.277077139
0.11843262,-9.109610319,-9.292703187
0.11848755,-9.109611091,-9.276953103
0.11854248,-9.109611795,-9.292547780
0.11859741,-9.109612563,-9.276829698
0.11865234,-9.109613264,-9.292393149
0.11870728,-9.109614029,-9.276706919
0.11876221,-9.109614727,-9.292239290
0.11881714,-9.109615489,-9.276584761
0.11887207,-9.109616184,-9.292086198
0.11892700,-9.109616943,-9.276463221
0.11898193,-9.109617635,-9.291933865
0.11903687,-9.109618390,-9.276342294
0.11909180,-9.109619080,-9.291782289
0.11914673,-9.109619832,-9.276221976
0.11920166,-9.109620518,-9.291631462
0.11925659,-9.109621267,-9.276102263
0.11931152,-9.109621951,-9.291481381
0.11936646,-9.109622697,-9.275983150
0.11942139,-9.109623378,-9.291332039
0.11947632,-9.109624120,-9.275864634
0.11953125,-9.109624799,-9.291183432
0.11958618,-9.109625538,-9.275746710
0.11964111,-9.109626214,-9.291035554
0.11969604,-9.109626950,-9.275629374
0.11975098,-9.109627623,-9.290888401
0.11980591,-9.109628356,-9.275512623
0.11986084,-9.109629026,-9.290741968
0.11991577,-9.109629756,-9.275396451
0.11997070,-9.109630423,-9.290596248
0.12002563,-9.109631151,-9.275280856
0.12008057,-9.109631815,-9.290451239
0.12013550,-9.109632539,-9.275165833
0.12019043,-9.109633201,-9.290306934
0.12024536,-9.109633922,-9.275051379
0.12030029,-9.109634582,-9.290163329
0.12035522,-9.109635300,-9.274937489
0.12041016,-9.109635957,-9.290020418
0.12046509,-9.109636672,-9.274824160
0.12052002,-9.109637326,-9.289878199
0.12057495,-9.109638038,-9.274711387
0.12062988,-9.109638690,-9.289736664
0.12068481,-9.109639399,-9.274599168
0.12073975,-9.109640048,-9.289595811
0.12079468,-9.109640754,-9.274487498
0.12084961,-9.109641401,-9.289455634
0.12090454,-9.109642104,-9.274376374
0.12095947,-9.109642748,-9.289316129
0.12101440,-9.109643449,-9.274265792
0.12106934,-9.109644090,-9.289177291
0.12112427,-9.109644788,-9.274155748
0.12117920,-9.109645427,-9.289039115
0.12123413,-9.109646122,-9.274046239
0.12128906,-9.109646758,-9.288901599
0.12134399,-9.109647450,-9.273937262
0.12139893,-9.109648084,-9.288764736
0.12145386,-9.109648774,-9.273828813
0.12150879,-9.109649405,-9.288628523
0.12156372,-9.109650092,-9.273720888
0.12161865,-9.109650720,-9.288492955
0.12167358,-9.109651405,-9.273613484
0.12172852,-9.109652031,-9.288358029
0.12178345,-9.109652712,-9.273506597
0.12183838,-9.109653336,-9.288223739
0.12189331,-9.109654015,-9.273400225
0.12194824,-9.109654636,-9.288090083
0.12200317,-9.109655312,-9.273294365
0.12205811,-9.109655932,-9.287957055
0.12211304,-9.109656605,-9.273189012
0.12216797,-9.109657222,-9.287824653
0.12222290,-9.109657892,-9.273084163
0.12227783,-9.109658507,-9.287692871
0.12233276,-9.109659175,-9.272979816
0.12238770,-9.109659787,-9.287561705
0.12244263,-9.109660452,-9.272875967
0.12249756,-9.109661062,-9.287431153
0.12255249,-9.109661725,-9.272772614
0.12260742,-9.109662332,-9.287301210
0.12266235,-9.109662992,-9.272669752
0.12271729,-9.109663597,-9.287171872
0.12277222,-9.109664255,-9.272567379
0.12282715,-9.109664858,-9.287043135
0.12288208,-9.109665513,-9.272465492
0.12293701,-9.109666114,-9.286914996
0.12299194,-9.109666766,-9.272364088
0.12304688,-9.109667365,-9.286787450
0.12310181,-9.109668015,-9.272263164
0.12315674,-9.109668611,-9.286660495
0.12321167,-9.109669258,-9.272162716
0.12326660,-9.109669852,-9.286534126
0.12332153,-9.109670497,-9.272062743
0.12337646,-9.109671089,-9.286408340
0.12343140,-9.109671732,-9.271963240
0.12348633,-9.109672321,-9.286283132
0.12354126,-9.109672961,-9.271864205
0.12359619,-9.109673548,-9.286158500
0.12365112,-9.109674186,-9.271765636
0.12370605,-9.109674771,-9.286034440
0.12376099,-9.109675407,-9.271667528
0.12381592,-9.109675989,-9.285910948
0.12387085,-9.109676622,-9.271569880
0.12392578,-9.109677203,-9.285788021
0.12398071,-9.109677834,-9.271472689
0.12403564,-9.109678412,-9.285665654
0.12409058,-9.109679041,-9.271375951
0.12414551,-9.109679617,-9.285543845
0.12420044,-9.109680243,-9.271279663
0.12425537,-9.109680817,-9.285422591
0.12431030,-9.109681441,-9.271183824
0.12436523,-9.109682013,-9.285301886
0.12442017,-9.109682634,-9.271088430
0.12447510,-9.109683204,-9.285181729
0.12453003,-9.109683823,-9.270993478
0.12458496,-9.109684391,-9.285062116
0.12463989,-9.109685008,-9.270898965
0.12469482,-9.109685574,-9.284943042
0.12474976,-9.109686188,-9.270804890
0.12480469,-9.109686752,-9.284824506
0.12485962,-9.109687364,-9.270711248
0.12491455,-9.109687926,-9.284706503
0.12496948,-9.109688536,-9.270618038
0.12502441,-9.109689096,-9.284589030
0.12507935,-9.109689703,-9.270525256
0.12513428,-9.109690261,-9.284472083
0.12518921,-9.109690866,-9.270432900
0.12524414,-9.109691422,-9.284355661
0.12529907,-9.109692025,-9.270340967
0.12535400,-9.109692579,-9.284239758
0.12540894,-9.109693180,-9.270249455
0.12546387,-9.109693732,-9.284124372
0.12551880,-9.109694331,-9.270158361
0.12557373,-9.109694881,-9.284009499
0.12562866,-9.109695477,-9.270067682
0.12568359,-9.109696025,-9.283895137
0.12573853,-9.109696620,-9.269977416
0.12579346,-9.109697166,-9.283781282
0.12584839,-9.109697758,-9.269887559
0.12590332,-9.109698302,-9.283667931
0.12595825,-9.109698892,-9.269798110
0.12601318,-9.109699435,-9.283555081
0.12606812,-9.109700023,-9.269709066
0.12612305,-9.109700563,-9.283442728
0.12617798,-9.109701149,-9.269620425
0.12623291,-9.109701687,-9.283330870
0.12628784,-9.109702271,-9.269532183
0.12634277,-9.109702808,-9.283219503
0.12639771,-9.109703389,-9.269444339
0.12645264,-9.109703924,-9.283108625
0.12650757,-9.109704503,-9.269356889
0.12656250,-9.109705036,-9.282998232
0.12661743,-9.109705614,-9.269269833
0.12667236,-9.109706145,-9.282888321
0.12672729,-9.109706720,-9.269183166
0.12678223,-9.109707249,-9.282778890
0.12683716,-9.109707823,-9.269096887
0.12689209,-9.109708350,-9.282669935
0.12694702,-9.109708922,-9.269010993
0.12700195,-9.109709447,-9.282561454
0.12705688,-9.109710016,-9.268925482
0.12711182,-9.109710540,-9.282453444
0.12716675,-9.109711108,-9.268840352
0.12722168,-9.109711629,-9.282345901
0.12727661,-9.109712195,-9.268755600
0.12733154,-9.109712715,-9.282238824
0.12738647,-9.109713278,-9.268671225
0.12744141,-9.109713797,-9.282132208
0.12749634,-9.109714358,-9.268587223
0.12755127,-9.109714875,-9.282026052
0.12760620,-9.109715434,-9.268503593
0.12766113,-9.109715949,-9.281920353
0.12771606,-9.109716507,-9.268420332
0.12777100,-9.109717020,-9.281815108
0.12782593,-9.109717575,-9.268337438
0.12788086,-9.109718087,-9.281710314
0.12793579,-9.109718640,-9.268254910
0.12799072,-9.109719150,-9.281605968
0.12804565,-9.109719702,-9.268172745
0.12810059,-9.109720210,-9.281502069
0.12815552,-9.109720760,-9.268090940
0.12821045,-9.109721266,-9.281398613
0.12826538,-9.109721814,-9.268009495
0.12832031,-9.109722318,-9.281295598
0.12837524,-9.109722864,-9.267928406
0.12843018,-9.109723367,-9.281193021
0.12848511,-9.109723911,-9.267847672
0.12854004,-9.109724413,-9.281090880
0.12859497,-9.109724955,-9.267767290
0.12864990,-9.109725454,-9.280989172
0.12870483,-9.109725995,-9.267687260
0.12875977,-9.109726493,-9.280887895
0.12881470,-9.109727031,-9.267607578
0.12886963,-9.109727528,-9.280787046
0.12892456,-9.109728064,-9.267528243
0.12897949,-9.109728559,-9.280686624
0.12903442,-9.109729094,-9.267449253
0.12908936,-9.109729587,-9.280586625
0.12914429,-9.109730120,-9.267370606
0.12919922,-9.109730611,-9.280487047
0.12925415,-9.109731143,-9.267292300
0.12930908,-9.109731633,-9.280387888
0.12936401,-9.109732162,-9.267214334
0.12941895,-9.109732650,-9.280289145
0.12947388,-9.109733178,-9.267136704
0.12952881,-9.109733665,-9.280190817
0.12958374,-9.109734191,-9.267059411
0.12963867,-9.109734676,-9.280092900
0.12969360,-9.109735200,-9.266982451
0.12974854,-9.109735683,-9.279995393
0.12980347,-9.109736206,-9.266905823
0.12985840,-9.109736688,-9.279898293
0.12991333,-9.109737208,-9.266829526
0.12996826,-9.109737689,-9.279801599
0.13002319,-9.109738208,-9.266753556
0.13007813,-9.109738686,-9.279705307
0.13013306,-9.109739204,-9.266677914
0.13018799,-9.109739681,-9.279609417
0.13024292,-9.109740197,-9.266602596
0.13029785,-9.109740672,-9.279513924
0.13035278,-9.109741186,-9.266527601
0.13040771,-9.109741660,-9.279418828
0.13046265,-9.109742173,-9.266452928
0.13051758,-9.109742645,-9.279324126
0.13057251,-9.109743156,-9.266378574
0.13062744,-9.109743627,-9.279229816
0.13068237,-9.109744136,-9.266304539
0.13073730,-9.109744605,-9.279135896
0.13079224,-9.109745112,-9.266230819
0.13084717,-9.109745580,-9.279042364
0.13090210,-9.109746086,-9.266157414
0.13095703,-9.109746553,-9.278949217
0.13101196,-9.109747057,-9.266084322
0.13106689,-9.109747522,-9.278856454
0.13112183,-9.109748024,-9.266011541
0.13117676,-9.109748488,-9.278764072
0.13123169,-9.109748988,-9.265939070
0.13128662,-9.109749450,-9.278672069
0.13134155,-9.109749949,-9.265866906
0.13139648,-9.109750410,-9.278580443
0.13145142,-9.109750908,-9.265795048
0.13150635,-9.109751367,-9.278489193
0.13156128,-9.109751863,-9.265723494
0.13161621,-9.109752321,-9.278398315
0.13167114,-9.109752815,-9.265652243
0.13172607,-9.109753271,-9.278307807
0.13178101,-9.109753764,-9.265581293
0.13183594,-9.109754219,-9.278217669
0.13189087,-9.109754710,-9.265510642
0.13194580,-9.109755163,-9.278127897
0.13200073,-9.109755653,-9.265440289
0.13205566,-9.109756105,-9.278038489
0.13211060,-9.109756593,-9.265370231
0.13216553,-9.109757044,-9.277949443
0.13222046,-9.109757530,-9.265300466
0.13227539,-9.109757979,-9.277860758
0.13233032,-9.109758464,-9.265230994
0.13238525,-9.109758912,-9.277772430
0.13244019,-9.109759396,-9.265161812
0.13249512,-9.109759842,-9.277684458
0.13255005,-9.109760324,-9.265092919
0.13260498,-9.109760769,-9.277596839
0.13265991,-9.109761250,-9.265024312
0.13271484,-9.109761693,-9.277509571
0.13276978,-9.109762172,-9.264955990
0.13282471,-9.109762615,-9.277422653
0.13287964,-9.109763092,-9.264887951
0.13293457,-9.109763533,-9.277336081
0.13298950,-9.109764009,-9.264820193
0.13304443,-9.109764448,-9.277249853
0.13309937,-9.109764923,-9.264752714
0.13315430,-9.109765361,-9.277163968
0.13320923,-9.109765834,-9.264685511
0.13326416,-9.109766271,-9.277078422
0.13331909,-9.109766742,-9.264618584
0.13337402,-9.109767178,-9.276993213
0.13342896,-9.109767648,-9.264551930
0.13348389,-9.109768082,-9.276908339
0.13353882,-9.109768551,-9.264485546
0.13359375,-9.109768984,-9.276823797
0.13364868,-9.109769451,-9.264419431
0.13370361,-9.109769883,-9.276739585
0.13375854,-9.109770348,-9.264353582
0.13381348,-9.109770779,-9.276655699
0.13386841,-9.109771243,-9.264287996
0.13392334,-9.109771672,-9.276572138
0.13397827,-9.109772135,-9.264222673
0.13403320,-9.109772563,-9.276488898
0.13408813,-9.109773024,-9.264157608
0.13414307,-9.109773451,-9.276405977
0.13419800,-9.109773911,-9.264092799
0.13425293,-9.109774336,-9.276323370
0.13430786,-9.109774794,-9.264028242
0.13436279,-9.109775219,-9.276241073
0.13441772,-9.109775676,-9.263963933
0.13447266,-9.109776098,-9.276159078
0.13452759,-9.109776554,-9.263899859
0.13458252,-9.109776976,-9.276077367
0.13463745,-9.109777430,-9.263835996
0.13469238,-9.109777850,-9.275995902
0.13474731,-9.109778303,-9.263772280
0.13480225,-9.109778722,-9.275914583
0.13485718,-9.109779174,-9.263708562
0.13491211,-9.109779592,-9.275833182
0.13496704,-9.109780042,-9.263644506
0.13502197,-9.109780458,-9.275751190
0.13507690,-9.109780907,-9.263579401
0.13513184,-9.109781323,-9.275667547
0.13518677,-9.109781770,-9.263511828
0.13524170,-9.109782184,-9.275580224
0.13529663,-9.109782630,-9.263439156
0.13535156,-9.109783043,-9.275485699
0.13540649,-9.109783488,-9.263356778
0.13546143,-9.109783899,-9.275378120
0.13551636,-9.109784342,-9.263257120
0.13557129,-9.109784753,-9.275248267
0.13562622,-9.109785194,-9.263128689
0.13568115,-9.109785603,-9.275082639
0.13573608,-9.109786043,-9.262954709
0.13579102,-9.109786450,-9.274861809
0.13584595,-9.109786888,-9.262711480
0.13590088,-9.109787293,-9.274558725
0.13595581,-9.109787729,-9.262367366
0.13601074,-9.109788131,-9.274138021
0.13606567,-9.109788565,-9.261879981
0.13612061,-9.109788965,-9.273551902
0.13617554,-9.109789395,-9.261193194
0.13623047,-9.109789791,-9.272737340
0.13628540,-9.109790217,-9.260236844
0.13634033,-9.109790609,-9.271617198
0.13639526,-9.109791030,-9.258929978
0.13645020,-9.109791417,-9.270105008
0.13650513,-9.109791831,-9.257175317
0.13656006,-9.109792211,-9.268093740
0.13661499,-9.109792618,-9.254854733
0.13666992,-9.109792988,-9.265453978
0.13672485,-9.109793385,-9.251834140
0.13677979,-9.109793745,-9.262043227
0.13683472,-9.109794130,-9.247975862
0.13688965,-9.109794477,-9.257721454
0.13694458,-9.109794847,-9.243151601
0.13699951,-9.109795177,-9.252322879
0.13705444,-9.109795529,-9.237189321
0.13710938,-9.109795840,-9.245648390
0.13716431,-9.109796170,-9.229879122
0.13721924,-9.109796457,-9.237488670
0.13727417,-9.109796761,-9.221011846
0.13732910,-9.109797021,-9.227661676
0.13738403,-9.109797295,-9.210417469
0.13743896,-9.109797522,-9.216036116
0.13749390,-9.109797760,-9.197985710
0.13754883,-9.109797949,-9.202391909
0.13760376,-9.109798146,-9.183435299
0.13765869,-9.109798292,-9.186411738
0.13771362,-9.109798440,-9.166422579
0.13776855,-9.109798535,-9.167811784
0.13782349,-9.109798629,-9.146681248
0.13787842,-9.109798666,-9.146421802
0.13793335,-9.109798698,-9.124096047
0.13798828,-9.109798669,-9.122224086
0.13804321,-9.109798632,-9.098705373
0.13809814,-9.109798532,-9.095329419
0.13815308,-9.109798418,-9.070668567
0.13820801,-9.109798237,-9.065388646
0.13826294,-9.109798036,-9.039356022
0.13831787,-9.109797765,-9.031816018
0.13837280,-9.109797468,-9.004185058
0.13842773,-9.109797095,-8.994302297
0.13848267,-9.109796690,-8.964953999
0.13853760,-9.109796205,-8.952899033
0.13859253,-9.109795683,-8.921892357
0.13864746,-9.109795076,-8.907995713
0.13870239,-9.109794428,-8.875488020
0.13875732,-9.109793691,-8.860149841
0.13881226,-9.109792910,-8.826389905
0.13886719,-9.109792030,-8.810015231
0.13892212,-9.109791100,-8.773128146
0.13897705,-9.109790061,-8.754876302
0.13903198,-9.109788964,-8.714306285
0.13908691,-9.109787748,-8.693692863
0.13914185,-9.109786465,-8.649797982
0.13919678,-9.109785055,-8.626834654
0.13925171,-9.109783572,-8.580601197
0.13930664,-9.109781954,-8.555726220
0.13936157,-9.109780257,-8.508079390
0.13941650,-9.109778421,-8.481829245
0.13947144,-9.109776501,-8.433725572
0.13952637,-9.109774438,-8.406709732
0.13958130,-9.109772287,-8.358802974
0.13963623,-9.109769992,-8.331514310
0.13969116,-9.109767604,-8.284398807
0.13974609,-9.109765048,-8.257114629
0.13980103,-9.109762384,-8.203468997
0.13985596,-9.109759530,-8.172128428
0.13991089,-9.109756548,-8.113045475
0.13996582,-9.109753360,-8.077380478
0.14002075,-9.109750028,-8.015233774
0.14007568,-9.109746479,-7.976148837
0.14013062,-9.109742772,-7.913971402
0.14018555,-9.109738841,-7.873285561
0.14024048,-9.109734740,-7.812527670
0.14029541,-9.109730413,-7.771362283
0.14035034,-9.109725907,-7.713563664
0.14040527,-9.109721170,-7.673215149
0.14046021,-9.109716246,-7.618632281
0.14051514,-9.109711090,-7.579580511
0.14057007,-9.109705739,-7.528839211
0.14062500,-9.109700151,-7.491766224
0.14067993,-9.109694258,-7.444472948
0.14073486,-9.109688069,-7.379728098
0.14078979,-9.109681514,-7.320912488
0.14084473,-9.109674605,-7.246087074
0.14089966,-9.109667295,-7.178862553
0.14095459,-9.109659591,-7.103344553
0.14100952,-9.109651473,-7.034530661
0.14106445,-9.109642927,-6.965691694
0.14111938,-9.109633951,-6.898232716
0.14117432,-9.109624520,-6.836234756
0.14122925,-9.109614651,-6.773160608
0.14128418,-9.109604296,-6.720121322
0.14133911,-9.109593483,-6.661457197
0.14139404,-9.109582155,-6.615213657
0.14144897,-9.109570350,-6.562062520
0.14150391,-9.109557995,-6.523557050
0.14155884,-9.109545130,-6.474929829
0.14161377,-9.109531675,-6.441701524
0.14166870,-9.109517676,-6.397972058
0.14172363,-9.109502416,-6.370111074
0.14177856,-9.109486164,-6.214066624
0.14183350,-9.109468512,-6.125193277
0.14188843,-9.109449670,-5.978467837
0.14194336,-9.109429332,-5.887604007
0.14199829,-9.109407599,-5.763514163
0.14205322,-9.109384299,-5.676110485
0.14210815,-9.109359470,-5.582164912
0.14216309,-9.109332906,-5.514220026
0.14221802,-9.109304566,-5.437884033
0.14227295,-9.109274309,-5.377599177
0.14232788,-9.109242057,-5.321446243
0.14238281,-9.109207579,-5.278017108
0.14243774,-9.109170719,-5.231042167
0.14249268,-9.109131282,-5.191738730
0.14254761,-9.109089069,-5.157594609
0.14260254,-9.109043715,-5.130555204
0.14265747,-9.108988006,-5.097976401
0.14271240,-9.108923527,-4.519243621
0.14276733,-9.108849203,-4.211092882
0.14282227,-9.108763540,-3.948287547
0.14287720,-9.108665268,-3.720339194
0.14293213,-9.108551766,-3.559035400
0.14298706,-9.108421779,-3.408578985
0.14304199,-9.108270024,-3.358645421
0.14309692,-9.108092324,-3.257442215
0.14315186,-9.107880674,-3.208455853
0.14320679,-9.107627791,-3.139951658
0.14326172,-9.107133126,-3.144499603
0.14331665,-9.106268533,-0.060057469
0.14337158,-9.104792033,1.584456301
0.14342651,-9.101636917,1.618921534
0.14348145,-9.090746900,1.798230651
0.14353638,12.631586264,23.443820167
0.14359131,34.193878809,45.483057681
0.14364624,45.438834527,46.006763869
0.14370117,45.633958004,45.292213859
0.14375610,45.307602153,45.285359626
0.14381104,45.659909739,46.033151133
0.14386597,45.999148713,46.001770811
0.14392090,45.678135340,45.355510936
0.14397583,45.373223430,45.356636061
0.14403076,45.686567861,46.015640801
0.14408569,45.982857642,45.982587798
0.14414062,45.693248216,45.404568216
0.14419556,45.422229246,45.409427969
0.14425049,45.699982449,45.990086245
0.14430542,45.956845483,45.952606578
0.14436035,45.691308670,45.430377221
0.14441528,45.446364008,45.435162902
0.14447021,45.690948060,45.946586561
0.14452515,45.912238680,45.903823573
0.14458008,45.666694980,45.429610803
0.14463501,45.444820735,45.435562124
0.14468994,45.663374769,45.891192900
0.14474487,45.858624277,45.849261024
0.14479980,45.636462306,45.423378423
0.14485474,45.441580968,45.437636208
0.14490967,45.645203442,45.852918350
0.14496460,45.825253418,45.818502527
0.14501953,45.629318447,45.439666599
0.14507446,45.461832835,45.463969786
0.14512939,45.654500922,45.845405476
0.14518433,45.821418939,45.816460700
0.14523926,45.646372520,45.475739446
0.14529419,45.499281982,45.504676934
0.14534912,45.678269757,45.852440777
0.14540405,45.829463921,45.823872920
0.14545898,45.668335909,45.512175710
0.14551392,45.534959233,45.541208988
0.14556885,45.698462944,45.856444318
0.14562378,45.832932967,45.825361592
0.14567871,45.681174449,45.536296298
0.14573364,45.556978528,45.562536443
0.14578857,45.704167058,45.846650892
0.14584351,45.821324120,45.810670703
0.14589844,45.675119443,45.538809536
0.14595337,45.556493240,45.560254260
0.14600830,45.687573651,45.815794726
0.14606323,45.788938254,45.775567145
0.14611816,45.648469863,45.520469058
0.14617310,45.537225897,45.541021840
0.14622803,45.658423319,45.776679542
0.14628296,45.751854161,45.739409875
0.14633789,45.623472303,45.506487711
0.14639282,45.526028222,45.533477413
0.14644775,45.645359213,45.758109702
0.14650269,45.737557155,45.728501151
0.14655762,45.623878580,45.518194746
0.14661255,45.540516183,45.551624291
0.14666748,45.658023837,45.765393246
0.14672241,45.747292402,45.739973011
0.14677734,45.643523470,45.546045270
0.14683228,45.568690953,45.580916160
0.14688721,45.680382239,45.780893082
0.14694214,45.763148979,45.755523587
0.14699707,45.664808045,45.573063388
0.14705200,45.594738798,45.606666669
0.14710693,45.699047051,45.792505652
0.14716187,45.774441258,45.765882921
0.14721680,45.679762024,45.592605544
0.14727173,45.612867766,45.623985585
0.14732666,45.709458194,45.796045367
0.14738159,45.777012611,45.766953655
0.14743652,45.684056482,45.600141458
0.14749146,45.618007011,45.627287282
0.14754639,45.705340737,45.784546050
0.14760132,45.763453699,45.750848618
0.14765625,45.669822954,45.587770118
0.14771118,45.602814759,45.609725982
0.14776611,45.681099843,45.753581913
0.14782104,45.731478233,45.717333422
0.14787598,45.639722049,45.560985629
0.14793091,45.576022972,45.583254091
0.14798584,45.651826552,45.721408358
0.14804077,45.702001900,45.690055436
0.14809570,45.619087005,45.546928944
0.14815063,45.565034160,45.575690686
0.14820557,45.644050576,45.713417602
0.14826050,45.697826091,45.689347007
0.14831543,45.624717830,45.558948773
0.14837036,45.579158755,45.592337410
0.14842529,45.659093428,45.726919587
0.14848022,45.712931362,45.705777311
0.14853516,45.644835289,45.582812124
0.14859009,45.602861774,45.616249485
0.14864502,45.679705442,45.744259122
0.14869995,45.730246457,45.722777417
0.14875488,45.664064786,45.604289599
0.14880981,45.623366295,45.636085848
0.14886475,45.696002516,45.757013054
0.14891968,45.742690927,45.734626924
0.14897461,45.677786690,45.619892892
0.14902954,45.637925098,45.649878850
0.14908447,45.706380862,45.763977695
0.14913940,45.749121101,45.740273227
0.14919434,45.684728693,45.628159847
0.14924927,45.644572674,45.655186735
0.14930420,45.707677551,45.761285268
0.14935913,45.744881213,45.734274126
0.14941406,45.678726683,45.622192021
0.14946899,45.635889939,45.644040044
0.14952393,45.691806739,45.740680544
0.14957886,45.722246432,45.709361412
0.14963379,45.653826892,45.597267932
0.14968872,45.609249952,45.615829299
0.14974365,45.660915143,45.707006960
0.14979858,45.689233365,45.676699197
0.14985352,45.624354008,45.570896709
0.14990845,45.584778983,45.593374921
0.14996338,45.639425251,45.686408362
0.15001831,45.672269639,45.663142726
0.15007324,45.616004275,45.567762999
0.15012817,45.584662945,45.596489723
0.15018311,45.643671009,45.691819927
0.15023804,45.680372275,45.673814030
0.15029297,45.630091389,45.585341552
0.15034790,45.603136744,45.616095222
0.15040283,45.662233983,45.709381693
0.15045776,45.698407888,45.692196322
0.15051270,45.649845138,45.606510317
0.15056763,45.623639573,45.636117139
0.15062256,45.680155635,45.725202908
0.15067749,45.713905293,45.707216105
0.15073242,45.665673794,45.623160971
0.15078735,45.639411218,45.651161776
0.15084229,45.693149745,45.736130991
0.15089722,45.724553133,45.717431414
0.15095215,45.676705436,45.635020029
0.15100708,45.650481337,45.661588791
0.15106201,45.701640982,45.742678778
0.15111694,45.730734443,45.723115381
0.15117188,45.682904376,45.641761991
0.15122681,45.656035119,45.666112293
0.15128174,45.703692617,45.742273387
0.15133667,45.729117791,45.720186486
0.15139160,45.679392288,45.637711536
0.15144653,45.649664213,45.657577432
0.15150146,45.691640844,45.726709786
0.15155640,45.711417608,45.700225732
0.15161133,45.658283706,45.615446902
0.15166626,45.625219334,45.631028245
0.15172119,45.662574553,45.695044650
0.15177612,45.679407223,45.667664154
0.15183105,45.627121065,45.585598359
0.15188599,45.596412609,45.603282281
0.15194092,45.635878361,45.669302646
0.15199585,45.656714638,45.647848419
0.15205078,45.611558060,45.574268369
0.15210571,45.588227575,45.598348676
0.15216064,45.633142778,45.668777063
0.15221558,45.659274059,45.653431662
0.15227051,45.620443752,45.586526500
0.15232544,45.602014371,45.613829489
0.15238037,45.648807251,45.684672295
0.15243530,45.676017359,45.670974101
0.15249023,45.639092601,45.606335746
0.15254517,45.621468048,45.633056549
0.15260010,45.666736346,45.701311681
0.15265503,45.692357327,45.686930598
0.15270996,45.655338982,45.622889428
0.15276489,45.637213245,45.648087354
0.15281982,45.680301173,45.713396078
0.15287476,45.704097291,45.698230773
0.15292969,45.666963201,45.634845015
0.15298462,45.648505458,45.658800605
0.15303955,45.689758046,45.721580495
0.15309448,45.712098470,45.705958442
0.15314941,45.675123510,45.643448040
0.15320435,45.656558360,45.666388556
0.15325928,45.696179286,45.726826152
0.15331421,45.717124389,45.710687999
0.15336914,45.680110552,45.648715319
0.15342407,45.660999341,45.670100886
0.15347900,45.698305811,45.727377628
0.15353394,45.716794423,45.709425012
0.15358887,45.678209337,45.646219065
0.15364380,45.656639585,45.663987524
0.15369873,45.689492646,45.715881416
0.15375366,45.703284066,45.693842689
0.15380859,45.661029318,45.627454600
0.15386353,45.635496628,45.640520854
0.15391846,45.663455542,45.687219077
0.15397339,45.673478722,45.662754864
0.15402832,45.630040139,45.596490226
0.15408325,45.604676281,45.609820999
0.15413818,45.633332142,45.657567634
0.15419312,45.646083954,45.637466050
0.15424805,45.608135306,45.577921065
0.15430298,45.589094500,45.597263064
0.15435791,45.623430623,45.650308925
0.15441284,45.642150994,45.636815453
0.15446777,45.610897489,45.584150387
0.15452271,45.597452018,45.607870094
0.15457764,45.635150223,45.663190661
0.15463257,45.656346754,45.652318941
0.15468750,45.627621467,45.602156100
0.15474243,45.615498228,45.626060374
0.15479736,45.652634776,45.679989064
0.15485229,45.672958746,45.668703029
0.15490723,45.644085585,45.618722458
0.15496216,45.631348943,45.641261195
0.15501709,45.666698135,45.692905433
0.15507202,45.685467665,45.680743093
0.15512695,45.656138878,45.630795424
0.15518188,45.642777072,45.652098042
0.15523682,45.676551911,45.701761318
0.15529175,45.694075303,45.689041031
0.15534668,45.664600428,45.639426735
0.15540161,45.650929091,45.659823530
0.15545654,45.683456854,45.707833581
0.15551147,45.700007398,45.694777190
0.15556641,45.670552652,45.645605869
0.15562134,45.656648873,45.665141323
0.15567627,45.687914535,45.711428253
0.15573120,45.703296803,45.697719629
0.15578613,45.673398232,45.648380689
0.15584106,45.658506874,45.666156487
0.15589600,45.687435555,45.709472883
0.15595093,45.700181234,45.693423916
0.15600586,45.667963889,45.641848945
0.15606079,45.649933783,45.655619891
0.15611572,45.674313919,45.693774840
0.15617065,45.682402571,45.673517729
0.15622559,45.646381546,45.618581340
0.15628052,45.624705192,45.628436786
0.15633545,45.645396321,45.663049027
0.15639038,45.651252796,45.641814150
0.15644531,45.615419422,45.588277991
0.15650024,45.595463069,45.600211776
0.15655518,45.618756146,45.637905743
0.15661011,45.628901299,45.622150687
0.15666504,45.599246341,45.575573138
0.15671997,45.585825075,45.593682746
0.15677490,45.614881849,45.636699715
0.15682983,45.630549425,45.626650601
0.15688477,45.606396624,45.585436619
0.15693970,45.597244681,45.606760410
0.15699463,45.628688623,45.651282942
0.15704956,45.645884989,45.642744721
0.15710449,45.623100847,45.602799159
0.15715942,45.614378244,45.623736460
0.15721436,45.644954070,45.666848899
0.15726929,45.661112168,45.657603206
0.15732422,45.637814400,45.617381624
0.15737915,45.628287200,45.637013669
0.15743408,45.657317011,45.678287260
0.15748901,45.672158462,45.668213709
0.15754395,45.648327041,45.627800424
0.15759888,45.638158781,45.646373058
0.15765381,45.665929687,45.686140622
0.15770874,45.679781989,45.675564463
0.15776367,45.655729774,45.635259697
0.15781860,45.645223484,45.653078320
0.15787354,45.672034799,45.691634802
0.15792847,45.685161463,45.680789345
0.15798340,45.661095069,45.640771856
0.15803833,45.650422136,45.657999809
0.15809326,45.676420202,45.695476531
0.15814819,45.688904788,45.684399675
0.15820312,45.664806849,45.644597210
0.15825806,45.653840790,45.661055155
0.15831299,45.678760945,45.697106390
0.15836792,45.690119648,45.685180552
0.15842285,45.665207934,45.644648106
0.15847778,45.652833312,45.659051201
0.15853271,45.675207794,45.692027000
0.15858765,45.683610751,45.677238999
0.15864258,45.655764984,45.633738760
0.15869751,45.639774413,45.643894644
0.15875244,45.657603561,45.671970344
0.15880737,45.661597426,45.653218194
0.15886230,45.630289978,45.606776750
0.15891724,45.611457599,45.614193618
0.15897217,45.627061385,45.640499911
0.15902710,45.630519379,45.622410990
0.15908203,45.600944731,45.578812522
0.15913696,45.585346810,45.589891448
0.15919189,45.605055451,45.620726568
0.15924683,45.613825895,45.608735360
0.15930176,45.590675859,45.571954377
0.15935669,45.581378578,45.588865693
0.15941162,45.606408285,45.624491461
0.15946655,45.619875691,45.617091724
0.15952148,45.600969084,45.584248005
0.15957642,45.594686914,45.603273282
0.15963135,45.621169172,45.639646366
0.15968628,45.635347450,45.632889040
0.15974121,45.616959643,45.600467226
0.15979614,45.610510177,45.618749153
0.15985107,45.635946376,45.653729476
0.15990601,45.649019836,45.646127136
0.15996094,45.629943547,45.613204796
0.16001587,45.622637316,45.630292708
0.16007080,45.646743497,45.663770173
0.16012573,45.658698949,45.655412475
0.16018066,45.639081668,45.622198096
0.16023560,45.631167644,45.638383698
0.16029053,45.654251054,45.670683877
0.16034546,45.665402183,45.661874376
0.16040039,45.645532686,45.628641668
0.16045532,45.637280302,45.644189736
0.16051025,45.659596937,45.675560737
0.16056519,45.670169669,45.666503709
0.16062012,45.650235202,45.633421923
0.16067505,45.641811145,45.648495855
0.16072998,45.663519474,45.679091931
0.16078491,45.673650774,45.669907551
0.16083984,45.653758713,45.637070417
0.16089478,45.645256491,45.651762985
0.16094971,45.666444412,45.681668150
0.16100464,45.676197773,45.672400352
0.16105957,45.656369967,45.639807566
0.16111450,45.647770357,45.654081244
0.16116943,45.668364000,45.683187785
0.16122437,45.677562965,45.673594282
0.16127930,45.657465642,45.640822825
0.16133423,45.648234523,45.654035211
0.16138916,45.667444716,45.681411069
0.16144409,45.674972731,45.670193318
0.16149902,45.653117957,45.635564737
0.16155396,45.641420929,45.645720845
0.16160889,45.657158626,45.669174649
0.16166382,45.660834361,45.654147685
0.16171875,45.635213902,45.615811281
0.16177368,45.619582329,45.621803599
0.16182861,45.631313385,45.641356561
0.16188354,45.631873447,45.623960332
0.16193848,45.604714597,45.584927786
0.16199341,45.588909670,45.591277030
0.16204834,45.601725055,45.612614213
0.16210327,45.605127741,45.599113574
0.16215820,45.582619910,45.565535296
0.16221313,45.572371852,45.577585741
0.16226807,45.590899625,45.604645671
0.16232300,45.600177039,45.597179846
0.16237793,45.583514392,45.569303116
0.16243286,45.578226608,45.585600013
0.16248779,45.600358444,45.615598829
0.16254272,45.612311666,45.610527950
0.16259766,45.597696489,45.584371368
0.16265259,45.593458603,45.601054415
0.16270752,45.615561783,45.630573679
0.16276245,45.627081833,45.625091611
0.16281738,45.612049701,45.598530740
0.16287231,45.607070114,45.614143882
0.16292725,45.627971073,45.642298623
0.16298218,45.638385759,45.635952708
0.16303711,45.622638721,45.608849810
0.16309204,45.616889801,45.623480298
0.16314697,45.636740750,45.650492237
0.16320190,45.646297013,45.643557845
0.16325684,45.630117710,45.616204125
0.16331177,45.623893801,45.630150173
0.16336670,45.642986443,45.656305636
0.16342163,45.651952369,45.649033219
0.16347656,45.635574861,45.621645841
0.16353149,45.629085485,45.635108900
0.16358643,45.647612108,45.660591422
0.16364136,45.656155115,45.653132496
0.16369629,45.639718741,45.625837965
0.16375122,45.633087517,45.638938298
0.16380615,45.651164073,45.663859929
0.16386108,45.659384887,45.656304140
0.16391602,45.642971357,45.629175634
0.16397095,45.636272030,45.641987151
0.16402588,45.653971120,45.666419623
0.16408081,45.661932921,45.658821883
0.16413574,45.645591395,45.631902293
0.16419067,45.638868780,45.644471411
0.16424561,45.656236129,45.668460290
0.16430054,45.663975583,45.660848798
0.16435547,45.647726087,45.634149739
0.16441040,45.640987743,45.646480085
0.16446533,45.658014974,45.670006196
0.16452026,45.665484579,45.662306588
0.16457520,45.649212887,45.635675212
0.16463013,45.642253461,45.647510968
0.16468506,45.658604057,45.670160484
0.16473999,45.665271534,45.661725609
0.16479492,45.648182547,45.634221505
0.16484985,45.639894999,45.644290694
0.16490479,45.654119363,45.664436515
0.16495972,45.658194147,45.653308662
0.16501465,45.638231687,45.622768065
0.16506958,45.626472413,45.628933210
0.16512451,45.636609690,45.644773544
0.16517944,45.636649399,45.629850079
0.16523438,45.613262194,45.596254378
0.16528931,45.598720212,45.599899563
0.16534424,45.606927756,45.614363134
0.16539917,45.606581884,45.600024703
0.16545410,45.584702590,45.568880656
0.16550903,45.573164354,45.576103752
0.16556396,45.585474849,45.595194624
0.16561890,45.590330053,45.586644567
0.16567383,45.574460651,45.561777814
0.16572876,45.568880579,45.574674593
0.16578369,45.586475219,45.598658677
0.16583862,45.595965312,45.594485519
0.16589355,45.584052001,45.573177584
0.16594849,45.581316776,45.588214049
0.16600342,45.600511957,45.613233982
0.16605835,45.610837566,45.609676613
0.16611328,45.599334232,45.588582467
0.16616821,45.596408473,45.603025813
0.16622314,45.614807644,45.627020563
0.16627808,45.624220971,45.622647653
0.16633301,45.611965353,45.600879078
0.16638794,45.608176885,45.614279097
0.16644287,45.625484990,45.637115013
0.16649780,45.633950375,45.631994110
0.16655273,45.621068825,45.609739753
0.16660767,45.616640675,45.622356364
0.16666260,45.633130109,45.644320458
0.16671753,45.640929454,45.638729645
0.16677246,45.627689952,45.616247597
0.16682739,45.622872264,45.628323019
0.16688232,45.638774578,45.649636563
0.16693726,45.646113729,45.643766410
0.16699219,45.632694104,45.621221312
0.16704712,45.627645087,45.632906985
0.16710205,45.643104683,45.653707554
0.16715698,45.650110316,45.647673935
0.16721191,45.636618220,45.625164791
0.16726685,45.631434506,45.636554685
0.16732178,45.646541963,45.656929719
0.16737671,45.653293934,45.650805045
0.16743164,45.639796387,45.628393107
0.16748657,45.634539154,45.639548082
0.16754150,45.649353936,45.659555924
0.16759644,45.655904849,45.653387223
0.16765137,45.642445044,45.631111506
0.16770630,45.637154453,45.642072650
0.16776123,45.651717332,45.661754045
0.16781616,45.658103260,45.655572884
0.16787109,45.644709826,45.633458759
0.16792603,45.639413058,45.644254861
0.16798096,45.653753114,45.663639466
0.16803589,45.659999695,45.657467638
0.16809082,45.646692035,45.635531811
0.16814575,45.641407969,45.646183733
0.16820068,45.655546704,45.665293972
0.16825562,45.661672762,45.659146875
0.16831055,45.648464219,45.637400338
0.16836548,45.643206181,45.647923563
0.16842041,45.657159823,45.666776700
0.16847534,45.663179114,45.660664769
0.16853027,45.650077855,45.639113174
0.16858521,45.644853005,45.649516265
0.16864014,45.658629121,45.668119284
0.16869507,45.664541752,45.662036166
0.16875000,45.651532712,45.640655897
0.16880493,45.646307317,45.650895567
0.16885986,45.659842070,45.669165484
0.16891479,45.665527015,45.662953939
0.16896973,45.652397073,45.641478006
0.16902466,45.646827059,45.651135791
0.16907959,45.659593382,45.668440410
0.16913452,45.664274893,45.661184325
0.16918945,45.649940541,45.638363534
0.16924438,45.642604286,45.645844960
0.16929932,45.652853616,45.660278087
0.16935425,45.654528182,45.649868396
0.16940918,45.636892858,45.623605084
0.16946411,45.625863253,45.627135939
0.16951904,45.632174997,45.637611400
0.16957397,45.630291816,45.624014949
0.16962891,45.610005874,45.595630650
0.16968384,45.597358911,45.598038851
0.16973877,45.603270285,45.608813146
0.16979370,45.602626129,45.597388967
0.16984863,45.585319241,45.572814880
0.16990356,45.576926435,45.579947359
0.16995850,45.587885666,45.596103272
0.17001343,45.592881721,45.590595949
0.17006836,45.581445727,45.571883528
0.17012329,45.578468223,45.584010000
0.17017822,45.593938827,45.604192055
0.17023315,45.602592495,45.601970659
0.17028809,45.594005570,45.585682048
0.17034302,45.592858797,45.599047195
0.17039795,45.609145237,45.619600408
0.17045288,45.618009126,45.617412085
0.17050781,45.609313872,45.600878444
0.17056274,45.607655811,45.613465839
0.17061768,45.623050436,45.632994458
0.17067261,45.630989787,45.629970752
0.17072754,45.621523076,45.612740030
0.17078247,45.619053135,45.624406117
0.17083740,45.633512441,45.642971742
0.17089233,45.640646034,45.639292468
0.17094727,45.630617032,45.621605622
0.17100220,45.627589308,45.632619249
0.17105713,45.641382078,45.650491848
0.17111206,45.647970170,45.646408231
0.17116699,45.637618410,45.628493126
0.17122192,45.634251313,45.639063171
0.17127686,45.647576043,45.656431014
0.17133179,45.653794433,45.652106405
0.17138672,45.643272960,45.634105458
0.17144165,45.639702783,45.644361857
0.17149658,45.652683131,45.661342420
0.17155151,45.658641063,45.656877851
0.17160645,45.648044521,45.638879039
0.17166138,45.644356549,45.648904200
0.17171631,45.657071659,45.665573503
0.17177124,45.662839581,45.661033918
0.17182617,45.652228805,45.643093727
0.17188110,45.648478722,45.652942379
0.17193604,45.660981699,45.669352062
0.17199097,45.666607164,45.664781011
0.17204590,45.656022857,45.646937080
0.17210083,45.652248532,45.656647189
0.17215576,45.664576631,45.672833966
0.17221069,45.670093128,45.668261805
0.17226563,45.659563533,45.650540068
0.17232056,45.655791714,45.660139073
0.17237549,45.667972195,45.676130199
0.17243042,45.673404280,45.671578882
0.17248535,45.662949698,45.653997790
0.17254028,45.659199989,45.663506337
0.17259521,45.671253635,45.679322905
0.17265015,45.676620048,45.674808918
0.17270508,45.666255595,45.657382035
0.17276001,45.662542916,45.666816290
0.17281494,45.674486225,45.682475303
0.17286987,45.679801849,45.678011507
0.17292480,45.669539215,45.660749171
0.17297974,45.665875374,45.670122308
0.17303467,45.677721976,45.685638021
0.17308960,45.682999113,45.681234861
0.17314453,45.672847704,45.664145270
0.17319946,45.669242437,45.673468463
0.17325439,45.681004037,45.688853278
0.17330933,45.686253263,45.684519599
0.17336426,45.676220985,45.667609548
0.17341919,45.672682662,45.676892645
0.17347412,45.684369687,45.692157733
0.17352905,45.689600444,45.687901342
0.17358398,45.679694241,45.671176747
0.17363892,45.676230368,45.680428749
0.17369385,45.687852430,45.695584493
0.17374878,45.693073454,45.691412569
0.17380371,45.683299702,45.674878841
0.17385864,45.679917283,45.684108256
0.17391357,45.691483519,45.699164579
0.17396851,45.696703156,45.695083980
0.17402344,45.687067955,45.678746309
0.17407837,45.683773773,45.687961417
0.17413330,45.695293106,45.702928040
0.17418823,45.700519558,45.698945539
0.17424316,45.691028973,45.682809122
0.17429810,45.687829805,45.692018197
0.17435303,45.699311159,45.706904844
0.17440796,45.704552690,45.703027328
0.17446289,45.695212933,45.687097556
0.17451782,45.692115743,45.696309048
0.17457275,45.703568221,45.711125624
0.17462769,45.708833329,45.707360268
0.17468262,45.699650939,45.691642893
0.17473755,45.696663038,45.700865588
0.17479248,45.708096087,45.715622346
0.17484741,45.713393666,45.711976768
0.17490234,45.704375656,45.696478057
0.17495728,45.701504862,45.705721240
0.17501221,45.712928429,45.720428931
0.17506714,45.718267923,45.716911346
0.17512207,45.709421942,45.701638239
0.17517700,45.706676729,45.710911843
0.17523193,45.718101417,45.725581878
0.17528687,45.723492978,45.722201257
0.17534180,45.714827463,45.707161518
0.17539673,45.712217126,45.716476289
0.17545166,45.723654357,45.731120902
0.17550659,45.729109011,45.727887139
0.17556152,45.720633358,45.713089529
0.17561646,45.718168183,45.722457200
0.17567139,45.729630376,45.737089630
0.17572632,45.735160203,45.734013724
0.17578125,45.726884950,45.719468190
0.17583618,45.724576405,45.728901675
0.17589111,45.736077173,45.743536363
0.17594604,45.741695514,45.740630624
0.17600098,45.733632553,45.726348508
0.17605591,45.731493504,45.735862124
0.17611084,45.743047879,45.750514948
0.17616577,45.748769565,45.747793232
0.17622070,45.740932381,45.733787518
0.17627563,45.738977340,45.743397237
0.17633057,45.750602036,45.758085772
0.17638550,45.756443660,45.755563759
0.17644043,45.748847609,45.741849354
0.17649536,45.747093031,45.751573104
0.17655029,45.758806742,45.766316937
0.17660522,45.764786977,45.764012452
0.17666016,45.757449616,45.750606526
0.17671509,45.755914237,45.760464542
0.17677002,45.767738006,45.775285640
0.17682495,45.773877978,45.773219036
0.17687988,45.766819463,45.760141421
0.17693481,45.765524715,45.770156666
0.17698975,45.777482356,45.785079815
0.17704468,45.783806099,45.783274436
0.17709961,45.777049649,45.770548109
0.17715454,45.776020152,45.780746780
0.17720947,45.788138777,45.795800118
0.17726440,45.794673774,45.794282854
0.17731934,45.788246244,45.781934518
0.17737427,45.787510404,45.792346657
0.17742920,45.799821046,45.807562321
0.17748413,45.806598890,45.806364283
0.17753906,45.800531463,45.794425079
0.17759399,45.800122203,45.805085325
0.17764893,45.812660586,45.820500232
0.17770386,45.819717788,45.819657582
0.17775879,45.814046828,45.808163959
0.17781372,45.814002480,45.819112464
0.17786865,45.826809964,45.834769289
0.17792358,45.834188950,45.834324259
0.17797852,45.828957047,45.823319053
0.17803345,45.829322464,45.834602623
0.17808838,45.842447215,45.850550995
0.17814331,45.850197559,45.850553160
0.17819824,45.845454838,45.840086934
0.17825317,45.846282773,45.851760446
0.17830811,45.859781225,45.868058454
0.17836304,45.867961199,45.868566320
0.17841797,45.863766955,45.858699048
0.17847290,45.865119793,45.870827236
0.17852783,45.879058486,45.887543321
0.17858276,45.887737007,45.888626330
0.17863770,45.884161774,45.879429524
0.17869263,45.886113730,45.892089241
0.17874756,45.900571641,45.909304597
0.17880249,45.909830752,45.911045684
0.17885742,45.906958935,45.902605112
0.17891235,45.909598857,45.915888218
0.17896729,45.924670387,45.933699874
0.17902222,45.934608432,45.936198741
0.17907715,45.932541699,45.928617920
0.17913208,45.935976680,45.942635014
0.17918701,45.951775509,45.961159815
0.17924194,45.962511257,45.964537189
0.17929687,45.961372936,45.957941932
0.17935181,45.965733018,45.972827216
0.17940674,45.982397144,45.992207027
0.17946167,45.994075173,45.996610229
0.17951660,45.994016026,45.991154619
0.17957153,45.999460396,46.007072302
0.17962646,46.017158771,46.027480887
0.17968140,46.029956607,46.033091226
0.17973633,46.031162497,46.028965555
0.17979126,46.037887726,46.046118400
0.17984619,46.056829137,46.067770620
0.17990112,46.070966809,46.074813300
0.17995605,46.073669003,46.072254761
0.18001099,46.081920164,46.090895624
0.18006592,46.102365235,46.114059908
0.18012085,46.118118252,46.122817510
0.18017578,46.122607459,46.122124785
0.18023071,46.132693329,46.142572422
0.18028564,46.154970997,46.167587905
0.18034058,46.172688225,46.178418990
0.18039551,46.179334006,46.179972465
0.18045044,46.191648169,46.202633512
0.18050537,46.216178647,46.229933967
0.18056030,46.236307321,46.243299164
0.18061523,46.245585370,46.247589386
0.18067017,46.260635996,46.272989451
0.18072510,46.287963329,46.303137291
0.18078003,46.311084671,46.319636513
0.18083496,46.323615833,46.327304989
0.18088989,46.342068475,46.356133423
0.18094482,46.372907528,46.389868892
0.18099976,46.399788419,46.410295456
0.18105469,46.416395570,46.422194263
0.18110962,46.439135857,46.455369900
0.18116455,46.474441508,46.493683665
0.18121948,46.506110936,46.519104551
0.18127441,46.527903553,46.536385170
0.18132935,46.556130858,46.575154774
0.18138428,46.597201849,46.619397127
0.18143921,46.635066157,46.651274208
0.18149414,46.663568305,46.675522188
0.18154907,46.698937900,46.721610015
0.18160400,46.747574637,46.773656835
0.18165894,46.793592357,46.814030521
0.18171387,46.830935529,46.847467511
0.18176880,46.875769433,46.903295084
0.18182373,46.934500732,46.965781859
0.18187866,46.991418936,47.017510483
0.18193359,47.040574091,47.063220294
0.18198853,47.098061568,47.132083810
0.18204346,47.170264685,47.208472485
0.18209839,47.241576622,47.275087306
0.18215332,47.306021234,47.336504632
0.18220825,47.379409220,47.421479971
0.18226318,47.467776751,47.514103049
0.18231812,47.555174201,47.596684097
0.18237305,47.635045843,47.673035969
0.18242798,47.722313974,47.770884664
0.18248291,47.822122393,47.873551504
0.18253784,47.917860097,47.962794498
0.18259277,48.002508140,48.042046870
0.18264771,48.090842630,48.139100331
0.18270264,48.188575281,48.238337084
0.18275757,48.280525027,48.323332508
0.18281250,48.361610907,48.399601470
0.18286743,48.448626800,48.496903135
0.18292236,48.549116553,48.601337993
0.18297729,48.649127388,48.697251283
0.18303223,48.743625880,48.789491798
0.18308716,48.848145936,48.905934709
0.18314209,48.968248211,49.030556026
0.18319702,49.088062639,49.145959407
0.18325195,49.201299465,49.256194303
0.18330688,49.323426461,49.389782378
0.18336182,49.461479526,49.533022884
0.18341675,49.602192014,49.671469903
0.18347168,49.741728293,49.811205185
0.18352661,49.896474768,49.980601054
0.18358154,50.072013216,50.163212695
0.18363647,50.251003137,50.339170347
0.18369141,50.423355119,50.507395925
0.18374634,50.598513513,50.689416012
0.18380127,50.776724741,50.864852175
0.18385620,50.938923569,51.014270622
0.18391113,51.077760135,51.141649992
0.18396606,51.209571927,51.277312404
0.18402100,51.344346281,51.411683812
0.18407593,51.473339502,51.535310524
0.18413086,51.597457902,51.658804078
0.18418579,51.737396363,51.814590199
0.18424072,51.903248011,51.991164660
0.18429565,52.082877294,52.174153134
0.18435059,52.271593853,52.367809483
0.18440552,52.483902526,52.598454983
0.18446045,52.724629676,52.850116328
0.18451538,52.978005289,53.105630375
0.18457031,53.237112779,53.367612893
0.18462524,53.515165730,53.661454147
0.18468018,53.816378511,53.970902423
0.18473511,54.124758970,54.278655752
0.18479004,54.433049301,54.586808526
0.18484497,54.753595251,54.919543972
0.18489990,55.089080164,55.258761226
0.18495483,55.421210217,55.584406156
0.18500977,55.739650114,55.895138899
0.18506470,56.053528367,56.212072391
0.18511963,56.363500533,56.516052516
0.18517456,56.651688460,56.788879294
0.18522949,56.911159584,57.034168464
0.18528442,57.157323575,57.280671056
0.18533936,57.399365560,57.518719288
0.18539429,57.628924165,57.739746265
0.18544922,57.847961251,57.955587635
0.18550415,58.078981708,58.200987122
0.18555908,58.336064156,58.470074930
0.18561401,58.613465939,58.755730138
0.18566895,58.913373577,59.068793520
0.18572388,59.256094638,59.440605027
0.18577881,59.651149262,59.859592735
0.18583374,60.085650692,60.310075158
0.18588867,60.551596272,60.791075599
0.18594360,61.056108896,61.319326760
0.18599854,61.593627639,61.867599534
0.18605347,62.136261659,62.405729512
0.18610840,62.663607499,62.922269878
0.18616333,63.175850571,63.430414338
0.18621826,63.668421547,63.908404915
0.18627319,64.123202254,64.340218464
0.18632813,64.536977059,64.734801428
0.18638306,64.931468883,65.128235020
0.18643799,65.324070740,65.520019780
0.18649292,65.714871928,65.909484625
0.18654785,66.111476025,66.311974284
0.18660278,66.537023462,66.760005450
0.18665771,67.001041598,67.240816011
0.18671265,67.488359500,67.735313902
0.18676758,67.987076194,68.238042702
0.18682251,68.500637341,68.762711043
0.18687744,69.022790965,69.283654616
0.18693237,69.529267330,69.776449538
0.18698730,70.006340090,70.237382793
0.18704224,70.461664208,70.686955043
0.18709717,70.896995520,71.108858794
0.18715210,71.297366041,71.488023339
0.18720703,71.657690476,71.828702442
0.18726196,71.992948748,72.158054009
0.18731689,72.311406156,72.466097707
0.18737183,72.604411973,72.744068329
0.18742676,72.873017953,73.002209600
0.18748169,73.137753912,73.272811662
0.18753662,73.411421919,73.549858043
0.18759155,73.688465426,73.826831530
0.18764648,73.971150063,74.114170292
0.18770142,74.279063631,74.442097314
0.18775635,74.621680191,74.800033628
0.18781128,74.987229641,75.173622399
0.18786621,75.368462628,75.562077567
0.18792114,75.772885293,75.982558187
0.18797607,76.197747942,76.412924268
0.18803101,76.622262703,76.832190320
0.18808594,77.036205695,77.240187143
0.18814087,77.451203256,77.661775083
0.18819580,77.874096978,78.086519449
0.18825073,78.294840863,78.503501310
0.18830566,78.709716605,78.915697021
0.18836060,79.129006874,79.342129605
0.18841553,79.550657043,79.760192353
0.18847046,79.952415206,80.146387986
0.18852539,80.321460056,80.497746397
0.18858032,80.667955748,80.838857071
0.18863525,81.001146812,81.164285409
0.18869019,81.318576651,81.473349451
0.18874512,81.628089921,81.782078672
0.18880005,81.952340202,82.121395438
0.18885498,82.298449155,82.475357236
0.18890991,82.646213884,82.818035903
0.18896484,82.975341736,83.133907483
0.18901978,83.280005282,83.427888682
0.18907471,83.549667050,83.674306170
0.18912964,83.764874112,83.858403104
0.18918457,83.925241876,83.993620963
0.18923950,84.057657301,84.121920266
0.18929443,84.186018021,84.250091142
0.18934937,84.315102212,84.379833189
0.18940430,84.450225781,84.519620621
0.18945923,84.604182051,84.687870274
0.18951416,84.773407254,84.859392976
0.18956909,84.933296061,85.008458118
0.18962402,85.069876880,85.131942082
0.18967896,85.194999092,85.257878744
0.18973389,85.323844580,85.389279536
0.18978882,85.463725587,85.536691911
0.18984375,85.633455135,85.727004839
0.18989868,85.865012530,85.999035640
0.18995361,86.171234734,86.340491308
0.19000854,86.531840959,86.721771682
0.19006348,86.918236960,87.114452851
0.19011841,87.307648332,87.502317036
0.19017334,87.666709046,87.834933374
0.19022827,87.951745717,88.073600123
0.19028320,88.141773908,88.214198926
0.19033813,88.252483132,88.293564077
0.19039307,88.311311679,88.330598647
0.19044800,88.342814435,88.354647427
0.19050293,88.384218263,88.410778363
0.19055786,88.484346155,88.553383124
0.19061279,88.670076283,88.782721953
0.19066772,88.931490305,89.077429425
0.19072266,89.245503075,89.411903927
0.19077759,89.589311258,89.767033283
0.19083252,89.924271860,90.084693231
0.19088745,90.196843290,90.314091978
0.19094238,90.372543378,90.436090673
0.19099731,90.452198806,90.472625458
0.19105225,90.450682902,90.432178311
0.19110718,90.385808706,90.340914031
0.19116211,90.296046542,90.249518298
0.19121704,90.240307803,90.226967473
0.19127197,90.263791554,90.295730169
0.19132690,90.380137253,90.459620791
0.19138184,90.589852413,90.715338324
0.19143677,90.888217243,91.057869129
0.19149170,91.244831213,91.431630493
0.19154663,91.601706765,91.774451582
0.19160156,91.906361177,92.042457818
0.19165649,92.130403109,92.223593868
0.19171143,92.253886886,92.290319568
0.19176636,92.261331847,92.237868979
0.19182129,92.166335914,92.097796393
0.19187622,92.017284454,91.936944297
0.19193115,91.867046544,91.795243228
0.19198608,91.755123172,91.710988773
0.19204102,91.721743596,91.726212794
0.19209595,91.808669542,91.883962004
0.19215088,92.030548163,92.171138726
0.19220581,92.364497654,92.553706247
0.19226074,92.775609078,92.995055694
0.19231567,93.230959715,93.466835946
0.19237061,93.683536628,93.903510729
0.19242554,94.071403422,94.245084229
0.19248047,94.348451106,94.458450748
0.19253540,94.499263055,94.546921214
0.19259033,94.519945434,94.499873857
0.19264526,94.410722188,94.327200495
0.19270020,94.197466826,94.070425779
0.19275513,93.936062558,93.801381203
0.19281006,93.682823034,93.561826711
0.19286499,93.477965748,93.389609453
0.19291992,93.360713662,93.325128743
0.19297485,93.371422847,93.410160011
0.19302979,93.524645623,93.632642552
0.19308472,93.799484207,93.961506220
0.19313965,94.164399990,94.363969886
0.19319458,94.590225576,94.815400824
0.19324951,95.033387250,95.253485081
0.19330444,95.433851957,95.618910057
0.19335938,95.744041007,95.875005294
0.19341431,95.942680491,96.016905030
0.19346924,96.016178716,96.022705454
0.19352417,95.952425740,95.888842285
0.19357910,95.763712185,95.643010057
0.19363403,95.493427468,95.345712687
0.19368896,95.189671850,95.033481579
0.19374390,94.891091141,94.746215851
0.19379883,94.642555007,94.533577101
0.19385376,94.496863750,94.453012747
0.19390869,94.486877471,94.513514980
0.19396362,94.613729855,94.707195916
0.19401855,94.868384213,95.023249090
0.19407349,95.241797101,95.455407886
0.19412842,95.706382071,95.955053809
0.19418335,96.212277077,96.469633786
0.19423828,96.714138291,96.960274027
0.19429321,97.183407258,97.409770012
0.19434814,97.589200253,97.773974595
0.19440308,97.892100795,98.016925327
0.19445801,98.067732460,98.125238368
0.19451294,98.116310859,98.113858649
0.19456787,98.041827127,97.976302382
0.19462280,97.844625435,97.718544519
0.19467773,97.543420134,97.371570957
0.19473267,97.182396090,96.994086508
0.19478760,96.806690848,96.618401577
0.19484253,96.449978778,96.278648132
0.19489746,96.151018847,96.017978950
0.19495239,95.956432123,95.887903273
0.19500732,95.894474662,95.894093251
0.19506226,95.964132948,96.027707301
0.19511719,96.156286918,96.278747009
0.19517212,96.463507800,96.643353014
0.19522705,96.861760730,97.077616498
0.19528198,97.306355554,97.534687346
0.19533691,97.757447331,97.981040623
0.19539185,98.191323510,98.403821995
0.19544678,98.581136555,98.762633084
0.19550171,98.890144154,99.023184937
0.19555664,99.093903481,99.170335320
0.19561157,99.188979527,99.213467647
0.19566650,99.172494169,99.137891635
0.19572144,99.035251604,98.938691813
0.19577637,98.784130754,98.634003753
0.19583130,98.450585190,98.269778496
0.19588623,98.068797978,97.869045775
0.19594116,97.665576964,97.461432671
0.19599609,97.277869815,97.090952167
0.19605103,96.955949304,96.815546383
0.19610596,96.737310170,96.652993792
0.19616089,96.634507724,96.609627995
0.19621582,96.653599828,96.690763021
0.19627075,96.801511287,96.905995710
0.19632568,97.066592353,97.222768457
0.19638062,97.413861161,97.602335570
0.19643555,97.809813082,98.015736462
0.19649048,98.233991446,98.451993966
0.19654541,98.661024721,98.871744491
0.19660034,99.054549332,99.240460144
0.19665527,99.388654202,99.540360212
0.19671021,99.655485334,99.774668872
0.19676514,99.844011044,99.918607024
0.19682007,99.932012343,99.951373477
0.19687500,99.907195059,99.868630558
0.19692993,99.776066620,99.688763361
0.19698486,99.544949529,99.406432207
0.19703979,99.213952545,99.026015767
0.19709473,98.798670418,98.573838651
0.19714966,98.337731582,98.102037233
0.19720459,97.870456943,97.637784012
0.19725952,97.425722476,97.210788820
0.19731445,97.037837630,96.859735399
0.19736938,96.749264798,96.632201207
0.19742432,96.585928517,96.533093199
0.19747925,96.546842379,96.554468754
0.19753418,96.623788338,96.687286307
0.19758911,96.810226194,96.928463214
0.19764404,97.083785860,97.236638161
0.19769897,97.402222186,97.567395546
0.19775391,97.727211125,97.887865827
0.19780884,98.034831695,98.184061496
0.19786377,98.297428873,98.415068630
0.19791870,98.477404532,98.545458983
0.19797363,98.548376983,98.557364284
0.19802856,98.503758042,98.456495793
0.19808350,98.338011881,98.226463338
0.19813843,98.040753970,97.861719812
0.19819336,97.618297635,97.379920408
0.19824829,97.101872309,96.826984619
0.19830322,96.526931996,96.228507719
0.19835815,95.923081429,95.617255967
0.19841309,95.329501174,95.038662043
0.19846802,94.796450675,94.549228394
0.19852295,94.359002943,94.163371711
0.19857788,94.024002918,93.879490805
0.19863281,93.786215968,93.688307987
0.19868774,93.634720539,93.578238239
0.19874268,93.535017365,93.492111607
0.19879761,93.426030391,93.363560900
0.19885254,93.245844265,93.134315794
0.19890747,92.945453092,92.765408603
0.19896240,92.474550318,92.195476121
0.19901733,91.777548774,91.373607392
0.19907227,90.813718385,90.268912454
0.19912720,89.562007611,88.871490654
0.19918213,87.996655101,87.140483956
0.19923706,86.074261766,85.029128115
0.19929199,83.749036148,82.492193271
0.19934692,80.979361342,79.492510132
0.19940186,77.712824941,75.962369649
0.19945679,73.888978356,71.846788451
0.19951172,69.472923206,67.129681398
0.19956665,64.477824945,61.853841965
0.19962158,58.957987999,56.085215485
0.19967651,53.007413364,49.944960740
0.19973145,46.775764111,43.611439366
0.19978638,40.462773880,37.307849219
0.19984131,34.278890543,31.233583083
0.19989624,28.414630287,25.570418916
0.19995117,23.037641034,20.472321674
0.20000610,18.283135378,16.057273095
0.20006104,14.226022109,12.357592387
0.20011597,10.873606602,9.354172606
0.20017090,8.191841281,6.996948931
0.20022583,6.124404312,5.223642972
0.20028076,4.587540037,3.928772901
0.20033569,3.476140313,3.006002827
0.20039063,2.693413035,2.367241030
0.20044556,2.165249400,1.953174937
0.20050049,1.825197573,1.690599797
0.20055542,1.608489499,1.522203023
0.20061035,1.470045079,1.414794740
0.20066528,1.389482444,1.361951488
0.20072021,1.349837807,1.336742017
0.20077515,1.328164965,1.319294073
0.20083008,1.312294575,1.304781738
0.20088501,1.306225882,1.307108427
0.20093994,1.310217151,1.313374698
0.20099487,1.312998133,1.312953049
0.20104980,1.309951242,1.306810637
0.20110474,1.309743183,1.312335261
0.20115967,1.315489178,1.318817465
0.20121460,1.317696815,1.316975875
0.20126953,1.312812434,1.308546218
0.20132446,1.310103899,1.311335687
0.20137939,1.313090665,1.315016414
0.20143433,1.312619856,1.310606985
0.20148926,1.305367145,1.300002853
0.20154419,1.300706778,1.301058498
0.20159912,1.302247931,1.303575543
0.20165405,1.300953792,1.298680121
0.20170898,1.293551876,1.288265991
0.20176392,1.289370264,1.290091760
0.20181885,1.291970657,1.293957509
0.20187378,1.292307020,1.290977384
0.20192871,1.287045080,1.282935730
0.20198364,1.285364711,1.287398960
0.20203857,1.290688941,1.294079507
0.20209351,1.293882682,1.294005836
0.20214844,1.291484338,1.288795295
0.20220337,1.292478170,1.295784677
0.20225830,1.300123094,1.304585069
0.20231323,1.305196174,1.306155090
0.20236816,1.304141442,1.301995001
0.20242310,1.305814967,1.309296966
0.20247803,1.313412076,1.317687022
0.20253296,1.317751083,1.318196202
0.20258789,1.315332173,1.312367025
0.20264282,1.315044439,1.317410843
0.20269775,1.320177751,1.323121812
0.20275269,1.321733060,1.320733577
0.20280762,1.316380199,1.311928169
0.20286255,1.313118277,1.313993168
0.20291748,1.315366663,1.316903754
0.20297241,1.314301422,1.312067977
0.20302734,1.306717131,1.301245353
0.20308228,1.301648894,1.301713167
0.20313721,1.302551873,1.303526188
0.20319214,1.300674461,1.298162155
0.20324707,1.292834917,1.287360215
0.20330200,1.288013216,1.288302743
0.20335693,1.289623303,1.291054612
0.20341187,1.288924315,1.287109600
0.20346680,1.282711355,1.278146626
0.20352173,1.279873668,1.281222133
0.20357666,1.283753760,1.286381971
0.20363159,1.285591114,1.285104466
0.20368652,1.282123662,1.278971887
0.20374146,1.282110498,1.284872323
0.20379639,1.288777678,1.292784851
0.20385132,1.293297580,1.294124851
0.20390625,1.292307787,1.290338649
0.20396118,1.294406272,1.298122955
0.20401611,1.302691269,1.307389988
0.20407104,1.308283117,1.309522094
0.20412598,1.307766043,1.305893637
0.20418091,1.309657366,1.313107081
0.20423584,1.317037802,1.321131644
0.20429077,1.321108426,1.321458842
0.20434570,1.318545506,1.315540317
0.20440063,1.317931225,1.320026831
0.20445557,1.322460390,1.325065931
0.20451050,1.323520126,1.322348063
0.20456543,1.317949264,1.313453702
0.20462036,1.314425727,1.315092172
0.20467529,1.316248378,1.317558845
0.20473022,1.314943115,1.312678609
0.20478516,1.307435155,1.302072358
0.20484009,1.302403492,1.302406510
0.20489502,1.303148314,1.304019719
0.20494995,1.301233837,1.298774439
0.20500488,1.293583042,1.288251258
0.20505981,1.288805650,1.289013600
0.20511475,1.290153463,1.291404079
0.20516968,1.289199498,1.287303121
0.20522461,1.282852904,1.278247657
0.20527954,1.279655606,1.280704793
0.20533447,1.282818448,1.285029667
0.20538940,1.283929577,1.283125053
0.20544434,1.279883987,1.276479454
0.20549927,1.279144382,1.281445749
0.20555420,1.284854864,1.288357964
0.20560913,1.288578387,1.289094033
0.20566406,1.287144563,1.285038446
0.20571899,1.288880625,1.292372583
0.20577393,1.296809758,1.301357819
0.20582886,1.302426294,1.303811417
0.20588379,1.302471378,1.301003102
0.20593872,1.305141882,1.308963490
0.20599365,1.313377635,1.317935625
0.20604858,1.318675343,1.319763889
0.20610352,1.317789824,1.315720070
0.20615845,1.318914016,1.321820632
0.20621338,1.325043916,1.328433418
0.20626831,1.327818248,1.327566741
0.20632324,1.324132647,1.320612560
0.20637817,1.322279008,1.323661385
0.20643311,1.325378263,1.327255502
0.20648804,1.325240274,1.323575775
0.20654297,1.318890845,1.314104215
0.20659790,1.314674280,1.314942069
0.20665283,1.315760642,1.316717261
0.20670776,1.314035358,1.311680265
0.20676270,1.306550532,1.301297773
0.20681763,1.301601471,1.301583878
0.20687256,1.302316812,1.303168586
0.20692749,1.300584260,1.298308708
0.20698242,1.293430699,1.288415776
0.20703735,1.289074013,1.289399823
0.20709229,1.290593961,1.291895137
0.20714722,1.289890237,1.288182319
0.20720215,1.283986958,1.279645488
0.20725708,1.281054109,1.282122278
0.20731201,1.284152360,1.286279503
0.20736694,1.285217267,1.284441300
0.20742188,1.281283562,1.277971595
0.20747681,1.280472511,1.282626918
0.20753174,1.285807736,1.289079440
0.20758667,1.289225006,1.289652576
0.20764160,1.287718903,1.285632541
0.20769653,1.289300622,1.292629285
0.20775146,1.296890677,1.301253271
0.20780640,1.302362145,1.303767948
0.20786133,1.302619279,1.301340231
0.20791626,1.305534717,1.309417741
0.20797119,1.313925708,1.318564444
0.20802612,1.319635197,1.321033622
0.20808105,1.319543958,1.317956934
0.20813599,1.321484369,1.324732622
0.20819092,1.328292480,1.332009888
0.20824585,1.331916257,1.332171052
0.20830078,1.329349308,1.326446610
0.20835571,1.328508424,1.330301337
0.20841064,1.332349073,1.334555495
0.20846558,1.332991468,1.331769334
0.20852051,1.327571208,1.323281650
0.20857544,1.324079929,1.324595014
0.20863037,1.325547012,1.326638140
0.20868530,1.324190176,1.322061805
0.20874023,1.317192932,1.312211791
0.20879517,1.312518960,1.312523678
0.20885010,1.313169583,1.313935018
0.20890503,1.311367350,1.309101003
0.20895996,1.304267396,1.299307707
0.20901489,1.299749754,1.299878970
0.20906982,1.300753472,1.301737555
0.20912476,1.299492224,1.297539381
0.20917969,1.293097707,1.288524536
0.20923462,1.289386546,1.289932138
0.20928955,1.291266402,1.292705150
0.20934448,1.290979106,1.289539479
0.20939941,1.285672483,1.281669304
0.20945435,1.283138193,1.284286038
0.20950928,1.286285671,1.288382338
0.20956421,1.287409291,1.286713503
0.20961914,1.283686254,1.280515010
0.20967407,1.282883145,1.284923264
0.20972900,1.287895442,1.290956512
0.20978394,1.291037814,1.291388991
0.20983887,1.289469332,1.287402779
0.20989380,1.290871405,1.294013573
0.20994873,1.298056661,1.302192817
0.21000366,1.303288364,1.304662247
0.21005859,1.303641146,1.302488907
0.21011353,1.306658948,1.310524434
0.21016846,1.315040935,1.319675240
0.21022339,1.320996600,1.322623800
0.21027832,1.321546827,1.320370191
0.21033325,1.324162868,1.327683664
0.21038818,1.331525657,1.335514763
0.21044312,1.335909420,1.336635044
0.21049805,1.334413381,1.332114091
0.21055298,1.334569762,1.336770304
0.21060791,1.339163229,1.341711385
0.21066284,1.340631238,1.339882388
0.21071777,1.336217971,1.332471490
0.21077271,1.333546367,1.334356747
0.21082764,1.335496261,1.336775232
0.21088257,1.334624447,1.332785134
0.21093750,1.328248043,1.323609054
0.21099243,1.323989775,1.324086512
0.21104736,1.324724354,1.325481052
0.21110229,1.323027849,1.320866293
0.21115723,1.316199414,1.311414816
0.21121216,1.311786330,1.311861403
0.21126709,1.312601953,1.313449742
0.21132202,1.311205599,1.309243153
0.21137695,1.304862420,1.300357965
0.21143188,1.301046147,1.301434428
0.21148682,1.302524825,1.303718473
0.21154175,1.301867349,1.300293856
0.21159668,1.296338327,1.292256989
0.21165161,1.293375327,1.294192223
0.21170654,1.295738958,1.297384992
0.21176147,1.296043263,1.294973462
0.21181641,1.291583753,1.288063152
0.21187134,1.289787182,1.291204329
0.21192627,1.293423365,1.295733517
0.21198120,1.295157164,1.294843119
0.21203613,1.292308296,1.289634609
0.21209106,1.292272394,1.294596770
0.21214600,1.297793456,1.301074550
0.21220093,1.301537836,1.302258470
0.21225586,1.300788530,1.299180004
0.21231079,1.302841749,1.306195521
0.21236572,1.310345327,1.314588270
0.21242065,1.315901823,1.317485984
0.21247559,1.316705807,1.315807200
0.21253052,1.319923986,1.323758327
0.21258545,1.328105670,1.332573519
0.21264038,1.333818911,1.335363618
0.21269531,1.334232090,1.333012937
0.21275024,1.336474798,1.339684359
0.21280518,1.343113131,1.346687658
0.21286011,1.346808817,1.347249027
0.21291504,1.344833694,1.342346251
0.21296997,1.344399170,1.346209479
0.21302490,1.348184623,1.350306783
0.21307983,1.349010622,1.348027620
0.21313477,1.344281682,1.340453820
0.21318970,1.341283512,1.341857068
0.21324463,1.342767116,1.343805836
0.21329956,1.341642350,1.339771147
0.21335449,1.335358113,1.330843467
0.21340942,1.331177288,1.331236700
0.21346436,1.331825537,1.332524669
0.21351929,1.330213126,1.328176917
0.21357422,1.323759078,1.319226862
0.21362915,1.319647620,1.319784593
0.21368408,1.320542472,1.321402179
0.21373901,1.319335995,1.317538242
0.21379395,1.313415430,1.309174941
0.21384888,1.309897820,1.310335924
0.21390381,1.311405800,1.312576029
0.21395874,1.310840481,1.309371880
0.21401367,1.305587327,1.301685570
0.21406860,1.302727459,1.303485744
0.21412354,1.304872936,1.306359655
0.21417847,1.304962217,1.303829488
0.21423340,1.300405522,1.296862785
0.21428833,1.298272277,1.299396181
0.21434326,1.301184977,1.303068417
0.21439819,1.302136313,1.301461969
0.21445312,1.298573352,1.295559353
0.21450806,1.297559776,1.299267683
0.21456299,1.301726056,1.304269895
0.21461792,1.304106182,1.304190245
0.21467285,1.302159464,1.299995567
0.21472778,1.302906827,1.305520096
0.21478271,1.308937122,1.312435055
0.21483765,1.313265138,1.314341173
0.21489258,1.313295097,1.312119953
0.21494751,1.315936619,1.319464967
0.21500244,1.323673653,1.327976547
0.21505737,1.329451319,1.331189714
0.21511230,1.330589106,1.329883177
0.21516724,1.333883009,1.337622480
0.21522217,1.341740702,1.345981629
0.21527710,1.347097848,1.348505918
0.21533203,1.347278563,1.345974329
0.21538696,1.349077377,1.351946141
0.21544189,1.354950643,1.358097804
0.21549683,1.357950659,1.358108906
0.21555176,1.355521789,1.352866499
0.21560669,1.354551461,1.356005004
0.21566162,1.357608917,1.359350608
0.21571655,1.357891990,1.356727747
0.21577148,1.352958334,1.349106910
0.21582642,1.349748537,1.350142523
0.21588135,1.350877993,1.351731747
0.21593628,1.349604617,1.347751198
0.21599121,1.343504994,1.339158258
0.21604614,1.339478936,1.339535636
0.21610107,1.340101956,1.340770811
0.21615601,1.338619611,1.336728143
0.21621094,1.332572510,1.328306455
0.21626587,1.328783671,1.328990212
0.21632080,1.329770370,1.330647154
0.21637573,1.328762649,1.327133279
0.21643066,1.323274351,1.319303554
0.21648560,1.320069848,1.320565994
0.21654053,1.321631396,1.322793418
0.21659546,1.321198659,1.319859018
0.21665039,1.316283819,1.312598630
0.21670532,1.313616202,1.314366376
0.21676025,1.315663837,1.317059207
0.21681519,1.315693515,1.314583432
0.21687012,1.311230510,1.307769318
0.21692505,1.308981745,1.309928795
0.21697998,1.311411815,1.312992799
0.21703491,1.311824157,1.310909894
0.21708984,1.307766464,1.304514248
0.21714478,1.305933057,1.307085738
0.21719971,1.308795261,1.310599490
0.21725464,1.309703465,1.309056730
0.21730957,1.306238104,1.303305809
0.21736450,1.305090400,1.306603374
0.21741943,1.308745213,1.310973639
0.21747437,1.310601913,1.310469745
0.21752930,1.308269097,1.305945923
0.21758423,1.308421605,1.310617450
0.21763916,1.313533551,1.316527279
0.21769409,1.317016709,1.317737645
0.21774902,1.316459419,1.315054544
0.21780396,1.318461664,1.321588902
0.21785889,1.325421395,1.329334283
0.21791382,1.330695547,1.332295287
0.21796875,1.331790242,1.331172085
0.21802368,1.335181646,1.338930527
0.21807861,1.343162629,1.347497371
0.21813354,1.349032542,1.350831262
0.21818848,1.350243067,1.349570356
0.21824341,1.353205842,1.356610362
0.21829834,1.360196338,1.363911980
0.21835327,1.364565881,1.365506749
0.21840820,1.363834181,1.362097470
0.21846313,1.364472575,1.366632153
0.21851807,1.368852980,1.371211273
0.21857300,1.370471263,1.370018984
0.21862793,1.366978458,1.363869873
0.21868286,1.364934864,1.365775710
0.21873779,1.366802699,1.367952867
0.21879272,1.366183520,1.364683959
0.21884766,1.360794541,1.356818783
0.21890259,1.357201971,1.357342876
0.21895752,1.357866223,1.358493823
0.21901245,1.356402232,1.354562324
0.21906738,1.350508963,1.346354587
0.21912231,1.346687890,1.346767259
0.21917725,1.347343875,1.348014237
0.21923218,1.346069422,1.344367611
0.21928711,1.340526955,1.336580221
0.21934204,1.337150318,1.337463992
0.21939697,1.338297795,1.339223108
0.21945190,1.337556653,1.336131626
0.21950684,1.332575132,1.328913298
0.21956177,1.329744117,1.330320540
0.21961670,1.331399604,1.332571289
0.21967163,1.331145741,1.329962368
0.21972656,1.326635866,1.323206227
0.21978149,1.324234046,1.325010286
0.21983643,1.326266621,1.327616982
0.21989136,1.326363883,1.325353641
0.21994629,1.322190962,1.318927027
0.22000122,1.320089897,1.321003519
0.22005615,1.322380464,1.323852256
0.22011108,1.322720874,1.321832382
0.22016602,1.318789350,1.315646221
0.22022095,1.316907286,1.317920630
0.22027588,1.319389417,1.320952975
0.22033081,1.319923783,1.319136463
0.22038574,1.316204654,1.313172628
0.22044067,1.314537212,1.315654024
0.22049561,1.317236928,1.318912578
0.22055054,1.318028756,1.317383389
0.22060547,1.314631649,1.311776648
0.22066040,1.313344515,1.314661095
0.22071533,1.316493758,1.318413190
0.22077026,1.317850433,1.317518386
0.22082520,1.315165120,1.312701054
0.22088013,1.314733331,1.316506484
0.22093506,1.318888665,1.321347954
0.22098999,1.321435581,1.321743677
0.22104492,1.320133075,1.318403434
0.22109985,1.321238532,1.323808388
0.22115479,1.327046201,1.330356156
0.22120972,1.331337063,1.332536232
0.22126465,1.331815006,1.330977962
0.22131958,1.334634364,1.338034062
0.22137451,1.341989953,1.346030256
0.22142944,1.347591252,1.349387106
0.22148438,1.349058678,1.348636670
0.22153931,1.352441034,1.356014913
0.22159424,1.359860691,1.363817899
0.22164917,1.365012833,1.366469550
0.22170410,1.365519481,1.364502806
0.22175903,1.367430822,1.370153033
0.22181396,1.372916137,1.375809772
0.22186890,1.375777005,1.376019139
0.22192383,1.373747933,1.371418438
0.22197876,1.372971212,1.374320840
0.22203369,1.375725111,1.377255396
0.22208862,1.375946114,1.374901451
0.22214355,1.371475485,1.367978025
0.22219849,1.368510488,1.368824208
0.22225342,1.369375411,1.370034092
0.22230835,1.368060718,1.366332372
0.22236328,1.362424814,1.358427976
0.22241821,1.358630512,1.358598478
0.22247314,1.358966075,1.359426069
0.22252808,1.357406789,1.355619219
0.22258301,1.351775622,1.347833108
0.22263794,1.348166227,1.348258081
0.22269287,1.348812940,1.349454457
0.22274780,1.347672472,1.346117808
0.22280273,1.342540716,1.338863125
0.22285767,1.339458977,1.339813790
0.22291260,1.340629325,1.341531464
0.22296753,1.340013393,1.338722704
0.22302246,1.335403357,1.331985229
0.22307739,1.332809903,1.333396063
0.22313232,1.334421640,1.335535253
0.22318726,1.334220457,1.333133943
0.22324219,1.330006940,1.326783214
0.22329712,1.327770444,1.328521675
0.22335205,1.329692679,1.330952912
0.22340698,1.329779979,1.328835850
0.22346191,1.325843948,1.322756920
0.22351685,1.323854175,1.324717451
0.22357178,1.325986063,1.327344613
0.22362671,1.326270191,1.325424634
0.22368164,1.322528703,1.319538806
0.22373657,1.320710950,1.321650735
0.22379150,1.322985373,1.324410304
0.22384644,1.323405911,1.322630132
0.22390137,1.319804486,1.316885748
0.22395630,1.318109701,1.319102654
0.22401123,1.320482496,1.321952761
0.22406616,1.320999502,1.320274409
0.22412109,1.317501911,1.314637013
0.22417603,1.315897356,1.316927886
0.22423096,1.318339043,1.319840600
0.22428589,1.318925968,1.318238906
0.22434082,1.315508485,1.312686190
0.22439575,1.313973519,1.315032037
0.22445068,1.316466964,1.317992056
0.22450562,1.317110731,1.316456114
0.22456055,1.313765436,1.310983048
0.22461548,1.312299217,1.313387078
0.22467041,1.314853292,1.316408756
0.22472534,1.315575944,1.314968052
0.22478027,1.312342825,1.309624794
0.22483521,1.311009641,1.312165021
0.22489014,1.313720657,1.315362503
0.22494507,1.314659402,1.314176786
0.22500000,1.311726518,1.309179152
0.22505493,1.310775726,1.312137963
0.22510986,1.313963903,1.315868921
0.22516479,1.315516886,1.315376636
0.22521973,1.313363245,1.311244344
0.22527466,1.313351500,1.315215926
0.22532959,1.317639324,1.320132288
0.22538452,1.320472499,1.321015160
0.22543945,1.319773779,1.318420181
0.22549438,1.321341489,1.324016254
0.22554932,1.327279117,1.330609862
0.22560425,1.331790573,1.333175577
0.22565918,1.332729402,1.332178591
0.22571411,1.335785242,1.339158330
0.22576904,1.342960695,1.346847591
0.22582397,1.348389880,1.350156870
0.22587891,1.349854228,1.349471808
0.22593384,1.352960758,1.356243549
0.22598877,1.359666818,1.363201408
0.22604370,1.364119287,1.365286990
0.22609863,1.364131257,1.362919202
0.22615356,1.365343391,1.367581200
0.22620850,1.369785614,1.372114768
0.22626343,1.371725667,1.371593413
0.22631836,1.369096730,1.366545790
0.22637329,1.367634013,1.368532656
0.22642822,1.369468395,1.370519503
0.22648315,1.368983224,1.367689849
0.22653809,1.364195794,1.360631734
0.22659302,1.360874940,1.360911651
0.22664795,1.361174145,1.361533511
0.22670288,1.359505200,1.357701333
0.22675781,1.353882302,1.349977239
0.22681274,1.350028098,1.349858846
0.22686768,1.350051456,1.350328494
0.22692261,1.348341208,1.346567805
0.22697754,1.342874282,1.339087560
0.22703247,1.339309575,1.339306933
0.22708740,1.339708030,1.340189791
0.22714233,1.338443381,1.336908142
0.22719727,1.333471268,1.329940781
0.22725220,1.330407839,1.330651236
0.22730713,1.331289050,1.332008111
0.22736206,1.330496102,1.329195798
0.22741699,1.325984234,1.322680914
0.22747192,1.323345181,1.323788250
0.22752686,1.324605018,1.325504458
0.22758179,1.324164153,1.323036452
0.22763672,1.319986288,1.316846243
0.22769165,1.317645238,1.318225285
0.22774658,1.319161514,1.320181491
0.22780151,1.318957237,1.317946064
0.22785645,1.315005952,1.311977373
0.22791138,1.312864244,1.313533952
0.22796631,1.314547099,1.315644632
0.22802124,1.314497859,1.313564240
0.22807617,1.310699292,1.307746913
0.22813110,1.308690213,1.309417790
0.22818604,1.310479442,1.311625816
0.22824097,1.310530748,1.309648639
0.22829590,1.306835447,1.303935616
0.22835083,1.304914140,1.305678160
0.22840576,1.306769016,1.307944738
0.22846069,1.306883689,1.306035239
0.22851562,1.303257577,1.300393917
0.22857056,1.301392835,1.302178333
0.22862549,1.303284760,1.304476082
0.22868042,1.303436413,1.302608882
0.22873535,1.299855023,1.297015712
0.22879028,1.298024216,1.298820293
0.22884521,1.299932251,1.301129060
0.22890015,1.300101350,1.299285255
0.22895508,1.296546362,1.293722497
0.22901001,1.294732369,1.295530747
0.22906494,1.296640526,1.297835063
0.22911987,1.296811989,1.295999965
0.22917480,1.293269086,1.290453674
0.22922974,1.291458396,1.292252515
0.22928467,1.293353938,1.294539994
0.22933960,1.293515613,1.292701692
0.22939453,1.289973123,1.287160429
0.22944946,1.288154607,1.288939043
0.22950439,1.290026943,1.291199332
0.22955933,1.290168613,1.289347751
0.22961426,1.286616606,1.283801727
0.22966919,1.284780700,1.285550775
0.22972412,1.286620645,1.287774849
0.22977905,1.286733352,1.285901100
0.22983398,1.283163021,1.280341585
0.22988892,1.281301163,1.282052669
0.22994385,1.283100417,1.284232334
0.22999878,1.283175983,1.282328261
0.23005371,1.279579205,1.276747163
0.23010864,1.277683426,1.278412436
0.23016357,1.279434199,1.280539967
0.23021851,1.279464878,1.278597805
0.23027344,1.275833892,1.272987357
0.23032837,1.273896513,1.274599227
0.23038330,1.275591240,1.276667093
0.23043823,1.275569450,1.274679215
0.23049316,1.271896599,1.269031728
0.23054810,1.269909994,1.270582628
0.23060303,1.271541108,1.272583267
0.23065796,1.271459215,1.270541968
0.23071289,1.267736744,1.264849630
0.23076782,1.265693138,1.266331821
0.23082275,1.267252879,1.268257459
0.23087769,1.267103012,1.266154775
0.23093262,1.263322885,1.260409473
0.23098755,1.261214182,1.261814874
0.23104248,1.262694426,1.263657352
0.23109741,1.262468310,1.261484896
0.23115234,1.258622050,1.255678054
0.23120728,1.256439670,1.256998080
0.23126221,1.257831769,1.258748693
0.23131714,1.257520566,1.256497496
0.23137207,1.253599089,1.250619914
0.23142700,1.251333810,1.251845315
0.23148193,1.252628430,1.253494654
0.23153687,1.252222575,1.251155000
0.23159180,1.248216034,1.245196693
0.23164673,1.245857823,1.246317389
0.23170166,1.247044781,1.247855170
0.23175659,1.246533814,1.245416425
0.23181152,1.242431421,1.239366445
0.23186646,1.239969260,1.240371346
0.23192139,1.241037336,1.241786229
0.23197632,1.240409718,1.239236656
0.23203125,1.236199554,1.233082899
0.23208618,1.233621244,1.233959708
0.23214111,1.234557986,1.235239092
0.23219604,1.233800885,1.232565635
0.23225098,1.229469689,1.226294625
0.23230591,1.226761628,1.227029612
0.23236084,1.227553118,1.228159399
0.23241577,1.226652178,1.225347446
0.23247070,1.222185094,1.218944083
0.23252563,1.219332020,1.219521822
0.23258057,1.219962611,1.220486149
0.23263550,1.218901672,1.217519248
0.23269043,1.214281969,1.210966515
0.23274536,1.211266662,1.211369582
0.23280029,1.211718665,1.212150502
0.23285522,1.210479440,1.209010028
0.23291016,1.205688167,1.202288644
0.23296509,1.202491094,1.202497255
0.23302002,1.202744408,1.203074358
0.23307495,1.201306095,1.199739121
0.23312988,1.196321680,1.192827128
0.23318481,1.192920574,1.192818705
0.23323975,1.192952246,1.193168668
0.23329468,1.191291064,1.189614436
0.23334961,1.186088828,1.182486703
0.23340454,1.182458178,1.182235355
0.23345947,1.182241864,1.182331393
0.23351440,1.180330497,1.178530321
0.23356934,1.174882066,1.171157942
0.23362427,1.170992500,1.170633829
0.23367920,1.170497822,1.170445032
0.23373413,1.168304733,1.166364961
0.23378906,1.162577319,1.158714519
0.23384399,1.158394848,1.157883083
0.23389893,1.157586598,1.157373599
0.23395386,1.155075192,1.152977199
0.23400879,1.149030716,1.145009861
0.23406372,1.144515806,1.143830867
0.23411865,1.143352962,1.142958899
0.23417358,1.140480556,1.138202606
0.23422852,1.134074550,1.129873002
0.23428345,1.129180969,1.128299359
0.23433838,1.127615482,1.127015911
0.23439331,1.124332014,1.121848605
0.23444824,1.117512265,1.113103428
0.23450317,1.112185643,1.111079703
0.23455811,1.110160909,1.109327011
0.23461304,1.106407322,1.103688352
0.23466797,1.099112158,1.094464598
0.23472290,1.093288168,1.091925150
0.23477783,1.090737102,1.089634700
0.23483276,1.086443302,1.083453022
0.23488770,1.078599417,1.073675750
0.23494263,1.072201470,1.070542350
0.23499756,1.069044054,1.067632348
0.23505249,1.064126296,1.060821972
0.23510742,1.055645976,1.050401438
0.23516235,1.048582261,1.046580217
0.23521729,1.044722387,1.042952334
0.23527222,1.039079913,1.035410089
0.23532715,1.029857442,1.024238043
0.23538208,1.022017092,1.019615530
0.23543701,1.017338464,1.015150671
0.23549194,1.010849124,1.006751371
0.23554688,1.000756098,0.994696207
0.23560181,0.992004170,0.989134143
0.23565674,0.986364931,0.983686878
0.23571167,0.978879411,0.974277355
0.23576660,0.967758552,0.961177705
0.23582153,0.957929383,0.954506156
0.23587646,0.951154968,0.947897329
0.23593140,0.942489114,0.937288463
0.23598633,0.930145995,0.922944625
0.23604126,0.919034289,0.914952741
0.23609619,0.910907819,0.906959490
0.23615112,0.900832260,0.894915452
0.23620605,0.887024106,0.879077750
0.23626099,0.874372823,0.869501176
0.23631592,0.864621993,0.859843310
0.23637085,0.852847943,0.846066786
0.23642578,0.837268229,0.828419550
0.23648071,0.822751869,0.816923030
0.23653564,0.811030788,0.805244111
0.23659058,0.797190292,0.789355721
0.23664551,0.779447237,0.769494861
0.23670044,0.762648395,0.755647781
0.23675537,0.748512002,0.741488425
0.23681030,0.732129986,0.722997536
0.23686523,0.711715982,0.700398608
0.23692017,0.692091876,0.683640005
0.23697510,0.674959250,0.666399510
0.23703003,0.655413258,0.644662105
0.23708496,0.631660639,0.618634000
0.23713989,0.608494478,0.598221629
0.23719482,0.587595321,0.577101903
0.23724976,0.564056598,0.551258846
0.23730469,0.536072788,0.520875846
0.23735962,0.508402430,0.495811471
0.23741455,0.482698735,0.469735098
0.23746948,0.454046518,0.438622661
0.23752441,0.420620780,0.402627404
0.23757935,0.387138198,0.371552719
0.23763428,0.355217370,0.339053180
0.23768921,0.319927656,0.301090170
0.23774414,0.279419060,0.257782164
0.23779907,0.238363294,0.218875727
0.23785400,0.198344831,0.178013175
0.23790894,0.154423359,0.131150241
0.23796387,0.104737259,0.078388348
0.23801880,0.053936708,0.029446251
0.23807373,0.003607841,-0.022003546
0.23812866,-0.051149042,-0.079952927
0.23818359,-0.112140790,-0.144242783
0.23823853,-0.174656111,-0.205091500
0.23829346,-0.237010411,-0.268693227
0.23834839,-0.303956501,-0.338877683
0.23840332,-0.377138185,-0.415320752
0.23845825,-0.451683457,-0.488085379
0.23851318,-0.525731760,-0.563169172
0.23856812,-0.603848222,-0.644220554
0.23862305,-0.687523286,-0.730788323
0.23867798,-0.771795252,-0.812883784
0.23873291,-0.854765439,-0.896479982
0.23878784,-0.941013573,-0.985277220
0.23884277,-1.032131832,-1.078975273
0.23889771,-1.123356357,-1.167832237
0.23895264,-1.213043223,-1.258085530
0.23900757,-1.306054264,-1.353735018
0.23906250,-1.404295633,-1.454809542
0.23911743,-1.503334079,-1.551902238
0.23917236,-1.601819065,-1.651504144
0.23922729,-1.704835301,-1.757806653
0.23928223,-1.814452176,-1.870973517
0.23933716,-1.926338700,-1.981669463
0.23939209,-2.039149035,-2.096324349
0.23944702,-2.157857931,-2.218969557
0.23950195,-2.284333704,-2.349526146
0.23955688,-2.413961749,-2.478335727
0.23961182,-2.545004277,-2.611367537
0.23966675,-2.681935673,-2.752110101
0.23972168,-2.826067618,-2.899911260
0.23977661,-2.972224678,-3.044562651
0.23983154,-3.118134765,-3.191511798
0.23988647,-3.267825636,-3.343870107
0.23994141,-3.422354765,-3.500849720
0.23999634,-3.576565364,-3.652414133
0.24005127,-3.728497367,-3.804462872
0.24010620,-3.882787432,-3.960872971
0.24016113,-4.041399075,-4.121905925
0.24021606,-4.200319459,-4.278770785
0.24027100,-4.358836829,-4.438625579
0.24032593,-4.522801157,-4.606521028
0.24038086,-4.695248417,-4.783695546
0.24043579,-4.872988699,-4.962033436
0.24049072,-5.055766531,-5.148933464
0.24054565,-5.249460904,-5.349262639
0.24060059,-5.456730046,-5.563685284
0.24065552,-5.673642935,-5.783175762
0.24071045,-5.898875885,-6.013902680
0.24076538,-6.136984802,-6.259310762
0.24082031,-6.389168414,-6.518562144
0.24087524,-6.650001401,-6.781141721
0.24093018,-6.916689469,-7.051762860
0.24098511,-7.192409776,-7.332562704
0.24104004,-7.477174478,-7.621633467
0.24109497,-7.764644274,-7.907699911
0.24114990,-8.051423908,-8.195030926
0.24120483,-8.340455363,-8.485733409
0.24125977,-8.631962678,-8.778350891
0.24131470,-8.920313411,-9.062571329
0.24136963,-8.842652004,-8.983427482
0.24142456,-8.891193020,-9.032960250
0.24147949,-8.924754236,-9.067603171
0.24153442,-8.949593267,-9.092023042
0.24158936,-8.968529342,-9.112211078
0.24164429,-8.983600174,-9.126918863
0.24169922,-8.995748284,-9.140388481
0.24175415,-9.005858951,-9.150112224
0.24180908,-9.014306794,-9.159913587
0.24186401,-9.021551454,-9.166691873
0.24191895,-9.027756965,-9.174193637
0.24197388,-9.033197398,-9.179027941
0.24202881,-9.037942394,-9.185063586
0.24208374,-9.042174924,-9.188511331
0.24213867,-9.045917106,-9.193609031
0.24219360,-9.049302176,-9.196016793
0.24224854,-9.052327101,-9.200506072
0.24230347,-9.055095137,-9.202108477
0.24235840,-9.057589908,-9.206193188
0.24241333,-9.059894943,-9.207158681
0.24246826,-9.061987085,-9.210965434
0.24252319,-9.063935919,-9.211419733
0.24257813,-9.065715244,-9.215028201
0.24263306,-9.067384228,-9.215067620
0.24268799,-9.068915765,-9.218528889
0.24274292,-9.070360913,-9.218228610
0.24279785,-9.071692878,-9.221576159
0.24285278,-9.072956210,-9.220995729
0.24290771,-9.074125097,-9.224252009
0.24296265,-9.075238751,-9.223439162
0.24301758,-9.076272682,-9.226619583
0.24307251,-9.077261653,-9.225612983
0.24312744,-9.078182648,-9.228728358
0.24318237,-9.079066669,-9.227559624
0.24323730,-9.079892212,-9.230617702
0.24329224,-9.080687067,-9.229312910
0.24334717,-9.081431215,-9.232319353
0.24340210,-9.082149681,-9.230900179
0.24345703,-9.082823865,-9.233859201
0.24351196,-9.083476394,-9.232343792
0.24356689,-9.084090005,-9.235258583
0.24362183,-9.084685228,-9.233662233
0.24367676,-9.085246050,-9.236535250
0.24373169,-9.085791161,-9.234870927
0.24378662,-9.086305702,-9.237704092
0.24384155,-9.086806740,-9.235982847
0.24389648,-9.087280482,-9.238777695
0.24395142,-9.087742557,-9.237008994
0.24400635,-9.088180150,-9.239766771
0.24406128,-9.088607613,-9.237958754
0.24411621,-9.089013030,-9.240680493
0.24417114,-9.089409608,-9.238840190
0.24422607,-9.089786259,-9.241526767
0.24428101,-9.090155166,-9.239660264
0.24433594,-9.090505998,-9.242312438
0.24439087,-9.090850016,-9.240425020
0.24444580,-9.091177588,-9.243043466
0.24450073,-9.091499141,-9.241139734
0.24455566,-9.091805683,-9.243725065
0.24461060,-9.092106892,-9.241809028
0.24466553,-9.092394360,-9.244361811
0.24472046,-9.092677086,-9.242436969
0.24477539,-9.092947201,-9.244957744
0.24483032,-9.093213085,-9.243027154
0.24488525,-9.093467367,-9.245516436
0.24494019,-9.093717864,-9.243582769
0.24499512,-9.093957662,-9.246041064
0.24505005,-9.094194063,-9.244106653
0.24510498,-9.094420576,-9.246534456
0.24515991,-9.094644032,-9.244601338
0.24521484,-9.094858331,-9.246999142
0.24526978,-9.095069872,-9.245069093
0.24532471,-9.095272917,-9.247437389
0.24537964,-9.095473467,-9.245511956
0.24543457,-9.095666118,-9.247851236
0.24548950,-9.095856508,-9.245931762
0.24554443,-9.096039541,-9.248242519
0.24559937,-9.096220520,-9.246330168
0.24565430,-9.096394636,-9.248612898
0.24570923,-9.096566882,-9.246708672
0.24576416,-9.096732716,-9.248963874
0.24581909,-9.096896843,-9.247068637
0.24587402,-9.097054969,-9.249296812
0.24592896,-9.097211537,-9.247411299
0.24598389,-9.097362479,-9.249612948
0.24603882,-9.097511994,-9.247737785
0.24609375,-9.097656231,-9.249913414
0.24614868,-9.097799158,-9.248049127
0.24620361,-9.097937124,-9.250199239
0.24625854,-9.098073887,-9.248346265
0.24631348,-9.098205982,-9.250471365
0.24636841,-9.098336970,-9.248630063
0.24642334,-9.098463559,-9.250730655
0.24647827,-9.098589129,-9.248901317
0.24653320,-9.098710549,-9.250977901
0.24658813,-9.098831028,-9.249160755
0.24664307,-9.098947589,-9.251213831
0.24669800,-9.099063280,-9.249409051
0.24675293,-9.099175266,-9.251439116
0.24680786,-9.099286448,-9.249646827
0.24686279,-9.099394123,-9.251654372
0.24691772,-9.099501052,-9.249874659
0.24697266,-9.099604660,-9.251860172
0.24702759,-9.099707576,-9.250093080
0.24708252,-9.099807341,-9.252057041
0.24713745,-9.099906465,-9.250302585
0.24719238,-9.100002598,-9.252245470
0.24724731,-9.100098134,-9.250503633
0.24730225,-9.100190828,-9.252425911
0.24735718,-9.100282967,-9.250696652
0.24741211,-9.100372404,-9.252598786
0.24746704,-9.100461324,-9.250882042
0.24752197,-9.100547671,-9.252764486
0.24757690,-9.100633536,-9.251060176
0.24763184,-9.100716951,-9.252923375
0.24768677,-9.100799916,-9.251231401
0.24774170,-9.100880546,-9.253075795
0.24779663,-9.100960754,-9.251396043
0.24785156,-9.101038734,-9.253222061
0.24790649,-9.101116321,-9.251554408
0.24796143,-9.101191780,-9.253362470
0.24801636,-9.101266872,-9.251706782
0.24807129,-9.101339930,-9.253497300
0.24812622,-9.101412644,-9.251853433
0.24818115,-9.101483413,-9.253626810
0.24823608,-9.101553860,-9.251994615
0.24829102,-9.101622447,-9.253751244
0.24834595,-9.101690731,-9.252130566
0.24840088,-9.101757234,-9.253870830
0.24845581,-9.101823453,-9.252261509
0.24851074,-9.101887966,-9.253985784
0.24856567,-9.101952212,-9.252387656
0.24862061,-9.102014822,-9.254096306
0.24867554,-9.102077181,-9.252509207
0.24873047,-9.102137971,-9.254202588
0.24878540,-9.102198526,-9.252626349
0.24884033,-9.102257574,-9.254304808
0.24889526,-9.102316401,-9.252739261
0.24895020,-9.102373780,-9.254403135
0.24900513,-9.102430952,-9.252848112
0.24906006,-9.102486732,-9.254497729
0.24911499,-9.102542318,-9.252953060
0.24916992,-9.102596565,-9.254588740
0.24922485,-9.102650629,-9.253054258
0.24927979,-9.102703405,-9.254676311
0.24933472,-9.102756009,-9.253151849
0.24938965,-9.102807373,-9.254760577
0.24944458,-9.102858574,-9.253245970
0.24949951,-9.102908582,-9.254841666
0.24955444,-9.102958437,-9.253336749
0.24960937,-9.103007141,-9.254919699
0.24966431,-9.103055701,-9.253424311
0.24971924,-9.103103152,-9.254994791
0.24977417,-9.103150468,-9.253508772
0.24982910,-9.103196713,-9.255067051
0.24988403,-9.103242830,-9.253590244
0.24993896,-9.103287915,-9.255136584
0.24999390,-9.103332879,-9.253668834
0.25004883,-9.103376847,-9.255203488
0.25010376,-9.103420701,-9.253744643
0.25015869,-9.103463592,-9.255267857
0.25021362,-9.103506375,-9.253817767
0.25026855,-9.103548229,-9.255329782
0.25032349,-9.103589981,-9.253888300
0.25037842,-9.103630834,-9.255389347
0.25043335,-9.103671592,-9.253956329
0.25048828,-9.103711479,-9.255446635
0.25054321,-9.103751277,-9.254021940
0.25059814,-9.103790234,-9.255501723
0.25065308,-9.103829105,-9.254085212
0.25070801,-9.103867162,-9.255554686
0.25076294,-9.103905140,-9.254146224
0.25081787,-9.103942328,-9.255605594
0.25087280,-9.103979442,-9.254205048
0.25092773,-9.104015791,-9.255654517
0.25098267,-9.104052069,-9.254261757
0.25103760,-9.104087607,-9.255701518
0.25109253,-9.104123078,-9.254316417
0.25114746,-9.104157832,-9.255746661
0.25120239,-9.104192523,-9.254369094
0.25125732,-9.104226518,-9.255790005
0.25131226,-9.104260453,-9.254419851
0.25136719,-9.104293713,-9.255831608
0.25142212,-9.104326918,-9.254468746
0.25147705,-9.104359468,-9.255871523
0.25153198,-9.104391965,-9.254515838
0.25158691,-9.104423826,-9.255909804
0.25164185,-9.104455638,-9.254561182
0.25169678,-9.104486832,-9.255946502
0.25175171,-9.104517980,-9.254604830
0.25180664,-9.104548528,-9.255981663
0.25186157,-9.104579033,-9.254646833
0.25191650,-9.104608955,-9.256015336
0.25197144,-9.104638835,-9.254687241
0.25202637,-9.104668150,-9.256047564
0.25208130,-9.104697426,-9.254726099
0.25213623,-9.104726152,-9.256078390
0.25219116,-9.104754841,-9.254763454
0.25224609,-9.104782995,-9.256107856
0.25230103,-9.104811115,-9.254799347
0.25235596,-9.104838714,-9.256136001
0.25241089,-9.104866282,-9.254833822
0.25246582,-9.104893343,-9.256162863
0.25252075,-9.104920374,-9.254866918
0.25257568,-9.104946912,-9.256188478
0.25263062,-9.104973422,-9.254898674
0.25268555,-9.104999452,-9.256212883
0.25274048,-9.105025455,-9.254929127
0.25279541,-9.105050992,-9.256236110
0.25285034,-9.105076504,-9.254958312
0.25290527,-9.105101561,-9.256258192
0.25296021,-9.105126595,-9.254986265
0.25301514,-9.105151185,-9.256279161
0.25307007,-9.105175754,-9.255013018
0.25312500,-9.105199891,-9.256299047
0.25317993,-9.105224009,-9.255038604
0.25323486,-9.105247705,-9.256317878
0.25328979,-9.105271382,-9.255063052
0.25334473,-9.105294649,-9.256335685
0.25339966,-9.105317899,-9.255086394
0.25345459,-9.105340748,-9.256352492
0.25350952,-9.105363582,-9.255108658
0.25356445,-9.105386024,-9.256368328
0.25361938,-9.105408453,-9.255129872
0.25367432,-9.105430500,-9.256383216
0.25372925,-9.105452533,-9.255150062
0.25378418,-9.105474195,-9.256397182
0.25383911,-9.105495844,-9.255169255
0.25389404,-9.105517130,-9.256410249
0.25394897,-9.105538406,-9.255187476
0.25400391,-9.105559326,-9.256422440
0.25405884,-9.105580236,-9.255204749
0.25411377,-9.105600800,-9.256433777
0.25416870,-9.105621355,-9.255221097
0.25422363,-9.105641572,-9.256444282
0.25427856,-9.105661780,-9.255236544
0.25433350,-9.105681658,-9.256453976
0.25438843,-9.105701528,-9.255251112
0.25444336,-9.105721076,-9.256462878
0.25449829,-9.105740617,-9.255264821
0.25455322,-9.105759842,-9.256471008
0.25460815,-9.105779062,-9.255277693
0.25466309,-9.105797973,-9.256478386
0.25471802,-9.105816879,-9.255289748
0.25477295,-9.105835483,-9.256485029
0.25482788,-9.105854083,-9.255301006
0.25488281,-9.105872388,-9.256490956
0.25493774,-9.105890690,-9.255311485
0.25499268,-9.105908703,-9.256496183
0.25504761,-9.105926713,-9.255321205
0.25510254,-9.105944441,-9.256500729
0.25515747,-9.105962167,-9.255330183
0.25521240,-9.105979616,-9.256504609
0.25526733,-9.105997063,-9.255338437
0.25532227,-9.106014241,-9.256507839
0.25537720,-9.106031417,-9.255345984
0.25543213,-9.106048329,-9.256510436
0.25548706,-9.106065240,-9.255352841
0.25554199,-9.106081892,-9.256512414
0.25559692,-9.106098544,-9.255359023
0.25565186,-9.106114942,-9.256513788
0.25570679,-9.106131341,-9.255364548
0.25576172,-9.106147491,-9.256514573
0.25581665,-9.106163642,-9.255369429
0.25587158,-9.106179550,-9.256514782
0.25592651,-9.106195460,-9.255373683
0.25598145,-9.106211131,-9.256514431
0.25603638,-9.106226804,-9.255377324
0.25609131,-9.106242243,-9.256513531
0.25614624,-9.106257684,-9.255380366
0.25620117,-9.106272897,-9.256512097
0.25625610,-9.106288112,-9.255382824
0.25631104,-9.106303103,-9.256510142
0.25636597,-9.106318097,-9.255384712
0.25642090,-9.106332871,-9.256507677
0.25647583,-9.106347649,-9.255386042
0.25653076,-9.106362210,-9.256504715
0.25658569,-9.106376776,-9.255386828
0.25664063,-9.106391130,-9.256501269
0.25669556,-9.106405488,-9.255387083
0.25675049,-9.106419639,-9.256497350
0.25680542,-9.106433794,-9.255386820
0.25686035,-9.106447746,-9.256492970
0.25691528,-9.106461702,-9.255386050
0.25697021,-9.106475459,-9.256488141
0.25702515,-9.106489221,-9.255384786
0.25708008,-9.106502787,-9.256482872
0.25713501,-9.106516359,-9.255383041
0.25718994,-9.106529738,-9.256477175
0.25724487,-9.106543123,-9.255380824
0.25729980,-9.106556319,-9.256471062
0.25735474,-9.106569521,-9.255378149
0.25740967,-9.106582538,-9.256464542
0.25746460,-9.106595561,-9.255375025
0.25751953,-9.106608402,-9.256457625
0.25757446,-9.106621249,-9.255371465
0.25762939,-9.106633918,-9.256450322
0.25768433,-9.106646594,-9.255367478
0.25773926,-9.106659094,-9.256442642
0.25779419,-9.106671601,-9.255363075
0.25784912,-9.106683936,-9.256434596
0.25790405,-9.106696277,-9.255358267
0.25795898,-9.106708450,-9.256426192
0.25801392,-9.106720630,-9.255353064
0.25806885,-9.106732644,-9.256417440
0.25812378,-9.106744664,-9.255347475
0.25817871,-9.106756522,-9.256408350
0.25823364,-9.106768388,-9.255341510
0.25828857,-9.106780093,-9.256398929
0.25834351,-9.106791805,-9.255335180
0.25839844,-9.106803360,-9.256389188
0.25845337,-9.106814923,-9.255328493
0.25850830,-9.106826331,-9.256379134
0.25856323,-9.106837747,-9.255321458
0.25861816,-9.106849011,-9.256368776
0.25867310,-9.106860282,-9.255314085
0.25872803,-9.106871404,-9.256358123
0.25878296,-9.106882535,-9.255306382
0.25883789,-9.106893518,-9.256347182
0.25889282,-9.106904509,-9.255298359
0.25894775,-9.106915356,-9.256335961
0.25900269,-9.106926212,-9.255290023
0.25905762,-9.106936925,-9.256324469
0.25911255,-9.106947646,-9.255281383
0.25916748,-9.106958228,-9.256312713
0.25922241,-9.106968818,-9.255272447
0.25927734,-9.106979271,-9.256300701
0.25933228,-9.106989732,-9.255263224
0.25938721,-9.107000059,-9.256288440
0.25944214,-9.107010393,-9.255253720
0.25949707,-9.107020595,-9.256275937
0.25955200,-9.107030806,-9.255243945
0.25960693,-9.107040886,-9.256263199
0.25966187,-9.107050974,-9.255233906
0.25971680,-9.107060934,-9.256250234
0.25977173,-9.107070903,-9.255223609
0.25982666,-9.107080745,-9.256237048
0.25988159,-9.107090596,-9.255213063
0.25993652,-9.107100322,-9.256223649
0.25999146,-9.107110058,-9.255202274
0.26004639,-9.107119671,-9.256210042
0.26010132,-9.107129292,-9.255191250
0.26015625,-9.107138793,-9.256196234
0.26021118,-9.107148303,-9.255179997
0.26026611,-9.107157695,-9.256182231
0.26032104,-9.107167095,-9.255168523
0.26037598,-9.107176378,-9.256168040
0.26043091,-9.107185671,-9.255156833
0.26048584,-9.107194848,-9.256153667
0.26054077,-9.107204035,-9.255144934
0.26059570,-9.107213108,-9.256139117
0.26065063,-9.107222191,-9.255132834
0.26070557,-9.107231161,-9.256124397
0.26076050,-9.107240141,-9.255120537
0.26081543,-9.107249011,-9.256109512
0.26087036,-9.107257890,-9.255108050
0.26092529,-9.107266661,-9.256094468
0.26098022,-9.107275442,-9.255095380
0.26103516,-9.107284115,-9.256079271
0.26109009,-9.107292798,-9.255082531
0.26114502,-9.107301376,-9.256063925
0.26119995,-9.107309963,-9.255069510
0.26125488,-9.107318447,-9.256048436
0.26130981,-9.107326940,-9.255056321
0.26136475,-9.107335330,-9.256032808
0.26141968,-9.107343731,-9.255042970
0.26147461,-9.107352031,-9.256017042
0.26152954,-9.107360340,-9.255029454
0.26158447,-9.107368550,-9.256001129
0.26163940,-9.107376770,-9.255015753
0.26169434,-9.107384892,-9.255985032
0.26174927,-9.107393023,-9.255001804
0.26180420,-9.107401058,-9.255968640
0.26185913,-9.107409103,-9.254987432
0.26191406,-9.107417052,-9.255951683
0.26196899,-9.107425011,-9.254972211
0.26202393,-9.107432877,-9.255933542
0.26207886,-9.107440752,-9.254955206
0.26213379,-9.107448534,-9.255912805
0.26218872,-9.107456326,-9.254934409
0.26224365,-9.107464026,-9.255886576
0.26229858,-9.107471735,-9.254905917
0.26235352,-9.107479353,-9.255849192
0.26240845,-9.107486980,-9.254862316
0.26246338,-9.107494517,-9.255790628
0.26251831,-9.107502061,-9.254790948
0.26257324,-9.107509515,-9.255693313
0.26262817,-9.107516974,-9.254669561
0.26268311,-9.107524342,-9.255528817
0.26273804,-9.107531712,-9.254463232
0.26279297,-9.107538989,-9.255248901
0.26284790,-9.107546262,-9.254110825
0.26290283,-9.107553436,-9.254779154
0.26295776,-9.107560599,-9.253522196
0.26301270,-9.107567656,-9.254001278
0.26306763,-9.107574687,-9.252544584
0.26312256,-9.107581599,-9.252732413
0.26317749,-9.107588467,-9.250972076
0.26323242,-9.107595192,-9.250748287
0.26328735,-9.107601846,-9.248450372
0.26334229,-9.107608324,-9.247612333
0.26339722,-9.107614691,-9.244525020
0.26345215,-9.107620840,-9.242818276
0.26350708,-9.107626807,-9.238746160
0.26356201,-9.107632496,-9.235432564
0.26361694,-9.107637906,-9.229979256
0.26367188,-9.107642960,-9.224435154
0.26372681,-9.107647627,-9.217179822
0.26378174,-9.107651761,-9.209120591
0.26383667,-9.107655340,-9.197827385
0.26389160,-9.107658169,-9.185941220
0.26394653,-9.107660244,-9.169675938
0.26400146,-9.107661364,-9.153225177
0.26405640,-9.107661142,-9.132296836
0.26411133,-9.107659502,-9.102768953
0.26416626,-9.107655999,-9.071626114
0.26422119,-9.107650570,-9.030800283
0.26427612,-9.107642886,-8.988918933
0.26433105,-9.107631077,-8.940365712
0.26438599,-9.107615507,-8.852349593
0.26444092,-9.107594768,-8.774262252
0.26449585,-9.107568928,-8.669184709
0.26455078,-9.107537345,-8.570117158
0.26460571,-9.107492204,-8.463532477
0.26466064,-9.107436207,-8.210773481
0.26471558,-9.107365475,-8.032200171
0.26477051,-9.107280511,-7.804747453
0.26482544,-9.107179813,-7.619073606
0.26488037,-9.107061540,-7.443087667
0.26493530,-9.106887677,-7.278245667
0.26499023,-9.106656941,-6.638078989
0.26504517,-9.106364192,-6.178411261
0.26510010,-9.105985629,-5.865401389
0.26515503,-9.105505480,-5.543100834
0.26520996,-9.104386704,-5.368433850
0.26526489,-9.101940001,-2.687048734
0.26531982,-9.096323456,-0.935161362
0.26537476,-9.062361554,-1.010382637
0.26542969,7.681727334,16.309930188
0.26548462,25.178866648,34.444374774
0.26553955,35.063961346,36.156611857
0.26559448,36.395665319,36.672929698
0.26564941,37.068010220,37.434652136
0.26570435,38.269243150,39.086839370
0.26575928,39.747929561,40.437466832
0.26581421,40.694073071,40.971170677
0.26586914,41.289643229,41.589843650
0.26592407,42.221960376,42.846227362
0.26597900,43.265555043,43.714897247
0.26603394,43.749115908,43.803105253
0.26608887,43.893333754,43.967032880
0.26614380,44.343082557,44.711129864
0.26619873,44.912438270,45.138181334
0.26625366,45.028270922,44.932059323
0.26630859,44.916662657,44.882128345
0.26636353,45.160332424,45.427736087
0.26641846,45.579546757,45.750219795
0.26647339,45.649410512,45.558428951
0.26652832,45.560830122,45.544776497
0.26658325,45.814401657,46.074061200
0.26663818,46.231023689,46.404316259
0.26669312,46.346581220,46.295968980
0.26674805,46.352596770,46.390556183
0.26680298,46.705334075,47.009420962
0.26685791,47.237548782,47.478636528
0.26691284,47.531899198,47.589746982
0.26696777,47.761191819,47.915162339
0.26702271,48.312827672,48.702687166
0.26707764,48.989106129,49.291386331
0.26713257,49.370263861,49.458759051
0.26718750,49.588312846,49.707857416
0.26724243,49.988951860,50.267622145
0.26729736,50.417267413,50.582870354
0.26735229,50.551575095,50.527049374
0.26740723,50.576782747,50.613764480
0.26746216,50.836839915,51.054595322
0.26751709,51.180069892,51.318131798
0.26757202,51.291916749,51.270512618
0.26762695,51.330253074,51.376907553
0.26768188,51.611208916,51.838438291
0.26773682,52.011345613,52.192367452
0.26779175,52.264564528,52.337617792
0.26784668,52.515610809,52.680364979
0.26790161,53.008736322,53.333327368
0.26795654,53.556652665,53.793231598
0.26801147,53.858813591,53.931585051
0.26806641,54.039148020,54.139127014
0.26812134,54.358295049,54.575161889
0.26817627,54.709232963,54.852934243
0.26823120,54.884844988,54.918737741
0.26828613,55.035299202,55.141342316
0.26834106,55.377280749,55.611021955
0.26839600,55.746828954,55.894618903
0.26845093,55.894781678,55.900846641
0.26850586,55.943501879,55.979150278
0.26856079,56.120574743,56.259769627
0.26861572,56.330078532,56.408088799
0.26867065,56.400435471,56.393304439
0.26872559,56.471375889,56.539462520
0.26878052,56.724004150,56.906584637
0.26883545,57.001512517,57.106860614
0.26889038,57.086895175,57.071491463
0.26894531,57.097107817,57.115783096
0.26900024,57.235135535,57.351612253
0.26905518,57.419789021,57.493102891
0.26911011,57.513725201,57.532596943
0.26916504,57.649366794,57.755941424
0.26921997,57.969543290,58.182124103
0.26927490,58.295690163,58.421664435
0.26932983,58.388504089,58.365328751
0.26938477,58.298859944,58.235119075
0.26943970,58.152151935,58.077145807
0.26949463,57.848536300,57.633536275
0.26954956,57.297094427,56.963508595
0.26960449,56.705382639,56.436119296
0.26965942,56.324251353,56.202276523
0.26971436,56.129743528,56.052511185
0.26976929,56.030584474,55.997897311
0.26982422,56.141851271,56.269067517
0.26987915,56.561938059,56.847267302
0.26993408,57.113661480,57.384161704
0.26998901,57.589982238,57.797295939
0.27004395,58.044228623,58.286358237
0.27009888,58.584781131,58.883352583
0.27015381,59.116740252,59.356046481
0.27020874,59.542999479,59.729117770
0.27026367,59.992257697,60.247422989
0.27031860,60.586192300,60.923828018
0.27037354,61.192437729,61.469140298
0.27042847,61.648248597,61.832119318
0.27048340,62.019701698,62.205917932
0.27053833,62.413093388,62.622920553
0.27059326,62.752035432,62.887868806
0.27064819,62.970896085,63.053071662
0.27070312,63.213263420,63.365279051
0.27075806,63.604968191,63.842489926
0.27081299,64.029542607,64.222738431
0.27086792,64.340329108,64.461130783
0.27092285,64.595123260,64.727309983
0.27097778,64.879937478,65.035048323
0.27103271,65.113772638,65.198775498
0.27108765,65.235444846,65.271263250
0.27114258,65.379896746,65.481067507
0.27119751,65.660392035,65.838002287
0.27125244,65.965916243,66.099657990
0.27130737,66.163624074,66.230506142
0.27136230,66.310470924,66.388808914
0.27141724,66.484158930,66.581949992
0.27147217,66.608248619,66.640206681
0.27152710,66.631859357,66.622121143
0.27158203,66.688288173,66.746673156
0.27163696,66.887573028,67.025693665
0.27169189,67.133241836,67.244432116
0.27174683,67.312595314,67.381515768
0.27180176,67.480780408,67.577582779
0.27185669,67.689882854,67.805586351
0.27191162,67.828893853,67.861031103
0.27196655,67.804577814,67.752516067
0.27202148,67.701671438,67.650369421
0.27207642,67.603579394,67.560208028
0.27213135,67.437333388,67.321076839
0.27218628,67.151596985,66.982482025
0.27224121,66.864757127,66.741567830
0.27229614,66.677845062,66.612553825
0.27235107,66.516283004,66.422894691
0.27240601,66.303936613,66.183877830
0.27246094,66.116179544,66.043704765
0.27251587,66.014364203,65.985058837
0.27257080,65.907670719,65.834527243
0.27262573,65.724861014,65.614907500
0.27268066,65.551673807,65.483988862
0.27273560,65.458851990,65.433472317
0.27279053,65.367061211,65.303989491
0.27284546,65.216597128,65.127769132
0.27290039,65.097245216,65.061450584
0.27295532,65.072894218,65.084209828
0.27301025,65.045733824,65.012371663
0.27306519,64.924132668,64.838285285
0.27312012,64.759692969,64.680890240
0.27317505,64.594835253,64.512985760
0.27322998,64.347303915,64.188596897
0.27328491,63.972839095,63.758468117
0.27333984,63.576658962,63.391602691
0.27339478,63.238443485,63.085768030
0.27344971,62.887644833,62.693397501
0.27350464,62.467477190,62.241160658
0.27355957,62.058549404,61.871830720
0.27361450,61.724036587,61.575761537
0.27366943,61.395822052,61.218241023
0.27372437,61.026957728,60.833872306
0.27377930,60.694900003,60.551559720
0.27383423,60.440584051,60.330490451
0.27388916,60.165321597,60.005222128
0.27394409,59.797420326,59.591008668
0.27399902,59.406473645,59.219961830
0.27405396,59.049773665,58.880921387
0.27410889,58.665630173,58.453736779
0.27416382,58.221891905,57.988481466
0.27421875,57.811480744,57.629333581
0.27427368,57.495046965,57.359419224
0.27432861,57.201027428,57.044361842
0.27438354,56.877656342,56.709230824
0.27443848,56.588806676,56.464821696
0.27449341,56.362344896,56.261575336
0.27454834,56.099487017,55.943064592
0.27460327,55.732280347,55.523859041
0.27465820,55.322931991,55.121614122
0.27471313,54.917776120,54.716780776
0.27476807,54.457176261,54.201848303
0.27482300,53.920717093,53.638467777
0.27487793,53.409447658,53.175364435
0.27493286,52.991428402,52.805378547
0.27498779,52.611536634,52.417616352
0.27504272,52.237157016,52.052596491
0.27509766,51.942999669,51.827002252
0.27515259,51.766151456,51.703202344
0.27520752,51.626196428,51.550067061
0.27526245,51.472917023,51.393313560
0.27531738,51.368124133,51.338609916
0.27537231,51.341143260,51.343710808
0.27542725,51.310680314,51.280516231
0.27548218,51.229153394,51.177259140
0.27553711,51.159617014,51.139549884
0.27559204,51.131947405,51.126128246
0.27564697,51.067766632,51.013816410
0.27570190,50.923251656,50.833616091
0.27575684,50.763040904,50.691436176
0.27581177,50.618428144,50.548353902
0.27586670,50.415781914,50.288435258
0.27592163,50.117561660,49.948206252
0.27597656,49.792654187,49.636462160
0.27603149,49.476344225,49.319148336
0.27608643,49.102792943,48.891082294
0.27614136,48.645243910,48.399798317
0.27619629,48.182913322,47.963740185
0.27625122,47.761070489,47.559100049
0.27630615,47.324671261,47.092212670
0.27636108,46.855167918,46.615764228
0.27641602,46.432910948,46.245272682
0.27647095,46.098198954,45.949710330
0.27652588,45.788598602,45.627843581
0.27658081,45.475858449,45.320592645
0.27663574,45.227154696,45.128732668
0.27669067,45.069269083,45.008700882
0.27674561,44.930286832,44.852852557
0.27680054,44.776056812,44.696872948
0.27685547,44.668722688,44.636662729
0.27691040,44.631828450,44.626928888
0.27696533,44.594246352,44.563426765
0.27702026,44.524722139,44.484426550
0.27707520,44.486997259,44.486405990
0.27713013,44.505657788,44.525439794
0.27718506,44.512504204,44.501838990
0.27723999,44.479732498,44.456377363
0.27729492,44.472251758,44.485310783
0.27734985,44.514647281,44.544784173
0.27740479,44.540198468,44.538049989
0.27745972,44.522947019,44.506776608
0.27751465,44.527473108,44.545606004
0.27756958,44.577121873,44.609659923
0.27762451,44.605801920,44.604513360
0.27767944,44.589181861,44.572900468
0.27773438,44.592099429,44.608858872
0.27778931,44.637885797,44.667955244
0.27784424,44.662458962,44.659410477
0.27789917,44.644059060,44.627620360
0.27795410,44.647729107,44.665338996
0.27800903,44.695361127,44.726400716
0.27806396,44.722238761,44.720516931
0.27811890,44.706190471,44.690867675
0.27817383,44.710387636,44.727596170
0.27822876,44.755038490,44.783632791
0.27828369,44.776517649,44.771838534
0.27833862,44.755201620,44.737511405
0.27839355,44.755182861,44.770516463
0.27844849,44.796110300,44.822839319
0.27850342,44.814159940,44.807925080
0.27855835,44.789125427,44.769408568
0.27861328,44.782670437,44.793862505
0.27866821,44.812096833,44.831706201
0.27872314,44.814238860,44.799305154
0.27877808,44.771725392,44.743195686
0.27883301,44.748501972,44.751617225
0.27888794,44.763593437,44.776693349
0.27894287,44.756277246,44.738042209
0.27899780,44.710955315,44.682614992
0.27905273,44.690552917,44.696133050
0.27910767,44.711557993,44.728015726
0.27916260,44.711853267,44.697810397
0.27921753,44.675227317,44.651412840
0.27927246,44.663010168,44.672363846
0.27932739,44.690042247,44.708857119
0.27938232,44.694459097,44.682219819
0.27943726,44.661206977,44.639005725
0.27949219,44.651507808,44.661848316
0.27954712,44.679532863,44.698401535
0.27960205,44.684105300,44.671947440
0.27965698,44.651387148,44.629626696
0.27971191,44.642399964,44.653045141
0.27976685,44.670531044,44.689204316
0.27982178,44.675219467,44.663304624
0.27987671,44.643925177,44.623268325
0.27993164,44.637816090,44.650171947
0.27998657,44.670109797,44.691099199
0.28004150,44.681658447,44.674034840
0.28009644,44.662073094,44.648536763
0.28015137,44.673303861,44.695597392
0.28020630,44.728286226,44.761747678
0.28026123,44.767766793,44.775380593
0.28031616,44.780110037,44.783272471
0.28037109,44.822769531,44.860156539
0.28042603,44.901946214,44.945199620
0.28048096,44.952244339,44.961820448
0.28053589,44.957442947,44.952599946
0.28059082,44.972052430,44.990473042
0.28064575,45.003019163,45.017781709
0.28070068,44.991343847,44.967652402
0.28075562,44.931022057,44.893602677
0.28081055,44.886699078,44.877999286
0.28086548,44.873591070,44.870299337
0.28092041,44.838892130,44.808979185
0.28097534,44.779225990,44.747543294
0.28103027,44.756938449,44.763686018
0.28108521,44.781734378,44.800355812
0.28114014,44.794956273,44.790815432
0.28119507,44.787315907,44.782022079
0.28125000,44.814102952,44.844053889
0.28130493,44.877863793,44.913038750
0.28135986,44.914850593,44.918865495
0.28141479,44.912963388,44.906280195
0.28146973,44.926335662,44.945191176
0.28152466,44.959337311,44.975453206
0.28157959,44.954561453,44.935991497
0.28163452,44.909116563,44.881118303
0.28168945,44.885783895,44.888557135
0.28174438,44.895466198,44.903422623
0.28179932,44.884927698,44.867801082
0.28185425,44.851591263,44.833549827
0.28190918,44.853395160,44.871069267
0.28196411,44.893084537,44.916296386
0.28201904,44.909372779,44.904311867
0.28207397,44.893214090,44.881034732
0.28212891,44.897857341,44.913346445
0.28218384,44.924632137,44.937789354
0.28223877,44.915516008,44.895446146
0.28229370,44.867814295,44.839105308
0.28234863,44.841102475,44.841498209
0.28240356,44.841832589,44.843550861
0.28245850,44.816047031,44.790148799
0.28251343,44.762966983,44.734178881
0.28256836,44.740750665,44.745371893
0.28262329,44.752451584,44.760724038
0.28267822,44.741152955,44.723111679
0.28273315,44.703875930,44.683082059
0.28278809,44.696448893,44.708011948
0.28284302,44.720150701,44.733628656
0.28289795,44.718133692,44.704251902
0.28295288,44.688590255,44.671417915
0.28300781,44.688019313,44.702840695
0.28306274,44.718207165,44.734855138
0.28311768,44.723880645,44.714353470
0.28317261,44.705226489,44.694375417
0.28322754,44.719592670,44.742823212
0.28328247,44.768637375,44.795533805
0.28333740,44.796901252,44.799568731
0.28339233,44.803455938,44.805651753
0.28344727,44.842138239,44.876942182
0.28350220,44.909472817,44.943636964
0.28355713,44.945372934,44.949140152
0.28361206,44.945555586,44.941126021
0.28366699,44.961806999,44.981629218
0.28372192,44.991299318,45.003186186
0.28377686,44.978667907,44.956371545
0.28383179,44.927085146,44.896755582
0.28388672,44.895646532,44.893170333
0.28394165,44.887334332,44.882980608
0.28399658,44.850941060,44.820301586
0.28405151,44.791104797,44.760149673
0.28410645,44.764771774,44.767540661
0.28416138,44.770582171,44.774838126
0.28421631,44.753227592,44.732922010
0.28427124,44.714075304,44.693537163
0.28432617,44.707034472,44.718866125
0.28438110,44.728554192,44.739663486
0.28443604,44.723024651,44.707853002
0.28449097,44.692637140,44.675869920
0.28454590,44.691704618,44.706008761
0.28460083,44.716811342,44.729124660
0.28465576,44.713230797,44.698830955
0.28471069,44.684295942,44.668222872
0.28476563,44.684549636,44.699372910
0.28482056,44.710356547,44.722849797
0.28487549,44.707552672,44.693693300
0.28493042,44.680484726,44.665660650
0.28498535,44.684085756,44.700920929
0.28504028,44.714943462,44.730328137
0.28509521,44.720081199,44.711035684
0.28515015,44.705485211,44.698042875
0.28520508,44.726798094,44.753697965
0.28526001,44.780386788,44.808196080
0.28531494,44.812771158,44.818382140
0.28536987,44.828369204,44.836496339
0.28542480,44.878988268,44.919937883
0.28547974,44.955682221,44.993113317
0.28553467,45.000239857,45.009141059
0.28558960,45.013891756,45.017604255
0.28564453,45.047017223,45.075644207
0.28569946,45.092112196,45.110758406
0.28575439,45.096115590,45.083356394
0.28580933,45.067483779,45.050341217
0.28586426,45.062948114,45.074317903
0.28591919,45.079054516,45.085416992
0.28597412,45.064533912,45.045012322
0.28602905,45.027134310,45.007628491
0.28608398,45.020428257,45.031835000
0.28613892,45.037211115,45.044172728
0.28619385,45.024113306,45.005395570
0.28624878,44.988510806,44.969980370
0.28630371,44.983931752,44.996481805
0.28635864,45.003001542,45.011096356
0.28641357,44.992374352,44.974997955
0.28646851,44.959099234,44.941627524
0.28652344,44.955396809,44.967907205
0.28657837,44.972656506,44.979103678
0.28663330,44.957990285,44.938241139
0.28668823,44.920435432,44.900961929
0.28674316,44.914351332,44.926290330
0.28679810,44.932956561,44.941040772
0.28685303,44.924983492,44.909980846
0.28690796,44.899909890,44.887956052
0.28696289,44.910207436,44.930979535
0.28701782,44.945559546,44.961712117
0.28707275,44.951250864,44.942144339
0.28712769,44.934024130,44.924436878
0.28718262,44.944225219,44.962992521
0.28723755,44.970862145,44.980674625
0.28729248,44.960983482,44.942836548
0.28734741,44.924765545,44.905238050
0.28740234,44.915919852,44.925446258
0.28745728,44.926189035,44.928614034
0.28751221,44.904969476,44.882533653
0.28756714,44.863758408,44.843217458
0.28762207,44.855700535,44.866813090
0.28767700,44.870761539,44.876260479
0.28773193,44.856774714,44.838427946
0.28778687,44.824045837,44.807903833
0.28784180,44.824291216,44.839382449
0.28789673,44.846230589,44.854715416
0.28795166,44.837509588,44.821503770
0.28800659,44.808891312,44.794575959
0.28806152,44.812154198,44.828503399
0.28811646,44.835857826,44.844894210
0.28817139,44.828079489,44.812471490
0.28822632,44.800281643,44.786390320
0.28828125,44.804324344,44.821044388
0.28833618,44.828540592,44.837714882
0.28839111,44.821389396,44.806225811
0.28844604,44.795086454,44.782184624
0.28850098,44.801788531,44.820111931
0.28855591,44.829970713,44.841398505
0.28861084,44.828919887,44.817432090
0.28866577,44.811991068,44.804593274
0.28872070,44.831741083,44.857431983
0.28877563,44.876294529,44.896577988
0.28883057,44.894363832,44.893057407
0.28888550,44.897981605,44.901018186
0.28894043,44.936751800,44.971310116
0.28899536,44.994784137,45.020151362
0.28905029,45.017227221,45.015814648
0.28910522,45.013677328,45.010324750
0.28916016,45.032545659,45.054222978
0.28921509,45.058872813,45.065848434
0.28927002,45.041704309,45.019191675
0.28932495,44.996583828,44.972561112
0.28937988,44.977942813,44.982312675
0.28943481,44.975863527,44.971065726
0.28948975,44.943205062,44.916199343
0.28954468,44.897302138,44.876260384
0.28959961,44.891581563,44.905322293
0.28965454,44.913029277,44.922016046
0.28970947,44.910745305,44.900170102
0.28976440,44.898000396,44.893771936
0.28981934,44.923563797,44.952104914
0.28987427,44.969856812,44.989392500
0.28992920,44.982752935,44.977402049
0.28998413,44.973895470,44.968946274
0.29003906,44.991707520,45.013766369
0.29009399,45.020025239,45.028421556
0.29014893,45.008504380,44.989951732
0.29020386,44.974052880,44.956523171
0.29025879,44.970047543,44.982481169
0.29031372,44.984054199,44.987248666
0.29036865,44.968043922,44.949670226
0.29042358,44.939108402,44.926512969
0.29047852,44.948037409,44.968302263
0.29053345,44.977946219,44.989282920
0.29058838,44.976286837,44.964389513
0.29064331,44.956471820,44.946932093
0.29069824,44.966649012,44.985570318
0.29075317,44.989071252,44.994648172
0.29080811,44.972820414,44.952298008
0.29086304,44.934674972,44.915450189
0.29091797,44.926293451,44.936204236
0.29097290,44.932887439,44.931379689
0.29102783,44.905953633,44.881492499
0.29108276,44.863571652,44.843730381
0.29113770,44.856920119,44.868947040
0.29119263,44.869532648,44.871784900
0.29124756,44.851250990,44.831611671
0.29130249,44.818778771,44.804033772
0.29135742,44.821811194,44.838501771
0.29141235,44.842646817,44.848551885
0.29146729,44.830831487,44.814081636
0.29152222,44.803387544,44.790852188
0.29157715,44.810097796,44.828331932
0.29163208,44.833199345,44.839881948
0.29168701,44.822634706,44.806380230
0.29174194,44.796025286,44.783845348
0.29179688,44.803249556,44.821669958
0.29185181,44.826350319,44.832862704
0.29190674,44.815490036,44.799101996
0.29196167,44.788741510,44.776545964
0.29201660,44.796007254,44.814485356
0.29207153,44.819153967,44.825638978
0.29212646,44.808672114,44.792638587
0.29218140,44.783295077,44.772046663
0.29223633,44.793269996,44.813429634
0.29229126,44.820693946,44.829655757
0.29234619,44.816800280,44.804707457
0.29240112,44.801272438,44.795743841
0.29245605,44.824660608,44.852345782
0.29251099,44.868650462,44.886522123
0.29256592,44.883729112,44.881641654
0.29262085,44.888112105,44.892578246
0.29267578,44.929520064,44.965514487
0.29273071,44.985955663,45.008422304
0.29278564,45.004650650,45.002161234
0.29284058,45.001637744,44.999741856
0.29289551,45.023686993,45.047273134
0.29295044,45.049762112,45.054687146
0.29300537,45.030567760,45.007868854
0.29306030,44.987315557,44.965251496
0.29311523,44.971982298,44.977987907
0.29317017,44.967797733,44.959512330
0.29322510,44.928508309,44.898323248
0.29328003,44.876535569,44.852689910
0.29333496,44.862737111,44.871653668
0.29338989,44.867636737,44.865273337
0.29344482,44.842068421,44.819567893
0.29349976,44.805866563,44.790119786
0.29355469,44.807503361,44.823866342
0.29360962,44.825712935,44.829357470
0.29366455,44.810722505,44.792924593
0.29371948,44.782589382,44.770329933
0.29377441,44.789999765,44.808762371
0.29382935,44.811859079,44.816836930
0.29388428,44.798977741,44.781998649
0.29393921,44.772150472,44.760406488
0.29399414,44.780323335,44.799364562
0.29404907,44.802358069,44.807250854
0.29410400,44.789331100,44.772286045
0.29415894,44.762461861,44.750735378
0.29421387,44.770702852,44.789801490
0.29426880,44.792682556,44.797463980
0.29432373,44.779597342,44.762589162
0.29437866,44.752974561,44.741445256
0.29443359,44.761680254,44.781051429
0.29448853,44.784031261,44.788914590
0.29454346,44.771271849,44.754476577
0.29459839,44.745177976,44.733959394
0.29465332,44.754494892,44.774179249
0.29470825,44.777218393,44.782171492
0.29476318,44.764648121,44.747967355
0.29481812,44.738832261,44.727775881
0.29487305,44.748436622,44.768260290
0.29492798,44.771184658,44.776032652
0.29498291,44.758472003,44.741746778
0.29503784,44.732647693,44.721622626
0.29509277,44.742317837,44.762186261
0.29514771,44.764939988,44.769623889
0.29520264,44.751992483,44.735187599
0.29525757,44.726098565,44.715078554
0.29531250,44.735777856,44.755661557
0.29536743,44.758199314,44.762675731
0.29542236,44.744904920,44.727954090
0.29547729,44.718785350,44.707682141
0.29553223,44.728291357,44.748095450
0.29558716,44.750346500,44.754540630
0.29564209,44.736621758,44.719507327
0.29569702,44.710371531,44.699281279
0.29575195,44.720123525,44.740143739
0.29580688,44.742767134,44.747295495
0.29586182,44.730395710,44.714221587
0.29591675,44.707026970,44.697767760
0.29597168,44.721780961,44.744834120
0.29602661,44.752098492,44.761080062
0.29608154,44.751024224,44.741450607
0.29613647,44.743594955,44.743414314
0.29619141,44.779201487,44.813802646
0.29624634,44.834589995,44.856943596
0.29630127,44.861321965,44.866164340
0.29635620,44.881830659,44.895368124
0.29641113,44.941385732,44.986676320
0.29646606,45.011767050,45.039117881
0.29652100,45.040154770,45.042503441
0.29657593,45.046164161,45.048591141
0.29663086,45.074309123,45.100098845
0.29668579,45.098366062,45.099429983
0.29674072,45.070609698,45.043262050
0.29679565,45.017805480,44.990889293
0.29685059,44.991751371,44.992136476
0.29690552,44.972257573,44.954403895
0.29696045,44.915694382,44.877600214
0.29701538,44.850300289,44.820755076
0.29707031,44.826399268,44.830965578
0.29712524,44.820259234,44.811193790
0.29718018,44.784149603,44.757538819
0.29723511,44.742488440,44.725188347
0.29729004,44.742277355,44.758411133
0.29734497,44.757450133,44.758299413
0.29739990,44.739453529,44.721191962
0.29745483,44.713079709,44.702826975
0.29750977,44.726135864,44.748543447
0.29756470,44.753633241,44.760505323
0.29761963,44.748582971,44.737127077
0.29767456,44.737453182,44.735462542
0.29772949,44.769122779,44.801685024
0.29778442,44.818969142,44.837840331
0.29783936,44.839942171,44.842350069
0.29789429,44.857791824,44.870847931
0.29794922,44.919622413,44.967357599
0.29800415,44.998402438,45.031205130
0.29805908,45.044990911,45.059326869
0.29811401,45.083778665,45.106128010
0.29816895,45.161170933,45.215453465
0.29822388,45.250266238,45.287062986
0.29827881,45.302927618,45.319514604
0.29833374,45.344498258,45.367570296
0.29838867,45.420929624,45.473837332
0.29844360,45.503009300,45.534662105
0.29849854,45.538998321,45.544770121
0.29855347,45.550156754,45.554533456
0.29860840,45.578978469,45.603938978
0.29866333,45.595219396,45.589801663
0.29871826,45.550131062,45.512356450
0.29877319,45.471958662,45.430517142
0.29882812,45.412619884,45.394676192
0.29888306,45.351842811,45.311283530
0.29893799,45.249562598,45.188411036
0.29899292,45.139462449,45.088085177
0.29904785,45.074344519,45.059337984
0.29910278,45.030653516,45.003327912
0.29915771,44.962485411,44.921660489
0.29921265,44.896616031,44.868956426
0.29926758,44.878969098,44.887831983
0.29932251,44.880356699,44.874543075
0.29937744,44.851438347,44.828729695
0.29943237,44.817619826,44.804280755
0.29948730,44.824730895,44.844377082
0.29954224,44.844393325,44.846329368
0.29959717,44.828957831,44.812127805
0.29965210,44.805962705,44.797610038
0.29970703,44.823201644,44.847935419
0.29976196,44.854123613,44.862069749
0.29981689,44.853132021,44.844464916
0.29987183,44.849800732,44.852605039
0.29992676,44.893259206,44.932690764
0.29998169,44.957297205,44.983331065
0.30003662,44.995582811,45.007893414
0.30009155,45.035313965,45.060229520
0.30014648,45.120991086,45.180896619
0.30020142,45.219908351,45.261088500
0.30025635,45.278653584,45.297359182
0.30031128,45.318050419,45.337560783
0.30036621,45.378173662,45.419315845
0.30042114,45.425401123,45.434854723
0.30047607,45.410073613,45.387217694
0.30053101,45.361042431,45.333917415
0.30058594,45.328934672,45.324124060
0.30064087,45.291245465,45.260849941
0.30069580,45.208190450,45.156201504
0.30075073,45.115412311,45.072276445
0.30080566,45.066027778,45.058625617
0.30086060,45.036038539,45.014819039
0.30091553,44.981596825,44.948210708
0.30097046,44.932979824,44.914874474
0.30102539,44.937501051,44.958729770
0.30108032,44.965836451,44.974290398
0.30113525,44.969925142,44.965555803
0.30119019,44.976622044,44.985153544
0.30124512,45.029811335,45.073602058
0.30130005,45.096551562,45.121557327
0.30135498,45.125428323,45.130150084
0.30140991,45.140575560,45.149416800
0.30146484,45.184155346,45.218977585
0.30151978,45.223362727,45.230613818
0.30157471,45.209595160,45.189964390
0.30162964,45.172237086,45.153118322
0.30168457,45.160006909,45.166813863
0.30173950,45.146869223,45.129301491
0.30179443,45.090276361,45.051922045
0.30184937,45.023799243,44.993486059
0.30190430,44.997573264,45.000836213
0.30195923,44.984407461,44.969755132
0.30201416,44.939009688,44.908520592
0.30206909,44.891398920,44.871875988
0.30212402,44.887866390,44.903001237
0.30217896,44.897875545,44.894608163
0.30223389,44.874051640,44.853878585
0.30228882,44.845595645,44.835042377
0.30234375,44.858759761,44.881722933
0.30239868,44.883608772,44.887385540
0.30245361,44.874093186,44.861128718
0.30250854,44.861073241,44.858620157
0.30256348,44.892135387,44.924725477
0.30261841,44.938150041,44.953274600
0.30267334,44.953405743,44.953695932
0.30272827,44.968271895,44.980374582
0.30278320,45.028499247,45.075781690
0.30283813,45.101914896,45.130019788
0.30289307,45.139215343,45.149035730
0.30294800,45.167095745,45.183328803
0.30300293,45.227934870,45.272467424
0.30305786,45.287343791,45.304973590
0.30311279,45.295889515,45.288106865
0.30316772,45.282353583,45.275256297
0.30322266,45.292855505,45.310608948
0.30327759,45.297891652,45.287863894
0.30333252,45.253554818,45.220207050
0.30338745,45.193799810,45.165507206
0.30344238,45.168474313,45.170948476
0.30349731,45.150003290,45.131076634
0.30355225,45.094857132,45.058979210
0.30360718,45.035944883,45.010528206
0.30366211,45.020743234,45.030129950
0.30371704,45.018614496,45.008935756
0.30377197,44.983137677,44.957626826
0.30382690,44.944820757,44.929684712
0.30388184,44.949142600,44.967901292
0.30393677,44.964054595,44.962203252
0.30399170,44.942611995,44.923458988
0.30404663,44.915478124,44.905300027
0.30410156,44.928487247,44.951081674
0.30415649,44.950114046,44.951199021
0.30421143,44.934365539,44.917960503
0.30426636,44.913179793,44.906124292
0.30432129,44.933685197,44.960501189
0.30437622,44.965798557,44.972896388
0.30443115,44.965443436,44.958050656
0.30448608,44.966747671,44.972702233
0.30454102,45.018689913,45.063403731
0.30459595,45.092296949,45.122454870
0.30465088,45.143525526,45.164209967
0.30470581,45.204661730,45.242157746
0.30476074,45.320109800,45.396953410
0.30481567,45.453604851,45.512161248
0.30487061,45.552056087,45.592705508
0.30492554,45.638304686,45.682524017
0.30498047,45.748677854,45.815544354
0.30503540,45.842556936,45.873235634
0.30509033,45.868330344,45.865540629
0.30514526,45.856722535,45.847205327
0.30520020,45.857146189,45.867639639
0.30525513,45.844957946,45.824941548
0.30531006,45.784328642,45.744181499
0.30536499,45.717957263,45.689091386
0.30541992,45.700399876,45.710443912
0.30547485,45.704261553,45.699420330
0.30552979,45.684100037,45.668662479
0.30558472,45.668446784,45.665833586
0.30563965,45.696249457,45.726364454
0.30569458,45.726722041,45.729825451
0.30574951,45.706396914,45.684341267
0.30580444,45.662513484,45.639532001
0.30585937,45.638949665,45.638814335
0.30591431,45.604471796,45.572997208
0.30596924,45.517479355,45.462852947
0.30602417,45.416518817,45.368106796
0.30607910,45.353654433,45.338507984
0.30613403,45.301557129,45.266332751
0.30618896,45.218457330,45.170507825
0.30624390,45.139439026,45.105622248
0.30629883,45.110916177,45.115178280
0.30635376,45.099289407,45.085077341
0.30640869,45.057395719,45.029798479
0.30646362,45.016440691,45.000625378
0.30651855,45.020402453,45.039498203
0.30657349,45.034609604,45.031739478
0.30662842,45.012109465,44.992854227
0.30668335,44.985087536,44.975096684
0.30673828,44.998600192,45.021604027
0.30679321,45.018961012,45.018463942
0.30684814,45.000242241,44.982473140
0.30690308,44.975551796,44.966455333
0.30695801,44.990477322,45.014035475
0.30701294,45.011586389,45.011302802
0.30706787,44.993262819,44.975676471
0.30712280,44.968955141,44.960052469
0.30717773,44.984383637,45.008242769
0.30723267,45.006166642,45.006232633
0.30728760,44.988988828,44.972147718
0.30734253,44.966821337,44.959236133
0.30739746,44.985892852,45.011969400
0.30745239,45.013423712,45.016861751
0.30750732,45.005065853,44.993451562
0.30756226,44.995969750,44.995957265
0.30761719,45.033305581,45.069774056
0.30767212,45.084795708,45.101500195
0.30772705,45.106064669,45.110559264
0.30778198,45.131242121,45.149274316
0.30783691,45.204917562,45.259774735
0.30789185,45.290700843,45.323668406
0.30794678,45.339168126,45.355237674
0.30800171,45.379133911,45.401274734
0.30805664,45.450426291,45.499848728
0.30811157,45.513747890,45.530741979
0.30816650,45.519933178,45.510551997
0.30822144,45.501684883,45.491554199
0.30827637,45.505912534,45.520539196
0.30833130,45.502782142,45.487553238
0.30838623,45.453830149,45.420421956
0.30844116,45.402021419,45.380809498
0.30849609,45.402366918,45.422375035
0.30855103,45.429974662,45.438199505
0.30860596,45.447799780,45.455928812
0.30866089,45.496370455,45.532548922
0.30871582,45.624141272,45.713270635
0.30877075,45.795832973,45.878808117
0.30882568,45.960960726,46.042246717
0.30888062,46.144482245,46.243923067
0.30893555,46.378510877,46.512896194
0.30899048,46.612936726,46.716224758
0.30904541,46.786698882,46.859381610
0.30910034,46.920577577,46.981902073
0.30915527,47.049970692,47.120211342
0.30921021,47.135525093,47.155580966
0.30926514,47.133080008,47.113220330
0.30932007,47.083582672,47.053454231
0.30937500,47.042245136,47.031710332
0.30942993,46.986127174,46.943187198
0.30948486,46.882163790,46.821408547
0.30953979,46.776196296,46.728161227
0.30959473,46.722424506,46.715302840
0.30964966,46.692611838,46.670890716
0.30970459,46.646340466,46.620791101
0.30975952,46.621766038,46.619028113
0.30981445,46.665971920,46.710966940
0.30986938,46.744570321,46.778859350
0.30992432,46.811838679,46.843806375
0.30997925,46.900737515,46.954247549
0.31003418,47.052543168,47.149511835
0.31008911,47.226624991,47.305347017
0.31014404,47.371626131,47.438026211
0.31019897,47.516672705,47.593096320
0.31025391,47.701973870,47.810608580
0.31030884,47.889238548,47.970276009
0.31036377,48.032624665,48.095516952
0.31041870,48.168367954,48.239076369
0.31047363,48.343048452,48.446649846
0.31052856,48.522152349,48.599903772
0.31058350,48.660255338,48.721127200
0.31063843,48.790925678,48.858791422
0.31069336,48.956333446,49.053927218
0.31074829,49.118061111,49.184943575
0.31080322,49.229394519,49.274765373
0.31085815,49.325936694,49.375340837
0.31091309,49.454351057,49.533298262
0.31096802,49.581495236,49.632096622
0.31102295,49.664880517,49.698143875
0.31107788,49.741782170,49.783273737
0.31113281,49.857615647,49.931666815
0.31118774,49.976385476,50.023401113
0.31124268,50.053451899,50.083860481
0.31129761,50.126534844,50.166752350
0.31135254,50.244778587,50.321867440
0.31140747,50.378636862,50.436664624
0.31146240,50.490826225,50.544006578
0.31151733,50.624540486,50.701211918
0.31157227,50.829890181,50.956457507
0.31162720,51.072650754,51.189429847
0.31168213,51.305841244,51.421277348
0.31173706,51.559715206,51.695024727
0.31179199,51.870644207,52.045518539
0.31184692,52.192620281,52.342087347
0.31190186,52.471071568,52.601004533
0.31195679,52.733759954,52.865200719
0.31201172,53.019367108,53.174278359
0.31206665,53.288192602,53.405480777
0.31212158,53.494893325,53.585699720
0.31217651,53.677942404,53.768747406
0.31223145,53.886769476,54.004891732
0.31228638,54.091505408,54.180406740
0.31234131,54.255072095,54.329728791
0.31239624,54.421771786,54.510837583
0.31245117,54.643422802,54.774646170
0.31250610,54.888456797,55.003397601
0.31256104,55.113783926,55.223533799
0.31261597,55.353455490,55.480488743
0.31267090,55.645594236,55.810224271
0.31272583,55.943554142,56.079620867
0.31278076,56.190797361,56.303426976
0.31283569,56.412563795,56.521021079
0.31289063,56.645144317,56.770684962
0.31294556,56.848313527,56.929839961
0.31300049,56.979716363,57.031197452
0.31305542,57.083826967,57.134864343
0.31311035,57.216979162,57.298710857
0.31316528,57.355459540,57.413776216
0.31322021,57.466507696,57.518447483
0.31327515,57.595404009,57.668762840
0.31333008,57.790728617,57.911024562
0.31338501,58.014988715,58.120074212
0.31343994,58.219545568,58.318535869
0.31349487,58.435525010,58.549750461
0.31354980,58.701880482,58.853380755
0.31360474,58.977519858,59.103710326
0.31365967,59.216119186,59.328643353
0.31371460,59.455222660,59.579222151
0.31376953,59.741564032,59.903104555
0.31382446,60.040649551,60.179874586
0.31387939,60.309734384,60.439353961
0.31393433,60.585843458,60.729632536
0.31398926,60.911098497,61.092025844
0.31404419,61.243692818,61.397715286
0.31409912,61.533123661,61.669296394
0.31415405,61.810322895,61.949822389
0.31420898,62.114400218,62.279585911
0.31426392,62.404238510,62.532188341
0.31431885,62.633327782,62.735865927
0.31437378,62.838449754,62.939824102
0.31442871,63.064685034,63.190203199
0.31448364,63.275948717,63.364835494
0.31453857,63.429571520,63.495405691
0.31459351,63.565026686,63.633048645
0.31464844,63.729042766,63.825258579
0.31470337,63.886375510,63.950185235
0.31475830,63.994563544,64.039616228
0.31481323,64.092573057,64.143569625
0.31486816,64.225936093,64.308233723
0.31492310,64.358101521,64.410405934
0.31497803,64.446012894,64.482014787
0.31503296,64.529127067,64.573927747
0.31508789,64.654372407,64.734294686
0.31514282,64.787148178,64.841874027
0.31519775,64.886478117,64.930825584
0.31525269,64.993424213,65.053025891
0.31530762,65.155491257,65.256780776
0.31536255,65.337398491,65.419341190
0.31541748,65.496054094,65.572168867
0.31547241,65.668486410,65.761793521
0.31552734,65.895869553,66.029182454
0.31558228,66.134805784,66.242612222
0.31563721,66.333825713,66.425659447
0.31569214,66.523297615,66.619319373
0.31574707,66.741308934,66.863854379
0.31580200,66.946128987,67.031588831
0.31585693,67.092447423,67.154473316
0.31591187,67.219264090,67.282545181
0.31596680,67.372897683,67.463607529
0.31602173,67.517241278,67.573732755
0.31607666,67.609292173,67.645705142
0.31613159,67.687731141,67.728005132
0.31618652,67.797561460,67.867262584
0.31624146,67.902206873,67.939729716
0.31629639,67.959997653,67.980706242
0.31635132,68.012137654,68.041288107
0.31640625,68.105747183,68.169793996
0.31646118,68.204681613,68.241665045
0.31651611,68.265794158,68.290020478
0.31657104,68.327647167,68.362783647
0.31662598,68.434888031,68.506428293
0.31668091,68.550380891,68.596235628
0.31673584,68.631814738,68.667214322
0.31679077,68.719268769,68.768534465
0.31684570,68.857671735,68.946057548
0.31690063,69.007644849,69.071188186
0.31695557,69.122236164,69.173457259
0.31701050,69.235906288,69.296160349
0.31706543,69.389173378,69.482098836
0.31712036,69.541543464,69.603461332
0.31717529,69.649004037,69.694937916
0.31723022,69.751710728,69.806196287
0.31728516,69.895955473,69.985347117
0.31734009,70.044625536,70.106094329
0.31739502,70.153606845,70.201381339
0.31744995,70.260086522,70.316577691
0.31750488,70.406604498,70.496445230
0.31755981,70.554180893,70.614207431
0.31761475,70.660406688,70.706720776
0.31766968,70.767209658,70.825054356
0.31772461,70.922378871,71.018932404
0.31777954,71.089630022,71.162123314
0.31783447,71.224588773,71.287024442
0.31788940,71.362368436,71.435427673
0.31794434,71.541231648,71.647077627
0.31799927,71.716532019,71.788793090
0.31805420,71.840484538,71.893003559
0.31810913,71.951415916,72.007953045
0.31816406,72.096215518,72.184363837
0.31821899,72.240879821,72.299585830
0.31827393,72.346084275,72.392622079
0.31832886,72.453068891,72.511027074
0.31838379,72.605162595,72.698984316
0.31843872,72.760478572,72.824398877
0.31849365,72.871604547,72.919331287
0.31854858,72.975415082,73.029435038
0.31860352,73.116598333,73.203537989
0.31865845,73.259749358,73.318018379
0.31871338,73.366070140,73.413914361
0.31876831,73.479000065,73.541212313
0.31882324,73.644446867,73.746886718
0.31887817,73.822268732,73.899580265
0.31893311,73.965250860,74.031029809
0.31898804,74.108594020,74.183846782
0.31904297,74.293840060,74.403536458
0.31909790,74.482343452,74.563236843
0.31915283,74.633465919,74.703520714
0.31920776,74.790622267,74.874826936
0.31926270,75.000802989,75.125898492
0.31931763,75.225001090,75.325936073
0.31937256,75.416109897,75.506389966
0.31942749,75.607402492,75.706318725
0.31948242,75.836230456,75.966340000
0.31953735,76.058677185,76.153834825
0.31959229,76.229671191,76.306191973
0.31964722,76.390396127,76.472549785
0.31970215,76.588198973,76.703679117
0.31975708,76.786705362,76.872070744
0.31981201,76.942677817,77.013714284
0.31986694,77.092778905,77.169985759
0.31992188,77.275865897,77.382199874
0.31997681,77.447651142,77.516234948
0.32003174,77.562032780,77.608848467
0.32008667,77.659874969,77.709119497
0.32014160,77.789865676,77.870538828
0.32019653,77.918976582,77.969608571
0.32025146,78.008498527,78.047481173
0.32030640,78.098547927,78.147418796
0.32036133,78.227741236,78.308445684
0.32041626,78.346483239,78.388095915
0.32047119,78.398746513,78.411523653
0.32052612,78.412742105,78.413950505
0.32058105,78.424740896,78.437709005
0.32063599,78.392925973,78.352757711
0.32069092,78.275652698,78.200940185
0.32074585,78.115455366,78.029829642
0.32080078,77.955473887,77.883438656
0.32085571,77.747914971,77.618199363
0.32091064,77.430483284,77.248094738
0.32096558,77.012161317,76.781222914
0.32102051,76.494116596,76.216823238
0.32107544,75.783913181,75.366529338
0.32113037,74.777315984,74.205026275
0.32118530,73.448148632,72.709218732
0.32124023,71.772530101,70.859238550
0.32129517,69.647033759,68.463567533
0.32135010,66.975825425,65.516514631
0.32140503,63.766757658,62.043116858
0.32145996,60.061180891,58.105691091
0.32151489,55.854554621,53.628473217
0.32156982,51.180000679,48.748511504
0.32162476,46.192971848,43.644262198
0.32167969,41.082660753,38.521462293
0.32173462,35.970719925,33.414415192
0.32178955,30.974199515,28.518746944
0.32184448,26.275750333,24.009002649
0.32189941,22.030483628,20.026349063
0.32195435,18.271235706,16.491220825
0.32200928,14.987102776,13.456126528
0.32206421,12.214164930,10.944477529
0.32211914,9.963251694,8.959080595
0.32217407,8.142551691,7.308833752
0.32222900,6.647186257,5.969613250
0.32228394,5.453771478,4.922642503
0.32233887,4.545924499,4.158810961
0.32239380,3.830703886,3.497091494
0.32244873,3.220240694,2.937729232
0.32250366,2.718309574,2.492250493
0.32255859,2.339210984,2.182849021
0.32261353,2.019749066,1.856816840
0.32266846,1.698424394,1.538875819
0.32272339,1.400979509,1.260013974
0.32277832,1.159272128,1.058039010
0.32283325,0.924006872,0.792375600
0.32288818,0.644949355,0.498099962
0.32294312,0.357277365,0.214686088
0.32299805,0.101024828,-0.012219472
0.32305298,-0.165670930,-0.316184316
0.32310791,-0.486018114,-0.655085566
0.32316284,-0.818270587,-0.983344289
0.32321777,-1.116563681,-1.249745966
0.32327271,-1.417882500,-1.583661066
0.32332764,-1.761707505,-1.939690918
0.32338257,-2.104043826,-2.271019591
0.32343750,-2.398530222,-2.526679117
0.32349243,-2.683342503,-2.838191077
0.32354736,-3.000530163,-3.163160236
0.32360229,-3.309728759,-3.459048320
0.32365723,-3.568871274,-3.679231406
0.32371216,-3.820456884,-3.959569939
0.32376709,-4.110214059,-4.260710023
0.32382202,-4.400401844,-4.542329642
0.32387695,-4.650320530,-4.758332749
0.32393188,-4.902406994,-5.043929370
0.32398682,-5.200877824,-5.357375375
0.32404175,-5.505361995,-5.655451313
0.32409668,-5.771929125,-5.888475212
0.32415161,-6.039599344,-6.188391283
0.32420654,-6.349337892,-6.510195433
0.32426147,-6.658122807,-6.808606804
0.32431641,-6.920326499,-7.032608012
0.32437134,-7.174260478,-7.314069805
0.32442627,-7.461014297,-7.608315288
0.32448120,-7.738426181,-7.871461843
0.32453613,-7.962358755,-8.054089002
0.32459106,-8.172961908,-8.290164143
0.32464600,-8.413203552,-8.536676419
0.32470093,-8.642732246,-8.751698623
0.32475586,-8.819130534,-8.887302851
0.32481079,-8.984020928,-9.078919520
0.32486572,-8.832241307,-8.934983765
0.32492065,-8.863857412,-8.956229017
0.32497559,-8.894068381,-8.973700928
0.32503052,-8.918161141,-9.015995360
0.32508545,-8.935859999,-9.035913293
0.32514038,-8.951326254,-9.042419072
0.32519531,-8.963108972,-9.059300403
0.32525024,-8.973841819,-9.060674999
0.32530518,-8.982582379,-9.074713630
0.32536011,-8.990563034,-9.077017602
0.32541504,-8.997460128,-9.087406884
0.32546997,-9.003688294,-9.091656907
0.32552490,-9.009301123,-9.098502542
0.32557983,-9.014280182,-9.104077923
0.32563477,-9.018908485,-9.107338780
0.32568970,-9.022957739,-9.113784126
0.32574463,-9.026807065,-9.114150036
0.32579956,-9.030132692,-9.121002603
0.32585449,-9.033363252,-9.118882309
0.32590942,-9.036138989,-9.126277483
0.32596436,-9.038857923,-9.122564707
0.32601929,-9.041192069,-9.129477555
0.32607422,-9.043497249,-9.124817035
0.32612915,-9.045474434,-9.131348809
0.32618408,-9.047451696,-9.125960709
0.32623901,-9.049144525,-9.132583734
0.32629395,-9.050863210,-9.126575060
0.32634888,-9.052325983,-9.133594133
0.32640381,-9.053836157,-9.126788445
0.32645874,-9.055113114,-9.134383522
0.32651367,-9.056454539,-9.126858254
0.32656860,-9.057582374,-9.135125930
0.32662354,-9.058787055,-9.127027962
0.32667847,-9.059794656,-9.135975161
0.32673340,-9.060887443,-9.127387155
0.32678833,-9.061796948,-9.136974275
0.32684326,-9.062793699,-9.127936589
0.32689819,-9.063619641,-9.137866210
0.32695313,-9.064532595,-9.128449680
0.32700806,-9.065286223,-9.138611676
0.32706299,-9.066126146,-9.128887803
0.32711792,-9.066817193,-9.139279561
0.32717285,-9.067593755,-9.129303329
0.32722778,-9.068230833,-9.139950698
0.32728271,-9.068952550,-9.129759676
0.32733765,-9.069543170,-9.140683687
0.32739258,-9.070217367,-9.130302622
0.32744751,-9.070767958,-9.141510976
0.32750244,-9.071400813,-9.130956571
0.32755737,-9.071916784,-9.142444581
0.32761230,-9.072513447,-9.131728988
0.32766724,-9.072999300,-9.143483057
0.32772217,-9.073564034,-9.132616076
0.32777710,-9.074023488,-9.144617143
0.32783203,-9.074559809,-9.133607480
0.32788696,-9.074995932,-9.145833710
0.32794189,-9.075506745,-9.134689617
0.32799683,-9.075922061,-9.147118287
0.32805176,-9.076409775,-9.135847852
0.32810669,-9.076806372,-9.148456569
0.32816162,-9.077272996,-9.137067809
0.32821655,-9.077652603,-9.149835255
0.32827148,-9.078099825,-9.138336099
0.32832642,-9.078463888,-9.151242436
0.32838135,-9.078893140,-9.139640679
0.32843628,-9.079242874,-9.152667736
0.32849121,-9.079655381,-9.140970973
0.32854614,-9.079991818,-9.154102291
0.32860107,-9.080388642,-9.142317855
0.32865601,-9.080712666,-9.155538649
0.32871094,-9.081094737,-9.143673565
0.32876587,-9.081407114,-9.156970630
0.32882080,-9.081775253,-9.145031577
0.32887573,-9.082076652,-9.158393174
0.32893066,-9.082431594,-9.146386464
0.32898560,-9.082722610,-9.159802192
0.32904053,-9.083065018,-9.147733754
0.32909546,-9.083346179,-9.161194422
0.32915039,-9.083676659,-9.149069803
0.32920532,-9.083948443,-9.162567306
0.32926025,-9.084267548,-9.150391675
0.32931519,-9.084530391,-9.163918876
0.32937012,-9.084838636,-9.151697031
0.32942505,-9.085092936,-9.165247657
0.32947998,-9.085390798,-9.152984042
0.32953491,-9.085636925,-9.166552583
0.32958984,-9.085924851,-9.154251305
0.32964478,-9.086163149,-9.167832928
0.32969971,-9.086441559,-9.155497770
0.32975464,-9.086672347,-9.169088241
0.32980957,-9.086941637,-9.156722689
0.32986450,-9.087165219,-9.170318299
0.32991943,-9.087425763,-9.157925556
0.32997437,-9.087642424,-9.171523064
0.33002930,-9.087894576,-9.159106071
0.33008423,-9.088104586,-9.172702643
0.33013916,-9.088348684,-9.160264100
0.33019409,-9.088552298,-9.173857261
0.33024902,-9.088788663,-9.161399646
0.33030396,-9.088986126,-9.174987236
0.33035889,-9.089215063,-9.162512823
0.33041382,-9.089406606,-9.176092953
0.33046875,-9.089628407,-9.163603835
0.33052368,-9.089814253,-9.177174850
0.33057861,-9.090029196,-9.164672957
0.33063354,-9.090209555,-9.178233403
0.33068848,-9.090417906,-9.165720521
0.33074341,-9.090592983,-9.179269108
0.33079834,-9.090794995,-9.166746902
0.33085327,-9.090964982,-9.180282474
0.33090820,-9.091160898,-9.167752505
0.33096313,-9.091325981,-9.181274010
0.33101807,-9.091516033,-9.168737754
0.33107300,-9.091676391,-9.182244214
0.33112793,-9.091860801,-9.169703079
0.33118286,-9.092016603,-9.183193562
0.33123779,-9.092195583,-9.170648901
0.33129272,-9.092346993,-9.184122488
0.33134766,-9.092520745,-9.171575607
0.33140259,-9.092667920,-9.185031369
0.33145752,-9.092836637,-9.172483531
0.33151245,-9.092979727,-9.185920484
0.33156738,-9.093143595,-9.173372907
0.33162231,-9.093282742,-9.186789984
0.33167725,-9.093441936,-9.174243821
0.33173218,-9.093577278,-9.187639819
0.33178711,-9.093731966,-9.175096130
0.33184204,-9.093863632,-9.188469669
0.33189697,-9.094013972,-9.175929373
0.33195190,-9.094142085,-9.189278809
0.33200684,-9.094288228,-9.176742625
0.33206177,-9.094412904,-9.190065949
0.33211670,-9.094554991,-9.177534299
0.33217163,-9.094676337,-9.190829037
0.33222656,-9.094814497,-9.178301820
0.33228149,-9.094932611,-9.191564851
0.33233643,-9.095066965,-9.179041181
0.33239136,-9.095181934,-9.192268497
0.33244629,-9.095312586,-9.179745895
0.33250122,-9.095424480,-9.192931890
0.33255615,-9.095551517,-9.180405728
0.33261108,-9.095660385,-9.193542269
0.33266602,-9.095783865,-9.181003040
0.33272095,-9.095889724,-9.194076779
0.33277588,-9.096009652,-9.181509502
0.33283081,-9.096112453,-9.194488471
0.33288574,-9.096228753,-9.181864280
0.33294067,-9.096328300,-9.194699357
0.33299561,-9.096440705,-9.181927442
0.33305054,-9.096536591,-9.194524890
0.33310547,-9.096644398,-9.181481430
0.33316040,-9.096735655,-9.193526442
0.33321533,-9.096837643,-9.179957554
0.33327026,-9.096922001,-9.191133309
0.33332520,-9.097015236,-9.176013175
0.33338013,-9.097089291,-9.185553412
0.33343506,-9.097167102,-9.168311186
0.33348999,-9.097222122,-9.172828632
0.33354492,-9.097276268,-9.151273396
0.33359985,-9.097292560,-9.150871711
0.33365479,-9.097296655,-9.113504681
0.33370972,-9.097254111,-9.101334416
0.33376465,-9.096971050,-9.054705274
0.33381958,-9.096856709,-8.822430413
0.33387451,-9.096415728,-8.988799517
0.33392944,-9.096180908,-8.697543440
0.33398438,-9.095602755,-8.893373936
0.33403931,-9.095118830,-8.624445934
0.33409424,-9.094217306,-8.727521366
0.33414917,-9.093005218,-8.468124661
0.33420410,-9.091499113,-8.353063514
0.33425903,-9.088954721,-8.302904125
0.33431396,-9.083614362,-8.005737012
0.33436890,-9.068620151,-7.470643134
0.33442383,-9.023706258,-6.717372389
0.33447876,-4.580437412,-2.442403771
0.33453369,-0.270794313,2.014620894
0.33458862,1.881485248,1.857168192
0.33464355,2.079861785,2.297722669
0.33469849,2.346448041,2.413952071
0.33475342,2.264666013,2.125732357
0.33480835,2.013934236,1.884742760
0.33486328,2.086336359,2.277876550
0.33491821,2.323267910,2.385090925
0.33497314,2.255384132,2.134722835
0.33502808,2.040165652,1.930124351
0.33508301,2.112419120,2.285956150
0.33513794,2.327600393,2.383955940
0.33519287,2.269996466,2.164018691
0.33524780,2.082543307,1.987246662
0.33530273,2.151502158,2.308128396
0.33535767,2.344531401,2.394190460
0.33541260,2.291884996,2.196646189
0.33546753,2.124455801,2.039848450
0.33552246,2.187220512,2.327904032
0.33557739,2.358393461,2.400868250
0.33563232,2.307576826,2.220538483
0.33568726,2.155443503,2.079109818
0.33574219,2.211504994,2.338002070
0.33579712,2.362840299,2.398570384
0.33585205,2.312563566,2.232115386
0.33590698,2.172442506,2.102558535
0.33596191,2.221313722,2.334876304
0.33601685,2.353665933,2.382441386
0.33607178,2.301278894,2.225110820
0.33612671,2.168288058,2.102169607
0.33618164,2.207182696,2.307632712
0.33623657,2.319001861,2.339581714
0.33629150,2.260540389,2.185987012
0.33634644,2.129848601,2.065157466
0.33640137,2.157202087,2.245150489
0.33645630,2.249852206,2.262989169
0.33651123,2.186748555,2.114427276
0.33656616,2.061148687,1.999818316
0.33662109,2.084311518,2.164974111
0.33667603,2.168780412,2.180231557
0.33673096,2.112297826,2.047708393
0.33678589,2.003262762,1.951172259
0.33684082,2.035399400,2.116062552
0.33689575,2.124628554,2.140253799
0.33695068,2.083788330,2.030325860
0.33700562,1.995982062,1.954550369
0.33706055,2.038865623,2.120073181
0.33711548,2.130920748,2.148535239
0.33717041,2.098281480,2.050917490
0.33722534,2.020098593,1.982807483
0.33728027,2.061066036,2.136674092
0.33733521,2.143249748,2.156318058
0.33739014,2.105866676,2.058114307
0.33744507,2.025983041,1.987770118
0.33750000,2.058002399,2.125801507
0.33755493,2.127758935,2.135776243
0.33760986,2.086081435,2.038742821
0.33766479,2.007866520,1.971116155
0.33771973,2.037708066,2.101976677
0.33777466,2.103711964,2.111104268
0.33782959,2.065803182,2.022588476
0.33788452,1.995956666,1.963707756
0.33793945,2.029347140,2.092857357
0.33799438,2.095661570,2.103866792
0.33804932,2.062826793,2.023717822
0.33810425,2.000569836,1.972085523
0.33815918,2.036306136,2.098587381
0.33821411,2.101792508,2.110156171
0.33826904,2.072672694,2.036941742
0.33832397,2.017146521,1.992212233
0.33837891,2.055942092,2.117853416
0.33843384,2.122558239,2.132176087
0.33848877,2.099149560,2.067713390
0.33854370,2.052050981,2.031452020
0.33859863,2.095466523,2.157824850
0.33865356,2.163924130,2.174792481
0.33870850,2.145008614,2.116754608
0.33876343,2.103229143,2.085030144
0.33881836,2.147014169,2.207557301
0.33887329,2.212043616,2.221221568
0.33892822,2.191118715,2.162520723
0.33898315,2.147536561,2.128122152
0.33903809,2.184957178,2.240533911
0.33909302,2.240428449,2.244921589
0.33914795,2.211674641,2.179877950
0.33920288,2.161065187,2.138003455
0.33925781,2.188072514,2.237006239
0.33931274,2.231047019,2.229556627
0.33936768,2.192235223,2.156261201
0.33942261,2.133320909,2.106230261
0.33947754,2.150216045,2.193098779
0.33953247,2.182707404,2.176574694
0.33958740,2.137393411,2.099361526
0.33964233,2.075562495,2.047591236
0.33969727,2.090013058,2.131253523
0.33975220,2.121751589,2.116226083
0.33980713,2.081008307,2.046696640
0.33986206,2.028171938,2.005430355
0.33991699,2.052470041,2.098279104
0.33997192,2.095128314,2.095768563
0.34002686,2.068746677,2.042525993
0.34008179,2.032049309,2.017466711
0.34013672,2.070361467,2.122153151
0.34019165,2.124730587,2.131106340
0.34024658,2.109862132,2.089485792
0.34030151,2.083243729,2.073130008
0.34035645,2.127208908,2.180394063
0.34041138,2.183408807,2.190276215
0.34046631,2.169328921,2.149313452
0.34052124,2.142169546,2.131332258
0.34057617,2.182258473,2.232417248
0.34063110,2.232341361,2.236085403
0.34068604,2.212762738,2.190342878
0.34074097,2.180545542,2.167136286
0.34079590,2.214062298,2.260268908
0.34085083,2.256786261,2.257045605
0.34090576,2.231303675,2.206412443
0.34096069,2.194049146,2.178145231
0.34101562,2.221185586,2.263566109
0.34107056,2.256499028,2.253131933
0.34112549,2.224372242,2.196453035
0.34118042,2.180553209,2.161216902
0.34123535,2.199164309,2.236538245
0.34129028,2.224419400,2.215979017
0.34134521,2.182634591,2.150117723
0.34140015,2.129323207,2.105159203
0.34145508,2.137213408,2.168716798
0.34151001,2.151443605,2.137745086
0.34156494,2.100619966,2.064204552
0.34161987,2.040448850,2.013265948
0.34167480,2.042619495,2.071320902
0.34172974,2.053161845,2.038369600
0.34178467,2.002589202,1.967321189
0.34183960,1.946327906,1.921800357
0.34189453,1.954441317,1.986324374
0.34194946,1.972990550,1.962863157
0.34200439,1.933421026,1.904381897
0.34205933,1.890124284,1.872339859
0.34211426,1.911038307,1.949008594
0.34216919,1.941866325,1.937916927
0.34222412,1.914791790,1.892097539
0.34227905,1.883369048,1.871232843
0.34233398,1.913899012,1.955951345
0.34238892,1.952240268,1.951766931
0.34244385,1.931816468,1.912351760
0.34249878,1.905941721,1.896239045
0.34255371,1.939856355,1.982951732
0.34260864,1.979912332,1.980126349
0.34266357,1.960900486,1.942180955
0.34271851,1.935989471,1.926583181
0.34277344,1.969406336,2.011768131
0.34282837,2.007879327,2.007238861
0.34288330,1.987371903,1.968015303
0.34293823,1.960833729,1.950496474
0.34299316,1.991518566,2.032119906
0.34304810,2.026555397,2.024212399
0.34310303,2.003121435,1.982514062
0.34315796,1.974122856,1.962591629
0.34321289,2.002074668,2.041127685
0.34326782,2.034621256,2.031260420
0.34332275,2.010136954,1.989423714
0.34337769,1.981433181,1.970278076
0.34343262,2.010154687,2.049568318
0.34348755,2.044140284,2.041781787
0.34354248,2.022516275,2.003608699
0.34359741,1.997600406,1.988441143
0.34365234,2.029843551,2.070804397
0.34370728,2.066974980,2.066205378
0.34376221,2.048657236,2.031481595
0.34381714,2.026714453,2.018867339
0.34387207,2.060586244,2.101930087
0.34392700,2.098127965,2.097407013
0.34398193,2.079809122,2.062610741
0.34403687,2.057315158,2.049003510
0.34409180,2.089439043,2.129545887
0.34414673,2.124403091,2.122336514
0.34420166,2.103598914,2.085257594
0.34425659,2.078644985,2.069049089
0.34431152,2.107697534,2.146038682
0.34436646,2.139224159,2.135466902
0.34442139,2.115331395,2.095584504
0.34447632,2.087390873,2.076249913
0.34453125,2.112776237,2.149028579
0.34458618,2.140035255,2.134099923
0.34464111,2.111848434,2.089998925
0.34469604,2.079321222,2.065748269
0.34475098,2.099140410,2.132300632
0.34480591,2.120077160,2.110910637
0.34486084,2.085592254,2.060670443
0.34491577,2.046852227,2.030150839
0.34497070,2.060258594,2.090117038
0.34502563,2.075171782,2.063207294
0.34508057,2.036127717,2.009351549
0.34513550,1.994586947,1.976857669
0.34519043,2.006763762,2.036316425
0.34524536,2.022464435,2.011450304
0.34530029,1.986910950,1.962544278
0.34535522,1.951296211,1.937001138
0.34541016,1.970942329,2.004468763
0.34546509,1.995271800,1.988857109
0.34552002,1.969354782,1.950018044
0.34557495,1.943439577,1.933878676
0.34562988,1.971528234,2.008857739
0.34568481,2.002502791,1.999022882
0.34573975,1.981446807,1.964150557
0.34579468,1.958193189,1.949396622
0.34584961,1.986241927,2.022890445
0.34590454,2.014887862,2.009830258
0.34595947,1.990201392,1.970895341
0.34601440,1.962509934,1.951318830
0.34606934,1.985525483,2.019527648
0.34612427,2.009340128,2.002034279
0.34617920,1.981038629,1.960289056
0.34623413,1.951172925,1.939191611
0.34628906,1.973148348,2.006837254
0.34634399,1.997140789,1.990248243
0.34639893,1.970471527,1.950885965
0.34645386,1.943237826,1.932713344
0.34650879,1.968045481,2.003110441
0.34656372,1.994868839,1.989420699
0.34661865,1.971216389,1.953205585
0.34667358,1.946930521,1.937805783
0.34672852,1.974189398,2.010322365
0.34678345,2.003180935,1.998818484
0.34683838,1.981974680,1.965307024
0.34689331,1.960448654,1.952739391
0.34694824,1.990498441,2.027997762
0.34700317,2.022473169,2.019698731
0.34705811,2.004785131,1.990031516
0.34711304,1.987051696,1.981237567
0.34716797,2.020570937,2.059669188
0.34722290,2.055555666,2.054208807
0.34727783,2.040547761,2.027079426
0.34733276,2.024844512,2.019836142
0.34738770,2.059239764,2.098467067
0.34744263,2.094005305,2.092346987
0.34749756,2.078080125,2.064041983
0.34755249,2.060764390,2.054760399
0.34760742,2.092668365,2.130431782
0.34766235,2.124369250,2.121111685
0.34771729,2.105355495,2.089824532
0.34777222,2.085006500,2.077469607
0.34782715,2.113744203,2.149871594
0.34788208,2.142350760,2.137610774
0.34793701,2.120696286,2.103987557
0.34799194,2.098055737,2.089406339
0.34804688,2.124477392,2.159402659
0.34810181,2.150752480,2.144872994
0.34815674,2.126947472,2.109229578
0.34821167,2.102095367,2.092270935
0.34826660,2.125782385,2.159178676
0.34832153,2.148751678,2.141115236
0.34837646,2.121254812,2.101630548
0.34843140,2.092150862,2.080027362
0.34848633,2.110711759,2.141319943
0.34854126,2.127839741,2.117164265
0.34859619,2.094241664,2.071560054
0.34865112,2.058947375,2.043693101
0.34870605,2.071303047,2.098811759
0.34876099,2.082742879,2.069412051
0.34881592,2.044745267,2.020230977
0.34887085,2.006740640,1.990512443
0.34892578,2.018236743,2.045741775
0.34898071,2.031084436,2.019022342
0.34903564,1.997203178,1.975398575
0.34909058,1.965908591,1.953569842
0.34914551,1.986203158,2.018525100
0.34920044,2.009582519,2.003159881
0.34925537,1.987622264,1.972065272
0.34931030,1.968839405,1.962784874
0.34936523,2.001229884,2.039417515
0.34942017,2.035661333,2.034497005
0.34947510,2.023359324,2.012301735
0.34953003,2.012317272,2.009631216
0.34958496,2.050034700,2.090307366
0.34963989,2.087408565,2.087208026
0.34969482,2.076037715,2.065043397
0.34974976,2.064110746,2.060566320
0.34980469,2.099262531,2.137891933
0.34985962,2.132890209,2.130615143
0.34991455,2.117250512,2.104073406
0.34996948,2.100839783,2.095001760
0.35002441,2.131384239,2.167690735
0.35007935,2.160600429,2.156206063
0.35013428,2.141134167,2.126217805
0.35018921,2.121493621,2.114144132
0.35024414,2.149207791,2.184172212
0.35029907,2.176045126,2.170581147
0.35035400,2.154816679,2.139182063
0.35040894,2.133885738,2.125954595
0.35046387,2.160489682,2.194916585
0.35051880,2.186395223,2.180519546
0.35057373,2.164559779,2.148718642
0.35062866,2.143221115,2.135091468
0.35068359,2.169367799,2.203536945
0.35073853,2.194807652,2.188714505
0.35079346,2.172683984,2.156766375
0.35084839,2.151154153,2.142915664
0.35090332,2.177001627,2.210983087
0.35095825,2.202102619,2.195849693
0.35101318,2.179800526,2.163858699
0.35106812,2.158187307,2.149894914
0.35112305,2.183854541,2.217711739
0.35117798,2.208746681,2.202400431
0.35123291,2.186398429,2.170498271
0.35128784,2.164832571,2.156551276
0.35134277,2.190447043,2.224243206
0.35139771,2.215242502,2.208853668
0.35145264,2.192925299,2.177095938
0.35150757,2.171432583,2.163162620
0.35156250,2.196950274,2.230646476
0.35161743,2.221501287,2.214968883
0.35167236,2.198915418,2.182968701
0.35172729,2.176992047,2.168431417
0.35178223,2.201645956,2.234794767
0.35183716,2.224847334,2.217535549
0.35189209,2.200466858,2.183538362
0.35194702,2.176095921,2.166120444
0.35200195,2.197330184,2.228529391
0.35205688,2.216067475,2.206292130
0.35211182,2.186250414,2.166404765
0.35216675,2.155374453,2.141873843
0.35222168,2.168922968,2.196012984
0.35227661,2.179022262,2.164744717
0.35233154,2.140081901,2.115621555
0.35238647,2.099981810,2.081857327
0.35244141,2.104618749,2.127368452
0.35249634,2.106853364,2.088951531
0.35255127,2.061981745,2.035079595
0.35260620,2.018536238,1.999349343
0.35266113,2.022871353,2.046196421
0.35271606,2.028343082,2.012898101
0.35277100,1.990594464,1.968160740
0.35282593,1.957999167,1.945025847
0.35288086,1.976346700,2.007336146
0.35293579,1.998345163,1.991668570
0.35299072,1.978848844,1.965864876
0.35304565,1.965086441,1.961530436
0.35310059,2.001563002,2.041352846
0.35315552,2.039964627,2.041020336
0.35321045,2.034370396,2.027725612
0.35326538,2.031260091,2.032217837
0.35332031,2.074566382,2.116879526
0.35337524,2.115870576,2.117500963
0.35343018,2.109477696,2.101643452
0.35348511,2.102088156,2.100127088
0.35354004,2.137893462,2.175768872
0.35359497,2.168984307,2.164951543
0.35364990,2.150260824,2.135852043
0.35370483,2.128786352,2.119396780
0.35375977,2.148968547,2.178713479
0.35381470,2.163238179,2.150558481
0.35386963,2.126870302,2.103498798
0.35392456,2.087095834,2.068399294
0.35397949,2.088418614,2.108625041
0.35403442,2.083588589,2.061337019
0.35408936,2.028343629,1.995637292
0.35414429,1.970273190,1.942567632
0.35419922,1.954241670,1.966023018
0.35425415,1.933613542,1.903869115
0.35430908,1.864879933,1.826025379
0.35436401,1.796245393,1.763943045
0.35441895,1.773123768,1.782194121
0.35447388,1.749579525,1.719374208
0.35452881,1.682812091,1.646106171
0.35458374,1.621442912,1.593969878
0.35463867,1.611053520,1.627733315
0.35469360,1.605813188,1.586013226
0.35474854,1.562812167,1.539208826
0.35480347,1.530067425,1.517910824
0.35485840,1.552144572,1.585830026
0.35491333,1.582044782,1.580305745
0.35496826,1.575501046,1.570308549
0.35502319,1.578843058,1.584472175
0.35507813,1.634838924,1.684848890
0.35513306,1.694953774,1.707361770
0.35518799,1.713687396,1.719938233
0.35524292,1.736321329,1.750150325
0.35529785,1.804928438,1.859707155
0.35535278,1.870884662,1.884702156
0.35540771,1.889089837,1.893708807
0.35546265,1.905419921,1.914842908
0.35551758,1.962725398,2.010818780
0.35557251,2.013445161,2.018861181
0.35562744,2.013618209,2.008708451
0.35568237,2.010014928,2.009099911
0.35573730,2.046154178,2.083452798
0.35579224,2.075098796,2.069541063
0.35584717,2.053380927,2.037550427
0.35590210,2.027955860,2.016135062
0.35595703,2.042371550,2.068839436
0.35601196,2.049854015,2.033636635
0.35606689,2.007224419,1.981099530
0.35612183,1.961710955,1.940034344
0.35617676,1.957249802,1.974597576
0.35623169,1.947787430,1.923596795
0.35628662,1.891081505,1.858658560
0.35634155,1.835238685,1.809293492
0.35639648,1.824999714,1.840557825
0.35645142,1.815120726,1.791989617
0.35650635,1.763960761,1.735705078
0.35656128,1.719706270,1.700884898
0.35661621,1.726663368,1.752036398
0.35667114,1.738809240,1.727691246
0.35672607,1.713326160,1.698625062
0.35678101,1.696719598,1.691985835
0.35683594,1.731334434,1.770371032
0.35689087,1.769273559,1.770467823
0.35694580,1.766034114,1.761527718
0.35700073,1.766607164,1.769182483
0.35705566,1.812217133,1.855289152
0.35711060,1.854521840,1.856387145
0.35716553,1.849201686,1.842253994
0.35722046,1.841847775,1.839195495
0.35727539,1.874706273,1.910433746
0.35733032,1.900945893,1.894176414
0.35738525,1.878020909,1.862099280
0.35744019,1.853217532,1.842004426
0.35749512,1.870323238,1.898697385
0.35755005,1.883936760,1.871672262
0.35760498,1.852639764,1.833587490
0.35765991,1.824287611,1.812398848
0.35771484,1.842724460,1.872860989
0.35776978,1.862281839,1.853985640
0.35782471,1.840924212,1.827684665
0.35787964,1.825451263,1.820539334
0.35793457,1.858404456,1.896056927
0.35798950,1.892865254,1.891993685
0.35804443,1.885645617,1.879216114
0.35809937,1.882423271,1.883098967
0.35815430,1.924803679,1.966471925
0.35820923,1.965333119,1.966701656
0.35826416,1.960620785,1.954649507
0.35831909,1.956280958,1.955567237
0.35837402,1.994024055,2.032611047
0.35842896,2.026777666,2.023590615
0.35848389,2.011672207,1.999978928
0.35853882,1.994765073,1.987300597
0.35859375,2.018171317,2.049239828
0.35864868,2.035332658,2.024110144
0.35870361,2.003929899,1.983989961
0.35875854,1.970458751,1.954670391
0.35881348,1.977455451,2.000401373
0.35886841,1.978944792,1.960100043
0.35892334,1.933285480,1.906606573
0.35897827,1.887576042,1.866153844
0.35903320,1.884924720,1.903687497
0.35908813,1.880008623,1.858740311
0.35914307,1.831785852,1.804747939
0.35919800,1.787679813,1.767997121
0.35925293,1.790863236,1.813502075
0.35930786,1.795930466,1.780566026
0.35936279,1.761519425,1.742222044
0.35941772,1.734353654,1.723754039
0.35947266,1.756640845,1.789236727
0.35952759,1.781966837,1.776894757
0.35958252,1.767933227,1.758770739
0.35963745,1.760142448,1.758888582
0.35969238,1.799757283,1.840480703
0.35974731,1.839618798,1.841125263
0.35980225,1.836862882,1.832587241
0.35985718,1.836777212,1.838535623
0.35991211,1.880421929,1.922345907
0.35996704,1.920859354,1.921901995
0.36002197,1.915645102,1.909514399
0.36007690,1.910471901,1.909116953
0.36013184,1.946790161,1.984596011
0.36018677,1.978118494,1.974243344
0.36024170,1.962414355,1.950775238
0.36029663,1.945541175,1.938058460
0.36035156,1.968946181,2.000031456
0.36040649,1.986124138,1.974887906
0.36046143,1.954952153,1.935286813
0.36051636,1.921067873,1.904693798
0.36057129,1.925682736,1.946964954
0.36062622,1.922260920,1.900314526
0.36068115,1.868860652,1.837747703
0.36073608,1.811436812,1.783012837
0.36079102,1.791762392,1.800798070
0.36084595,1.764252230,1.730391937
0.36090088,1.688202212,1.646212504
0.36095581,1.610875632,1.573215043
0.36101074,1.575370955,1.577531899
0.36106567,1.537430581,1.499674389
0.36112061,1.457450953,1.415054518
0.36117554,1.383285240,1.348816049
0.36123047,1.358067731,1.366969663
0.36128540,1.337107274,1.309283344
0.36134033,1.279857152,1.250028363
0.36139526,1.232689427,1.212514879
0.36145020,1.236956074,1.261003933
0.36150513,1.246225986,1.233524835
0.36156006,1.218408905,1.202997634
0.36161499,1.198590685,1.191500996
0.36166992,1.227290004,1.262850775
0.36172485,1.257871597,1.255118387
0.36177979,1.248562422,1.241829768
0.36183472,1.245036813,1.245640681
0.36188965,1.288561584,1.331289296
0.36194458,1.333339900,1.337614365
0.36199951,1.338283032,1.338757399
0.36205444,1.349337905,1.357304085
0.36210938,1.407634220,1.457780781
0.36216431,1.466967328,1.478421413
0.36221924,1.485587699,1.492651039
0.36227417,1.508533829,1.521943868
0.36232910,1.575993356,1.630038953
0.36238403,1.641052598,1.654536543
0.36243896,1.661535231,1.668645127
0.36249390,1.682279006,1.693650001
0.36254883,1.743573901,1.793678577
0.36260376,1.798999178,1.806935401
0.36265869,1.807128536,1.807536390
0.36271362,1.813594578,1.817451123
0.36276855,1.859493071,1.901732120
0.36282349,1.899252596,1.899364206
0.36287842,1.892209034,1.885216545
0.36293335,1.884507123,1.881527745
0.36298828,1.917547400,1.953684065
0.36304321,1.945975487,1.940772896
0.36309814,1.929211294,1.917734210
0.36315308,1.913259518,1.906451078
0.36320801,1.939248410,1.972112525
0.36326294,1.961565025,1.953487707
0.36331787,1.939348978,1.925279636
0.36337280,1.918210018,1.908814338
0.36342773,1.938848294,1.968974117
0.36348267,1.955323720,1.944182559
0.36353760,1.926508610,1.908958948
0.36359253,1.897714205,1.884211605
0.36364746,1.909398373,1.934747998
0.36370239,1.915577074,1.898980188
0.36375732,1.875243969,1.851686882
0.36381226,1.833906889,1.813906514
0.36386719,1.832367246,1.850997430
0.36392212,1.825236666,1.802016678
0.36397705,1.772265846,1.742621293
0.36403198,1.719713288,1.694474005
0.36408691,1.709102598,1.723752325
0.36414185,1.695746858,1.670106007
0.36419678,1.639904156,1.609626194
0.36425171,1.587928075,1.563733352
0.36430664,1.580998308,1.598155842
0.36436157,1.573706745,1.551553022
0.36441650,1.525159226,1.498704665
0.36447144,1.480086689,1.459087507
0.36452637,1.477768347,1.496556718
0.36458130,1.470913931,1.447871639
0.36463623,1.416931970,1.386310928
0.36469116,1.359172980,1.330076814
0.36474609,1.336133926,1.342719046
0.36480103,1.300620801,1.261492465
0.36485596,1.211055191,1.161212026
0.36491089,1.112612907,1.062196536
0.36496582,1.046382636,1.031067280
0.36502075,0.968426214,0.908537513
0.36507568,0.840732070,0.773121805
0.36513062,0.711899241,0.648302220
0.36518555,0.625988359,0.603492800
0.36524048,0.541346186,0.481201436
0.36529541,0.421228253,0.360697333
0.36535034,0.314212032,0.264664326
0.36540527,0.263066860,0.260721646
0.36546021,0.223774581,0.188434085
0.36551514,0.156307778,0.123437760
0.36557007,0.105250487,0.084040507
0.36562500,0.109093843,0.133655248
0.36567993,0.119738699,0.107875401
0.36573486,0.093565929,0.079115564
0.36578979,0.072241181,0.063054878
0.36584473,0.092263221,0.121739319
0.36589966,0.104659843,0.090386171
0.36595459,0.065992962,0.042158769
0.36600952,0.018968310,-0.005926685
0.36606445,0.001877309,0.010429297
0.36611938,-0.031816886,-0.070923778
0.36617432,-0.122762191,-0.173856720
0.36622925,-0.225435394,-0.278676038
0.36628418,-0.298851286,-0.318368353
0.36633911,-0.387051197,-0.452797262
0.36639404,-0.528571201,-0.603887021
0.36644897,-0.676334356,-0.750784647
0.36650391,-0.788327698,-0.825587313
0.36655884,-0.907972562,-0.987808095
0.36661377,-1.073593670,-1.159297829
0.36666870,-1.238325458,-1.319707830
0.36672363,-1.360631391,-1.401595378
0.36677856,-1.484461931,-1.565076199
0.36683350,-1.648637392,-1.732394727
0.36688843,-1.806644030,-1.883531538
0.36694336,-1.916777238,-1.950408622
0.36699829,-2.021727325,-2.091286804
0.36705322,-2.157392103,-2.224448716
0.36710815,-2.272153446,-2.323637904
0.36716309,-2.316922891,-2.312164634
0.36721802,-2.326476469,-2.340782572
0.36727295,-2.334047032,-2.329397680
0.36732788,-2.301171833,-2.275840384
0.36738281,-2.218572620,-2.158929717
0.36743774,-2.186700431,-2.206496662
0.36749268,-2.305739988,-2.397612240
0.36754761,-2.561430985,-2.721277522
0.36760254,-2.891496248,-3.058840202
0.36765747,-3.274460093,-3.488927024
0.36771240,-3.674038798,-3.863288565
0.36776733,-3.991569144,-4.127413865
0.36782227,-4.168320129,-4.213851048
0.36787720,-4.261137909,-4.309114158
0.36793213,-4.340235002,-4.372667543
0.36798706,-4.393168311,-4.416222306
0.36804199,-4.400172143,-4.384093381
0.36809692,-4.409745056,-4.433342433
0.36815186,-4.455594238,-4.478547132
0.36820679,-4.485478579,-4.495755285
0.36826172,-4.453945206,-4.413338191
0.36831665,-4.401852607,-4.389271133
0.36837158,-4.368640651,-4.348855534
0.36842651,-4.318235725,-4.289592305
0.36848145,-4.234670951,-4.177334434
0.36853638,-4.201468541,-4.218713242
0.36859131,-4.297719447,-4.371281661
0.36864624,-4.493959680,-4.614640147
0.36870117,-4.728092631,-4.839608198
0.36875610,-4.999150884,-5.156632639
0.36881104,-5.305718565,-5.456391590
0.36886597,-5.579037251,-5.706363908
0.36892090,-5.765233401,-5.826967345
0.36897583,-5.899333147,-5.972235186
0.36903076,-6.021611762,-6.073157163
0.36908569,-6.101372915,-6.133067271
0.36914062,-6.118226211,-6.103678128
0.36919556,-6.132329088,-6.158456909
0.36925049,-6.192053327,-6.225444865
0.36930542,-6.252859605,-6.282880113
0.36936035,-6.265938746,-6.249820685
0.36941528,-6.265682833,-6.280060548
0.36947021,-6.291776249,-6.303862436
0.36952515,-6.308879205,-6.316217692
0.36958008,-6.284275654,-6.252249185
0.36963501,-6.263737298,-6.272679969
0.36968994,-6.289514313,-6.305851261
0.36974487,-6.322463596,-6.340856816
0.36979980,-6.323672445,-6.306172590
0.36985474,-6.333131614,-6.357519031
0.36990967,-6.389348229,-6.420708876
0.36996460,-6.452302961,-6.485592818
0.37001953,-6.485396305,-6.484537287
0.37007446,-6.533572084,-6.579449528
0.37012939,-6.639464524,-6.698595191
0.37018433,-6.759089808,-6.821769486
0.37023926,-6.838150560,-6.855765039
0.37029419,-6.895269104,-6.934514108
0.37034912,-6.955411238,-6.977947876
0.37040405,-6.983300278,-6.991394624
0.37045898,-6.962777996,-6.933217695
0.37051392,-6.963765718,-6.989789872
0.37056885,-7.049053130,-7.105446323
0.37062378,-7.185864075,-7.266419452
0.37067871,-7.320490254,-7.374268506
0.37073364,-7.461166319,-7.547280108
0.37078857,-7.613547947,-7.682222598
0.37084351,-7.717680082,-7.758064391
0.37089844,-7.730563646,-7.705628601
0.37095337,-7.697491942,-7.689127954
0.37100830,-7.667418379,-7.646802597
0.37106323,-7.615322736,-7.586176704
0.37111816,-7.522206982,-7.457248474
0.37117310,-7.451463271,-7.441104192
0.37122803,-7.466579037,-7.488524166
0.37128296,-7.546629652,-7.603335169
0.37133789,-7.654208847,-7.702753384
0.37139282,-7.806211991,-7.907171161
0.37144775,-8.001474394,-8.097508125
0.37150269,-8.160177117,-8.228256744
0.37155762,-8.217837013,-8.211068647
0.37161255,-8.209089938,-8.207793607
0.37166748,-8.186583902,-8.166850376
0.37172241,-8.135035405,-8.105691692
0.37177734,-8.039588631,-7.972901196
0.37183228,-7.958348844,-7.940108265
0.37188721,-7.945919905,-7.949308779
0.37194214,-7.977758256,-8.005550242
0.37199707,-8.023997875,-8.039879081
0.37205200,-8.120378842,-8.196932947
0.37210693,-8.288227400,-8.379076011
0.37216187,-8.460646966,-8.545671998
0.37221680,-8.568336082,-8.593557181
0.37227173,-8.629729928,-8.666171651
0.37232666,-8.685208169,-8.705318718
0.37238159,-8.719724727,-8.735759880
0.37243652,-8.726715007,-8.715871833
0.37249146,-8.770865655,-8.821068536
0.37254639,-8.903923832,-8.984108503
0.37260132,-9.084302795,-9.185247503
0.37265625,-8.831224818,-8.897151519
0.37271118,-8.868993011,-8.909353227
0.37276611,-8.889179572,-8.985977113
0.37282104,-8.910946980,-8.976233843
0.37287598,-8.925663885,-9.010866911
0.37293091,-8.938121709,-9.007100124
0.37298584,-8.951239474,-9.018836391
0.37304077,-8.961298443,-9.043909203
0.37309570,-8.971717834,-9.044908105
0.37315063,-8.979354217,-9.066356573
0.37320557,-8.987335001,-9.059880375
0.37326050,-8.993145936,-9.078579386
0.37331543,-8.999680997,-9.069199196
0.37337036,-9.004526868,-9.091420745
0.37342529,-9.009947798,-9.081303354
0.37348022,-9.013975273,-9.101951780
0.37353516,-9.018453206,-9.090215647
0.37359009,-9.021782193,-9.108946573
0.37364502,-9.025555926,-9.096060189
0.37369995,-9.028374104,-9.114983341
0.37375488,-9.031614087,-9.101486539
0.37380981,-9.034037733,-9.120540069
0.37386475,-9.036855341,-9.106357993
0.37391968,-9.038969768,-9.125523267
0.37397461,-9.039613609,-9.109047012
0.37402954,-9.040067431,-9.062032918
0.37408447,-9.040704201,-9.056428356
0.37413940,-9.041099049,-9.063506971
0.37419434,-9.041983719,-9.056085039
0.37424927,-9.042540827,-9.074725617
0.37430420,-9.043626225,-9.064324375
0.37435913,-9.044327602,-9.085644175
0.37441406,-9.045504490,-9.072924252
0.37446899,-9.046275046,-9.093614902
0.37452393,-9.047460964,-9.079396657
0.37457886,-9.048241142,-9.098917765
0.37463379,-9.049389643,-9.083781581
0.37468872,-9.050145181,-9.102372441
0.37474365,-9.051235327,-9.086677403
0.37479858,-9.051950249,-9.104682243
0.37485352,-9.052975603,-9.088624279
0.37490845,-9.053644643,-9.106320271
0.37496338,-9.054606073,-9.090001732
0.37501831,-9.055229573,-9.107578842
0.37507324,-9.056131219,-9.091054561
0.37512817,-9.056712154,-9.108632514
0.37518311,-9.057559322,-9.091934603
0.37523804,-9.058101686,-9.109583741
0.37529297,-9.058899824,-9.092733694
0.37534790,-9.059407797,-9.110491720
0.37540283,-9.060162018,-9.093505974
0.37545776,-9.060639565,-9.111389852
0.37551270,-9.061354471,-9.094282220
0.37556763,-9.061805176,-9.112296170
0.37562256,-9.062484812,-9.095078843
0.37567749,-9.062911825,-9.113219547
0.37573242,-9.063559704,-9.095903476
0.37578735,-9.063965750,-9.114163375
0.37584229,-9.064584901,-9.096758407
0.37589722,-9.064972313,-9.115127750
0.37595215,-9.065565345,-9.097642687
0.37600708,-9.065936108,-9.116110808
0.37606201,-9.066505260,-9.098553471
0.37611694,-9.066861059,-9.117109569
0.37617187,-9.067408260,-9.099486870
0.37622681,-9.067750519,-9.118120491
0.37628174,-9.068277431,-9.100438517
0.37633667,-9.068607355,-9.119139822
0.37639160,-9.069115417,-9.101403928
0.37644653,-9.069434029,-9.120163833
0.37650146,-9.069924492,-9.102378726
0.37655640,-9.070232657,-9.121188957
0.37661133,-9.070706614,-9.103358778
0.37666626,-9.071005071,-9.122211878
0.37672119,-9.071463482,-9.104340283
0.37677612,-9.071752862,-9.123229585
0.37683105,-9.072196578,-9.105319814
0.37688599,-9.072477424,-9.124239400
0.37694092,-9.072907202,-9.106294339
0.37699585,-9.073179984,-9.125238985
0.37705078,-9.073596502,-9.107261217
0.37710571,-9.073861631,-9.126226335
0.37716064,-9.074265505,-9.108218184
0.37721558,-9.074523341,-9.127199762
0.37727051,-9.074915129,-9.109163332
0.37732544,-9.075165994,-9.128157874
0.37738037,-9.075546209,-9.110095077
0.37743530,-9.075790390,-9.129099549
0.37749023,-9.076159504,-9.111012132
0.37754517,-9.076397261,-9.130023912
0.37760010,-9.076755715,-9.111913478
0.37765503,-9.076987286,-9.130930306
0.37770996,-9.077335489,-9.112798333
0.37776489,-9.077561092,-9.131818267
0.37781982,-9.077899430,-9.113666121
0.37787476,-9.078119270,-9.132687501
0.37792969,-9.078448105,-9.114516445
0.37798462,-9.078662372,-9.133537856
0.37803955,-9.078982049,-9.115349067
0.37809448,-9.079190921,-9.134369307
0.37814941,-9.079501766,-9.116163878
0.37820435,-9.079705408,-9.135181920
0.37825928,-9.080005386,-9.116957248
0.37831421,-9.079918171,-9.135250885
0.37836914,-9.070572891,-9.054373559
0.37842407,-7.123748739,-5.798388987
0.37847900,5.829221362,17.345356763
0.37853394,20.308709665,23.751074471
0.37858887,26.085369738,28.500134815
0.37864380,30.330828345,32.244211467
0.37869873,33.005299438,33.848930359
0.37875366,34.177203503,34.522263578
0.37880859,35.057587942,35.582265651
0.37886353,36.101724712,36.649068699
0.37891846,36.607890391,36.602752094
0.37897339,36.477507212,36.340090967
0.37902832,36.592732931,36.818850660
0.37908325,37.170868090,37.537411825
0.37913818,37.461329816,37.411446718
0.37919312,37.293397774,37.162162213
0.37924805,37.386744850,37.587407589
0.37930298,37.897901848,38.221143972
0.37935791,38.156707215,38.115159703
0.37941284,38.015023738,37.903370191
0.37946777,38.100909391,38.278195994
0.37952271,38.539005670,38.812151163
0.37957764,38.734176351,38.677081863
0.37963257,38.563435313,38.439854665
0.37968750,38.589481973,38.721135442
0.37974243,38.928907176,39.146829304
0.37979736,39.068785077,39.007580694
0.37985229,38.916196280,38.814161423
0.37990723,38.972503346,39.113657451
0.37996216,39.329870461,39.554403952
0.38001709,39.522995312,39.506059879
0.38007202,39.465181476,39.414724009
0.38012695,39.594543897,39.759610697
0.38018188,39.981240304,40.211091276
0.38023682,40.206513982,40.215374409
0.38029175,40.198102475,40.172636728
0.38034668,40.349865311,40.514408174
0.38040161,40.722212597,40.937775301
0.38045654,40.942909598,40.960044779
0.38051147,40.955144500,40.942690411
0.38056641,41.114706099,41.275363639
0.38062134,41.471634451,41.674984957
0.38067627,41.690411505,41.716554547
0.38073120,41.723058079,41.722795179
0.38078613,41.887167446,42.041872697
0.38084106,42.217922405,42.401332592
0.38089600,42.405431866,42.420287754
0.38095093,42.404124443,42.383158944
0.38100586,42.496363421,42.602460890
0.38106079,42.708509539,42.822577095
0.38111572,42.766357901,42.720096037
0.38117065,42.650531918,42.575410217
0.38122559,42.643533219,42.702865437
0.38128052,42.790588438,42.882491594
0.38133545,42.856548944,42.836458148
0.38139038,42.824339407,42.805057337
0.38144531,42.929120229,43.045132677
0.38150024,43.173154344,43.306830605
0.38155518,43.307414251,43.315989278
0.38161011,43.302009351,43.283849384
0.38166504,43.377967237,43.465963023
0.38171997,43.559444356,43.657603585
0.38177490,43.651527287,43.650642946
0.38182983,43.656548468,43.656060483
0.38188477,43.783695861,43.904288117
0.38193970,44.032769604,44.166100798
0.38199463,44.187331300,44.215778983
0.38204956,44.214130405,44.210335134
0.38210449,44.282070584,44.351305447
0.38215942,44.387763286,44.431479145
0.38221436,44.355714866,44.287047330
0.38226929,44.199943282,44.108821063
0.38232422,44.122654122,44.130331888
0.38237915,44.154311339,44.180139653
0.38243408,44.151160460,44.123709823
0.38248901,44.128300551,44.125086286
0.38254395,44.253676398,44.374520620
0.38259888,44.516294653,44.660252168
0.38265381,44.735362129,44.814720005
0.38270874,44.880474490,44.943721562
0.38276367,45.072109525,45.199108193
0.38281860,45.281216309,45.370859853
0.38287354,45.346891718,45.330717190
0.38292847,45.273033714,45.214598738
0.38298340,45.214490006,45.212594002
0.38303833,45.183198675,45.158721879
0.38309326,45.059229767,44.963881685
0.38314819,44.864691434,44.761478145
0.38320313,44.747009171,44.728098927
0.38325806,44.706665138,44.687836003
0.38331299,44.616914720,44.548516045
0.38336792,44.486288480,44.419529829
0.38342285,44.441544179,44.459236151
0.38347778,44.471936384,44.487302901
0.38353271,44.451674099,44.418706664
0.38358765,44.387450795,44.352251362
0.38364258,44.397844968,44.439805237
0.38369751,44.470670987,44.504504920
0.38375244,44.487252751,44.472817519
0.38380737,44.456639123,44.436951247
0.38386230,44.492368500,44.544613395
0.38391724,44.582142871,44.622729786
0.38397217,44.614105822,44.608259358
0.38402710,44.599357187,44.587171591
0.38408203,44.646614624,44.703153230
0.38413696,44.743139936,44.786138416
0.38419189,44.782810962,44.782125846
0.38424683,44.778072350,44.770866422
0.38430176,44.832791372,44.892002475
0.38435669,44.933422361,44.977779487
0.38441162,44.978680653,44.982084179
0.38446655,44.981939568,44.978751852
0.38452148,45.042524854,45.103747372
0.38457642,45.146160064,45.191431512
0.38463135,45.195969748,45.202875867
0.38468628,45.206101060,45.206382727
0.38474121,45.271608575,45.334441697
0.38479614,45.377380409,45.423123831
0.38485107,45.430405345,45.439948931
0.38490601,45.445574615,45.448338671
0.38496094,45.514576291,45.578490809
0.38501587,45.622827472,45.669730428
0.38507080,45.683080923,45.698235830
0.38512573,45.714233314,45.726852418
0.38518066,45.809311988,45.888656106
0.38523560,45.959202410,46.031015051
0.38529053,46.086055680,46.141339364
0.38534546,46.213259298,46.280453862
0.38540039,46.429488844,46.574554511
0.38545532,46.715963047,46.858574400
0.38551025,46.979270925,47.101482864
0.38556519,47.217109412,47.330927766
0.38562012,47.487371333,47.643938844
0.38567505,47.749890748,47.861353976
0.38572998,47.908055182,47.959907418
0.38578491,47.973104213,47.986697839
0.38583984,48.030805864,48.075118296
0.38589478,48.081582447,48.091292314
0.38594971,48.072831089,48.055474906
0.38600464,48.048645748,48.037359826
0.38605957,48.109265577,48.176587902
0.38611450,48.253013810,48.328812945
0.38616943,48.408919675,48.488150619
0.38622437,48.584434935,48.676873968
0.38627930,48.830605422,48.982896645
0.38633423,49.098352189,49.218155436
0.38638916,49.282890916,49.352575669
0.38644409,49.376702213,49.402469232
0.38649902,49.438559322,49.477075028
0.38655396,49.450973365,49.430653663
0.38660889,49.355288394,49.283946855
0.38666382,49.188155345,49.091384827
0.38671875,49.039794630,48.987054326
0.38677368,48.910176245,48.835257777
0.38682861,48.744617226,48.654644310
0.38688354,48.570458243,48.482854755
0.38693848,48.460503790,48.435461940
0.38699341,48.397889357,48.361412690
0.38704834,48.315169640,48.269305395
0.38710327,48.228849057,48.185175137
0.38715820,48.202699769,48.217969622
0.38721313,48.215598833,48.214765712
0.38726807,48.199994610,48.186048773
0.38732300,48.172245065,48.155731908
0.38737793,48.195052585,48.232586297
0.38743286,48.248167172,48.265606354
0.38748779,48.266758306,48.268984171
0.38754272,48.268454568,48.265489381
0.38759766,48.315557234,48.364059163
0.38765259,48.388924371,48.415711704
0.38770752,48.426668446,48.438649986
0.38776245,48.448521565,48.455837744
0.38781738,48.518267611,48.578801767
0.38787231,48.620918674,48.664253336
0.38792725,48.701697432,48.739094196
0.38798218,48.787234289,48.831468252
0.38803711,48.946541362,49.058154591
0.38809204,49.168460933,49.278432529
0.38814697,49.397459964,49.515433230
0.38820190,49.649185020,49.779185706
0.38825684,49.970211142,50.159455189
0.38831177,50.320404955,50.484251721
0.38836670,50.615012586,50.749213384
0.38842163,50.846405113,50.944892986
0.38847656,51.051712949,51.161286914
0.38853149,51.201512840,51.247674579
0.38858643,51.239976707,51.236770205
0.38864136,51.197230177,51.158055901
0.38869629,51.147761699,51.137605909
0.38875122,51.093657885,51.051853764
0.38880615,51.000804518,50.949914568
0.38886108,50.909072309,50.864241575
0.38891602,50.893110163,50.918001266
0.38897095,50.950275304,50.981016771
0.38902588,51.037729279,51.091739193
0.38908081,51.179368542,51.261459250
0.38913574,51.424484340,51.583728365
0.38919067,51.736955565,51.890886301
0.38924561,52.035162372,52.181039016
0.38930054,52.304230890,52.427750565
0.38935547,52.564872089,52.704520385
0.38941040,52.773970234,52.849481084
0.38946533,52.869136565,52.893625768
0.38952026,52.876554790,52.860224915
0.38957520,52.870639989,52.881048221
0.38963013,52.863742365,52.847542476
0.38968506,52.838374201,52.827769075
0.38973999,52.844362344,52.855462624
0.38979492,52.954177109,53.047938753
0.38984985,53.154691128,53.259895309
0.38990479,53.384259562,53.507436786
0.38995972,53.637601357,53.765358968
0.39001465,53.934206482,54.103115788
0.39006958,54.225793646,54.352376942
0.39012451,54.443938063,54.538643904
0.39017944,54.605836054,54.672669580
0.39023438,54.774747877,54.876267538
0.39028931,54.952471564,55.029919078
0.39034424,55.107912610,55.185805928
0.39039917,55.267731368,55.347082906
0.39045410,55.474618329,55.601415695
0.39050903,55.691664828,55.785039324
0.39056396,55.849507933,55.916923303
0.39061890,55.954131167,55.991517140
0.39067383,56.055232446,56.119263702
0.39072876,56.148790841,56.180173713
0.39078369,56.209082037,56.237854367
0.39083862,56.275177070,56.309143811
0.39089355,56.403818652,56.496354233
0.39094849,56.569439916,56.644052507
0.39100342,56.705786415,56.769310692
0.39105835,56.809991632,56.850587155
0.39111328,56.914843283,56.979990481
0.39116821,57.000801741,57.024466908
0.39122314,57.034580231,57.045503193
0.39127808,57.056669398,57.064951421
0.39133301,57.133083863,57.198806271
0.39138794,57.252229693,57.306302324
0.39144287,57.358784363,57.412171779
0.39149780,57.449320211,57.486190653
0.39155273,57.543086479,57.601755700
0.39160767,57.600142545,57.603318460
0.39166260,57.567569804,57.535246703
0.39171753,57.473665679,57.411756076
0.39177246,57.386565651,57.360485601
0.39182739,57.315098320,57.270091606
0.39188232,57.238065975,57.204755149
0.39193726,57.188055198,57.167467206
0.39199219,57.210325435,57.250887405
0.39204712,57.272380473,57.295421382
0.39210205,57.304207940,57.315360915
0.39215698,57.291717023,57.269796012
0.39221191,57.243788684,57.222206944
0.39226685,57.107776217,57.001769060
0.39232178,56.811617763,56.629988320
0.39237671,56.355632336,56.087710273
0.39243164,55.776680826,55.472807576
0.39248657,55.060010822,54.656121935
0.39254150,54.176234661,53.703113495
0.39259644,53.168091330,52.635648518
0.39265137,52.112146837,51.590020589
0.39270630,51.029972088,50.471398660
0.39276123,49.923075383,49.372925654
0.39281616,48.855513865,48.331645866
0.39287109,47.911399014,47.483919764
0.39292603,47.103234015,46.716783297
0.39298096,46.405701321,46.087757857
0.39303589,45.840488693,45.584407183
0.39309082,45.440852932,45.290344620
0.39314575,45.169721044,45.045766917
0.39320068,44.961525236,44.874297535
0.39325562,44.811366840,44.744147184
0.39331055,44.740920128,44.735182722
0.39336548,44.715126874,44.695603875
0.39342041,44.679654441,44.663792921
0.39347534,44.644612834,44.623419481
0.39353027,44.646765087,44.669155626
0.39358521,44.664600343,44.661553280
0.39364014,44.654616133,44.648350503
0.39369507,44.634207608,44.618401735
0.39375000,44.644491185,44.669822130
0.39380493,44.666827003,44.665432709
0.39385986,44.659623341,44.654538446
0.39391479,44.640987485,44.625828204
0.39396973,44.652015045,44.677488237
0.39402466,44.674265883,44.672665925
0.39407959,44.666567701,44.661215390
0.39413452,44.647012642,44.631240336
0.39418945,44.656389731,44.680859026
0.39424438,44.676375554,44.673525163
0.39429932,44.666211008,44.659651761
0.39435425,44.644003437,44.626809788
0.39440918,44.650273536,44.673075484
0.39446411,44.666826952,44.662207530
0.39451904,44.653307035,44.645155897
0.39457397,44.627835221,44.608978005
0.39462891,44.630680898,44.651724010
0.39468384,44.643794498,44.637473099
0.39473877,44.627237085,44.617726027
0.39479370,44.599179750,44.579084185
0.39484863,44.599690712,44.619616132
0.39490356,44.610898234,44.603743710
0.39495850,44.593288023,44.583509336
0.39501343,44.565076411,44.545058876
0.39506836,44.566109654,44.586438562
0.39512329,44.578631980,44.572329945
0.39517822,44.563451297,44.555193806
0.39523315,44.538710927,44.520606910
0.39528809,44.543906908,44.566451045
0.39534302,44.561246940,44.557504263
0.39539795,44.551691874,44.546468880
0.39545288,44.533153922,44.518212732
0.39550781,44.544639499,44.570314917
0.39556274,44.568186093,44.567520551
0.39561768,44.564786569,44.562659635
0.39567261,44.552040092,44.539840633
0.39572754,44.568427256,44.596318728
0.39578247,44.595811994,44.596820413
0.39583740,44.595254097,44.594357673
0.39589233,44.584134619,44.572415084
0.39594727,44.600563785,44.628100494
0.39600220,44.626426641,44.626334943
0.39605713,44.623076710,44.620552476
0.39611206,44.607941739,44.593904074
0.39616699,44.619048709,44.643636127
0.39622192,44.638577588,44.635127028
0.39627686,44.628416958,44.622452791
0.39633179,44.606248106,44.588625398
0.39638672,44.610171106,44.631149379
0.39644165,44.622739045,44.615897581
0.39649658,44.606370902,44.597540623
0.39655151,44.578931538,44.558858465
0.39660645,44.578466793,44.597452298
0.39666138,44.587716321,44.579476888
0.39671631,44.569402058,44.559953220
0.39677124,44.541339182,44.521205892
0.39682617,44.541299547,44.560716503
0.39688110,44.552005411,44.544729376
0.39693604,44.536307221,44.528458088
0.39699097,44.511848019,44.493684583
0.39704590,44.516057095,44.537721962
0.39710083,44.531607000,44.526888807
0.39715576,44.521473248,44.516599519
0.39721069,44.503154719,44.488141777
0.39726563,44.513783988,44.538704954
0.39732056,44.536020758,44.534711455
0.39737549,44.532982551,44.531780550
0.39743042,44.522025869,44.510705414
0.39748535,44.539968219,44.568515952
0.39754028,44.569404934,44.571670861
0.39759521,44.573516230,44.575902021
0.39765015,44.569430627,44.561428523
0.39770508,44.593570020,44.625039284
0.39776001,44.628390978,44.633161295
0.39781494,44.637082514,44.641597938
0.39786987,44.636535905,44.630016326
0.39792480,44.662820975,44.695029786
0.39797974,44.698344142,44.703145477
0.39803467,44.706436550,44.710392758
0.39808960,44.703935356,44.696099124
0.39814453,44.726779214,44.756933186
0.39819946,44.757556464,44.759716444
0.39825439,44.759966993,44.760923606
0.39830933,44.751008435,44.739753217
0.39836426,44.766674267,44.793091780
0.39841919,44.789868548,44.788180548
0.39847412,44.784734191,44.781982306
0.39852905,44.768451794,44.753568806
0.39858398,44.777041968,44.799987134
0.39863892,44.793642856,44.788791804
0.39869385,44.782715711,44.777289603
0.39874878,44.761478526,44.744277768
0.39880371,44.765824262,44.786802087
0.39885864,44.778962523,44.772566451
0.39891357,44.765512661,44.759064138
0.39896851,44.742588829,44.724692696
0.39902344,44.745837583,44.766384712
0.39907837,44.758435913,44.751897177
0.39913330,44.745072796,44.738828720
0.39918823,44.722694149,44.705129621
0.39924316,44.726657964,44.747583079
0.39929810,44.740078681,44.733975494
0.39935303,44.727697899,44.722000003
0.39940796,44.706298677,44.689181193
0.39946289,44.710978246,44.732187364
0.39951782,44.724830443,44.718883720
0.39957275,44.712706205,44.707121544
0.39962769,44.691304271,44.674093338
0.39968262,44.695557461,44.716452338
0.39973755,44.708639725,44.702244456
0.39979248,44.695610891,44.689576238
0.39984741,44.673184760,44.655410167
0.39990234,44.676220880,44.696465417
0.39995728,44.688041535,44.681024288
0.40001221,44.673956768,44.667475261
0.40006714,44.650715244,44.632563753
0.40012207,44.653100743,44.673057240
0.40017700,44.664553855,44.657431717
0.40023193,44.650582939,44.644295744
0.40028687,44.627911660,44.610119453
0.40034180,44.631186318,44.651653485
0.40039673,44.643901339,44.637503407
0.40045166,44.631702525,44.626439629
0.40050659,44.611242230,44.594622549
0.40056152,44.616998159,44.638758633
0.40061646,44.632494549,44.627562435
0.40067139,44.623495721,44.619948781
0.40072632,44.606571554,44.591763734
0.40078125,44.616021794,44.639656121
0.40083618,44.635380960,44.632424064
0.40089111,44.630499087,44.629086369
0.40094604,44.617822119,44.605132296
0.40100098,44.631421137,44.657094310
0.40105591,44.654777243,44.653785112
0.40111084,44.653756069,44.654255458
0.40116577,44.644617542,44.633585206
0.40122070,44.661158622,44.688151989
0.40127563,44.686781505,44.686770077
0.40133057,44.687371652,44.688542943
0.40138550,44.679049755,44.668213701
0.40144043,44.695430168,44.722115928
0.40149536,44.719964772,44.719212157
0.40155029,44.718719072,44.718832554
0.40160522,44.707861333,44.695583933
0.40166016,44.721020894,44.745951805
0.40171509,44.741884311,44.739221874
0.40177002,44.736852433,44.735087242
0.40182495,44.722256125,44.708112940
0.40187988,44.731800901,44.754965008
0.40193481,44.749402289,44.745212344
0.40198975,44.741724021,44.738805420
0.40204468,44.725132040,44.710117403
0.40209961,44.733237008,44.755802294
0.40215454,44.749980602,44.745498024
0.40220947,44.742075808,44.739197946
0.40226440,44.725725050,44.710899723
0.40231934,44.734278096,44.757096405
0.40237427,44.751578034,44.747393901
0.40242920,44.744312898,44.741780690
0.40248413,44.728505027,44.713893785
0.40253906,44.737279167,44.760122962
0.40259399,44.754453472,44.750132384
0.40264893,44.746790369,44.744014547
0.40270386,44.730247786,44.715169034
0.40275879,44.737842903,44.759994918
0.40281372,44.753471942,44.748308425
0.40286865,44.744053567,44.740375869
0.40292358,44.725543429,44.709413877
0.40297852,44.730893310,44.751860758
0.40303345,44.744098636,44.737696806
0.40308838,44.732240938,44.727362822
0.40314331,44.711276515,44.693897404
0.40319824,44.714095419,44.733780580
0.40325317,44.724795547,44.717160660
0.40330811,44.710626185,44.704658559
0.40336304,44.687554115,44.669149086
0.40341797,44.688418611,44.707162106
0.40347290,44.697423605,44.689013140
0.40352783,44.681979138,44.675489948
0.40358276,44.658046126,44.639284233
0.40363770,44.658385038,44.676939185
0.40369263,44.667262390,44.658886975
0.40374756,44.652193580,44.646021511
0.40380249,44.629074857,44.610794237
0.40385742,44.630530321,44.649703613
0.40391235,44.640834343,44.633246745
0.40396729,44.627561931,44.622383465
0.40402222,44.606516040,44.589307827
0.40407715,44.610174404,44.630470911
0.40413208,44.622824152,44.616447259
0.40418701,44.612118767,44.608287830
0.40424194,44.593801026,44.577970613
0.40429688,44.600243694,44.621941320
0.40435181,44.615786340,44.610889583
0.40440674,44.608193297,44.605984695
0.40446167,44.593169887,44.579007140
0.40451660,44.602990953,44.626393196
0.40457153,44.622032345,44.618919410
0.40462646,44.618129003,44.617820857
0.40468140,44.606888731,44.594612821
0.40473633,44.620410902,44.645634662
0.40479126,44.643014626,44.641650823
0.40484619,44.642505727,44.643861042
0.40490112,44.634301393,44.623429780
0.40495605,44.650248946,44.676531577
0.40501099,44.674557908,44.673880438
0.40506592,44.674986316,44.676641153
0.40512085,44.666786959,44.655679238
0.40517578,44.681629356,44.707101215
0.40523071,44.703732022,44.701711218
0.40528564,44.700964051,44.700816516
0.40534058,44.688606876,44.675193054
0.40539551,44.698365368,44.721097306
0.40545044,44.714680971,44.709634307
0.40550537,44.705732111,44.702440289
0.40556030,44.686998007,44.670354225
0.40561523,44.690343755,44.709880432
0.40567017,44.700500680,44.692461126
0.40572510,44.685960953,44.680033874
0.40578003,44.662346724,44.643418352
0.40583496,44.661574066,44.679230179
0.40588989,44.668507865,44.659071894
0.40594482,44.651765415,44.644981007
0.40599976,44.626909813,44.607554493
0.40605469,44.625708160,44.643322162
0.40610962,44.632972815,44.623871130
0.40616455,44.617286852,44.611195289
0.40621948,44.594033125,44.575569881
0.40627441,44.594750401,44.613379352
0.40632935,44.604158526,44.596175089
0.40638428,44.590803455,44.585922016
0.40643921,44.569919034,44.552621896
0.40649414,44.572872768,44.592580288
0.40654907,44.584363739,44.577390278
0.40660400,44.572979806,44.569068668
0.40665894,44.553887534,44.537426705
0.40671387,44.558360918,44.578763986
0.40676880,44.571144997,44.564775917
0.40682373,44.560923385,44.557578177
0.40687866,44.542838000,44.526829773
0.40693359,44.548100236,44.568847979
0.40698853,44.561518879,44.555442328
0.40704346,44.551880613,44.548829929
0.40709839,44.534304365,44.518518230
0.40715332,44.539936486,44.560836644
0.40720825,44.553642539,44.547700290
0.40726318,44.544303445,44.541418359
0.40731812,44.527008547,44.511342869
0.40737305,44.532835325,44.553811673
0.40742798,44.546703492,44.540843859
0.40748291,44.537588190,44.534842124
0.40753784,44.520554634,44.505012559
0.40759277,44.526621824,44.547712878
0.40764771,44.540776477,44.535080406
0.40770264,44.532103699,44.529628462
0.40775757,44.515664937,44.500440908
0.40781250,44.522443919,44.543918246
0.40786743,44.537516497,44.532337451
0.40792236,44.530097393,44.528340366
0.40797729,44.515261027,44.500904403
0.40803223,44.523965663,44.546477025
0.40808716,44.541373150,44.537464574
0.40814209,44.536808546,44.536609215
0.40819702,44.525322368,44.512736557
0.40825195,44.537789254,44.562270262
0.40830688,44.559373612,44.557649901
0.40836182,44.559402999,44.561598170
0.40841675,44.552776531,44.542653429
0.40847168,44.570142701,44.597065651
0.40852661,44.596517053,44.597154063
0.40858154,44.601081026,44.605477423
0.40863647,44.598451807,44.590169539
0.40869141,44.618952900,44.647225675
0.40874634,44.647395805,44.648814687
0.40880127,44.652817337,44.657363819
0.40885620,44.649621886,44.640707959
0.40891113,44.667948085,44.694762470
0.40896606,44.692610519,44.691785687
0.40902100,44.692767775,44.694366919
0.40907593,44.682924364,44.670375472
0.40913086,44.693372830,44.715992385
0.40918579,44.709269868,44.703899230
0.40924072,44.700210730,44.697144578
0.40929565,44.681068793,44.663873559
0.40935059,44.682492020,44.700695408
0.40940552,44.690096776,44.680787929
0.40946045,44.673941569,44.667639052
0.40951538,44.649206147,44.629564310
0.40957031,44.646749034,44.663416239
0.40962524,44.652430766,44.642621797
0.40968018,44.636505653,44.630819279
0.40973511,44.614162432,44.596187823
0.40979004,44.616162258,44.635513356
0.40984497,44.628307366,44.622176175
0.40989990,44.620765515,44.619695446
0.40995483,44.608483253,44.595880836
0.41000977,44.621908094,44.647252288
0.41006470,44.646600773,44.646976563
0.41011963,44.652489636,44.658315026
0.41017456,44.654152945,44.648594686
0.41022949,44.681618889,44.713971669
0.41028442,44.720115015,44.727313766
0.41033936,44.739250744,44.751550835
0.41039429,44.753170924,44.753470517
0.41044922,44.791436789,44.828826317
0.41050415,44.838917731,44.850175418
0.41055908,44.864911664,44.880142008
0.41061401,44.883181861,44.885051672
0.41066895,44.922928727,44.960389850
0.41072388,44.968831309,44.978603815
0.41077881,44.990112043,45.002283271
0.41083374,45.000459999,44.997635518
0.41088867,45.029088938,45.060283134
0.41094360,45.060916772,45.063017532
0.41099854,45.065558830,45.068877690
0.41105347,45.057116752,45.044443851
0.41110840,45.065295321,45.085941483
0.41116333,45.075688661,45.066916621
0.41121826,45.058672913,45.051184223
0.41127319,45.029035206,45.005917815
0.41132812,45.017126823,45.028037223
0.41138306,45.009240504,44.991796672
0.41143799,44.976398782,44.961604322
0.41149292,44.933830614,44.904921637
0.41154785,44.912176265,44.918951921
0.41160278,44.897978859,44.878170366
0.41165771,44.862399829,44.847048697
0.41171265,44.820578505,44.792801323
0.41176758,44.802921426,44.812403107
0.41182251,44.795736155,44.780088980
0.41187744,44.769897363,44.760003271
0.41193237,44.740105391,44.718805265
0.41198730,44.736265050,44.753013658
0.41204224,44.744257651,44.736469911
0.41209717,44.734548964,44.732900512
0.41215210,44.721334669,44.708369530
0.41220703,44.733993553,44.758931748
0.41226196,44.757983611,44.758049218
0.41231689,44.763383840,44.769060878
0.41237183,44.763925069,44.757484763
0.41242676,44.788520420,44.818982900
0.41248169,44.822293123,44.826743190
0.41253662,44.835065307,44.843870768
0.41259155,44.840289116,44.835555638
0.41264648,44.866665387,44.897355547
0.41270142,44.899308106,44.902546844
0.41275635,44.908179079,44.914431850
0.41281128,44.906909416,44.898357955
0.41286621,44.924484789,44.950289077
0.41292114,44.946515317,44.944092201
0.41297607,44.943580360,44.943722388
0.41303101,44.929902462,44.915055820
0.41308594,44.935060916,44.954710538
0.41314087,44.945333954,44.937241320
0.41319580,44.931932295,44.927186863
0.41325073,44.909517910,44.890716999
0.41330566,44.907951133,44.924712891
0.41336060,44.913724518,44.903898752
0.41341553,44.898119631,44.892791867
0.41347046,44.875616034,44.857214480
0.41352539,44.875721652,44.893682562
0.41358032,44.884548608,44.876526004
0.41363525,44.872941639,44.869786898
0.41369019,44.854818122,44.838632650
0.41374512,44.859109032,44.879071507
0.41380005,44.871489303,44.865068056
0.41385498,44.862477053,44.860381334
0.41390991,44.845690055,44.829858410
0.41396484,44.849868595,44.869439850
0.41401978,44.860721748,44.853229784
0.41407471,44.848955026,44.845229639
0.41412964,44.828400240,44.810470207
0.41418457,44.828078395,44.845265060
0.41423950,44.834125757,44.824204659
0.41429443,44.817724431,44.811765206
0.41434937,44.793091253,44.773271097
0.41440430,44.789575683,44.805394297
0.41445923,44.793670226,44.783083546
0.41451416,44.776858591,44.771066783
0.41456909,44.753485002,44.734668546
0.41462402,44.752910391,44.770577434
0.41467896,44.761630797,44.753735567
0.41473389,44.751067000,44.748757303
0.41478882,44.735335683,44.720621924
0.41484375,44.743479970,44.765720905
0.41489868,44.761707210,44.758718549
0.41495361,44.761129325,44.763894605
0.41500854,44.755442729,44.745718486
0.41506348,44.773236660,44.800176903
0.41511841,44.800352154,44.801608597
0.41517334,44.807575856,44.813973459
0.41522827,44.808231488,44.801311403
0.41528320,44.830566482,44.859348245
0.41533813,44.860230639,44.862303571
0.41539307,44.867920921,44.874082461
0.41544800,44.866879192,44.858612500
0.41550293,44.885346491,44.911713055
0.41555786,44.909146134,44.907860533
0.41561279,44.909262018,44.911283486
0.41566772,44.899222977,44.886157705
0.41572266,44.907602568,44.928714557
0.41577759,44.920684860,44.913944220
0.41583252,44.909958865,44.906578781
0.41588745,44.889377408,44.871136620
0.41594238,44.887895147,44.904263950
0.41599731,44.892216316,44.881380307
0.41605225,44.874213037,44.867560966
0.41610718,44.848073152,44.827448367
0.41616211,44.842894172,44.857844560
0.41621704,44.845532820,44.834320967
0.41627197,44.827968737,44.822021275
0.41632690,44.804361131,44.785458688
0.41638184,44.803713008,44.821369223
0.41643677,44.812830842,44.805292387
0.41649170,44.803636978,44.802294570
0.41654663,44.790132578,44.776647093
0.41660156,44.801122983,44.824926961
0.41665649,44.823274195,44.822555022
0.41671143,44.828360508,44.834426234
0.41676636,44.830121616,44.824457874
0.41682129,44.857039078,44.888928155
0.41687622,44.895484617,44.902971276
0.41693115,44.916906114,44.931121477
0.41698608,44.934589876,44.936746574
0.41704102,44.976504763,45.015642446
0.41709595,45.028563863,45.042510140
0.41715088,45.061774286,45.081439623
0.41720581,45.088929840,45.095253505
0.41726074,45.137542799,45.179372638
0.41731567,45.193231086,45.208284360
0.41737061,45.226834917,45.245963075
0.41742554,45.251031489,45.255110351
0.41748047,45.293333128,45.331262787
0.41753540,45.339568096,45.349216213
0.41759033,45.360926365,45.373342691
0.41764526,45.370456271,45.366687091
0.41770020,45.396089989,45.425278751
0.41775513,45.424185543,45.424484947
0.41781006,45.426481677,45.429210824
0.41786499,45.416470408,45.402853889
0.41791992,45.422456743,45.441831859
0.41797485,45.431181199,45.421891703
0.41802979,45.414714082,45.408227097
0.41808472,45.386739714,45.364328155
0.41813965,45.375684757,45.386757114
0.41819458,45.368450230,45.351439353
0.41824951,45.337266467,45.323714717
0.41830444,45.295899325,45.267086874
0.41835938,45.272844269,45.278236623
0.41841431,45.255154214,45.233277544
0.41846924,45.215235292,45.197718608
0.41852417,45.166952031,45.135089594
0.41857910,45.138863735,45.142168407
0.41863403,45.118129045,45.095186520
0.41868896,45.077232165,45.059696952
0.41874390,45.029986050,44.999079843
0.41879883,45.004818055,45.009993643
0.41885376,44.988765550,44.968549196
0.41890869,44.954153272,44.940105798
0.41896362,44.914517729,44.887680839
0.41901855,44.897963294,44.907643441
0.41907349,44.891266103,44.875873088
0.41912842,44.866515146,44.857493172
0.41918335,44.836963965,44.815187565
0.41923828,44.830455314,44.845129991
0.41929321,44.833624876,44.823116849
0.41934814,44.818493608,44.814223599
0.41940308,44.798231164,44.781011729
0.41945801,44.800630916,44.819673884
0.41951294,44.812394978,44.806123687
0.41956787,44.805661771,44.805560046
0.41962280,44.793667924,44.780553004
0.41967773,44.804262704,44.827394144
0.41973267,44.824266899,44.822138911
0.41978760,44.825933383,44.830078927
0.41984253,44.822509908,44.813711528
0.41989746,44.841798686,44.869302098
0.41995239,44.870598853,44.872891626
0.42000732,44.881114762,44.889693815
0.42006226,44.886438023,44.881968359
0.42011719,44.914171895,44.945814522
0.42017212,44.950977676,44.957165298
0.42022705,44.968951064,44.981128808
0.42028198,44.981040909,44.979780937
0.42033691,45.014749349,45.049196479
0.42039185,45.056784996,45.065429373
0.42044678,45.079401539,45.093787332
0.42050171,45.095736885,45.096522332
0.42055664,45.133561133,45.170064918
0.42061157,45.179999140,45.190949868
0.42066650,45.207788359,45.224978525
0.42072144,45.230493182,45.234762082
0.42077637,45.276257258,45.317116798
0.42083130,45.332559838,45.348905794
0.42088623,45.372371635,45.396075749
0.42094116,45.409241293,45.421060075
0.42099609,45.471068804,45.520361388
0.42105103,45.544933676,45.570359196
0.42110596,45.603207340,45.636288505
0.42116089,45.658585833,45.679583933
0.42121582,45.737966369,45.795732854
0.42127075,45.827429783,45.860130921
0.42132568,45.898384347,45.937070838
0.42138062,45.962602617,45.987075496
0.42143555,46.046233914,46.105039492
0.42149048,46.134944067,46.166120867
0.42154541,46.200062927,46.234696217
0.42160034,46.253567671,46.271611088
0.42165527,46.322147152,46.372513131
0.42171021,46.392396679,46.413671687
0.42176514,46.436859602,46.460787846
0.42182007,46.468849906,46.476058668
0.42187500,46.516472849,46.556613751
0.42192993,46.567800154,46.580201217
0.42198486,46.596759653,46.613822013
0.42203979,46.617782084,46.620608569
0.42209473,46.659792215,46.698392694
0.42214966,46.711405249,46.725311898
0.42220459,46.746727390,46.768340102
0.42225952,46.779904180,46.790063658
0.42231445,46.839166515,46.887466639
0.42236938,46.912136509,46.937547917
0.42242432,46.971631033,47.005841919
0.42247925,47.030208693,47.053192466
0.42253418,47.114374373,47.174862258
0.42258911,47.210105039,47.246275198
0.42264404,47.288766537,47.331634222
0.42269897,47.361750508,47.390770072
0.42275391,47.454880801,47.518586195
0.42280884,47.554122902,47.590843807
0.42286377,47.631473968,47.672679603
0.42291870,47.699440812,47.725227690
0.42297363,47.785315599,47.845033508
0.42302856,47.876710827,47.909527662
0.42308350,47.947118976,47.985186067
0.42313843,48.010060600,48.033837657
0.42319336,48.093243637,48.152162755
0.42324829,48.184133036,48.217160455
0.42330322,48.255542711,48.294376174
0.42335815,48.319886425,48.344340883
0.42341309,48.403621985,48.462515506
0.42346802,48.493136148,48.524954617
0.42352295,48.560473222,48.596608044
0.42357788,48.617604354,48.637714684
0.42363281,48.690915313,48.743883732
0.42368774,48.767076362,48.791598649
0.42374268,48.818575607,48.846280539
0.42379761,48.857758834,48.868449598
0.42385254,48.911261094,48.953929105
0.42390747,48.965935140,48.979352127
0.42396240,48.994410915,49.010270863
0.42401733,49.009199885,49.007394848
0.42407227,49.037334196,49.067141258
0.42412720,49.066491797,49.067200176
0.42418213,49.070537992,49.074546088
0.42423706,49.063467820,49.051440864
0.42429199,49.073901500,49.095934656
0.42434692,49.091027829,49.087122982
0.42440186,49.089828466,49.092824004
0.42445679,49.084720418,49.075304545
0.42451172,49.103971001,49.131900001
0.42456665,49.135717555,49.140313324
0.42462158,49.153279940,49.166422867
0.42467651,49.168980988,49.170226864
0.42473145,49.208946402,49.247021981
0.42478638,49.259574461,49.273055523
0.42484131,49.293150496,49.313582997
0.42489624,49.321844814,49.328912845
0.42495117,49.372647261,49.415761696
0.42500610,49.433781726,49.452629388
0.42506104,49.479903097,49.507292505
0.42511597,49.525440265,49.542089628
0.42517090,49.598887967,49.654746918
0.42522583,49.688658743,49.723156455
0.42528076,49.767833607,49.812560685
0.42533569,49.847425031,49.880974112
0.42539063,49.951174945,50.020892033
0.42544556,50.062349559,50.105089757
0.42550049,50.149530380,50.194876674
0.42555542,50.220832252,50.246364669
0.42561035,50.299444014,50.352830335
0.42566528,50.370674739,50.390374583
0.42572021,50.407316597,50.425449542
0.42577515,50.422964369,50.420036531
0.42583008,50.446566565,50.473110146
0.42588501,50.468565287,50.465380059
0.42593994,50.465503707,50.466214290
0.42599487,50.452941683,50.438604671
0.42604980,50.460095183,50.481029474
0.42610474,50.476371191,50.472602400
0.42615967,50.476393123,50.480427056
0.42621460,50.473315281,50.464925492
0.42626953,50.493896326,50.522212542
0.42632446,50.525375013,50.529422955
0.42637939,50.540601809,50.552094106
0.42643433,50.551343094,50.549435639
0.42648926,50.583408332,50.616873042
0.42654419,50.623582694,50.631326904
0.42659912,50.644686383,50.658494521
0.42665405,50.658764594,50.657984294
0.42670898,50.692195393,50.725960624
0.42676392,50.732605960,50.740297123
0.42681885,50.753779275,50.767673767
0.42687378,50.768658532,50.768515230
0.42692871,50.804402715,50.839730451
0.42698364,50.849318938,50.859810848
0.42703857,50.877722651,50.895885335
0.42709351,50.902915454,50.908640614
0.42714844,50.952353202,50.995310114
0.42720337,51.014706486,51.034789455
0.42725830,51.064681747,51.094593305
0.42731323,51.115848896,51.135565808
0.42736816,51.195682852,51.254829316
0.42742310,51.292460859,51.330618786
0.42747803,51.379801319,51.428946476
0.42753296,51.469258901,51.508126944
0.42758789,51.585408145,51.661996551
0.42764282,51.713027690,51.765058780
0.42769775,51.822030555,51.879619850
0.42775269,51.920575555,51.960873734
0.42780762,52.030810379,52.100892654
0.42786255,52.136626500,52.174157665
0.42791748,52.208803645,52.244736832
0.42797241,52.257997434,52.271071660
0.42802734,52.310173086,52.349647415
0.42808228,52.353864512,52.359853556
0.42813721,52.364624120,52.370431447
0.42819214,52.357333725,52.343624255
0.42824707,52.361222101,52.378652654
0.42830200,52.366939894,52.356409004
0.42835693,52.350925062,52.345900076
0.42841187,52.327779469,52.308528399
0.42846680,52.325582521,52.342036331
0.42852173,52.333344136,52.325498971
0.42857666,52.325634321,52.325994558
0.42863159,52.315149856,52.303031851
0.42868652,52.328256078,52.352809046
0.42874146,52.352616350,52.353252270
0.42879639,52.361817156,52.370626430
0.42885132,52.367848817,52.363841357
0.42890625,52.396635808,52.428812177
0.42896118,52.435665114,52.443401196
0.42901611,52.458498574,52.473895169
0.42907104,52.477121144,52.479172090
0.42912598,52.517459620,52.555181771
0.42918091,52.567039840,52.579832983
0.42923584,52.599432429,52.619388170
0.42929077,52.626520550,52.632544073
0.42934570,52.674058676,52.715082702
0.42940063,52.729408167,52.744752616
0.42945557,52.765963896,52.787627201
0.42951050,52.795385795,52.802141764
0.42956543,52.843236027,52.883949190
0.42962036,52.896821383,52.910818221
0.42967529,52.929613640,52.948958545
0.42973022,52.953434988,52.956991581
0.42978516,52.994135760,53.030957831
0.42984009,53.039479240,53.049155863
0.42989502,53.063474906,53.078347889
0.42994995,53.078437853,53.077589602
0.43000488,53.110650466,53.143349517
0.43005981,53.148277772,53.154303956
0.43011475,53.165657378,53.177495795
0.43016968,53.175325089,53.172136370
0.43022461,53.203776182,53.234956862
0.43027954,53.239516393,53.245051163
0.43033447,53.257371265,53.270022402
0.43038940,53.270478592,53.269723695
0.43044434,53.306086270,53.341748077
0.43049927,53.353625695,53.366185388
0.43055420,53.388893424,53.411595802
0.43060913,53.425837914,53.438505091
0.43066406,53.492196954,53.544823102
0.43071899,53.577379645,53.610295399
0.43077393,53.656322453,53.702123582
0.43082886,53.740958836,53.778167139
0.43088379,53.855772578,53.932485762
0.43093872,53.985849585,54.040010685
0.43099365,54.101091155,54.162656033
0.43104858,54.208297025,54.253254346
0.43110352,54.327613147,54.402167762
0.43115845,54.441494281,54.482731087
0.43121338,54.519496633,54.557755795
0.43126831,54.570510051,54.583368125
0.43132324,54.618979146,54.655265741
0.43137817,54.653239896,54.653262043
0.43143311,54.649326334,54.646701094
0.43148804,54.622162936,54.597286184
0.43154297,54.601037433,54.604845482
0.43159790,54.577546707,54.551590770
0.43165283,54.529284314,54.507578453
0.43170776,54.471207543,54.433840310
0.43176270,54.431586360,54.428810644
0.43181763,54.400507426,54.373053743
0.43187256,54.353949687,54.335032819
0.43192749,54.305365495,54.274355239
0.43198242,54.281770048,54.288368907
0.43203735,54.272258814,54.256751602
0.43209229,54.251899970,54.247044081
0.43214722,54.233084455,54.217658144
0.43220215,54.241530488,54.264541615
0.43225708,54.264833443,54.265770228
0.43231201,54.276398379,54.287155299
0.43236694,54.286898115,54.285388260
0.43242188,54.320537165,54.355094809
0.43247681,54.363879506,54.373603628
0.43253174,54.389895231,54.406603825
0.43258667,54.409405330,54.411206628
0.43264160,54.447318493,54.483031022
0.43269653,54.491360393,54.500749078
0.43275146,54.515865979,54.531451544
0.43280640,54.532940867,54.533424943
0.43286133,54.568557635,54.603242902
0.43291626,54.611242936,54.620228075
0.43297119,54.635810005,54.651778276
0.43302612,54.654507738,54.656152423
0.43308105,54.693254885,54.729833911
0.43313599,54.740515474,54.752105409
0.43319092,54.771123313,54.790443254
0.43324585,54.797484586,54.803335792
0.43330078,54.845937584,54.887869901
0.43335571,54.905736690,54.924307918
0.43341064,54.952824193,54.981372179
0.43346558,55.000866870,55.018835590
0.43352051,55.077432205,55.134973624
0.43357544,55.172679494,55.210696897
0.43363037,55.262611307,55.314233591
0.43368530,55.359476748,55.403044536
0.43374023,55.487400316,55.570854602
0.43379517,55.630633732,55.691329838
0.43385010,55.756437176,55.822468884
0.43390503,55.865294989,55.908428037
0.43395996,55.966638767,56.026838549
0.43401489,56.027331146,56.032672193
0.43406982,55.994734231,55.962813443
0.43412476,55.847178841,55.738193566
0.43417969,55.570334096,55.412076200
0.43423462,55.107029402,54.815614490
0.43428955,54.382671657,53.965408776
0.43434448,53.359444760,52.770112475
0.43439941,52.017812125,51.284549671
0.43445435,50.312115875,49.361068816
0.43450928,48.200997834,47.061396025
0.43456421,45.704225321,44.364276448
0.43461914,42.882977839,41.416178186
0.43467407,39.789425682,38.174017114
0.43472900,36.486436562,34.804126615
0.43478394,33.090640001,31.375116537
0.43483887,29.738641203,28.095058770
0.43489380,26.525133822,24.944670565
0.43494873,23.516137233,22.072805856
0.43500366,20.792052408,19.492771412
0.43505859,18.420318856,17.329026449
0.43511353,16.404750372,15.463437671
0.43516846,14.712117380,13.944528988
0.43522339,13.328041589,12.695828284
0.43527832,12.239901172,11.771108655
0.43533325,11.392440208,11.004671681
0.43538818,10.716279523,10.420389914
0.43544312,10.182114619,9.936798513
0.43549805,9.779601145,9.617487489
0.43555298,9.467841691,9.315935318
0.43560791,9.198675275,9.079512768
0.43566284,8.966406727,8.850647329
0.43571777,8.783493116,8.714744524
0.43577271,8.629087619,8.543621482
0.43582764,8.471363713,8.398990597
0.43588257,8.317062336,8.233787840
0.43593750,8.187614703,8.140820110
0.43599243,8.068415550,7.996948754
0.43604736,7.931855872,7.867243801
0.43610229,7.787499274,7.706897122
0.43615723,7.658802233,7.610485085
0.43621216,7.532851920,7.456472725
0.43626709,7.383612767,7.311470245
0.43632202,7.222160011,7.132149588
0.43637695,7.073455834,7.014616963
0.43643188,6.926109090,6.838855931
0.43648682,6.755525448,6.672847080
0.43654175,6.574025003,6.474381734
0.43659668,6.407620680,6.340545065
0.43665161,6.245833695,6.152167142
0.43670654,6.064828623,5.977901563
0.43676147,5.877503622,5.776019418
0.43681641,5.710333191,5.644045207
0.43687134,5.553253989,5.463203198
0.43692627,5.382746411,5.302390380
0.43698120,5.211815621,5.119850523
0.43703613,5.066796468,5.012856973
0.43709106,4.937219159,4.862077451
0.43714600,4.798792440,4.735426971
0.43720093,4.663302200,4.589689225
0.43725586,4.555488102,4.520398546
0.43731079,4.463073169,4.406340427
0.43736572,4.359877930,4.313528330
0.43742065,4.255864088,4.196986322
0.43747559,4.174254408,4.150961817
0.43753052,4.101795924,4.053571032
0.43758545,4.011948162,3.970776559
0.43764038,3.914892142,3.858093190
0.43769531,3.834625152,3.810829751
0.43775024,3.759158322,3.708579274
0.43780518,3.663512367,3.618961744
0.43786011,3.559507953,3.499119535
0.43791504,3.472755668,3.445963008
0.43796997,3.392801889,3.340560540
0.43802490,3.296001976,3.251733723
0.43807983,3.195169563,3.137412336
0.43813477,3.116509161,3.094909238
0.43818970,3.049718142,3.005199153
0.43824463,2.970729934,2.936359985
0.43829956,2.891248672,2.844843579
0.43835449,2.835739010,2.825950883
0.43840942,2.791722345,2.758304850
0.43846436,2.732746848,2.707548937
0.43851929,2.668228091,2.627968857
0.43857422,2.620884948,2.613516406
0.43862915,2.577475584,2.542624357
0.43868408,2.512000725,2.482029892
0.43873901,2.435567206,2.388312808
0.43879395,2.373713454,2.358785173
0.43884888,2.316841973,2.275837200
0.43890381,2.242865176,2.210106792
0.43895874,2.166414505,2.121350582
0.43901367,2.115635850,2.108938577
0.43906860,2.082250897,2.055855257
0.43912354,2.043951234,2.031705215
0.43917847,2.013575028,1.993677301
0.43923340,2.016189858,2.037527118
0.43928833,2.039640042,2.042072972
0.43934326,2.057430509,2.072687665
0.43939819,2.078372788,2.082712963
0.43945312,2.124148583,2.164959746
0.43950806,2.180224793,2.196429619
0.43956299,2.218852499,2.241807859
0.43961792,2.248644765,2.254732490
0.43967285,2.292029377,2.329219168
0.43972778,2.335988368,2.344110890
0.43978271,2.354753451,2.366230124
0.43983765,2.359061488,2.351335878
0.43989258,2.373410868,2.395470053
0.43994751,2.386685056,2.379259743
0.44000244,2.374707545,2.370932735
0.44005737,2.349393571,2.327197886
0.44011230,2.336039911,2.344739016
0.44016724,2.324039891,2.304559704
0.44022217,2.289462260,2.275001543
0.44027710,2.244211884,2.212633872
0.44033203,2.213415177,2.213933166
0.44038696,2.186246332,2.159671319
0.44044189,2.138518557,2.117911950
0.44049683,2.081821856,2.044869918
0.44055176,2.040961249,2.036729694
0.44060669,2.004847998,1.974030903
0.44066162,1.949058656,1.924599686
0.44071655,1.884909599,1.844340264
0.44077148,1.836912860,1.829159618
0.44082642,1.793703391,1.759324987
0.44088135,1.730544500,1.702312642
0.44093628,1.658326893,1.613524541
0.44099121,1.601041840,1.588325466
0.44104614,1.546760285,1.506397729
0.44110107,1.470121149,1.434554916
0.44115601,1.381314515,1.327455362
0.44121094,1.303654018,1.279844097
0.44126587,1.224706393,1.171010209
0.44132080,1.118865358,1.067666587
0.44137573,0.996405657,0.924733965
0.44143066,0.881199799,0.837805557
0.44148560,0.761975552,0.687645348
0.44154053,0.614864353,0.542973949
0.44159546,0.452318509,0.361067136
0.44165039,0.300679488,0.240111868
0.44170532,0.151221031,0.063389165
0.44176025,-0.017662486,-0.098350485
0.44181519,-0.191931265,-0.286672455
0.44187012,-0.344585451,-0.403225587
0.44192505,-0.484737426,-0.565662907
0.44197998,-0.635460643,-0.705241509
0.44203491,-0.785137353,-0.866383295
0.44208984,-0.909755445,-0.953884397
0.44214478,-1.021444493,-1.088311167
0.44219971,-1.145830305,-1.203134250
0.44225464,-1.272964254,-1.343919552
0.44230957,-1.379263096,-1.415186404
0.44236450,-1.475882930,-1.535822680
0.44241943,-1.586245837,-1.636547839
0.44247437,-1.697395802,-1.759637473
0.44252930,-1.782448739,-1.806270247
0.44258423,-1.849526001,-1.892573050
0.44263916,-1.919886299,-1.947673194
0.44269409,-1.979766997,-2.013814752
0.44274902,-2.003017699,-1.993679484
0.44280396,-1.999946120,-2.006275942
0.44285889,-1.995213321,-1.984674556
0.44291382,-1.979283770,-1.975660334
0.44296875,-1.930490019,-1.886371600
0.44302368,-1.863286917,-1.839677464
0.44307861,-1.805721557,-1.771573799
0.44313354,-1.750622846,-1.730658552
0.44318848,-1.677493234,-1.624598958
0.44324341,-1.600735764,-1.575621691
0.44329834,-1.547318951,-1.518191417
0.44335327,-1.508277574,-1.498834611
0.44340820,-1.460876893,-1.422802655
0.44346313,-1.417088353,-1.409859296
0.44351807,-1.401548910,-1.392255028
0.44357300,-1.403319449,-1.414776815
0.44362793,-1.398155906,-1.381396058
0.44368286,-1.397002293,-1.411099495
0.44373779,-1.423989075,-1.435900821
0.44379272,-1.468200513,-1.500876555
0.44384766,-1.505828166,-1.510589260
0.44390259,-1.548486808,-1.584782681
0.44395752,-1.621086734,-1.656279650
0.44401245,-1.713472563,-1.770880023
0.44406738,-1.802352018,-1.833468515
0.44412231,-1.899367598,-1.963529532
0.44417725,-2.028833110,-2.092955398
0.44423218,-2.179313016,-2.265919426
0.44428711,-2.325493311,-2.384888515
0.44434204,-2.476281224,-2.566282550
0.44439697,-2.652773590,-2.738605003
0.44445190,-2.840205553,-2.942739709
0.44450684,-3.010196410,-3.078289215
0.44456177,-3.169240976,-3.259689107
0.44461670,-3.337127229,-3.414788967
0.44467163,-3.499261247,-3.585460624
0.44472656,-3.629048558,-3.673895401
0.44478149,-3.736296642,-3.798576718
0.44483643,-3.845409257,-3.892558229
0.44489136,-3.947312347,-4.003580175
0.44494629,-4.021207738,-4.039596208
0.44500122,-4.082256142,-4.124066731
0.44505615,-4.159154519,-4.193680511
0.44511108,-4.245579438,-4.298064137
0.44516602,-4.321568026,-4.344964324
0.44522095,-4.401052292,-4.455581235
0.44527588,-4.509636908,-4.562654644
0.44533081,-4.636517504,-4.710767240
0.44538574,-4.756455750,-4.802122804
0.44544067,-4.878001415,-4.952658793
0.44549561,-5.022048572,-5.090919018
0.44555054,-5.174450696,-5.258975367
0.44560547,-5.308406437,-5.358409933
0.44566040,-5.432792521,-5.506441062
0.44571533,-5.570605824,-5.634556177
0.44577026,-5.711203755,-5.788926016
0.44582520,-5.832025935,-5.875557249
0.44588013,-5.946144598,-6.015670341
0.44593506,-6.080038126,-6.143739938
0.44598999,-6.225339487,-6.307518677
0.44604492,-6.360229284,-6.412917841
0.44609985,-6.496918279,-6.579516381
0.44615479,-6.659698116,-6.739030991
0.44620972,-6.837184509,-6.935910874
0.44626465,-7.004218933,-7.072667645
0.44631958,-7.169821942,-7.265875846
0.44637451,-7.355686300,-7.445042399
0.44642944,-7.548718300,-7.653404876
0.44648437,-7.722978447,-7.793131626
0.44653931,-7.887500130,-7.981174104
0.44659424,-8.064630459,-8.147979633
0.44664917,-8.242404076,-8.338114434
0.44670410,-8.396249920,-8.455166640
0.44675903,-8.536597113,-8.617463976
0.44681396,-8.687132209,-8.756757445
0.44686890,-8.837149641,-8.918833403
0.44692383,-8.963177095,-9.008262529
0.44697876,-9.076487536,-9.144078200
0.44703369,-8.838933027,-8.896070951
0.44708862,-8.857982007,-8.926899208
0.44714355,-8.880997796,-8.929015504
0.44719849,-8.894852251,-8.963504702
0.44725342,-8.912603183,-8.960995623
0.44730835,-8.924125151,-8.996031625
0.44736328,-8.937385834,-8.991391884
0.44741821,-8.946500682,-9.017556389
0.44747314,-8.956599674,-9.012105566
0.44752808,-8.963837420,-9.033016041
0.44758301,-8.971847065,-9.027288070
0.44763794,-8.977739964,-9.045842372
0.44769287,-8.984333980,-9.039686981
0.44774780,-8.989248838,-9.057319489
0.44780273,-8.994825149,-9.050378900
0.44785767,-8.999001856,-9.067750464
0.44791260,-9.003799693,-9.059798714
0.44796753,-9.007390169,-9.077129276
0.44802246,-9.011558224,-9.067994934
0.44807739,-9.014663660,-9.085318265
0.44813232,-9.018299207,-9.074937590
0.44818726,-9.020983303,-9.092139773
0.44824219,-9.024148057,-9.080392601
0.44829712,-9.026448042,-9.097258279
0.44835205,-9.029174749,-9.083983347
0.44840698,-9.031094131,-9.100089476
0.44846191,-9.033362102,-9.084772231
0.44851685,-9.034744831,-9.098790930
0.44857178,-9.036193506,-9.077123534
0.44862671,-9.036960462,-9.081477336
0.44868164,-9.036583318,-9.060861779
0.44873657,-9.026821292,-9.014819569
0.44879150,-9.023046516,-8.750050128
0.44884644,-9.004580625,-8.915364933
0.44890137,-8.783326176,-8.438562877
0.44895630,-7.268266632,-6.164412173
0.44901123,-4.594075748,-2.986930280
0.44906616,-2.651508351,-2.247046363
0.44912109,-1.956580587,-1.661198427
0.44917603,-1.347799918,-1.036750090
0.44923096,-0.700574902,-0.360568741
0.44928589,-0.130453077,0.107807227
0.44934082,0.290316187,0.475573643
0.44939575,0.662739178,0.848777703
0.44945068,1.051700131,1.258370432
0.44950562,1.366300366,1.481128927
0.44956055,1.554808529,1.630404799
0.44961548,1.710408163,1.788819988
0.44967041,1.892271628,1.998107065
0.44972534,2.026329947,2.059449534
0.44978027,2.071629436,2.084427451
0.44983521,2.108058752,2.129434179
0.44989014,2.183869346,2.239528944
0.44994507,2.234244396,2.232355614
0.45000000,2.223645207,2.214785263
